{
  "parentCollectionID" : "b43d757eb019f6607ea99cf31d4f98fd0466720b",
  "parentCollectionPath" : "Mobile Media Library/English - Video/Videos for Children",
  "collectionType" : "assets",
  "path" : "Mobile Media Library/English - Video/Videos for Children/Book of Mormon Stories (Classic)",
  "collectionID" : "016f8f18ea000b2a1f455a00ecdf14c7581fe8fd",
  "language" : "eng",
  "type" : "DEFAULT",
  "lastUpdatedDate" : "2024-01-12T17:35:31.555-07:00",
  "links" : [ {
    "rel" : "details",
    "href" : "https://titanapi.churchofjesuschrist.org/assetsearch/api/v2/collection/details/collectionID/016f8f18ea000b2a1f455a00ecdf14c7581fe8fd"
  } ],
  "coverImages" : [ {
    "asset" : {
      "assetID" : "55b18157c8a42b5026b95819bebe1daae4883819"
    }
  } ],
  "related" : [ ],
  "metadata" : [ {
    "key" : "orderIndex",
    "value" : "6"
  }, {
    "key" : "channel",
    "value" : "mobile",
    "language" : "eng"
  }, {
    "key" : "description",
    "value" : "This abridged audio narrative, produced for children, offers chapter-by-chapter content of the Book of Mormon along with images of the prophets, people, and Christ’s appearance.",
    "language" : "eng"
  }, {
    "key" : "collectionUri",
    "value" : "primary-book-of-mormon-stories-classic",
    "language" : "eng"
  }, {
    "key" : "publicTitle",
    "value" : "Book of Mormon Stories (Classic)",
    "language" : "eng"
  } ],
  "children" : [ ],
  "assets" : [ {
    "asset" : {
      "assetID" : "0c4e0d0be45481ca39a4b860064ca4fc951c7402"
    },
    "index" : 26,
    "addedDate" : 1478727794005,
    "metadata" : [ ]
  }, {
    "asset" : {
      "assetID" : "0fad54f71f90d5a4e2e1478a159d5715114d321b"
    },
    "index" : 52,
    "addedDate" : 1478728133020,
    "metadata" : [ ]
  }, {
    "asset" : {
      "assetID" : "12547d789b771e5bcb527cf07310123a2d0660a6"
    },
    "index" : 35,
    "addedDate" : 1478727878044,
    "metadata" : [ ]
  }, {
    "asset" : {
      "assetID" : "1a808aaae25ea0a3b07ccd7f24859f22ca89d813"
    },
    "index" : 29,
    "addedDate" : 1478727879094,
    "metadata" : [ ]
  }, {
    "asset" : {
      "assetID" : "1f4609fb39c10bff2a348078763788e13312a92e"
    },
    "index" : 30,
    "addedDate" : 1478727879044,
    "metadata" : [ ]
  }, {
    "asset" : {
      "assetID" : "2c0761ed9f22aaf978c35960d6dcd8e5b1b995d3"
    },
    "index" : 24,
    "addedDate" : 1478727793005,
    "metadata" : [ ]
  }, {
    "asset" : {
      "assetID" : "2ef98aeb3c0580c92c0780c0396c1dbd4678aa75"
    },
    "index" : 22,
    "addedDate" : 1501104852023,
    "metadata" : [ ]
  }, {
    "asset" : {
      "assetID" : "308129232d467ffc92baac7551a8ed916bea6745"
    },
    "index" : 32,
    "addedDate" : 1478727877096,
    "metadata" : [ ]
  }, {
    "asset" : {
      "assetID" : "308af241b7cdf4780b8c20bb5fd06847f96d5a0a"
    },
    "index" : 9,
    "addedDate" : 1478727498018,
    "metadata" : [ ]
  }, {
    "asset" : {
      "assetID" : "336949567845d201e45ebe66668b419c1a86809f"
    },
    "index" : 53,
    "addedDate" : 1478728134078,
    "metadata" : [ ]
  }, {
    "asset" : {
      "assetID" : "3426b96e50a7583ebd460d428c9dea71e9c18423"
    },
    "index" : 49,
    "addedDate" : 1478728135030,
    "metadata" : [ ]
  }, {
    "asset" : {
      "assetID" : "3cab9d678b775761fcd938d13d8eab18148db175"
    },
    "index" : 28,
    "addedDate" : 1478727876047,
    "metadata" : [ ]
  }, {
    "asset" : {
      "assetID" : "3e74a5b85a5213057e8dc9e6cee046aae5633e05"
    },
    "index" : 21,
    "addedDate" : 1478727792000,
    "metadata" : [ ]
  }, {
    "asset" : {
      "assetID" : "48a30e2acc86099fdd6d003e7c528b9aac5bae6e"
    },
    "index" : 31,
    "addedDate" : 1478727878093,
    "metadata" : [ ]
  }, {
    "asset" : {
      "assetID" : "4e8d56338199ca398067aac0708a6b85c53f0d58"
    },
    "index" : 25,
    "addedDate" : 1478727794058,
    "metadata" : [ ]
  }, {
    "asset" : {
      "assetID" : "5a8f4dbf336b9bb791e22b5dd56a1f800d862873"
    },
    "index" : 46,
    "addedDate" : 1478728046019,
    "metadata" : [ ]
  }, {
    "asset" : {
      "assetID" : "643a52104612cf71bb5e66d4f58939d3650bf21a"
    },
    "index" : 36,
    "addedDate" : 1478728674005,
    "metadata" : [ ]
  }, {
    "asset" : {
      "assetID" : "65bdfd7d9cdc86e162c4111f7a0503b0b1dd253b"
    },
    "index" : 1,
    "addedDate" : 1478727396071,
    "metadata" : [ ]
  }, {
    "asset" : {
      "assetID" : "65d8d8771185e2c06b55fcde35afef900300198c"
    },
    "index" : 48,
    "addedDate" : 1478728133075,
    "metadata" : [ ]
  }, {
    "asset" : {
      "assetID" : "6fbc77e29f848021d640880fba10346d15cc9b7c"
    },
    "index" : 2,
    "addedDate" : 1481288833019,
    "metadata" : [ ]
  }, {
    "asset" : {
      "assetID" : "732d1d8ace8ab32b9603cca69ed726f51e64e042"
    },
    "index" : 0,
    "addedDate" : 1478727297099,
    "metadata" : [ ]
  }, {
    "asset" : {
      "assetID" : "7548c9f1bafc12b11c1f20737f458b377fc4d90f"
    },
    "index" : 7,
    "addedDate" : 1478727499017,
    "metadata" : [ ]
  }, {
    "asset" : {
      "assetID" : "77203c802a95f34bf7ac8fd107a602903a15bc9c"
    },
    "index" : 14,
    "addedDate" : 1478727698032,
    "metadata" : [ ]
  }, {
    "asset" : {
      "assetID" : "78f87c7733506c993e6bcee02a90275c9c431af5"
    },
    "index" : 34,
    "addedDate" : 1478727876096,
    "metadata" : [ ]
  }, {
    "asset" : {
      "assetID" : "8256a23abda571ad98f355373217f70b488a1d2d"
    },
    "index" : 33,
    "addedDate" : 1478727877046,
    "metadata" : [ ]
  }, {
    "asset" : {
      "assetID" : "890c21441fa6f97eed9bb1a93866d08a495ed1a4"
    },
    "index" : 15,
    "addedDate" : 1478727699080,
    "metadata" : [ ]
  }, {
    "asset" : {
      "assetID" : "94eda59bdae9f2da3f79c3195aaf18af4ff4a0fe"
    },
    "index" : 6,
    "addedDate" : 1478727499066,
    "metadata" : [ ]
  }, {
    "asset" : {
      "assetID" : "99b85a1c838780d9a525f60b4d3c1735fe7ca803"
    },
    "index" : 20,
    "addedDate" : 1478727791046,
    "metadata" : [ ]
  }, {
    "asset" : {
      "assetID" : "99f692574df4a70882efbd38e71c2aecc2e27f2a"
    },
    "index" : 41,
    "addedDate" : 1478728046071,
    "metadata" : [ ]
  }, {
    "asset" : {
      "assetID" : "a48c7d11b98febdf3ff1f505eb273fd3bce90a4d"
    },
    "index" : 18,
    "addedDate" : 1478727699032,
    "metadata" : [ ]
  }, {
    "asset" : {
      "assetID" : "a5d19cc6968cdfbcabd65395c7282faef5e86bb2"
    },
    "index" : 3,
    "addedDate" : 1478727396021,
    "metadata" : [ ]
  }, {
    "asset" : {
      "assetID" : "a7a44e820ca9421e6adef633c5edfa1cc6990305"
    },
    "index" : 23,
    "addedDate" : 1478727795011,
    "metadata" : [ ]
  }, {
    "asset" : {
      "assetID" : "a7eb67790436b8da0063222e2e459ebe4d9bddb5"
    },
    "index" : 17,
    "addedDate" : 1478727700029,
    "metadata" : [ ]
  }, {
    "asset" : {
      "assetID" : "a9359645d5e12403534bfd309fb04abdad7c8fe0"
    },
    "index" : 4,
    "addedDate" : 1478727397077,
    "metadata" : [ ]
  }, {
    "asset" : {
      "assetID" : "adb7e09ecd6ccddf1263b078bc77dfebe80895fb"
    },
    "index" : 37,
    "addedDate" : 1478728043062,
    "metadata" : [ ]
  }, {
    "asset" : {
      "assetID" : "b1c05931fca616f8f308fd8b9143ce862203d0bd"
    },
    "index" : 47,
    "addedDate" : 1478728044011,
    "metadata" : [ ]
  }, {
    "asset" : {
      "assetID" : "cd7ab7230ed17575c3409e6f3285764de51fea5a"
    },
    "index" : 40,
    "addedDate" : 1478728043010,
    "metadata" : [ ]
  }, {
    "asset" : {
      "assetID" : "d2511da7f84285fc7c1ac962b410db6ecd86f473"
    },
    "index" : 42,
    "addedDate" : 1505241132066,
    "metadata" : [ ]
  }, {
    "asset" : {
      "assetID" : "efd9467f38c44243defa251fa6a6d615c92b860a"
    },
    "index" : 16,
    "addedDate" : 1478727698081,
    "metadata" : [ ]
  }, {
    "asset" : {
      "assetID" : "de93384905cf01fffaf9223fccfb019cc7a1c5b8"
    },
    "index" : 43,
    "addedDate" : 1478728042050,
    "metadata" : [ ]
  }, {
    "asset" : {
      "assetID" : "fc10bb5a6ff52ec776e081a1efd6f9ea33023d6b"
    },
    "index" : 12,
    "addedDate" : 1478727697080,
    "metadata" : [ ]
  }, {
    "asset" : {
      "assetID" : "f5f439b7a4aa42dae9a6135d50a5be0032d42ec1"
    },
    "index" : 51,
    "addedDate" : 1478728135082,
    "metadata" : [ ]
  }, {
    "asset" : {
      "assetID" : "fec0d1f190500d7b04f761a2b8547ba25928fa2d"
    },
    "index" : 13,
    "addedDate" : 1478727700078,
    "metadata" : [ ]
  }, {
    "asset" : {
      "assetID" : "1ef7606cc28b3ed7d8261e046a877ee6aee5908d"
    },
    "index" : 38,
    "addedDate" : 1627502764671,
    "metadata" : [ ]
  }, {
    "asset" : {
      "assetID" : "11723612373f11eca0a3eeeeac1ed903397575cc"
    },
    "index" : 5,
    "addedDate" : 1651638278797,
    "metadata" : [ ]
  }, {
    "asset" : {
      "assetID" : "12e2dce4373f11ec8ef9eeeeac1e99aa3fc1038c"
    },
    "index" : 11,
    "addedDate" : 1635390925987,
    "metadata" : [ ]
  }, {
    "asset" : {
      "assetID" : "13f3fecb373f11eca29deeeeac1e03f9c9377ef4"
    },
    "index" : 19,
    "addedDate" : 1635391650875,
    "metadata" : [ ]
  }, {
    "asset" : {
      "assetID" : "141394e1373f11eca4deeeeeac1e54b6e99f3d26"
    },
    "index" : 27,
    "addedDate" : 1635391650953,
    "metadata" : [ ]
  }, {
    "asset" : {
      "assetID" : "15888178373f11ec8aafeeeeac1e5e36cbcabcdf"
    },
    "index" : 44,
    "addedDate" : 1635391651142,
    "metadata" : [ ]
  }, {
    "asset" : {
      "assetID" : "15fd637e373f11ec8193eeeeac1ebf62b1b1d101"
    },
    "index" : 45,
    "addedDate" : 1635391651220,
    "metadata" : [ ]
  }, {
    "asset" : {
      "assetID" : "168ea6d5373f11ecbc25eeeeac1e2962b830018a"
    },
    "index" : 50,
    "addedDate" : 1635391651313,
    "metadata" : [ ]
  }, {
    "asset" : {
      "assetID" : "15148a6b373f11ecac35eeeeac1e7c593e29f15d"
    },
    "index" : 39,
    "addedDate" : 1635391651048,
    "metadata" : [ ]
  }, {
    "asset" : {
      "assetID" : "2a4848b6374011ecbc25eeeeac1e296244ecc113"
    },
    "index" : 10,
    "addedDate" : 1635390899417,
    "metadata" : [ ]
  } ],
  "fileName" : "016f8f18ea000b2a1f455a00ecdf14c7581fe8fd.json",
  "name" : "Book of Mormon Stories (Classic)",
  "english" : true,
  "publicTitle" : "Book of Mormon Stories (Classic)",
  "description" : "This abridged audio narrative, produced for children, offers chapter-by-chapter content of the Book of Mormon along with images of the prophets, people, and Christ’s appearance.",
  "collectionUri" : "primary-book-of-mormon-stories-classic"
}