{
  "parentCollectionID" : "947da7183a51ff85dfdac16ddf289bb0ace2b6b8",
  "parentCollectionPath" : "Mobile Media Library/English - Video/Broadcasts",
  "collectionType" : "assets",
  "path" : "Mobile Media Library/English - Video/Broadcasts/Be One",
  "collectionID" : "031560a47585e2e24c43b30929f6ef5b1314c457",
  "language" : "eng",
  "type" : "DEFAULT",
  "lastUpdatedDate" : "2020-08-26T14:42:22.502-06:00",
  "links" : [ {
    "rel" : "details",
    "href" : "https://titanapi.churchofjesuschrist.org/assetsearch/api/v2/collection/details/collectionID/031560a47585e2e24c43b30929f6ef5b1314c457"
  } ],
  "coverImages" : [ {
    "asset" : {
      "assetID" : "1df71ee42158dded8d975bf470335e952f91f616"
    }
  } ],
  "related" : [ ],
  "metadata" : [ {
    "key" : "description",
    "value" : "The blessing of priesthood inclusion and greater unity of the faith following the 1978 revelation, as discussed by President Russell M. Nelson and President Dallin H. Oaks of the First Presidency.",
    "language" : "eng"
  }, {
    "key" : "collectionUri",
    "value" : "be-one",
    "language" : "eng"
  }, {
    "key" : "publicTitle",
    "value" : "Be One",
    "language" : "eng"
  }, {
    "key" : "orderIndex",
    "value" : "12"
  } ],
  "children" : [ ],
  "assets" : [ {
    "asset" : {
      "assetID" : "2fd7faca88ef7b5331ca25c2abec393aa120533c"
    },
    "addedDate" : 1528482280034,
    "metadata" : [ ]
  }, {
    "asset" : {
      "assetID" : "4a83a31b27e28b4d6e981862def066c563feda31"
    },
    "addedDate" : 1528482304049,
    "metadata" : [ ]
  }, {
    "asset" : {
      "assetID" : "b9c0d0bcab00657c10bbc32289ba0201a1d9c6ad"
    },
    "addedDate" : 1590723717690,
    "metadata" : [ ]
  } ],
  "fileName" : "031560a47585e2e24c43b30929f6ef5b1314c457.json",
  "name" : "Be One",
  "english" : true,
  "publicTitle" : "Be One",
  "description" : "The blessing of priesthood inclusion and greater unity of the faith following the 1978 revelation, as discussed by President Russell M. Nelson and President Dallin H. Oaks of the First Presidency.",
  "collectionUri" : "be-one"
}