{
  "sourceCollectionId" : "c2199b453b7e41a4aeff18aa3446722b",
  "parentCollectionID" : "22e3232e384c8650311b2940336759a89b8d6f8b",
  "parentCollectionPath" : "Mobile Media Library",
  "collectionType" : "collections",
  "path" : "Mobile Media Library/Ukrainian - Audio",
  "collectionID" : "039309720fec41908d6ff0499c43ddc8",
  "language" : "ukr",
  "type" : "DEFAULT",
  "lastUpdatedDate" : "2022-03-28T10:37:30.853-06:00",
  "links" : [ {
    "rel" : "details",
    "href" : "https://titanapi.churchofjesuschrist.org/assetsearch/api/v2/collection/details/collectionID/039309720fec41908d6ff0499c43ddc8"
  } ],
  "coverImages" : [ {
    "asset" : {
      "assetID" : "cff86be91539e8cfcf96d57e80f4427f722dce2c"
    }
  } ],
  "related" : [ ],
  "metadata" : [ {
    "key" : "collectionUri",
    "value" : "audio",
    "language" : "ukr"
  }, {
    "key" : "orderIndex",
    "value" : "111"
  } ],
  "children" : [ ],
  "assets" : [ ],
  "fileName" : "039309720fec41908d6ff0499c43ddc8.json",
  "name" : "Ukrainian - Audio",
  "english" : false,
  "collectionUri" : "audio"
}