{
  "parentCollectionID" : "bd59191796027fc53f46f5811862b4ff2baaa3b2",
  "parentCollectionPath" : "Mobile Media Library/English - Video/Topics",
  "collectionType" : "assets",
  "path" : "Mobile Media Library/English - Video/Topics/Obedience",
  "collectionID" : "03bf34b5be1cc2801197e4c221bfce12df27809b",
  "language" : "eng",
  "type" : "DEFAULT",
  "lastUpdatedDate" : "2022-03-31T11:56:03.212-06:00",
  "links" : [ {
    "rel" : "details",
    "href" : "https://titanapi.churchofjesuschrist.org/assetsearch/api/v2/collection/details/collectionID/03bf34b5be1cc2801197e4c221bfce12df27809b"
  } ],
  "coverImages" : [ {
    "asset" : {
      "assetID" : "c102b3498a8229efd4f26d15cb8869ce3f0c35b2"
    }
  } ],
  "related" : [ ],
  "metadata" : [ {
    "key" : "channel",
    "value" : "mobile",
    "language" : "eng"
  }, {
    "key" : "description",
    "value" : "The secure anchor of keeping the commandments is a key principle of having an “eye . . . single to the glory of God” (Joseph Smith Translation, Matthew 6:22, [in Matthew 6:22, footnote b]). These videos of object lessons and talks can help us stay within the Lord’s established boundaries.",
    "language" : "eng"
  }, {
    "key" : "collectionUri",
    "value" : "obedience-topic",
    "language" : "eng"
  }, {
    "key" : "publicTitle",
    "value" : "Obedience",
    "language" : "eng"
  }, {
    "key" : "orderIndex",
    "value" : "68"
  } ],
  "children" : [ ],
  "assets" : [ {
    "asset" : {
      "assetID" : "0b2e66c62ad8fe015ad8dabcbe7c918f06b7b29c"
    },
    "addedDate" : 1479849849002,
    "metadata" : [ ]
  }, {
    "asset" : {
      "assetID" : "f9c14034bb37c30e0e92cc249e0bc7f601c812f7"
    },
    "addedDate" : 1479849717053,
    "metadata" : [ ]
  }, {
    "asset" : {
      "assetID" : "aaa855b72c9db4bd9f5c264be699c62f86f9b2bb"
    },
    "addedDate" : 1479849897076,
    "metadata" : [ ]
  }, {
    "asset" : {
      "assetID" : "0f20a4d83bc53c22da14dd6b55133cc7f8df867e"
    },
    "addedDate" : 1479849770029,
    "metadata" : [ ]
  }, {
    "asset" : {
      "assetID" : "ba3461b8b2d6033668b96d6f7373d2949bae97ce"
    },
    "addedDate" : 1479849731020,
    "metadata" : [ ]
  }, {
    "asset" : {
      "assetID" : "1d1a8e223ebafb2cbadb811b1d5c646712e135a8"
    },
    "addedDate" : 1479849704009,
    "metadata" : [ ]
  }, {
    "asset" : {
      "assetID" : "b497f8d7ed4f556e853254c15099f1415f8651fa"
    },
    "addedDate" : 1479849886030,
    "metadata" : [ ]
  }, {
    "asset" : {
      "assetID" : "abff6d898cc2d6dfa8faaa8a639a714173852640"
    },
    "addedDate" : 1632956866493,
    "metadata" : [ ]
  }, {
    "asset" : {
      "assetID" : "1f5d7950cc8899d1ae59c1c58e53beddb7d20e8c"
    },
    "addedDate" : 1592358468992,
    "metadata" : [ ]
  }, {
    "asset" : {
      "assetID" : "17e0094fd9635e9e9737b7e105c7679b265736f6"
    },
    "addedDate" : 1592433100043,
    "metadata" : [ ]
  }, {
    "asset" : {
      "assetID" : "317bba9461e1cb11c3ba84e18122d48bbc1e8fc3"
    },
    "addedDate" : 1630623122114,
    "metadata" : [ ]
  }, {
    "asset" : {
      "assetID" : "28e29f484c6bce5da1419f86f2352b12ae58a9d6"
    },
    "addedDate" : 1632956827732,
    "metadata" : [ ]
  }, {
    "asset" : {
      "assetID" : "f625a17c4df02bcf6fc126a565ce7531b1744b16"
    },
    "addedDate" : 1592432635454,
    "metadata" : [ ]
  }, {
    "asset" : {
      "assetID" : "b0d3b7c2c9e92dfc14476e9cef43d9af99541f56"
    },
    "addedDate" : 1632956867022,
    "metadata" : [ ]
  }, {
    "asset" : {
      "assetID" : "4f1c7f094f47b319131c3dd2e867c6f4d2d89efd"
    },
    "addedDate" : 1592433101090,
    "metadata" : [ ]
  }, {
    "asset" : {
      "assetID" : "a3f1e9c90b74620c6491d10db268ad111fcb1a80"
    },
    "addedDate" : 1632956862957,
    "metadata" : [ ]
  }, {
    "asset" : {
      "assetID" : "b8e5a1442a785f5bd189845c18f24086f32d790b"
    },
    "addedDate" : 1632956868397,
    "metadata" : [ ]
  }, {
    "asset" : {
      "assetID" : "da1dc1f1375b11ecb890eeeeac1e0eb442539441"
    },
    "addedDate" : 1664403329593,
    "metadata" : [ ]
  } ],
  "fileName" : "03bf34b5be1cc2801197e4c221bfce12df27809b.json",
  "name" : "Obedience",
  "english" : true,
  "publicTitle" : "Obedience",
  "description" : "The secure anchor of keeping the commandments is a key principle of having an “eye . . . single to the glory of God” (Joseph Smith Translation, Matthew 6:22, [in Matthew 6:22, footnote b]). These videos of object lessons and talks can help us stay within the Lord’s established boundaries.",
  "collectionUri" : "obedience-topic"
}