{
  "parentCollectionID" : "bd59191796027fc53f46f5811862b4ff2baaa3b2",
  "parentCollectionPath" : "Mobile Media Library/English - Video/Topics",
  "collectionType" : "assets",
  "path" : "Mobile Media Library/English - Video/Topics/Conversion",
  "collectionID" : "03c466957cf0433797a5c0b09226f195",
  "language" : "eng",
  "type" : "DEFAULT",
  "lastUpdatedDate" : "2020-08-25T14:23:31.973-06:00",
  "links" : [ {
    "rel" : "details",
    "href" : "https://titanapi.churchofjesuschrist.org/assetsearch/api/v2/collection/details/collectionID/03c466957cf0433797a5c0b09226f195"
  } ],
  "coverImages" : [ {
    "asset" : {
      "assetID" : "c5ed5914d8a12b2537cd2b1223bc0c8d5d2e9f83"
    }
  } ],
  "related" : [ ],
  "metadata" : [ {
    "key" : "description",
    "value" : "Includes personal stories and talks from the pulpit about the conversion experience, the kind regard of friendships that help introduce our faith, and the illuminating discussions with missionaries.",
    "language" : "eng"
  }, {
    "key" : "collectionUri",
    "value" : "conversion-topic",
    "language" : "eng"
  }, {
    "key" : "publicTitle",
    "value" : "Conversion",
    "language" : "eng"
  }, {
    "key" : "orderIndex",
    "value" : "18"
  } ],
  "children" : [ ],
  "assets" : [ {
    "asset" : {
      "assetID" : "334d68b6b13b9e648aa125d334533e945ec794ce"
    },
    "addedDate" : 1576905185764,
    "metadata" : [ ]
  }, {
    "asset" : {
      "assetID" : "d11e543a40839cff45503997d68908caa20a737e"
    },
    "addedDate" : 1576905213677,
    "metadata" : [ ]
  }, {
    "asset" : {
      "assetID" : "8bb06323718048274701a06070dbbe90f4f51f3a"
    },
    "addedDate" : 1576905240169,
    "metadata" : [ ]
  }, {
    "asset" : {
      "assetID" : "a17810d91aa1e70a4660a8e8b397eac00898982f"
    },
    "addedDate" : 1576905220554,
    "metadata" : [ ]
  }, {
    "asset" : {
      "assetID" : "beaab54b881917d0bb4e4ed0900a10c489db97a2"
    },
    "addedDate" : 1592433100512,
    "metadata" : [ ]
  }, {
    "asset" : {
      "assetID" : "00bf97e1a7a65c713651cd6866120215d4d80925"
    },
    "addedDate" : 1592433099840,
    "metadata" : [ ]
  }, {
    "asset" : {
      "assetID" : "cab8d5609f08992efdb812bd0644188690d61343"
    },
    "addedDate" : 1576905853071,
    "metadata" : [ ]
  }, {
    "asset" : {
      "assetID" : "23fc412cb34c931a6952fe35ee517f970dd61a5f"
    },
    "addedDate" : 1576905889770,
    "metadata" : [ ]
  }, {
    "asset" : {
      "assetID" : "1a8b5b6b427eaf93250d2b1eafafff4c2d951de6"
    },
    "addedDate" : 1576905881787,
    "metadata" : [ ]
  }, {
    "asset" : {
      "assetID" : "f180abb26f4f549c8fe6e08c65762263822ee96b"
    },
    "addedDate" : 1576905898259,
    "metadata" : [ ]
  }, {
    "asset" : {
      "assetID" : "2980393a442df3ddbaec9cf444da2e1950704a49"
    },
    "addedDate" : 1576905926766,
    "metadata" : [ ]
  }, {
    "asset" : {
      "assetID" : "8e0d2ba2d7ce0d7692c4c4e596855ac1b7a3452f"
    },
    "addedDate" : 1576905828832,
    "metadata" : [ ]
  }, {
    "asset" : {
      "assetID" : "e2c0b91b6800b5fa26d5bf1a869a6ba00ae7b8d6"
    },
    "addedDate" : 1576905809731,
    "metadata" : [ ]
  }, {
    "asset" : {
      "assetID" : "cdc569563a871ee178d1f91ee05e9893b466a96f"
    },
    "addedDate" : 1576905799894,
    "metadata" : [ ]
  }, {
    "asset" : {
      "assetID" : "468e4621596161044d861b656991d6e2c2276a5c"
    },
    "addedDate" : 1592433100778,
    "metadata" : [ ]
  }, {
    "asset" : {
      "assetID" : "26eddae2131019a0256c3da0299a4a565298e286"
    },
    "addedDate" : 1592433099949,
    "metadata" : [ ]
  }, {
    "asset" : {
      "assetID" : "7je3obv6s458rexdv137hmb6bxz17p2qh8hnctvr"
    },
    "addedDate" : 1576905229512,
    "metadata" : [ ]
  }, {
    "asset" : {
      "assetID" : "cf3b7c7f7b260c6a0e8f0da5566d0eb242853c89"
    },
    "addedDate" : 1576905249809,
    "metadata" : [ ]
  }, {
    "asset" : {
      "assetID" : "53eaad7c20276f73e09a34f0451e486bb7ce678b"
    },
    "addedDate" : 1576905203627,
    "metadata" : [ ]
  }, {
    "asset" : {
      "assetID" : "8dbf4aa110bbed8bfdbd7d2f028feab8ea6ea710"
    },
    "addedDate" : 1592433100872,
    "metadata" : [ ]
  }, {
    "asset" : {
      "assetID" : "75dd13cfcae291fb706cec44755ba1bd606fc6d8"
    },
    "addedDate" : 1576905908413,
    "metadata" : [ ]
  }, {
    "asset" : {
      "assetID" : "2e15fd84a90c7a8abd368ffd51fabc8c8409c136"
    },
    "addedDate" : 1576905194970,
    "metadata" : [ ]
  }, {
    "asset" : {
      "assetID" : "c9343afd057975563c3b31492ed59840f502383d"
    },
    "addedDate" : 1576905160789,
    "metadata" : [ ]
  }, {
    "asset" : {
      "assetID" : "f7578127ca5539ee47916b9068f5697d668979b1"
    },
    "addedDate" : 1576905110898,
    "metadata" : [ ]
  }, {
    "asset" : {
      "assetID" : "62c128f112a99e51a0bae85ae4460476f208261b"
    },
    "addedDate" : 1576905139558,
    "metadata" : [ ]
  }, {
    "asset" : {
      "assetID" : "524b9fb617741ba99e124ff8ebfde974ba0d515c"
    },
    "index" : 25,
    "addedDate" : 1672846890532,
    "metadata" : [ ]
  } ],
  "fileName" : "03c466957cf0433797a5c0b09226f195.json",
  "name" : "Conversion",
  "english" : true,
  "publicTitle" : "Conversion",
  "description" : "Includes personal stories and talks from the pulpit about the conversion experience, the kind regard of friendships that help introduce our faith, and the illuminating discussions with missionaries.",
  "collectionUri" : "conversion-topic"
}