{
  "parentCollectionID" : "4da6a5e612768eada390a3e0f6c0e386a015447a",
  "parentCollectionPath" : "Mobile Media Library/English - Video/Scriptural Reenactments and Teachings",
  "collectionType" : "assets",
  "path" : "Mobile Media Library/English - Video/Scriptural Reenactments and Teachings/Old Testament Stories",
  "collectionID" : "03c58501730542f09a41d7c7106195da",
  "language" : "eng",
  "type" : "DEFAULT",
  "lastUpdatedDate" : "2024-09-09T11:38:49.578-06:00",
  "links" : [ {
    "rel" : "details",
    "href" : "https://titanapi.churchofjesuschrist.org/assetsearch/api/v2/collection/details/collectionID/03c58501730542f09a41d7c7106195da"
  } ],
  "coverImages" : [ {
    "asset" : {
      "assetID" : "4d65819f5b1eb5eb8e909f2ab423571baebc9931"
    }
  } ],
  "related" : [ ],
  "metadata" : [ {
    "key" : "orderIndex",
    "value" : "13"
  }, {
    "key" : "channel",
    "value" : "mobile",
    "language" : "eng"
  }, {
    "key" : "collectionUri",
    "value" : "old-testament-stories-videos",
    "language" : "eng"
  }, {
    "key" : "publicTitle",
    "value" : "Old Testament Stories",
    "language" : "eng"
  } ],
  "children" : [ ],
  "assets" : [ {
    "asset" : {
      "assetID" : "0908e351434311ecbb10eeeeac1e44551361f380"
    },
    "index" : 0,
    "addedDate" : 1722297024582,
    "metadata" : [ ]
  }, {
    "asset" : {
      "assetID" : "0a5ed704434311eca66beeeeac1ec8b66d5ab03b"
    },
    "index" : 1,
    "addedDate" : 1722297052944,
    "metadata" : [ ]
  }, {
    "asset" : {
      "assetID" : "0c0ad905434311ecbb8deeeeac1e0d104fe495b2"
    },
    "index" : 2,
    "addedDate" : 1722301291384,
    "metadata" : [ ]
  }, {
    "asset" : {
      "assetID" : "0d5e5b56434311ec85f5eeeeac1e3d56abdc2907"
    },
    "index" : 3,
    "addedDate" : 1722303669641,
    "metadata" : [ ]
  }, {
    "asset" : {
      "assetID" : "0f8dbed8434311ecb1b5eeeeac1e22c969f622ea"
    },
    "index" : 4,
    "addedDate" : 1722301324017,
    "metadata" : [ ]
  }, {
    "asset" : {
      "assetID" : "1138fddd434311ec8f69eeeeac1eea4b11563788"
    },
    "index" : 5,
    "addedDate" : 1722301350800,
    "metadata" : [ ]
  }, {
    "asset" : {
      "assetID" : "1301d694434311eca2abeeeeac1edd87ecbb7c9d"
    },
    "index" : 6,
    "addedDate" : 1722301382911,
    "metadata" : [ ]
  }, {
    "asset" : {
      "assetID" : "14eb7df3434311ecbc9ceeeeac1e9a91cfde3bdb"
    },
    "index" : 7,
    "addedDate" : 1722301428824,
    "metadata" : [ ]
  }, {
    "asset" : {
      "assetID" : "167c5716434311ecbb8deeeeac1e0d10fd481f82"
    },
    "index" : 8,
    "addedDate" : 1722301468138,
    "metadata" : [ ]
  }, {
    "asset" : {
      "assetID" : "18441f59434311ec9461eeeeac1efd8b26d92c14"
    },
    "index" : 9,
    "addedDate" : 1722301507218,
    "metadata" : [ ]
  }, {
    "asset" : {
      "assetID" : "1ae5cc18434311eca8cdeeeeac1ef8db9104b3fa"
    },
    "index" : 10,
    "addedDate" : 1722301544706,
    "metadata" : [ ]
  }, {
    "asset" : {
      "assetID" : "1c6c6bf7434311ec85f5eeeeac1e3d56d5d8a4f7"
    },
    "index" : 11,
    "addedDate" : 1722301587238,
    "metadata" : [ ]
  }, {
    "asset" : {
      "assetID" : "1e99d3a9434311ecb1b5eeeeac1e22c94bebd87e"
    },
    "index" : 12,
    "addedDate" : 1722301623964,
    "metadata" : [ ]
  }, {
    "asset" : {
      "assetID" : "2186e118434311ec85f5eeeeac1e3d56c330d256"
    },
    "index" : 14,
    "addedDate" : 1722301828191,
    "metadata" : [ ]
  }, {
    "asset" : {
      "assetID" : "202bbd51434311ec8640eeeeac1e35146bd6b1d5"
    },
    "index" : 13,
    "addedDate" : 1722301661034,
    "metadata" : [ ]
  }, {
    "asset" : {
      "assetID" : "2349edd5434311eca2abeeeeac1edd8770a38bed"
    },
    "index" : 15,
    "addedDate" : 1722301864198,
    "metadata" : [ ]
  }, {
    "asset" : {
      "assetID" : "24c012e4434311ecbc9ceeeeac1e9a91803952e2"
    },
    "index" : 16,
    "addedDate" : 1722301898507,
    "metadata" : [ ]
  }, {
    "asset" : {
      "assetID" : "26b30935434311ecaaebeeeeac1e588cb0c5e413"
    },
    "index" : 17,
    "addedDate" : 1722301924764,
    "metadata" : [ ]
  }, {
    "asset" : {
      "assetID" : "287f655a434311ec9461eeeeac1efd8b1627aa7f"
    },
    "index" : 18,
    "addedDate" : 1722301966456,
    "metadata" : [ ]
  }, {
    "asset" : {
      "assetID" : "2ac97bd6434311ecaaebeeeeac1e588cb6aaee44"
    },
    "index" : 19,
    "addedDate" : 1722302003943,
    "metadata" : [ ]
  }, {
    "asset" : {
      "assetID" : "2c389ccb434311ec9461eeeeac1efd8bbbf27677"
    },
    "index" : 20,
    "addedDate" : 1722302048972,
    "metadata" : [ ]
  }, {
    "asset" : {
      "assetID" : "2d339e69434311eca8cdeeeeac1ef8db13f3c439"
    },
    "index" : 21,
    "addedDate" : 1722302082187,
    "metadata" : [ ]
  }, {
    "asset" : {
      "assetID" : "2ef15398434311ecbb8deeeeac1e0d103cb31b64"
    },
    "index" : 22,
    "addedDate" : 1722304016652,
    "metadata" : [ ]
  }, {
    "asset" : {
      "assetID" : "3040de07434311ecaaebeeeeac1e588c5e2f3c71"
    },
    "index" : 23,
    "addedDate" : 1722302150122,
    "metadata" : [ ]
  }, {
    "asset" : {
      "assetID" : "31b2bd32434311ecbb10eeeeac1e4455411f6632"
    },
    "index" : 24,
    "addedDate" : 1722302191970,
    "metadata" : [ ]
  }, {
    "asset" : {
      "assetID" : "3356f810434311ec9a0eeeeeac1ede1739b5b32a"
    },
    "index" : 25,
    "addedDate" : 1722302223217,
    "metadata" : [ ]
  }, {
    "asset" : {
      "assetID" : "34c0251d434311ec87bbeeeeac1ee10be05a2501"
    },
    "index" : 26,
    "addedDate" : 1722302403126,
    "metadata" : [ ]
  }, {
    "asset" : {
      "assetID" : "3660dc63434311ecb915eeeeac1e6f4b185d156b"
    },
    "index" : 27,
    "addedDate" : 1722302442799,
    "metadata" : [ ]
  }, {
    "asset" : {
      "assetID" : "37fc3d15434311eca66beeeeac1ec8b66d193aad"
    },
    "index" : 28,
    "addedDate" : 1722302480637,
    "metadata" : [ ]
  }, {
    "asset" : {
      "assetID" : "397e498a434311ecb1b5eeeeac1e22c9ed94340e"
    },
    "index" : 29,
    "addedDate" : 1722302799483,
    "metadata" : [ ]
  }, {
    "asset" : {
      "assetID" : "3b19d079434311ecbb8deeeeac1e0d108417f7d1"
    },
    "index" : 30,
    "addedDate" : 1722302835269,
    "metadata" : [ ]
  }, {
    "asset" : {
      "assetID" : "3c9e9bf9434311ec85f5eeeeac1e3d56086881c3"
    },
    "index" : 31,
    "addedDate" : 1722302869779,
    "metadata" : [ ]
  }, {
    "asset" : {
      "assetID" : "3e31bf1a434311ec85f5eeeeac1e3d56962af4ac"
    },
    "index" : 32,
    "addedDate" : 1722302905156,
    "metadata" : [ ]
  }, {
    "asset" : {
      "assetID" : "403026f5434311ecbc9ceeeeac1e9a91976ef07c"
    },
    "index" : 33,
    "addedDate" : 1722302935742,
    "metadata" : [ ]
  }, {
    "asset" : {
      "assetID" : "41b0d3c7434311eca66beeeeac1ec8b6c2b0ee05"
    },
    "index" : 34,
    "addedDate" : 1722302966426,
    "metadata" : [ ]
  }, {
    "asset" : {
      "assetID" : "435004cb434311ec85f5eeeeac1e3d56904cfc64"
    },
    "index" : 35,
    "addedDate" : 1722303010024,
    "metadata" : [ ]
  }, {
    "asset" : {
      "assetID" : "44ffb0fc434311ecb1b5eeeeac1e22c9d51f8c16"
    },
    "index" : 36,
    "addedDate" : 1722303062732,
    "metadata" : [ ]
  }, {
    "asset" : {
      "assetID" : "47fbd958434311ecaaebeeeeac1e588cb002ecb6"
    },
    "index" : 38,
    "addedDate" : 1722303123730,
    "metadata" : [ ]
  }, {
    "asset" : {
      "assetID" : "464c5443434311ec8640eeeeac1e3514d8b9827f"
    },
    "index" : 37,
    "addedDate" : 1722303095694,
    "metadata" : [ ]
  }, {
    "asset" : {
      "assetID" : "49a2ac2d434311ecb1b5eeeeac1e22c967cb5c79"
    },
    "index" : 39,
    "addedDate" : 1722303151613,
    "metadata" : [ ]
  }, {
    "asset" : {
      "assetID" : "4d273e84434311ecb915eeeeac1e6f4bd08df2e6"
    },
    "index" : 41,
    "addedDate" : 1722303209705,
    "metadata" : [ ]
  }, {
    "asset" : {
      "assetID" : "4b45388c434311ec9461eeeeac1efd8b7548526d"
    },
    "index" : 40,
    "addedDate" : 1722303175565,
    "metadata" : [ ]
  }, {
    "asset" : {
      "assetID" : "4fdc9aa6434311eca2abeeeeac1edd871f68116d"
    },
    "index" : 42,
    "addedDate" : 1722303244169,
    "metadata" : [ ]
  }, {
    "asset" : {
      "assetID" : "51c1d5af434311ec87bbeeeeac1ee10b871bbb88"
    },
    "index" : 43,
    "addedDate" : 1722303268603,
    "metadata" : [ ]
  }, {
    "asset" : {
      "assetID" : "538074c4434311ec8640eeeeac1e35148bcd32e9"
    },
    "index" : 44,
    "addedDate" : 1722303296640,
    "metadata" : [ ]
  }, {
    "asset" : {
      "assetID" : "54f4ed4e434311ecb1b5eeeeac1e22c911d5d48f"
    },
    "index" : 45,
    "addedDate" : 1722303321285,
    "metadata" : [ ]
  }, {
    "asset" : {
      "assetID" : "56acfd38434311eca66beeeeac1ec8b6fa25d5fe"
    },
    "index" : 46,
    "addedDate" : 1722303346656,
    "metadata" : [ ]
  }, {
    "asset" : {
      "assetID" : "58c025e1434311ec9a0eeeeeac1ede17f8c2ff1b"
    },
    "index" : 47,
    "addedDate" : 1722303377109,
    "metadata" : [ ]
  }, {
    "asset" : {
      "assetID" : "5a9f947f434311ecb1b5eeeeac1e22c937065ef7"
    },
    "index" : 48,
    "addedDate" : 1722303403313,
    "metadata" : [ ]
  }, {
    "asset" : {
      "assetID" : "5c5f4555434311ecb915eeeeac1e6f4b96ce4451"
    },
    "index" : 49,
    "addedDate" : 1722303424845,
    "metadata" : [ ]
  } ],
  "fileName" : "03c58501730542f09a41d7c7106195da.json",
  "name" : "Old Testament Stories",
  "english" : true,
  "publicTitle" : "Old Testament Stories",
  "collectionUri" : "old-testament-stories-videos"
}