{
  "parentCollectionID" : "abfe9e9e0ee3bddb9949a6290ab2936023670247",
  "parentCollectionPath" : "Mobile Media Library/English - Video/Videos for Youth",
  "collectionType" : "collections",
  "path" : "Mobile Media Library/English - Video/Videos for Youth/Youth Music",
  "collectionID" : "044045876ab9442f99495d7e4213611b",
  "language" : "eng",
  "type" : "DEFAULT",
  "lastUpdatedDate" : "2024-08-06T09:58:57.472-06:00",
  "links" : [ {
    "rel" : "details",
    "href" : "https://titanapi.churchofjesuschrist.org/assetsearch/api/v2/collection/details/collectionID/044045876ab9442f99495d7e4213611b"
  } ],
  "coverImages" : [ {
    "asset" : {
      "assetID" : "2c999c4b528011eeb7d8eeeeac1eeaface23814e"
    }
  } ],
  "related" : [ ],
  "metadata" : [ {
    "key" : "orderIndex",
    "value" : "1"
  }, {
    "key" : "channel",
    "value" : "mobile",
    "language" : "eng"
  }, {
    "key" : "collectionUri",
    "value" : "youth-music",
    "language" : "eng"
  }, {
    "key" : "publicTitle",
    "value" : "Youth Music",
    "language" : "eng"
  } ],
  "children" : [ {
    "path" : "Mobile Media Library/English - Video/Videos for Youth/Youth Music/Annual Youth Themes",
    "collectionID" : "dc207d1840bb410e825fbf12c259b0ce",
    "type" : "DEFAULT",
    "lastUpdatedDate" : "2024-04-04T11:48:50.498-06:00",
    "links" : [ {
      "rel" : "details",
      "href" : "https://titanapi.churchofjesuschrist.org/assetsearch/api/v2/collection/details/collectionID/dc207d1840bb410e825fbf12c259b0ce"
    } ],
    "fileName" : "dc207d1840bb410e825fbf12c259b0ce.json"
  }, {
    "path" : "Mobile Media Library/English - Video/Videos for Youth/Youth Music/Lyric and Track Videos for Youth",
    "collectionID" : "b51e52a0b1cf4fceb3e39800c87a897f",
    "type" : "DEFAULT",
    "lastUpdatedDate" : "2024-04-04T11:46:59.793-06:00",
    "links" : [ {
      "rel" : "details",
      "href" : "https://titanapi.churchofjesuschrist.org/assetsearch/api/v2/collection/details/collectionID/b51e52a0b1cf4fceb3e39800c87a897f"
    } ],
    "fileName" : "b51e52a0b1cf4fceb3e39800c87a897f.json"
  }, {
    "path" : "Mobile Media Library/English - Video/Videos for Youth/Youth Music/2023 Youth Music Festival",
    "collectionID" : "9140d3b8604e45ad94bf22ef4e16bfb1",
    "type" : "DEFAULT",
    "lastUpdatedDate" : "2023-12-04T09:01:27.304-07:00",
    "links" : [ {
      "rel" : "details",
      "href" : "https://titanapi.churchofjesuschrist.org/assetsearch/api/v2/collection/details/collectionID/9140d3b8604e45ad94bf22ef4e16bfb1"
    } ],
    "fileName" : "9140d3b8604e45ad94bf22ef4e16bfb1.json"
  }, {
    "path" : "Mobile Media Library/English - Video/Videos for Youth/Youth Music/2022 Youth Music Festival",
    "collectionID" : "eac8ca02974c4b388e3f0f1d469fe8cf",
    "type" : "DEFAULT",
    "lastUpdatedDate" : "2023-12-04T09:01:36.033-07:00",
    "links" : [ {
      "rel" : "details",
      "href" : "https://titanapi.churchofjesuschrist.org/assetsearch/api/v2/collection/details/collectionID/eac8ca02974c4b388e3f0f1d469fe8cf"
    } ],
    "fileName" : "eac8ca02974c4b388e3f0f1d469fe8cf.json"
  }, {
    "path" : "Mobile Media Library/English - Video/Videos for Youth/Youth Music/2021 Youth Music Festival",
    "collectionID" : "cf47cec769ad428bb16b71fc92fe82f7",
    "type" : "DEFAULT",
    "lastUpdatedDate" : "2023-12-04T09:01:53.094-07:00",
    "links" : [ {
      "rel" : "details",
      "href" : "https://titanapi.churchofjesuschrist.org/assetsearch/api/v2/collection/details/collectionID/cf47cec769ad428bb16b71fc92fe82f7"
    } ],
    "fileName" : "cf47cec769ad428bb16b71fc92fe82f7.json"
  }, {
    "path" : "Mobile Media Library/English - Video/Videos for Youth/Youth Music/2020 Youth Music Festival",
    "collectionID" : "5fd004f612b642aaafad525c3c4feebe",
    "type" : "DEFAULT",
    "lastUpdatedDate" : "2023-12-04T09:02:04.743-07:00",
    "links" : [ {
      "rel" : "details",
      "href" : "https://titanapi.churchofjesuschrist.org/assetsearch/api/v2/collection/details/collectionID/5fd004f612b642aaafad525c3c4feebe"
    } ],
    "fileName" : "5fd004f612b642aaafad525c3c4feebe.json"
  }, {
    "path" : "Mobile Media Library/English - Video/Videos for Youth/Youth Music/2024 Youth Music Festival",
    "collectionID" : "4b5d59c48da74e859b766de7cbde102e",
    "type" : "DEFAULT",
    "lastUpdatedDate" : "2024-08-06T12:13:58.305-06:00",
    "links" : [ {
      "rel" : "details",
      "href" : "https://titanapi.churchofjesuschrist.org/assetsearch/api/v2/collection/details/collectionID/4b5d59c48da74e859b766de7cbde102e"
    } ],
    "fileName" : "4b5d59c48da74e859b766de7cbde102e.json"
  } ],
  "assets" : [ ],
  "fileName" : "044045876ab9442f99495d7e4213611b.json",
  "name" : "Youth Music",
  "english" : true,
  "publicTitle" : "Youth Music",
  "collectionUri" : "youth-music"
}