{
  "parentCollectionID" : "a362cf32612a48c380d0013df943b987",
  "parentCollectionPath" : "Mobile Media Library/English - Video/Teaching and Lessons/Come, Follow Me/2023 New Testament Media Resources",
  "collectionType" : "assets",
  "path" : "Mobile Media Library/English - Video/Teaching and Lessons/Come, Follow Me/2023 New Testament Media Resources/June 26–July 2. Matthew 28; Mark 16; Luke 24; John 20-21: \"He Is Risen\"",
  "collectionID" : "04a4cacf4a6941ada9c9604ca5f90b57",
  "language" : "eng",
  "type" : "DEFAULT",
  "lastUpdatedDate" : "2022-12-01T15:29:19.790-07:00",
  "links" : [ {
    "rel" : "details",
    "href" : "https://titanapi.churchofjesuschrist.org/assetsearch/api/v2/collection/details/collectionID/04a4cacf4a6941ada9c9604ca5f90b57"
  } ],
  "coverImages" : [ {
    "asset" : {
      "assetID" : "611175feaa47716aa03b165aa7fc9d7935a6a5ba"
    }
  } ],
  "related" : [ ],
  "metadata" : [ {
    "key" : "orderIndex",
    "value" : "25"
  }, {
    "key" : "collectionUri",
    "value" : "cfm-2023-videos-june-26-july-2",
    "language" : "eng"
  }, {
    "key" : "publicTitle",
    "value" : "June 26–July 2. Matthew 28; Mark 16; Luke 24; John 20-21: \"He Is Risen\"",
    "language" : "eng"
  } ],
  "children" : [ ],
  "assets" : [ {
    "asset" : {
      "assetID" : "890cc4efc07b50475e3a3e72d33639e805d47b84"
    },
    "index" : 6,
    "addedDate" : 1650044226267,
    "metadata" : [ ]
  }, {
    "asset" : {
      "assetID" : "61a33a8727608dbe07a8a0f798d958d07d42e42a"
    },
    "index" : 2,
    "addedDate" : 1650044173753,
    "metadata" : [ ]
  }, {
    "asset" : {
      "assetID" : "82d1b292db1d6e6b65b0c1a698e604c3d7de7d9f"
    },
    "index" : 1,
    "addedDate" : 1650044165210,
    "metadata" : [ ]
  }, {
    "asset" : {
      "assetID" : "597068e271137f0d4a0620c9cb1670e70d03c363"
    },
    "index" : 5,
    "addedDate" : 1650044213752,
    "metadata" : [ ]
  }, {
    "asset" : {
      "assetID" : "a5413e7e60dc26f22125d3021d85f47166aac2a1"
    },
    "index" : 0,
    "addedDate" : 1650044139942,
    "metadata" : [ ]
  }, {
    "asset" : {
      "assetID" : "f67e48d135527360a3f6d566f252b242b7147c2e"
    },
    "index" : 3,
    "addedDate" : 1650044186057,
    "metadata" : [ ]
  }, {
    "asset" : {
      "assetID" : "37e87b5dbe0cbe5e5543acb4d28eeff59fa069f2"
    },
    "index" : 4,
    "addedDate" : 1650044201789,
    "metadata" : [ ]
  }, {
    "asset" : {
      "assetID" : "ab95fb720b3311ec8ff1eeeeac1e0b125311eb4a"
    },
    "index" : 8,
    "addedDate" : 1652116754360,
    "metadata" : [ ]
  } ],
  "fileName" : "04a4cacf4a6941ada9c9604ca5f90b57.json",
  "name" : "June 26–July 2. Matthew 28; Mark 16; Luke 24; John 20-21: \"He Is Risen\"",
  "english" : true,
  "publicTitle" : "June 26–July 2. Matthew 28; Mark 16; Luke 24; John 20-21: \"He Is Risen\"",
  "collectionUri" : "cfm-2023-videos-june-26-july-2"
}