{
  "parentCollectionID" : "bd59191796027fc53f46f5811862b4ff2baaa3b2",
  "parentCollectionPath" : "Mobile Media Library/English - Video/Topics",
  "collectionType" : "assets",
  "path" : "Mobile Media Library/English - Video/Topics/Judgment",
  "collectionID" : "05c8df330fc52c2928e31fd7b396b5458e8ce647",
  "language" : "eng",
  "type" : "DEFAULT",
  "lastUpdatedDate" : "2020-09-20T12:27:21.262-06:00",
  "links" : [ {
    "rel" : "details",
    "href" : "https://titanapi.churchofjesuschrist.org/assetsearch/api/v2/collection/details/collectionID/05c8df330fc52c2928e31fd7b396b5458e8ce647"
  } ],
  "coverImages" : [ {
    "asset" : {
      "assetID" : "afd5a6ea695d2dc3e78dac0148accb6a6c9d8f3c"
    }
  } ],
  "related" : [ ],
  "metadata" : [ {
    "key" : "description",
    "value" : "Learn how love, tolerance, and merciful care toward others will promote civility, spare us from self-righteousness, and prevent us from judging others harshly.",
    "language" : "eng"
  }, {
    "key" : "collectionUri",
    "value" : "judgment-topic",
    "language" : "eng"
  }, {
    "key" : "publicTitle",
    "value" : "Judgment",
    "language" : "eng"
  }, {
    "key" : "orderIndex",
    "value" : "53"
  } ],
  "children" : [ ],
  "assets" : [ {
    "asset" : {
      "assetID" : "fafe14599d42cb2fad013d1377cdc8d396190549"
    },
    "index" : 8,
    "addedDate" : 1596082325359,
    "metadata" : [ ]
  }, {
    "asset" : {
      "assetID" : "65409f71354f876db6930824c88760390dd85611"
    },
    "addedDate" : 1479758562079,
    "metadata" : [ ]
  }, {
    "asset" : {
      "assetID" : "9fd930b45b3d5871d02ddc70565fd1ea38581d79"
    },
    "addedDate" : 1479758691048,
    "metadata" : [ ]
  }, {
    "asset" : {
      "assetID" : "ed60de3f32f2d299cf50dce684240797c78c66ad"
    },
    "addedDate" : 1479759136060,
    "metadata" : [ ]
  }, {
    "asset" : {
      "assetID" : "c86d2b4dd424aabd0c48d5b05f58f46ebabd3dec"
    },
    "addedDate" : 1479758432036,
    "metadata" : [ ]
  }, {
    "asset" : {
      "assetID" : "82d7abafc69e1700e4c51e2c3244a9a1a8b52f40"
    },
    "addedDate" : 1479759180095,
    "metadata" : [ ]
  }, {
    "asset" : {
      "assetID" : "9e43dd3f939ad41908535ff3c6ae3f40c6c2645b"
    },
    "addedDate" : 1632956862057,
    "metadata" : [ ]
  }, {
    "asset" : {
      "assetID" : "99bd26144e0a407c77be18d175458c3c0cef279c"
    },
    "addedDate" : 1592396732822,
    "metadata" : [ ]
  }, {
    "asset" : {
      "assetID" : "83d4d3690e1a8e6b6e1a07a32f7209694f9b32ef"
    },
    "addedDate" : 1565755684183,
    "metadata" : [ ]
  } ],
  "fileName" : "05c8df330fc52c2928e31fd7b396b5458e8ce647.json",
  "name" : "Judgment",
  "english" : true,
  "publicTitle" : "Judgment",
  "description" : "Learn how love, tolerance, and merciful care toward others will promote civility, spare us from self-righteousness, and prevent us from judging others harshly.",
  "collectionUri" : "judgment-topic"
}