{
  "sourceCollectionId" : "8d8905cef700b03cb3afaabc032a3af882139e59",
  "parentCollectionID" : "22e3232e384c8650311b2940336759a89b8d6f8b",
  "parentCollectionPath" : "Mobile Media Library",
  "collectionType" : "collections",
  "path" : "Mobile Media Library/Dutch - Video",
  "collectionID" : "07119593eddf4953bba9b4eb6606c480",
  "language" : "nld",
  "type" : "DEFAULT",
  "lastUpdatedDate" : "2023-06-23T10:41:24.464-06:00",
  "links" : [ {
    "rel" : "details",
    "href" : "https://titanapi.churchofjesuschrist.org/assetsearch/api/v2/collection/details/collectionID/07119593eddf4953bba9b4eb6606c480"
  } ],
  "coverImages" : [ {
    "asset" : {
      "assetID" : "5fed24fd67a45d2be64c74442c4f9d0bd5a89d21"
    }
  } ],
  "related" : [ ],
  "metadata" : [ {
    "key" : "orderIndex",
    "value" : "77"
  }, {
    "key" : "description",
    "value" : "De grootste videocollectie van De Kerk van Jezus Christus van de Heiligen der Laatste Dagen, met video’s voor lessen, jongeren, kinderen, inspiratie, instructie, en nog veel meer.",
    "language" : "nld"
  }, {
    "key" : "collectionUri",
    "value" : "video",
    "language" : "nld"
  }, {
    "key" : "publicTitle",
    "value" : "Video",
    "language" : "nld"
  } ],
  "children" : [ {
    "path" : "Mobile Media Library/Dutch - Video/Church History",
    "collectionID" : "f28b10d6722141388c474b764e4a80b592001758",
    "type" : "DEFAULT",
    "lastUpdatedDate" : "2022-04-17T21:40:22.596-06:00",
    "links" : [ {
      "rel" : "details",
      "href" : "https://titanapi.churchofjesuschrist.org/assetsearch/api/v2/collection/details/collectionID/f28b10d6722141388c474b764e4a80b592001758"
    } ],
    "fileName" : "f28b10d6722141388c474b764e4a80b592001758.json"
  }, {
    "path" : "Mobile Media Library/Dutch - Video/Community Outreach",
    "collectionID" : "6d3db24e13354073997819c82c4934322012cc87",
    "type" : "DEFAULT",
    "lastUpdatedDate" : "2022-04-17T21:40:22.596-06:00",
    "links" : [ {
      "rel" : "details",
      "href" : "https://titanapi.churchofjesuschrist.org/assetsearch/api/v2/collection/details/collectionID/6d3db24e13354073997819c82c4934322012cc87"
    } ],
    "fileName" : "6d3db24e13354073997819c82c4934322012cc87.json"
  }, {
    "path" : "Mobile Media Library/Dutch - Video/People",
    "collectionID" : "33ebf994e94a41e8b2f7543766a67e905464229a",
    "type" : "DEFAULT",
    "lastUpdatedDate" : "2022-04-17T21:40:22.596-06:00",
    "links" : [ {
      "rel" : "details",
      "href" : "https://titanapi.churchofjesuschrist.org/assetsearch/api/v2/collection/details/collectionID/33ebf994e94a41e8b2f7543766a67e905464229a"
    } ],
    "fileName" : "33ebf994e94a41e8b2f7543766a67e905464229a.json"
  }, {
    "path" : "Mobile Media Library/Dutch - Video/Broadcasts",
    "collectionID" : "7c6b052773404f369ceb0ed5f82a974d22da45bc",
    "type" : "DEFAULT",
    "lastUpdatedDate" : "2022-10-25T16:22:37.614-06:00",
    "links" : [ {
      "rel" : "details",
      "href" : "https://titanapi.churchofjesuschrist.org/assetsearch/api/v2/collection/details/collectionID/7c6b052773404f369ceb0ed5f82a974d22da45bc"
    } ],
    "fileName" : "7c6b052773404f369ceb0ed5f82a974d22da45bc.json"
  }, {
    "path" : "Mobile Media Library/Dutch - Video/Callings and Trainings",
    "collectionID" : "df4ed39de99c47849bd371eac1427e0d11b16f66",
    "type" : "DEFAULT",
    "lastUpdatedDate" : "2022-04-17T21:40:22.596-06:00",
    "links" : [ {
      "rel" : "details",
      "href" : "https://titanapi.churchofjesuschrist.org/assetsearch/api/v2/collection/details/collectionID/df4ed39de99c47849bd371eac1427e0d11b16f66"
    } ],
    "fileName" : "df4ed39de99c47849bd371eac1427e0d11b16f66.json"
  }, {
    "path" : "Mobile Media Library/Dutch - Video/Children",
    "collectionID" : "d19a339d5ece4be8ae0acd006965096035e6e81a",
    "type" : "DEFAULT",
    "lastUpdatedDate" : "2022-04-17T21:40:22.596-06:00",
    "links" : [ {
      "rel" : "details",
      "href" : "https://titanapi.churchofjesuschrist.org/assetsearch/api/v2/collection/details/collectionID/d19a339d5ece4be8ae0acd006965096035e6e81a"
    } ],
    "fileName" : "d19a339d5ece4be8ae0acd006965096035e6e81a.json"
  }, {
    "path" : "Mobile Media Library/Dutch - Video/Family History",
    "collectionID" : "f3873a80a42542f3b25da027869623bb3a662c15",
    "type" : "DEFAULT",
    "lastUpdatedDate" : "2022-10-25T16:03:41.613-06:00",
    "links" : [ {
      "rel" : "details",
      "href" : "https://titanapi.churchofjesuschrist.org/assetsearch/api/v2/collection/details/collectionID/f3873a80a42542f3b25da027869623bb3a662c15"
    } ],
    "fileName" : "f3873a80a42542f3b25da027869623bb3a662c15.json"
  }, {
    "path" : "Mobile Media Library/Dutch - Video/Inspiration",
    "collectionID" : "965baee1acb74d7c923b90fbcfe2ce9353314de8",
    "type" : "DEFAULT",
    "lastUpdatedDate" : "2022-04-17T21:40:22.596-06:00",
    "links" : [ {
      "rel" : "details",
      "href" : "https://titanapi.churchofjesuschrist.org/assetsearch/api/v2/collection/details/collectionID/965baee1acb74d7c923b90fbcfe2ce9353314de8"
    } ],
    "fileName" : "965baee1acb74d7c923b90fbcfe2ce9353314de8.json"
  }, {
    "path" : "Mobile Media Library/Dutch - Video/Life Help",
    "collectionID" : "66b7dd351cb34ade96697f741c380f29f1eb9ab8",
    "type" : "DEFAULT",
    "lastUpdatedDate" : "2023-06-23T10:41:53.722-06:00",
    "links" : [ {
      "rel" : "details",
      "href" : "https://titanapi.churchofjesuschrist.org/assetsearch/api/v2/collection/details/collectionID/66b7dd351cb34ade96697f741c380f29f1eb9ab8"
    } ],
    "fileName" : "66b7dd351cb34ade96697f741c380f29f1eb9ab8.json"
  }, {
    "path" : "Mobile Media Library/Dutch - Video/Scriptures",
    "collectionID" : "1d76860e20114f50a8a325e87f251c5d43b554a5",
    "type" : "DEFAULT",
    "lastUpdatedDate" : "2022-04-17T21:40:22.596-06:00",
    "links" : [ {
      "rel" : "details",
      "href" : "https://titanapi.churchofjesuschrist.org/assetsearch/api/v2/collection/details/collectionID/1d76860e20114f50a8a325e87f251c5d43b554a5"
    } ],
    "fileName" : "1d76860e20114f50a8a325e87f251c5d43b554a5.json"
  }, {
    "path" : "Mobile Media Library/Dutch - Video/Sharing the Gospel",
    "collectionID" : "952398a2c6b940cb86e959e1ba7f3ec99f83fa0d",
    "type" : "DEFAULT",
    "lastUpdatedDate" : "2022-10-25T16:41:58.693-06:00",
    "links" : [ {
      "rel" : "details",
      "href" : "https://titanapi.churchofjesuschrist.org/assetsearch/api/v2/collection/details/collectionID/952398a2c6b940cb86e959e1ba7f3ec99f83fa0d"
    } ],
    "fileName" : "952398a2c6b940cb86e959e1ba7f3ec99f83fa0d.json"
  }, {
    "path" : "Mobile Media Library/Dutch - Video/Teaching and Lessons",
    "collectionID" : "655972d9f7e44471ad9f50fe241d13ec14c0c487",
    "type" : "DEFAULT",
    "lastUpdatedDate" : "2022-10-25T16:08:16.405-06:00",
    "links" : [ {
      "rel" : "details",
      "href" : "https://titanapi.churchofjesuschrist.org/assetsearch/api/v2/collection/details/collectionID/655972d9f7e44471ad9f50fe241d13ec14c0c487"
    } ],
    "fileName" : "655972d9f7e44471ad9f50fe241d13ec14c0c487.json"
  }, {
    "path" : "Mobile Media Library/Dutch - Video/Topics",
    "collectionID" : "6e82c9d8e86c4a7098149d9f4ae2df68634b1fd9",
    "type" : "DEFAULT",
    "lastUpdatedDate" : "2023-05-24T16:22:48.938-06:00",
    "links" : [ {
      "rel" : "details",
      "href" : "https://titanapi.churchofjesuschrist.org/assetsearch/api/v2/collection/details/collectionID/6e82c9d8e86c4a7098149d9f4ae2df68634b1fd9"
    } ],
    "fileName" : "6e82c9d8e86c4a7098149d9f4ae2df68634b1fd9.json"
  }, {
    "path" : "Mobile Media Library/Dutch - Video/Youth",
    "collectionID" : "b357cc6e0f31430999d0c9c60b5bb917b5adc7d9",
    "type" : "DEFAULT",
    "lastUpdatedDate" : "2022-10-25T16:06:29.049-06:00",
    "links" : [ {
      "rel" : "details",
      "href" : "https://titanapi.churchofjesuschrist.org/assetsearch/api/v2/collection/details/collectionID/b357cc6e0f31430999d0c9c60b5bb917b5adc7d9"
    } ],
    "fileName" : "b357cc6e0f31430999d0c9c60b5bb917b5adc7d9.json"
  }, {
    "path" : "Mobile Media Library/Dutch - Video/Holidays",
    "collectionID" : "89071d935d2f4d90996aca59be9c6abf",
    "type" : "DEFAULT",
    "lastUpdatedDate" : "2023-02-21T12:32:34.202-07:00",
    "links" : [ {
      "rel" : "details",
      "href" : "https://titanapi.churchofjesuschrist.org/assetsearch/api/v2/collection/details/collectionID/89071d935d2f4d90996aca59be9c6abf"
    } ],
    "fileName" : "89071d935d2f4d90996aca59be9c6abf.json"
  } ],
  "assets" : [ ],
  "fileName" : "07119593eddf4953bba9b4eb6606c480.json",
  "name" : "Dutch - Video",
  "english" : false,
  "publicTitle" : "Video",
  "description" : "De grootste videocollectie van De Kerk van Jezus Christus van de Heiligen der Laatste Dagen, met video’s voor lessen, jongeren, kinderen, inspiratie, instructie, en nog veel meer.",
  "collectionUri" : "video"
}