{
  "parentCollectionID" : "375eec1a990147dc8a60062511cb8b44",
  "parentCollectionPath" : "Mobile Media Library/English - Video/Teaching and Lessons/Come, Follow Me/2025 Doctrine and Covenants Resources",
  "collectionType" : "assets",
  "path" : "Mobile Media Library/English - Video/Teaching and Lessons/Come, Follow Me/2025 Doctrine and Covenants Resources/April",
  "collectionID" : "080873cfda374c6798602d43f3be533f",
  "language" : "eng",
  "type" : "DEFAULT",
  "lastUpdatedDate" : "2025-01-07T10:50:22.701-07:00",
  "links" : [ {
    "rel" : "details",
    "href" : "https://titanapi.churchofjesuschrist.org/assetsearch/api/v2/collection/details/collectionID/080873cfda374c6798602d43f3be533f"
  } ],
  "coverImages" : [ {
    "asset" : {
      "assetID" : "87537d1faba15ebf55a7a756eb1d808ed40aa4b8"
    }
  } ],
  "related" : [ ],
  "metadata" : [ {
    "key" : "orderIndex",
    "value" : "4"
  }, {
    "key" : "channel",
    "value" : "mobile",
    "language" : "eng"
  }, {
    "key" : "collectionUri",
    "value" : "2025-doctrine-and-covenants-resources-april",
    "language" : "eng"
  }, {
    "key" : "publicTitle",
    "value" : "April",
    "language" : "eng"
  } ],
  "children" : [ ],
  "assets" : [ {
    "asset" : {
      "assetID" : "56e5b505c2b98076d79bec078c9351900f87ccb8"
    },
    "index" : 5,
    "addedDate" : 1735269682244,
    "metadata" : [ ]
  }, {
    "asset" : {
      "assetID" : "dda5d9037eb34766ad2ea9b50df6d01731b874b9"
    },
    "index" : 4,
    "addedDate" : 1735269675532,
    "metadata" : [ ]
  }, {
    "asset" : {
      "assetID" : "35a5f3ba8ef362654113c756c6e76e87e5a9ca4f"
    },
    "index" : 2,
    "addedDate" : 1735269661952,
    "metadata" : [ ]
  }, {
    "asset" : {
      "assetID" : "0c984535804be9ce92dcbd5b6338c9983bbd367f"
    },
    "index" : 6,
    "addedDate" : 1735269689462,
    "metadata" : [ ]
  }, {
    "asset" : {
      "assetID" : "3a0ad79993dd2005fa2a570dd2dcdb5fdc131909"
    },
    "index" : 3,
    "addedDate" : 1735269668689,
    "metadata" : [ ]
  }, {
    "asset" : {
      "assetID" : "41181cff27839473aaaebf37d4bab8f262974979"
    },
    "index" : 7,
    "addedDate" : 1735269720432,
    "metadata" : [ ]
  }, {
    "asset" : {
      "assetID" : "7e288680352034133e81c64111f450c9347c2576"
    },
    "index" : 0,
    "addedDate" : 1735269647256,
    "metadata" : [ ]
  }, {
    "asset" : {
      "assetID" : "0F836C298C2B57CFB4E2CCB553301AF461EC922E"
    },
    "index" : 1,
    "addedDate" : 1735269654335,
    "metadata" : [ ]
  } ],
  "fileName" : "080873cfda374c6798602d43f3be533f.json",
  "name" : "April",
  "english" : true,
  "publicTitle" : "April",
  "collectionUri" : "2025-doctrine-and-covenants-resources-april"
}