{
  "parentCollectionID" : "b43d757eb019f6607ea99cf31d4f98fd0466720b",
  "parentCollectionPath" : "Mobile Media Library/English - Video/Videos for Children",
  "collectionType" : "assets",
  "path" : "Mobile Media Library/English - Video/Videos for Children/Children's Music Videos",
  "collectionID" : "09b6cda9fa3cf20ead1dde3294b4d02ce78dde3d",
  "language" : "eng",
  "type" : "DEFAULT",
  "lastUpdatedDate" : "2023-03-13T11:57:58.006-06:00",
  "links" : [ {
    "rel" : "details",
    "href" : "https://titanapi.churchofjesuschrist.org/assetsearch/api/v2/collection/details/collectionID/09b6cda9fa3cf20ead1dde3294b4d02ce78dde3d"
  } ],
  "coverImages" : [ {
    "asset" : {
      "assetID" : "3044af15cff4b2d5ac01cb7068bb68f2a469b3a3"
    }
  } ],
  "related" : [ ],
  "metadata" : [ {
    "key" : "orderIndex",
    "value" : "22"
  }, {
    "key" : "description",
    "value" : "An assortment of popular children’s Primary songs set to video images and sung by both the Tabernacle Choir and other musical performers.",
    "language" : "eng"
  }, {
    "key" : "collectionUri",
    "value" : "childrens-music-videos",
    "language" : "eng"
  }, {
    "key" : "publicTitle",
    "value" : "Children's Music Videos",
    "language" : "eng"
  } ],
  "children" : [ ],
  "assets" : [ {
    "asset" : {
      "assetID" : "fd6f200b8780459c94d3dfa2bf5c6669da3f89cc"
    },
    "addedDate" : 1501788778045,
    "metadata" : [ ]
  }, {
    "asset" : {
      "assetID" : "b0907c0f1995f1d05246dd59b4524fbb67e9e2cb"
    },
    "addedDate" : 1501788243002,
    "metadata" : [ ]
  }, {
    "asset" : {
      "assetID" : "483b554789dba6c0c8872ed4e291afbf851d1493"
    },
    "addedDate" : 1501788925043,
    "metadata" : [ ]
  }, {
    "asset" : {
      "assetID" : "d53772de5f659720ef56d1417e5f3528334200cd"
    },
    "addedDate" : 1510254733088,
    "metadata" : [ ]
  }, {
    "asset" : {
      "assetID" : "a94c79ff0ca2594a39ab777e99351c61e103358f"
    },
    "addedDate" : 1501788202089,
    "metadata" : [ ]
  }, {
    "asset" : {
      "assetID" : "e184207366dddc5f68f2d5bc1f09a7523cae0fc0"
    },
    "addedDate" : 1501788851041,
    "metadata" : [ ]
  }, {
    "asset" : {
      "assetID" : "dcca557db40d7961585af741ae64c9b5cb77e080"
    },
    "addedDate" : 1503524513072,
    "metadata" : [ ]
  }, {
    "asset" : {
      "assetID" : "1655b01ffcfce95d191bc3358d6e2e63f865f0ad"
    },
    "addedDate" : 1501788796028,
    "metadata" : [ ]
  }, {
    "asset" : {
      "assetID" : "e2a52eb10ed037d6b05c40a2f58ff07044c09e17"
    },
    "addedDate" : 1501788863041,
    "metadata" : [ ]
  }, {
    "asset" : {
      "assetID" : "2013-06-1041-missionary-song-medley-eng"
    },
    "addedDate" : 1501788198065,
    "metadata" : [ ]
  }, {
    "asset" : {
      "assetID" : "f132ebb36b72cd9c2040dfbc2bd79313654e63ef"
    },
    "addedDate" : 1503589659036,
    "metadata" : [ ]
  }, {
    "asset" : {
      "assetID" : "4e52223982f1f29b731a77e7632cfc730aa97290"
    },
    "addedDate" : 1592433100621,
    "metadata" : [ ]
  }, {
    "asset" : {
      "assetID" : "0a369cf8b75298ef7ac71eed15ab027e3968700a"
    },
    "addedDate" : 1660951510856,
    "metadata" : [ ]
  } ],
  "fileName" : "09b6cda9fa3cf20ead1dde3294b4d02ce78dde3d.json",
  "name" : "Children's Music Videos",
  "english" : true,
  "publicTitle" : "Children's Music Videos",
  "description" : "An assortment of popular children’s Primary songs set to video images and sung by both the Tabernacle Choir and other musical performers.",
  "collectionUri" : "childrens-music-videos"
}