{
  "sourceCollectionId" : "9469dcd2e95b0f73fd237301b21fecbd372d2e60",
  "parentCollectionID" : "22e3232e384c8650311b2940336759a89b8d6f8b",
  "parentCollectionPath" : "Mobile Media Library",
  "collectionType" : "collections",
  "path" : "Mobile Media Library/Italian - Images",
  "collectionID" : "0a3d27ffeff9430b88c8afd2fc26eb0665bd7a9e",
  "language" : "ita",
  "type" : "DEFAULT",
  "lastUpdatedDate" : "2023-09-18T12:17:09.233-06:00",
  "links" : [ {
    "rel" : "details",
    "href" : "https://titanapi.churchofjesuschrist.org/assetsearch/api/v2/collection/details/collectionID/0a3d27ffeff9430b88c8afd2fc26eb0665bd7a9e"
  } ],
  "coverImages" : [ {
    "asset" : {
      "assetID" : "6a577129ad6d2231ee1715db32ddf72721fdb049"
    }
  } ],
  "related" : [ ],
  "metadata" : [ {
    "key" : "orderIndex",
    "value" : "30"
  }, {
    "key" : "collectionUri",
    "value" : "images",
    "language" : "ita"
  }, {
    "key" : "publicTitle",
    "value" : "Immagini",
    "language" : "ita"
  } ],
  "children" : [ {
    "path" : "Mobile Media Library/Italian - Images/Old Testament Stories",
    "collectionID" : "3d5fad817781430fb98b5bd32defda6b",
    "type" : "DEFAULT",
    "lastUpdatedDate" : "2022-12-13T11:16:42.892-07:00",
    "links" : [ {
      "rel" : "details",
      "href" : "https://titanapi.churchofjesuschrist.org/assetsearch/api/v2/collection/details/collectionID/3d5fad817781430fb98b5bd32defda6b"
    } ],
    "fileName" : "3d5fad817781430fb98b5bd32defda6b.json"
  }, {
    "path" : "Mobile Media Library/Italian - Images/Easter",
    "collectionID" : "04576a55768f432bb94d8f827b8f6d67",
    "type" : "DEFAULT",
    "lastUpdatedDate" : "2023-09-01T15:31:57.687-06:00",
    "links" : [ {
      "rel" : "details",
      "href" : "https://titanapi.churchofjesuschrist.org/assetsearch/api/v2/collection/details/collectionID/04576a55768f432bb94d8f827b8f6d67"
    } ],
    "fileName" : "04576a55768f432bb94d8f827b8f6d67.json"
  }, {
    "path" : "Mobile Media Library/Italian - Images/Gospel Art",
    "collectionID" : "8711bd839f484ae58762ce27295e3143",
    "type" : "DEFAULT",
    "lastUpdatedDate" : "2023-09-04T10:12:11.328-06:00",
    "links" : [ {
      "rel" : "details",
      "href" : "https://titanapi.churchofjesuschrist.org/assetsearch/api/v2/collection/details/collectionID/8711bd839f484ae58762ce27295e3143"
    } ],
    "fileName" : "8711bd839f484ae58762ce27295e3143.json"
  }, {
    "path" : "Mobile Media Library/Italian - Images/Seminary and Institute",
    "collectionID" : "976bdcb827d44358945508a840159e56",
    "type" : "DEFAULT",
    "lastUpdatedDate" : "2023-09-04T10:35:34.749-06:00",
    "links" : [ {
      "rel" : "details",
      "href" : "https://titanapi.churchofjesuschrist.org/assetsearch/api/v2/collection/details/collectionID/976bdcb827d44358945508a840159e56"
    } ],
    "fileName" : "976bdcb827d44358945508a840159e56.json"
  }, {
    "path" : "Mobile Media Library/Italian - Images/Book of Mormon Videos Images",
    "collectionID" : "4e5c7106576f4d75bf1965c6d37475b5",
    "type" : "DEFAULT",
    "lastUpdatedDate" : "2023-09-01T14:40:44.265-06:00",
    "links" : [ {
      "rel" : "details",
      "href" : "https://titanapi.churchofjesuschrist.org/assetsearch/api/v2/collection/details/collectionID/4e5c7106576f4d75bf1965c6d37475b5"
    } ],
    "fileName" : "4e5c7106576f4d75bf1965c6d37475b5.json"
  }, {
    "path" : "Mobile Media Library/Italian - Images/Church Leaders",
    "collectionID" : "68d39f1cf90c4d0fb024b1d56c963e30",
    "type" : "DEFAULT",
    "lastUpdatedDate" : "2023-09-01T15:10:28.300-06:00",
    "links" : [ {
      "rel" : "details",
      "href" : "https://titanapi.churchofjesuschrist.org/assetsearch/api/v2/collection/details/collectionID/68d39f1cf90c4d0fb024b1d56c963e30"
    } ],
    "fileName" : "68d39f1cf90c4d0fb024b1d56c963e30.json"
  }, {
    "path" : "Mobile Media Library/Italian - Images/Everyday People",
    "collectionID" : "c6bb87d48efd4814b14d565664a256e0",
    "type" : "DEFAULT",
    "lastUpdatedDate" : "2023-09-01T15:34:05.595-06:00",
    "links" : [ {
      "rel" : "details",
      "href" : "https://titanapi.churchofjesuschrist.org/assetsearch/api/v2/collection/details/collectionID/c6bb87d48efd4814b14d565664a256e0"
    } ],
    "fileName" : "c6bb87d48efd4814b14d565664a256e0.json"
  }, {
    "path" : "Mobile Media Library/Italian - Images/Primary",
    "collectionID" : "b5343f4b9d4b4c25b215372ad353c0ec",
    "type" : "DEFAULT",
    "lastUpdatedDate" : "2023-09-04T10:27:40.423-06:00",
    "links" : [ {
      "rel" : "details",
      "href" : "https://titanapi.churchofjesuschrist.org/assetsearch/api/v2/collection/details/collectionID/b5343f4b9d4b4c25b215372ad353c0ec"
    } ],
    "fileName" : "b5343f4b9d4b4c25b215372ad353c0ec.json"
  } ],
  "assets" : [ ],
  "fileName" : "0a3d27ffeff9430b88c8afd2fc26eb0665bd7a9e.json",
  "name" : "Italian - Images",
  "english" : false,
  "publicTitle" : "Immagini",
  "collectionUri" : "images"
}