{
  "parentCollectionID" : "d5e8644312c74774b43cca21ad6ca6a0",
  "parentCollectionPath" : "Mobile Media Library/English - Video/People/Latter-day Apostles",
  "collectionType" : "assets",
  "path" : "Mobile Media Library/English - Video/People/Latter-day Apostles/Ronald A. Rasband",
  "collectionID" : "0a884584524f40d688d8bf055b5d482d",
  "language" : "eng",
  "type" : "DEFAULT",
  "lastUpdatedDate" : "2019-12-17T12:20:42.164-07:00",
  "links" : [ {
    "rel" : "details",
    "href" : "https://titanapi.churchofjesuschrist.org/assetsearch/api/v2/collection/details/collectionID/0a884584524f40d688d8bf055b5d482d"
  } ],
  "coverImages" : [ {
    "asset" : {
      "assetID" : "da03cd9463ca11ee9fd5eeeeac1eac2b54cf4717"
    }
  } ],
  "related" : [ ],
  "metadata" : [ {
    "key" : "collectionUri",
    "value" : "ronald-a-rasband-video-collection",
    "language" : "eng"
  }, {
    "key" : "publicTitle",
    "value" : "Ronald A. Rasband",
    "language" : "eng"
  }, {
    "key" : "orderIndex",
    "value" : "25"
  } ],
  "children" : [ ],
  "assets" : [ {
    "asset" : {
      "assetID" : "293ad42108dccb995a2d26e2812dfd36d3ba2ceb"
    },
    "index" : 0,
    "addedDate" : 1576647674655,
    "metadata" : [ ]
  }, {
    "asset" : {
      "assetID" : "5f9c252d6afd05fe21b6ae7b4c68e843f05c9222"
    },
    "index" : 3,
    "addedDate" : 1576647747310,
    "metadata" : [ ]
  }, {
    "asset" : {
      "assetID" : "7f62a564b7efa14f1a28c2a308dbde3daf7ea63a"
    },
    "index" : 4,
    "addedDate" : 1576647775690,
    "metadata" : [ ]
  }, {
    "asset" : {
      "assetID" : "D052F056A94479F4D13F1D3A92789C145C119A60"
    },
    "index" : 1,
    "addedDate" : 1576647692594,
    "metadata" : [ ]
  }, {
    "asset" : {
      "assetID" : "510377A638BEC789368855E7749A5C480DF0A7C7"
    },
    "index" : 2,
    "addedDate" : 1576647713609,
    "metadata" : [ ]
  }, {
    "asset" : {
      "assetID" : "61b0029c84020c2886324b6a30f782762e21a368"
    },
    "index" : 5,
    "addedDate" : 1632956845379,
    "metadata" : [ ]
  }, {
    "asset" : {
      "assetID" : "c28cc7e240ec6dbd6d022cd7a42e631a8875f101"
    },
    "index" : 6,
    "addedDate" : 1702327890436,
    "metadata" : [ ]
  } ],
  "fileName" : "0a884584524f40d688d8bf055b5d482d.json",
  "name" : "Ronald A. Rasband",
  "english" : true,
  "publicTitle" : "Ronald A. Rasband",
  "collectionUri" : "ronald-a-rasband-video-collection"
}