{
  "sourceCollectionId" : "c2199b453b7e41a4aeff18aa3446722b",
  "parentCollectionID" : "22e3232e384c8650311b2940336759a89b8d6f8b",
  "parentCollectionPath" : "Mobile Media Library",
  "collectionType" : "collections",
  "path" : "Mobile Media Library/Tongan - Audio",
  "collectionID" : "0a8826cbd367462288d81c2f08cdc9ee",
  "language" : "ton",
  "type" : "DEFAULT",
  "lastUpdatedDate" : "2022-03-28T10:36:53.275-06:00",
  "links" : [ {
    "rel" : "details",
    "href" : "https://titanapi.churchofjesuschrist.org/assetsearch/api/v2/collection/details/collectionID/0a8826cbd367462288d81c2f08cdc9ee"
  } ],
  "coverImages" : [ {
    "asset" : {
      "assetID" : "cff86be91539e8cfcf96d57e80f4427f722dce2c"
    }
  } ],
  "related" : [ ],
  "metadata" : [ {
    "key" : "collectionUri",
    "value" : "audio",
    "language" : "ton"
  }, {
    "key" : "orderIndex",
    "value" : "107"
  } ],
  "children" : [ ],
  "assets" : [ ],
  "fileName" : "0a8826cbd367462288d81c2f08cdc9ee.json",
  "name" : "Tongan - Audio",
  "english" : false,
  "collectionUri" : "audio"
}