{
  "sourceCollectionId" : "38b9e81d44343bf4204296241568235d6e8e77c6",
  "parentCollectionID" : "22e3232e384c8650311b2940336759a89b8d6f8b",
  "parentCollectionPath" : "Mobile Media Library",
  "collectionType" : "collections",
  "path" : "Mobile Media Library/Portuguese - Featured",
  "collectionID" : "0b04a8307fe244508fe68aa6adc09d51",
  "language" : "por",
  "type" : "DEFAULT",
  "lastUpdatedDate" : "2024-03-15T08:40:47.474-06:00",
  "links" : [ {
    "rel" : "details",
    "href" : "https://titanapi.churchofjesuschrist.org/assetsearch/api/v2/collection/details/collectionID/0b04a8307fe244508fe68aa6adc09d51"
  } ],
  "coverImages" : [ {
    "asset" : {
      "assetID" : "5c5b75ddcf2269030e0462f3d042f36cce3d87c7"
    }
  } ],
  "related" : [ ],
  "metadata" : [ {
    "key" : "orderIndex",
    "value" : "15"
  }, {
    "key" : "channel",
    "value" : "mobile",
    "language" : "por"
  }, {
    "key" : "collectionUri",
    "value" : "featured",
    "language" : "por"
  }, {
    "key" : "publicTitle",
    "value" : "Em destaque",
    "language" : "por"
  } ],
  "children" : [ {
    "path" : "Mobile Media Library/Portuguese - Featured/Just Added",
    "collectionID" : "46571377116943e0a75361713f8c9b26",
    "type" : "DEFAULT",
    "lastUpdatedDate" : "2025-01-04T10:20:04.317-07:00",
    "links" : [ {
      "rel" : "details",
      "href" : "https://titanapi.churchofjesuschrist.org/assetsearch/api/v2/collection/details/collectionID/46571377116943e0a75361713f8c9b26"
    } ],
    "fileName" : "46571377116943e0a75361713f8c9b26.json"
  }, {
    "path" : "Mobile Media Library/Portuguese - Featured/Book of Mormon Videos: Full Episodes",
    "collectionID" : "c009449bf8a743ba9a75ba670772b796",
    "type" : "DEFAULT",
    "lastUpdatedDate" : "2024-01-11T14:05:53.977-07:00",
    "links" : [ {
      "rel" : "details",
      "href" : "https://titanapi.churchofjesuschrist.org/assetsearch/api/v2/collection/details/collectionID/c009449bf8a743ba9a75ba670772b796"
    } ],
    "fileName" : "c009449bf8a743ba9a75ba670772b796.json"
  }, {
    "path" : "Mobile Media Library/Portuguese - Featured/Newsroom Feature",
    "collectionID" : "b4e1697aec21405c8a1f67c38802f1da",
    "type" : "DEFAULT",
    "lastUpdatedDate" : "2024-04-08T23:34:51.183-06:00",
    "links" : [ {
      "rel" : "details",
      "href" : "https://titanapi.churchofjesuschrist.org/assetsearch/api/v2/collection/details/collectionID/b4e1697aec21405c8a1f67c38802f1da"
    } ],
    "fileName" : "b4e1697aec21405c8a1f67c38802f1da.json"
  }, {
    "path" : "Mobile Media Library/Portuguese - Featured/Book of Mormon Stories",
    "collectionID" : "884b4f51fb994ceea56fe183ab4a8856",
    "type" : "DEFAULT",
    "lastUpdatedDate" : "2024-03-20T11:50:52.798-06:00",
    "links" : [ {
      "rel" : "details",
      "href" : "https://titanapi.churchofjesuschrist.org/assetsearch/api/v2/collection/details/collectionID/884b4f51fb994ceea56fe183ab4a8856"
    } ],
    "fileName" : "884b4f51fb994ceea56fe183ab4a8856.json"
  }, {
    "path" : "Mobile Media Library/Portuguese - Featured/Love",
    "collectionID" : "f66ef22d2c9d4091906f3029a544e4ac",
    "type" : "DEFAULT",
    "lastUpdatedDate" : "2024-02-05T19:55:36.433-07:00",
    "links" : [ {
      "rel" : "details",
      "href" : "https://titanapi.churchofjesuschrist.org/assetsearch/api/v2/collection/details/collectionID/f66ef22d2c9d4091906f3029a544e4ac"
    } ],
    "fileName" : "f66ef22d2c9d4091906f3029a544e4ac.json"
  }, {
    "path" : "Mobile Media Library/Portuguese - Featured/General Conference Feature",
    "collectionID" : "1267f3adf4544ed1b4dd2310ec616b18",
    "type" : "DEFAULT",
    "lastUpdatedDate" : "2024-10-21T15:12:45.274-06:00",
    "links" : [ {
      "rel" : "details",
      "href" : "https://titanapi.churchofjesuschrist.org/assetsearch/api/v2/collection/details/collectionID/1267f3adf4544ed1b4dd2310ec616b18"
    } ],
    "fileName" : "1267f3adf4544ed1b4dd2310ec616b18.json"
  }, {
    "path" : "Mobile Media Library/Portuguese - Featured/Films",
    "collectionID" : "9279b0c61c7940d2ab30939e488c0b05",
    "type" : "DEFAULT",
    "lastUpdatedDate" : "2024-06-07T16:09:34.271-06:00",
    "links" : [ {
      "rel" : "details",
      "href" : "https://titanapi.churchofjesuschrist.org/assetsearch/api/v2/collection/details/collectionID/9279b0c61c7940d2ab30939e488c0b05"
    } ],
    "fileName" : "9279b0c61c7940d2ab30939e488c0b05.json"
  }, {
    "path" : "Mobile Media Library/Portuguese - Featured/Music Videos",
    "collectionID" : "e8149f5483a44c629801636c85b2438c",
    "type" : "DEFAULT",
    "lastUpdatedDate" : "2024-06-07T16:09:44.497-06:00",
    "links" : [ {
      "rel" : "details",
      "href" : "https://titanapi.churchofjesuschrist.org/assetsearch/api/v2/collection/details/collectionID/e8149f5483a44c629801636c85b2438c"
    } ],
    "fileName" : "e8149f5483a44c629801636c85b2438c.json"
  }, {
    "path" : "Mobile Media Library/Portuguese - Featured/Growing Faith",
    "collectionID" : "29dfa15d5c9b4d72990fc724e38be8eb",
    "type" : "DEFAULT",
    "lastUpdatedDate" : "2024-06-07T16:09:52.702-06:00",
    "links" : [ {
      "rel" : "details",
      "href" : "https://titanapi.churchofjesuschrist.org/assetsearch/api/v2/collection/details/collectionID/29dfa15d5c9b4d72990fc724e38be8eb"
    } ],
    "fileName" : "29dfa15d5c9b4d72990fc724e38be8eb.json"
  }, {
    "path" : "Mobile Media Library/Portuguese - Featured/Come Learn With Me: Book of Mormon",
    "collectionID" : "b6fbd9534ba44eb5a455f68510816d67",
    "type" : "DEFAULT",
    "lastUpdatedDate" : "2024-06-07T16:10:01.482-06:00",
    "links" : [ {
      "rel" : "details",
      "href" : "https://titanapi.churchofjesuschrist.org/assetsearch/api/v2/collection/details/collectionID/b6fbd9534ba44eb5a455f68510816d67"
    } ],
    "fileName" : "b6fbd9534ba44eb5a455f68510816d67.json"
  }, {
    "path" : "Mobile Media Library/Portuguese - Featured/Bible Videos",
    "collectionID" : "2a659f5df08643069d465e8ee22c9f5e",
    "type" : "DEFAULT",
    "lastUpdatedDate" : "2024-06-07T16:10:10.619-06:00",
    "links" : [ {
      "rel" : "details",
      "href" : "https://titanapi.churchofjesuschrist.org/assetsearch/api/v2/collection/details/collectionID/2a659f5df08643069d465e8ee22c9f5e"
    } ],
    "fileName" : "2a659f5df08643069d465e8ee22c9f5e.json"
  }, {
    "path" : "Mobile Media Library/Portuguese - Featured/This Week in Come, Follow Me",
    "collectionID" : "dc8233a5734c4320804327b46cff2f89",
    "type" : "DEFAULT",
    "lastUpdatedDate" : "2025-01-27T14:00:48.916-07:00",
    "links" : [ {
      "rel" : "details",
      "href" : "https://titanapi.churchofjesuschrist.org/assetsearch/api/v2/collection/details/collectionID/dc8233a5734c4320804327b46cff2f89"
    } ],
    "fileName" : "dc8233a5734c4320804327b46cff2f89.json"
  }, {
    "path" : "Mobile Media Library/Portuguese - Featured/Recent Inspirational Messages",
    "collectionID" : "06d1ccce13a840a58fdb49cf0edd7f78",
    "type" : "DEFAULT",
    "lastUpdatedDate" : "2024-03-20T11:51:12.669-06:00",
    "links" : [ {
      "rel" : "details",
      "href" : "https://titanapi.churchofjesuschrist.org/assetsearch/api/v2/collection/details/collectionID/06d1ccce13a840a58fdb49cf0edd7f78"
    } ],
    "fileName" : "06d1ccce13a840a58fdb49cf0edd7f78.json"
  } ],
  "assets" : [ {
    "asset" : {
      "assetID" : "7f9edc2a391411edb94ceeeeac1ebbbd74574413"
    },
    "index" : 9,
    "addedDate" : 1728333917179,
    "metadata" : [ ]
  }, {
    "asset" : {
      "assetID" : "7fe61e53391411edbc7ceeeeac1e55e02dd05c1f"
    },
    "index" : 7,
    "addedDate" : 1728333894959,
    "metadata" : [ ]
  }, {
    "asset" : {
      "assetID" : "8292a0b2391411ed85faeeeeac1e25ba39d77a00"
    },
    "index" : 5,
    "addedDate" : 1728333878657,
    "metadata" : [ ]
  }, {
    "asset" : {
      "assetID" : "965d7617391411ed839eeeeeac1e48dc34f9aab6"
    },
    "index" : 10,
    "addedDate" : 1728333928249,
    "metadata" : [ ]
  }, {
    "asset" : {
      "assetID" : "976ac764391411ed8263eeeeac1e29f9addc0cbc"
    },
    "index" : 4,
    "addedDate" : 1728333870554,
    "metadata" : [ ]
  }, {
    "asset" : {
      "assetID" : "9766cfc3391411eda6d3eeeeac1e599fe4110362"
    },
    "index" : 6,
    "addedDate" : 1728333886688,
    "metadata" : [ ]
  }, {
    "asset" : {
      "assetID" : "996e3882391411edbf01eeeeac1ed44443cef083"
    },
    "index" : 11,
    "addedDate" : 1728333936286,
    "metadata" : [ ]
  }, {
    "asset" : {
      "assetID" : "9e33afd3391411ed8d89eeeeac1ec9fe61fbfd38"
    },
    "index" : 2,
    "addedDate" : 1728333853545,
    "metadata" : [ ]
  }, {
    "asset" : {
      "assetID" : "a5f79a17391411ed8a7feeeeac1ed3a1fc642da0"
    },
    "index" : 0,
    "addedDate" : 1728333837494,
    "metadata" : [ ]
  }, {
    "asset" : {
      "assetID" : "cda6993c391411ed865deeeeac1eb302a46b2d38"
    },
    "index" : 8,
    "addedDate" : 1728333905709,
    "metadata" : [ ]
  }, {
    "asset" : {
      "assetID" : "dbd10098391411ed839eeeeeac1e48dc2d229bed"
    },
    "index" : 3,
    "addedDate" : 1728333862186,
    "metadata" : [ ]
  }, {
    "asset" : {
      "assetID" : "ec6e3cbd391411ed865deeeeac1eb302c1a1efcd"
    },
    "index" : 1,
    "addedDate" : 1728333845239,
    "metadata" : [ ]
  } ],
  "fileName" : "0b04a8307fe244508fe68aa6adc09d51.json",
  "name" : "Portuguese - Featured",
  "english" : false,
  "publicTitle" : "Em destaque",
  "collectionUri" : "featured"
}