{
  "parentCollectionID" : "bd59191796027fc53f46f5811862b4ff2baaa3b2",
  "parentCollectionPath" : "Mobile Media Library/English - Video/Topics",
  "collectionType" : "assets",
  "path" : "Mobile Media Library/English - Video/Topics/Atonement of Jesus Christ",
  "collectionID" : "0b2cfd5d44ab7c757420d614a50c1d02191cdb5a",
  "language" : "eng",
  "type" : "DEFAULT",
  "lastUpdatedDate" : "2022-09-07T15:15:43.598-06:00",
  "links" : [ {
    "rel" : "details",
    "href" : "https://titanapi.churchofjesuschrist.org/assetsearch/api/v2/collection/details/collectionID/0b2cfd5d44ab7c757420d614a50c1d02191cdb5a"
  } ],
  "coverImages" : [ {
    "asset" : {
      "assetID" : "a1eb716e5074cb885ef114d3fc47c6ddeb7cfefd"
    }
  } ],
  "related" : [ ],
  "metadata" : [ {
    "key" : "description",
    "value" : "The mercy and redemptive power of Christ’s sacrifice are extended to all God’s children. Apostles and leaders speak of repentance, grace, the sacrament, and the Savior’s love for all.",
    "language" : "eng"
  }, {
    "key" : "collectionUri",
    "value" : "atonement-of-jesus-christ-topic",
    "language" : "eng"
  }, {
    "key" : "publicTitle",
    "value" : "Atonement of Jesus Christ",
    "language" : "eng"
  }, {
    "key" : "orderIndex",
    "value" : "6"
  } ],
  "children" : [ ],
  "assets" : [ {
    "asset" : {
      "assetID" : "09f1f8cbb6c93f56710696736f5f37942deadccd"
    },
    "addedDate" : 1479406565048,
    "metadata" : [ ]
  }, {
    "asset" : {
      "assetID" : "da2551165c0fed10dcef0c3de4f7002c4ae9a022"
    },
    "addedDate" : 1479406470096,
    "metadata" : [ ]
  }, {
    "asset" : {
      "assetID" : "fb7801157210a305c90832483f14c18dccae7b39"
    },
    "addedDate" : 1479406460052,
    "metadata" : [ ]
  }, {
    "asset" : {
      "assetID" : "b3a09fefc09e1190b57619b1a02a02cc642fc5d1"
    },
    "addedDate" : 1479406477006,
    "metadata" : [ ]
  }, {
    "asset" : {
      "assetID" : "f3c4dfc8a97d106ee823139bc0fa6ed202d0d9ea"
    },
    "addedDate" : 1479406456078,
    "metadata" : [ ]
  }, {
    "asset" : {
      "assetID" : "86c83710b8ec1aee3df0dc48dbef61daffdbafaa"
    },
    "addedDate" : 1479406468043,
    "metadata" : [ ]
  }, {
    "asset" : {
      "assetID" : "5ffd22f2445fb33e9014099778215b50cc6e94ea"
    },
    "addedDate" : 1479406473017,
    "metadata" : [ ]
  }, {
    "asset" : {
      "assetID" : "26ba1a26788afd92b04ce9d12eb3f90943cb9edc"
    },
    "addedDate" : 1501091157066,
    "metadata" : [ ]
  }, {
    "asset" : {
      "assetID" : "5c32238dcb71416f96775fa4d7df02db1ac518b9"
    },
    "addedDate" : 1479406476036,
    "metadata" : [ ]
  }, {
    "asset" : {
      "assetID" : "e99f5b1e2e7eb63936b080c34fca7c90b1f7b132"
    },
    "addedDate" : 1479406469005,
    "metadata" : [ ]
  }, {
    "asset" : {
      "assetID" : "95597f32811ddb1306b04a5ed575922664b4699c"
    },
    "addedDate" : 1479406474035,
    "metadata" : [ ]
  }, {
    "asset" : {
      "assetID" : "f4ea9846e2e1816655dbae7218e5c537f87696be"
    },
    "addedDate" : 1479406466041,
    "metadata" : [ ]
  }, {
    "asset" : {
      "assetID" : "a5d212fec1f8c15a0d1f0c25d803fd2d9d95b7bd"
    },
    "addedDate" : 1565815124984,
    "metadata" : [ ]
  }, {
    "asset" : {
      "assetID" : "3c127989e4a21ef93c046245b77b0c9f262853e9"
    },
    "addedDate" : 1479406475065,
    "metadata" : [ ]
  }, {
    "asset" : {
      "assetID" : "8f4b8766dae94dcafe90fe4ab7e311cc083e93cf"
    },
    "addedDate" : 1479406459021,
    "metadata" : [ ]
  }, {
    "asset" : {
      "assetID" : "a281d56a182b394d31ec8cfda80032f5ff168c96"
    },
    "addedDate" : 1479406583040,
    "metadata" : [ ]
  }, {
    "asset" : {
      "assetID" : "bab0398858427977fcaa7a845da8abf49d18c688"
    },
    "addedDate" : 1632956868725,
    "metadata" : [ ]
  }, {
    "asset" : {
      "assetID" : "3765ef0b4ba6ade3c7322c881abaf931063739b4"
    },
    "addedDate" : 1479406461012,
    "metadata" : [ ]
  }, {
    "asset" : {
      "assetID" : "98003a59776501e2895349b960e5c4e6b9e5c34f"
    },
    "addedDate" : 1632956860919,
    "metadata" : [ ]
  }, {
    "asset" : {
      "assetID" : "c0d7513772c0f02358f9550aefa54e5b19edc526"
    },
    "addedDate" : 1479406478049,
    "metadata" : [ ]
  }, {
    "asset" : {
      "assetID" : "70032530d6b5ca6de77e756e9d350c50e3003d0a"
    },
    "addedDate" : 1479406477075,
    "metadata" : [ ]
  }, {
    "asset" : {
      "assetID" : "4c6a2e3bae53ad6bf392a1b9551de4efb412c576"
    },
    "addedDate" : 1479406475000,
    "metadata" : [ ]
  }, {
    "asset" : {
      "assetID" : "000fdf60488d7c9b253c5af5d29e692502b3c905"
    },
    "addedDate" : 1479406473076,
    "metadata" : [ ]
  }, {
    "asset" : {
      "assetID" : "b171c5130dbe1daa90e23c944a532e53f40fe2b0"
    },
    "addedDate" : 1592458844500,
    "metadata" : [ ]
  }, {
    "asset" : {
      "assetID" : "35a5f3ba8ef362654113c756c6e76e87e5a9ca4f"
    },
    "addedDate" : 1592433100340,
    "metadata" : [ ]
  }, {
    "asset" : {
      "assetID" : "78a170ea80cf562a7d68f0c78f652a009b15de38"
    },
    "addedDate" : 1632956851549,
    "metadata" : [ ]
  }, {
    "asset" : {
      "assetID" : "0e7669302dac5bcb8b7aa57219da763e2f792b20"
    },
    "addedDate" : 1592433100747,
    "metadata" : [ ]
  }, {
    "asset" : {
      "assetID" : "1589b6bab0d6faba8ea194559dd16cc753c67fd1"
    },
    "addedDate" : 1565815237013,
    "metadata" : [ ]
  }, {
    "asset" : {
      "assetID" : "2904266fa8e7dfdc0edab6abbfe2d05505c98a94"
    },
    "addedDate" : 1565815905268,
    "metadata" : [ ]
  }, {
    "asset" : {
      "assetID" : "bfa049f2e124599c247a731abc7eefe3902063e9"
    },
    "addedDate" : 1592433099965,
    "metadata" : [ ]
  }, {
    "asset" : {
      "assetID" : "81c338f872e096ce4ece27d8e67be452bd5ed70b"
    },
    "addedDate" : 1565670399790,
    "metadata" : [ ]
  }, {
    "asset" : {
      "assetID" : "08029ec3f3a1491e790e79e15454273410e6c23d"
    },
    "addedDate" : 1592433101215,
    "metadata" : [ ]
  }, {
    "asset" : {
      "assetID" : "2b563b33aae20c60c3771fcdfe7a73137ce8dbb4"
    },
    "addedDate" : 1592433099840,
    "metadata" : [ ]
  }, {
    "asset" : {
      "assetID" : "f264569c44f511ecbb10eeeeac1e44553af65797"
    },
    "addedDate" : 1642136230129,
    "metadata" : [ ]
  } ],
  "fileName" : "0b2cfd5d44ab7c757420d614a50c1d02191cdb5a.json",
  "name" : "Atonement of Jesus Christ",
  "english" : true,
  "publicTitle" : "Atonement of Jesus Christ",
  "description" : "The mercy and redemptive power of Christ’s sacrifice are extended to all God’s children. Apostles and leaders speak of repentance, grace, the sacrament, and the Savior’s love for all.",
  "collectionUri" : "atonement-of-jesus-christ-topic"
}