{
  "parentCollectionID" : "b91d19b3a88f45129e9ec20d8c175bfa",
  "parentCollectionPath" : "Mobile Media Library/English - Video/Scriptural Reenactments and Teachings/Book of Mormon Videos",
  "collectionType" : "assets",
  "path" : "Mobile Media Library/English - Video/Scriptural Reenactments and Teachings/Book of Mormon Videos/1 Nephi 18",
  "collectionID" : "0b6a7f04e7d84461b22c0fe346995da7",
  "language" : "eng",
  "type" : "DEFAULT",
  "lastUpdatedDate" : "2023-09-11T15:53:13.194-06:00",
  "links" : [ {
    "rel" : "details",
    "href" : "https://titanapi.churchofjesuschrist.org/assetsearch/api/v2/collection/details/collectionID/0b6a7f04e7d84461b22c0fe346995da7"
  } ],
  "coverImages" : [ {
    "asset" : {
      "assetID" : "bee4eedb0f9e76092c6149d9fc4b8962fa3cc3de"
    }
  } ],
  "related" : [ ],
  "metadata" : [ {
    "key" : "orderIndex",
    "value" : "9"
  }, {
    "key" : "channel",
    "value" : "mobile",
    "language" : "eng"
  }, {
    "key" : "collectionUri",
    "value" : "1-nephi-18",
    "language" : "eng"
  }, {
    "key" : "publicTitle",
    "value" : "1 Nephi 18",
    "language" : "eng"
  } ],
  "children" : [ ],
  "assets" : [ {
    "asset" : {
      "assetID" : "AD017B27AB2572DDB39381145B1068C8B70CAF37"
    },
    "index" : 0,
    "addedDate" : 1662565019590,
    "metadata" : [ ]
  }, {
    "asset" : {
      "assetID" : "0B3EEFB42BE4A9964D461FE4422B27D7D816E506"
    },
    "index" : 1,
    "addedDate" : 1662565019590,
    "metadata" : [ ]
  }, {
    "asset" : {
      "assetID" : "330052156466339B0BF8BA152B73B01A597DEFC0"
    },
    "index" : 2,
    "addedDate" : 1662565019593,
    "metadata" : [ ]
  }, {
    "asset" : {
      "assetID" : "C07B84B454240EBEBE9DCC7B91172DAAC652ADB5"
    },
    "index" : 3,
    "addedDate" : 1662565019590,
    "metadata" : [ ]
  }, {
    "asset" : {
      "assetID" : "64671DEB8958218D6B9593F08DE1A6F694A5221F"
    },
    "index" : 4,
    "addedDate" : 1662565019586,
    "metadata" : [ ]
  } ],
  "fileName" : "0b6a7f04e7d84461b22c0fe346995da7.json",
  "name" : "1 Nephi 18",
  "english" : true,
  "publicTitle" : "1 Nephi 18",
  "collectionUri" : "1-nephi-18"
}