{
  "sourceCollectionId" : "9469dcd2e95b0f73fd237301b21fecbd372d2e60",
  "parentCollectionID" : "22e3232e384c8650311b2940336759a89b8d6f8b",
  "parentCollectionPath" : "Mobile Media Library",
  "collectionType" : "collections",
  "path" : "Mobile Media Library/Swedish - Images",
  "collectionID" : "0b98f6820d9645c785998fd67bca3d4f",
  "language" : "swe",
  "type" : "DEFAULT",
  "lastUpdatedDate" : "2023-10-14T14:18:19.549-06:00",
  "links" : [ {
    "rel" : "details",
    "href" : "https://titanapi.churchofjesuschrist.org/assetsearch/api/v2/collection/details/collectionID/0b98f6820d9645c785998fd67bca3d4f"
  } ],
  "coverImages" : [ ],
  "related" : [ ],
  "metadata" : [ {
    "key" : "orderIndex",
    "value" : "100"
  }, {
    "key" : "collectionUri",
    "value" : "images",
    "language" : "swe"
  }, {
    "key" : "publicTitle",
    "value" : "Bilder",
    "language" : "swe"
  } ],
  "children" : [ {
    "path" : "Mobile Media Library/Swedish - Images/Easter",
    "collectionID" : "a98e36b22bcc45cd8be314cbcf903da3",
    "type" : "DEFAULT",
    "lastUpdatedDate" : "2023-10-14T14:30:00.791-06:00",
    "links" : [ {
      "rel" : "details",
      "href" : "https://titanapi.churchofjesuschrist.org/assetsearch/api/v2/collection/details/collectionID/a98e36b22bcc45cd8be314cbcf903da3"
    } ],
    "fileName" : "a98e36b22bcc45cd8be314cbcf903da3.json"
  }, {
    "path" : "Mobile Media Library/Swedish - Images/Gospel Art",
    "collectionID" : "85232a9b3e53428a85cbf6678346f686",
    "type" : "DEFAULT",
    "lastUpdatedDate" : "2023-10-14T14:30:44.548-06:00",
    "links" : [ {
      "rel" : "details",
      "href" : "https://titanapi.churchofjesuschrist.org/assetsearch/api/v2/collection/details/collectionID/85232a9b3e53428a85cbf6678346f686"
    } ],
    "fileName" : "85232a9b3e53428a85cbf6678346f686.json"
  }, {
    "path" : "Mobile Media Library/Swedish - Images/Seminary and Institute",
    "collectionID" : "e560f52fdae340a8940ea3fccefd6784",
    "type" : "DEFAULT",
    "lastUpdatedDate" : "2023-10-14T14:38:19.173-06:00",
    "links" : [ {
      "rel" : "details",
      "href" : "https://titanapi.churchofjesuschrist.org/assetsearch/api/v2/collection/details/collectionID/e560f52fdae340a8940ea3fccefd6784"
    } ],
    "fileName" : "e560f52fdae340a8940ea3fccefd6784.json"
  }, {
    "path" : "Mobile Media Library/Swedish - Images/Church Leaders",
    "collectionID" : "159dadd0139d4c11a03ed0d56ee8df96",
    "type" : "DEFAULT",
    "lastUpdatedDate" : "2023-10-14T14:19:36.679-06:00",
    "links" : [ {
      "rel" : "details",
      "href" : "https://titanapi.churchofjesuschrist.org/assetsearch/api/v2/collection/details/collectionID/159dadd0139d4c11a03ed0d56ee8df96"
    } ],
    "fileName" : "159dadd0139d4c11a03ed0d56ee8df96.json"
  } ],
  "assets" : [ ],
  "fileName" : "0b98f6820d9645c785998fd67bca3d4f.json",
  "name" : "Swedish - Images",
  "english" : false,
  "publicTitle" : "Bilder",
  "collectionUri" : "images"
}