{
  "parentCollectionID" : "c673d5ed57bf0830c574779a3125f5b769192493",
  "parentCollectionPath" : "Mobile Media Library/English - Video/Life Help/Self-Reliance Services and PEF/Education for Better Work",
  "collectionType" : "assets",
  "path" : "Mobile Media Library/English - Video/Life Help/Self-Reliance Services and PEF/Education for Better Work/Chapter 4: Should I apply for a Perpetual Education Fund loan?",
  "collectionID" : "0bf111ab04c3ac2d2524bb265341a0d05bade5ef",
  "language" : "eng",
  "type" : "DEFAULT",
  "lastUpdatedDate" : "2019-10-28T16:40:50.643-06:00",
  "links" : [ {
    "rel" : "details",
    "href" : "https://titanapi.churchofjesuschrist.org/assetsearch/api/v2/collection/details/collectionID/0bf111ab04c3ac2d2524bb265341a0d05bade5ef"
  } ],
  "coverImages" : [ {
    "asset" : {
      "assetID" : "befd60337367b0a0fe0d1024b09af25826298341"
    }
  } ],
  "related" : [ ],
  "metadata" : [ {
    "key" : "collectionUri",
    "value" : "chapter-4-should-i-apply-for-a-perpetual-education-fund-loan",
    "language" : "eng"
  }, {
    "key" : "publicTitle",
    "value" : "Chapter 4: Should I apply for a Perpetual Education Fund loan?",
    "language" : "eng"
  } ],
  "children" : [ ],
  "assets" : [ {
    "asset" : {
      "assetID" : "90dfeac6f0a5eff51e0c79a02b17a1870e84afe7"
    },
    "addedDate" : 1479317194021,
    "metadata" : [ ]
  }, {
    "asset" : {
      "assetID" : "865e2efa665ca023aeddcf3809790f5237a749ad"
    },
    "addedDate" : 1479317194080,
    "metadata" : [ ]
  } ],
  "fileName" : "0bf111ab04c3ac2d2524bb265341a0d05bade5ef.json",
  "name" : "Chapter 4: Should I apply for a Perpetual Education Fund loan?",
  "english" : true,
  "publicTitle" : "Chapter 4: Should I apply for a Perpetual Education Fund loan?",
  "collectionUri" : "chapter-4-should-i-apply-for-a-perpetual-education-fund-loan"
}