{
  "parentCollectionID" : "d5e8644312c74774b43cca21ad6ca6a0",
  "parentCollectionPath" : "Mobile Media Library/English - Video/People/Latter-day Apostles",
  "collectionType" : "assets",
  "path" : "Mobile Media Library/English - Video/People/Latter-day Apostles/Gerrit W. Gong",
  "collectionID" : "0c1a723663614a07b6efaa7d54b8f568",
  "language" : "eng",
  "type" : "DEFAULT",
  "lastUpdatedDate" : "2019-12-17T12:21:33.459-07:00",
  "links" : [ {
    "rel" : "details",
    "href" : "https://titanapi.churchofjesuschrist.org/assetsearch/api/v2/collection/details/collectionID/0c1a723663614a07b6efaa7d54b8f568"
  } ],
  "coverImages" : [ {
    "asset" : {
      "assetID" : "b254bff75df5bcbb13416dc58a48f5bb64d88179"
    }
  } ],
  "related" : [ ],
  "metadata" : [ {
    "key" : "collectionUri",
    "value" : "gerrit-w-gong-video-collection",
    "language" : "eng"
  }, {
    "key" : "publicTitle",
    "value" : "Gerrit W. Gong",
    "language" : "eng"
  }, {
    "key" : "orderIndex",
    "value" : "10"
  } ],
  "children" : [ ],
  "assets" : [ {
    "asset" : {
      "assetID" : "890004d50cf67348a0fb3908b5054e17e192fab3"
    },
    "index" : 3,
    "addedDate" : 1702327910734,
    "metadata" : [ ]
  }, {
    "asset" : {
      "assetID" : "67327d842bdc3dc696964c6c5ae0eca5e41d948e"
    },
    "index" : 2,
    "addedDate" : 1632956846800,
    "metadata" : [ ]
  }, {
    "asset" : {
      "assetID" : "914a2ceb443e537ecf4a807fcde0e19ae0b79917"
    },
    "index" : 1,
    "addedDate" : 1576648378227,
    "metadata" : [ ]
  }, {
    "asset" : {
      "assetID" : "DA75E9F84E6674B16C59F48C4D0BC9A7D8C60C88"
    },
    "index" : 0,
    "addedDate" : 1593379322470,
    "metadata" : [ ]
  }, {
    "asset" : {
      "assetID" : "D22D56A6AF0EF3D5F7532EA184ACA2A093DF18E0"
    },
    "index" : 4,
    "addedDate" : 1702327911035,
    "metadata" : [ ]
  } ],
  "fileName" : "0c1a723663614a07b6efaa7d54b8f568.json",
  "name" : "Gerrit W. Gong",
  "english" : true,
  "publicTitle" : "Gerrit W. Gong",
  "collectionUri" : "gerrit-w-gong-video-collection"
}