{
  "parentCollectionID" : "bd59191796027fc53f46f5811862b4ff2baaa3b2",
  "parentCollectionPath" : "Mobile Media Library/English - Video/Topics",
  "collectionType" : "assets",
  "path" : "Mobile Media Library/English - Video/Topics/Church Callings",
  "collectionID" : "0ce8bcf84e704af9a64681282e6f4f84",
  "language" : "eng",
  "type" : "DEFAULT",
  "lastUpdatedDate" : "2020-08-25T14:21:23.008-06:00",
  "links" : [ {
    "rel" : "details",
    "href" : "https://titanapi.churchofjesuschrist.org/assetsearch/api/v2/collection/details/collectionID/0ce8bcf84e704af9a64681282e6f4f84"
  } ],
  "coverImages" : [ {
    "asset" : {
      "assetID" : "22045874f63d0b8baa9197f964af09d26c6dee5c"
    }
  } ],
  "related" : [ ],
  "metadata" : [ {
    "key" : "description",
    "value" : "This is a collection of videos about callings in the Church, learning those duties, and receiving divine help for those who try and serve.",
    "language" : "eng"
  }, {
    "key" : "collectionUri",
    "value" : "church-callings-topic",
    "language" : "eng"
  }, {
    "key" : "publicTitle",
    "value" : "Church Callings",
    "language" : "eng"
  }, {
    "key" : "orderIndex",
    "value" : "14"
  } ],
  "children" : [ ],
  "assets" : [ {
    "asset" : {
      "assetID" : "98814b7fa0e423b01aab6ec60aa95c1b4c4f181f"
    },
    "addedDate" : 1576902479816,
    "metadata" : [ ]
  }, {
    "asset" : {
      "assetID" : "b67c551f97874e8b4f55c3a9c468c3bf9a4f5fbb"
    },
    "addedDate" : 1576902430603,
    "metadata" : [ ]
  }, {
    "asset" : {
      "assetID" : "f249a7d3c68ea7a001ff396f4fcd13bd6a8cb69c"
    },
    "addedDate" : 1576902351330,
    "metadata" : [ ]
  }, {
    "asset" : {
      "assetID" : "4f34bea8ec6364aa007a04a5c48e89a7f3a5892d"
    },
    "addedDate" : 1592433101075,
    "metadata" : [ ]
  }, {
    "asset" : {
      "assetID" : "21eaea7d69610bdb200aa57c05b1dd3f1607a9cc"
    },
    "addedDate" : 1576902495984,
    "metadata" : [ ]
  }, {
    "asset" : {
      "assetID" : "580e3469b9065a35ee38fc5b3a519f05b906c8c0"
    },
    "addedDate" : 1576902422073,
    "metadata" : [ ]
  }, {
    "asset" : {
      "assetID" : "fa8f86bb8b4832c7aad59805e5aca1367a7e984e"
    },
    "addedDate" : 1576902489489,
    "metadata" : [ ]
  }, {
    "asset" : {
      "assetID" : "11bde932c4c5031e806fea118980db4052779be2"
    },
    "addedDate" : 1576902459453,
    "metadata" : [ ]
  }, {
    "asset" : {
      "assetID" : "26c38c6ff2af18f2d0d426ba7806f9871231780b"
    },
    "addedDate" : 1576902507682,
    "metadata" : [ ]
  }, {
    "asset" : {
      "assetID" : "6cd96ade89fb1ad39b260c5289d7f74bb584a9d5"
    },
    "addedDate" : 1576902468216,
    "metadata" : [ ]
  }, {
    "asset" : {
      "assetID" : "4e4ac22e014a77efaefefecdbbf20b19365810cb"
    },
    "addedDate" : 1576902336580,
    "metadata" : [ ]
  }, {
    "asset" : {
      "assetID" : "7db98e814fb22b7f598fe65a335181ea91af15c2"
    },
    "addedDate" : 1576902324420,
    "metadata" : [ ]
  }, {
    "asset" : {
      "assetID" : "8c4c84f8faf5255ce3e5f38db603e937e9ab4a09"
    },
    "addedDate" : 1576902449332,
    "metadata" : [ ]
  }, {
    "asset" : {
      "assetID" : "05a1e8eb38958eb4cb3af70cb9749d7dd1027b9f"
    },
    "addedDate" : 1576902308794,
    "metadata" : [ ]
  } ],
  "fileName" : "0ce8bcf84e704af9a64681282e6f4f84.json",
  "name" : "Church Callings",
  "english" : true,
  "publicTitle" : "Church Callings",
  "description" : "This is a collection of videos about callings in the Church, learning those duties, and receiving divine help for those who try and serve.",
  "collectionUri" : "church-callings-topic"
}