{
  "parentCollectionID" : "375eec1a990147dc8a60062511cb8b44",
  "parentCollectionPath" : "Mobile Media Library/English - Video/Teaching and Lessons/Come, Follow Me/2025 Doctrine and Covenants Resources",
  "collectionType" : "assets",
  "path" : "Mobile Media Library/English - Video/Teaching and Lessons/Come, Follow Me/2025 Doctrine and Covenants Resources/November",
  "collectionID" : "0d0ff4c0a0e84316a8daf2cc8aa88a21",
  "language" : "eng",
  "type" : "DEFAULT",
  "lastUpdatedDate" : "2025-01-07T12:42:30.915-07:00",
  "links" : [ {
    "rel" : "details",
    "href" : "https://titanapi.churchofjesuschrist.org/assetsearch/api/v2/collection/details/collectionID/0d0ff4c0a0e84316a8daf2cc8aa88a21"
  } ],
  "coverImages" : [ {
    "asset" : {
      "assetID" : "30e798c9091aee94aef2e9c06e1a211b810ecef4"
    }
  } ],
  "related" : [ ],
  "metadata" : [ {
    "key" : "channel",
    "value" : "mobile",
    "language" : "eng"
  }, {
    "key" : "orderIndex",
    "value" : "11"
  }, {
    "key" : "collectionUri",
    "value" : "2025-doctrine-and-covenants-resources-november",
    "language" : "eng"
  }, {
    "key" : "publicTitle",
    "value" : "November",
    "language" : "eng"
  } ],
  "children" : [ ],
  "assets" : [ {
    "asset" : {
      "assetID" : "e179c7977743e29f4cd8c0979f1be054c45df003"
    },
    "index" : 1,
    "addedDate" : 1735270252234,
    "metadata" : [ ]
  }, {
    "asset" : {
      "assetID" : "743e66f4bf5721067b60f6660304011913556c8e"
    },
    "index" : 5,
    "addedDate" : 1735270294126,
    "metadata" : [ ]
  }, {
    "asset" : {
      "assetID" : "a61954a12984e4836a43c716d4d6f9422b431d0e"
    },
    "index" : 4,
    "addedDate" : 1735270284389,
    "metadata" : [ ]
  }, {
    "asset" : {
      "assetID" : "5d0960d406a429ce153d47da51f33c14e2dcb76d"
    },
    "index" : 2,
    "addedDate" : 1735270262615,
    "metadata" : [ ]
  }, {
    "asset" : {
      "assetID" : "6be29a76367d11ecb675eeeeac1e6a694b3ff3c7"
    },
    "index" : 0,
    "addedDate" : 1735270242702,
    "metadata" : [ ]
  }, {
    "asset" : {
      "assetID" : "6e0fda8b367d11ecb890eeeeac1e0eb46eabb235"
    },
    "index" : 3,
    "addedDate" : 1735270271910,
    "metadata" : [ ]
  }, {
    "asset" : {
      "assetID" : "6eb0ae88367d11ecbc25eeeeac1e29629ae83bcf"
    },
    "index" : 6,
    "addedDate" : 1735270303194,
    "metadata" : [ ]
  }, {
    "asset" : {
      "assetID" : "6f8340d3367d11eca29deeeeac1e03f97e73bffd"
    },
    "index" : 9,
    "addedDate" : 1735270338176,
    "metadata" : [ ]
  }, {
    "asset" : {
      "assetID" : "6eca29ef367d11ec8ef9eeeeac1e99aa8fe3dee1"
    },
    "index" : 7,
    "addedDate" : 1735270310715,
    "metadata" : [ ]
  }, {
    "asset" : {
      "assetID" : "6ef83ee5367d11ec95e0eeeeac1ece45f49f8de0"
    },
    "index" : 8,
    "addedDate" : 1735270328203,
    "metadata" : [ ]
  } ],
  "fileName" : "0d0ff4c0a0e84316a8daf2cc8aa88a21.json",
  "name" : "November",
  "english" : true,
  "publicTitle" : "November",
  "collectionUri" : "2025-doctrine-and-covenants-resources-november"
}