{
  "parentCollectionID" : "e30025804dc7443989067c1b234da192",
  "parentCollectionPath" : "Mobile Media Library/English - Video/Broadcasts/Teaching Religion to Youth and Young Adults",
  "collectionType" : "assets",
  "path" : "Mobile Media Library/English - Video/Broadcasts/Teaching Religion to Youth and Young Adults/2013–An Evening with Elder Dallin H. Oaks",
  "collectionID" : "0d3db7e1f1df44ffb8b2f0f033aaecfe",
  "language" : "eng",
  "type" : "DEFAULT",
  "lastUpdatedDate" : "2023-06-16T16:41:14.386-06:00",
  "links" : [ {
    "rel" : "details",
    "href" : "https://titanapi.churchofjesuschrist.org/assetsearch/api/v2/collection/details/collectionID/0d3db7e1f1df44ffb8b2f0f033aaecfe"
  } ],
  "coverImages" : [ {
    "asset" : {
      "assetID" : "65fa89b3bd2216654af4a75dca28ae3fa116deac"
    }
  } ],
  "related" : [ ],
  "metadata" : [ {
    "key" : "orderIndex",
    "value" : "11"
  }, {
    "key" : "collectionUri",
    "value" : "evening-with-a-general-authority-2013",
    "language" : "eng"
  }, {
    "key" : "publicTitle",
    "value" : "2013–An Evening with Elder Dallin H. Oaks",
    "language" : "eng"
  } ],
  "children" : [ ],
  "assets" : [ {
    "asset" : {
      "assetID" : "d2suoz8iimzigehvy8nvcyhxzwigmw1xp57gqrjx"
    },
    "index" : 0,
    "addedDate" : 1686951991660,
    "metadata" : [ ]
  }, {
    "asset" : {
      "assetID" : "wm2h4bl9uuhpfjw9tn30suss7we779sjg9qmncsj"
    },
    "index" : 1,
    "addedDate" : 1686952013132,
    "metadata" : [ ]
  } ],
  "fileName" : "0d3db7e1f1df44ffb8b2f0f033aaecfe.json",
  "name" : "2013–An Evening with Elder Dallin H. Oaks",
  "english" : true,
  "publicTitle" : "2013–An Evening with Elder Dallin H. Oaks",
  "collectionUri" : "evening-with-a-general-authority-2013"
}