{
  "parentCollectionID" : "60e2b92464e343075045aad1b78475060babe874",
  "parentCollectionPath" : "Mobile Media Library/English - Video/Callings and Trainings/Missionary",
  "collectionType" : "assets",
  "path" : "Mobile Media Library/English - Video/Callings and Trainings/Missionary/Young Service Missionary",
  "collectionID" : "0d500f67cd7614f50c6c9c8d86deec0742101896",
  "language" : "eng",
  "type" : "DEFAULT",
  "lastUpdatedDate" : "2023-09-15T09:11:18.116-06:00",
  "links" : [ {
    "rel" : "details",
    "href" : "https://titanapi.churchofjesuschrist.org/assetsearch/api/v2/collection/details/collectionID/0d500f67cd7614f50c6c9c8d86deec0742101896"
  } ],
  "coverImages" : [ {
    "asset" : {
      "assetID" : "6bc8052403c0a082a5cb7b358dd80343842c6a41"
    }
  } ],
  "related" : [ ],
  "metadata" : [ {
    "key" : "collectionUri",
    "value" : "young-service-missionary",
    "language" : "eng"
  }, {
    "key" : "publicTitle",
    "value" : "Young Service Missionary",
    "language" : "eng"
  } ],
  "children" : [ ],
  "assets" : [ {
    "asset" : {
      "assetID" : "518c0ba0189e8b7e72fa15a214c5dac9db24b382"
    },
    "addedDate" : 1479231930061,
    "metadata" : [ ]
  }, {
    "asset" : {
      "assetID" : "87564a328d4c3ed88936afe97c3ed3a2a036c8bd"
    },
    "addedDate" : 1578547356099,
    "metadata" : [ ]
  }, {
    "asset" : {
      "assetID" : "3835ebdefb8305a3f762308c3ff492c2ca610022"
    },
    "addedDate" : 1479231932067,
    "metadata" : [ ]
  }, {
    "asset" : {
      "assetID" : "853bc7ef7caa04292ab6c40630cd08cee0bad4f8"
    },
    "addedDate" : 1479231931062,
    "metadata" : [ ]
  }, {
    "asset" : {
      "assetID" : "f09487e05ec94d8ed71ada624179a22467abc3fa"
    },
    "addedDate" : 1632956877709,
    "metadata" : [ ]
  }, {
    "asset" : {
      "assetID" : "d1939686157e4dbc4aa34fc1ea4add3f2abe6d0f"
    },
    "addedDate" : 1582558138734,
    "metadata" : [ ]
  }, {
    "asset" : {
      "assetID" : "6b2a358ddaf457dfe5825ffd122f9a0ce19ab376"
    },
    "addedDate" : 1582557753172,
    "metadata" : [ ]
  }, {
    "asset" : {
      "assetID" : "3332B35A3114DB01EF31D19DC8C2F13EE11A8A8F"
    },
    "addedDate" : 1574117965251,
    "metadata" : [ ]
  }, {
    "asset" : {
      "assetID" : "8BAB82875A13826DC0FF1DC70804C903BF996974"
    },
    "addedDate" : 1574118010402,
    "metadata" : [ ]
  } ],
  "fileName" : "0d500f67cd7614f50c6c9c8d86deec0742101896.json",
  "name" : "Young Service Missionary",
  "english" : true,
  "publicTitle" : "Young Service Missionary",
  "collectionUri" : "young-service-missionary"
}