{
  "parentCollectionID" : "c5cde50556d450cc98d6bd809ff970b5160cb941",
  "parentCollectionPath" : "Mobile Media Library/English - Video/Teaching and Lessons/Seminary and Institute/Online Seminary",
  "collectionType" : "collections",
  "path" : "Mobile Media Library/English - Video/Teaching and Lessons/Seminary and Institute/Online Seminary/D&C Online Seminary Reference",
  "collectionID" : "0e22f7439564f2b0e7eeca06cca014d23569bcae",
  "language" : "eng",
  "type" : "DEFAULT",
  "lastUpdatedDate" : "2019-10-28T16:40:50.643-06:00",
  "links" : [ {
    "rel" : "details",
    "href" : "https://titanapi.churchofjesuschrist.org/assetsearch/api/v2/collection/details/collectionID/0e22f7439564f2b0e7eeca06cca014d23569bcae"
  } ],
  "coverImages" : [ {
    "asset" : {
      "assetID" : "bb358751f7abc57b213aad6cc7486b32c861aa6a"
    }
  } ],
  "related" : [ ],
  "metadata" : [ {
    "key" : "collectionUri",
    "value" : "dc-online-seminary-reference",
    "language" : "eng"
  }, {
    "key" : "publicTitle",
    "value" : "D&C Online Seminary Reference",
    "language" : "eng"
  }, {
    "key" : "orderIndex",
    "value" : "3"
  } ],
  "children" : [ {
    "path" : "Mobile Media Library/English - Video/Teaching and Lessons/Seminary and Institute/Online Seminary/D&C Online Seminary Reference/Unit 9 (D&C)",
    "collectionID" : "5e89a5e17f73cd7ff3d2a05098500e5d2145d691",
    "type" : "DEFAULT",
    "lastUpdatedDate" : "2020-04-15T22:23:53.926-06:00",
    "links" : [ {
      "rel" : "details",
      "href" : "https://titanapi.churchofjesuschrist.org/assetsearch/api/v2/collection/details/collectionID/5e89a5e17f73cd7ff3d2a05098500e5d2145d691"
    } ],
    "fileName" : "5e89a5e17f73cd7ff3d2a05098500e5d2145d691.json"
  }, {
    "path" : "Mobile Media Library/English - Video/Teaching and Lessons/Seminary and Institute/Online Seminary/D&C Online Seminary Reference/Unit 1 (D&C)",
    "collectionID" : "46f3a592f6f2dc8eb91a09effef5446027466f71",
    "type" : "DEFAULT",
    "lastUpdatedDate" : "2020-04-15T22:23:52.778-06:00",
    "links" : [ {
      "rel" : "details",
      "href" : "https://titanapi.churchofjesuschrist.org/assetsearch/api/v2/collection/details/collectionID/46f3a592f6f2dc8eb91a09effef5446027466f71"
    } ],
    "fileName" : "46f3a592f6f2dc8eb91a09effef5446027466f71.json"
  }, {
    "path" : "Mobile Media Library/English - Video/Teaching and Lessons/Seminary and Institute/Online Seminary/D&C Online Seminary Reference/Unit 0 (D&C)",
    "collectionID" : "b3e9ec674016a622448be0d705591bad101636fe",
    "type" : "DEFAULT",
    "lastUpdatedDate" : "2020-04-15T22:23:51.632-06:00",
    "links" : [ {
      "rel" : "details",
      "href" : "https://titanapi.churchofjesuschrist.org/assetsearch/api/v2/collection/details/collectionID/b3e9ec674016a622448be0d705591bad101636fe"
    } ],
    "fileName" : "b3e9ec674016a622448be0d705591bad101636fe.json"
  }, {
    "path" : "Mobile Media Library/English - Video/Teaching and Lessons/Seminary and Institute/Online Seminary/D&C Online Seminary Reference/Unit 10 (D&C)",
    "collectionID" : "5cab727874147439773151518ed8cf2c330c2530",
    "type" : "DEFAULT",
    "lastUpdatedDate" : "2020-04-15T22:23:55.501-06:00",
    "links" : [ {
      "rel" : "details",
      "href" : "https://titanapi.churchofjesuschrist.org/assetsearch/api/v2/collection/details/collectionID/5cab727874147439773151518ed8cf2c330c2530"
    } ],
    "fileName" : "5cab727874147439773151518ed8cf2c330c2530.json"
  }, {
    "path" : "Mobile Media Library/English - Video/Teaching and Lessons/Seminary and Institute/Online Seminary/D&C Online Seminary Reference/Unit 21 (D&C)",
    "collectionID" : "4529e624edf6f27c0960affb8c8bb9252b84ebf5",
    "type" : "DEFAULT",
    "lastUpdatedDate" : "2020-04-15T22:24:06.064-06:00",
    "links" : [ {
      "rel" : "details",
      "href" : "https://titanapi.churchofjesuschrist.org/assetsearch/api/v2/collection/details/collectionID/4529e624edf6f27c0960affb8c8bb9252b84ebf5"
    } ],
    "fileName" : "4529e624edf6f27c0960affb8c8bb9252b84ebf5.json"
  }, {
    "path" : "Mobile Media Library/English - Video/Teaching and Lessons/Seminary and Institute/Online Seminary/D&C Online Seminary Reference/Unit 11 (D&C)",
    "collectionID" : "1808dc0f7bbf5147397fe3859794607d3643b341",
    "type" : "DEFAULT",
    "lastUpdatedDate" : "2020-04-15T22:23:56.185-06:00",
    "links" : [ {
      "rel" : "details",
      "href" : "https://titanapi.churchofjesuschrist.org/assetsearch/api/v2/collection/details/collectionID/1808dc0f7bbf5147397fe3859794607d3643b341"
    } ],
    "fileName" : "1808dc0f7bbf5147397fe3859794607d3643b341.json"
  }, {
    "path" : "Mobile Media Library/English - Video/Teaching and Lessons/Seminary and Institute/Online Seminary/D&C Online Seminary Reference/Unit 27 (D&C)",
    "collectionID" : "79f2b3fac9ee33634771053ba49f2d6191a08427",
    "type" : "DEFAULT",
    "lastUpdatedDate" : "2020-04-15T22:24:10.328-06:00",
    "links" : [ {
      "rel" : "details",
      "href" : "https://titanapi.churchofjesuschrist.org/assetsearch/api/v2/collection/details/collectionID/79f2b3fac9ee33634771053ba49f2d6191a08427"
    } ],
    "fileName" : "79f2b3fac9ee33634771053ba49f2d6191a08427.json"
  }, {
    "path" : "Mobile Media Library/English - Video/Teaching and Lessons/Seminary and Institute/Online Seminary/D&C Online Seminary Reference/Unit 8 (D&C)",
    "collectionID" : "9204df4a7579e3f2c5aa4872a5cae380a77145e5",
    "type" : "DEFAULT",
    "lastUpdatedDate" : "2020-04-15T22:24:18.293-06:00",
    "links" : [ {
      "rel" : "details",
      "href" : "https://titanapi.churchofjesuschrist.org/assetsearch/api/v2/collection/details/collectionID/9204df4a7579e3f2c5aa4872a5cae380a77145e5"
    } ],
    "fileName" : "9204df4a7579e3f2c5aa4872a5cae380a77145e5.json"
  }, {
    "path" : "Mobile Media Library/English - Video/Teaching and Lessons/Seminary and Institute/Online Seminary/D&C Online Seminary Reference/Unit 24 (D&C)",
    "collectionID" : "174c80dffd0487a637929120fc068380ddbe3d69",
    "type" : "DEFAULT",
    "lastUpdatedDate" : "2020-04-15T22:24:08.770-06:00",
    "links" : [ {
      "rel" : "details",
      "href" : "https://titanapi.churchofjesuschrist.org/assetsearch/api/v2/collection/details/collectionID/174c80dffd0487a637929120fc068380ddbe3d69"
    } ],
    "fileName" : "174c80dffd0487a637929120fc068380ddbe3d69.json"
  }, {
    "path" : "Mobile Media Library/English - Video/Teaching and Lessons/Seminary and Institute/Online Seminary/D&C Online Seminary Reference/Unit 25 (D&C)",
    "collectionID" : "1e1320cb4191d6c7c63d943d240a005ce6ce63df",
    "type" : "DEFAULT",
    "lastUpdatedDate" : "2020-04-15T22:24:09.203-06:00",
    "links" : [ {
      "rel" : "details",
      "href" : "https://titanapi.churchofjesuschrist.org/assetsearch/api/v2/collection/details/collectionID/1e1320cb4191d6c7c63d943d240a005ce6ce63df"
    } ],
    "fileName" : "1e1320cb4191d6c7c63d943d240a005ce6ce63df.json"
  }, {
    "path" : "Mobile Media Library/English - Video/Teaching and Lessons/Seminary and Institute/Online Seminary/D&C Online Seminary Reference/Unit 13 (D&C)",
    "collectionID" : "56e907c3684768e66493bdbdea1ef6a35188ba05",
    "type" : "DEFAULT",
    "lastUpdatedDate" : "2020-04-15T22:23:57.739-06:00",
    "links" : [ {
      "rel" : "details",
      "href" : "https://titanapi.churchofjesuschrist.org/assetsearch/api/v2/collection/details/collectionID/56e907c3684768e66493bdbdea1ef6a35188ba05"
    } ],
    "fileName" : "56e907c3684768e66493bdbdea1ef6a35188ba05.json"
  }, {
    "path" : "Mobile Media Library/English - Video/Teaching and Lessons/Seminary and Institute/Online Seminary/D&C Online Seminary Reference/Unit 19 (D&C)",
    "collectionID" : "dc14c3b8fa290e03283623b59fdabdff91ed5bd0",
    "type" : "DEFAULT",
    "lastUpdatedDate" : "2020-04-15T22:24:04.719-06:00",
    "links" : [ {
      "rel" : "details",
      "href" : "https://titanapi.churchofjesuschrist.org/assetsearch/api/v2/collection/details/collectionID/dc14c3b8fa290e03283623b59fdabdff91ed5bd0"
    } ],
    "fileName" : "dc14c3b8fa290e03283623b59fdabdff91ed5bd0.json"
  }, {
    "path" : "Mobile Media Library/English - Video/Teaching and Lessons/Seminary and Institute/Online Seminary/D&C Online Seminary Reference/Unit 3 (D&C)",
    "collectionID" : "07ba616f9aa236d91cf73f596f2e66c89dc8b405",
    "type" : "DEFAULT",
    "lastUpdatedDate" : "2020-04-15T22:24:12.811-06:00",
    "links" : [ {
      "rel" : "details",
      "href" : "https://titanapi.churchofjesuschrist.org/assetsearch/api/v2/collection/details/collectionID/07ba616f9aa236d91cf73f596f2e66c89dc8b405"
    } ],
    "fileName" : "07ba616f9aa236d91cf73f596f2e66c89dc8b405.json"
  }, {
    "path" : "Mobile Media Library/English - Video/Teaching and Lessons/Seminary and Institute/Online Seminary/D&C Online Seminary Reference/Unit 22 (D&C)",
    "collectionID" : "6334a3ad9e8cf367a45d634c7151682ae1cb012a",
    "type" : "DEFAULT",
    "lastUpdatedDate" : "2020-04-15T22:24:07.586-06:00",
    "links" : [ {
      "rel" : "details",
      "href" : "https://titanapi.churchofjesuschrist.org/assetsearch/api/v2/collection/details/collectionID/6334a3ad9e8cf367a45d634c7151682ae1cb012a"
    } ],
    "fileName" : "6334a3ad9e8cf367a45d634c7151682ae1cb012a.json"
  }, {
    "path" : "Mobile Media Library/English - Video/Teaching and Lessons/Seminary and Institute/Online Seminary/D&C Online Seminary Reference/Unit 5 (D&C)",
    "collectionID" : "cd83414ca455c99370388e32cce29a766b50cec3",
    "type" : "DEFAULT",
    "lastUpdatedDate" : "2020-04-15T22:24:16.148-06:00",
    "links" : [ {
      "rel" : "details",
      "href" : "https://titanapi.churchofjesuschrist.org/assetsearch/api/v2/collection/details/collectionID/cd83414ca455c99370388e32cce29a766b50cec3"
    } ],
    "fileName" : "cd83414ca455c99370388e32cce29a766b50cec3.json"
  }, {
    "path" : "Mobile Media Library/English - Video/Teaching and Lessons/Seminary and Institute/Online Seminary/D&C Online Seminary Reference/Unit 2 (D&C)",
    "collectionID" : "20c62c7735b5da6564bc87ce6dc4b9738698f0e1",
    "type" : "DEFAULT",
    "lastUpdatedDate" : "2020-04-15T22:23:54.521-06:00",
    "links" : [ {
      "rel" : "details",
      "href" : "https://titanapi.churchofjesuschrist.org/assetsearch/api/v2/collection/details/collectionID/20c62c7735b5da6564bc87ce6dc4b9738698f0e1"
    } ],
    "fileName" : "20c62c7735b5da6564bc87ce6dc4b9738698f0e1.json"
  }, {
    "path" : "Mobile Media Library/English - Video/Teaching and Lessons/Seminary and Institute/Online Seminary/D&C Online Seminary Reference/Unit 12 (D&C)",
    "collectionID" : "e67925056071a68e263ada2a1908497c87920609",
    "type" : "DEFAULT",
    "lastUpdatedDate" : "2020-04-15T22:23:57.030-06:00",
    "links" : [ {
      "rel" : "details",
      "href" : "https://titanapi.churchofjesuschrist.org/assetsearch/api/v2/collection/details/collectionID/e67925056071a68e263ada2a1908497c87920609"
    } ],
    "fileName" : "e67925056071a68e263ada2a1908497c87920609.json"
  }, {
    "path" : "Mobile Media Library/English - Video/Teaching and Lessons/Seminary and Institute/Online Seminary/D&C Online Seminary Reference/Unit 30 (D&C)",
    "collectionID" : "45a7b64d4c291571507cb01abbee7fa3ee7add68",
    "type" : "DEFAULT",
    "lastUpdatedDate" : "2020-04-15T22:24:13.731-06:00",
    "links" : [ {
      "rel" : "details",
      "href" : "https://titanapi.churchofjesuschrist.org/assetsearch/api/v2/collection/details/collectionID/45a7b64d4c291571507cb01abbee7fa3ee7add68"
    } ],
    "fileName" : "45a7b64d4c291571507cb01abbee7fa3ee7add68.json"
  }, {
    "path" : "Mobile Media Library/English - Video/Teaching and Lessons/Seminary and Institute/Online Seminary/D&C Online Seminary Reference/Unit 4 (D&C)",
    "collectionID" : "4b62b08548144d1d17e546506a6412aedea0e04b",
    "type" : "DEFAULT",
    "lastUpdatedDate" : "2020-04-15T22:24:14.507-06:00",
    "links" : [ {
      "rel" : "details",
      "href" : "https://titanapi.churchofjesuschrist.org/assetsearch/api/v2/collection/details/collectionID/4b62b08548144d1d17e546506a6412aedea0e04b"
    } ],
    "fileName" : "4b62b08548144d1d17e546506a6412aedea0e04b.json"
  }, {
    "path" : "Mobile Media Library/English - Video/Teaching and Lessons/Seminary and Institute/Online Seminary/D&C Online Seminary Reference/Unit 23 (D&C)",
    "collectionID" : "bd0b63163e842cb675a820b5fe0388afabe82f3c",
    "type" : "DEFAULT",
    "lastUpdatedDate" : "2020-04-15T22:24:08.130-06:00",
    "links" : [ {
      "rel" : "details",
      "href" : "https://titanapi.churchofjesuschrist.org/assetsearch/api/v2/collection/details/collectionID/bd0b63163e842cb675a820b5fe0388afabe82f3c"
    } ],
    "fileName" : "bd0b63163e842cb675a820b5fe0388afabe82f3c.json"
  }, {
    "path" : "Mobile Media Library/English - Video/Teaching and Lessons/Seminary and Institute/Online Seminary/D&C Online Seminary Reference/Unit 15 (D&C)",
    "collectionID" : "8de62745aa25b1118b79e6ba3fe7593f45f95e31",
    "type" : "DEFAULT",
    "lastUpdatedDate" : "2020-04-15T22:24:00.712-06:00",
    "links" : [ {
      "rel" : "details",
      "href" : "https://titanapi.churchofjesuschrist.org/assetsearch/api/v2/collection/details/collectionID/8de62745aa25b1118b79e6ba3fe7593f45f95e31"
    } ],
    "fileName" : "8de62745aa25b1118b79e6ba3fe7593f45f95e31.json"
  }, {
    "path" : "Mobile Media Library/English - Video/Teaching and Lessons/Seminary and Institute/Online Seminary/D&C Online Seminary Reference/Unit 7 (D&C)",
    "collectionID" : "37c6b5afbada28927507bb97e51e361d181adabe",
    "type" : "DEFAULT",
    "lastUpdatedDate" : "2020-04-15T22:24:17.580-06:00",
    "links" : [ {
      "rel" : "details",
      "href" : "https://titanapi.churchofjesuschrist.org/assetsearch/api/v2/collection/details/collectionID/37c6b5afbada28927507bb97e51e361d181adabe"
    } ],
    "fileName" : "37c6b5afbada28927507bb97e51e361d181adabe.json"
  }, {
    "path" : "Mobile Media Library/English - Video/Teaching and Lessons/Seminary and Institute/Online Seminary/D&C Online Seminary Reference/Unit 16 (D&C)",
    "collectionID" : "8332e2f6a1fac36f2365fe9311c29aeae7d04b0b",
    "type" : "DEFAULT",
    "lastUpdatedDate" : "2020-04-15T22:24:01.748-06:00",
    "links" : [ {
      "rel" : "details",
      "href" : "https://titanapi.churchofjesuschrist.org/assetsearch/api/v2/collection/details/collectionID/8332e2f6a1fac36f2365fe9311c29aeae7d04b0b"
    } ],
    "fileName" : "8332e2f6a1fac36f2365fe9311c29aeae7d04b0b.json"
  }, {
    "path" : "Mobile Media Library/English - Video/Teaching and Lessons/Seminary and Institute/Online Seminary/D&C Online Seminary Reference/Unit 28 (D&C)",
    "collectionID" : "d7461756a34a63b0cc81c1d6a2d22c83daf9eb0d",
    "type" : "DEFAULT",
    "lastUpdatedDate" : "2020-04-15T22:24:10.779-06:00",
    "links" : [ {
      "rel" : "details",
      "href" : "https://titanapi.churchofjesuschrist.org/assetsearch/api/v2/collection/details/collectionID/d7461756a34a63b0cc81c1d6a2d22c83daf9eb0d"
    } ],
    "fileName" : "d7461756a34a63b0cc81c1d6a2d22c83daf9eb0d.json"
  }, {
    "path" : "Mobile Media Library/English - Video/Teaching and Lessons/Seminary and Institute/Online Seminary/D&C Online Seminary Reference/Unit 18 (D&C)",
    "collectionID" : "771bff2b51781e2278248c45beb3b3b351cf9711",
    "type" : "DEFAULT",
    "lastUpdatedDate" : "2020-04-15T22:24:03.999-06:00",
    "links" : [ {
      "rel" : "details",
      "href" : "https://titanapi.churchofjesuschrist.org/assetsearch/api/v2/collection/details/collectionID/771bff2b51781e2278248c45beb3b3b351cf9711"
    } ],
    "fileName" : "771bff2b51781e2278248c45beb3b3b351cf9711.json"
  }, {
    "path" : "Mobile Media Library/English - Video/Teaching and Lessons/Seminary and Institute/Online Seminary/D&C Online Seminary Reference/Unit 14 (D&C)",
    "collectionID" : "2a4217ca021541d80db0bcf814eb917e6b765188",
    "type" : "DEFAULT",
    "lastUpdatedDate" : "2020-04-15T22:23:59.915-06:00",
    "links" : [ {
      "rel" : "details",
      "href" : "https://titanapi.churchofjesuschrist.org/assetsearch/api/v2/collection/details/collectionID/2a4217ca021541d80db0bcf814eb917e6b765188"
    } ],
    "fileName" : "2a4217ca021541d80db0bcf814eb917e6b765188.json"
  }, {
    "path" : "Mobile Media Library/English - Video/Teaching and Lessons/Seminary and Institute/Online Seminary/D&C Online Seminary Reference/Unit 6 (D&C)",
    "collectionID" : "918a3a4ad0f623cf7d60dd1d7999aeb9c6f2e404",
    "type" : "DEFAULT",
    "lastUpdatedDate" : "2020-04-15T22:24:16.923-06:00",
    "links" : [ {
      "rel" : "details",
      "href" : "https://titanapi.churchofjesuschrist.org/assetsearch/api/v2/collection/details/collectionID/918a3a4ad0f623cf7d60dd1d7999aeb9c6f2e404"
    } ],
    "fileName" : "918a3a4ad0f623cf7d60dd1d7999aeb9c6f2e404.json"
  }, {
    "path" : "Mobile Media Library/English - Video/Teaching and Lessons/Seminary and Institute/Online Seminary/D&C Online Seminary Reference/Unit 26 (D&C)",
    "collectionID" : "1f2c78700370b818f7ab5f9cb8569432d07c1c98",
    "type" : "DEFAULT",
    "lastUpdatedDate" : "2020-04-15T22:24:09.759-06:00",
    "links" : [ {
      "rel" : "details",
      "href" : "https://titanapi.churchofjesuschrist.org/assetsearch/api/v2/collection/details/collectionID/1f2c78700370b818f7ab5f9cb8569432d07c1c98"
    } ],
    "fileName" : "1f2c78700370b818f7ab5f9cb8569432d07c1c98.json"
  }, {
    "path" : "Mobile Media Library/English - Video/Teaching and Lessons/Seminary and Institute/Online Seminary/D&C Online Seminary Reference/Unit 20 (D&C)",
    "collectionID" : "675318afc25b4f69b94803ace9f79c60f8b22268",
    "type" : "DEFAULT",
    "lastUpdatedDate" : "2020-04-15T22:24:05.413-06:00",
    "links" : [ {
      "rel" : "details",
      "href" : "https://titanapi.churchofjesuschrist.org/assetsearch/api/v2/collection/details/collectionID/675318afc25b4f69b94803ace9f79c60f8b22268"
    } ],
    "fileName" : "675318afc25b4f69b94803ace9f79c60f8b22268.json"
  }, {
    "path" : "Mobile Media Library/English - Video/Teaching and Lessons/Seminary and Institute/Online Seminary/D&C Online Seminary Reference/Unit 17 (D&C)",
    "collectionID" : "a5771e059fb0882ea9fd474051374ad51f7fddb6",
    "type" : "DEFAULT",
    "lastUpdatedDate" : "2020-04-15T22:24:03.132-06:00",
    "links" : [ {
      "rel" : "details",
      "href" : "https://titanapi.churchofjesuschrist.org/assetsearch/api/v2/collection/details/collectionID/a5771e059fb0882ea9fd474051374ad51f7fddb6"
    } ],
    "fileName" : "a5771e059fb0882ea9fd474051374ad51f7fddb6.json"
  }, {
    "path" : "Mobile Media Library/English - Video/Teaching and Lessons/Seminary and Institute/Online Seminary/D&C Online Seminary Reference/Unit 29 (D&C)",
    "collectionID" : "840d8f38dd4d1f925f0706ec667f376e844eeb16",
    "type" : "DEFAULT",
    "lastUpdatedDate" : "2020-04-15T22:24:11.593-06:00",
    "links" : [ {
      "rel" : "details",
      "href" : "https://titanapi.churchofjesuschrist.org/assetsearch/api/v2/collection/details/collectionID/840d8f38dd4d1f925f0706ec667f376e844eeb16"
    } ],
    "fileName" : "840d8f38dd4d1f925f0706ec667f376e844eeb16.json"
  } ],
  "assets" : [ ],
  "fileName" : "0e22f7439564f2b0e7eeca06cca014d23569bcae.json",
  "name" : "D&C Online Seminary Reference",
  "english" : true,
  "publicTitle" : "D&C Online Seminary Reference",
  "collectionUri" : "dc-online-seminary-reference"
}