{
  "parentCollectionID" : "d8c07472cd7e42368ac8f916b0291046",
  "parentCollectionPath" : "Mobile Media Library/English - Video/Teaching and Lessons/Seminary and Institute",
  "collectionType" : "assets",
  "path" : "Mobile Media Library/English - Video/Teaching and Lessons/Seminary and Institute/Seminary and Institute Invitation",
  "collectionID" : "0e84d2f29a57405fa83d7644d2a9b3c0",
  "language" : "eng",
  "type" : "DEFAULT",
  "lastUpdatedDate" : "2023-10-27T14:22:17.411-06:00",
  "links" : [ {
    "rel" : "details",
    "href" : "https://titanapi.churchofjesuschrist.org/assetsearch/api/v2/collection/details/collectionID/0e84d2f29a57405fa83d7644d2a9b3c0"
  } ],
  "coverImages" : [ {
    "asset" : {
      "assetID" : "6a76d06245673a2d82c1a7bbb0192d619ff8c9fa"
    }
  } ],
  "related" : [ ],
  "metadata" : [ {
    "key" : "orderIndex",
    "value" : "9"
  }, {
    "key" : "collectionUri",
    "value" : "seminary-institute-invitation",
    "language" : "eng"
  }, {
    "key" : "publicTitle",
    "value" : "Seminary and Institute Invitation",
    "language" : "eng"
  } ],
  "children" : [ ],
  "assets" : [ {
    "asset" : {
      "assetID" : "a3be930c41f611ee92baeeeeac1e7f69982e26ba"
    },
    "index" : 1,
    "addedDate" : 1698436649936,
    "metadata" : [ ]
  }, {
    "asset" : {
      "assetID" : "f6d2464b41f611eeac40eeeeac1e2f1617037157"
    },
    "index" : 0,
    "addedDate" : 1698436624837,
    "metadata" : [ ]
  } ],
  "fileName" : "0e84d2f29a57405fa83d7644d2a9b3c0.json",
  "name" : "Seminary and Institute Invitation",
  "english" : true,
  "publicTitle" : "Seminary and Institute Invitation",
  "collectionUri" : "seminary-institute-invitation"
}