{
  "parentCollectionID" : "301d5ba2de654f4fb50dde91fb2dfd3c",
  "parentCollectionPath" : "Mobile Media Library/English - Video/Sharing the Gospel",
  "collectionType" : "assets",
  "path" : "Mobile Media Library/English - Video/Sharing the Gospel/Real-Life Examples of Ways to Share the Gospel",
  "collectionID" : "0f696c480c424991b893ea7aafef821f",
  "language" : "eng",
  "type" : "DEFAULT",
  "lastUpdatedDate" : "2024-05-24T13:36:55.289-06:00",
  "links" : [ {
    "rel" : "details",
    "href" : "https://titanapi.churchofjesuschrist.org/assetsearch/api/v2/collection/details/collectionID/0f696c480c424991b893ea7aafef821f"
  } ],
  "coverImages" : [ {
    "asset" : {
      "assetID" : "b34aa0b47ba070aeded253a6c8ea43353f29036a"
    }
  } ],
  "related" : [ ],
  "metadata" : [ {
    "key" : "orderIndex",
    "value" : "3"
  }, {
    "key" : "collectionUri",
    "value" : "real-life-examples-of-ways-to-share-the-gospel",
    "language" : "eng"
  }, {
    "key" : "publicTitle",
    "value" : "Real-Life Examples of Ways to Share the Gospel",
    "language" : "eng"
  } ],
  "children" : [ ],
  "assets" : [ {
    "asset" : {
      "assetID" : "419921EF0749B52512715224388B9131151D29AA"
    },
    "index" : 3,
    "addedDate" : 1716578455203,
    "metadata" : [ ]
  }, {
    "asset" : {
      "assetID" : "ECA543E4F7CFE9CDC71670D7849C58388E76A436"
    },
    "index" : 1,
    "addedDate" : 1716578433613,
    "metadata" : [ ]
  }, {
    "asset" : {
      "assetID" : "CC0BA76F96BA0C2E4964025952A1935AE57ADFD7"
    },
    "index" : 4,
    "addedDate" : 1716578467500,
    "metadata" : [ ]
  }, {
    "asset" : {
      "assetID" : "2DEC88B28D136B1812E65531960A2498A679688B"
    },
    "index" : 2,
    "addedDate" : 1716578444689,
    "metadata" : [ ]
  }, {
    "asset" : {
      "assetID" : "94f58e84f40411ec8f51eeeeac1ea791dc55d599"
    },
    "index" : 0,
    "addedDate" : 1716578423516,
    "metadata" : [ ]
  } ],
  "fileName" : "0f696c480c424991b893ea7aafef821f.json",
  "name" : "Real-Life Examples of Ways to Share the Gospel",
  "english" : true,
  "publicTitle" : "Real-Life Examples of Ways to Share the Gospel",
  "collectionUri" : "real-life-examples-of-ways-to-share-the-gospel"
}