{
  "parentCollectionID" : "18d6cbd720a17cdd47c2b4f1a8846c098ba9a1fc",
  "parentCollectionPath" : "Mobile Media Library/English - Video/Broadcasts/Youth Events",
  "collectionType" : "assets",
  "path" : "Mobile Media Library/English - Video/Broadcasts/Youth Events/Worldwide Day of Testimony: I Can Do All Things Through Christ",
  "collectionID" : "0fcba223006c4f22aca09832986c15f7",
  "language" : "eng",
  "type" : "DEFAULT",
  "lastUpdatedDate" : "2023-10-16T22:30:13.572-06:00",
  "links" : [ {
    "rel" : "details",
    "href" : "https://titanapi.churchofjesuschrist.org/assetsearch/api/v2/collection/details/collectionID/0fcba223006c4f22aca09832986c15f7"
  } ],
  "coverImages" : [ {
    "asset" : {
      "assetID" : "ce8408d17750b3ff5894bdc809a911f9006b084e"
    }
  } ],
  "related" : [ ],
  "metadata" : [ {
    "key" : "orderIndex",
    "value" : "21"
  }, {
    "key" : "channel",
    "value" : "mobile",
    "language" : "eng"
  }, {
    "key" : "collectionUri",
    "value" : "worldwide-day-of-testimony-i-can-do-all-things-through-christ",
    "language" : "eng"
  }, {
    "key" : "publicTitle",
    "value" : "Worldwide Day of Testimony: I Can Do All Things Through Christ",
    "language" : "eng"
  } ],
  "children" : [ ],
  "assets" : [ {
    "asset" : {
      "assetID" : "f2c6222266bc11ee8eabeeeeac1ee0a0440eca54"
    },
    "index" : 0,
    "addedDate" : 1697517028514,
    "metadata" : [ ]
  } ],
  "fileName" : "0fcba223006c4f22aca09832986c15f7.json",
  "name" : "Worldwide Day of Testimony: I Can Do All Things Through Christ",
  "english" : true,
  "publicTitle" : "Worldwide Day of Testimony: I Can Do All Things Through Christ",
  "collectionUri" : "worldwide-day-of-testimony-i-can-do-all-things-through-christ"
}