{
  "parentCollectionID" : "82aa484a719f4db2893e75ebefe44d97",
  "parentCollectionPath" : "Mobile Media Library/English - Video/Community Outreach/Humanitarian Efforts",
  "collectionType" : "assets",
  "path" : "Mobile Media Library/English - Video/Community Outreach/Humanitarian Efforts/Maternal and Newborn Care",
  "collectionID" : "105e5222e2944a29a18af01824f196e0",
  "language" : "eng",
  "type" : "DEFAULT",
  "lastUpdatedDate" : "2020-03-19T19:20:03.603-06:00",
  "links" : [ {
    "rel" : "details",
    "href" : "https://titanapi.churchofjesuschrist.org/assetsearch/api/v2/collection/details/collectionID/105e5222e2944a29a18af01824f196e0"
  } ],
  "coverImages" : [ {
    "asset" : {
      "assetID" : "c014db19424c0c5bac2adaf82ff800ca371cbcad"
    }
  } ],
  "related" : [ ],
  "metadata" : [ {
    "key" : "collectionUri",
    "value" : "maternal-and-newborn-care-community-outreach",
    "language" : "eng"
  }, {
    "key" : "publicTitle",
    "value" : "Maternal and Newborn Care",
    "language" : "eng"
  } ],
  "children" : [ ],
  "assets" : [ {
    "asset" : {
      "assetID" : "7610d734ea0103eb04946508efb09c24f0e64c82"
    },
    "addedDate" : 1576631924473,
    "metadata" : [ ]
  }, {
    "asset" : {
      "assetID" : "1686edb58bb29c77307067908b86777d064ba6b8"
    },
    "addedDate" : 1632956823908,
    "metadata" : [ ]
  }, {
    "asset" : {
      "assetID" : "73e6ef9160850e565ea2606ba7ec504b24b820eb"
    },
    "addedDate" : 1576631924473,
    "metadata" : [ ]
  }, {
    "asset" : {
      "assetID" : "f04275e4c07e0d2b385ca7673b059efaf5e796b2"
    },
    "addedDate" : 1576631924473,
    "metadata" : [ ]
  }, {
    "asset" : {
      "assetID" : "c344f427cc012911ceb81bde1476f68919685a29"
    },
    "addedDate" : 1632956870252,
    "metadata" : [ ]
  }, {
    "asset" : {
      "assetID" : "efc638d621c39d7b7fb14670cfc4030d38c7f80d"
    },
    "addedDate" : 1592433099541,
    "metadata" : [ ]
  } ],
  "fileName" : "105e5222e2944a29a18af01824f196e0.json",
  "name" : "Maternal and Newborn Care",
  "english" : true,
  "publicTitle" : "Maternal and Newborn Care",
  "collectionUri" : "maternal-and-newborn-care-community-outreach"
}