{
  "parentCollectionID" : "20551c99d0a8860165b8088785810d9e36c7701d",
  "parentCollectionPath" : "Mobile Media Library/English - Video/Family History",
  "collectionType" : "assets",
  "path" : "Mobile Media Library/English - Video/Family History/Temple and Family History Messages from Leaders",
  "collectionID" : "1079a9b72a124990ab6d63df7c4e415d",
  "language" : "eng",
  "type" : "DEFAULT",
  "lastUpdatedDate" : "2024-03-01T16:34:54.401-07:00",
  "links" : [ {
    "rel" : "details",
    "href" : "https://titanapi.churchofjesuschrist.org/assetsearch/api/v2/collection/details/collectionID/1079a9b72a124990ab6d63df7c4e415d"
  } ],
  "coverImages" : [ {
    "asset" : {
      "assetID" : "2bccd6d9cfa1f3a8b3e52b89be5ce80db1cc6940"
    }
  } ],
  "related" : [ ],
  "metadata" : [ {
    "key" : "collectionUri",
    "value" : "temple-and-family-history-messages-from-leaders",
    "language" : "eng"
  }, {
    "key" : "publicTitle",
    "value" : "Temple and Family History Messages from Leaders",
    "language" : "eng"
  } ],
  "children" : [ ],
  "assets" : [ {
    "asset" : {
      "assetID" : "11bafd965d332b1029c4eb8f4733f69b9b342d77"
    },
    "index" : 3,
    "addedDate" : 1579909389856,
    "metadata" : [ ]
  }, {
    "asset" : {
      "assetID" : "3bfbc5926db20de0871d4fd5c8315508bdb2c826"
    },
    "index" : 6,
    "addedDate" : 1579909302436,
    "metadata" : [ ]
  }, {
    "asset" : {
      "assetID" : "36c793175707da43b0612a32ef6f115c19e8a4e9"
    },
    "index" : 5,
    "addedDate" : 1582770324291,
    "metadata" : [ ]
  }, {
    "asset" : {
      "assetID" : "450692ef59ae03350666d1b067e555cf1dd259b4"
    },
    "index" : 4,
    "addedDate" : 1579909236735,
    "metadata" : [ ]
  }, {
    "asset" : {
      "assetID" : "b3c803e486ebb5e97a047d719d38b8243dbaa1a1"
    },
    "index" : 10,
    "addedDate" : 1579909464964,
    "metadata" : [ ]
  }, {
    "asset" : {
      "assetID" : "4e78dd371948372ffc12a0e0b89a85d0f5aed20c"
    },
    "index" : 14,
    "addedDate" : 1589425439954,
    "metadata" : [ ]
  }, {
    "asset" : {
      "assetID" : "85b9dfd157d8b6a54675477c72e7a4ad479725b0"
    },
    "index" : 7,
    "addedDate" : 1579909438035,
    "metadata" : [ ]
  }, {
    "asset" : {
      "assetID" : "61ec5731e755557c07beb0d1add9e06bdc436ca7"
    },
    "index" : 9,
    "addedDate" : 1632956845660,
    "metadata" : [ ]
  }, {
    "asset" : {
      "assetID" : "d31283528784f65d678cb0d2256a5af926adf6d5"
    },
    "index" : 2,
    "addedDate" : 1592625886692,
    "metadata" : [ ]
  }, {
    "asset" : {
      "assetID" : "e71f3773d4d69255c8aa577fecd8864cf417d781"
    },
    "index" : 13,
    "addedDate" : 1579909366583,
    "metadata" : [ ]
  }, {
    "asset" : {
      "assetID" : "f90d0b9229d814f2bed721d233eb2e55b11d3dd0"
    },
    "index" : 11,
    "addedDate" : 1582762321901,
    "metadata" : [ ]
  }, {
    "asset" : {
      "assetID" : "4c7c9a2165c46fe92e9987fedd1ad4a675b0991a"
    },
    "index" : 8,
    "addedDate" : 1579909407559,
    "metadata" : [ ]
  }, {
    "asset" : {
      "assetID" : "c037de3ca46d21a9d6b2b917035d0c886bc78bfd"
    },
    "index" : 15,
    "addedDate" : 1579909337732,
    "metadata" : [ ]
  }, {
    "asset" : {
      "assetID" : "851b121b3858266af4305e35874489836777f28a"
    },
    "index" : 12,
    "addedDate" : 1579909352386,
    "metadata" : [ ]
  }, {
    "asset" : {
      "assetID" : "920D224F1311AC0F12EB850F1BD89CD2B7267D8F"
    },
    "index" : 1,
    "addedDate" : 1596835577889,
    "metadata" : [ ]
  }, {
    "asset" : {
      "assetID" : "64d76e43840f11eea296eeeeac1e66d4a06e1e3a"
    },
    "index" : 16,
    "addedDate" : 1701133441953,
    "metadata" : [ ]
  }, {
    "asset" : {
      "assetID" : "2d1bcf34b62011eea007eeeeac1e592dca99656f"
    },
    "index" : 0,
    "addedDate" : 1709336075466,
    "metadata" : [ ]
  } ],
  "fileName" : "1079a9b72a124990ab6d63df7c4e415d.json",
  "name" : "Temple and Family History Messages from Leaders",
  "english" : true,
  "publicTitle" : "Temple and Family History Messages from Leaders",
  "collectionUri" : "temple-and-family-history-messages-from-leaders"
}