{
  "parentCollectionID" : "bd59191796027fc53f46f5811862b4ff2baaa3b2",
  "parentCollectionPath" : "Mobile Media Library/English - Video/Topics",
  "collectionType" : "assets",
  "path" : "Mobile Media Library/English - Video/Topics/Peace",
  "collectionID" : "10e183f408df459e9ff77469f879268e",
  "language" : "eng",
  "type" : "DEFAULT",
  "lastUpdatedDate" : "2020-09-20T12:18:46.806-06:00",
  "links" : [ {
    "rel" : "details",
    "href" : "https://titanapi.churchofjesuschrist.org/assetsearch/api/v2/collection/details/collectionID/10e183f408df459e9ff77469f879268e"
  } ],
  "coverImages" : [ {
    "asset" : {
      "assetID" : "29decdc03cd7bb38441dde7d20b4b2dbd33a365e"
    }
  } ],
  "related" : [ ],
  "metadata" : [ {
    "key" : "description",
    "value" : "Jesus Christ is the Prince of Peace. This collection teaches how we  can gain His trust and strengthen our own trust in Him as we recognize the Spirit, feel His peace, and come to know lasting peace.",
    "language" : "eng"
  }, {
    "key" : "collectionUri",
    "value" : "peace-topic",
    "language" : "eng"
  }, {
    "key" : "publicTitle",
    "value" : "Peace",
    "language" : "eng"
  }, {
    "key" : "orderIndex",
    "value" : "70"
  } ],
  "children" : [ ],
  "assets" : [ {
    "asset" : {
      "assetID" : "bf9a13989159095b3077a8fd61b55526e0ff9ca8"
    },
    "addedDate" : 1577151529018,
    "metadata" : [ ]
  }, {
    "asset" : {
      "assetID" : "e693aa44350c4a92fda7a95721bed1ee2d2fa9d7"
    },
    "addedDate" : 1577151559653,
    "metadata" : [ ]
  }, {
    "asset" : {
      "assetID" : "98a93137384220faac6104141e72f3143a30c4a3"
    },
    "addedDate" : 1577151480598,
    "metadata" : [ ]
  }, {
    "asset" : {
      "assetID" : "6229c026264a441806d51a9f791093bc148b0594"
    },
    "addedDate" : 1577151539005,
    "metadata" : [ ]
  }, {
    "asset" : {
      "assetID" : "fed88e3bdaf4961f1ac1e3fcc1ff072785f7e5a1"
    },
    "addedDate" : 1577151517906,
    "metadata" : [ ]
  }, {
    "asset" : {
      "assetID" : "bb445d1519ff3f172f0f14d2555aa1dfdc6876e5"
    },
    "addedDate" : 1595360229462,
    "metadata" : [ ]
  }, {
    "asset" : {
      "assetID" : "d1acfcbd9ab04f0f593cfcf1e32ee48f80e3c960"
    },
    "addedDate" : 1592433099886,
    "metadata" : [ ]
  }, {
    "asset" : {
      "assetID" : "4173323b1c0a5c320b6211a35e64003cc18666aa"
    },
    "addedDate" : 1577151489710,
    "metadata" : [ ]
  }, {
    "asset" : {
      "assetID" : "d1b7a03d96679a3e3998207cb796e01e4b635fb2"
    },
    "addedDate" : 1577151549529,
    "metadata" : [ ]
  }, {
    "asset" : {
      "assetID" : "3e69bfccf9d3ea6d1c93e4c531fb309ea5486f7f"
    },
    "addedDate" : 1577151574513,
    "metadata" : [ ]
  }, {
    "asset" : {
      "assetID" : "59defd4a03c64e4e177712674e6ff6b4ff826d0d"
    },
    "addedDate" : 1577151498337,
    "metadata" : [ ]
  }, {
    "asset" : {
      "assetID" : "2680188a4036b3e0000989f4372cd1a32dce07f7"
    },
    "addedDate" : 1577151374801,
    "metadata" : [ ]
  }, {
    "asset" : {
      "assetID" : "1ea1ff28ea0f2681b4d0e515a8e10d657eabb93b"
    },
    "addedDate" : 1577151472070,
    "metadata" : [ ]
  } ],
  "fileName" : "10e183f408df459e9ff77469f879268e.json",
  "name" : "Peace",
  "english" : true,
  "publicTitle" : "Peace",
  "description" : "Jesus Christ is the Prince of Peace. This collection teaches how we  can gain His trust and strengthen our own trust in Him as we recognize the Spirit, feel His peace, and come to know lasting peace.",
  "collectionUri" : "peace-topic"
}