{
  "parentCollectionID" : "4da6a5e612768eada390a3e0f6c0e386a015447a",
  "parentCollectionPath" : "Mobile Media Library/English - Video/Scriptural Reenactments and Teachings",
  "collectionType" : "collections",
  "path" : "Mobile Media Library/English - Video/Scriptural Reenactments and Teachings/New Testament Teaching Videos",
  "collectionID" : "11768d7b23484806960587a13d704f15",
  "language" : "eng",
  "type" : "DEFAULT",
  "lastUpdatedDate" : "2022-09-07T13:15:43.838-06:00",
  "links" : [ {
    "rel" : "details",
    "href" : "https://titanapi.churchofjesuschrist.org/assetsearch/api/v2/collection/details/collectionID/11768d7b23484806960587a13d704f15"
  } ],
  "coverImages" : [ {
    "asset" : {
      "assetID" : "9c32aa032d796b11aa5879c3c7617e14b066d87f"
    }
  } ],
  "related" : [ ],
  "metadata" : [ {
    "key" : "orderIndex",
    "value" : "4"
  }, {
    "key" : "channel",
    "value" : "mobile",
    "language" : "eng"
  }, {
    "key" : "collectionUri",
    "value" : "new-testament-teaching-videos",
    "language" : "eng"
  }, {
    "key" : "publicTitle",
    "value" : "New Testament Teaching Videos",
    "language" : "eng"
  } ],
  "children" : [ {
    "path" : "Mobile Media Library/English - Video/Scriptural Reenactments and Teachings/New Testament Teaching Videos/Introduction - Mark",
    "collectionID" : "1b93c900893b43679f65e26f070806e2",
    "type" : "DEFAULT",
    "lastUpdatedDate" : "2022-09-07T13:15:59.704-06:00",
    "links" : [ {
      "rel" : "details",
      "href" : "https://titanapi.churchofjesuschrist.org/assetsearch/api/v2/collection/details/collectionID/1b93c900893b43679f65e26f070806e2"
    } ],
    "fileName" : "1b93c900893b43679f65e26f070806e2.json"
  }, {
    "path" : "Mobile Media Library/English - Video/Scriptural Reenactments and Teachings/New Testament Teaching Videos/Luke - John",
    "collectionID" : "bced08f40ca24ae2b1f6cf8ea7f89046",
    "type" : "DEFAULT",
    "lastUpdatedDate" : "2022-09-07T13:16:12.531-06:00",
    "links" : [ {
      "rel" : "details",
      "href" : "https://titanapi.churchofjesuschrist.org/assetsearch/api/v2/collection/details/collectionID/bced08f40ca24ae2b1f6cf8ea7f89046"
    } ],
    "fileName" : "bced08f40ca24ae2b1f6cf8ea7f89046.json"
  }, {
    "path" : "Mobile Media Library/English - Video/Scriptural Reenactments and Teachings/New Testament Teaching Videos/Acts - 1 Corinthians",
    "collectionID" : "773deed4ffd84ae0be688199f70959de",
    "type" : "DEFAULT",
    "lastUpdatedDate" : "2022-09-07T13:16:26.051-06:00",
    "links" : [ {
      "rel" : "details",
      "href" : "https://titanapi.churchofjesuschrist.org/assetsearch/api/v2/collection/details/collectionID/773deed4ffd84ae0be688199f70959de"
    } ],
    "fileName" : "773deed4ffd84ae0be688199f70959de.json"
  }, {
    "path" : "Mobile Media Library/English - Video/Scriptural Reenactments and Teachings/New Testament Teaching Videos/2 Corinthians - Revelation",
    "collectionID" : "242e8b3c755645c29c2f000493ad3c5d",
    "type" : "DEFAULT",
    "lastUpdatedDate" : "2022-09-07T13:16:38.753-06:00",
    "links" : [ {
      "rel" : "details",
      "href" : "https://titanapi.churchofjesuschrist.org/assetsearch/api/v2/collection/details/collectionID/242e8b3c755645c29c2f000493ad3c5d"
    } ],
    "fileName" : "242e8b3c755645c29c2f000493ad3c5d.json"
  } ],
  "assets" : [ ],
  "fileName" : "11768d7b23484806960587a13d704f15.json",
  "name" : "New Testament Teaching Videos",
  "english" : true,
  "publicTitle" : "New Testament Teaching Videos",
  "collectionUri" : "new-testament-teaching-videos"
}