{
  "parentCollectionID" : "8568dd8fdd2d4c9a825fed97eb4fa095",
  "parentCollectionPath" : "Mobile Media Library/English - Video/Teaching and Lessons/Seminary and Institute/Teacher Training - Gospel Teaching and Learning Handbook Video Resources",
  "collectionType" : "assets",
  "path" : "Mobile Media Library/English - Video/Teaching and Lessons/Seminary and Institute/Teacher Training - Gospel Teaching and Learning Handbook Video Resources/Teaching the Scriptures in Seminaries and Institutes of Religion",
  "collectionID" : "129ee944618b4b938d5375ca652da696",
  "language" : "eng",
  "type" : "DEFAULT",
  "lastUpdatedDate" : "2019-12-20T10:25:24.328-07:00",
  "links" : [ {
    "rel" : "details",
    "href" : "https://titanapi.churchofjesuschrist.org/assetsearch/api/v2/collection/details/collectionID/129ee944618b4b938d5375ca652da696"
  } ],
  "coverImages" : [ {
    "asset" : {
      "assetID" : "728a4fb338e152a5f8a00ab3536a5422ed3d8606"
    }
  } ],
  "related" : [ ],
  "metadata" : [ {
    "key" : "collectionUri",
    "value" : "3-teaching-the-scriptures-in-seminaries-and-institutes-of-religion",
    "language" : "eng"
  }, {
    "key" : "publicTitle",
    "value" : "Teaching the Scriptures in Seminaries and Institutes of Religion",
    "language" : "eng"
  }, {
    "key" : "orderIndex",
    "value" : "3"
  } ],
  "children" : [ ],
  "assets" : [ {
    "asset" : {
      "assetID" : "b375cd3978ed94a40269952a58bc89e1d9f1f3b6"
    },
    "addedDate" : 1576875469590,
    "metadata" : [ ]
  }, {
    "asset" : {
      "assetID" : "92d48efba429bb9eea10fa28d9e91f8aa6fab3b6"
    },
    "addedDate" : 1587156224161,
    "metadata" : [ ]
  }, {
    "asset" : {
      "assetID" : "cdfc2defbacd8ccdab9703de6fd0ebfbbb20a490"
    },
    "addedDate" : 1587157652558,
    "metadata" : [ ]
  }, {
    "asset" : {
      "assetID" : "c627760d1a800b9347e81aeb9fe3f752cf1a3a4e"
    },
    "addedDate" : 1587157981262,
    "metadata" : [ ]
  }, {
    "asset" : {
      "assetID" : "9402209acbcef694c8266d82255139005094472d"
    },
    "addedDate" : 1587158082257,
    "metadata" : [ ]
  }, {
    "asset" : {
      "assetID" : "a9d3cf54edbf8799fb0698fe652e391bb0ac2a85"
    },
    "addedDate" : 1587156612304,
    "metadata" : [ ]
  }, {
    "asset" : {
      "assetID" : "b40848b22acd272c4544eaa62e33c0135777642a"
    },
    "addedDate" : 1587158479946,
    "metadata" : [ ]
  } ],
  "fileName" : "129ee944618b4b938d5375ca652da696.json",
  "name" : "Teaching the Scriptures in Seminaries and Institutes of Religion",
  "english" : true,
  "publicTitle" : "Teaching the Scriptures in Seminaries and Institutes of Religion",
  "collectionUri" : "3-teaching-the-scriptures-in-seminaries-and-institutes-of-religion"
}