{
  "parentCollectionID" : "48bf4502c61b21234c27defe6561bca91dbd53f3",
  "parentCollectionPath" : "Mobile Media Library/English - Video/Broadcasts/Christmas Devotionals",
  "collectionType" : "assets",
  "path" : "Mobile Media Library/English - Video/Broadcasts/Christmas Devotionals/2020 First Presidency's Christmas Devotional",
  "collectionID" : "12b22e63853a4f559565e57e029913cb",
  "language" : "eng",
  "type" : "DEFAULT",
  "lastUpdatedDate" : "2023-12-01T15:11:20.525-07:00",
  "links" : [ {
    "rel" : "details",
    "href" : "https://titanapi.churchofjesuschrist.org/assetsearch/api/v2/collection/details/collectionID/12b22e63853a4f559565e57e029913cb"
  } ],
  "coverImages" : [ {
    "asset" : {
      "assetID" : "6a9583c65c8bcfb65f3cfd4905dbd7481decc2bd"
    }
  } ],
  "related" : [ ],
  "metadata" : [ {
    "key" : "orderIndex",
    "value" : "5"
  }, {
    "key" : "channel",
    "value" : "mobile",
    "language" : "eng"
  }, {
    "key" : "collectionUri",
    "value" : "2020-first-presidencys-christmas-devotional",
    "language" : "eng"
  }, {
    "key" : "publicTitle",
    "value" : "2020 First Presidency's Christmas Devotional",
    "language" : "eng"
  } ],
  "children" : [ ],
  "assets" : [ {
    "asset" : {
      "assetID" : "F9389EDF2DB0FE0A46DD93118322C1C35C53C263"
    },
    "index" : 0,
    "addedDate" : 1615323043772,
    "metadata" : [ ]
  } ],
  "fileName" : "12b22e63853a4f559565e57e029913cb.json",
  "name" : "2020 First Presidency's Christmas Devotional",
  "english" : true,
  "publicTitle" : "2020 First Presidency's Christmas Devotional",
  "collectionUri" : "2020-first-presidencys-christmas-devotional"
}