{
  "sourceCollectionId" : "9469dcd2e95b0f73fd237301b21fecbd372d2e60",
  "parentCollectionID" : "22e3232e384c8650311b2940336759a89b8d6f8b",
  "parentCollectionPath" : "Mobile Media Library",
  "collectionType" : "collections",
  "path" : "Mobile Media Library/Finnish  - Images",
  "collectionID" : "135409e081484d9b8d12f11cfdade0fadad42d7c",
  "language" : "fin",
  "type" : "DEFAULT",
  "lastUpdatedDate" : "2023-10-14T12:19:02.682-06:00",
  "links" : [ {
    "rel" : "details",
    "href" : "https://titanapi.churchofjesuschrist.org/assetsearch/api/v2/collection/details/collectionID/135409e081484d9b8d12f11cfdade0fadad42d7c"
  } ],
  "coverImages" : [ {
    "asset" : {
      "assetID" : "6a577129ad6d2231ee1715db32ddf72721fdb049"
    }
  } ],
  "related" : [ ],
  "metadata" : [ {
    "key" : "orderIndex",
    "value" : "80"
  }, {
    "key" : "collectionUri",
    "value" : "images",
    "language" : "fin"
  }, {
    "key" : "publicTitle",
    "value" : "Kuvia",
    "language" : "fin"
  } ],
  "children" : [ {
    "path" : "Mobile Media Library/Finnish  - Images/Easter",
    "collectionID" : "ed41ca3a342a4d08a017d8d59eb40f6d",
    "type" : "DEFAULT",
    "lastUpdatedDate" : "2023-10-14T09:48:24.454-06:00",
    "links" : [ {
      "rel" : "details",
      "href" : "https://titanapi.churchofjesuschrist.org/assetsearch/api/v2/collection/details/collectionID/ed41ca3a342a4d08a017d8d59eb40f6d"
    } ],
    "fileName" : "ed41ca3a342a4d08a017d8d59eb40f6d.json"
  }, {
    "path" : "Mobile Media Library/Finnish  - Images/Gospel Art",
    "collectionID" : "193a7acfc58147b487efe78c41f5a824",
    "type" : "DEFAULT",
    "lastUpdatedDate" : "2023-10-14T09:48:56.208-06:00",
    "links" : [ {
      "rel" : "details",
      "href" : "https://titanapi.churchofjesuschrist.org/assetsearch/api/v2/collection/details/collectionID/193a7acfc58147b487efe78c41f5a824"
    } ],
    "fileName" : "193a7acfc58147b487efe78c41f5a824.json"
  }, {
    "path" : "Mobile Media Library/Finnish  - Images/Seminary and Institute",
    "collectionID" : "e97cdb6a3a4644deb5e8955f145e9c3e",
    "type" : "DEFAULT",
    "lastUpdatedDate" : "2023-10-14T09:56:28.839-06:00",
    "links" : [ {
      "rel" : "details",
      "href" : "https://titanapi.churchofjesuschrist.org/assetsearch/api/v2/collection/details/collectionID/e97cdb6a3a4644deb5e8955f145e9c3e"
    } ],
    "fileName" : "e97cdb6a3a4644deb5e8955f145e9c3e.json"
  }, {
    "path" : "Mobile Media Library/Finnish  - Images/Church Leaders",
    "collectionID" : "7838ca24c77a47a589751f18499b966c",
    "type" : "DEFAULT",
    "lastUpdatedDate" : "2023-10-14T09:35:33.737-06:00",
    "links" : [ {
      "rel" : "details",
      "href" : "https://titanapi.churchofjesuschrist.org/assetsearch/api/v2/collection/details/collectionID/7838ca24c77a47a589751f18499b966c"
    } ],
    "fileName" : "7838ca24c77a47a589751f18499b966c.json"
  } ],
  "assets" : [ ],
  "fileName" : "135409e081484d9b8d12f11cfdade0fadad42d7c.json",
  "name" : "Finnish  - Images",
  "english" : false,
  "publicTitle" : "Kuvia",
  "collectionUri" : "images"
}