{
  "parentCollectionID" : "a362cf32612a48c380d0013df943b987",
  "parentCollectionPath" : "Mobile Media Library/English - Video/Teaching and Lessons/Come, Follow Me/2023 New Testament Media Resources",
  "collectionType" : "assets",
  "path" : "Mobile Media Library/English - Video/Teaching and Lessons/Come, Follow Me/2023 New Testament Media Resources/April 10–April 16. Matthew 15-17; Mark 7-9: \"Thou Art the Christ\"",
  "collectionID" : "13bfda3e98b945029f47b753163886d4",
  "language" : "eng",
  "type" : "DEFAULT",
  "lastUpdatedDate" : "2022-12-01T14:26:43.573-07:00",
  "links" : [ {
    "rel" : "details",
    "href" : "https://titanapi.churchofjesuschrist.org/assetsearch/api/v2/collection/details/collectionID/13bfda3e98b945029f47b753163886d4"
  } ],
  "coverImages" : [ {
    "asset" : {
      "assetID" : "a5eada71136cac24c16f0634e3beae5cbd0d22ea"
    }
  } ],
  "related" : [ ],
  "metadata" : [ {
    "key" : "orderIndex",
    "value" : "15"
  }, {
    "key" : "collectionUri",
    "value" : "cfm-2023-videos-april-10-16",
    "language" : "eng"
  }, {
    "key" : "publicTitle",
    "value" : "April 10–April 16. Matthew 15-17; Mark 7-9: \"Thou Art the Christ\"",
    "language" : "eng"
  } ],
  "children" : [ ],
  "assets" : [ {
    "asset" : {
      "assetID" : "b88abfaa6133759389ff1f548587848654257cc1"
    },
    "index" : 2,
    "addedDate" : 1652118388163,
    "metadata" : [ ]
  }, {
    "asset" : {
      "assetID" : "5556a9cf2e6407a35373ae42d5bf674436f3ea37"
    },
    "index" : 2,
    "addedDate" : 1650043593990,
    "metadata" : [ ]
  }, {
    "asset" : {
      "assetID" : "E17DCB70F1523667808146157D62C664D6168FFC"
    },
    "index" : 1,
    "addedDate" : 1652118371979,
    "metadata" : [ ]
  }, {
    "asset" : {
      "assetID" : "96585aa9367d11ecbc25eeeeac1e2962dd3bfb4c"
    },
    "index" : 3,
    "addedDate" : 1652118405058,
    "metadata" : [ ]
  }, {
    "asset" : {
      "assetID" : "118567c3367e11eca4deeeeeac1e54b619586f3f"
    },
    "index" : 4,
    "addedDate" : 1669069898010,
    "metadata" : [ ]
  } ],
  "fileName" : "13bfda3e98b945029f47b753163886d4.json",
  "name" : "April 10–April 16. Matthew 15-17; Mark 7-9: \"Thou Art the Christ\"",
  "english" : true,
  "publicTitle" : "April 10–April 16. Matthew 15-17; Mark 7-9: \"Thou Art the Christ\"",
  "collectionUri" : "cfm-2023-videos-april-10-16"
}