{
  "parentCollectionID" : "f43fa47de38893a5eeeda10b226e687b07ac1fb9",
  "parentCollectionPath" : "Mobile Media Library/English - Video/Life Help/Self-Reliance Services and PEF/Starting and Growing My Business",
  "collectionType" : "assets",
  "path" : "Mobile Media Library/English - Video/Life Help/Self-Reliance Services and PEF/Starting and Growing My Business/Chapter 08: How much can I afford to invest to grow my business?",
  "collectionID" : "14f1b19ad1071b95f83b990cbc5577c6ca52ec61",
  "language" : "eng",
  "type" : "DEFAULT",
  "lastUpdatedDate" : "2019-10-28T16:40:50.643-06:00",
  "links" : [ {
    "rel" : "details",
    "href" : "https://titanapi.churchofjesuschrist.org/assetsearch/api/v2/collection/details/collectionID/14f1b19ad1071b95f83b990cbc5577c6ca52ec61"
  } ],
  "coverImages" : [ {
    "asset" : {
      "assetID" : "fe04b0d80114fcd739a944a5ff294cf81b768f73"
    }
  } ],
  "related" : [ ],
  "metadata" : [ {
    "key" : "collectionUri",
    "value" : "chapter-8-how-much-can-i-afford-to-invest-to-grow-my-business",
    "language" : "eng"
  }, {
    "key" : "publicTitle",
    "value" : "Chapter 08: How much can I afford to invest to grow my business?",
    "language" : "eng"
  } ],
  "children" : [ ],
  "assets" : [ {
    "asset" : {
      "assetID" : "417a52e9eac36792c7fdd4a087418ee92d045c4e"
    },
    "addedDate" : 1479150933024,
    "metadata" : [ ]
  }, {
    "asset" : {
      "assetID" : "63e90fd34ee37a6b1f8eb176a1993bc43a71f015"
    },
    "addedDate" : 1479150934021,
    "metadata" : [ ]
  }, {
    "asset" : {
      "assetID" : "525fe257d9f4357731abbd349cfecf55a5e49bd3"
    },
    "addedDate" : 1479150933074,
    "metadata" : [ ]
  }, {
    "asset" : {
      "assetID" : "4686af95b453706b353af69b22f151b6fcbdf5b6"
    },
    "addedDate" : 1592433099526,
    "metadata" : [ ]
  } ],
  "fileName" : "14f1b19ad1071b95f83b990cbc5577c6ca52ec61.json",
  "name" : "Chapter 08: How much can I afford to invest to grow my business?",
  "english" : true,
  "publicTitle" : "Chapter 08: How much can I afford to invest to grow my business?",
  "collectionUri" : "chapter-8-how-much-can-i-afford-to-invest-to-grow-my-business"
}