{
  "parentCollectionID" : "bd59191796027fc53f46f5811862b4ff2baaa3b2",
  "parentCollectionPath" : "Mobile Media Library/English - Video/Topics",
  "collectionType" : "assets",
  "path" : "Mobile Media Library/English - Video/Topics/Scriptures (About)",
  "collectionID" : "152834baf794db03c34efe10c4df7168deee5c80",
  "language" : "eng",
  "type" : "DEFAULT",
  "lastUpdatedDate" : "2020-09-20T12:08:35.399-06:00",
  "links" : [ {
    "rel" : "details",
    "href" : "https://titanapi.churchofjesuschrist.org/assetsearch/api/v2/collection/details/collectionID/152834baf794db03c34efe10c4df7168deee5c80"
  } ],
  "coverImages" : [ {
    "asset" : {
      "assetID" : "44e30fdeb83d8acaff4b8db4e52719c4d131adc6"
    }
  } ],
  "related" : [ ],
  "metadata" : [ {
    "key" : "description",
    "value" : "This legacy collection shares personal testimonies of the Book of Mormon, its plain and precious truths, triple combination cross references, the Holy Bible, the nature of God, and the testimony of Christ.",
    "language" : "eng"
  }, {
    "key" : "collectionUri",
    "value" : "scriptures-topic",
    "language" : "eng"
  }, {
    "key" : "publicTitle",
    "value" : "Scriptures (About)",
    "language" : "eng"
  }, {
    "key" : "orderIndex",
    "value" : "89"
  } ],
  "children" : [ ],
  "assets" : [ {
    "asset" : {
      "assetID" : "380c2ef5763ffb0d0006fffa069867252a15e29a"
    },
    "index" : 8,
    "addedDate" : 1479921472001,
    "metadata" : [ ]
  }, {
    "asset" : {
      "assetID" : "a77c2804c36ee4195a0a08768c4db18b092e17c9"
    },
    "addedDate" : 1479921323096,
    "metadata" : [ ]
  }, {
    "asset" : {
      "assetID" : "137317a65a9cd971562fb28a96923c6cb227f752"
    },
    "addedDate" : 1479921329057,
    "metadata" : [ ]
  }, {
    "asset" : {
      "assetID" : "d7d5802453d6f4d31db20ddddbf80431f6b67437"
    },
    "addedDate" : 1584058643771,
    "metadata" : [ ]
  }, {
    "asset" : {
      "assetID" : "d654623a242340c0b5d77bf7f8021a4012f19c72"
    },
    "addedDate" : 1479921319027,
    "metadata" : [ ]
  }, {
    "asset" : {
      "assetID" : "e16a18bce58ec57aad3e6994289f4f9d47409c31"
    },
    "addedDate" : 1479921328006,
    "metadata" : [ ]
  }, {
    "asset" : {
      "assetID" : "489132561f57027ab58671d6b846c8231cf800f0"
    },
    "addedDate" : 1548875931042,
    "metadata" : [ ]
  }, {
    "asset" : {
      "assetID" : "e360b83a0171fd7ca388cc6691c49408f1c1c772"
    },
    "addedDate" : 1479921322094,
    "metadata" : [ ]
  }, {
    "asset" : {
      "assetID" : "fcb299f6f8a2a57ae3688d3accc7d954ae7aadd7"
    },
    "addedDate" : 1592954195719,
    "metadata" : [ ]
  }, {
    "asset" : {
      "assetID" : "ab27b1576093feab51210af37213c631a818eb67"
    },
    "addedDate" : 1479921324049,
    "metadata" : [ ]
  }, {
    "asset" : {
      "assetID" : "37dc8fa6d97779df1a82a7d4896a8eca5d40ffb6"
    },
    "addedDate" : 1584056848932,
    "metadata" : [ ]
  }, {
    "asset" : {
      "assetID" : "d1a6e935f5b44f24a7dfede558cc0ed8d96ea38e"
    },
    "addedDate" : 1479921315097,
    "metadata" : [ ]
  }, {
    "asset" : {
      "assetID" : "7a60f5ff1b029cef34006a3cc068d75f1d96864f"
    },
    "addedDate" : 1479921332024,
    "metadata" : [ ]
  }, {
    "asset" : {
      "assetID" : "3993280c6f4cae92ac62205f9ccbff39b2b01edb"
    },
    "addedDate" : 1479921331016,
    "metadata" : [ ]
  }, {
    "asset" : {
      "assetID" : "07638e0273202666adb137d37f4519ac5a107856"
    },
    "addedDate" : 1479921330063,
    "metadata" : [ ]
  }, {
    "asset" : {
      "assetID" : "2b3cc636a807598fa72949dfb1438ef2d6529edb"
    },
    "addedDate" : 1479921333075,
    "metadata" : [ ]
  }, {
    "asset" : {
      "assetID" : "f588ef79a9a13566488c1415dc22af0208063917"
    },
    "addedDate" : 1479921312072,
    "metadata" : [ ]
  }, {
    "asset" : {
      "assetID" : "6ca422fc57ae0c43fe87322e921bd64c098e41ed"
    },
    "addedDate" : 1479921317010,
    "metadata" : [ ]
  }, {
    "asset" : {
      "assetID" : "51472467cd7224bcb00726bd306fecdc887fe2b2"
    },
    "addedDate" : 1479921485067,
    "metadata" : [ ]
  }, {
    "asset" : {
      "assetID" : "27578c33f22028fe14a5211fabd7620123d3d468"
    },
    "index" : 2,
    "addedDate" : 1479921471038,
    "metadata" : [ ]
  }, {
    "asset" : {
      "assetID" : "36239897559b1732cfa8a1da5a4342410253f75e"
    },
    "addedDate" : 1584058555993,
    "metadata" : [ ]
  }, {
    "asset" : {
      "assetID" : "854dbd306611fcd6f609f6e1dccc5cfba44e237e"
    },
    "addedDate" : 1479921320040,
    "metadata" : [ ]
  }, {
    "asset" : {
      "assetID" : "f158150fa6aef1c8b4b0b1914e51271ceba6e74d"
    },
    "addedDate" : 1550262644569,
    "metadata" : [ ]
  }, {
    "asset" : {
      "assetID" : "3d876fc584e2b3c71dc6a74cf0d35024584bf255"
    },
    "addedDate" : 1584058015268,
    "metadata" : [ ]
  }, {
    "asset" : {
      "assetID" : "c866708f78a3e2830a03863574a0293bd04e2c95"
    },
    "addedDate" : 1584049387242,
    "metadata" : [ ]
  }, {
    "asset" : {
      "assetID" : "60a63b70802673426504af471c8cedb209d796d7"
    },
    "addedDate" : 1584055402214,
    "metadata" : [ ]
  }, {
    "asset" : {
      "assetID" : "f411fd78d271ecbaea5c88ce44641a3d6a92e2cd"
    },
    "addedDate" : 1584049265901,
    "metadata" : [ ]
  }, {
    "asset" : {
      "assetID" : "968d1cb5c20bfdc75e8f08080451eba87cd36179"
    },
    "addedDate" : 1584055739143,
    "metadata" : [ ]
  }, {
    "asset" : {
      "assetID" : "a61954a12984e4836a43c716d4d6f9422b431d0e"
    },
    "index" : 52,
    "addedDate" : 1624642858577,
    "metadata" : [ ]
  }, {
    "asset" : {
      "assetID" : "a3415dbe09fd4cee51410501c297a8e8802b148c"
    },
    "addedDate" : 1584057263466,
    "metadata" : [ ]
  }, {
    "asset" : {
      "assetID" : "62284083db94a1dcc125e9e86af77ae23c0f59f0"
    },
    "addedDate" : 1584056472863,
    "metadata" : [ ]
  }, {
    "asset" : {
      "assetID" : "808a0465d288e3f58cb3d56870bc6f00f719e02b"
    },
    "addedDate" : 1584057537440,
    "metadata" : [ ]
  }, {
    "asset" : {
      "assetID" : "cb3eb2adde0ac97b21747bff200ecff3ce0aa091"
    },
    "addedDate" : 1584053326978,
    "metadata" : [ ]
  }, {
    "asset" : {
      "assetID" : "2BB1DBBE9497254965E25E615DFDDCE3214327D6"
    },
    "index" : 48,
    "addedDate" : 1598650921752,
    "metadata" : [ ]
  }, {
    "asset" : {
      "assetID" : "A25402D67EF81834950D57E74020CEE1C83784D8"
    },
    "index" : 49,
    "addedDate" : 1598650921861,
    "metadata" : [ ]
  }, {
    "asset" : {
      "assetID" : "F2181FDDE7AA15DF76A8B71B3AF7D453605A53B9"
    },
    "index" : 50,
    "addedDate" : 1598650951576,
    "metadata" : [ ]
  }, {
    "asset" : {
      "assetID" : "92CA34466B290E21EF3873B1074682C81013DD1D"
    },
    "index" : 51,
    "addedDate" : 1598650951698,
    "metadata" : [ ]
  } ],
  "fileName" : "152834baf794db03c34efe10c4df7168deee5c80.json",
  "name" : "Scriptures (About)",
  "english" : true,
  "publicTitle" : "Scriptures (About)",
  "description" : "This legacy collection shares personal testimonies of the Book of Mormon, its plain and precious truths, triple combination cross references, the Holy Bible, the nature of God, and the testimony of Christ.",
  "collectionUri" : "scriptures-topic"
}