{
  "parentCollectionID" : "b91d19b3a88f45129e9ec20d8c175bfa",
  "parentCollectionPath" : "Mobile Media Library/English - Video/Scriptural Reenactments and Teachings/Book of Mormon Videos",
  "collectionType" : "assets",
  "path" : "Mobile Media Library/English - Video/Scriptural Reenactments and Teachings/Book of Mormon Videos/1 Nephi 3–5",
  "collectionID" : "163989513185457bb2b6c307f1f77987",
  "language" : "eng",
  "type" : "DEFAULT",
  "lastUpdatedDate" : "2023-09-11T17:23:47.740-06:00",
  "links" : [ {
    "rel" : "details",
    "href" : "https://titanapi.churchofjesuschrist.org/assetsearch/api/v2/collection/details/collectionID/163989513185457bb2b6c307f1f77987"
  } ],
  "coverImages" : [ {
    "asset" : {
      "assetID" : "79b201ecb5472c60b3699fbc9b1d7404e7fd5e90"
    }
  } ],
  "related" : [ ],
  "metadata" : [ {
    "key" : "orderIndex",
    "value" : "3"
  }, {
    "key" : "channel",
    "value" : "mobile",
    "language" : "eng"
  }, {
    "key" : "collectionUri",
    "value" : "1-nephi-3-5",
    "language" : "eng"
  }, {
    "key" : "publicTitle",
    "value" : "1 Nephi 3–5",
    "language" : "eng"
  } ],
  "children" : [ ],
  "assets" : [ {
    "asset" : {
      "assetID" : "836E12A2FEBC707247490AC9F1519AB7991CBAE3"
    },
    "index" : 0,
    "addedDate" : 1662564789073,
    "metadata" : [ ]
  }, {
    "asset" : {
      "assetID" : "6651AD8DF601512612B9D2E77E3F2ED92410A840"
    },
    "index" : 1,
    "addedDate" : 1662564789076,
    "metadata" : [ ]
  }, {
    "asset" : {
      "assetID" : "B273030FDEF8C44D6EFE06A1883F5108C8FBAB3C"
    },
    "index" : 2,
    "addedDate" : 1662564789080,
    "metadata" : [ ]
  }, {
    "asset" : {
      "assetID" : "DF0773EC017E91E546FE404FAC654399B0B19FBE"
    },
    "index" : 3,
    "addedDate" : 1662564789080,
    "metadata" : [ ]
  }, {
    "asset" : {
      "assetID" : "45AF8890BC0EF1969BDE506461D6AF00A2224F05"
    },
    "index" : 4,
    "addedDate" : 1662564789063,
    "metadata" : [ ]
  }, {
    "asset" : {
      "assetID" : "A23B7CAADDE22E631B595CA5E950BFFE6F4211E3"
    },
    "index" : 5,
    "addedDate" : 1662564789066,
    "metadata" : [ ]
  }, {
    "asset" : {
      "assetID" : "B8FA8322FCA096C17E6D167065A0626488A37664"
    },
    "index" : 6,
    "addedDate" : 1662564789070,
    "metadata" : [ ]
  }, {
    "asset" : {
      "assetID" : "E7F934F4B51BEFC9E4F9C34BC042BD4C8B0D01CB"
    },
    "index" : 7,
    "addedDate" : 1662564789070,
    "metadata" : [ ]
  }, {
    "asset" : {
      "assetID" : "CF6E158B07FB8BB4DA5104E1282EFF1FF4A38C60"
    },
    "index" : 8,
    "addedDate" : 1662564789073,
    "metadata" : [ ]
  } ],
  "fileName" : "163989513185457bb2b6c307f1f77987.json",
  "name" : "1 Nephi 3–5",
  "english" : true,
  "publicTitle" : "1 Nephi 3–5",
  "collectionUri" : "1-nephi-3-5"
}