{
  "parentCollectionID" : "5a97abf026244e198d8305dcdf95ab98",
  "parentCollectionPath" : "Mobile Media Library/English - Video/Teaching and Lessons/Come, Follow Me/2024 Book of Mormon Media Resources",
  "collectionType" : "assets",
  "path" : "Mobile Media Library/English - Video/Teaching and Lessons/Come, Follow Me/2024 Book of Mormon Media Resources/Appendix",
  "collectionID" : "1645c8f410fa4fe8b6913a3d007ff878",
  "language" : "eng",
  "type" : "DEFAULT",
  "lastUpdatedDate" : "2023-11-03T13:20:54.474-06:00",
  "links" : [ {
    "rel" : "details",
    "href" : "https://titanapi.churchofjesuschrist.org/assetsearch/api/v2/collection/details/collectionID/1645c8f410fa4fe8b6913a3d007ff878"
  } ],
  "coverImages" : [ {
    "asset" : {
      "assetID" : "10d500bf735a249fbc703421f8436c3287a92a19"
    }
  } ],
  "related" : [ ],
  "metadata" : [ {
    "key" : "collectionUri",
    "value" : "2024-book-of-mormon-media-resources-appendix",
    "language" : "eng"
  }, {
    "key" : "publicTitle",
    "value" : "Appendix",
    "language" : "eng"
  }, {
    "key" : "orderIndex",
    "value" : "13"
  } ],
  "children" : [ ],
  "assets" : [ {
    "asset" : {
      "assetID" : "6a280154771d9d9db678df9170431d3d7bee8067"
    },
    "index" : 5,
    "addedDate" : 1699039400825,
    "metadata" : [ ]
  }, {
    "asset" : {
      "assetID" : "77203c802a95f34bf7ac8fd107a602903a15bc9c"
    },
    "index" : 3,
    "addedDate" : 1699039380147,
    "metadata" : [ ]
  }, {
    "asset" : {
      "assetID" : "c3d37264e041913ea66b490bb36ea985082618dd"
    },
    "index" : 1,
    "addedDate" : 1699039358046,
    "metadata" : [ ]
  }, {
    "asset" : {
      "assetID" : "b88abfaa6133759389ff1f548587848654257cc1"
    },
    "index" : 0,
    "addedDate" : 1699039341992,
    "metadata" : [ ]
  }, {
    "asset" : {
      "assetID" : "15888178373f11ec8aafeeeeac1e5e36cbcabcdf"
    },
    "index" : 4,
    "addedDate" : 1699039390248,
    "metadata" : [ ]
  }, {
    "asset" : {
      "assetID" : "c8e3957e35e011eca29deeeeac1e03f984b64f30"
    },
    "index" : 2,
    "addedDate" : 1699039370058,
    "metadata" : [ ]
  } ],
  "fileName" : "1645c8f410fa4fe8b6913a3d007ff878.json",
  "name" : "Appendix",
  "english" : true,
  "publicTitle" : "Appendix",
  "collectionUri" : "2024-book-of-mormon-media-resources-appendix"
}