{
  "parentCollectionID" : "947da7183a51ff85dfdac16ddf289bb0ace2b6b8",
  "parentCollectionPath" : "Mobile Media Library/English - Video/Broadcasts",
  "collectionType" : "assets",
  "path" : "Mobile Media Library/English - Video/Broadcasts/Worldwide Relief Society Devotional and Testimony Meeting",
  "collectionID" : "16db17878ff1420e98e65daa0074c676",
  "language" : "eng",
  "type" : "DEFAULT",
  "lastUpdatedDate" : "2024-03-14T11:39:45.277-06:00",
  "links" : [ {
    "rel" : "details",
    "href" : "https://titanapi.churchofjesuschrist.org/assetsearch/api/v2/collection/details/collectionID/16db17878ff1420e98e65daa0074c676"
  } ],
  "coverImages" : [ {
    "asset" : {
      "assetID" : "6e1df8ac47ea45df941e73ab4f25f5fc7bc26df0"
    }
  } ],
  "related" : [ ],
  "metadata" : [ {
    "key" : "orderIndex",
    "value" : "1"
  }, {
    "key" : "description",
    "value" : "President Russell M. Nelson and the Relief Society General Presidency speak to women on March 17, 2024, in a devotional to commemorate the founding of the Relief Society on March 17, 1842.",
    "language" : "eng"
  }, {
    "key" : "collectionUri",
    "value" : "worldwide-relief-society-devotional-and-testimony-meeting-broadcast",
    "language" : "eng"
  }, {
    "key" : "publicTitle",
    "value" : "Worldwide Relief Society Devotional and Testimony Meeting",
    "language" : "eng"
  } ],
  "children" : [ ],
  "assets" : [ {
    "asset" : {
      "assetID" : "744a51a0dcab11ee8cf5eeeeac1eb2d0f8a1fce9"
    },
    "index" : 0,
    "addedDate" : 1710198387473,
    "metadata" : [ ]
  }, {
    "asset" : {
      "assetID" : "7fba50c133d111ef95c90286e0573c63b7f9f997"
    },
    "index" : 1,
    "addedDate" : 1723652623105,
    "metadata" : [ ]
  }, {
    "asset" : {
      "assetID" : "3b86c4bd5e7711efac8a0626c361eb5593db35d7"
    },
    "index" : 2,
    "addedDate" : 1724260489502,
    "metadata" : [ ]
  }, {
    "asset" : {
      "assetID" : "283e4167720b11efb3330626c361eb55911f0930"
    },
    "index" : 3,
    "addedDate" : 1726678008880,
    "metadata" : [ ]
  } ],
  "fileName" : "16db17878ff1420e98e65daa0074c676.json",
  "name" : "Worldwide Relief Society Devotional and Testimony Meeting",
  "english" : true,
  "publicTitle" : "Worldwide Relief Society Devotional and Testimony Meeting",
  "description" : "President Russell M. Nelson and the Relief Society General Presidency speak to women on March 17, 2024, in a devotional to commemorate the founding of the Relief Society on March 17, 1842.",
  "collectionUri" : "worldwide-relief-society-devotional-and-testimony-meeting-broadcast"
}