{
  "parentCollectionID" : "8cfd45d9b1d9ecc1774e6b77f9ad83fd54dbc236",
  "parentCollectionPath" : "Mobile Media Library/English - Video/Church History/Prophets of the Restoration",
  "collectionType" : "assets",
  "path" : "Mobile Media Library/English - Video/Church History/Prophets of the Restoration/Brigham Young-Prophets of the Restoration",
  "collectionID" : "17914bf6aabc8a6dc29ca77e04d34c7febdaf67c",
  "language" : "eng",
  "type" : "DEFAULT",
  "lastUpdatedDate" : "2019-10-28T16:40:50.643-06:00",
  "links" : [ {
    "rel" : "details",
    "href" : "https://titanapi.churchofjesuschrist.org/assetsearch/api/v2/collection/details/collectionID/17914bf6aabc8a6dc29ca77e04d34c7febdaf67c"
  } ],
  "coverImages" : [ {
    "asset" : {
      "assetID" : "29c90dc7bab9f21909072a551999d8c2d646fee6"
    }
  } ],
  "related" : [ ],
  "metadata" : [ {
    "key" : "collectionUri",
    "value" : "brigham-young-prophets-of-the-restoration",
    "language" : "eng"
  }, {
    "key" : "publicTitle",
    "value" : "Brigham Young—Prophets of the Restoration",
    "language" : "eng"
  } ],
  "children" : [ ],
  "assets" : [ {
    "asset" : {
      "assetID" : "95bad5a1c6fbc4d5f908d0fcbb26e4d746a2ea26"
    },
    "addedDate" : 1478798523011,
    "metadata" : [ ]
  }, {
    "asset" : {
      "assetID" : "aa787562dbec6ba65130255ed260c85f310a4b90"
    },
    "addedDate" : 1478798527052,
    "metadata" : [ ]
  }, {
    "asset" : {
      "assetID" : "97df730fbea2ab4f9c0caf61a68abed317e42144"
    },
    "addedDate" : 1478798533040,
    "metadata" : [ ]
  }, {
    "asset" : {
      "assetID" : "ec7dbee4e844195227966262e21c3165d977c6e4"
    },
    "addedDate" : 1478798531068,
    "metadata" : [ ]
  }, {
    "asset" : {
      "assetID" : "aaa855b72c9db4bd9f5c264be699c62f86f9b2bb"
    },
    "addedDate" : 1478798526024,
    "metadata" : [ ]
  }, {
    "asset" : {
      "assetID" : "ea61b02e381488e3cd139e2a4434b8fd7db80c27"
    },
    "addedDate" : 1478798528091,
    "metadata" : [ ]
  }, {
    "asset" : {
      "assetID" : "370ea4e6122747bc7b171093690358f4ccdfc809"
    },
    "addedDate" : 1478798536051,
    "metadata" : [ ]
  }, {
    "asset" : {
      "assetID" : "2116665d5d0ccd9dca7f9bd374ef5786131ebc95"
    },
    "addedDate" : 1478798530009,
    "metadata" : [ ]
  }, {
    "asset" : {
      "assetID" : "4b0191a8b8f89e1e8ff92d85a3d179653a01e66a"
    },
    "addedDate" : 1478798524095,
    "metadata" : [ ]
  }, {
    "asset" : {
      "assetID" : "24b8f125eb3249b958e023c9b72afb095b4324b3"
    },
    "addedDate" : 1478798535011,
    "metadata" : [ ]
  } ],
  "fileName" : "17914bf6aabc8a6dc29ca77e04d34c7febdaf67c.json",
  "name" : "Brigham Young-Prophets of the Restoration",
  "english" : true,
  "publicTitle" : "Brigham Young—Prophets of the Restoration",
  "collectionUri" : "brigham-young-prophets-of-the-restoration"
}