{
  "parentCollectionID" : "b91d19b3a88f45129e9ec20d8c175bfa",
  "parentCollectionPath" : "Mobile Media Library/English - Video/Scriptural Reenactments and Teachings/Book of Mormon Videos",
  "collectionType" : "assets",
  "path" : "Mobile Media Library/English - Video/Scriptural Reenactments and Teachings/Book of Mormon Videos/Mosiah 27; Alma 36",
  "collectionID" : "18502e71b1f942a387fcee5173176edc",
  "language" : "eng",
  "type" : "DEFAULT",
  "lastUpdatedDate" : "2023-09-11T17:24:34.896-06:00",
  "links" : [ {
    "rel" : "details",
    "href" : "https://titanapi.churchofjesuschrist.org/assetsearch/api/v2/collection/details/collectionID/18502e71b1f942a387fcee5173176edc"
  } ],
  "coverImages" : [ {
    "asset" : {
      "assetID" : "16ec87d6d0c0cbe6246d2b530f689b83992962ed"
    }
  } ],
  "related" : [ ],
  "metadata" : [ {
    "key" : "orderIndex",
    "value" : "24"
  }, {
    "key" : "channel",
    "value" : "mobile",
    "language" : "eng"
  }, {
    "key" : "collectionUri",
    "value" : "mosiah-27-alma-36",
    "language" : "eng"
  }, {
    "key" : "publicTitle",
    "value" : "Mosiah 27; Alma 36",
    "language" : "eng"
  } ],
  "children" : [ ],
  "assets" : [ {
    "asset" : {
      "assetID" : "38D02E8BD3AFA30A1A868A431C4791197031091C"
    },
    "index" : 0,
    "addedDate" : 1662565615456,
    "metadata" : [ ]
  }, {
    "asset" : {
      "assetID" : "8FDCA8E5EC20EA5CA0D9B8D168AFD61388B05DF7"
    },
    "index" : 1,
    "addedDate" : 1662565615456,
    "metadata" : [ ]
  }, {
    "asset" : {
      "assetID" : "F7036E445695DD613D1112E4853FBDC773699623"
    },
    "index" : 2,
    "addedDate" : 1662565615453,
    "metadata" : [ ]
  }, {
    "asset" : {
      "assetID" : "58908E78ECA4FE9B80CDE8CEE315876AE4E18430"
    },
    "index" : 3,
    "addedDate" : 1662565615450,
    "metadata" : [ ]
  } ],
  "fileName" : "18502e71b1f942a387fcee5173176edc.json",
  "name" : "Mosiah 27; Alma 36",
  "english" : true,
  "publicTitle" : "Mosiah 27; Alma 36",
  "collectionUri" : "mosiah-27-alma-36"
}