{
  "parentCollectionID" : "947da7183a51ff85dfdac16ddf289bb0ace2b6b8",
  "parentCollectionPath" : "Mobile Media Library/English - Video/Broadcasts",
  "collectionType" : "collections",
  "path" : "Mobile Media Library/English - Video/Broadcasts/Youth Events",
  "collectionID" : "18d6cbd720a17cdd47c2b4f1a8846c098ba9a1fc",
  "language" : "eng",
  "type" : "DEFAULT",
  "lastUpdatedDate" : "2023-10-17T12:21:29.713-06:00",
  "links" : [ {
    "rel" : "details",
    "href" : "https://titanapi.churchofjesuschrist.org/assetsearch/api/v2/collection/details/collectionID/18d6cbd720a17cdd47c2b4f1a8846c098ba9a1fc"
  } ],
  "coverImages" : [ {
    "asset" : {
      "assetID" : "5f5a43b5775511ed9c3feeeeac1e5573bf48acb1"
    }
  } ],
  "related" : [ ],
  "metadata" : [ {
    "key" : "orderIndex",
    "value" : "2"
  }, {
    "key" : "channel",
    "value" : "mobile",
    "language" : "eng"
  }, {
    "key" : "description",
    "value" : "Youth and young adults engage Church leaders and performers in a social media platform to ask questions and talk about intriguing gospel topics.",
    "language" : "eng"
  }, {
    "key" : "collectionUri",
    "value" : "broadcasts-youth-events",
    "language" : "eng"
  }, {
    "key" : "publicTitle",
    "value" : "Youth Events",
    "language" : "eng"
  } ],
  "children" : [ {
    "path" : "Mobile Media Library/English - Video/Broadcasts/Youth Events/Face to Face Full Broadcasts",
    "collectionID" : "fc5831eaa4eb4a3d9e4f272007228384",
    "type" : "DEFAULT",
    "lastUpdatedDate" : "2023-05-09T11:29:02.753-06:00",
    "links" : [ {
      "rel" : "details",
      "href" : "https://titanapi.churchofjesuschrist.org/assetsearch/api/v2/collection/details/collectionID/fc5831eaa4eb4a3d9e4f272007228384"
    } ],
    "fileName" : "fc5831eaa4eb4a3d9e4f272007228384.json"
  }, {
    "path" : "Mobile Media Library/English - Video/Broadcasts/Youth Events/Face to Face Questions",
    "collectionID" : "4e50c2e872454bd6bfa8e3c396e1de38",
    "type" : "DEFAULT",
    "lastUpdatedDate" : "2022-08-26T13:22:20.447-06:00",
    "links" : [ {
      "rel" : "details",
      "href" : "https://titanapi.churchofjesuschrist.org/assetsearch/api/v2/collection/details/collectionID/4e50c2e872454bd6bfa8e3c396e1de38"
    } ],
    "fileName" : "4e50c2e872454bd6bfa8e3c396e1de38.json"
  }, {
    "path" : "Mobile Media Library/English - Video/Broadcasts/Youth Events/Face to Face with Elder Gerrit W. Gong",
    "collectionID" : "3a9d68a345e44342adc6f51128034a05",
    "type" : "DEFAULT",
    "lastUpdatedDate" : "2022-09-22T15:19:57.546-06:00",
    "links" : [ {
      "rel" : "details",
      "href" : "https://titanapi.churchofjesuschrist.org/assetsearch/api/v2/collection/details/collectionID/3a9d68a345e44342adc6f51128034a05"
    } ],
    "fileName" : "3a9d68a345e44342adc6f51128034a05.json"
  }, {
    "path" : "Mobile Media Library/English - Video/Broadcasts/Youth Events/Face to Face with Elder Rasband, Sister Oscarson and Brother Owens",
    "collectionID" : "438e1a6c1597411aaadba9ae26862fc7",
    "type" : "DEFAULT",
    "lastUpdatedDate" : "2020-05-22T05:02:16.492-06:00",
    "links" : [ {
      "rel" : "details",
      "href" : "https://titanapi.churchofjesuschrist.org/assetsearch/api/v2/collection/details/collectionID/438e1a6c1597411aaadba9ae26862fc7"
    } ],
    "fileName" : "438e1a6c1597411aaadba9ae26862fc7.json"
  }, {
    "path" : "Mobile Media Library/English - Video/Broadcasts/Youth Events/Face to Face with Elder Ulisses Soares and Elder Craig C. Christensen",
    "collectionID" : "8e2cd2278db5428cb98154e3a562e56d",
    "type" : "DEFAULT",
    "lastUpdatedDate" : "2020-05-22T05:01:09.656-06:00",
    "links" : [ {
      "rel" : "details",
      "href" : "https://titanapi.churchofjesuschrist.org/assetsearch/api/v2/collection/details/collectionID/8e2cd2278db5428cb98154e3a562e56d"
    } ],
    "fileName" : "8e2cd2278db5428cb98154e3a562e56d.json"
  }, {
    "path" : "Mobile Media Library/English - Video/Broadcasts/Youth Events/Face to Face with Elder and Sister Bednar",
    "collectionID" : "5830b300d242447a9acad91785745bed",
    "type" : "DEFAULT",
    "lastUpdatedDate" : "2020-07-08T21:13:26.815-06:00",
    "links" : [ {
      "rel" : "details",
      "href" : "https://titanapi.churchofjesuschrist.org/assetsearch/api/v2/collection/details/collectionID/5830b300d242447a9acad91785745bed"
    } ],
    "fileName" : "5830b300d242447a9acad91785745bed.json"
  }, {
    "path" : "Mobile Media Library/English - Video/Broadcasts/Youth Events/Face to Face with Lindsey Stirling",
    "collectionID" : "57724969efd541e5921c5d62608887b4",
    "type" : "DEFAULT",
    "lastUpdatedDate" : "2020-05-22T05:02:20.343-06:00",
    "links" : [ {
      "rel" : "details",
      "href" : "https://titanapi.churchofjesuschrist.org/assetsearch/api/v2/collection/details/collectionID/57724969efd541e5921c5d62608887b4"
    } ],
    "fileName" : "57724969efd541e5921c5d62608887b4.json"
  }, {
    "path" : "Mobile Media Library/English - Video/Broadcasts/Youth Events/Face to Face with Musical Artists",
    "collectionID" : "5e63cf3b55a14fe899c73afa1a248c13",
    "type" : "DEFAULT",
    "lastUpdatedDate" : "2020-05-22T05:01:16.334-06:00",
    "links" : [ {
      "rel" : "details",
      "href" : "https://titanapi.churchofjesuschrist.org/assetsearch/api/v2/collection/details/collectionID/5e63cf3b55a14fe899c73afa1a248c13"
    } ],
    "fileName" : "5e63cf3b55a14fe899c73afa1a248c13.json"
  }, {
    "path" : "Mobile Media Library/English - Video/Broadcasts/Youth Events/Face to Face with President and Sister Oaks",
    "collectionID" : "4cc7781b42b24b0e83e62f4c724ec3d5",
    "type" : "DEFAULT",
    "lastUpdatedDate" : "2022-09-22T15:17:46.504-06:00",
    "links" : [ {
      "rel" : "details",
      "href" : "https://titanapi.churchofjesuschrist.org/assetsearch/api/v2/collection/details/collectionID/4cc7781b42b24b0e83e62f4c724ec3d5"
    } ],
    "fileName" : "4cc7781b42b24b0e83e62f4c724ec3d5.json"
  }, {
    "path" : "Mobile Media Library/English - Video/Broadcasts/Youth Events/Face to Face with Studio C",
    "collectionID" : "34c700a0916a4705a0585a41fa9845fd",
    "type" : "DEFAULT",
    "lastUpdatedDate" : "2020-05-22T05:01:55.785-06:00",
    "links" : [ {
      "rel" : "details",
      "href" : "https://titanapi.churchofjesuschrist.org/assetsearch/api/v2/collection/details/collectionID/34c700a0916a4705a0585a41fa9845fd"
    } ],
    "fileName" : "34c700a0916a4705a0585a41fa9845fd.json"
  }, {
    "path" : "Mobile Media Library/English - Video/Broadcasts/Youth Events/Worldwide Devotional for Young Adults: A Face to Face Event with Elder Cook",
    "collectionID" : "929e534de5c54fc9a30a40ec691028ec",
    "type" : "DEFAULT",
    "lastUpdatedDate" : "2021-12-13T16:17:58.039-07:00",
    "links" : [ {
      "rel" : "details",
      "href" : "https://titanapi.churchofjesuschrist.org/assetsearch/api/v2/collection/details/collectionID/929e534de5c54fc9a30a40ec691028ec"
    } ],
    "fileName" : "929e534de5c54fc9a30a40ec691028ec.json"
  }, {
    "path" : "Mobile Media Library/English - Video/Broadcasts/Youth Events/YSA Face to Face with Elder Oaks and Elder Ballard",
    "collectionID" : "81b81dc5994448d4b8fa19f61ff7bbe8",
    "type" : "DEFAULT",
    "lastUpdatedDate" : "2020-05-22T05:01:13.065-06:00",
    "links" : [ {
      "rel" : "details",
      "href" : "https://titanapi.churchofjesuschrist.org/assetsearch/api/v2/collection/details/collectionID/81b81dc5994448d4b8fa19f61ff7bbe8"
    } ],
    "fileName" : "81b81dc5994448d4b8fa19f61ff7bbe8.json"
  }, {
    "path" : "Mobile Media Library/English - Video/Broadcasts/Youth Events/Face to Face with President Eyring and Elder Holland",
    "collectionID" : "15b26c824cc14f188448e33e98ab9446",
    "type" : "DEFAULT",
    "lastUpdatedDate" : "2020-05-22T05:06:59.754-06:00",
    "links" : [ {
      "rel" : "details",
      "href" : "https://titanapi.churchofjesuschrist.org/assetsearch/api/v2/collection/details/collectionID/15b26c824cc14f188448e33e98ab9446"
    } ],
    "fileName" : "15b26c824cc14f188448e33e98ab9446.json"
  }, {
    "path" : "Mobile Media Library/English - Video/Broadcasts/Youth Events/Face to Face with the Piano Guys",
    "collectionID" : "7fadfb6fc3a64db098a9b55a04d8d1c0",
    "type" : "DEFAULT",
    "lastUpdatedDate" : "2020-05-22T05:02:17.549-06:00",
    "links" : [ {
      "rel" : "details",
      "href" : "https://titanapi.churchofjesuschrist.org/assetsearch/api/v2/collection/details/collectionID/7fadfb6fc3a64db098a9b55a04d8d1c0"
    } ],
    "fileName" : "7fadfb6fc3a64db098a9b55a04d8d1c0.json"
  }, {
    "path" : "Mobile Media Library/English - Video/Broadcasts/Youth Events/Face to Face for YSA: with Elder Jeffrey R. Holland, Sister Carole M. Stephens, and Elder Donald L. Hallstrom",
    "collectionID" : "66bd6effa9e64b06af3725c7517262db",
    "type" : "DEFAULT",
    "lastUpdatedDate" : "2023-01-24T14:06:03.673-07:00",
    "links" : [ {
      "rel" : "details",
      "href" : "https://titanapi.churchofjesuschrist.org/assetsearch/api/v2/collection/details/collectionID/66bd6effa9e64b06af3725c7517262db"
    } ],
    "fileName" : "66bd6effa9e64b06af3725c7517262db.json"
  }, {
    "path" : "Mobile Media Library/English - Video/Broadcasts/Youth Events/Face to Face for Youth",
    "collectionID" : "44285faaecf84a56b332fc94fbdad90d",
    "type" : "DEFAULT",
    "lastUpdatedDate" : "2023-05-17T14:53:01.436-06:00",
    "links" : [ {
      "rel" : "details",
      "href" : "https://titanapi.churchofjesuschrist.org/assetsearch/api/v2/collection/details/collectionID/44285faaecf84a56b332fc94fbdad90d"
    } ],
    "fileName" : "44285faaecf84a56b332fc94fbdad90d.json"
  }, {
    "path" : "Mobile Media Library/English - Video/Broadcasts/Youth Events/Worldwide Event for Youth: I Can Do All Things Through Christ",
    "collectionID" : "35494ae9d35a49658d8c8972333e0c5c",
    "type" : "DEFAULT",
    "lastUpdatedDate" : "2023-02-10T10:45:27.700-07:00",
    "links" : [ {
      "rel" : "details",
      "href" : "https://titanapi.churchofjesuschrist.org/assetsearch/api/v2/collection/details/collectionID/35494ae9d35a49658d8c8972333e0c5c"
    } ],
    "fileName" : "35494ae9d35a49658d8c8972333e0c5c.json"
  }, {
    "path" : "Mobile Media Library/English - Video/Broadcasts/Youth Events/Worldwide Day of Testimony: I Can Do All Things Through Christ",
    "collectionID" : "0fcba223006c4f22aca09832986c15f7",
    "type" : "DEFAULT",
    "lastUpdatedDate" : "2023-10-16T22:30:13.572-06:00",
    "links" : [ {
      "rel" : "details",
      "href" : "https://titanapi.churchofjesuschrist.org/assetsearch/api/v2/collection/details/collectionID/0fcba223006c4f22aca09832986c15f7"
    } ],
    "fileName" : "0fcba223006c4f22aca09832986c15f7.json"
  }, {
    "path" : "Mobile Media Library/English - Video/Broadcasts/Youth Events/January Worldwide Discussion Event for Youth—“I Am a Disciple of Jesus Christ”",
    "collectionID" : "549762838f5b44298742305ed9cf5429",
    "type" : "DEFAULT",
    "lastUpdatedDate" : "2024-01-29T09:14:53.390-07:00",
    "links" : [ {
      "rel" : "details",
      "href" : "https://titanapi.churchofjesuschrist.org/assetsearch/api/v2/collection/details/collectionID/549762838f5b44298742305ed9cf5429"
    } ],
    "fileName" : "549762838f5b44298742305ed9cf5429.json"
  }, {
    "path" : "Mobile Media Library/English - Video/Broadcasts/Youth Events/October 2024 Youth Worldwide Broadcast - Celebration of Light",
    "collectionID" : "8b59d31c02634f53bc7e1c8916d2ab52",
    "type" : "DEFAULT",
    "lastUpdatedDate" : "2024-10-23T11:32:16.176-06:00",
    "links" : [ {
      "rel" : "details",
      "href" : "https://titanapi.churchofjesuschrist.org/assetsearch/api/v2/collection/details/collectionID/8b59d31c02634f53bc7e1c8916d2ab52"
    } ],
    "fileName" : "8b59d31c02634f53bc7e1c8916d2ab52.json"
  }, {
    "path" : "Mobile Media Library/English - Video/Broadcasts/Youth Events/January 2025 Worldwide Discussion for Youth - Look Unto Christ",
    "collectionID" : "fa254cffbe464bbea90a4333dff9ccbe",
    "type" : "DEFAULT",
    "lastUpdatedDate" : "2025-01-02T05:37:28.424-07:00",
    "links" : [ {
      "rel" : "details",
      "href" : "https://titanapi.churchofjesuschrist.org/assetsearch/api/v2/collection/details/collectionID/fa254cffbe464bbea90a4333dff9ccbe"
    } ],
    "fileName" : "fa254cffbe464bbea90a4333dff9ccbe.json"
  } ],
  "assets" : [ ],
  "fileName" : "18d6cbd720a17cdd47c2b4f1a8846c098ba9a1fc.json",
  "name" : "Youth Events",
  "english" : true,
  "publicTitle" : "Youth Events",
  "description" : "Youth and young adults engage Church leaders and performers in a social media platform to ask questions and talk about intriguing gospel topics.",
  "collectionUri" : "broadcasts-youth-events"
}