{
  "parentCollectionID" : "60e2b92464e343075045aad1b78475060babe874",
  "parentCollectionPath" : "Mobile Media Library/English - Video/Callings and Trainings/Missionary",
  "collectionType" : "assets",
  "path" : "Mobile Media Library/English - Video/Callings and Trainings/Missionary/Service Missionary",
  "collectionID" : "197509fdd68a5a59c26c411b44566054df0337e9",
  "language" : "eng",
  "type" : "DEFAULT",
  "lastUpdatedDate" : "2023-09-15T09:10:46.476-06:00",
  "links" : [ {
    "rel" : "details",
    "href" : "https://titanapi.churchofjesuschrist.org/assetsearch/api/v2/collection/details/collectionID/197509fdd68a5a59c26c411b44566054df0337e9"
  } ],
  "coverImages" : [ {
    "asset" : {
      "assetID" : "95017790af56533d90355c6738e71400efb6c955"
    }
  } ],
  "related" : [ ],
  "metadata" : [ {
    "key" : "collectionUri",
    "value" : "service-missionary",
    "language" : "eng"
  }, {
    "key" : "publicTitle",
    "value" : "Service Missionary",
    "language" : "eng"
  } ],
  "children" : [ ],
  "assets" : [ {
    "asset" : {
      "assetID" : "fd88036cfb306a6ea799d795f71c0a4613cff5d5"
    },
    "addedDate" : 1578547919908,
    "metadata" : [ ]
  }, {
    "asset" : {
      "assetID" : "2daac98ee5f180438fdcad319bc9f71980e7d4f8"
    },
    "addedDate" : 1525991788075,
    "metadata" : [ ]
  }, {
    "asset" : {
      "assetID" : "954a4f89564cf164c8d7c761d9234160b8d618c9"
    },
    "addedDate" : 1478542810033,
    "metadata" : [ ]
  }, {
    "asset" : {
      "assetID" : "fad183da49242da38b3d7d46b8575db389f488d8"
    },
    "addedDate" : 1478542810033,
    "metadata" : [ ]
  }, {
    "asset" : {
      "assetID" : "95c13cfe07ec94ed544cf97ec09fb71ccf53b779"
    },
    "addedDate" : 1525991808063,
    "metadata" : [ ]
  }, {
    "asset" : {
      "assetID" : "360812a8ed42be3fe2d32d8f1e1bde46db03160d"
    },
    "addedDate" : 1578547957607,
    "metadata" : [ ]
  }, {
    "asset" : {
      "assetID" : "94178067d97a4965c62a4dec14552e72b319162e"
    },
    "addedDate" : 1578547972255,
    "metadata" : [ ]
  }, {
    "asset" : {
      "assetID" : "24499e216ed727dd2cd5b23d4ae6ae716eda3a77"
    },
    "addedDate" : 1632956826936,
    "metadata" : [ ]
  }, {
    "asset" : {
      "assetID" : "487b0af17101389ff6c19eb3d18567ac713bd8db"
    },
    "addedDate" : 1592952635907,
    "metadata" : [ ]
  }, {
    "asset" : {
      "assetID" : "d1939686157e4dbc4aa34fc1ea4add3f2abe6d0f"
    },
    "addedDate" : 1632956873670,
    "metadata" : [ ]
  }, {
    "asset" : {
      "assetID" : "10881f19c9feea34274e1489d5b87b8fe23ee6f4"
    },
    "addedDate" : 1595218251473,
    "metadata" : [ ]
  }, {
    "asset" : {
      "assetID" : "6b2a358ddaf457dfe5825ffd122f9a0ce19ab376"
    },
    "addedDate" : 1632956847378,
    "metadata" : [ ]
  }, {
    "asset" : {
      "assetID" : "31c6d63ea7fcdd0021196ef1f71b6d44c7432e3e"
    },
    "addedDate" : 1595218251802,
    "metadata" : [ ]
  } ],
  "fileName" : "197509fdd68a5a59c26c411b44566054df0337e9.json",
  "name" : "Service Missionary",
  "english" : true,
  "publicTitle" : "Service Missionary",
  "collectionUri" : "service-missionary"
}