{
  "parentCollectionID" : "11768d7b23484806960587a13d704f15",
  "parentCollectionPath" : "Mobile Media Library/English - Video/Scriptural Reenactments and Teachings/New Testament Teaching Videos",
  "collectionType" : "assets",
  "path" : "Mobile Media Library/English - Video/Scriptural Reenactments and Teachings/New Testament Teaching Videos/Introduction - Mark",
  "collectionID" : "1b93c900893b43679f65e26f070806e2",
  "language" : "eng",
  "type" : "DEFAULT",
  "lastUpdatedDate" : "2022-09-07T13:15:59.704-06:00",
  "links" : [ {
    "rel" : "details",
    "href" : "https://titanapi.churchofjesuschrist.org/assetsearch/api/v2/collection/details/collectionID/1b93c900893b43679f65e26f070806e2"
  } ],
  "coverImages" : [ {
    "asset" : {
      "assetID" : "e32f5821c733134b9c72a16e0ef6617ace5d9d6f"
    }
  } ],
  "related" : [ ],
  "metadata" : [ {
    "key" : "orderIndex",
    "value" : "1"
  }, {
    "key" : "channel",
    "value" : "mobile",
    "language" : "eng"
  }, {
    "key" : "collectionUri",
    "value" : "introduction-mark",
    "language" : "eng"
  }, {
    "key" : "publicTitle",
    "value" : "Introduction - Mark",
    "language" : "eng"
  } ],
  "children" : [ ],
  "assets" : [ {
    "asset" : {
      "assetID" : "be7d4f580c7c1a7ad006c6c67d0681327e4ec6c5"
    },
    "addedDate" : 1662577912240,
    "metadata" : [ ]
  }, {
    "asset" : {
      "assetID" : "4048a645376ba4aeb1be3bf1141554443dec4589"
    },
    "addedDate" : 1662577912346,
    "metadata" : [ ]
  }, {
    "asset" : {
      "assetID" : "e5f9180a68254bbb0ca4d6ad98b1ae1a409c0c69"
    },
    "addedDate" : 1662577912223,
    "metadata" : [ ]
  }, {
    "asset" : {
      "assetID" : "21eac7071d44a1ae87848f73f4180e517959bf95"
    },
    "addedDate" : 1662577912260,
    "metadata" : [ ]
  }, {
    "asset" : {
      "assetID" : "ba04cb589652bd1f128c598dbfa5a07c6ea34357"
    },
    "addedDate" : 1662577912276,
    "metadata" : [ ]
  }, {
    "asset" : {
      "assetID" : "aad95f04f1f2e4019f183f6e4e4acda15536bd98"
    },
    "addedDate" : 1662577912253,
    "metadata" : [ ]
  }, {
    "asset" : {
      "assetID" : "b33adb7c6c96133f94122766493432031249594b"
    },
    "addedDate" : 1662577912213,
    "metadata" : [ ]
  }, {
    "asset" : {
      "assetID" : "92d1ca424edf6fd6137596fa5d3a6a32d9b6000c"
    },
    "addedDate" : 1662577912243,
    "metadata" : [ ]
  }, {
    "asset" : {
      "assetID" : "3565f7a90bfebd90ce6941f8ff385353e7ab0bd6"
    },
    "addedDate" : 1662577912306,
    "metadata" : [ ]
  }, {
    "asset" : {
      "assetID" : "90b96fa666d8e5c5bd9a1cdd2a59b63747495e42"
    },
    "addedDate" : 1662577912250,
    "metadata" : [ ]
  }, {
    "asset" : {
      "assetID" : "37c3da78b49fff91c8f11ec688da1528b612dc2d"
    },
    "addedDate" : 1662577912233,
    "metadata" : [ ]
  }, {
    "asset" : {
      "assetID" : "86c83710b8ec1aee3df0dc48dbef61daffdbafaa"
    },
    "addedDate" : 1662577912203,
    "metadata" : [ ]
  }, {
    "asset" : {
      "assetID" : "48cd8d82442017e7bcc4bbd03c8bcaa7fb3748a6"
    },
    "addedDate" : 1662577912270,
    "metadata" : [ ]
  }, {
    "asset" : {
      "assetID" : "836c554510ba02dd44e37e5def18ab55baa1b8a8"
    },
    "addedDate" : 1662577912330,
    "metadata" : [ ]
  }, {
    "asset" : {
      "assetID" : "fc925ed93c28c69a9e22f44b564e6c48636cbf3b"
    },
    "addedDate" : 1662577912323,
    "metadata" : [ ]
  }, {
    "asset" : {
      "assetID" : "ca621e824a35469a9890e5797ce8a46a3a17cc64"
    },
    "addedDate" : 1662577912330,
    "metadata" : [ ]
  }, {
    "asset" : {
      "assetID" : "8caedfe819482fcdbcfa25a3564da370b7e5acbf"
    },
    "addedDate" : 1662577912340,
    "metadata" : [ ]
  }, {
    "asset" : {
      "assetID" : "946b8b9194f3ef16be32ba26a24a3fa77b12cd20"
    },
    "addedDate" : 1662577912290,
    "metadata" : [ ]
  }, {
    "asset" : {
      "assetID" : "2b8b19468426b69271ed8775ec6bb37406c35d9a"
    },
    "addedDate" : 1662577912293,
    "metadata" : [ ]
  }, {
    "asset" : {
      "assetID" : "a896e55bf49ee5b2c2ad93280f5b656a5939ac56"
    },
    "addedDate" : 1662577912300,
    "metadata" : [ ]
  }, {
    "asset" : {
      "assetID" : "cd7c0be85733ad0aa83b31b33713d2b07e7fa5d2"
    },
    "addedDate" : 1662577912316,
    "metadata" : [ ]
  }, {
    "asset" : {
      "assetID" : "290eed723aaa61741f063e666da7d6cd05dae3ca"
    },
    "addedDate" : 1662577912346,
    "metadata" : [ ]
  }, {
    "asset" : {
      "assetID" : "e24604bb472ae65b52cd3215cabce2fe400d8e35"
    },
    "addedDate" : 1662577912236,
    "metadata" : [ ]
  }, {
    "asset" : {
      "assetID" : "2ee7313df8249e0a4a1ba65f02a1b2c77cb0287a"
    },
    "addedDate" : 1662577912203,
    "metadata" : [ ]
  }, {
    "asset" : {
      "assetID" : "a39554b5f702f916e9ec62d4238e18ebbae66592"
    },
    "addedDate" : 1662577912350,
    "metadata" : [ ]
  }, {
    "asset" : {
      "assetID" : "aa351f1773fea9439e1d076e0ddd74d56d01b184"
    },
    "addedDate" : 1662577912310,
    "metadata" : [ ]
  }, {
    "asset" : {
      "assetID" : "b504461c24d30ac0d5e35d4d1a76379734929a36"
    },
    "addedDate" : 1662577912200,
    "metadata" : [ ]
  }, {
    "asset" : {
      "assetID" : "be37df9bacf35011f5c20a96194faee21379f97b"
    },
    "addedDate" : 1662577912263,
    "metadata" : [ ]
  }, {
    "asset" : {
      "assetID" : "d3b9aa5c2985dd4eda9fdfcb0c6f3346f045d554"
    },
    "addedDate" : 1662577912216,
    "metadata" : [ ]
  }, {
    "asset" : {
      "assetID" : "84d221b6c7ec54611d54c707381c4c00ccea0664"
    },
    "addedDate" : 1662577912210,
    "metadata" : [ ]
  }, {
    "asset" : {
      "assetID" : "1977811059d8de0891a6726deda499b88ed1d388"
    },
    "addedDate" : 1662577912236,
    "metadata" : [ ]
  }, {
    "asset" : {
      "assetID" : "266e30770610ad166f6f751a789a0d59757fdc62"
    },
    "addedDate" : 1662577912293,
    "metadata" : [ ]
  }, {
    "asset" : {
      "assetID" : "98e8b1d1ed161228e449314c4109f07a4c2bcfbc"
    },
    "addedDate" : 1662577912250,
    "metadata" : [ ]
  }, {
    "asset" : {
      "assetID" : "37fad6404354415f5921cdb4f3490e2018229d23"
    },
    "addedDate" : 1662577912216,
    "metadata" : [ ]
  }, {
    "asset" : {
      "assetID" : "3f889aef5a274ab08be2c913353d4158db4d7d9d"
    },
    "addedDate" : 1662577912246,
    "metadata" : [ ]
  }, {
    "asset" : {
      "assetID" : "fdb27da5dbc5e1015ef68f532791f810d98d76c7"
    },
    "addedDate" : 1662577912210,
    "metadata" : [ ]
  }, {
    "asset" : {
      "assetID" : "727b1051dd114dce090c5b14faaef42280d7fd03"
    },
    "addedDate" : 1662577912200,
    "metadata" : [ ]
  }, {
    "asset" : {
      "assetID" : "bae255ae75e69be7181598017bce25007182ddfe"
    },
    "addedDate" : 1662577912333,
    "metadata" : [ ]
  }, {
    "asset" : {
      "assetID" : "c2e2ecd2a797d8f325569102297298bfeadf8601"
    },
    "addedDate" : 1662577912283,
    "metadata" : [ ]
  }, {
    "asset" : {
      "assetID" : "a6288c4a798f5460bd6a27e340d89e468cda3801"
    },
    "addedDate" : 1662577912336,
    "metadata" : [ ]
  }, {
    "asset" : {
      "assetID" : "581ef80aa78eab0e0078f713796ac32b050e06ab"
    },
    "addedDate" : 1662577912323,
    "metadata" : [ ]
  }, {
    "asset" : {
      "assetID" : "fa6dd150246dbe05362042f53d0e268eb883d03e"
    },
    "addedDate" : 1662577912220,
    "metadata" : [ ]
  }, {
    "asset" : {
      "assetID" : "a174a711142aa1d44e3fe30a736ee5a50aa3642f"
    },
    "addedDate" : 1662577912320,
    "metadata" : [ ]
  }, {
    "asset" : {
      "assetID" : "45ec34b3dc153996808fc6e7633f6706eb67956b"
    },
    "addedDate" : 1662577912230,
    "metadata" : [ ]
  }, {
    "asset" : {
      "assetID" : "cdf819547c9dfc09e97ecd6786ab91938155c66f"
    },
    "addedDate" : 1662577912283,
    "metadata" : [ ]
  }, {
    "asset" : {
      "assetID" : "bf9f99f53bae94d3424e0ad89bb6c69862480611"
    },
    "addedDate" : 1662577912320,
    "metadata" : [ ]
  }, {
    "asset" : {
      "assetID" : "d59587f06d302ab080d65b634c78e52345a37522"
    },
    "addedDate" : 1662577912340,
    "metadata" : [ ]
  }, {
    "asset" : {
      "assetID" : "1b1044c06dd72e5890d2ad3d9ad59746e0ec0f87"
    },
    "addedDate" : 1662577912226,
    "metadata" : [ ]
  }, {
    "asset" : {
      "assetID" : "e5a7c1b93e6b1a88cea5c3caea5a86d9dec9f1f1"
    },
    "addedDate" : 1662577912256,
    "metadata" : [ ]
  }, {
    "asset" : {
      "assetID" : "3c124d43bd36af06f61291a2aa3c421f9b64e8d6"
    },
    "addedDate" : 1662577912243,
    "metadata" : [ ]
  }, {
    "asset" : {
      "assetID" : "8750afebb2de0118b31828f24a65c838dd2562bd"
    },
    "addedDate" : 1662577912210,
    "metadata" : [ ]
  }, {
    "asset" : {
      "assetID" : "f028bd0764baed886f750e78498c9fd6470b635d"
    },
    "addedDate" : 1662577912290,
    "metadata" : [ ]
  }, {
    "asset" : {
      "assetID" : "ac6897a0afc7094a15f4598b143c40e98789d9ce"
    },
    "addedDate" : 1662577912206,
    "metadata" : [ ]
  }, {
    "asset" : {
      "assetID" : "96f6fea26195bc044aeb67dfe67194af13753454"
    },
    "addedDate" : 1662577912280,
    "metadata" : [ ]
  }, {
    "asset" : {
      "assetID" : "0f2c871ed109eae99a1a041eb23a7f68475ef64c"
    },
    "addedDate" : 1662577912280,
    "metadata" : [ ]
  }, {
    "asset" : {
      "assetID" : "277fd207f2f65af9f96646510dc5f6527375ce60"
    },
    "addedDate" : 1662577912220,
    "metadata" : [ ]
  }, {
    "asset" : {
      "assetID" : "34c5e04722134c43dfa59c8609fb9f213ee118f3"
    },
    "addedDate" : 1662577912306,
    "metadata" : [ ]
  }, {
    "asset" : {
      "assetID" : "e06de8d795a6b04a812713e26bcf463876fa5d16"
    },
    "addedDate" : 1662577912333,
    "metadata" : [ ]
  }, {
    "asset" : {
      "assetID" : "8c519cf210b6976e4bd21943fb4c8278c06419cb"
    },
    "addedDate" : 1662577912270,
    "metadata" : [ ]
  }, {
    "asset" : {
      "assetID" : "cbd1b618f4baea3f905a15bbc5f6361f9d314f33"
    },
    "addedDate" : 1662577912270,
    "metadata" : [ ]
  }, {
    "asset" : {
      "assetID" : "45abbebc0b762fcdd3728d2913869794c4362771"
    },
    "addedDate" : 1662577912276,
    "metadata" : [ ]
  }, {
    "asset" : {
      "assetID" : "a749c2d3671dae7f59ae813652f7ae9f8a856be6"
    },
    "addedDate" : 1662577912253,
    "metadata" : [ ]
  }, {
    "asset" : {
      "assetID" : "48a90c8803642f9c772d858ebfa525a7153b2cc1"
    },
    "addedDate" : 1662577912316,
    "metadata" : [ ]
  }, {
    "asset" : {
      "assetID" : "308905d0c78f0c6628bde0a6664446d90156f149"
    },
    "addedDate" : 1662577912310,
    "metadata" : [ ]
  }, {
    "asset" : {
      "assetID" : "86b2faaec105879a2c5f220cfb106bdf826fdd50"
    },
    "addedDate" : 1662577912193,
    "metadata" : [ ]
  }, {
    "asset" : {
      "assetID" : "b1290d9fbc2f7f66db1a9b112827d8683f9a3189"
    },
    "addedDate" : 1662577912303,
    "metadata" : [ ]
  }, {
    "asset" : {
      "assetID" : "f46de4bc4319c65c119d3b24e3447a23247376dc"
    },
    "addedDate" : 1662577912343,
    "metadata" : [ ]
  }, {
    "asset" : {
      "assetID" : "eeb73703f4d6d5b2be614663e1f078cff15c0c0e"
    },
    "addedDate" : 1662577912340,
    "metadata" : [ ]
  }, {
    "asset" : {
      "assetID" : "9f12f59e6cd57910da9fa2083180a3334a32be4a"
    },
    "addedDate" : 1662577912273,
    "metadata" : [ ]
  }, {
    "asset" : {
      "assetID" : "afa2d84ed2023a3fcdf19e640365f47896f82309"
    },
    "addedDate" : 1662577912260,
    "metadata" : [ ]
  }, {
    "asset" : {
      "assetID" : "bacbab822727e7bd4f2d8a26b1e65933ed0265ab"
    },
    "addedDate" : 1662577912230,
    "metadata" : [ ]
  }, {
    "asset" : {
      "assetID" : "a01be1f44b99a5c36316cec593d71a26df3459db"
    },
    "addedDate" : 1662577912300,
    "metadata" : [ ]
  }, {
    "asset" : {
      "assetID" : "ce273a3902a5f564abc7a11d4cffe00078652c4c"
    },
    "addedDate" : 1662577912330,
    "metadata" : [ ]
  }, {
    "asset" : {
      "assetID" : "2f5839f4401156df5f7fb08d0dcea9dcd0899082"
    },
    "addedDate" : 1662577912196,
    "metadata" : [ ]
  }, {
    "asset" : {
      "assetID" : "e60f72ca3b1afcf6335dd0cf1b036d572bad575c"
    },
    "addedDate" : 1662577912273,
    "metadata" : [ ]
  }, {
    "asset" : {
      "assetID" : "8c68f0ee9d9bb0ac933c526ed2535f6a3b23417d"
    },
    "addedDate" : 1662577912300,
    "metadata" : [ ]
  }, {
    "asset" : {
      "assetID" : "33fecde4c7f483f979c8b68c504cf87e1cea30dd"
    },
    "addedDate" : 1662577912313,
    "metadata" : [ ]
  }, {
    "asset" : {
      "assetID" : "0d059c57db0611ebaf3ceeeeac1e793172f96e3c"
    },
    "addedDate" : 1662577912286,
    "metadata" : [ ]
  } ],
  "fileName" : "1b93c900893b43679f65e26f070806e2.json",
  "name" : "Introduction - Mark",
  "english" : true,
  "publicTitle" : "Introduction - Mark",
  "collectionUri" : "introduction-mark"
}