{
  "parentCollectionID" : "f43fa47de38893a5eeeda10b226e687b07ac1fb9",
  "parentCollectionPath" : "Mobile Media Library/English - Video/Life Help/Self-Reliance Services and PEF/Starting and Growing My Business",
  "collectionType" : "assets",
  "path" : "Mobile Media Library/English - Video/Life Help/Self-Reliance Services and PEF/Starting and Growing My Business/Chapter 05: How do I separate my business and family money?",
  "collectionID" : "1ba008beaf801310114129c930e5aea83d7dd584",
  "language" : "eng",
  "type" : "DEFAULT",
  "lastUpdatedDate" : "2019-10-28T16:40:50.643-06:00",
  "links" : [ {
    "rel" : "details",
    "href" : "https://titanapi.churchofjesuschrist.org/assetsearch/api/v2/collection/details/collectionID/1ba008beaf801310114129c930e5aea83d7dd584"
  } ],
  "coverImages" : [ {
    "asset" : {
      "assetID" : "6575956af7d94cd4f19ebd0444cd06a63ccf1274"
    }
  } ],
  "related" : [ ],
  "metadata" : [ {
    "key" : "collectionUri",
    "value" : "chapter-5-how-do-i-separate-my-business-and-family-money",
    "language" : "eng"
  }, {
    "key" : "publicTitle",
    "value" : "Chapter 05: How do I separate my business and family money?",
    "language" : "eng"
  } ],
  "children" : [ ],
  "assets" : [ {
    "asset" : {
      "assetID" : "1c994f0e2a2b6379176485e924af2ffcdb315e8b"
    },
    "addedDate" : 1479148501056,
    "metadata" : [ ]
  }, {
    "asset" : {
      "assetID" : "cb3bd888957da626fac880b0ce79eb408cb51568"
    },
    "addedDate" : 1479148503084,
    "metadata" : [ ]
  }, {
    "asset" : {
      "assetID" : "13f449d928ec9db021d8521f0c068b550d5cd89d"
    },
    "addedDate" : 1479148502083,
    "metadata" : [ ]
  }, {
    "asset" : {
      "assetID" : "9457cf27c95c9ca3fb3e0b1571f81937e188fea4"
    },
    "addedDate" : 1479148503037,
    "metadata" : [ ]
  }, {
    "asset" : {
      "assetID" : "b3b788f1632dfe86e98024dd0bebb4fbd92b78c3"
    },
    "addedDate" : 1479148502030,
    "metadata" : [ ]
  } ],
  "fileName" : "1ba008beaf801310114129c930e5aea83d7dd584.json",
  "name" : "Chapter 05: How do I separate my business and family money?",
  "english" : true,
  "publicTitle" : "Chapter 05: How do I separate my business and family money?",
  "collectionUri" : "chapter-5-how-do-i-separate-my-business-and-family-money"
}