{
  "parentCollectionID" : "bd59191796027fc53f46f5811862b4ff2baaa3b2",
  "parentCollectionPath" : "Mobile Media Library/English - Video/Topics",
  "collectionType" : "assets",
  "path" : "Mobile Media Library/English - Video/Topics/Apostasy and Restoration",
  "collectionID" : "1ba9d946979bcdda7dd516ff1d01398c0e3fa209",
  "language" : "eng",
  "type" : "DEFAULT",
  "lastUpdatedDate" : "2022-03-31T11:50:40.456-06:00",
  "links" : [ {
    "rel" : "details",
    "href" : "https://titanapi.churchofjesuschrist.org/assetsearch/api/v2/collection/details/collectionID/1ba9d946979bcdda7dd516ff1d01398c0e3fa209"
  } ],
  "coverImages" : [ {
    "asset" : {
      "assetID" : "16493d76f3c4800617d5eee709b00bfd693576b5"
    }
  } ],
  "related" : [ ],
  "metadata" : [ {
    "key" : "channel",
    "value" : "mobile",
    "language" : "eng"
  }, {
    "key" : "description",
    "value" : "Discusses aspects of the restored Church, the rejection of Christ’s early Church, the falling away, Joseph’s First Vision, and the lead-up to the restoration of the priesthood and additional scripture.",
    "language" : "eng"
  }, {
    "key" : "collectionUri",
    "value" : "apostasy-and-restoration-topic",
    "language" : "eng"
  }, {
    "key" : "publicTitle",
    "value" : "Apostasy and Restoration",
    "language" : "eng"
  }, {
    "key" : "orderIndex",
    "value" : "5"
  } ],
  "children" : [ ],
  "assets" : [ {
    "asset" : {
      "assetID" : "b988793a1ca055d1e9fdd11d9c82a2191d9e7cd8"
    },
    "addedDate" : 1489082917027,
    "metadata" : [ ]
  }, {
    "asset" : {
      "assetID" : "ae85e956e73e4ff7f1f290709c79e5235110f0a6"
    },
    "addedDate" : 1479405124024,
    "metadata" : [ ]
  }, {
    "asset" : {
      "assetID" : "4736abd90bbc34e8906532007fe17e68443cc51e"
    },
    "addedDate" : 1479405126068,
    "metadata" : [ ]
  }, {
    "asset" : {
      "assetID" : "eea62c82aad6f94d521a00e1af2733881fa0b2fb"
    },
    "addedDate" : 1479405121030,
    "metadata" : [ ]
  }, {
    "asset" : {
      "assetID" : "9aq6d6a42pld5go88r72zz5gr0zof047yez0l42d"
    },
    "index" : 17,
    "addedDate" : 1596161117636,
    "metadata" : [ ]
  }, {
    "asset" : {
      "assetID" : "2f2be038948b026c52451d2adec3d034f11548e1"
    },
    "addedDate" : 1479405130031,
    "metadata" : [ ]
  }, {
    "asset" : {
      "assetID" : "7917ec18a93b11c3dc034fb8f992ddb6f9613af7"
    },
    "addedDate" : 1479405129070,
    "metadata" : [ ]
  }, {
    "asset" : {
      "assetID" : "582fc1bb910724c3ea454dc4ceea304138eb9f6d"
    },
    "addedDate" : 1479405505072,
    "metadata" : [ ]
  }, {
    "asset" : {
      "assetID" : "f8b2955268a9c0f12af86f0c31d1586e44dde66b"
    },
    "addedDate" : 1479405126011,
    "metadata" : [ ]
  }, {
    "asset" : {
      "assetID" : "814f0e4b4dafafd83f78bf48117fff498427ef17"
    },
    "addedDate" : 1592433100168,
    "metadata" : [ ]
  }, {
    "asset" : {
      "assetID" : "7a65216aa689833b7ca55f2a2ea89fda7abb1d9c"
    },
    "addedDate" : 1592396733166,
    "metadata" : [ ]
  }, {
    "asset" : {
      "assetID" : "4258f171380613d31cf153a402962623ec3acf9a"
    },
    "addedDate" : 1592433100496,
    "metadata" : [ ]
  }, {
    "asset" : {
      "assetID" : "2bf65d9eb1103dee9e7c3d19308a360c57e99ddf"
    },
    "addedDate" : 1632956828168,
    "metadata" : [ ]
  }, {
    "asset" : {
      "assetID" : "4a939a4c8f5acb308bb793c0fc432ffded96a6de"
    },
    "addedDate" : 1592433100543,
    "metadata" : [ ]
  }, {
    "asset" : {
      "assetID" : "701fc4249c29131aa518c1a457c83598bf444e60"
    },
    "addedDate" : 1592433100199,
    "metadata" : [ ]
  }, {
    "asset" : {
      "assetID" : "01DAA0E79D6D838507EEE78F926552888B08EC52"
    },
    "addedDate" : 1587006244748,
    "metadata" : [ ]
  }, {
    "asset" : {
      "assetID" : "bfb2563ddc34ef19204cbba392aff699a1fab62e"
    },
    "addedDate" : 1592433100199,
    "metadata" : [ ]
  }, {
    "asset" : {
      "assetID" : "f43c0e5e0b6911ecbf18eeeeac1e5d0b57e65880"
    },
    "addedDate" : 1664390787713,
    "metadata" : [ ]
  } ],
  "fileName" : "1ba9d946979bcdda7dd516ff1d01398c0e3fa209.json",
  "name" : "Apostasy and Restoration",
  "english" : true,
  "publicTitle" : "Apostasy and Restoration",
  "description" : "Discusses aspects of the restored Church, the rejection of Christ’s early Church, the falling away, Joseph’s First Vision, and the lead-up to the restoration of the priesthood and additional scripture.",
  "collectionUri" : "apostasy-and-restoration-topic"
}