{
  "parentCollectionID" : "7fcbe5b8b1e61cfa52489f9c6a7f5f5001bc67ad",
  "parentCollectionPath" : "Mobile Media Library/English - Video/Community Outreach",
  "collectionType" : "assets",
  "path" : "Mobile Media Library/English - Video/Community Outreach/Community Projects",
  "collectionID" : "1c8d2bdea2f3eb54ecca0a621dbfb6627ddf7805",
  "language" : "eng",
  "type" : "DEFAULT",
  "lastUpdatedDate" : "2020-08-26T14:23:02.492-06:00",
  "links" : [ {
    "rel" : "details",
    "href" : "https://titanapi.churchofjesuschrist.org/assetsearch/api/v2/collection/details/collectionID/1c8d2bdea2f3eb54ecca0a621dbfb6627ddf7805"
  } ],
  "coverImages" : [ {
    "asset" : {
      "assetID" : "91e4ac3e288aad80ec64eb94099e8e6d14de3486"
    }
  } ],
  "related" : [ ],
  "metadata" : [ {
    "key" : "description",
    "value" : "A series called Driven in Detroit profiles people and families in this urban area to explore humanitarian outreach, self-reliance, welfare involvement, family unity, and unique challenges associated with living in the inner city.",
    "language" : "eng"
  }, {
    "key" : "collectionUri",
    "value" : "community-projects",
    "language" : "eng"
  }, {
    "key" : "publicTitle",
    "value" : "Community Projects",
    "language" : "eng"
  } ],
  "children" : [ ],
  "assets" : [ {
    "asset" : {
      "assetID" : "0d34d10633388995159316f2edf1447a1b56dd5f"
    },
    "addedDate" : 1536079805859,
    "metadata" : [ ]
  }, {
    "asset" : {
      "assetID" : "1129c4bf8f3bfb7f351e2d9cf1e03014a93c2068"
    },
    "addedDate" : 1536079825814,
    "metadata" : [ ]
  }, {
    "asset" : {
      "assetID" : "127f9c27c5a29a8331f6344a94978597a3e34d9a"
    },
    "addedDate" : 1536079779363,
    "metadata" : [ ]
  }, {
    "asset" : {
      "assetID" : "14405e6b06fabdf80cee9d0e7516c09f58f6aecf"
    },
    "addedDate" : 1536079892355,
    "metadata" : [ ]
  }, {
    "asset" : {
      "assetID" : "2fc2ca1a83014f28b8360099ab3629a2b754f8bc"
    },
    "addedDate" : 1536079842226,
    "metadata" : [ ]
  }, {
    "asset" : {
      "assetID" : "57c36538b09fa19a6e8658eb4cd46d59960bbcda"
    },
    "addedDate" : 1536079879579,
    "metadata" : [ ]
  }, {
    "asset" : {
      "assetID" : "5b350f10aa58fe57334055da9b3cc661ce46b670"
    },
    "addedDate" : 1536079855378,
    "metadata" : [ ]
  }, {
    "asset" : {
      "assetID" : "8b8933c0b44e1c66a0ac5bc1215c8349886385b9"
    },
    "addedDate" : 1536079790262,
    "metadata" : [ ]
  }, {
    "asset" : {
      "assetID" : "a745a414676eee19280b9b7664d5e45ff87b169d"
    },
    "addedDate" : 1536079744126,
    "metadata" : [ ]
  }, {
    "asset" : {
      "assetID" : "b27036bcc7e1093eb3978329f75ebf3c4e866e8e"
    },
    "addedDate" : 1536079867224,
    "metadata" : [ ]
  }, {
    "asset" : {
      "assetID" : "b8c5f9b6b94bc019b996042697784c809cc3e13e"
    },
    "addedDate" : 1536079756363,
    "metadata" : [ ]
  }, {
    "asset" : {
      "assetID" : "d4a57f7d80a0c92d2fa48296b929ecfb9c094700"
    },
    "addedDate" : 1536079768181,
    "metadata" : [ ]
  } ],
  "fileName" : "1c8d2bdea2f3eb54ecca0a621dbfb6627ddf7805.json",
  "name" : "Community Projects",
  "english" : true,
  "publicTitle" : "Community Projects",
  "description" : "A series called Driven in Detroit profiles people and families in this urban area to explore humanitarian outreach, self-reliance, welfare involvement, family unity, and unique challenges associated with living in the inner city.",
  "collectionUri" : "community-projects"
}