{
  "parentCollectionID" : "a362cf32612a48c380d0013df943b987",
  "parentCollectionPath" : "Mobile Media Library/English - Video/Teaching and Lessons/Come, Follow Me/2023 New Testament Media Resources",
  "collectionType" : "assets",
  "path" : "Mobile Media Library/English - Video/Teaching and Lessons/Come, Follow Me/2023 New Testament Media Resources/January 30–February 5. Matthew 4; Luke 4-5: \"The Spirit of the Lord is Upon Me\"",
  "collectionID" : "1ce788d7769a461a9881d04d3899e7ae",
  "language" : "eng",
  "type" : "DEFAULT",
  "lastUpdatedDate" : "2022-12-01T14:23:47.135-07:00",
  "links" : [ {
    "rel" : "details",
    "href" : "https://titanapi.churchofjesuschrist.org/assetsearch/api/v2/collection/details/collectionID/1ce788d7769a461a9881d04d3899e7ae"
  } ],
  "coverImages" : [ {
    "asset" : {
      "assetID" : "563f9da59846bfe0cc4f4c534d3e9b39a4e2894c"
    }
  } ],
  "related" : [ ],
  "metadata" : [ {
    "key" : "orderIndex",
    "value" : "6"
  }, {
    "key" : "collectionUri",
    "value" : "cfm-2023-videos-january-30-february-5",
    "language" : "eng"
  }, {
    "key" : "publicTitle",
    "value" : "January 30–February 5. Matthew 4; Luke 4-5: \"The Spirit of the Lord is Upon Me\"",
    "language" : "eng"
  } ],
  "children" : [ ],
  "assets" : [ {
    "asset" : {
      "assetID" : "33b205a23c7e78e4e45c2b26caa343b1f0fd7b14"
    },
    "index" : 0,
    "addedDate" : 1650042882170,
    "metadata" : [ ]
  }, {
    "asset" : {
      "assetID" : "64cfd04335e111eca0a3eeeeac1ed903774a04c5"
    },
    "index" : 1,
    "addedDate" : 1652116536633,
    "metadata" : [ ]
  }, {
    "asset" : {
      "assetID" : "ebad5af5366c11ec89b6eeeeac1e02ba768fc14b"
    },
    "index" : 2,
    "addedDate" : 1652116545020,
    "metadata" : [ ]
  } ],
  "fileName" : "1ce788d7769a461a9881d04d3899e7ae.json",
  "name" : "January 30–February 5. Matthew 4; Luke 4-5: \"The Spirit of the Lord is Upon Me\"",
  "english" : true,
  "publicTitle" : "January 30–February 5. Matthew 4; Luke 4-5: \"The Spirit of the Lord is Upon Me\"",
  "collectionUri" : "cfm-2023-videos-january-30-february-5"
}