{
  "parentCollectionID" : "bd59191796027fc53f46f5811862b4ff2baaa3b2",
  "parentCollectionPath" : "Mobile Media Library/English - Video/Topics",
  "collectionType" : "assets",
  "path" : "Mobile Media Library/English - Video/Topics/Teaching in the Savior's Way",
  "collectionID" : "1d3687db8b0f6e0a6b3d06e12a6b3e3f32f555f3",
  "language" : "eng",
  "type" : "DEFAULT",
  "lastUpdatedDate" : "2020-09-20T12:01:34.223-06:00",
  "links" : [ {
    "rel" : "details",
    "href" : "https://titanapi.churchofjesuschrist.org/assetsearch/api/v2/collection/details/collectionID/1d3687db8b0f6e0a6b3d06e12a6b3e3f32f555f3"
  } ],
  "coverImages" : [ {
    "asset" : {
      "assetID" : "0c62c6555e45749ea9eeca51396a59d95eaea97e"
    }
  } ],
  "related" : [ ],
  "metadata" : [ {
    "key" : "description",
    "value" : "As the master teacher and great exemplar to all, Jesus teaches patience, love, and more through His parables and the Sermon on the Mount. These lessons are examples of the doctrine, diligence, and tone we need to use as we counsel together and teach in His way.",
    "language" : "eng"
  }, {
    "key" : "collectionUri",
    "value" : "teaching-in-the-saviors-way-topic",
    "language" : "eng"
  }, {
    "key" : "publicTitle",
    "value" : "Teaching in the Savior's Way",
    "language" : "eng"
  }, {
    "key" : "orderIndex",
    "value" : "98"
  } ],
  "children" : [ ],
  "assets" : [ {
    "asset" : {
      "assetID" : "001FF6C88A364189FA59A7D19E8CEAD116817DEE"
    },
    "addedDate" : 1583378923890,
    "metadata" : [ ]
  }, {
    "asset" : {
      "assetID" : "308555c960dc731345fea165a034c8458d3730ce"
    },
    "addedDate" : 1583378937807,
    "metadata" : [ ]
  }, {
    "asset" : {
      "assetID" : "3787583b56f6d768425be610cf33d7dba87c1c03"
    },
    "addedDate" : 1583378985926,
    "metadata" : [ ]
  }, {
    "asset" : {
      "assetID" : "b83b81b4befced728eb22c6cd5cfdea7bd11ce68"
    },
    "addedDate" : 1479926451066,
    "metadata" : [ ]
  }, {
    "asset" : {
      "assetID" : "4C102A06F48FCDC3CA88F9E22697E1458F0C25FC"
    },
    "addedDate" : 1583378905324,
    "metadata" : [ ]
  }, {
    "asset" : {
      "assetID" : "536850aa299ca420e5c855db8299f2846790e92f"
    },
    "addedDate" : 1583378952848,
    "metadata" : [ ]
  }, {
    "asset" : {
      "assetID" : "28b47bc6534addcc195b2ffb8d77466675a4ac32"
    },
    "addedDate" : 1479926344093,
    "metadata" : [ ]
  }, {
    "asset" : {
      "assetID" : "6163545b6620effe5a79f9fe3e748d1868922923"
    },
    "addedDate" : 1583379003428,
    "metadata" : [ ]
  }, {
    "asset" : {
      "assetID" : "0bff7a9e1660e05e4bcb908853294ff00bcb97d1"
    },
    "addedDate" : 1479926424000,
    "metadata" : [ ]
  }, {
    "asset" : {
      "assetID" : "702a20f8ba514bf0023cae8b06279cf47e1a10d4"
    },
    "addedDate" : 1583379028747,
    "metadata" : [ ]
  }, {
    "asset" : {
      "assetID" : "7a403ae37d056488f12365ed53889f0eec42a019"
    },
    "addedDate" : 1481646992036,
    "metadata" : [ ]
  }, {
    "asset" : {
      "assetID" : "65637a8aca04de287a2ec15fd6839b222a39c00d"
    },
    "addedDate" : 1479926350077,
    "metadata" : [ ]
  }, {
    "asset" : {
      "assetID" : "73f201c42c51ec86616f25a98e61b67f9d816082"
    },
    "addedDate" : 1479926348078,
    "metadata" : [ ]
  }, {
    "asset" : {
      "assetID" : "945b882e5bf947bb17ccfba6da926af9615ddcc7"
    },
    "addedDate" : 1583378965741,
    "metadata" : [ ]
  }, {
    "asset" : {
      "assetID" : "A8B785CD7C5AFE387DCB629561833B89AED8B38B"
    },
    "addedDate" : 1583378884380,
    "metadata" : [ ]
  }, {
    "asset" : {
      "assetID" : "e2bc8354cc9540b11a4c2e3c6dffc844d1783d72"
    },
    "addedDate" : 1479926347021,
    "metadata" : [ ]
  }, {
    "asset" : {
      "assetID" : "e11f37ff48df985f0db22ec45c4771f0408930ce"
    },
    "addedDate" : 1479926440017,
    "metadata" : [ ]
  }, {
    "asset" : {
      "assetID" : "e2f6e3440d0df1060772b43091719b1d88b80ea8"
    },
    "addedDate" : 1583379060668,
    "metadata" : [ ]
  }, {
    "asset" : {
      "assetID" : "969f8fc8f31e8022b299fb71c1f984a2a6339ed0"
    },
    "addedDate" : 1583374078846,
    "metadata" : [ ]
  } ],
  "fileName" : "1d3687db8b0f6e0a6b3d06e12a6b3e3f32f555f3.json",
  "name" : "Teaching in the Savior's Way",
  "english" : true,
  "publicTitle" : "Teaching in the Savior's Way",
  "description" : "As the master teacher and great exemplar to all, Jesus teaches patience, love, and more through His parables and the Sermon on the Mount. These lessons are examples of the doctrine, diligence, and tone we need to use as we counsel together and teach in His way.",
  "collectionUri" : "teaching-in-the-saviors-way-topic"
}