{
  "parentCollectionID" : "bd59191796027fc53f46f5811862b4ff2baaa3b2",
  "parentCollectionPath" : "Mobile Media Library/English - Video/Topics",
  "collectionType" : "assets",
  "path" : "Mobile Media Library/English - Video/Topics/Physical and Emotional Health",
  "collectionID" : "1d3b6032978d49ec8c48ec20f119e53f",
  "language" : "eng",
  "type" : "DEFAULT",
  "lastUpdatedDate" : "2022-03-31T11:56:25.358-06:00",
  "links" : [ {
    "rel" : "details",
    "href" : "https://titanapi.churchofjesuschrist.org/assetsearch/api/v2/collection/details/collectionID/1d3b6032978d49ec8c48ec20f119e53f"
  } ],
  "coverImages" : [ {
    "asset" : {
      "assetID" : "979d081fc94fe4cee4b038900e69bd791d8ff203"
    }
  } ],
  "related" : [ ],
  "metadata" : [ {
    "key" : "channel",
    "value" : "mobile",
    "language" : "eng"
  }, {
    "key" : "description",
    "value" : "This collection describes how the vitality and robust nature of the Latter-day Saint health code is part of the Word of Wisdom and gives details on healthy patterns of self-compassion, cultivating of friendships, and engaging activities for Latter-day Saints.",
    "language" : "eng"
  }, {
    "key" : "collectionUri",
    "value" : "physical-and-emotional-health-topic",
    "language" : "eng"
  }, {
    "key" : "publicTitle",
    "value" : "Physical and Emotional Health",
    "language" : "eng"
  }, {
    "key" : "orderIndex",
    "value" : "72"
  } ],
  "children" : [ ],
  "assets" : [ {
    "asset" : {
      "assetID" : "cf5e96a418ca188c26aa1e42dc925c7a1490cb17"
    },
    "addedDate" : 1576829597812,
    "metadata" : [ ]
  }, {
    "asset" : {
      "assetID" : "B07670A0830F94405F26A6DBB067A99C79183A08"
    },
    "index" : 1,
    "addedDate" : 1597335795188,
    "metadata" : [ ]
  }, {
    "asset" : {
      "assetID" : "8A20EF0E42E49F58F210051DBD9279DC1CAD3E8B"
    },
    "index" : 2,
    "addedDate" : 1615323417608,
    "metadata" : [ ]
  }, {
    "asset" : {
      "assetID" : "720c45f5277e11eca865eeeeac1e3df9b3af4570"
    },
    "index" : 4,
    "addedDate" : 1647961188933,
    "metadata" : [ ]
  }, {
    "asset" : {
      "assetID" : "863c15203d9911ec83ebeeeeac1e20b307208b77"
    },
    "index" : 3,
    "addedDate" : 1647961173530,
    "metadata" : [ ]
  }, {
    "asset" : {
      "assetID" : "381f6cf5a6ce11ec9d1aeeeeac1e93b3c6bad610"
    },
    "index" : 5,
    "addedDate" : 1651212430505,
    "metadata" : [ ]
  } ],
  "fileName" : "1d3b6032978d49ec8c48ec20f119e53f.json",
  "name" : "Physical and Emotional Health",
  "english" : true,
  "publicTitle" : "Physical and Emotional Health",
  "description" : "This collection describes how the vitality and robust nature of the Latter-day Saint health code is part of the Word of Wisdom and gives details on healthy patterns of self-compassion, cultivating of friendships, and engaging activities for Latter-day Saints.",
  "collectionUri" : "physical-and-emotional-health-topic"
}