{
  "parentCollectionID" : "b5252a65f1e64418a1253501d850495c",
  "parentCollectionPath" : "Mobile Media Library/English - Video/Teaching and Lessons/Seminary and Institute/Seminary/Doctrine and Covenants Visual Resources",
  "collectionType" : "assets",
  "path" : "Mobile Media Library/English - Video/Teaching and Lessons/Seminary and Institute/Seminary/Doctrine and Covenants Visual Resources/02 Doctrine and Covenants-Lesson 21-40",
  "collectionID" : "1d97bc8fc93b426c9de40dd332c8c746",
  "language" : "eng",
  "type" : "DEFAULT",
  "lastUpdatedDate" : "2019-12-20T10:32:44.458-07:00",
  "links" : [ {
    "rel" : "details",
    "href" : "https://titanapi.churchofjesuschrist.org/assetsearch/api/v2/collection/details/collectionID/1d97bc8fc93b426c9de40dd332c8c746"
  } ],
  "coverImages" : [ {
    "asset" : {
      "assetID" : "0aace27769203a3aef244b3974e26444f6519585"
    }
  } ],
  "related" : [ ],
  "metadata" : [ {
    "key" : "collectionUri",
    "value" : "doctrine-and-covenants-lesson-21-40",
    "language" : "eng"
  }, {
    "key" : "publicTitle",
    "value" : "Doctrine and Covenants—Lesson 21-40",
    "language" : "eng"
  } ],
  "children" : [ ],
  "assets" : [ {
    "asset" : {
      "assetID" : "bfcbc550cb5f0e50d38f5961108ae0103307a6e8"
    },
    "addedDate" : 1576874798650,
    "metadata" : [ ]
  }, {
    "asset" : {
      "assetID" : "bc8368a43d5baa45ea08026d70140752a5c2e315"
    },
    "addedDate" : 1576874798603,
    "metadata" : [ ]
  }, {
    "asset" : {
      "assetID" : "9e78db97b97b39d290c2fd7c8f63cf8a2194d5d8"
    },
    "addedDate" : 1576874798620,
    "metadata" : [ ]
  }, {
    "asset" : {
      "assetID" : "a6c365f9084a6a7705cb9ab586aceb24ce85d965"
    },
    "addedDate" : 1576874798650,
    "metadata" : [ ]
  }, {
    "asset" : {
      "assetID" : "f9c14034bb37c30e0e92cc249e0bc7f601c812f7"
    },
    "addedDate" : 1576874798603,
    "metadata" : [ ]
  }, {
    "asset" : {
      "assetID" : "bc9f1deee3199b7411e75df670051f4926940850"
    },
    "addedDate" : 1576874798650,
    "metadata" : [ ]
  }, {
    "asset" : {
      "assetID" : "ef59920e09c69b9ac262e056d1bb5bf0df911243"
    },
    "addedDate" : 1576874798590,
    "metadata" : [ ]
  }, {
    "asset" : {
      "assetID" : "389b822a96bfb8cdf809358ad589646e09d2eebe"
    },
    "addedDate" : 1576874798620,
    "metadata" : [ ]
  }, {
    "asset" : {
      "assetID" : "cb0b07393375bb95bfc53f51e85e5b7ffadf97c7"
    },
    "addedDate" : 1576874798650,
    "metadata" : [ ]
  }, {
    "asset" : {
      "assetID" : "6718b842d0ea98a4097bdfef358e726799e1f0f0"
    },
    "addedDate" : 1576874798636,
    "metadata" : [ ]
  }, {
    "asset" : {
      "assetID" : "4af3e71ff77d3c529968e52551d1d682d909626e"
    },
    "addedDate" : 1576874798620,
    "metadata" : [ ]
  }, {
    "asset" : {
      "assetID" : "f824e283a180f070aa8d84db2d8aa3c6ab8e1ab8"
    },
    "addedDate" : 1576874798620,
    "metadata" : [ ]
  }, {
    "asset" : {
      "assetID" : "b7273343f148acaf5831d6be46b1e0227646de47"
    },
    "addedDate" : 1576874798650,
    "metadata" : [ ]
  }, {
    "asset" : {
      "assetID" : "4e8b023cb8f119a789ceac9d232338edbf072f9b"
    },
    "addedDate" : 1576874798636,
    "metadata" : [ ]
  }, {
    "asset" : {
      "assetID" : "98e7020fc1bf650086c7e8301f6aac279e2da25e"
    },
    "addedDate" : 1576874798620,
    "metadata" : [ ]
  }, {
    "asset" : {
      "assetID" : "82d3a10282ab7dde4d7772b175bef29c5b835547"
    },
    "addedDate" : 1576874798603,
    "metadata" : [ ]
  }, {
    "asset" : {
      "assetID" : "6f4f0bfce3738a467fbe40d1ee8f032005c5f74c"
    },
    "addedDate" : 1576874798650,
    "metadata" : [ ]
  }, {
    "asset" : {
      "assetID" : "4fe59a5ba8f9e8bc53aace679a98c581d3bbf467"
    },
    "addedDate" : 1576874798650,
    "metadata" : [ ]
  }, {
    "asset" : {
      "assetID" : "8b8fea9187bdc0c73564727dc12f9b52be5f0751"
    },
    "addedDate" : 1576874798603,
    "metadata" : [ ]
  }, {
    "asset" : {
      "assetID" : "7efbb47e5d5fa2120487dc1ab9d6afc192eb8478"
    },
    "addedDate" : 1576874798636,
    "metadata" : [ ]
  }, {
    "asset" : {
      "assetID" : "37ab6b5f12e5f34b6a55365f97078518a6f1f7c0"
    },
    "addedDate" : 1576874798620,
    "metadata" : [ ]
  }, {
    "asset" : {
      "assetID" : "2f28776f4f958ddccff2bf4827d7b72c2d692f3c"
    },
    "addedDate" : 1576874798620,
    "metadata" : [ ]
  }, {
    "asset" : {
      "assetID" : "84dd19bfa26c379c5cdaa70da9622fc216d5cccf"
    },
    "addedDate" : 1587630315291,
    "metadata" : [ ]
  }, {
    "asset" : {
      "assetID" : "ae1ecf50ce37fb3c4bb53669359f1239d3838aee"
    },
    "addedDate" : 1576874798620,
    "metadata" : [ ]
  }, {
    "asset" : {
      "assetID" : "13daff1c144d4d0b23c24728faf6a30df2a2ff59"
    },
    "addedDate" : 1576874798636,
    "metadata" : [ ]
  }, {
    "asset" : {
      "assetID" : "fb891c915a2971338b9f3eed7c473d716a278a7d"
    },
    "addedDate" : 1576874798650,
    "metadata" : [ ]
  }, {
    "asset" : {
      "assetID" : "f279de54c00d556cec6f8a20bc9f34ca1d2cdd9c"
    },
    "addedDate" : 1576874798620,
    "metadata" : [ ]
  }, {
    "asset" : {
      "assetID" : "db309a2c9f289a756da21fd7b6e0fd701db57386"
    },
    "addedDate" : 1576874798636,
    "metadata" : [ ]
  }, {
    "asset" : {
      "assetID" : "b999c71946ac2348256dda2dc19c809da0204034"
    },
    "addedDate" : 1576874798620,
    "metadata" : [ ]
  }, {
    "asset" : {
      "assetID" : "2e0da300b6454bf0412c8496b2ed2d763731625f"
    },
    "addedDate" : 1576874798620,
    "metadata" : [ ]
  }, {
    "asset" : {
      "assetID" : "8228eb0c517f193545dd59cdb9bc5ab06825cd3a"
    },
    "addedDate" : 1576874798603,
    "metadata" : [ ]
  }, {
    "asset" : {
      "assetID" : "78705661d5044ed52576d19719e5b78f314af7db"
    },
    "addedDate" : 1576874798636,
    "metadata" : [ ]
  }, {
    "asset" : {
      "assetID" : "01a70281b89b26b0fd3c33727e94876459afa8d6"
    },
    "addedDate" : 1576874798590,
    "metadata" : [ ]
  }, {
    "asset" : {
      "assetID" : "f1228a073c0c1bd79ab7dac9cb705c0a7a074ee9"
    },
    "addedDate" : 1576874798590,
    "metadata" : [ ]
  }, {
    "asset" : {
      "assetID" : "f249a7d3c68ea7a001ff396f4fcd13bd6a8cb69c"
    },
    "addedDate" : 1576874798603,
    "metadata" : [ ]
  }, {
    "asset" : {
      "assetID" : "c0a3a242a5295cd580facfda55495a1a6f8103ad"
    },
    "addedDate" : 1576874798603,
    "metadata" : [ ]
  }, {
    "asset" : {
      "assetID" : "9831fd923b1a88b51a8d8e7de12407cfb3ea302a"
    },
    "addedDate" : 1587614530743,
    "metadata" : [ ]
  }, {
    "asset" : {
      "assetID" : "de05b7528f610b144c67646c3c145c87ab798608"
    },
    "addedDate" : 1576874798603,
    "metadata" : [ ]
  }, {
    "asset" : {
      "assetID" : "ba118561f8fdd690f75e94444f93582c72846db0"
    },
    "addedDate" : 1576874798620,
    "metadata" : [ ]
  }, {
    "asset" : {
      "assetID" : "b171c5130dbe1daa90e23c944a532e53f40fe2b0"
    },
    "addedDate" : 1592458844500,
    "metadata" : [ ]
  }, {
    "asset" : {
      "assetID" : "0f2d4c2e56d475ced2c0b28431327817c6836dac"
    },
    "addedDate" : 1632956821756,
    "metadata" : [ ]
  }, {
    "asset" : {
      "assetID" : "c866708f78a3e2830a03863574a0293bd04e2c95"
    },
    "addedDate" : 1632956871112,
    "metadata" : [ ]
  }, {
    "asset" : {
      "assetID" : "8728032a16e0eac683d7be08f5523c1f54ec2a74"
    },
    "addedDate" : 1632956855341,
    "metadata" : [ ]
  }, {
    "asset" : {
      "assetID" : "15a9b08b6b855a63195a91275ed084a15f0b8f4b"
    },
    "addedDate" : 1632956823707,
    "metadata" : [ ]
  }, {
    "asset" : {
      "assetID" : "cba3ea019e8e8b5242d8545f386181ae515ceb16"
    },
    "addedDate" : 1632956871565,
    "metadata" : [ ]
  }, {
    "asset" : {
      "assetID" : "0c984535804be9ce92dcbd5b6338c9983bbd367f"
    },
    "index" : 60,
    "addedDate" : 1622708399414,
    "metadata" : [ ]
  }, {
    "asset" : {
      "assetID" : "a85cc2c95e5fb4cd4b3110a0dbea3b793b5b88c8"
    },
    "addedDate" : 1587614713004,
    "metadata" : [ ]
  }, {
    "asset" : {
      "assetID" : "814f0e4b4dafafd83f78bf48117fff498427ef17"
    },
    "addedDate" : 1592433100168,
    "metadata" : [ ]
  }, {
    "asset" : {
      "assetID" : "50926278e477970483c9b2612ffb627a7ae48f30"
    },
    "addedDate" : 1592433099557,
    "metadata" : [ ]
  }, {
    "asset" : {
      "assetID" : "f3134b3f08b2518a9780d89be43c3c376f58dc0f"
    },
    "addedDate" : 1587614382947,
    "metadata" : [ ]
  }, {
    "asset" : {
      "assetID" : "b6cc01a86742c29f0f17ec26fbe2ef5dbb870894"
    },
    "addedDate" : 1632956868037,
    "metadata" : [ ]
  }, {
    "asset" : {
      "assetID" : "b154360e0991cab7658d7b32adbff0d9c2e045bc"
    },
    "addedDate" : 1632956867178,
    "metadata" : [ ]
  }, {
    "asset" : {
      "assetID" : "ca135cda7eeb69b0aac51088064667fb4efed3f4"
    },
    "addedDate" : 1632956871299,
    "metadata" : [ ]
  }, {
    "asset" : {
      "assetID" : "ee6f196fc3bd55a332e1ebdfd4e89db03b70a83d"
    },
    "addedDate" : 1587630024279,
    "metadata" : [ ]
  }, {
    "asset" : {
      "assetID" : "5f264737e3129f19560113d59776db2d8144c0e9"
    },
    "addedDate" : 1587614599180,
    "metadata" : [ ]
  }, {
    "asset" : {
      "assetID" : "eb894240cf22e51b58274d825045ba711086ef01"
    },
    "addedDate" : 1632956876803,
    "metadata" : [ ]
  }, {
    "asset" : {
      "assetID" : "2c4be6298f774e304a25db5cacd71abf6293e966"
    },
    "addedDate" : 1605271652156,
    "metadata" : [ ]
  }, {
    "asset" : {
      "assetID" : "02a2d432087fe6089d8e1887ad6cce638c277b97"
    },
    "addedDate" : 1592433100918,
    "metadata" : [ ]
  }, {
    "asset" : {
      "assetID" : "b3b75458d43a11eb846deeeeac1ebbdb9b22ad8d"
    },
    "addedDate" : 1632956867600,
    "metadata" : [ ]
  }, {
    "asset" : {
      "assetID" : "a11d85df0cf411ec8867eeeeac1e900a4ed6ffd6"
    },
    "addedDate" : 1657832728338,
    "metadata" : [ ]
  } ],
  "fileName" : "1d97bc8fc93b426c9de40dd332c8c746.json",
  "name" : "02 Doctrine and Covenants-Lesson 21-40",
  "english" : true,
  "publicTitle" : "Doctrine and Covenants—Lesson 21-40",
  "collectionUri" : "doctrine-and-covenants-lesson-21-40"
}