{
  "sourceCollectionId" : "1beb114a0f9d4943b42efb5831170d96",
  "parentCollectionID" : "22e3232e384c8650311b2940336759a89b8d6f8b",
  "parentCollectionPath" : "Mobile Media Library",
  "collectionType" : "assets",
  "path" : "Mobile Media Library/Italian - GS Banner - Videos Only",
  "collectionID" : "1d9bb92ad85e4dbb82485c6d38f2b6c2",
  "language" : "ita",
  "type" : "DEFAULT",
  "lastUpdatedDate" : "2025-01-27T13:51:15.228-07:00",
  "links" : [ {
    "rel" : "details",
    "href" : "https://titanapi.churchofjesuschrist.org/assetsearch/api/v2/collection/details/collectionID/1d9bb92ad85e4dbb82485c6d38f2b6c2"
  } ],
  "coverImages" : [ ],
  "related" : [ ],
  "metadata" : [ {
    "key" : "orderIndex",
    "value" : "28"
  }, {
    "key" : "channel",
    "value" : "mobile",
    "language" : "ita"
  }, {
    "key" : "collectionUri",
    "value" : "gospel-stream-banner",
    "language" : "ita"
  }, {
    "key" : "publicTitle",
    "value" : "Gospel Stream Banner",
    "language" : "ita"
  } ],
  "children" : [ ],
  "assets" : [ {
    "asset" : {
      "assetID" : "0a3d8cb35db4ba7fe3799299838534e7a182c507"
    },
    "index" : 6,
    "addedDate" : 1736303775518,
    "metadata" : [ ]
  }, {
    "asset" : {
      "assetID" : "a9dc5feadfeffa2c0d6b1a27cbd5bbfdfb0f93f6"
    },
    "index" : 1,
    "addedDate" : 1738010765392,
    "metadata" : [ ]
  }, {
    "asset" : {
      "assetID" : "b8bbd1c730a0701f560abc3ef2084839f4467ed0"
    },
    "index" : 3,
    "addedDate" : 1737376422114,
    "metadata" : [ ]
  }, {
    "asset" : {
      "assetID" : "7a918e327f6b11ef9c8c0626c361eb555495c68b"
    },
    "index" : 0,
    "addedDate" : 1738010406893,
    "metadata" : [ ]
  }, {
    "asset" : {
      "assetID" : "4ttbtq28twqhla8mjl5mz58m50kkfgkcyqvihumu"
    },
    "index" : 8,
    "addedDate" : 1737375725328,
    "metadata" : [ ]
  }, {
    "asset" : {
      "assetID" : "fmuy1rjmb7lhn5690tu65as859tobe5n3yb2oqjv"
    },
    "index" : 5,
    "addedDate" : 1736011331203,
    "metadata" : [ ]
  } ],
  "fileName" : "1d9bb92ad85e4dbb82485c6d38f2b6c2.json",
  "name" : "Italian - GS Banner - Videos Only",
  "english" : false,
  "publicTitle" : "Gospel Stream Banner",
  "collectionUri" : "gospel-stream-banner"
}