{
  "parentCollectionID" : "20551c99d0a8860165b8088785810d9e36c7701d",
  "parentCollectionPath" : "Mobile Media Library/English - Video/Family History",
  "collectionType" : "collections",
  "path" : "Mobile Media Library/English - Video/Family History/(Unpublished) For Priesthood Leaders",
  "collectionID" : "1da3e1f64769c6339cc4e97547c13a9f2bfa82cc",
  "language" : "eng",
  "type" : "DEFAULT",
  "lastUpdatedDate" : "2019-10-28T16:40:50.643-06:00",
  "links" : [ {
    "rel" : "details",
    "href" : "https://titanapi.churchofjesuschrist.org/assetsearch/api/v2/collection/details/collectionID/1da3e1f64769c6339cc4e97547c13a9f2bfa82cc"
  } ],
  "coverImages" : [ {
    "asset" : {
      "assetID" : "6980fa5e73f7b4bcb8d3593b1266cd35501c0dd0"
    }
  } ],
  "related" : [ ],
  "metadata" : [ {
    "key" : "collectionUri",
    "value" : "for-priesthood-leaders",
    "language" : "eng"
  } ],
  "children" : [ {
    "path" : "Mobile Media Library/English - Video/Family History/(Unpublished) For Priesthood Leaders/(Unpublished) From Church Leaders for Priesthood Leaders",
    "collectionID" : "e32eb86315accaf2b404a45efa666da265d4dc5a",
    "type" : "DEFAULT",
    "lastUpdatedDate" : "2019-10-28T16:40:50.643-06:00",
    "links" : [ {
      "rel" : "details",
      "href" : "https://titanapi.churchofjesuschrist.org/assetsearch/api/v2/collection/details/collectionID/e32eb86315accaf2b404a45efa666da265d4dc5a"
    } ],
    "fileName" : "e32eb86315accaf2b404a45efa666da265d4dc5a.json"
  }, {
    "path" : "Mobile Media Library/English - Video/Family History/(Unpublished) For Priesthood Leaders/(Unpublished) Inspirational Videos for Priesthood Leaders",
    "collectionID" : "cd90470fab6255d457a7b11386683106d3de02b7",
    "type" : "DEFAULT",
    "lastUpdatedDate" : "2019-10-28T16:40:50.643-06:00",
    "links" : [ {
      "rel" : "details",
      "href" : "https://titanapi.churchofjesuschrist.org/assetsearch/api/v2/collection/details/collectionID/cd90470fab6255d457a7b11386683106d3de02b7"
    } ],
    "fileName" : "cd90470fab6255d457a7b11386683106d3de02b7.json"
  }, {
    "path" : "Mobile Media Library/English - Video/Family History/(Unpublished) For Priesthood Leaders/(Unpublished) How-To Videos for Priesthood Leaders",
    "collectionID" : "85b91e3dad610cc5fa2d004b25bc9faf52c5fa54",
    "type" : "DEFAULT",
    "lastUpdatedDate" : "2019-10-28T16:40:50.643-06:00",
    "links" : [ {
      "rel" : "details",
      "href" : "https://titanapi.churchofjesuschrist.org/assetsearch/api/v2/collection/details/collectionID/85b91e3dad610cc5fa2d004b25bc9faf52c5fa54"
    } ],
    "fileName" : "85b91e3dad610cc5fa2d004b25bc9faf52c5fa54.json"
  } ],
  "assets" : [ ],
  "fileName" : "1da3e1f64769c6339cc4e97547c13a9f2bfa82cc.json",
  "name" : "(Unpublished) For Priesthood Leaders",
  "english" : true,
  "collectionUri" : "for-priesthood-leaders"
}