{
  "parentCollectionID" : "0e22f7439564f2b0e7eeca06cca014d23569bcae",
  "parentCollectionPath" : "Mobile Media Library/English - Video/Teaching and Lessons/Seminary and Institute/Online Seminary/D&C Online Seminary Reference",
  "collectionType" : "assets",
  "path" : "Mobile Media Library/English - Video/Teaching and Lessons/Seminary and Institute/Online Seminary/D&C Online Seminary Reference/Unit 25 (D&C)",
  "collectionID" : "1e1320cb4191d6c7c63d943d240a005ce6ce63df",
  "language" : "eng",
  "type" : "DEFAULT",
  "lastUpdatedDate" : "2020-04-15T22:24:09.203-06:00",
  "links" : [ {
    "rel" : "details",
    "href" : "https://titanapi.churchofjesuschrist.org/assetsearch/api/v2/collection/details/collectionID/1e1320cb4191d6c7c63d943d240a005ce6ce63df"
  } ],
  "coverImages" : [ {
    "asset" : {
      "assetID" : "93de4c3e1e227c29d77e66b7adc67b15eb17ae33"
    }
  } ],
  "related" : [ ],
  "metadata" : [ {
    "key" : "collectionUri",
    "value" : "unit-25-dc",
    "language" : "eng"
  }, {
    "key" : "publicTitle",
    "value" : "Unit 25 (D&C)",
    "language" : "eng"
  }, {
    "key" : "orderIndex",
    "value" : "19"
  } ],
  "children" : [ ],
  "assets" : [ {
    "asset" : {
      "assetID" : "f170927f5eaa0d6ef07d3fb19d4fe16713820cb0"
    },
    "addedDate" : 1485450209096,
    "metadata" : [ ]
  }, {
    "asset" : {
      "assetID" : "da6da243ce5a046a5c399a778dae5843645248fc"
    },
    "addedDate" : 1485450125015,
    "metadata" : [ ]
  }, {
    "asset" : {
      "assetID" : "0dc6e04cbdb8dc09c461297d8cc1707362cec20f"
    },
    "addedDate" : 1485450056063,
    "metadata" : [ ]
  }, {
    "asset" : {
      "assetID" : "20f7f3cc29e78c97aaae97e19ce32a3894ff88fe"
    },
    "addedDate" : 1485450036032,
    "metadata" : [ ]
  }, {
    "asset" : {
      "assetID" : "ccb9351d8832760e7a7d65e031e4d729e3008c88"
    },
    "addedDate" : 1587078227734,
    "metadata" : [ ]
  }, {
    "asset" : {
      "assetID" : "ce97bb2621b991e78d790d9aafe550f35aca0803"
    },
    "addedDate" : 1485450079078,
    "metadata" : [ ]
  }, {
    "asset" : {
      "assetID" : "bf76fb893771f8c895c2788209e32a8abbe3bbd4"
    },
    "addedDate" : 1587078163243,
    "metadata" : [ ]
  } ],
  "fileName" : "1e1320cb4191d6c7c63d943d240a005ce6ce63df.json",
  "name" : "Unit 25 (D&C)",
  "english" : true,
  "publicTitle" : "Unit 25 (D&C)",
  "collectionUri" : "unit-25-dc"
}