{
  "parentCollectionID" : "afdd28f5621dd7014e3ed9a55095262fbd7c75ff",
  "parentCollectionPath" : "Mobile Media Library/English - Video/Callings and Trainings/Leadership/Leadership Training Library/Sunday School",
  "collectionType" : "assets",
  "path" : "Mobile Media Library/English - Video/Callings and Trainings/Leadership/Leadership Training Library/Sunday School/12.3 Leadership Meetings",
  "collectionID" : "1e9b138974e3605ed605667b88777c656d69d2a6",
  "language" : "eng",
  "type" : "DEFAULT",
  "lastUpdatedDate" : "2019-10-28T16:40:50.643-06:00",
  "links" : [ {
    "rel" : "details",
    "href" : "https://titanapi.churchofjesuschrist.org/assetsearch/api/v2/collection/details/collectionID/1e9b138974e3605ed605667b88777c656d69d2a6"
  } ],
  "coverImages" : [ {
    "asset" : {
      "assetID" : "e333a577ec26e811c76a761e2eef938ecd18b1a5"
    }
  } ],
  "related" : [ ],
  "metadata" : [ {
    "key" : "collectionUri",
    "value" : "123-leadership-meetings",
    "language" : "eng"
  }, {
    "key" : "publicTitle",
    "value" : "12.3 Leadership Meetings",
    "language" : "eng"
  } ],
  "children" : [ ],
  "assets" : [ {
    "asset" : {
      "assetID" : "81d5a5b8a4efa523fd0b1d01ec08b070add44872"
    },
    "addedDate" : 1529081177027,
    "metadata" : [ ]
  } ],
  "fileName" : "1e9b138974e3605ed605667b88777c656d69d2a6.json",
  "name" : "12.3 Leadership Meetings",
  "english" : true,
  "publicTitle" : "12.3 Leadership Meetings",
  "collectionUri" : "123-leadership-meetings"
}