{
  "parentCollectionID" : "bd59191796027fc53f46f5811862b4ff2baaa3b2",
  "parentCollectionPath" : "Mobile Media Library/English - Video/Topics",
  "collectionType" : "assets",
  "path" : "Mobile Media Library/English - Video/Topics/Grace",
  "collectionID" : "1f0edbf1889de56e7bab11037471e539d1e38b6b",
  "language" : "eng",
  "type" : "DEFAULT",
  "lastUpdatedDate" : "2022-03-31T11:53:56.117-06:00",
  "links" : [ {
    "rel" : "details",
    "href" : "https://titanapi.churchofjesuschrist.org/assetsearch/api/v2/collection/details/collectionID/1f0edbf1889de56e7bab11037471e539d1e38b6b"
  } ],
  "coverImages" : [ {
    "asset" : {
      "assetID" : "6dbf7fbc79535aa4f1cf64763b2702ec30d0a7c8"
    }
  } ],
  "related" : [ ],
  "metadata" : [ {
    "key" : "channel",
    "value" : "mobile",
    "language" : "eng"
  }, {
    "key" : "description",
    "value" : "Elders Holland, Uchtdorf, Christofferson, and others explain how our hope in redemption and saving ordinances is forever linked to the grace and mercy of Jesus Christ.",
    "language" : "eng"
  }, {
    "key" : "collectionUri",
    "value" : "grace-topic",
    "language" : "eng"
  }, {
    "key" : "publicTitle",
    "value" : "Grace",
    "language" : "eng"
  }, {
    "key" : "orderIndex",
    "value" : "39"
  } ],
  "children" : [ ],
  "assets" : [ {
    "asset" : {
      "assetID" : "8b35a9521838ea259cdd2e073d3be11e40c67815"
    },
    "index" : 2,
    "addedDate" : 1515679815021,
    "metadata" : [ ]
  }, {
    "asset" : {
      "assetID" : "68b97aa355db60ab3666d93a39b7d68e377b36d4"
    },
    "index" : 4,
    "addedDate" : 1515679873057,
    "metadata" : [ ]
  }, {
    "asset" : {
      "assetID" : "c7e65ebd92609d27796939196d9dafc441325748"
    },
    "index" : 8,
    "addedDate" : 1722624926283,
    "metadata" : [ ]
  }, {
    "asset" : {
      "assetID" : "6c67a421922733aa41966623c61b89b7da2457a0"
    },
    "index" : 1,
    "addedDate" : 1515679808059,
    "metadata" : [ ]
  }, {
    "asset" : {
      "assetID" : "3765ef0b4ba6ade3c7322c881abaf931063739b4"
    },
    "index" : 0,
    "addedDate" : 1515679784001,
    "metadata" : [ ]
  }, {
    "asset" : {
      "assetID" : "0bc3ec9e141ce936de6a0a5148a69886f8cba601"
    },
    "index" : 5,
    "addedDate" : 1592433101215,
    "metadata" : [ ]
  }, {
    "asset" : {
      "assetID" : "960b444f547fe3e899214e2364b571b6b9c0470f"
    },
    "index" : 7,
    "addedDate" : 1632956858077,
    "metadata" : [ ]
  }, {
    "asset" : {
      "assetID" : "cb8b9bd35f677de89ca4601e423835c9f1fafa34"
    },
    "index" : 6,
    "addedDate" : 1595218252271,
    "metadata" : [ ]
  } ],
  "fileName" : "1f0edbf1889de56e7bab11037471e539d1e38b6b.json",
  "name" : "Grace",
  "english" : true,
  "publicTitle" : "Grace",
  "description" : "Elders Holland, Uchtdorf, Christofferson, and others explain how our hope in redemption and saving ordinances is forever linked to the grace and mercy of Jesus Christ.",
  "collectionUri" : "grace-topic"
}