{
  "parentCollectionID" : "91771842fbbb7d811f5a115ac78e403ba6e5d528",
  "parentCollectionPath" : "Mobile Media Library/English - Video/Inspiration",
  "collectionType" : "assets",
  "path" : "Mobile Media Library/English - Video/Inspiration/Special Witnesses of Christ",
  "collectionID" : "1f1c0823da9545c8838541a872b2f031",
  "language" : "eng",
  "type" : "DEFAULT",
  "lastUpdatedDate" : "2022-09-06T16:28:11.502-06:00",
  "links" : [ {
    "rel" : "details",
    "href" : "https://titanapi.churchofjesuschrist.org/assetsearch/api/v2/collection/details/collectionID/1f1c0823da9545c8838541a872b2f031"
  } ],
  "coverImages" : [ {
    "asset" : {
      "assetID" : "0516154f97f07e0e258f4412dac56af408218d58"
    }
  } ],
  "related" : [ ],
  "metadata" : [ {
    "key" : "orderIndex",
    "value" : "4"
  }, {
    "key" : "channel",
    "value" : "mobile",
    "language" : "eng"
  }, {
    "key" : "collectionUri",
    "value" : "special-witnesses-of-christ-video-collection",
    "language" : "eng"
  }, {
    "key" : "publicTitle",
    "value" : "Special Witnesses of Christ",
    "language" : "eng"
  } ],
  "children" : [ ],
  "assets" : [ {
    "asset" : {
      "assetID" : "E0F21DE3092170DD5DF6ADBF784C76E825CE0482"
    },
    "index" : 1,
    "addedDate" : 1662494250770,
    "metadata" : [ ]
  }, {
    "asset" : {
      "assetID" : "7E4B74F6AD025596A556EC1C88FDD40BC0416D0E"
    },
    "index" : 2,
    "addedDate" : 1662494250770,
    "metadata" : [ ]
  }, {
    "asset" : {
      "assetID" : "C533FC4DF6C4095C779AA5A643ECF87B800AEB47"
    },
    "index" : 3,
    "addedDate" : 1662494250776,
    "metadata" : [ ]
  }, {
    "asset" : {
      "assetID" : "7591C5C43C6258DB5E23EE2D65CA7FD6AE6C397D"
    },
    "index" : 4,
    "addedDate" : 1662494250786,
    "metadata" : [ ]
  }, {
    "asset" : {
      "assetID" : "0D61482558960EF8E3BE6EC9161703BE751B1B95"
    },
    "index" : 5,
    "addedDate" : 1662494250760,
    "metadata" : [ ]
  }, {
    "asset" : {
      "assetID" : "F8E5E2FA237C16EB27B7C2CE4195240AAD131F3A"
    },
    "index" : 6,
    "addedDate" : 1662494250780,
    "metadata" : [ ]
  }, {
    "asset" : {
      "assetID" : "A3073C4B49E028709ECEFA196B1C802717A475DD"
    },
    "index" : 13,
    "addedDate" : 1662494250770,
    "metadata" : [ ]
  }, {
    "asset" : {
      "assetID" : "753F39FF40E17AD3104711D8DEC1548964BD50C5"
    },
    "index" : 14,
    "addedDate" : 1662494250766,
    "metadata" : [ ]
  }, {
    "asset" : {
      "assetID" : "3C12D29F44B390B3B00CC50F2279E1B17E80179C"
    },
    "index" : 9,
    "addedDate" : 1662494250763,
    "metadata" : [ ]
  }, {
    "asset" : {
      "assetID" : "91B97E983C15843B1CF0E1D92AA9DE81BEC48504"
    },
    "index" : 11,
    "addedDate" : 1662494250776,
    "metadata" : [ ]
  }, {
    "asset" : {
      "assetID" : "46686F57C73E1F62B5B2754EA9E17D19F74605FC"
    },
    "index" : 12,
    "addedDate" : 1662494250766,
    "metadata" : [ ]
  }, {
    "asset" : {
      "assetID" : "4C0751DC5BA0AB299FC3F5A051DDC2807DAC61FB"
    },
    "index" : 10,
    "addedDate" : 1662494250783,
    "metadata" : [ ]
  }, {
    "asset" : {
      "assetID" : "8334A911D3C0E15EEE59694CA70BC5F91AB56313"
    },
    "index" : 7,
    "addedDate" : 1662494250776,
    "metadata" : [ ]
  }, {
    "asset" : {
      "assetID" : "BEC0679998F26D727CCF22206AE0CC23108B08FF"
    },
    "index" : 8,
    "addedDate" : 1662494250783,
    "metadata" : [ ]
  }, {
    "asset" : {
      "assetID" : "5482604A1CAE6BC4F75F48A695F042C4B9CD84A3"
    },
    "index" : 0,
    "addedDate" : 1662494250780,
    "metadata" : [ ]
  } ],
  "fileName" : "1f1c0823da9545c8838541a872b2f031.json",
  "name" : "Special Witnesses of Christ",
  "english" : true,
  "publicTitle" : "Special Witnesses of Christ",
  "collectionUri" : "special-witnesses-of-christ-video-collection"
}