{
  "parentCollectionID" : "b43d757eb019f6607ea99cf31d4f98fd0466720b",
  "parentCollectionPath" : "Mobile Media Library/English - Video/Videos for Children",
  "collectionType" : "assets",
  "path" : "Mobile Media Library/English - Video/Videos for Children/Friend to Friend 2023",
  "collectionID" : "1f6c3af0c7c94d0f89f4dcadac4ebb89",
  "language" : "eng",
  "type" : "DEFAULT",
  "lastUpdatedDate" : "2023-09-12T10:31:58.409-06:00",
  "links" : [ {
    "rel" : "details",
    "href" : "https://titanapi.churchofjesuschrist.org/assetsearch/api/v2/collection/details/collectionID/1f6c3af0c7c94d0f89f4dcadac4ebb89"
  } ],
  "coverImages" : [ {
    "asset" : {
      "assetID" : "6e703c4b9da411edb964eeeeac1e3ee4fc162128"
    }
  } ],
  "related" : [ ],
  "metadata" : [ {
    "key" : "orderIndex",
    "value" : "10"
  }, {
    "key" : "channel",
    "value" : "mobile",
    "language" : "eng"
  }, {
    "key" : "collectionUri",
    "value" : "friend-to-friend-2023",
    "language" : "eng"
  }, {
    "key" : "publicTitle",
    "value" : "Friend to Friend 2023",
    "language" : "eng"
  } ],
  "children" : [ ],
  "assets" : [ {
    "asset" : {
      "assetID" : "e504f9e4beb511ed919deeeeac1ec33b2b80684c"
    },
    "index" : 0,
    "addedDate" : 1694309194733,
    "metadata" : [ ]
  }, {
    "asset" : {
      "assetID" : "b0f2a05f484811eea695eeeeac1e0453e366efd5"
    },
    "index" : 1,
    "addedDate" : 1697295554584,
    "metadata" : [ ]
  } ],
  "fileName" : "1f6c3af0c7c94d0f89f4dcadac4ebb89.json",
  "name" : "Friend to Friend 2023",
  "english" : true,
  "publicTitle" : "Friend to Friend 2023",
  "collectionUri" : "friend-to-friend-2023"
}