{
  "parentCollectionID" : "c673d5ed57bf0830c574779a3125f5b769192493",
  "parentCollectionPath" : "Mobile Media Library/English - Video/Life Help/Self-Reliance Services and PEF/Education for Better Work",
  "collectionType" : "assets",
  "path" : "Mobile Media Library/English - Video/Life Help/Self-Reliance Services and PEF/Education for Better Work/Chapter 3: How will I pay for my education?",
  "collectionID" : "2172ceadfdb31f9715d35369fa472ef0f104d85a",
  "language" : "eng",
  "type" : "DEFAULT",
  "lastUpdatedDate" : "2019-10-28T16:40:50.643-06:00",
  "links" : [ {
    "rel" : "details",
    "href" : "https://titanapi.churchofjesuschrist.org/assetsearch/api/v2/collection/details/collectionID/2172ceadfdb31f9715d35369fa472ef0f104d85a"
  } ],
  "coverImages" : [ {
    "asset" : {
      "assetID" : "0415f697525963922cb36bc1600e80c1a081aa92"
    }
  } ],
  "related" : [ ],
  "metadata" : [ {
    "key" : "collectionUri",
    "value" : "chapter-3-how-will-i-pay-for-my-education",
    "language" : "eng"
  }, {
    "key" : "publicTitle",
    "value" : "Chapter 3: How will I pay for my education?",
    "language" : "eng"
  } ],
  "children" : [ ],
  "assets" : [ {
    "asset" : {
      "assetID" : "0cb874d85bdd234249bd45cc0a03d67616e072de"
    },
    "addedDate" : 1479314362070,
    "metadata" : [ ]
  } ],
  "fileName" : "2172ceadfdb31f9715d35369fa472ef0f104d85a.json",
  "name" : "Chapter 3: How will I pay for my education?",
  "english" : true,
  "publicTitle" : "Chapter 3: How will I pay for my education?",
  "collectionUri" : "chapter-3-how-will-i-pay-for-my-education"
}