{
  "parentCollectionID" : "7dcef444e180851b96f8f79d6392f8963ec6952b",
  "parentCollectionPath" : "Mobile Media Library/English - Video/Broadcasts/General Conference",
  "collectionType" : "assets",
  "path" : "Mobile Media Library/English - Video/Broadcasts/General Conference/April 2013",
  "collectionID" : "2172d47cee4249f5a6e425cac72dbe95",
  "language" : "eng",
  "type" : "DEFAULT",
  "lastUpdatedDate" : "2023-10-16T17:45:58.038-06:00",
  "links" : [ {
    "rel" : "details",
    "href" : "https://titanapi.churchofjesuschrist.org/assetsearch/api/v2/collection/details/collectionID/2172d47cee4249f5a6e425cac72dbe95"
  } ],
  "coverImages" : [ {
    "asset" : {
      "assetID" : "a82fec860df07c1e4a0f2f6fa8c018c710416408"
    }
  } ],
  "related" : [ ],
  "metadata" : [ {
    "key" : "orderIndex",
    "value" : "23"
  }, {
    "key" : "collectionUri",
    "value" : "april-2013-general-conference",
    "language" : "eng"
  }, {
    "key" : "publicTitle",
    "value" : "April 2013",
    "language" : "eng"
  } ],
  "children" : [ ],
  "assets" : [ {
    "asset" : {
      "assetID" : "2013-03-0001-high-on-the-mountain-top-eng"
    },
    "addedDate" : 1697499894933,
    "metadata" : [ ]
  }, {
    "asset" : {
      "assetID" : "2013-04-5060-elder-bruce-d-porter-eng"
    },
    "index" : 33,
    "addedDate" : 1643044680083,
    "metadata" : [ ]
  }, {
    "asset" : {
      "assetID" : "7df6f4085dfc3529f546770dd254d8a225347c45"
    },
    "index" : 39,
    "addedDate" : 1643044590534,
    "metadata" : [ ]
  }, {
    "asset" : {
      "assetID" : "3b00ebe8508efc31a93e8bb85a18aa5d810a0c4a"
    },
    "index" : 36,
    "addedDate" : 1643044590216,
    "metadata" : [ ]
  }, {
    "asset" : {
      "assetID" : "588b779ee9e2385e6f9ad273bb3d908b32bc6b8a"
    },
    "index" : 15,
    "addedDate" : 1643044616447,
    "metadata" : [ ]
  }, {
    "asset" : {
      "assetID" : "5a1ff0a7868ccb88849a1b535b2120de0cb7f406"
    },
    "index" : 4,
    "addedDate" : 1643044643255,
    "metadata" : [ ]
  }, {
    "asset" : {
      "assetID" : "63be121abb46c9aaa17604ecb2b499ac8326b655"
    },
    "index" : 37,
    "addedDate" : 1643044590365,
    "metadata" : [ ]
  }, {
    "asset" : {
      "assetID" : "a89ee36f79786d96a03e37620f6dbfb081111fb2"
    },
    "index" : 38,
    "addedDate" : 1643044590072,
    "metadata" : [ ]
  }, {
    "asset" : {
      "assetID" : "b127ccd46ba085d5c1e980816a6f41f28c3e945a"
    },
    "index" : 31,
    "addedDate" : 1643044680229,
    "metadata" : [ ]
  }, {
    "asset" : {
      "assetID" : "cd08e884cefe3ecef67f7ea4f96a369fc24df739"
    },
    "index" : 40,
    "addedDate" : 1643045412661,
    "metadata" : [ ]
  }, {
    "asset" : {
      "assetID" : "d45818f293f7cdcc10b4c655c78ad05fffc76774"
    },
    "index" : 17,
    "addedDate" : 1643044559223,
    "metadata" : [ ]
  }, {
    "asset" : {
      "assetID" : "a671f883a0b04a2769d9cd7a907d261fafe85e25"
    },
    "index" : 18,
    "addedDate" : 1643044559666,
    "metadata" : [ ]
  }, {
    "asset" : {
      "assetID" : "62beae12b2b095648653e4bd812d1ba8898784dc"
    },
    "addedDate" : 1697499864530,
    "metadata" : [ ]
  }, {
    "asset" : {
      "assetID" : "ea1ba7085335e6c09335293bb73a55acb09488be"
    },
    "addedDate" : 1697499864526,
    "metadata" : [ ]
  }, {
    "asset" : {
      "assetID" : "2307a0fa785dda24e52dad05dec620f0909ce7ba"
    },
    "addedDate" : 1697499864530,
    "metadata" : [ ]
  }, {
    "asset" : {
      "assetID" : "4f68e34482d8a7535c521bcda894455b115eaf03"
    },
    "index" : 2,
    "addedDate" : 1643044642758,
    "metadata" : [ ]
  }, {
    "asset" : {
      "assetID" : "1f310f8669655eb594f18c85b92676341f8d66f6"
    },
    "addedDate" : 1697499864526,
    "metadata" : [ ]
  }, {
    "asset" : {
      "assetID" : "45cec76cd7556b3aa2121a64e477ed47267aa862"
    },
    "index" : 5,
    "addedDate" : 1643044643000,
    "metadata" : [ ]
  }, {
    "asset" : {
      "assetID" : "67da10ed3ae28ee372346b99a8d6aa7749093962"
    },
    "addedDate" : 1697499864523,
    "metadata" : [ ]
  }, {
    "asset" : {
      "assetID" : "027f85a4b0b3cb40e5df893b0ca03acba0bcc26d"
    },
    "index" : 6,
    "addedDate" : 1643044642880,
    "metadata" : [ ]
  }, {
    "asset" : {
      "assetID" : "81131b732e263672173240df682bb8ec24028ff4"
    },
    "index" : 7,
    "addedDate" : 1643044616602,
    "metadata" : [ ]
  }, {
    "asset" : {
      "assetID" : "1ea158cf60e65e4e582cf6fac0525c67a1eee71a"
    },
    "addedDate" : 1697499877843,
    "metadata" : [ ]
  }, {
    "asset" : {
      "assetID" : "7086974e91a7d568c2d352a246e0eb3589d8864b"
    },
    "index" : 8,
    "addedDate" : 1643044616908,
    "metadata" : [ ]
  }, {
    "asset" : {
      "assetID" : "43c27e7906a398dc1a0c9b23eb670e36c821c5e4"
    },
    "index" : 9,
    "addedDate" : 1643044616739,
    "metadata" : [ ]
  }, {
    "asset" : {
      "assetID" : "2013-04-2051-rejoice-the-lord-is-king-eng"
    },
    "addedDate" : 1697499877833,
    "metadata" : [ ]
  }, {
    "asset" : {
      "assetID" : "3bc51970a02fdb1248a42434c989fc46315d7fbf"
    },
    "addedDate" : 1697499905670,
    "metadata" : [ ]
  }, {
    "asset" : {
      "assetID" : "6bdc5933678ee37abbb26048ffa0117c02c8f191"
    },
    "addedDate" : 1697499914523,
    "metadata" : [ ]
  }, {
    "asset" : {
      "assetID" : "2013-04-4011-come-follow-me-eng"
    },
    "addedDate" : 1697499914530,
    "metadata" : [ ]
  }, {
    "asset" : {
      "assetID" : "edaf85e0351b3c1559bc48ad98d0ace799fe6d31"
    },
    "index" : 23,
    "addedDate" : 1643044703685,
    "metadata" : [ ]
  }, {
    "asset" : {
      "assetID" : "e37e2eef35fc72cae942b1b42eb9768596659077"
    },
    "addedDate" : 1697499914530,
    "metadata" : [ ]
  }, {
    "asset" : {
      "assetID" : "21bfb39dc6e6cccec1f5c448574c764bf3ffc92a"
    },
    "index" : 25,
    "addedDate" : 1643044702899,
    "metadata" : [ ]
  }, {
    "asset" : {
      "assetID" : "e0471ddeb807d88f8f353067e919ffc446da3944"
    },
    "index" : 26,
    "addedDate" : 1643044703064,
    "metadata" : [ ]
  }, {
    "asset" : {
      "assetID" : "2013-04-4061-come-come-ye-saints-eng"
    },
    "addedDate" : 1697499914530,
    "metadata" : [ ]
  }, {
    "asset" : {
      "assetID" : "2013-04-5001-come-ye-children-of-the-lord-eng"
    },
    "addedDate" : 1697499925293,
    "metadata" : [ ]
  }, {
    "asset" : {
      "assetID" : "2013-04-5002-tell-me-the-stories-of-jesus-eng"
    },
    "addedDate" : 1697499925290,
    "metadata" : [ ]
  }, {
    "asset" : {
      "assetID" : "636c1392ca521eb930e7f6db470bff82b4278a39"
    },
    "index" : 29,
    "addedDate" : 1643044679760,
    "metadata" : [ ]
  }, {
    "asset" : {
      "assetID" : "2013-04-5031-now-let-us-rejoice-eng"
    },
    "addedDate" : 1697499925286,
    "metadata" : [ ]
  }, {
    "asset" : {
      "assetID" : "12ba642b3849309babe352b3e99a41e2fee95c56"
    },
    "addedDate" : 1697499925293,
    "metadata" : [ ]
  }, {
    "asset" : {
      "assetID" : "6d1ba0dc17aab1ecaa83cef11ef4db5a158f52a8"
    },
    "addedDate" : 1697499905666,
    "metadata" : [ ]
  }, {
    "asset" : {
      "assetID" : "3ab2ef8ae86a99394381cf42ccf49c25d1b6e901"
    },
    "addedDate" : 1697499894936,
    "metadata" : [ ]
  }, {
    "asset" : {
      "assetID" : "f200f179e48325302bbc15f5a1cc2ef0321fb461"
    },
    "addedDate" : 1697499894926,
    "metadata" : [ ]
  }, {
    "asset" : {
      "assetID" : "d15d1cd060bf715315f65fea8f88a5e169cbd8ee"
    },
    "addedDate" : 1697499894930,
    "metadata" : [ ]
  }, {
    "asset" : {
      "assetID" : "2cfa8b1497659d1d96fd4af59b0d9b46cda2b759"
    },
    "addedDate" : 1697499894926,
    "metadata" : [ ]
  }, {
    "asset" : {
      "assetID" : "dfac6b76fa4c8c385df4432926c719a5778f374a"
    },
    "addedDate" : 1697499864520,
    "metadata" : [ ]
  }, {
    "asset" : {
      "assetID" : "053b43d1a743d821b5a55372d3bc945de4b49cdf"
    },
    "index" : 0,
    "addedDate" : 1643044642518,
    "metadata" : [ ]
  }, {
    "asset" : {
      "assetID" : "8fe92fffac88b205226d6defc916a33b65f3460c"
    },
    "index" : 14,
    "addedDate" : 1643044617621,
    "metadata" : [ ]
  }, {
    "asset" : {
      "assetID" : "7d41930ba5b664114a9a326c50054ae59251294a"
    },
    "addedDate" : 1697499877843,
    "metadata" : [ ]
  }, {
    "asset" : {
      "assetID" : "f0778e7d1dbbf5770358297c07f10904e3518fde"
    },
    "index" : 1,
    "addedDate" : 1643044642640,
    "metadata" : [ ]
  }, {
    "asset" : {
      "assetID" : "bdc4f7294ff93f4b2f59dade13917271f1e1d421"
    },
    "addedDate" : 1697499877836,
    "metadata" : [ ]
  }, {
    "asset" : {
      "assetID" : "b7a0c5c9c4d0627ca6c884e434e702c26aae8c66"
    },
    "addedDate" : 1697499905670,
    "metadata" : [ ]
  }, {
    "asset" : {
      "assetID" : "7f3332970344492e3d22cbeb24299fa151f2d59a"
    },
    "addedDate" : 1697499914533,
    "metadata" : [ ]
  }, {
    "asset" : {
      "assetID" : "7316b8bdae1e74f201a69257a4910e4ee1a0734a"
    },
    "index" : 10,
    "addedDate" : 1643044617199,
    "metadata" : [ ]
  }, {
    "asset" : {
      "assetID" : "ca6cc126bf7b2e3ad9d448658df94bba5d5160c1"
    },
    "index" : 3,
    "addedDate" : 1643044643124,
    "metadata" : [ ]
  }, {
    "asset" : {
      "assetID" : "96a6fa0cea85c0a2d0283f508776d07eece0bca6"
    },
    "addedDate" : 1697499905673,
    "metadata" : [ ]
  }, {
    "asset" : {
      "assetID" : "73fbbdf85a750cb9bbb0a02beeaed56df8407c7e"
    },
    "index" : 22,
    "addedDate" : 1643044703555,
    "metadata" : [ ]
  }, {
    "asset" : {
      "assetID" : "c2891b2121c9c2f9bfddcfd4fc0dadfb0ce63084"
    },
    "index" : 13,
    "addedDate" : 1643044617341,
    "metadata" : [ ]
  }, {
    "asset" : {
      "assetID" : "ca1fc98922947b76d037e08f1c8a73de01e58db6"
    },
    "index" : 16,
    "addedDate" : 1643044559573,
    "metadata" : [ ]
  }, {
    "asset" : {
      "assetID" : "535d8b1b3ce0c5146d0991d5cf2cea314fa12485"
    },
    "index" : 12,
    "addedDate" : 1643044617481,
    "metadata" : [ ]
  }, {
    "asset" : {
      "assetID" : "ae08b4eb5b524af3dbb3f17c04b7a452d0c2e991"
    },
    "index" : 20,
    "addedDate" : 1643044559125,
    "metadata" : [ ]
  }, {
    "asset" : {
      "assetID" : "6f09ac6c7efa1e6cc1bede51ac4ef51caa49a11a"
    },
    "index" : 21,
    "addedDate" : 1643044559486,
    "metadata" : [ ]
  }, {
    "asset" : {
      "assetID" : "78ab81805a35032af22414aeb7d6e960122b0d1c"
    },
    "index" : 19,
    "addedDate" : 1643044559373,
    "metadata" : [ ]
  }, {
    "asset" : {
      "assetID" : "02337920455ad28896b3f9a8dc560adaf8928f23"
    },
    "index" : 30,
    "addedDate" : 1643044679502,
    "metadata" : [ ]
  }, {
    "asset" : {
      "assetID" : "f3f7cf407218e734e983f8af5715f13c242de43e"
    },
    "index" : 24,
    "addedDate" : 1643044703247,
    "metadata" : [ ]
  }, {
    "asset" : {
      "assetID" : "2025f6a9940bd75ceb8dfbdfb5dbb5e91dc2fe26"
    },
    "addedDate" : 1697499914536,
    "metadata" : [ ]
  }, {
    "asset" : {
      "assetID" : "69df3079f76cc99b85c0f9695a45ef48c99bbec9"
    },
    "index" : 27,
    "addedDate" : 1643044703432,
    "metadata" : [ ]
  }, {
    "asset" : {
      "assetID" : "c7b32fff8e729ff6c6e50d5ccc5f57a89ef054ca"
    },
    "addedDate" : 1697499925290,
    "metadata" : [ ]
  }, {
    "asset" : {
      "assetID" : "148d5dd3d2459f906ea7f16097bdba768d764b87"
    },
    "index" : 32,
    "addedDate" : 1643044679633,
    "metadata" : [ ]
  }, {
    "asset" : {
      "assetID" : "5b20ae1b83c29b65f24faf1e693701ef7fc57719"
    },
    "index" : 28,
    "addedDate" : 1643044680388,
    "metadata" : [ ]
  }, {
    "asset" : {
      "assetID" : "5a1aca681378aa4bf403d34c2a01fe9e65cd2cde"
    },
    "index" : 34,
    "addedDate" : 1643044679377,
    "metadata" : [ ]
  }, {
    "asset" : {
      "assetID" : "c1a637c01e22404ef8e12b9020b013a175e48dd2"
    },
    "index" : 35,
    "addedDate" : 1643044679910,
    "metadata" : [ ]
  }, {
    "asset" : {
      "assetID" : "39aa773769da3117ae31698bcb85acc8ea594447"
    },
    "index" : 11,
    "addedDate" : 1643044617050,
    "metadata" : [ ]
  } ],
  "fileName" : "2172d47cee4249f5a6e425cac72dbe95.json",
  "name" : "April 2013",
  "english" : true,
  "publicTitle" : "April 2013",
  "collectionUri" : "april-2013-general-conference"
}