{
  "parentCollectionID" : "9a1f9fbe00c65bcba2719d53d114780da19e422c",
  "parentCollectionPath" : "Mobile Media Library/English - Video/Callings and Trainings/Leadership/Leadership Training Library",
  "collectionType" : "collections",
  "path" : "Mobile Media Library/English - Video/Callings and Trainings/Leadership/Leadership Training Library/Relief Society",
  "collectionID" : "21aa177dec11009186f4eddaa19d0dacb959eb97",
  "language" : "eng",
  "type" : "DEFAULT",
  "lastUpdatedDate" : "2019-10-28T16:40:50.643-06:00",
  "links" : [ {
    "rel" : "details",
    "href" : "https://titanapi.churchofjesuschrist.org/assetsearch/api/v2/collection/details/collectionID/21aa177dec11009186f4eddaa19d0dacb959eb97"
  } ],
  "coverImages" : [ {
    "asset" : {
      "assetID" : "fb095add77ccdbc91f99f9978332158090d7d599"
    }
  } ],
  "related" : [ ],
  "metadata" : [ {
    "key" : "collectionUri",
    "value" : "training-ltl-relief-society",
    "language" : "eng"
  }, {
    "key" : "publicTitle",
    "value" : "Relief Society",
    "language" : "eng"
  }, {
    "key" : "orderIndex",
    "value" : "7"
  } ],
  "children" : [ {
    "path" : "Mobile Media Library/English - Video/Callings and Trainings/Leadership/Leadership Training Library/Relief Society/9.4 Ward Relief Society Meetings",
    "collectionID" : "3a60c1ea1f09c49aaff84988d1cd0aade85685ed",
    "type" : "DEFAULT",
    "lastUpdatedDate" : "2019-10-28T16:40:50.643-06:00",
    "links" : [ {
      "rel" : "details",
      "href" : "https://titanapi.churchofjesuschrist.org/assetsearch/api/v2/collection/details/collectionID/3a60c1ea1f09c49aaff84988d1cd0aade85685ed"
    } ],
    "fileName" : "3a60c1ea1f09c49aaff84988d1cd0aade85685ed.json"
  }, {
    "path" : "Mobile Media Library/English - Video/Callings and Trainings/Leadership/Leadership Training Library/Relief Society/9.1 Overviews of Relief Society",
    "collectionID" : "2213570ef3e4e07c0a2df8dd1ed4b0a765c452a1",
    "type" : "DEFAULT",
    "lastUpdatedDate" : "2019-10-28T16:40:50.643-06:00",
    "links" : [ {
      "rel" : "details",
      "href" : "https://titanapi.churchofjesuschrist.org/assetsearch/api/v2/collection/details/collectionID/2213570ef3e4e07c0a2df8dd1ed4b0a765c452a1"
    } ],
    "fileName" : "2213570ef3e4e07c0a2df8dd1ed4b0a765c452a1.json"
  }, {
    "path" : "Mobile Media Library/English - Video/Callings and Trainings/Leadership/Leadership Training Library/Relief Society/9.6 Welfare and Compassionate Service",
    "collectionID" : "7eaf0287ec779735fa6d429f2d207fe0f674850f",
    "type" : "DEFAULT",
    "lastUpdatedDate" : "2019-10-28T16:40:50.643-06:00",
    "links" : [ {
      "rel" : "details",
      "href" : "https://titanapi.churchofjesuschrist.org/assetsearch/api/v2/collection/details/collectionID/7eaf0287ec779735fa6d429f2d207fe0f674850f"
    } ],
    "fileName" : "7eaf0287ec779735fa6d429f2d207fe0f674850f.json"
  }, {
    "path" : "Mobile Media Library/English - Video/Callings and Trainings/Leadership/Leadership Training Library/Relief Society/9.2 Ward Relief Society Leadership",
    "collectionID" : "9ba21de115c6d28ce8a66122554161e5bf085f2c",
    "type" : "DEFAULT",
    "lastUpdatedDate" : "2019-10-28T16:40:50.643-06:00",
    "links" : [ {
      "rel" : "details",
      "href" : "https://titanapi.churchofjesuschrist.org/assetsearch/api/v2/collection/details/collectionID/9ba21de115c6d28ce8a66122554161e5bf085f2c"
    } ],
    "fileName" : "9ba21de115c6d28ce8a66122554161e5bf085f2c.json"
  }, {
    "path" : "Mobile Media Library/English - Video/Callings and Trainings/Leadership/Leadership Training Library/Relief Society/Featured Training: Learning and Teaching in the Home and Church",
    "collectionID" : "c5fdf563866a4b882358a474ee353338f61deca1",
    "type" : "DEFAULT",
    "lastUpdatedDate" : "2019-10-28T16:40:50.643-06:00",
    "links" : [ {
      "rel" : "details",
      "href" : "https://titanapi.churchofjesuschrist.org/assetsearch/api/v2/collection/details/collectionID/c5fdf563866a4b882358a474ee353338f61deca1"
    } ],
    "fileName" : "c5fdf563866a4b882358a474ee353338f61deca1.json"
  }, {
    "path" : "Mobile Media Library/English - Video/Callings and Trainings/Leadership/Leadership Training Library/Relief Society/Messages from Leaders",
    "collectionID" : "37d64473cfaa7f4f2edc7416504fc195c2d27e55",
    "type" : "DEFAULT",
    "lastUpdatedDate" : "2019-10-28T16:40:50.643-06:00",
    "links" : [ {
      "rel" : "details",
      "href" : "https://titanapi.churchofjesuschrist.org/assetsearch/api/v2/collection/details/collectionID/37d64473cfaa7f4f2edc7416504fc195c2d27e55"
    } ],
    "fileName" : "37d64473cfaa7f4f2edc7416504fc195c2d27e55.json"
  } ],
  "assets" : [ ],
  "fileName" : "21aa177dec11009186f4eddaa19d0dacb959eb97.json",
  "name" : "Relief Society",
  "english" : true,
  "publicTitle" : "Relief Society",
  "collectionUri" : "training-ltl-relief-society"
}