{
  "parentCollectionID" : "7dcef444e180851b96f8f79d6392f8963ec6952b",
  "parentCollectionPath" : "Mobile Media Library/English - Video/Broadcasts/General Conference",
  "collectionType" : "assets",
  "path" : "Mobile Media Library/English - Video/Broadcasts/General Conference/October 2015",
  "collectionID" : "2207f4120a4e8edfe38c8dc7d8283270ba562135",
  "language" : "eng",
  "type" : "DEFAULT",
  "lastUpdatedDate" : "2024-03-18T16:49:37.104-06:00",
  "links" : [ {
    "rel" : "details",
    "href" : "https://titanapi.churchofjesuschrist.org/assetsearch/api/v2/collection/details/collectionID/2207f4120a4e8edfe38c8dc7d8283270ba562135"
  } ],
  "coverImages" : [ {
    "asset" : {
      "assetID" : "cb2d430b2849eb2129ede3ad7bc493b42b1e5c6b"
    }
  } ],
  "related" : [ ],
  "metadata" : [ {
    "key" : "orderIndex",
    "value" : "18"
  }, {
    "key" : "channel",
    "value" : "mobile",
    "language" : "eng"
  }, {
    "key" : "collectionUri",
    "value" : "october-2015-general-conference",
    "language" : "eng"
  }, {
    "key" : "publicTitle",
    "value" : "October 2015",
    "language" : "eng"
  } ],
  "children" : [ ],
  "assets" : [ {
    "asset" : {
      "assetID" : "20ef3fe109e6fd03e43b4cb20d05289f1c30fe70"
    },
    "addedDate" : 1697497509733,
    "metadata" : [ ]
  }, {
    "asset" : {
      "assetID" : "26b17c7329ad4de1569d476162220cd08f342733"
    },
    "addedDate" : 1697497492443,
    "metadata" : [ ]
  }, {
    "asset" : {
      "assetID" : "279a8c4d3bbdf4a998cb21340c5db1b2db4c0861"
    },
    "addedDate" : 1697497457793,
    "metadata" : [ ]
  }, {
    "asset" : {
      "assetID" : "311ca763a483552360ae95ab6c7c3d0318651e40"
    },
    "addedDate" : 1697497482063,
    "metadata" : [ ]
  }, {
    "asset" : {
      "assetID" : "3fe24d7358c809b36236ca1472fe92f36fe1fab4"
    },
    "addedDate" : 1697497509746,
    "metadata" : [ ]
  }, {
    "asset" : {
      "assetID" : "5da87b90e78e42470537eed0b7d0d3cc55387f27"
    },
    "addedDate" : 1697497492450,
    "metadata" : [ ]
  }, {
    "asset" : {
      "assetID" : "99de53ed164ff8c29454b880b87a200c5d4e9596"
    },
    "addedDate" : 1697497527600,
    "metadata" : [ ]
  }, {
    "asset" : {
      "assetID" : "8dc0d0b32cbf739b9f1a0439b5faabc212b0ac3b"
    },
    "addedDate" : 1697497468813,
    "metadata" : [ ]
  }, {
    "asset" : {
      "assetID" : "63f3bf95bdc0b341b44233778532f2622d00c662"
    },
    "addedDate" : 1697497527626,
    "metadata" : [ ]
  }, {
    "asset" : {
      "assetID" : "6ecb0e8fc84acce4bee306f96b26130b86215e16"
    },
    "addedDate" : 1697497527613,
    "metadata" : [ ]
  }, {
    "asset" : {
      "assetID" : "7444ab2ed2d4bd9eb4c49646a12b952371d71774"
    },
    "addedDate" : 1697497457773,
    "metadata" : [ ]
  }, {
    "asset" : {
      "assetID" : "4ae41439c2a2973958432a4622ef3c7886725aac"
    },
    "addedDate" : 1697497527630,
    "metadata" : [ ]
  }, {
    "asset" : {
      "assetID" : "e95d74aec5c5c00e6c0761c1755093ee42309944"
    },
    "addedDate" : 1697497509750,
    "metadata" : [ ]
  }, {
    "asset" : {
      "assetID" : "7b4c7b2b09ff8351488479e5e24c18b79243534a"
    },
    "addedDate" : 1697497509726,
    "metadata" : [ ]
  }, {
    "asset" : {
      "assetID" : "76d8adf6d091d41ae1bcdba863319ca0b55a553c"
    },
    "addedDate" : 1697497457780,
    "metadata" : [ ]
  }, {
    "asset" : {
      "assetID" : "884beda01d7f240a14abbe330daa463c7e4fee74"
    },
    "addedDate" : 1697497509750,
    "metadata" : [ ]
  }, {
    "asset" : {
      "assetID" : "007a35430bbe393501330157eb1aa7ac5dfffea9"
    },
    "addedDate" : 1697497482060,
    "metadata" : [ ]
  }, {
    "asset" : {
      "assetID" : "847c920562d6896e8bfe6a525239a07e78ffe854"
    },
    "addedDate" : 1697497509736,
    "metadata" : [ ]
  }, {
    "asset" : {
      "assetID" : "3bd352cd86ad9ab5c83a37d5b059e60cfdde271a"
    },
    "addedDate" : 1697497527603,
    "metadata" : [ ]
  }, {
    "asset" : {
      "assetID" : "56c6ea2f70c1bda5d4bdfbbdb7501e60b97eb2fe"
    },
    "addedDate" : 1697497482056,
    "metadata" : [ ]
  }, {
    "asset" : {
      "assetID" : "62ffc1433dc36ece114f8eff776354c048bb16b6"
    },
    "addedDate" : 1697497527603,
    "metadata" : [ ]
  }, {
    "asset" : {
      "assetID" : "4169aeb312276afa37f118b6df93e76edf52355e"
    },
    "addedDate" : 1697497457800,
    "metadata" : [ ]
  }, {
    "asset" : {
      "assetID" : "cacba54e9677fdff4b7e22098e5b1c56218dca64"
    },
    "addedDate" : 1697497527630,
    "metadata" : [ ]
  }, {
    "asset" : {
      "assetID" : "308d951c67b58676530fa21ac3533bb417d537b7"
    },
    "addedDate" : 1697497457810,
    "metadata" : [ ]
  }, {
    "asset" : {
      "assetID" : "5f91edead9c3e08a9a4d3a989694052aa5184e40"
    },
    "addedDate" : 1697497492430,
    "metadata" : [ ]
  }, {
    "asset" : {
      "assetID" : "d639685bcac59c5524eae9ce59e10ae2fbfa00d9"
    },
    "addedDate" : 1697497509743,
    "metadata" : [ ]
  }, {
    "asset" : {
      "assetID" : "0ad9491f30f3077936300c1beb6ed3375bf86fb9"
    },
    "addedDate" : 1697497468840,
    "metadata" : [ ]
  }, {
    "asset" : {
      "assetID" : "0b009b45171f289c079f9a73b909a5a2328a2eed"
    },
    "addedDate" : 1697497509743,
    "metadata" : [ ]
  }, {
    "asset" : {
      "assetID" : "ee3146caece7f13b84144c8b8a470d747aed628f"
    },
    "addedDate" : 1697497492473,
    "metadata" : [ ]
  }, {
    "asset" : {
      "assetID" : "e4a94220dc939fe55d968ea733d1d7bed79092b9"
    },
    "addedDate" : 1697497457786,
    "metadata" : [ ]
  }, {
    "asset" : {
      "assetID" : "e0f50824b757dc8f9d961e3a5b88c3bd310bbf8a"
    },
    "addedDate" : 1697497457806,
    "metadata" : [ ]
  }, {
    "asset" : {
      "assetID" : "663795d65ac32776a12cf2b9f49bcebba13b1094"
    },
    "addedDate" : 1697497509756,
    "metadata" : [ ]
  }, {
    "asset" : {
      "assetID" : "0696117b52db0ce8557889beb1c7c2e43ab7712f"
    },
    "addedDate" : 1697497482046,
    "metadata" : [ ]
  }, {
    "asset" : {
      "assetID" : "be66069c751473219f5839265a047de5c1db12b4"
    },
    "addedDate" : 1697497457790,
    "metadata" : [ ]
  }, {
    "asset" : {
      "assetID" : "cfdaff008657500647bd0e61a27ff4a5b5fcbf3b"
    },
    "addedDate" : 1697497457800,
    "metadata" : [ ]
  }, {
    "asset" : {
      "assetID" : "138b331d74948e908dc503c8832b6368f9c81f38"
    },
    "addedDate" : 1697497457816,
    "metadata" : [ ]
  }, {
    "asset" : {
      "assetID" : "847ba33e5ea974a57a0d4abe9ef40a247faec665"
    },
    "addedDate" : 1697497457783,
    "metadata" : [ ]
  }, {
    "asset" : {
      "assetID" : "7b4cd42f348bb2c112061d0cdcb6a2093a160482"
    },
    "addedDate" : 1697497468776,
    "metadata" : [ ]
  }, {
    "asset" : {
      "assetID" : "ecc97ed03aeb49b36805e80280fc8ab77d9b734e"
    },
    "addedDate" : 1697497468780,
    "metadata" : [ ]
  }, {
    "asset" : {
      "assetID" : "411f86d09bea77235f6d3608ce85961beaa557b3"
    },
    "addedDate" : 1697497468823,
    "metadata" : [ ]
  }, {
    "asset" : {
      "assetID" : "7101bd62fa72f13a6af9fe82645aaddaf2c3c84e"
    },
    "addedDate" : 1697497468793,
    "metadata" : [ ]
  }, {
    "asset" : {
      "assetID" : "f5035055e16533493c40b54909461d86c64aedd6"
    },
    "addedDate" : 1697497468836,
    "metadata" : [ ]
  }, {
    "asset" : {
      "assetID" : "8929dfd5e8dc354fbb4af55f23eba0c961fafe77"
    },
    "addedDate" : 1697497468800,
    "metadata" : [ ]
  }, {
    "asset" : {
      "assetID" : "5e50d528a7f7a99501ed74df79543abeeb8112b4"
    },
    "addedDate" : 1697497468796,
    "metadata" : [ ]
  }, {
    "asset" : {
      "assetID" : "7fdc1a9bc4981e70c8a2ed4ab208abc4caec77b4"
    },
    "addedDate" : 1697497468816,
    "metadata" : [ ]
  }, {
    "asset" : {
      "assetID" : "38700f71f485132484229f65f9f98ced415efa73"
    },
    "addedDate" : 1697497468806,
    "metadata" : [ ]
  }, {
    "asset" : {
      "assetID" : "49a597fccd38ba0c8d960e4b89cc0f4db431865d"
    },
    "addedDate" : 1697497468800,
    "metadata" : [ ]
  }, {
    "asset" : {
      "assetID" : "63c696a49e00206f2c9373479d7bba97300c8ef8"
    },
    "addedDate" : 1697497468783,
    "metadata" : [ ]
  }, {
    "asset" : {
      "assetID" : "b2c5c5d1f6bff90ce56926ec99eb315e6e2bc588"
    },
    "addedDate" : 1697497468826,
    "metadata" : [ ]
  }, {
    "asset" : {
      "assetID" : "afb473d8b61e72c89d74bae51c107454851fbc0d"
    },
    "addedDate" : 1697497492453,
    "metadata" : [ ]
  }, {
    "asset" : {
      "assetID" : "332d520326b286829e4b45dce07bdaca0752ea44"
    },
    "addedDate" : 1697497492470,
    "metadata" : [ ]
  }, {
    "asset" : {
      "assetID" : "bbd764a3f44de15a4e58ae4892dd214ab67158b1"
    },
    "addedDate" : 1697497492460,
    "metadata" : [ ]
  }, {
    "asset" : {
      "assetID" : "806b01d52663809487d8ec4e5f79ee22a32dcc1c"
    },
    "addedDate" : 1697497492410,
    "metadata" : [ ]
  }, {
    "asset" : {
      "assetID" : "48f1c0b22271209b9e3d6d7e303abe34c1a999ff"
    },
    "addedDate" : 1697497492460,
    "metadata" : [ ]
  }, {
    "asset" : {
      "assetID" : "6aeec12982e181b4850e991f3706084190a115f9"
    },
    "addedDate" : 1697497492453,
    "metadata" : [ ]
  }, {
    "asset" : {
      "assetID" : "bbc1c7a392e0208b3bfbdb1d56b99ef263190b3a"
    },
    "addedDate" : 1697497492463,
    "metadata" : [ ]
  }, {
    "asset" : {
      "assetID" : "0f03e62e65278dd1b649f5d38b96183868882128"
    },
    "addedDate" : 1697497492456,
    "metadata" : [ ]
  }, {
    "asset" : {
      "assetID" : "16893d8bb3956afefcbbabe52ce0fc7b2483aa98"
    },
    "addedDate" : 1697497509730,
    "metadata" : [ ]
  }, {
    "asset" : {
      "assetID" : "e5ecb6ab30f55b598a58fad6af6a9e4207923561"
    },
    "addedDate" : 1697497482066,
    "metadata" : [ ]
  }, {
    "asset" : {
      "assetID" : "47d34e89b4bf531b3bbf5ba286dcb6edbcc71a6e"
    },
    "addedDate" : 1697497492466,
    "metadata" : [ ]
  }, {
    "asset" : {
      "assetID" : "5da5de9ac3865761c55595bd4c162142870b3d7a"
    },
    "addedDate" : 1697497482050,
    "metadata" : [ ]
  }, {
    "asset" : {
      "assetID" : "e3122b3b45ab1dd816d036c3497952544ecebd82"
    },
    "addedDate" : 1697497509733,
    "metadata" : [ ]
  }, {
    "asset" : {
      "assetID" : "d8e50b65d6f36596f018a3e604e31f9aa9165b51"
    },
    "addedDate" : 1697497482066,
    "metadata" : [ ]
  }, {
    "asset" : {
      "assetID" : "0b1fe6e21b06bd19addb8cfd1c765a4252b9d22e"
    },
    "addedDate" : 1697497482046,
    "metadata" : [ ]
  }, {
    "asset" : {
      "assetID" : "2b866f967edeb04a50d682c7f7d857a9b5b07966"
    },
    "addedDate" : 1697497482040,
    "metadata" : [ ]
  }, {
    "asset" : {
      "assetID" : "6b5ce48a6092c1104c12e43e2a225418b50fc205"
    },
    "addedDate" : 1697497457796,
    "metadata" : [ ]
  }, {
    "asset" : {
      "assetID" : "c1cfe94ff9a457c58e8bfdd450ee16d7ebf7b120"
    },
    "addedDate" : 1697497457813,
    "metadata" : [ ]
  }, {
    "asset" : {
      "assetID" : "90f44025253068c55e8dd12fdafba5e792121291"
    },
    "addedDate" : 1697497457803,
    "metadata" : [ ]
  }, {
    "asset" : {
      "assetID" : "407fa9044d316bac601955a33b086a96f6e00ca3"
    },
    "addedDate" : 1697497457783,
    "metadata" : [ ]
  }, {
    "asset" : {
      "assetID" : "b80b6406dc28e6235fb61fcb7a83eb33cbf2a29f"
    },
    "addedDate" : 1697497509750,
    "metadata" : [ ]
  }, {
    "asset" : {
      "assetID" : "f218ae0a8859684f5e26eaf51b87e3ffd908bdf5"
    },
    "addedDate" : 1697497509736,
    "metadata" : [ ]
  }, {
    "asset" : {
      "assetID" : "e17750b0b7d14b3e647d9d7931f1b1c56479d5f3"
    },
    "addedDate" : 1697497509760,
    "metadata" : [ ]
  }, {
    "asset" : {
      "assetID" : "2fe8c65e9487e07b8d6155537f9a85b0eff9eb66"
    },
    "addedDate" : 1697497509740,
    "metadata" : [ ]
  }, {
    "asset" : {
      "assetID" : "c8184d8078d111ee07a10b12b42ec96c35904757"
    },
    "addedDate" : 1697497509753,
    "metadata" : [ ]
  }, {
    "asset" : {
      "assetID" : "3acb22fa2fd5ee4837de4d58358742dd9ac04023"
    },
    "addedDate" : 1697497509730,
    "metadata" : [ ]
  }, {
    "asset" : {
      "assetID" : "6b807df33b0125c7a01a96da5713dea258faf2fb"
    },
    "addedDate" : 1697497509740,
    "metadata" : [ ]
  }, {
    "asset" : {
      "assetID" : "752092d79fca7536aa03f0228d99c9530c9126bb"
    },
    "addedDate" : 1697497509746,
    "metadata" : [ ]
  }, {
    "asset" : {
      "assetID" : "2eb0dd5638f39d52eba26a15dd4986a4ed2691cc"
    },
    "addedDate" : 1697497527620,
    "metadata" : [ ]
  }, {
    "asset" : {
      "assetID" : "0a4b2b405a7e79b6a58d048b6a5a487b40b4736d"
    },
    "addedDate" : 1697497527646,
    "metadata" : [ ]
  }, {
    "asset" : {
      "assetID" : "70f0c8614b2c2fb1ce1636bd64caf208f27c059b"
    },
    "addedDate" : 1697497527643,
    "metadata" : [ ]
  }, {
    "asset" : {
      "assetID" : "031633e8ce2203b7dcded7f1ee640f3a88eb1678"
    },
    "addedDate" : 1697497527626,
    "metadata" : [ ]
  }, {
    "asset" : {
      "assetID" : "d05349d80a6992df79215d49e93997c03505ef66"
    },
    "addedDate" : 1697497527616,
    "metadata" : [ ]
  }, {
    "asset" : {
      "assetID" : "65567dffcb8a6d98b237f330c57ea7c98cde81e5"
    },
    "addedDate" : 1697497527623,
    "metadata" : [ ]
  }, {
    "asset" : {
      "assetID" : "3a3c5b580bd943d2fc58550ac0dc4b8b85adcc67"
    },
    "addedDate" : 1697497527606,
    "metadata" : [ ]
  }, {
    "asset" : {
      "assetID" : "4ed05fda8c25d09e9f03615fa9bc4fc115766b81"
    },
    "addedDate" : 1697497527610,
    "metadata" : [ ]
  }, {
    "asset" : {
      "assetID" : "ba182cbdf60f4b7dc12b9d27633c6ac8397f208b"
    },
    "addedDate" : 1697497482050,
    "metadata" : [ ]
  }, {
    "asset" : {
      "assetID" : "4382bac38724c5e6c49faee88a366abf6f2e6544"
    },
    "addedDate" : 1697497482053,
    "metadata" : [ ]
  }, {
    "asset" : {
      "assetID" : "5336552b748ec50d9d80817491de2ed505e4df47"
    },
    "addedDate" : 1697497482056,
    "metadata" : [ ]
  }, {
    "asset" : {
      "assetID" : "5c2982693b97b84153618690c952e6e6cd80afaf"
    },
    "addedDate" : 1697497482060,
    "metadata" : [ ]
  }, {
    "asset" : {
      "assetID" : "92cb6f1a34d085cc72935fac57c7fc854fd99638"
    },
    "addedDate" : 1697497468820,
    "metadata" : [ ]
  }, {
    "asset" : {
      "assetID" : "e3db5ae8efad7638333b0d81e2730bf3382e9ac2"
    },
    "addedDate" : 1697497492450,
    "metadata" : [ ]
  } ],
  "fileName" : "2207f4120a4e8edfe38c8dc7d8283270ba562135.json",
  "name" : "October 2015",
  "english" : true,
  "publicTitle" : "October 2015",
  "collectionUri" : "october-2015-general-conference"
}