{
  "parentCollectionID" : "a362cf32612a48c380d0013df943b987",
  "parentCollectionPath" : "Mobile Media Library/English - Video/Teaching and Lessons/Come, Follow Me/2023 New Testament Media Resources",
  "collectionType" : "assets",
  "path" : "Mobile Media Library/English - Video/Teaching and Lessons/Come, Follow Me/2023 New Testament Media Resources/July 17–July 23. Acts 10-15: \"The Word of God Grew and Multiplied\"",
  "collectionID" : "2314cf28e5c147ccb0d277bb68439a0d",
  "language" : "eng",
  "type" : "DEFAULT",
  "lastUpdatedDate" : "2022-12-01T15:30:15.543-07:00",
  "links" : [ {
    "rel" : "details",
    "href" : "https://titanapi.churchofjesuschrist.org/assetsearch/api/v2/collection/details/collectionID/2314cf28e5c147ccb0d277bb68439a0d"
  } ],
  "coverImages" : [ {
    "asset" : {
      "assetID" : "df5a141fc84a40a87cd018565935513be68d58e1"
    }
  } ],
  "related" : [ ],
  "metadata" : [ {
    "key" : "orderIndex",
    "value" : "28"
  }, {
    "key" : "collectionUri",
    "value" : "cfm-2023-videos-july-17-23",
    "language" : "eng"
  }, {
    "key" : "publicTitle",
    "value" : "July 17–July 23. Acts 10-15: \"The Word of God Grew and Multiplied\"",
    "language" : "eng"
  } ],
  "children" : [ ],
  "assets" : [ {
    "asset" : {
      "assetID" : "fecf40a355b6c712d67b077081dcd7cdd7f5d098"
    },
    "index" : 2,
    "addedDate" : 1650044469678,
    "metadata" : [ ]
  }, {
    "asset" : {
      "assetID" : "7164b8de59789cc83ed67328981c03e22c0ff0cc"
    },
    "index" : 1,
    "addedDate" : 1650044454464,
    "metadata" : [ ]
  }, {
    "asset" : {
      "assetID" : "f746ef236cabaa4892bec635f66a93e5c947c3e1"
    },
    "index" : 0,
    "addedDate" : 1650044441120,
    "metadata" : [ ]
  } ],
  "fileName" : "2314cf28e5c147ccb0d277bb68439a0d.json",
  "name" : "July 17–July 23. Acts 10-15: \"The Word of God Grew and Multiplied\"",
  "english" : true,
  "publicTitle" : "July 17–July 23. Acts 10-15: \"The Word of God Grew and Multiplied\"",
  "collectionUri" : "cfm-2023-videos-july-17-23"
}