{
  "parentCollectionID" : "2766fc224ee41cb8f5eceb607a29985caa1f9094",
  "parentCollectionPath" : "Mobile Media Library/English - Video/Callings and Trainings/Leadership/Leadership Training Library/Mission Leader",
  "collectionType" : "assets",
  "path" : "Mobile Media Library/English - Video/Callings and Trainings/Leadership/Leadership Training Library/Mission Leader/5.2 Convert Retention",
  "collectionID" : "23492a6031edcb0688859c5ddb641a507b1d7046",
  "language" : "eng",
  "type" : "DEFAULT",
  "lastUpdatedDate" : "2019-10-28T16:40:50.643-06:00",
  "links" : [ {
    "rel" : "details",
    "href" : "https://titanapi.churchofjesuschrist.org/assetsearch/api/v2/collection/details/collectionID/23492a6031edcb0688859c5ddb641a507b1d7046"
  } ],
  "coverImages" : [ {
    "asset" : {
      "assetID" : "c8a2934e02e2004d6b0164cbeea6fa89290af9e8"
    }
  } ],
  "related" : [ ],
  "metadata" : [ {
    "key" : "collectionUri",
    "value" : "ltl-52-convert-retention",
    "language" : "eng"
  }, {
    "key" : "publicTitle",
    "value" : "5.2 Convert Retention",
    "language" : "eng"
  } ],
  "children" : [ ],
  "assets" : [ {
    "asset" : {
      "assetID" : "7030eed11e5bc1cb2483c3b39c1a3522bc0307cc"
    },
    "addedDate" : 1529082035099,
    "metadata" : [ ]
  } ],
  "fileName" : "23492a6031edcb0688859c5ddb641a507b1d7046.json",
  "name" : "5.2 Convert Retention",
  "english" : true,
  "publicTitle" : "5.2 Convert Retention",
  "collectionUri" : "ltl-52-convert-retention"
}