{
  "parentCollectionID" : "11768d7b23484806960587a13d704f15",
  "parentCollectionPath" : "Mobile Media Library/English - Video/Scriptural Reenactments and Teachings/New Testament Teaching Videos",
  "collectionType" : "assets",
  "path" : "Mobile Media Library/English - Video/Scriptural Reenactments and Teachings/New Testament Teaching Videos/2 Corinthians - Revelation",
  "collectionID" : "242e8b3c755645c29c2f000493ad3c5d",
  "language" : "eng",
  "type" : "DEFAULT",
  "lastUpdatedDate" : "2022-09-07T13:16:38.753-06:00",
  "links" : [ {
    "rel" : "details",
    "href" : "https://titanapi.churchofjesuschrist.org/assetsearch/api/v2/collection/details/collectionID/242e8b3c755645c29c2f000493ad3c5d"
  } ],
  "coverImages" : [ {
    "asset" : {
      "assetID" : "9c32aa032d796b11aa5879c3c7617e14b066d87f"
    }
  } ],
  "related" : [ ],
  "metadata" : [ {
    "key" : "orderIndex",
    "value" : "4"
  }, {
    "key" : "channel",
    "value" : "mobile",
    "language" : "eng"
  }, {
    "key" : "collectionUri",
    "value" : "2corinthians-revelation",
    "language" : "eng"
  }, {
    "key" : "publicTitle",
    "value" : "2 Corinthians - Revelation",
    "language" : "eng"
  } ],
  "children" : [ ],
  "assets" : [ {
    "asset" : {
      "assetID" : "8873a1d909267b51703923b57667eb34e897f010"
    },
    "addedDate" : 1662578075590,
    "metadata" : [ ]
  }, {
    "asset" : {
      "assetID" : "0cad4edf41e2cb3a929f772740a924e25ab7d66b"
    },
    "addedDate" : 1662578075716,
    "metadata" : [ ]
  }, {
    "asset" : {
      "assetID" : "b9e46e88ab15aa11f22541d1f967e5945b448c17"
    },
    "addedDate" : 1662578075716,
    "metadata" : [ ]
  }, {
    "asset" : {
      "assetID" : "8f40fdc61f136764b760cd18cdf0738e47b09dd3"
    },
    "addedDate" : 1662578075673,
    "metadata" : [ ]
  }, {
    "asset" : {
      "assetID" : "a254b0a78a146267a073d8176e8d75b9052ae3c9"
    },
    "addedDate" : 1662578075633,
    "metadata" : [ ]
  }, {
    "asset" : {
      "assetID" : "5f6fa6dcb844c03f8f0d2e4228c919ca16c65a0c"
    },
    "addedDate" : 1662578075696,
    "metadata" : [ ]
  }, {
    "asset" : {
      "assetID" : "a80ba1d0fd29ed45c7dbc29dbf7c2c08a4d02563"
    },
    "addedDate" : 1662578075686,
    "metadata" : [ ]
  }, {
    "asset" : {
      "assetID" : "75dca22a2e1b7634d6ac00d2d8721800934a5182"
    },
    "addedDate" : 1662578075600,
    "metadata" : [ ]
  }, {
    "asset" : {
      "assetID" : "73e83dd12454283e91e4b7edb7e20e637396ed24"
    },
    "addedDate" : 1662578075640,
    "metadata" : [ ]
  }, {
    "asset" : {
      "assetID" : "5613f379fe51478117220320961b5b7455006f72"
    },
    "addedDate" : 1662578075676,
    "metadata" : [ ]
  }, {
    "asset" : {
      "assetID" : "d24ba7abed4e86c88b9682ee479876e62a994e3b"
    },
    "addedDate" : 1662578075643,
    "metadata" : [ ]
  }, {
    "asset" : {
      "assetID" : "54f57681773476e85a97a120ae1902ef58ce7bea"
    },
    "addedDate" : 1662578075680,
    "metadata" : [ ]
  }, {
    "asset" : {
      "assetID" : "98bb6b3535aba2485031e43a81540cc7aadd359b"
    },
    "addedDate" : 1662578075653,
    "metadata" : [ ]
  }, {
    "asset" : {
      "assetID" : "4ddb9dc281c8c4164fcfdfa2b884a0e99ae1c491"
    },
    "addedDate" : 1662578075656,
    "metadata" : [ ]
  }, {
    "asset" : {
      "assetID" : "b287b2917a517e376740da388c0ac17b7edf448c"
    },
    "addedDate" : 1662578075610,
    "metadata" : [ ]
  }, {
    "asset" : {
      "assetID" : "94ff2620b7d2f5d080dd46aaddf223ed1dcf8f43"
    },
    "addedDate" : 1662578075603,
    "metadata" : [ ]
  }, {
    "asset" : {
      "assetID" : "a7890affa4f5f87f7e3d513c0101679b2cc1bfcb"
    },
    "addedDate" : 1662578075663,
    "metadata" : [ ]
  }, {
    "asset" : {
      "assetID" : "634a07079fb619384b7c46077ddbf5c2cb89eb01"
    },
    "addedDate" : 1662578075643,
    "metadata" : [ ]
  }, {
    "asset" : {
      "assetID" : "06736c3106949ed13c305626f2d4a893682a4f56"
    },
    "addedDate" : 1662578075703,
    "metadata" : [ ]
  }, {
    "asset" : {
      "assetID" : "be39cc00b1e1476900f4758b6fd042f27d28f4dc"
    },
    "addedDate" : 1662578075693,
    "metadata" : [ ]
  }, {
    "asset" : {
      "assetID" : "0b05d26912f0ccb4f255ad37eef36b18072d2536"
    },
    "addedDate" : 1662578075646,
    "metadata" : [ ]
  }, {
    "asset" : {
      "assetID" : "eceb3b8de8f24ef0680794d5dfc67863a564656c"
    },
    "addedDate" : 1662578075600,
    "metadata" : [ ]
  }, {
    "asset" : {
      "assetID" : "84abf79c6cc9f64f1895e4674b5db8d539c14976"
    },
    "addedDate" : 1662578075700,
    "metadata" : [ ]
  }, {
    "asset" : {
      "assetID" : "d1c550446094b27c382f7b125f9eaeb7ed46f436"
    },
    "addedDate" : 1662578075693,
    "metadata" : [ ]
  }, {
    "asset" : {
      "assetID" : "393d30ddefdf6f55838ae05e95b3fe86771b819b"
    },
    "addedDate" : 1662578075613,
    "metadata" : [ ]
  }, {
    "asset" : {
      "assetID" : "794aab149dd11c773c5912c6b12398f91100798f"
    },
    "addedDate" : 1662578075596,
    "metadata" : [ ]
  }, {
    "asset" : {
      "assetID" : "e7373c5a79e698da11b108cb54bea812d2a54446"
    },
    "addedDate" : 1662578075673,
    "metadata" : [ ]
  }, {
    "asset" : {
      "assetID" : "4fe59a5ba8f9e8bc53aace679a98c581d3bbf467"
    },
    "addedDate" : 1662578075716,
    "metadata" : [ ]
  }, {
    "asset" : {
      "assetID" : "9aa82c1dbe551f948a63f952a9bea319084a6773"
    },
    "addedDate" : 1662578075623,
    "metadata" : [ ]
  }, {
    "asset" : {
      "assetID" : "262d9c8303ee3edbeec1499ec2869077fe204aef"
    },
    "addedDate" : 1662578075620,
    "metadata" : [ ]
  }, {
    "asset" : {
      "assetID" : "74db4c18157845ba52d4cb8d376d2431b42168fc"
    },
    "addedDate" : 1662578075663,
    "metadata" : [ ]
  }, {
    "asset" : {
      "assetID" : "988b594a305a90d2ea141e0d02b974d8c29cca83"
    },
    "addedDate" : 1662578075653,
    "metadata" : [ ]
  }, {
    "asset" : {
      "assetID" : "2e526634216e75bb20e83683e8fd2b465e57a8f6"
    },
    "addedDate" : 1662578075633,
    "metadata" : [ ]
  }, {
    "asset" : {
      "assetID" : "f00193d398b230b1f52ecf225a569164eba42732"
    },
    "addedDate" : 1662578075606,
    "metadata" : [ ]
  }, {
    "asset" : {
      "assetID" : "f62f1db9cfda2003941812e3d1c320877f5d67ea"
    },
    "addedDate" : 1662578075720,
    "metadata" : [ ]
  }, {
    "asset" : {
      "assetID" : "1df33d93a3fbae3dcc37b006478b14b3332d018a"
    },
    "addedDate" : 1662578075700,
    "metadata" : [ ]
  }, {
    "asset" : {
      "assetID" : "19d341d7567e12762754fba687ff138d6bef1833"
    },
    "addedDate" : 1662578075626,
    "metadata" : [ ]
  }, {
    "asset" : {
      "assetID" : "a687c02fae510c523ab9a98eb48bedcd5dad1d56"
    },
    "addedDate" : 1662578075640,
    "metadata" : [ ]
  }, {
    "asset" : {
      "assetID" : "db6d729f18ead468da2896235b7e8cc917631bff"
    },
    "addedDate" : 1662578075630,
    "metadata" : [ ]
  }, {
    "asset" : {
      "assetID" : "13daff1c144d4d0b23c24728faf6a30df2a2ff59"
    },
    "addedDate" : 1662578075666,
    "metadata" : [ ]
  }, {
    "asset" : {
      "assetID" : "080669320b8a346d01fa3160b485e80e8fb2f794"
    },
    "addedDate" : 1662578075706,
    "metadata" : [ ]
  }, {
    "asset" : {
      "assetID" : "a23f9a8e2900ea4b094906f5b1235f118dc2249d"
    },
    "addedDate" : 1662578075680,
    "metadata" : [ ]
  }, {
    "asset" : {
      "assetID" : "b6ae5c45df3926bccb6525fcdf04876df14a25fc"
    },
    "addedDate" : 1662578075650,
    "metadata" : [ ]
  }, {
    "asset" : {
      "assetID" : "73303e47a5891015623e1f42ffe49098cc92b5ef"
    },
    "addedDate" : 1662578075606,
    "metadata" : [ ]
  }, {
    "asset" : {
      "assetID" : "515d795b63635207730a5c374197ec37db423c7a"
    },
    "addedDate" : 1662578075616,
    "metadata" : [ ]
  }, {
    "asset" : {
      "assetID" : "e2b634356b47d8a5e1c4c7ca93f811dc91f53355"
    },
    "addedDate" : 1662578075660,
    "metadata" : [ ]
  }, {
    "asset" : {
      "assetID" : "c4cae53c5b19bdb62e7134de3a0e134de5a8bd75"
    },
    "addedDate" : 1662578075690,
    "metadata" : [ ]
  }, {
    "asset" : {
      "assetID" : "c5cbc0d03b1fb259d189c4d0d5c26a0fb9d2120d"
    },
    "addedDate" : 1662578075710,
    "metadata" : [ ]
  }, {
    "asset" : {
      "assetID" : "8148708945b3a2f6ba6e110775c6f1aded82bf8e"
    },
    "addedDate" : 1662578075670,
    "metadata" : [ ]
  }, {
    "asset" : {
      "assetID" : "def35d74a65af68f3fe25e289ea5faaebe1ce45c"
    },
    "addedDate" : 1662578075660,
    "metadata" : [ ]
  }, {
    "asset" : {
      "assetID" : "89a882896d9177191015c6f1624317bea9b6c71b"
    },
    "addedDate" : 1662578075600,
    "metadata" : [ ]
  }, {
    "asset" : {
      "assetID" : "583dfc7a93a5d89afdc342f179aaeedc778ea440"
    },
    "addedDate" : 1662578075616,
    "metadata" : [ ]
  }, {
    "asset" : {
      "assetID" : "4b292cdef44c8d6c2b0c63ad4807f13ee946b6f7"
    },
    "addedDate" : 1662578075713,
    "metadata" : [ ]
  }, {
    "asset" : {
      "assetID" : "46494f7e2ff4123703af44ddbf9582142a096f2c"
    },
    "addedDate" : 1662578075683,
    "metadata" : [ ]
  }, {
    "asset" : {
      "assetID" : "27b1735a84bff7243bbc43ad9de4a07259be23af"
    },
    "addedDate" : 1662578075686,
    "metadata" : [ ]
  }, {
    "asset" : {
      "assetID" : "8abe585a72cd39a3669a8c15f8b04c5d35443d2f"
    },
    "addedDate" : 1662578075620,
    "metadata" : [ ]
  }, {
    "asset" : {
      "assetID" : "603c44a9c845ca08a6bcaaa813ae687949403d3d"
    },
    "addedDate" : 1662578075703,
    "metadata" : [ ]
  }, {
    "asset" : {
      "assetID" : "8e9621f93c647a0e92392b0fbf35df8c61055051"
    },
    "addedDate" : 1662578075626,
    "metadata" : [ ]
  }, {
    "asset" : {
      "assetID" : "8c74b61a589e4764ab1b2ecd3d7d17a191153aba"
    },
    "addedDate" : 1662578075610,
    "metadata" : [ ]
  } ],
  "fileName" : "242e8b3c755645c29c2f000493ad3c5d.json",
  "name" : "2 Corinthians - Revelation",
  "english" : true,
  "publicTitle" : "2 Corinthians - Revelation",
  "collectionUri" : "2corinthians-revelation"
}