{
  "parentCollectionID" : "246c959c1e8368cbd34386cdfe3f4d197246e848",
  "parentCollectionPath" : "Mobile Media Library/English - Video/Life Help/Addressing Pornography",
  "collectionType" : "collections",
  "path" : "Mobile Media Library/English - Video/Life Help/Addressing Pornography/Spouses-Addressing Pornography",
  "collectionID" : "2522df7151b8147db418b7ee0f4276d207d8c7f2",
  "language" : "eng",
  "type" : "DEFAULT",
  "lastUpdatedDate" : "2020-12-04T12:53:47.588-07:00",
  "links" : [ {
    "rel" : "details",
    "href" : "https://titanapi.churchofjesuschrist.org/assetsearch/api/v2/collection/details/collectionID/2522df7151b8147db418b7ee0f4276d207d8c7f2"
  } ],
  "coverImages" : [ {
    "asset" : {
      "assetID" : "adf1cc6eecca60c83fb689135e57f3c91ad6ee34"
    }
  } ],
  "related" : [ ],
  "metadata" : [ {
    "key" : "orderIndex",
    "value" : "3"
  }, {
    "key" : "collectionUri",
    "value" : "spouses-addressing-pornography",
    "language" : "eng"
  }, {
    "key" : "publicTitle",
    "value" : "Spouses",
    "language" : "eng"
  } ],
  "children" : [ {
    "path" : "Mobile Media Library/English - Video/Life Help/Addressing Pornography/Spouses-Addressing Pornography/Principle 3: Reach Out",
    "collectionID" : "f9df8bc5d0373e2070c53c93d4fe65f0902d66af",
    "type" : "DEFAULT",
    "lastUpdatedDate" : "2020-12-07T10:33:17.514-07:00",
    "links" : [ {
      "rel" : "details",
      "href" : "https://titanapi.churchofjesuschrist.org/assetsearch/api/v2/collection/details/collectionID/f9df8bc5d0373e2070c53c93d4fe65f0902d66af"
    } ],
    "fileName" : "f9df8bc5d0373e2070c53c93d4fe65f0902d66af.json"
  }, {
    "path" : "Mobile Media Library/English - Video/Life Help/Addressing Pornography/Spouses-Addressing Pornography/Principle 4: Rebuild Confidence",
    "collectionID" : "0543d4ea6ccb77013de9e090e8eefc4760673930",
    "type" : "DEFAULT",
    "lastUpdatedDate" : "2020-12-09T14:51:21.844-07:00",
    "links" : [ {
      "rel" : "details",
      "href" : "https://titanapi.churchofjesuschrist.org/assetsearch/api/v2/collection/details/collectionID/0543d4ea6ccb77013de9e090e8eefc4760673930"
    } ],
    "fileName" : "0543d4ea6ccb77013de9e090e8eefc4760673930.json"
  }, {
    "path" : "Mobile Media Library/English - Video/Life Help/Addressing Pornography/Spouses-Addressing Pornography/Principle 1: Find Peace and Strength",
    "collectionID" : "6168371ff089e39dd7ce82a13a2de58a04e0d35a",
    "type" : "DEFAULT",
    "lastUpdatedDate" : "2020-12-07T10:32:37.319-07:00",
    "links" : [ {
      "rel" : "details",
      "href" : "https://titanapi.churchofjesuschrist.org/assetsearch/api/v2/collection/details/collectionID/6168371ff089e39dd7ce82a13a2de58a04e0d35a"
    } ],
    "fileName" : "6168371ff089e39dd7ce82a13a2de58a04e0d35a.json"
  }, {
    "path" : "Mobile Media Library/English - Video/Life Help/Addressing Pornography/Spouses-Addressing Pornography/Principle 5: Restore Safety, Stability, Trust, Well-being",
    "collectionID" : "e608080f5bfd5e5ff7942b0a42faf16a6eef67d1",
    "type" : "DEFAULT",
    "lastUpdatedDate" : "2020-12-14T09:14:08.631-07:00",
    "links" : [ {
      "rel" : "details",
      "href" : "https://titanapi.churchofjesuschrist.org/assetsearch/api/v2/collection/details/collectionID/e608080f5bfd5e5ff7942b0a42faf16a6eef67d1"
    } ],
    "fileName" : "e608080f5bfd5e5ff7942b0a42faf16a6eef67d1.json"
  }, {
    "path" : "Mobile Media Library/English - Video/Life Help/Addressing Pornography/Spouses-Addressing Pornography/Principle 2: Respond to Strong Emotions",
    "collectionID" : "6c428cbd04514fa2bf614b15b639d2cb3263bb30",
    "type" : "DEFAULT",
    "lastUpdatedDate" : "2020-12-07T10:26:13.036-07:00",
    "links" : [ {
      "rel" : "details",
      "href" : "https://titanapi.churchofjesuschrist.org/assetsearch/api/v2/collection/details/collectionID/6c428cbd04514fa2bf614b15b639d2cb3263bb30"
    } ],
    "fileName" : "6c428cbd04514fa2bf614b15b639d2cb3263bb30.json"
  } ],
  "assets" : [ ],
  "fileName" : "2522df7151b8147db418b7ee0f4276d207d8c7f2.json",
  "name" : "Spouses-Addressing Pornography",
  "english" : true,
  "publicTitle" : "Spouses",
  "collectionUri" : "spouses-addressing-pornography"
}