{
  "parentCollectionID" : "f7129f67d14d2d334ff5fe0c9ee0674b272a1e3e",
  "parentCollectionPath" : "Mobile Media Library/English - Video/Church History",
  "collectionType" : "collections",
  "path" : "Mobile Media Library/English - Video/Church History/Joseph Smith Papers Television Documentary Series Season 1",
  "collectionID" : "254364fc402da0464baaadf8be05d614eee37b63",
  "language" : "eng",
  "type" : "DEFAULT",
  "lastUpdatedDate" : "2020-08-26T14:28:25.094-06:00",
  "links" : [ {
    "rel" : "details",
    "href" : "https://titanapi.churchofjesuschrist.org/assetsearch/api/v2/collection/details/collectionID/254364fc402da0464baaadf8be05d614eee37b63"
  } ],
  "coverImages" : [ {
    "asset" : {
      "assetID" : "5ff70ee50be5ae0edd9939888341e85c58288e93"
    }
  } ],
  "related" : [ ],
  "metadata" : [ {
    "key" : "description",
    "value" : "Season 1 episodes include Joseph’s early revelations, the translation and printing of the Book of Mormon, and Joseph’s writings while imprisoned in Liberty Jail.",
    "language" : "eng"
  }, {
    "key" : "collectionUri",
    "value" : "joseph-smith-papers-television-documentary-series-season-1",
    "language" : "eng"
  }, {
    "key" : "publicTitle",
    "value" : "Joseph Smith Papers Television Documentary Series Season 1",
    "language" : "eng"
  }, {
    "key" : "orderIndex",
    "value" : "5"
  } ],
  "children" : [ {
    "path" : "Mobile Media Library/English - Video/Church History/Joseph Smith Papers Television Documentary Series Season 1/Season 1 Episodes 10-19: Joseph Smith Papers Television Documentary",
    "collectionID" : "057048e5acb2abff2089dc6e932d94df7099eb39",
    "type" : "DEFAULT",
    "lastUpdatedDate" : "2019-10-28T16:40:50.643-06:00",
    "links" : [ {
      "rel" : "details",
      "href" : "https://titanapi.churchofjesuschrist.org/assetsearch/api/v2/collection/details/collectionID/057048e5acb2abff2089dc6e932d94df7099eb39"
    } ],
    "fileName" : "057048e5acb2abff2089dc6e932d94df7099eb39.json"
  }, {
    "path" : "Mobile Media Library/English - Video/Church History/Joseph Smith Papers Television Documentary Series Season 1/Season 1 Episodes 20-29: Joseph Smith Papers Television Documentary",
    "collectionID" : "ad7328f1216afb307cd0baec046e7c0ffacbcf2c",
    "type" : "DEFAULT",
    "lastUpdatedDate" : "2019-10-28T16:40:50.643-06:00",
    "links" : [ {
      "rel" : "details",
      "href" : "https://titanapi.churchofjesuschrist.org/assetsearch/api/v2/collection/details/collectionID/ad7328f1216afb307cd0baec046e7c0ffacbcf2c"
    } ],
    "fileName" : "ad7328f1216afb307cd0baec046e7c0ffacbcf2c.json"
  }, {
    "path" : "Mobile Media Library/English - Video/Church History/Joseph Smith Papers Television Documentary Series Season 1/Season 1 Episodes 30-39: Joseph Smith Papers Television Documentary",
    "collectionID" : "69702fe5b9d07af52d369dfd20b9c5dcf820ba78",
    "type" : "DEFAULT",
    "lastUpdatedDate" : "2019-10-28T16:40:50.643-06:00",
    "links" : [ {
      "rel" : "details",
      "href" : "https://titanapi.churchofjesuschrist.org/assetsearch/api/v2/collection/details/collectionID/69702fe5b9d07af52d369dfd20b9c5dcf820ba78"
    } ],
    "fileName" : "69702fe5b9d07af52d369dfd20b9c5dcf820ba78.json"
  }, {
    "path" : "Mobile Media Library/English - Video/Church History/Joseph Smith Papers Television Documentary Series Season 1/Season 1 Episodes 0-09: Joseph Smith Papers Television Documentary",
    "collectionID" : "c9d74279c2b1769b5cb986f43174db9600497f82",
    "type" : "DEFAULT",
    "lastUpdatedDate" : "2019-10-28T16:40:50.643-06:00",
    "links" : [ {
      "rel" : "details",
      "href" : "https://titanapi.churchofjesuschrist.org/assetsearch/api/v2/collection/details/collectionID/c9d74279c2b1769b5cb986f43174db9600497f82"
    } ],
    "fileName" : "c9d74279c2b1769b5cb986f43174db9600497f82.json"
  }, {
    "path" : "Mobile Media Library/English - Video/Church History/Joseph Smith Papers Television Documentary Series Season 1/Season 1 Episodes 40-51: Joseph Smith Papers Television Documentary",
    "collectionID" : "1d6cd87ff7f077a3c73d6b2749fa7e238805480f",
    "type" : "DEFAULT",
    "lastUpdatedDate" : "2019-10-28T16:40:50.643-06:00",
    "links" : [ {
      "rel" : "details",
      "href" : "https://titanapi.churchofjesuschrist.org/assetsearch/api/v2/collection/details/collectionID/1d6cd87ff7f077a3c73d6b2749fa7e238805480f"
    } ],
    "fileName" : "1d6cd87ff7f077a3c73d6b2749fa7e238805480f.json"
  } ],
  "assets" : [ ],
  "fileName" : "254364fc402da0464baaadf8be05d614eee37b63.json",
  "name" : "Joseph Smith Papers Television Documentary Series Season 1",
  "english" : true,
  "publicTitle" : "Joseph Smith Papers Television Documentary Series Season 1",
  "description" : "Season 1 episodes include Joseph’s early revelations, the translation and printing of the Book of Mormon, and Joseph’s writings while imprisoned in Liberty Jail.",
  "collectionUri" : "joseph-smith-papers-television-documentary-series-season-1"
}