{
  "parentCollectionID" : "f43fa47de38893a5eeeda10b226e687b07ac1fb9",
  "parentCollectionPath" : "Mobile Media Library/English - Video/Life Help/Self-Reliance Services and PEF/Starting and Growing My Business",
  "collectionType" : "assets",
  "path" : "Mobile Media Library/English - Video/Life Help/Self-Reliance Services and PEF/Starting and Growing My Business/Chapter 11: How will I increase my profits?",
  "collectionID" : "2716d91f7bd5c3abb12caa8878be169fdfb5220d",
  "language" : "eng",
  "type" : "DEFAULT",
  "lastUpdatedDate" : "2019-10-28T16:40:50.643-06:00",
  "links" : [ {
    "rel" : "details",
    "href" : "https://titanapi.churchofjesuschrist.org/assetsearch/api/v2/collection/details/collectionID/2716d91f7bd5c3abb12caa8878be169fdfb5220d"
  } ],
  "coverImages" : [ {
    "asset" : {
      "assetID" : "cacc74b55a457e543375ebeed0563effc0ab6950"
    }
  } ],
  "related" : [ ],
  "metadata" : [ {
    "key" : "collectionUri",
    "value" : "chapter-11-how-will-i-increase-my-profits",
    "language" : "eng"
  }, {
    "key" : "publicTitle",
    "value" : "Chapter 11: How will I increase my profits?",
    "language" : "eng"
  } ],
  "children" : [ ],
  "assets" : [ {
    "asset" : {
      "assetID" : "c5685804155e39a4eb2301b88b244d345ed4c9f6"
    },
    "addedDate" : 1479151754052,
    "metadata" : [ ]
  }, {
    "asset" : {
      "assetID" : "cc666e1eb7d6f344e5173366a64aaf2618c58944"
    },
    "addedDate" : 1479151934019,
    "metadata" : [ ]
  }, {
    "asset" : {
      "assetID" : "b615d3f0cb1c8a5e67d0c0798ca2a27a386cbe7d"
    },
    "addedDate" : 1479152216049,
    "metadata" : [ ]
  } ],
  "fileName" : "2716d91f7bd5c3abb12caa8878be169fdfb5220d.json",
  "name" : "Chapter 11: How will I increase my profits?",
  "english" : true,
  "publicTitle" : "Chapter 11: How will I increase my profits?",
  "collectionUri" : "chapter-11-how-will-i-increase-my-profits"
}