{
  "parentCollectionID" : "c0c5f76ced4d61d23a94b69f136869f2ca41991a",
  "parentCollectionPath" : "Mobile Media Library/English - Video/Life Help/Self-Reliance Services and PEF/Self-Reliance: My Foundation",
  "collectionType" : "assets",
  "path" : "Mobile Media Library/English - Video/Life Help/Self-Reliance Services and PEF/Self-Reliance: My Foundation/Principle 09: Persevere",
  "collectionID" : "27c635afcd947a45abb9376af1481d71ef8950f9",
  "language" : "eng",
  "type" : "DEFAULT",
  "lastUpdatedDate" : "2019-10-28T16:40:50.643-06:00",
  "links" : [ {
    "rel" : "details",
    "href" : "https://titanapi.churchofjesuschrist.org/assetsearch/api/v2/collection/details/collectionID/27c635afcd947a45abb9376af1481d71ef8950f9"
  } ],
  "coverImages" : [ {
    "asset" : {
      "assetID" : "0ed3418b0231c3bbc5723500d8bbf179c81fb14c"
    }
  } ],
  "related" : [ ],
  "metadata" : [ {
    "key" : "collectionUri",
    "value" : "principle-9-persevere",
    "language" : "eng"
  }, {
    "key" : "publicTitle",
    "value" : "Principle 09: Persevere",
    "language" : "eng"
  } ],
  "children" : [ ],
  "assets" : [ {
    "asset" : {
      "assetID" : "77473a28c0455250946a406aa4461e8fd01abf04"
    },
    "addedDate" : 1478723290033,
    "metadata" : [ ]
  }, {
    "asset" : {
      "assetID" : "852658cd60adac0765cf6452f981aea89f63de95"
    },
    "addedDate" : 1478723789084,
    "metadata" : [ ]
  } ],
  "fileName" : "27c635afcd947a45abb9376af1481d71ef8950f9.json",
  "name" : "Principle 09: Persevere",
  "english" : true,
  "publicTitle" : "Principle 09: Persevere",
  "collectionUri" : "principle-9-persevere"
}