{
  "parentCollectionID" : "a362cf32612a48c380d0013df943b987",
  "parentCollectionPath" : "Mobile Media Library/English - Video/Teaching and Lessons/Come, Follow Me/2023 New Testament Media Resources",
  "collectionType" : "assets",
  "path" : "Mobile Media Library/English - Video/Teaching and Lessons/Come, Follow Me/2023 New Testament Media Resources/May 22–May 28. Joseph Smith—Matthew 1; Matthew 24–25; Mark 12–13; Luke 21: \"The Son of Man Shall Come\"",
  "collectionID" : "28cd50422094422bb00bd5760ef80dd3",
  "language" : "eng",
  "type" : "DEFAULT",
  "lastUpdatedDate" : "2022-12-01T15:27:33.057-07:00",
  "links" : [ {
    "rel" : "details",
    "href" : "https://titanapi.churchofjesuschrist.org/assetsearch/api/v2/collection/details/collectionID/28cd50422094422bb00bd5760ef80dd3"
  } ],
  "coverImages" : [ {
    "asset" : {
      "assetID" : "7f60ae4ae5d511ec8c08eeeeac1e30a7558f2996"
    }
  } ],
  "related" : [ ],
  "metadata" : [ {
    "key" : "orderIndex",
    "value" : "21"
  }, {
    "key" : "collectionUri",
    "value" : "cfm-2023-videos-may-22-28",
    "language" : "eng"
  }, {
    "key" : "publicTitle",
    "value" : "May 22–May 28. Joseph Smith—Matthew 1; Matthew 24–25; Mark 12–13; Luke 21: \"The Son of Man Shall Come\"",
    "language" : "eng"
  } ],
  "children" : [ ],
  "assets" : [ {
    "asset" : {
      "assetID" : "39ee35104e5272324ea854b1dd3a2399037e0f10"
    },
    "index" : 0,
    "addedDate" : 1650043818688,
    "metadata" : [ ]
  } ],
  "fileName" : "28cd50422094422bb00bd5760ef80dd3.json",
  "name" : "May 22–May 28. Joseph Smith—Matthew 1; Matthew 24–25; Mark 12–13; Luke 21: \"The Son of Man Shall Come\"",
  "english" : true,
  "publicTitle" : "May 22–May 28. Joseph Smith—Matthew 1; Matthew 24–25; Mark 12–13; Luke 21: \"The Son of Man Shall Come\"",
  "collectionUri" : "cfm-2023-videos-may-22-28"
}