{
  "parentCollectionID" : "bd59191796027fc53f46f5811862b4ff2baaa3b2",
  "parentCollectionPath" : "Mobile Media Library/English - Video/Topics",
  "collectionType" : "assets",
  "path" : "Mobile Media Library/English - Video/Topics/Fathers",
  "collectionID" : "2907714499e8f7453e2ae8a527bbe0909d0f9f58",
  "language" : "eng",
  "type" : "DEFAULT",
  "lastUpdatedDate" : "2021-06-08T16:15:25.415-06:00",
  "links" : [ {
    "rel" : "details",
    "href" : "https://titanapi.churchofjesuschrist.org/assetsearch/api/v2/collection/details/collectionID/2907714499e8f7453e2ae8a527bbe0909d0f9f58"
  } ],
  "coverImages" : [ {
    "asset" : {
      "assetID" : "f13e9466f12a601255a7e26e2e01f3d51a7ac298"
    }
  } ],
  "related" : [ ],
  "metadata" : [ {
    "key" : "description",
    "value" : "This collection speaks of a father’s love and sacrifice for his children, as well as how parents should include togetherness, listening well, and spending quality time with developing children in their parenting.",
    "language" : "eng"
  }, {
    "key" : "collectionUri",
    "value" : "fathers-topic",
    "language" : "eng"
  }, {
    "key" : "publicTitle",
    "value" : "Fathers",
    "language" : "eng"
  }, {
    "key" : "orderIndex",
    "value" : "36"
  } ],
  "children" : [ ],
  "assets" : [ {
    "asset" : {
      "assetID" : "9e1366728885f876f846b10fbe75f02aea445e31"
    },
    "index" : 4,
    "addedDate" : 1479490582064,
    "metadata" : [ ]
  }, {
    "asset" : {
      "assetID" : "52484c66214da436f8f507dfa5ae2047c6d35b29"
    },
    "index" : 6,
    "addedDate" : 1507832098016,
    "metadata" : [ ]
  }, {
    "asset" : {
      "assetID" : "f21a4e0f51c950f4a821bb6904dec5b5cff68631"
    },
    "index" : 5,
    "addedDate" : 1479488814095,
    "metadata" : [ ]
  }, {
    "asset" : {
      "assetID" : "7c6ce968b162514ed6d7827e1c0b76ff6e97d08d"
    },
    "index" : 2,
    "addedDate" : 1479490508056,
    "metadata" : [ ]
  }, {
    "asset" : {
      "assetID" : "d97ff197bac5b04f8ad1d1335227ebd804f443dd"
    },
    "index" : 14,
    "addedDate" : 1479488324021,
    "metadata" : [ ]
  }, {
    "asset" : {
      "assetID" : "32d1bc63dfd496bf7ca2cbc0c408ebb4c18c73f7"
    },
    "index" : 1,
    "addedDate" : 1479490509067,
    "metadata" : [ ]
  }, {
    "asset" : {
      "assetID" : "7ba3ce28df82341db1f65acdac1df61296b375cb"
    },
    "index" : 12,
    "addedDate" : 1479488728099,
    "metadata" : [ ]
  }, {
    "asset" : {
      "assetID" : "5dcb087d8173224afb1e7b35574d9ded0356fe8c"
    },
    "index" : 3,
    "addedDate" : 1479488903026,
    "metadata" : [ ]
  }, {
    "asset" : {
      "assetID" : "028c8a28934adee71fd9ce3649e7c14beaaba6cd"
    },
    "index" : 9,
    "addedDate" : 1632956818665,
    "metadata" : [ ]
  }, {
    "asset" : {
      "assetID" : "31e631cd2d563b8840d8adac594851cd0109bf57"
    },
    "index" : 11,
    "addedDate" : 1592433100903,
    "metadata" : [ ]
  }, {
    "asset" : {
      "assetID" : "1431a7e4b335bcf0ea903dee25e2b3009517573d"
    },
    "index" : 17,
    "addedDate" : 1632956822863,
    "metadata" : [ ]
  }, {
    "asset" : {
      "assetID" : "a69fee4686f7bba6ebb5eb2fb56fe97415bb5980"
    },
    "index" : 13,
    "addedDate" : 1592625260101,
    "metadata" : [ ]
  }, {
    "asset" : {
      "assetID" : "dd8fc90b1590415705097f70d53d46c5437fa110"
    },
    "index" : 16,
    "addedDate" : 1632956875284,
    "metadata" : [ ]
  }, {
    "asset" : {
      "assetID" : "d350de9ad18fa3ca213cebae4b02a9483591d36b"
    },
    "index" : 15,
    "addedDate" : 1632956874045,
    "metadata" : [ ]
  }, {
    "asset" : {
      "assetID" : "326dc20b3f84ee898cb76d311221c72a52ba5a16"
    },
    "index" : 7,
    "addedDate" : 1632956831882,
    "metadata" : [ ]
  }, {
    "asset" : {
      "assetID" : "3c2bbb8925c918a0523fe6a2ab7d0d44f34adff5"
    },
    "index" : 10,
    "addedDate" : 1632956833807,
    "metadata" : [ ]
  }, {
    "asset" : {
      "assetID" : "6874e3e5ec989abfc02a7266cda3979885c3b8df"
    },
    "index" : 18,
    "addedDate" : 1632956847065,
    "metadata" : [ ]
  }, {
    "asset" : {
      "assetID" : "08bdf22cdfc81fb8d7ee63cbaaf456e1140990d1"
    },
    "index" : 8,
    "addedDate" : 1632956819835,
    "metadata" : [ ]
  }, {
    "asset" : {
      "assetID" : "075AF4BF0DD3828E4DD32B77A36FD89D146653A0"
    },
    "index" : 0,
    "addedDate" : 1623161547585,
    "metadata" : [ ]
  } ],
  "fileName" : "2907714499e8f7453e2ae8a527bbe0909d0f9f58.json",
  "name" : "Fathers",
  "english" : true,
  "publicTitle" : "Fathers",
  "description" : "This collection speaks of a father’s love and sacrifice for his children, as well as how parents should include togetherness, listening well, and spending quality time with developing children in their parenting.",
  "collectionUri" : "fathers-topic"
}