{
  "parentCollectionID" : "dbcc9bebdfb649ee9540b710f81a7b11",
  "parentCollectionPath" : "Mobile Media Library/English - Video/Teaching and Lessons/Seminary and Institute/Seminary/Old Testament Visual Resources",
  "collectionType" : "assets",
  "path" : "Mobile Media Library/English - Video/Teaching and Lessons/Seminary and Institute/Seminary/Old Testament Visual Resources/Old Testament-Lesson 81-100",
  "collectionID" : "29c89843f7d4408ea5564c5ecff77938",
  "language" : "eng",
  "type" : "DEFAULT",
  "lastUpdatedDate" : "2020-05-27T17:38:49.822-06:00",
  "links" : [ {
    "rel" : "details",
    "href" : "https://titanapi.churchofjesuschrist.org/assetsearch/api/v2/collection/details/collectionID/29c89843f7d4408ea5564c5ecff77938"
  } ],
  "coverImages" : [ {
    "asset" : {
      "assetID" : "8fd49cabd35786839c8b6015927bbc51dcc30da5"
    }
  } ],
  "related" : [ ],
  "metadata" : [ {
    "key" : "orderIndex",
    "value" : "5"
  }, {
    "key" : "collectionUri",
    "value" : "old-testament-lesson-81-100",
    "language" : "eng"
  }, {
    "key" : "publicTitle",
    "value" : "Old Testament—Lesson 81-100",
    "language" : "eng"
  } ],
  "children" : [ ],
  "assets" : [ {
    "asset" : {
      "assetID" : "0d41d29041bb6a36a8ffebc103765bff04300adf"
    },
    "addedDate" : 1578715948805,
    "metadata" : [ ]
  }, {
    "asset" : {
      "assetID" : "9bd91bd80cdb55e7d54e4a980514bae02a80bf37"
    },
    "addedDate" : 1578715834879,
    "metadata" : [ ]
  }, {
    "asset" : {
      "assetID" : "135fbbe2511f135274d0b5761ee0cb59392c52f7"
    },
    "addedDate" : 1578715593421,
    "metadata" : [ ]
  }, {
    "asset" : {
      "assetID" : "7df6f4085dfc3529f546770dd254d8a225347c45"
    },
    "addedDate" : 1578715820935,
    "metadata" : [ ]
  }, {
    "asset" : {
      "assetID" : "cab37cfc33b0c958a18fa0e0a8326b21be6ccca5"
    },
    "addedDate" : 1578715788710,
    "metadata" : [ ]
  }, {
    "asset" : {
      "assetID" : "bb03540de03c768b3f0e984df630b07e3a1ff676"
    },
    "addedDate" : 1578716118039,
    "metadata" : [ ]
  }, {
    "asset" : {
      "assetID" : "955146cfaaf1b9dfea452c7af5909fed97b44451"
    },
    "addedDate" : 1578715905580,
    "metadata" : [ ]
  }, {
    "asset" : {
      "assetID" : "4e8b023cb8f119a789ceac9d232338edbf072f9b"
    },
    "addedDate" : 1582781907666,
    "metadata" : [ ]
  }, {
    "asset" : {
      "assetID" : "cb0176047543c2050d36fe9b8ef5cf4a5d7d8957"
    },
    "addedDate" : 1578715666547,
    "metadata" : [ ]
  }, {
    "asset" : {
      "assetID" : "081fd8417419d23fff8a0b3ec401dbe0a2306845"
    },
    "addedDate" : 1578716450891,
    "metadata" : [ ]
  }, {
    "asset" : {
      "assetID" : "b185d66aaa471000bffe6a180ec64b49b90d062b"
    },
    "addedDate" : 1578716132436,
    "metadata" : [ ]
  }, {
    "asset" : {
      "assetID" : "852658cd60adac0765cf6452f981aea89f63de95"
    },
    "addedDate" : 1578715979057,
    "metadata" : [ ]
  }, {
    "asset" : {
      "assetID" : "b89d42d4a75dc2ef12a547a90e4556784e57e5f2"
    },
    "addedDate" : 1578715521185,
    "metadata" : [ ]
  }, {
    "asset" : {
      "assetID" : "3e458dc6f37404bff0bd1a8b5e01ad228036c23a"
    },
    "addedDate" : 1578715636444,
    "metadata" : [ ]
  }, {
    "asset" : {
      "assetID" : "19441ca879a5c461656b923528b0de70c107dff3"
    },
    "addedDate" : 1578715722357,
    "metadata" : [ ]
  }, {
    "asset" : {
      "assetID" : "c2979f474156e4f273511010b79976cca0aa7338"
    },
    "addedDate" : 1578716899955,
    "metadata" : [ ]
  }, {
    "asset" : {
      "assetID" : "5793f200ddd0b6069e8a52a8c309d7e87a29945a"
    },
    "addedDate" : 1578715866725,
    "metadata" : [ ]
  }, {
    "asset" : {
      "assetID" : "0a291673d2b436a2ef22491e9b78c8f7cb424d77"
    },
    "addedDate" : 1578715707331,
    "metadata" : [ ]
  }, {
    "asset" : {
      "assetID" : "4c6a2e3bae53ad6bf392a1b9551de4efb412c576"
    },
    "addedDate" : 1578715769020,
    "metadata" : [ ]
  }, {
    "asset" : {
      "assetID" : "645985c84b70f3c28712eb128a5ad178b4c90651"
    },
    "addedDate" : 1632956846112,
    "metadata" : [ ]
  }, {
    "asset" : {
      "assetID" : "56328bf9d134ac63d5ab0e3e43d952b662f8d7e6"
    },
    "addedDate" : 1632956842985,
    "metadata" : [ ]
  }, {
    "asset" : {
      "assetID" : "863012e8fa2d441c1e3130c99c32de063da79582"
    },
    "addedDate" : 1592433099714,
    "metadata" : [ ]
  }, {
    "asset" : {
      "assetID" : "8f85199ac569a61b6804971c762d127452d6a4ce"
    },
    "addedDate" : 1578715963495,
    "metadata" : [ ]
  }, {
    "asset" : {
      "assetID" : "78a170ea80cf562a7d68f0c78f652a009b15de38"
    },
    "addedDate" : 1578715452329,
    "metadata" : [ ]
  }, {
    "asset" : {
      "assetID" : "4aca5e67de79dadb82a58c01c075abf20d6e6b8a"
    },
    "addedDate" : 1592433100731,
    "metadata" : [ ]
  }, {
    "asset" : {
      "assetID" : "7dfb2156dd11b004c508ebfc2693d97bef43468d"
    },
    "addedDate" : 1582781754857,
    "metadata" : [ ]
  }, {
    "asset" : {
      "assetID" : "8537ab2b398aa38bf7a186d794ad649a7f8c6d13"
    },
    "addedDate" : 1632956855107,
    "metadata" : [ ]
  }, {
    "asset" : {
      "assetID" : "60ccd84b9e82b96ee194c55607bacfdb70069dd4"
    },
    "addedDate" : 1578715489206,
    "metadata" : [ ]
  }, {
    "asset" : {
      "assetID" : "eb93834c6c7e8a661b3650ada744ac31eddaf2b3"
    },
    "addedDate" : 1578715607135,
    "metadata" : [ ]
  }, {
    "asset" : {
      "assetID" : "b154360e0991cab7658d7b32adbff0d9c2e045bc"
    },
    "addedDate" : 1578715578635,
    "metadata" : [ ]
  }, {
    "asset" : {
      "assetID" : "5af4d87060bfa6b1de33648ac22f31a8be04abe3"
    },
    "addedDate" : 1578716011316,
    "metadata" : [ ]
  }, {
    "asset" : {
      "assetID" : "505a74fe5af04ac58037912715a1a1dd21d844ee"
    },
    "addedDate" : 1595218254321,
    "metadata" : [ ]
  }, {
    "asset" : {
      "assetID" : "3f5df529a99612d6bb7e135c5a1489ae01bf9809"
    },
    "addedDate" : 1632956834399,
    "metadata" : [ ]
  }, {
    "asset" : {
      "assetID" : "2e21d161b65a80d4baef1a1ee9d96918dc427bfe"
    },
    "addedDate" : 1595218246785,
    "metadata" : [ ]
  }, {
    "asset" : {
      "assetID" : "ef5af07c74122d81b568b25227b393af2d2e2a23"
    },
    "addedDate" : 1632956877553,
    "metadata" : [ ]
  }, {
    "asset" : {
      "assetID" : "4b9cddb92e8d41c8be7bfad56e0f010eae04bf51"
    },
    "addedDate" : 1590551067539,
    "metadata" : [ ]
  } ],
  "fileName" : "29c89843f7d4408ea5564c5ecff77938.json",
  "name" : "Old Testament-Lesson 81-100",
  "english" : true,
  "publicTitle" : "Old Testament—Lesson 81-100",
  "collectionUri" : "old-testament-lesson-81-100"
}