{
  "parentCollectionID" : "e60f922e58584686ad44d42a17a6dd66",
  "parentCollectionPath" : "Mobile Media Library/English - Video/People/Latter-day General Authorities and Officers",
  "collectionType" : "assets",
  "path" : "Mobile Media Library/English - Video/People/Latter-day General Authorities and Officers/Hugh W. Pinnock",
  "collectionID" : "2aaf4d990e14f7efa55befcef136f65fa0ae8338",
  "language" : "eng",
  "type" : "DEFAULT",
  "lastUpdatedDate" : "2019-10-28T16:40:50.643-06:00",
  "links" : [ {
    "rel" : "details",
    "href" : "https://titanapi.churchofjesuschrist.org/assetsearch/api/v2/collection/details/collectionID/2aaf4d990e14f7efa55befcef136f65fa0ae8338"
  } ],
  "coverImages" : [ {
    "asset" : {
      "assetID" : "182539a07b9bfa1fe0955a8f1cb50fa42db82d19"
    }
  } ],
  "related" : [ ],
  "metadata" : [ {
    "key" : "collectionUri",
    "value" : "hugh-w-pinnock",
    "language" : "eng"
  }, {
    "key" : "publicTitle",
    "value" : "Hugh W. Pinnock",
    "language" : "eng"
  } ],
  "children" : [ ],
  "assets" : [ {
    "asset" : {
      "assetID" : "b9fa385f17058e674edff0aac98dd374afa79394"
    },
    "addedDate" : 1539885970155,
    "metadata" : [ ]
  } ],
  "fileName" : "2aaf4d990e14f7efa55befcef136f65fa0ae8338.json",
  "name" : "Hugh W. Pinnock",
  "english" : true,
  "publicTitle" : "Hugh W. Pinnock",
  "collectionUri" : "hugh-w-pinnock"
}