{
  "parentCollectionID" : "bd59191796027fc53f46f5811862b4ff2baaa3b2",
  "parentCollectionPath" : "Mobile Media Library/English - Video/Topics",
  "collectionType" : "assets",
  "path" : "Mobile Media Library/English - Video/Topics/Trust",
  "collectionID" : "2cbd19b401c74213aba6a7cd45619b27",
  "language" : "eng",
  "type" : "DEFAULT",
  "lastUpdatedDate" : "2020-09-20T12:03:30.293-06:00",
  "links" : [ {
    "rel" : "details",
    "href" : "https://titanapi.churchofjesuschrist.org/assetsearch/api/v2/collection/details/collectionID/2cbd19b401c74213aba6a7cd45619b27"
  } ],
  "coverImages" : [ {
    "asset" : {
      "assetID" : "30023a0e147a643f6f0ca30848794b7636b1969d"
    }
  } ],
  "related" : [ ],
  "metadata" : [ {
    "key" : "description",
    "value" : "Earning trust and placing trust is a multifaceted exercise of faith in oneself, God, and others. In this collection, Church leaders expound on honesty, integrity, and trust in the Lord, as well as how you can conduct yourself to gain the trust of others.",
    "language" : "eng"
  }, {
    "key" : "collectionUri",
    "value" : "trust-video-collection",
    "language" : "eng"
  }, {
    "key" : "publicTitle",
    "value" : "Trust",
    "language" : "eng"
  }, {
    "key" : "orderIndex",
    "value" : "102"
  } ],
  "children" : [ ],
  "assets" : [ {
    "asset" : {
      "assetID" : "cbe18c1fd0db3bd72a488a7f1e8d831615a3fcf3"
    },
    "addedDate" : 1583289143189,
    "metadata" : [ ]
  }, {
    "asset" : {
      "assetID" : "7829f2361a8b2fc403e680f2feada80f6d15db8e"
    },
    "addedDate" : 1577399508683,
    "metadata" : [ ]
  }, {
    "asset" : {
      "assetID" : "28f867b5f3dbd94cb9e78eed7559373f8f0ae31a"
    },
    "addedDate" : 1583289379034,
    "metadata" : [ ]
  }, {
    "asset" : {
      "assetID" : "76672ce96e79cd34b2f6aa159a3bf64ae5be41ef"
    },
    "addedDate" : 1577399719579,
    "metadata" : [ ]
  }, {
    "asset" : {
      "assetID" : "c742a12cefc65141cf05135473651b3291cbfa07"
    },
    "addedDate" : 1577399616061,
    "metadata" : [ ]
  }, {
    "asset" : {
      "assetID" : "c0465ceb4fe36cded4f2cd511a3d3a8166dedc01"
    },
    "addedDate" : 1577399676282,
    "metadata" : [ ]
  }, {
    "asset" : {
      "assetID" : "e9fefcaebdd8bc63a01dcd80afe55df939ea33d5"
    },
    "addedDate" : 1577399407490,
    "metadata" : [ ]
  }, {
    "asset" : {
      "assetID" : "11398a3fda15b3eb5a3dd16e794a20154e664ee1"
    },
    "addedDate" : 1583289269780,
    "metadata" : [ ]
  }, {
    "asset" : {
      "assetID" : "98a862dc4c63596e20ed3effe816702fd2e19cbe"
    },
    "addedDate" : 1583289499323,
    "metadata" : [ ]
  }, {
    "asset" : {
      "assetID" : "bb445d1519ff3f172f0f14d2555aa1dfdc6876e5"
    },
    "addedDate" : 1583290318776,
    "metadata" : [ ]
  } ],
  "fileName" : "2cbd19b401c74213aba6a7cd45619b27.json",
  "name" : "Trust",
  "english" : true,
  "publicTitle" : "Trust",
  "description" : "Earning trust and placing trust is a multifaceted exercise of faith in oneself, God, and others. In this collection, Church leaders expound on honesty, integrity, and trust in the Lord, as well as how you can conduct yourself to gain the trust of others.",
  "collectionUri" : "trust-video-collection"
}