{
  "parentCollectionID" : "a362cf32612a48c380d0013df943b987",
  "parentCollectionPath" : "Mobile Media Library/English - Video/Teaching and Lessons/Come, Follow Me/2023 New Testament Media Resources",
  "collectionType" : "assets",
  "path" : "Mobile Media Library/English - Video/Teaching and Lessons/Come, Follow Me/2023 New Testament Media Resources/May 8–May 14. Matthew 19-20; Mark 10; Luke 18: \"What Lack I Yet?\"",
  "collectionID" : "2cc63556a5e245a5bc2071722bfda6fa",
  "language" : "eng",
  "type" : "DEFAULT",
  "lastUpdatedDate" : "2022-12-01T15:26:53.784-07:00",
  "links" : [ {
    "rel" : "details",
    "href" : "https://titanapi.churchofjesuschrist.org/assetsearch/api/v2/collection/details/collectionID/2cc63556a5e245a5bc2071722bfda6fa"
  } ],
  "coverImages" : [ {
    "asset" : {
      "assetID" : "dcecffecad347562113c3e7336395044fe6faf1b"
    }
  } ],
  "related" : [ ],
  "metadata" : [ {
    "key" : "orderIndex",
    "value" : "19"
  }, {
    "key" : "collectionUri",
    "value" : "cfm-2023-videos-may-8-14",
    "language" : "eng"
  }, {
    "key" : "publicTitle",
    "value" : "May 8–May 14. Matthew 19-20; Mark 10; Luke 18: \"What Lack I Yet?\"",
    "language" : "eng"
  } ],
  "children" : [ ],
  "assets" : [ {
    "asset" : {
      "assetID" : "8ccdf64a28a934d51895be32b1ee75e27ecac45f"
    },
    "index" : 0,
    "addedDate" : 1650043786378,
    "metadata" : [ ]
  }, {
    "asset" : {
      "assetID" : "032be249373f11ecbcf7eeeeac1e744e6ed4b112"
    },
    "index" : 1,
    "addedDate" : 1652116666277,
    "metadata" : [ ]
  } ],
  "fileName" : "2cc63556a5e245a5bc2071722bfda6fa.json",
  "name" : "May 8–May 14. Matthew 19-20; Mark 10; Luke 18: \"What Lack I Yet?\"",
  "english" : true,
  "publicTitle" : "May 8–May 14. Matthew 19-20; Mark 10; Luke 18: \"What Lack I Yet?\"",
  "collectionUri" : "cfm-2023-videos-may-8-14"
}