{
  "parentCollectionID" : "bd59191796027fc53f46f5811862b4ff2baaa3b2",
  "parentCollectionPath" : "Mobile Media Library/English - Video/Topics",
  "collectionType" : "assets",
  "path" : "Mobile Media Library/English - Video/Topics/Native Americans",
  "collectionID" : "2cf8c727d7a544d0ac1d440d4ea0992e",
  "language" : "eng",
  "type" : "DEFAULT",
  "lastUpdatedDate" : "2020-09-20T12:26:17.442-06:00",
  "links" : [ {
    "rel" : "details",
    "href" : "https://titanapi.churchofjesuschrist.org/assetsearch/api/v2/collection/details/collectionID/2cf8c727d7a544d0ac1d440d4ea0992e"
  } ],
  "coverImages" : [ {
    "asset" : {
      "assetID" : "631d149efcc2ba7f53a98b93a32d8bbf455f3f5d"
    }
  } ],
  "related" : [ ],
  "metadata" : [ {
    "key" : "description",
    "value" : "Learn from this collection about the identity, traditions, and oral history of Native Americans and how to treasure your own heritage.",
    "language" : "eng"
  }, {
    "key" : "collectionUri",
    "value" : "native-americans-topic",
    "language" : "eng"
  }, {
    "key" : "publicTitle",
    "value" : "Native Americans",
    "language" : "eng"
  }, {
    "key" : "orderIndex",
    "value" : "67"
  } ],
  "children" : [ ],
  "assets" : [ {
    "asset" : {
      "assetID" : "3494ead1c1d89a490e43431c1b0e95fdffbf93d0"
    },
    "addedDate" : 1595858883373,
    "metadata" : [ ]
  }, {
    "asset" : {
      "assetID" : "358f986b10c14e9a7e4138559db5a0e6c6d4f439"
    },
    "addedDate" : 1595858883386,
    "metadata" : [ ]
  }, {
    "asset" : {
      "assetID" : "EE692ADFB91644C6C007B0D461ABBA87A8E2576D"
    },
    "addedDate" : 1595858883373,
    "metadata" : [ ]
  }, {
    "asset" : {
      "assetID" : "4BE42DB7E9D4F8AE2D0E15157CCE796DACBC9739"
    },
    "addedDate" : 1587819946585,
    "metadata" : [ ]
  }, {
    "asset" : {
      "assetID" : "A83C80491CCB8A423BF8358B4A3DA2E7EFE74C23"
    },
    "addedDate" : 1587819985710,
    "metadata" : [ ]
  }, {
    "asset" : {
      "assetID" : "D8498D609451778337289028BC20964438F647EF"
    },
    "addedDate" : 1587820000909,
    "metadata" : [ ]
  }, {
    "asset" : {
      "assetID" : "DCA360061ECF55EC30FF4C28385D3F9CF65D5F77"
    },
    "addedDate" : 1587820031057,
    "metadata" : [ ]
  }, {
    "asset" : {
      "assetID" : "9963AB08A5FF42D68F99DAAB16F680F6C92F0E59"
    },
    "addedDate" : 1587820047399,
    "metadata" : [ ]
  }, {
    "asset" : {
      "assetID" : "1A66C6BC50D7122341C2836A09BC72220AD134CE"
    },
    "addedDate" : 1589862132915,
    "metadata" : [ ]
  }, {
    "asset" : {
      "assetID" : "8081C91529D08D91DC7A045738CE38D72DD44FFE"
    },
    "addedDate" : 1587820105335,
    "metadata" : [ ]
  }, {
    "asset" : {
      "assetID" : "213F932ACDB75F3E82DD5EB240C7FAC3AA2C3EBF"
    },
    "addedDate" : 1587820136495,
    "metadata" : [ ]
  }, {
    "asset" : {
      "assetID" : "7AF3978B43583B122479A267489A3E3663A918E7"
    },
    "addedDate" : 1589921970200,
    "metadata" : [ ]
  }, {
    "asset" : {
      "assetID" : "889AF15A9BDF3A0A0A81FA4FA92EB402C1D38CC4"
    },
    "addedDate" : 1589921965891,
    "metadata" : [ ]
  }, {
    "asset" : {
      "assetID" : "C9B0DCC578F895304CD98481C90C4F06550D84F7"
    },
    "addedDate" : 1589921947032,
    "metadata" : [ ]
  }, {
    "asset" : {
      "assetID" : "C711162D1E2052A3A701FF55EC3009062A26618D"
    },
    "addedDate" : 1589939513379,
    "metadata" : [ ]
  }, {
    "asset" : {
      "assetID" : "C1E046B7A531420F155397FD0016E3DCD759F7BE"
    },
    "addedDate" : 1589939513377,
    "metadata" : [ ]
  }, {
    "asset" : {
      "assetID" : "24584C197D6CEF07E2F43230518CD9CF63B1F369"
    },
    "addedDate" : 1589939513334,
    "metadata" : [ ]
  }, {
    "asset" : {
      "assetID" : "99D3799F282A791380E767B419F475A8B91738EA"
    },
    "addedDate" : 1589939513373,
    "metadata" : [ ]
  }, {
    "asset" : {
      "assetID" : "54BA61CB7167225D7BCF8AC81BB35BE8E30DF9A7"
    },
    "addedDate" : 1589939513376,
    "metadata" : [ ]
  }, {
    "asset" : {
      "assetID" : "F92653A39A13443BE0A183F015181CC655361E5E"
    },
    "addedDate" : 1589939513376,
    "metadata" : [ ]
  }, {
    "asset" : {
      "assetID" : "AE29B5521C2A3F52B3A3B43660215C6F1503B843"
    },
    "addedDate" : 1589921961646,
    "metadata" : [ ]
  } ],
  "fileName" : "2cf8c727d7a544d0ac1d440d4ea0992e.json",
  "name" : "Native Americans",
  "english" : true,
  "publicTitle" : "Native Americans",
  "description" : "Learn from this collection about the identity, traditions, and oral history of Native Americans and how to treasure your own heritage.",
  "collectionUri" : "native-americans-topic"
}