{
  "parentCollectionID" : "bd59191796027fc53f46f5811862b4ff2baaa3b2",
  "parentCollectionPath" : "Mobile Media Library/English - Video/Topics",
  "collectionType" : "assets",
  "path" : "Mobile Media Library/English - Video/Topics/Safety and Health",
  "collectionID" : "2cfba7b1087ff268f31d55d1b8761bcc6cdc8559",
  "language" : "eng",
  "type" : "DEFAULT",
  "lastUpdatedDate" : "2020-09-20T12:07:25.789-06:00",
  "links" : [ {
    "rel" : "details",
    "href" : "https://titanapi.churchofjesuschrist.org/assetsearch/api/v2/collection/details/collectionID/2cfba7b1087ff268f31d55d1b8761bcc6cdc8559"
  } ],
  "coverImages" : [ {
    "asset" : {
      "assetID" : "d4e5535206ee7348546e422c1cce39d1c55ddbbf"
    }
  } ],
  "related" : [ ],
  "metadata" : [ {
    "key" : "description",
    "value" : "This collection includes cautionary and humorous stories revealing the dangerous habits of texting, eating, and being drowsy while driving. It contains additional safety tips for serving in clean up and disaster relief crews.",
    "language" : "eng"
  }, {
    "key" : "collectionUri",
    "value" : "safety-and-health-topic",
    "language" : "eng"
  }, {
    "key" : "publicTitle",
    "value" : "Safety and Health",
    "language" : "eng"
  }, {
    "key" : "orderIndex",
    "value" : "59"
  } ],
  "children" : [ ],
  "assets" : [ {
    "asset" : {
      "assetID" : "865add07156a7dadb0a3d659da394fe142ff7be6"
    },
    "addedDate" : 1479922047026,
    "metadata" : [ ]
  }, {
    "asset" : {
      "assetID" : "088c65313a52ec76f8ae10ca03eb3c0ec687f34c"
    },
    "addedDate" : 1632956819741,
    "metadata" : [ ]
  }, {
    "asset" : {
      "assetID" : "dcca0d119476ffe88108c7c8fdad93c852ee48cb"
    },
    "addedDate" : 1479922045020,
    "metadata" : [ ]
  }, {
    "asset" : {
      "assetID" : "5a26a69c7ba8257e6f30d7dad961dfaf5270867b"
    },
    "addedDate" : 1632956843641,
    "metadata" : [ ]
  }, {
    "asset" : {
      "assetID" : "4670edc5b2320207eb31aea71fab419488d0c230"
    },
    "addedDate" : 1479922045084,
    "metadata" : [ ]
  }, {
    "asset" : {
      "assetID" : "a4fc1ab247c70cf6e3477895c029fdb99660bbed"
    },
    "addedDate" : 1632956863383,
    "metadata" : [ ]
  }, {
    "asset" : {
      "assetID" : "407f1ad9750fc50ffbcffa7db323427f5ab1ee03"
    },
    "addedDate" : 1632956834602,
    "metadata" : [ ]
  }, {
    "asset" : {
      "assetID" : "def9a1fb9f9faa4781f1311200f7e0415cce7840"
    },
    "addedDate" : 1632956875565,
    "metadata" : [ ]
  }, {
    "asset" : {
      "assetID" : "097550da93c659a863228cda6e78f61237248fda"
    },
    "addedDate" : 1479922048075,
    "metadata" : [ ]
  }, {
    "asset" : {
      "assetID" : "eef6bd3aedc4b73b1ba9b5a3517e94ee64a34e81"
    },
    "addedDate" : 1479922047073,
    "metadata" : [ ]
  }, {
    "asset" : {
      "assetID" : "9a32fa61d1b4ac7c81cf693f54a1553b18f8fe14"
    },
    "addedDate" : 1592433100793,
    "metadata" : [ ]
  }, {
    "asset" : {
      "assetID" : "3596cc03bc8f89061759bddc00344a559e2521d7"
    },
    "addedDate" : 1479922046079,
    "metadata" : [ ]
  }, {
    "asset" : {
      "assetID" : "5ae22569b32c557c794a4e34dbd7622c93d24c18"
    },
    "addedDate" : 1512506318000,
    "metadata" : [ ]
  }, {
    "asset" : {
      "assetID" : "6b65074cfa8130883ece76180ba9e2a4919dc57e"
    },
    "addedDate" : 1595218254352,
    "metadata" : [ ]
  }, {
    "asset" : {
      "assetID" : "33653c9c1690ee4c743f399445b1b21b1104d66b"
    },
    "addedDate" : 1592433099541,
    "metadata" : [ ]
  } ],
  "fileName" : "2cfba7b1087ff268f31d55d1b8761bcc6cdc8559.json",
  "name" : "Safety and Health",
  "english" : true,
  "publicTitle" : "Safety and Health",
  "description" : "This collection includes cautionary and humorous stories revealing the dangerous habits of texting, eating, and being drowsy while driving. It contains additional safety tips for serving in clean up and disaster relief crews.",
  "collectionUri" : "safety-and-health-topic"
}