{
  "parentCollectionID" : "dbc8661f4dd648388ea8ac29dc415976",
  "parentCollectionPath" : "Mobile Media Library/English - Video/Callings and Trainings",
  "collectionType" : "assets",
  "path" : "Mobile Media Library/English - Video/Callings and Trainings/Teaching in the Savior's Way",
  "collectionID" : "2d3c42d8f26f4847b3654993296b7b96",
  "language" : "eng",
  "type" : "DEFAULT",
  "lastUpdatedDate" : "2020-05-21T20:50:26.599-06:00",
  "links" : [ {
    "rel" : "details",
    "href" : "https://titanapi.churchofjesuschrist.org/assetsearch/api/v2/collection/details/collectionID/2d3c42d8f26f4847b3654993296b7b96"
  } ],
  "coverImages" : [ {
    "asset" : {
      "assetID" : "09f1f8c42ba0421a18df0297064bfb036034ca3f"
    }
  } ],
  "related" : [ ],
  "metadata" : [ {
    "key" : "collectionUri",
    "value" : "teaching-in-the-saviors-way-video-collection",
    "language" : "eng"
  }, {
    "key" : "orderIndex",
    "value" : "8"
  } ],
  "children" : [ ],
  "assets" : [ {
    "asset" : {
      "assetID" : "001FF6C88A364189FA59A7D19E8CEAD116817DEE"
    },
    "addedDate" : 1576881508526,
    "metadata" : [ ]
  }, {
    "asset" : {
      "assetID" : "12f6ffad31051867fd6f0ceb93875e6745ffb3ef"
    },
    "addedDate" : 1576881508543,
    "metadata" : [ ]
  }, {
    "asset" : {
      "assetID" : "308555c960dc731345fea165a034c8458d3730ce"
    },
    "addedDate" : 1576881508543,
    "metadata" : [ ]
  }, {
    "asset" : {
      "assetID" : "3787583b56f6d768425be610cf33d7dba87c1c03"
    },
    "addedDate" : 1576881508543,
    "metadata" : [ ]
  }, {
    "asset" : {
      "assetID" : "b83b81b4befced728eb22c6cd5cfdea7bd11ce68"
    },
    "addedDate" : 1576881508526,
    "metadata" : [ ]
  }, {
    "asset" : {
      "assetID" : "4C102A06F48FCDC3CA88F9E22697E1458F0C25FC"
    },
    "addedDate" : 1576881508526,
    "metadata" : [ ]
  }, {
    "asset" : {
      "assetID" : "536850aa299ca420e5c855db8299f2846790e92f"
    },
    "addedDate" : 1576881508543,
    "metadata" : [ ]
  }, {
    "asset" : {
      "assetID" : "28b47bc6534addcc195b2ffb8d77466675a4ac32"
    },
    "addedDate" : 1576881508543,
    "metadata" : [ ]
  }, {
    "asset" : {
      "assetID" : "6163545b6620effe5a79f9fe3e748d1868922923"
    },
    "addedDate" : 1576881508543,
    "metadata" : [ ]
  }, {
    "asset" : {
      "assetID" : "0bff7a9e1660e05e4bcb908853294ff00bcb97d1"
    },
    "addedDate" : 1576881508543,
    "metadata" : [ ]
  }, {
    "asset" : {
      "assetID" : "702a20f8ba514bf0023cae8b06279cf47e1a10d4"
    },
    "addedDate" : 1576881508526,
    "metadata" : [ ]
  }, {
    "asset" : {
      "assetID" : "7a403ae37d056488f12365ed53889f0eec42a019"
    },
    "addedDate" : 1576881508560,
    "metadata" : [ ]
  }, {
    "asset" : {
      "assetID" : "65637a8aca04de287a2ec15fd6839b222a39c00d"
    },
    "addedDate" : 1576881508560,
    "metadata" : [ ]
  }, {
    "asset" : {
      "assetID" : "73f201c42c51ec86616f25a98e61b67f9d816082"
    },
    "addedDate" : 1576881508526,
    "metadata" : [ ]
  }, {
    "asset" : {
      "assetID" : "945b882e5bf947bb17ccfba6da926af9615ddcc7"
    },
    "addedDate" : 1576881508526,
    "metadata" : [ ]
  }, {
    "asset" : {
      "assetID" : "A8B785CD7C5AFE387DCB629561833B89AED8B38B"
    },
    "addedDate" : 1576881508560,
    "metadata" : [ ]
  }, {
    "asset" : {
      "assetID" : "e2bc8354cc9540b11a4c2e3c6dffc844d1783d72"
    },
    "addedDate" : 1576881508543,
    "metadata" : [ ]
  }, {
    "asset" : {
      "assetID" : "e11f37ff48df985f0db22ec45c4771f0408930ce"
    },
    "addedDate" : 1576881508543,
    "metadata" : [ ]
  }, {
    "asset" : {
      "assetID" : "e2f6e3440d0df1060772b43091719b1d88b80ea8"
    },
    "addedDate" : 1576881508543,
    "metadata" : [ ]
  }, {
    "asset" : {
      "assetID" : "969f8fc8f31e8022b299fb71c1f984a2a6339ed0"
    },
    "addedDate" : 1632956858312,
    "metadata" : [ ]
  } ],
  "fileName" : "2d3c42d8f26f4847b3654993296b7b96.json",
  "name" : "Teaching in the Savior's Way",
  "english" : true,
  "collectionUri" : "teaching-in-the-saviors-way-video-collection"
}