{
  "parentCollectionID" : "d8c07472cd7e42368ac8f916b0291046",
  "parentCollectionPath" : "Mobile Media Library/English - Video/Teaching and Lessons/Seminary and Institute",
  "collectionType" : "assets",
  "path" : "Mobile Media Library/English - Video/Teaching and Lessons/Seminary and Institute/Doctrine and Covenants Resources",
  "collectionID" : "2dfa19ebdba647ac81c7e231d906d8e9",
  "language" : "eng",
  "type" : "DEFAULT",
  "lastUpdatedDate" : "2024-12-19T14:01:16.426-07:00",
  "links" : [ {
    "rel" : "details",
    "href" : "https://titanapi.churchofjesuschrist.org/assetsearch/api/v2/collection/details/collectionID/2dfa19ebdba647ac81c7e231d906d8e9"
  } ],
  "coverImages" : [ {
    "asset" : {
      "assetID" : "573083c3ead51ced6175102c9b7348eb9d359a6b"
    }
  } ],
  "related" : [ ],
  "metadata" : [ {
    "key" : "orderIndex",
    "value" : "10"
  }, {
    "key" : "collectionUri",
    "value" : "doctrine-and-covenants-resource-s-and-i",
    "language" : "eng"
  }, {
    "key" : "publicTitle",
    "value" : "Doctrine and Covenants Resources",
    "language" : "eng"
  } ],
  "children" : [ ],
  "assets" : [ {
    "asset" : {
      "assetID" : "b988793a1ca055d1e9fdd11d9c82a2191d9e7cd8"
    },
    "index" : 4,
    "addedDate" : 1735408921986,
    "metadata" : [ ]
  }, {
    "asset" : {
      "assetID" : "2bec837310ceecdedbdb054cdabac40cd9e5b71e"
    },
    "index" : 0,
    "addedDate" : 1734724495824,
    "metadata" : [ ]
  }, {
    "asset" : {
      "assetID" : "46129555c4d9c3418daadf35db3ca008819c0c18"
    },
    "index" : 8,
    "addedDate" : 1735409085312,
    "metadata" : [ ]
  }, {
    "asset" : {
      "assetID" : "550386e1ff204f174a5e5956716f060a68832fde"
    },
    "index" : 6,
    "addedDate" : 1735409071052,
    "metadata" : [ ]
  }, {
    "asset" : {
      "assetID" : "9ee03272c48129d3afa0bb85e8e702731ae7de05"
    },
    "index" : 10,
    "addedDate" : 1735599306085,
    "metadata" : [ ]
  }, {
    "asset" : {
      "assetID" : "c3ed9f197f20e2e9444881aa975b8a2f5db6366c"
    },
    "index" : 2,
    "addedDate" : 1735408908718,
    "metadata" : [ ]
  }, {
    "asset" : {
      "assetID" : "d0e1ee4a3825d028e61890af2ec58f3eb0c11645"
    },
    "index" : 11,
    "addedDate" : 1735869923016,
    "metadata" : [ ]
  }, {
    "asset" : {
      "assetID" : "89e908df4ce6cfae258b1b063c6f8b75f8c65a42"
    },
    "index" : 7,
    "addedDate" : 1735409077086,
    "metadata" : [ ]
  }, {
    "asset" : {
      "assetID" : "5CA2186501B7F362F222D061C0E5F547F9D91EBA"
    },
    "index" : 5,
    "addedDate" : 1735409052613,
    "metadata" : [ ]
  }, {
    "asset" : {
      "assetID" : "C8501097255033224ADE1AC903923D199EB32D46"
    },
    "index" : 3,
    "addedDate" : 1735408916124,
    "metadata" : [ ]
  }, {
    "asset" : {
      "assetID" : "1203e71623cb11ec9f65eeeeac1ecd5a72c9d71b"
    },
    "index" : 9,
    "addedDate" : 1735411898391,
    "metadata" : [ ]
  }, {
    "asset" : {
      "assetID" : "ebb684d07d4711ec8291eeeeac1e97e996b8bf7e"
    },
    "index" : 12,
    "addedDate" : 1735871954029,
    "metadata" : [ ]
  }, {
    "asset" : {
      "assetID" : "c75ee3a6aa2111ec895aeeeeac1eee21725ffaa5"
    },
    "index" : 1,
    "addedDate" : 1735408897007,
    "metadata" : [ ]
  } ],
  "fileName" : "2dfa19ebdba647ac81c7e231d906d8e9.json",
  "name" : "Doctrine and Covenants Resources",
  "english" : true,
  "publicTitle" : "Doctrine and Covenants Resources",
  "collectionUri" : "doctrine-and-covenants-resource-s-and-i"
}