{
  "parentCollectionID" : "38b9e81d44343bf4204296241568235d6e8e77c6",
  "parentCollectionPath" : "Mobile Media Library/English - Featured",
  "collectionType" : "assets",
  "path" : "Mobile Media Library/English - Featured/Doctrine and Covenants Stories",
  "collectionID" : "2e0f2b34e0ac4f0081e8ca0a511e0e09",
  "language" : "eng",
  "type" : "DEFAULT",
  "lastUpdatedDate" : "2025-01-06T20:37:56.872-07:00",
  "links" : [ {
    "rel" : "details",
    "href" : "https://titanapi.churchofjesuschrist.org/assetsearch/api/v2/collection/details/collectionID/2e0f2b34e0ac4f0081e8ca0a511e0e09"
  } ],
  "coverImages" : [ {
    "asset" : {
      "assetID" : "muqa2xhacmo3c5h2kgujvux6h9r4rp1d3cji4sru"
    }
  } ],
  "related" : [ ],
  "metadata" : [ {
    "key" : "channel",
    "value" : "mobile",
    "language" : "eng"
  }, {
    "key" : "collectionUri",
    "value" : "primary-doctrine-and-covenants-stories",
    "language" : "eng"
  }, {
    "key" : "publicTitle",
    "value" : "Doctrine and Covenants Stories",
    "language" : "eng"
  }, {
    "key" : "orderIndex",
    "value" : "10"
  } ],
  "children" : [ ],
  "assets" : [ {
    "asset" : {
      "assetID" : "1ef19863776b11ef82b6063a8fac2bb3b38c66e0"
    },
    "addedDate" : 1736266862470,
    "metadata" : [ ]
  }, {
    "asset" : {
      "assetID" : "78e00e67776b11ef82b6063a8fac2bb34e2d0dd0"
    },
    "addedDate" : 1736266862460,
    "metadata" : [ ]
  }, {
    "asset" : {
      "assetID" : "3e94f5e4776b11ef82b6063a8fac2bb3df9d0ad1"
    },
    "addedDate" : 1736266862463,
    "metadata" : [ ]
  }, {
    "asset" : {
      "assetID" : "3f0b712f76b411efac6e0286e0573c638d5dd5c0"
    },
    "addedDate" : 1736266862450,
    "metadata" : [ ]
  }, {
    "asset" : {
      "assetID" : "4af80ac5776b11ef82b6063a8fac2bb350c3345f"
    },
    "addedDate" : 1736266862456,
    "metadata" : [ ]
  }, {
    "asset" : {
      "assetID" : "5ed4ba76776b11ef82b6063a8fac2bb37b3497e3"
    },
    "addedDate" : 1736266862473,
    "metadata" : [ ]
  }, {
    "asset" : {
      "assetID" : "87974c78776b11ef82b6063a8fac2bb3717f9179"
    },
    "addedDate" : 1736266862470,
    "metadata" : [ ]
  }, {
    "asset" : {
      "assetID" : "0rvkagjz9liy0mup0q91arnebp5i73p8pbvvj25x"
    },
    "addedDate" : 1736266862456,
    "metadata" : [ ]
  } ],
  "fileName" : "2e0f2b34e0ac4f0081e8ca0a511e0e09.json",
  "name" : "Doctrine and Covenants Stories",
  "english" : true,
  "publicTitle" : "Doctrine and Covenants Stories",
  "collectionUri" : "primary-doctrine-and-covenants-stories"
}