{
  "parentCollectionID" : "bd59191796027fc53f46f5811862b4ff2baaa3b2",
  "parentCollectionPath" : "Mobile Media Library/English - Video/Topics",
  "collectionType" : "assets",
  "path" : "Mobile Media Library/English - Video/Topics/Family",
  "collectionID" : "2e7db1c9d974a5d15ffe6dce023772c1be6d1e35",
  "language" : "eng",
  "type" : "DEFAULT",
  "lastUpdatedDate" : "2022-03-31T11:53:35.481-06:00",
  "links" : [ {
    "rel" : "details",
    "href" : "https://titanapi.churchofjesuschrist.org/assetsearch/api/v2/collection/details/collectionID/2e7db1c9d974a5d15ffe6dce023772c1be6d1e35"
  } ],
  "coverImages" : [ {
    "asset" : {
      "assetID" : "3020edfd9d0d0de117c4e4e9618c8502ffca9466"
    }
  } ],
  "related" : [ ],
  "metadata" : [ {
    "key" : "channel",
    "value" : "mobile",
    "language" : "eng"
  }, {
    "key" : "description",
    "value" : "This collection addresses lasting marriages, prioritizing time spent nurturing children, and the increase in love, acceptance, and mutual support within families who communicate kindly with each other.",
    "language" : "eng"
  }, {
    "key" : "collectionUri",
    "value" : "family-topic",
    "language" : "eng"
  }, {
    "key" : "publicTitle",
    "value" : "Family",
    "language" : "eng"
  }, {
    "key" : "orderIndex",
    "value" : "34"
  } ],
  "children" : [ ],
  "assets" : [ {
    "asset" : {
      "assetID" : "3270593509837b2615b1692f94e949ba1f52c3a2"
    },
    "addedDate" : 1479425069086,
    "metadata" : [ ]
  }, {
    "asset" : {
      "assetID" : "04de999d4c0b0650d7755163b5c407045748fe4d"
    },
    "index" : 92,
    "addedDate" : 1643925178757,
    "metadata" : [ ]
  }, {
    "asset" : {
      "assetID" : "fff98bbb94b44aeedfcf7d06522fe578bcfe6b60"
    },
    "index" : 75,
    "addedDate" : 1643924171029,
    "metadata" : [ ]
  }, {
    "asset" : {
      "assetID" : "913d929c214fc94cddc85dc2391eac3f307cbb13"
    },
    "addedDate" : 1479424064017,
    "metadata" : [ ]
  }, {
    "asset" : {
      "assetID" : "0cda8a80f4148eb8bf49c28d05e1ab2b1c199bb6"
    },
    "index" : 119,
    "addedDate" : 1643932127824,
    "metadata" : [ ]
  }, {
    "asset" : {
      "assetID" : "10bda4963f9feedf3adf94af947efdd5eaa7962b"
    },
    "addedDate" : 1479425151042,
    "metadata" : [ ]
  }, {
    "asset" : {
      "assetID" : "c27b9f8c350cf89f69a8dfc82fe9c7103e5cf5bb"
    },
    "index" : 78,
    "addedDate" : 1643924347508,
    "metadata" : [ ]
  }, {
    "asset" : {
      "assetID" : "29835100734695b15b14f04274a6340aadffb13e"
    },
    "index" : 97,
    "addedDate" : 1643925320062,
    "metadata" : [ ]
  }, {
    "asset" : {
      "assetID" : "a46caec993cf786799317f4c245b292911ab59c8"
    },
    "index" : 101,
    "addedDate" : 1643927894229,
    "metadata" : [ ]
  }, {
    "asset" : {
      "assetID" : "07c2c7831c4bc9a5ac1bdaebcca594f5b5a1e2a0"
    },
    "index" : 90,
    "addedDate" : 1643925087246,
    "metadata" : [ ]
  }, {
    "asset" : {
      "assetID" : "43ffed3a5058c95a9db2c635be668b823fd50f01"
    },
    "index" : 118,
    "addedDate" : 1643932098877,
    "metadata" : [ ]
  }, {
    "asset" : {
      "assetID" : "abfa57b2e7f25ed7919af525e264daac209f6e2c"
    },
    "index" : 120,
    "addedDate" : 1662148126853,
    "metadata" : [ ]
  }, {
    "asset" : {
      "assetID" : "4b87d7a32cba8ee2f59ffaeaf37cec9b7a514490"
    },
    "index" : 71,
    "addedDate" : 1643923927756,
    "metadata" : [ ]
  }, {
    "asset" : {
      "assetID" : "028a5b15edfe1415d680fdab2a91126fc871c4bd"
    },
    "addedDate" : 1479425090000,
    "metadata" : [ ]
  }, {
    "asset" : {
      "assetID" : "68b4f094446b77d0dca303d82fe0ee1874d6e189"
    },
    "addedDate" : 1479425087067,
    "metadata" : [ ]
  }, {
    "asset" : {
      "assetID" : "543ab3ab37eba17756e791ad54e19030cea42251"
    },
    "index" : 115,
    "addedDate" : 1643932051992,
    "metadata" : [ ]
  }, {
    "asset" : {
      "assetID" : "5f2efdc6bd90229f9b5cb80cdf252080de69058a"
    },
    "index" : 72,
    "addedDate" : 1643923974606,
    "metadata" : [ ]
  }, {
    "asset" : {
      "assetID" : "d97ff197bac5b04f8ad1d1335227ebd804f443dd"
    },
    "addedDate" : 1479425135057,
    "metadata" : [ ]
  }, {
    "asset" : {
      "assetID" : "617eea99abd354a2272f91dcb90a3dc69335a0ac"
    },
    "index" : 70,
    "addedDate" : 1643923888298,
    "metadata" : [ ]
  }, {
    "asset" : {
      "assetID" : "668ed3e241271762223dd639fc63df5812c3bb81"
    },
    "index" : 84,
    "addedDate" : 1643924524169,
    "metadata" : [ ]
  }, {
    "asset" : {
      "assetID" : "6c25fcb32749275d5cb09fb396e4968107aba461"
    },
    "index" : 86,
    "addedDate" : 1643924612374,
    "metadata" : [ ]
  }, {
    "asset" : {
      "assetID" : "e92c2c5a411feb8c42a750f4b6fb3bf912770049"
    },
    "addedDate" : 1479424441000,
    "metadata" : [ ]
  }, {
    "asset" : {
      "assetID" : "6341e8dad8b15c94069ab4ed892b04a8f6ec7cf5"
    },
    "addedDate" : 1507832098022,
    "metadata" : [ ]
  }, {
    "asset" : {
      "assetID" : "7cd0d176eb9540ced3a2c3a3769447f3ea5ad071"
    },
    "index" : 108,
    "addedDate" : 1643928906222,
    "metadata" : [ ]
  }, {
    "asset" : {
      "assetID" : "81a63b919ee5222d8255b866d5057a89369f254c"
    },
    "index" : 93,
    "addedDate" : 1643925253826,
    "metadata" : [ ]
  }, {
    "asset" : {
      "assetID" : "887752dfd79436ca5877db86e20998088a399856"
    },
    "addedDate" : 1479425080090,
    "metadata" : [ ]
  }, {
    "asset" : {
      "assetID" : "8e0016fd4d8b51873f56e647945febef326e10e3"
    },
    "index" : 69,
    "addedDate" : 1643923673967,
    "metadata" : [ ]
  }, {
    "asset" : {
      "assetID" : "33461d241213b0bdaf542d139e3e5de1ec304f1b"
    },
    "index" : 79,
    "addedDate" : 1643924368430,
    "metadata" : [ ]
  }, {
    "asset" : {
      "assetID" : "C2DF89E414E469021581E6955BD085376B9C1D2F"
    },
    "index" : 88,
    "addedDate" : 1643924788836,
    "metadata" : [ ]
  }, {
    "asset" : {
      "assetID" : "5addd735b653cee1dc76b2e9b20c76a96e70a7fb"
    },
    "index" : 111,
    "addedDate" : 1643931974420,
    "metadata" : [ ]
  }, {
    "asset" : {
      "assetID" : "aceac0157b2b43908816baf9b979cd603c3f886e"
    },
    "index" : 77,
    "addedDate" : 1643924332938,
    "metadata" : [ ]
  }, {
    "asset" : {
      "assetID" : "b18ca5a8828de6ed08c84d11f302918e0a858e6b"
    },
    "index" : 98,
    "addedDate" : 1643925331619,
    "metadata" : [ ]
  }, {
    "asset" : {
      "assetID" : "1fe52b66f17cd4213183e421c096b4c7a18bb284"
    },
    "index" : 91,
    "addedDate" : 1643925147701,
    "metadata" : [ ]
  }, {
    "asset" : {
      "assetID" : "79df4c7b33fd73119952c7116dec592ecb55402b"
    },
    "addedDate" : 1479425085039,
    "metadata" : [ ]
  }, {
    "asset" : {
      "assetID" : "3df40ad07d6c6025aeddba9bf8841470c024b880"
    },
    "addedDate" : 1479425083072,
    "metadata" : [ ]
  }, {
    "asset" : {
      "assetID" : "30694f45c2456d201573dd4abde4bb8359010cf4"
    },
    "index" : 74,
    "addedDate" : 1643924073856,
    "metadata" : [ ]
  }, {
    "asset" : {
      "assetID" : "a63607c8e7bfb367ed7780806248e1de76d688cd"
    },
    "addedDate" : 1479425076091,
    "metadata" : [ ]
  }, {
    "asset" : {
      "assetID" : "fc8424ae11abf797dba99c15b64bfe1196138b80"
    },
    "index" : 68,
    "addedDate" : 1597175418585,
    "metadata" : [ ]
  }, {
    "asset" : {
      "assetID" : "00a112b592c590198e85ac92e212d584384ee54d"
    },
    "index" : 95,
    "addedDate" : 1643925281253,
    "metadata" : [ ]
  }, {
    "asset" : {
      "assetID" : "e29c2247d45e2bc0cf7573c6834087f4f5aed5b6"
    },
    "index" : 73,
    "addedDate" : 1643924011193,
    "metadata" : [ ]
  }, {
    "asset" : {
      "assetID" : "e326f0151f274be00aefcb51151f7ce7439c6281"
    },
    "index" : 96,
    "addedDate" : 1643925296152,
    "metadata" : [ ]
  }, {
    "asset" : {
      "assetID" : "03a5c8669ddb24fcdd202452fb10bb6ba4129ac0"
    },
    "index" : 114,
    "addedDate" : 1643932027136,
    "metadata" : [ ]
  }, {
    "asset" : {
      "assetID" : "41cb997a7d0536f1d79c5c7515e43f113913c87a"
    },
    "index" : 106,
    "addedDate" : 1643928718508,
    "metadata" : [ ]
  }, {
    "asset" : {
      "assetID" : "2fcbcbc8b9a711c843971a064b3c948e66ac80b6"
    },
    "addedDate" : 1479424063036,
    "metadata" : [ ]
  }, {
    "asset" : {
      "assetID" : "f2315ba50ca06358bd3b0a355bed3684aba6c32d"
    },
    "addedDate" : 1507832110017,
    "metadata" : [ ]
  }, {
    "asset" : {
      "assetID" : "05734369b928744466bb20052e964e83ae942f60"
    },
    "addedDate" : 1507832119080,
    "metadata" : [ ]
  }, {
    "asset" : {
      "assetID" : "697a0df26ba1baa442d647891efb4fbc1b7f40e8"
    },
    "index" : 83,
    "addedDate" : 1643924487039,
    "metadata" : [ ]
  }, {
    "asset" : {
      "assetID" : "27d8e479829f9f78d2dc06ffee243201534eb52e"
    },
    "addedDate" : 1632956827561,
    "metadata" : [ ]
  }, {
    "asset" : {
      "assetID" : "88712a0ca060a738970dab4cd659fa12ae01a941"
    },
    "index" : 81,
    "addedDate" : 1643924444284,
    "metadata" : [ ]
  }, {
    "asset" : {
      "assetID" : "075dd0cccfbc64e6c1dcb4ecd333c8a60bd2f78b"
    },
    "addedDate" : 1632956819679,
    "metadata" : [ ]
  }, {
    "asset" : {
      "assetID" : "a66f99c337ae38940d3e563b3670cfb59319ef03"
    },
    "index" : 94,
    "addedDate" : 1643925268867,
    "metadata" : [ ]
  }, {
    "asset" : {
      "assetID" : "ee0043b1fcceb1c960797b4aa39b956f4855e94f"
    },
    "addedDate" : 1592433101231,
    "metadata" : [ ]
  }, {
    "asset" : {
      "assetID" : "31e631cd2d563b8840d8adac594851cd0109bf57"
    },
    "index" : 104,
    "addedDate" : 1643928235464,
    "metadata" : [ ]
  }, {
    "asset" : {
      "assetID" : "2cc08e35fedc4b2279abd38393f53030215001cd"
    },
    "index" : 109,
    "addedDate" : 1643931875545,
    "metadata" : [ ]
  }, {
    "asset" : {
      "assetID" : "9ef82aa588d2890eaa60f4e3da4e91e9cf857a8c"
    },
    "index" : 82,
    "addedDate" : 1643924461028,
    "metadata" : [ ]
  }, {
    "asset" : {
      "assetID" : "dc8b677c683c3e0b056773c13a56899c36bb0eb1"
    },
    "addedDate" : 1632956875003,
    "metadata" : [ ]
  }, {
    "asset" : {
      "assetID" : "cba3ea019e8e8b5242d8545f386181ae515ceb16"
    },
    "addedDate" : 1632956871565,
    "metadata" : [ ]
  }, {
    "asset" : {
      "assetID" : "724ee0be5a0aab75a10d735841c62ab8d459af59"
    },
    "addedDate" : 1632956850332,
    "metadata" : [ ]
  }, {
    "asset" : {
      "assetID" : "e0a0e6c99cf7745d2f369b601b1cabd1de294f68"
    },
    "addedDate" : 1632956875722,
    "metadata" : [ ]
  }, {
    "asset" : {
      "assetID" : "f3232e2b2540be6651f434aba552f9fbae640ef4"
    },
    "addedDate" : 1632956882027,
    "metadata" : [ ]
  }, {
    "asset" : {
      "assetID" : "1431a7e4b335bcf0ea903dee25e2b3009517573d"
    },
    "addedDate" : 1632956822863,
    "metadata" : [ ]
  }, {
    "asset" : {
      "assetID" : "05fe80c3d6edde33173a616fea7545e15f876b19"
    },
    "addedDate" : 1632956819476,
    "metadata" : [ ]
  }, {
    "asset" : {
      "assetID" : "b080f26d62000ad376886f0792d9f2fdac8bb7de"
    },
    "addedDate" : 1632956866978,
    "metadata" : [ ]
  }, {
    "asset" : {
      "assetID" : "89c63e3573107182dd03bbc98d4419884b45217a"
    },
    "addedDate" : 1597276365842,
    "metadata" : [ ]
  }, {
    "asset" : {
      "assetID" : "737b1bc49ce652fd2cc6adb60761043642058a41"
    },
    "addedDate" : 1632956850816,
    "metadata" : [ ]
  }, {
    "asset" : {
      "assetID" : "c8244f09b4b0ad26d078bc35b9f8b185a71fe082"
    },
    "addedDate" : 1632956871034,
    "metadata" : [ ]
  }, {
    "asset" : {
      "assetID" : "a69fee4686f7bba6ebb5eb2fb56fe97415bb5980"
    },
    "addedDate" : 1592625260101,
    "metadata" : [ ]
  }, {
    "asset" : {
      "assetID" : "a01b2125fcf5601f3f93f61444adb27a56254c76"
    },
    "addedDate" : 1632956862479,
    "metadata" : [ ]
  }, {
    "asset" : {
      "assetID" : "4eba52ae45c8b6ee8d4ffce45c7dfaa21de5def2"
    },
    "addedDate" : 1632956841255,
    "metadata" : [ ]
  }, {
    "asset" : {
      "assetID" : "52ff386c94bea32e7d6332c4b8f71d60fd9c07ac"
    },
    "addedDate" : 1632956842174,
    "metadata" : [ ]
  }, {
    "asset" : {
      "assetID" : "dd8fc90b1590415705097f70d53d46c5437fa110"
    },
    "addedDate" : 1632956875284,
    "metadata" : [ ]
  }, {
    "asset" : {
      "assetID" : "1b57395f330c33332b611bac0ed118d29999144c"
    },
    "addedDate" : 1632956824921,
    "metadata" : [ ]
  }, {
    "asset" : {
      "assetID" : "91977dbd36b6bf486939a26ab8cc2c56fff4c9da"
    },
    "addedDate" : 1632956857199,
    "metadata" : [ ]
  }, {
    "asset" : {
      "assetID" : "d350de9ad18fa3ca213cebae4b02a9483591d36b"
    },
    "addedDate" : 1632956874045,
    "metadata" : [ ]
  }, {
    "asset" : {
      "assetID" : "727e9e31e46e5439423fd66f3255a380b1e8ca8f"
    },
    "addedDate" : 1632956850410,
    "metadata" : [ ]
  }, {
    "asset" : {
      "assetID" : "5befb3cf3590a02d560ce43a69bd176b35c63c6e"
    },
    "addedDate" : 1592357076505,
    "metadata" : [ ]
  }, {
    "asset" : {
      "assetID" : "8b4cc123a0b92e3b6c55f05c2937e94fb88200bc"
    },
    "addedDate" : 1632956856154,
    "metadata" : [ ]
  }, {
    "asset" : {
      "assetID" : "7117ff8a2892415cb6683cb921c31dc9cb4d41e0"
    },
    "addedDate" : 1632956850098,
    "metadata" : [ ]
  }, {
    "asset" : {
      "assetID" : "89739f692da01b9dbc2f11e389b90213ddd17b3e"
    },
    "addedDate" : 1632956855747,
    "metadata" : [ ]
  }, {
    "asset" : {
      "assetID" : "44de9ee4c418785bfae5f2608188619c65feba59"
    },
    "addedDate" : 1632956837003,
    "metadata" : [ ]
  }, {
    "asset" : {
      "assetID" : "4671f516761cdbef9fe28f261bf48056922e0131"
    },
    "addedDate" : 1632956837347,
    "metadata" : [ ]
  }, {
    "asset" : {
      "assetID" : "8c5a1e8b588b212e300b75835dc28399cf3829e5"
    },
    "addedDate" : 1632956856419,
    "metadata" : [ ]
  }, {
    "asset" : {
      "assetID" : "c2551b480dceca24edc44043a0acea7a0fcca2f4"
    },
    "addedDate" : 1632956870096,
    "metadata" : [ ]
  }, {
    "asset" : {
      "assetID" : "cc94ab7cc57e7ea54c768efb3538985464b5b895"
    },
    "addedDate" : 1632956871706,
    "metadata" : [ ]
  }, {
    "asset" : {
      "assetID" : "6874e3e5ec989abfc02a7266cda3979885c3b8df"
    },
    "addedDate" : 1632956847065,
    "metadata" : [ ]
  }, {
    "asset" : {
      "assetID" : "49e2d495e8cfc19b7461173f134427c5e9756107"
    },
    "addedDate" : 1632956838378,
    "metadata" : [ ]
  }, {
    "asset" : {
      "assetID" : "9c10d3b8e5d56a4dc410ec897c2208d1f7fc9449"
    },
    "addedDate" : 1632956861526,
    "metadata" : [ ]
  }, {
    "asset" : {
      "assetID" : "12d6d2f6f0146b83f6d7eea002775d637adac94f"
    },
    "addedDate" : 1632956822613,
    "metadata" : [ ]
  }, {
    "asset" : {
      "assetID" : "b7119a0acff5d3d96fefeb5e595452acc091c2d1"
    },
    "addedDate" : 1632956868163,
    "metadata" : [ ]
  }, {
    "asset" : {
      "assetID" : "6b97f65737981816d6e530e8b1a3df41edec276f"
    },
    "addedDate" : 1632956847737,
    "metadata" : [ ]
  }, {
    "asset" : {
      "assetID" : "fa04dfed94cbb08f91fd8a0f859fce920cbbf180"
    },
    "index" : 85,
    "addedDate" : 1643924594483,
    "metadata" : [ ]
  }, {
    "asset" : {
      "assetID" : "69e9120886a2c69ceff6ee86659d03a9f7cdf2f0"
    },
    "addedDate" : 1632956847222,
    "metadata" : [ ]
  }, {
    "asset" : {
      "assetID" : "9a20fce30704e437134444acd0471b40385c771e"
    },
    "addedDate" : 1632956861229,
    "metadata" : [ ]
  }, {
    "asset" : {
      "assetID" : "55bd4b8c0fb3609bd39c553060facedda17c917d"
    },
    "addedDate" : 1632956842814,
    "metadata" : [ ]
  }, {
    "asset" : {
      "assetID" : "8025da38fa3737244bef29d021a00f2d9afe614b"
    },
    "addedDate" : 1632956852594,
    "metadata" : [ ]
  }, {
    "asset" : {
      "assetID" : "6ac861c0dcf1ddc0eec7878ebe39eaffbaa51fce"
    },
    "addedDate" : 1632956847284,
    "metadata" : [ ]
  }, {
    "asset" : {
      "assetID" : "2472e212005ef69209a11954172ec22eaad4e506"
    },
    "addedDate" : 1632956827045,
    "metadata" : [ ]
  }, {
    "asset" : {
      "assetID" : "1d191f771a68d6a3d7cf5e0cdaec35f921391ffb"
    },
    "addedDate" : 1632956825265,
    "metadata" : [ ]
  }, {
    "asset" : {
      "assetID" : "65c885dddb4765e98f1f4bf667256451804e00c4"
    },
    "addedDate" : 1632956846393,
    "metadata" : [ ]
  }, {
    "asset" : {
      "assetID" : "dd3114a1983cf4b8ea83aff4d9426457804f8311"
    },
    "index" : 103,
    "addedDate" : 1643928114217,
    "metadata" : [ ]
  }, {
    "asset" : {
      "assetID" : "a467726aef5e6fe4d396aff1ae20ea322ef9c0f9"
    },
    "index" : 87,
    "addedDate" : 1643924683416,
    "metadata" : [ ]
  }, {
    "asset" : {
      "assetID" : "9e72dc293e3d675f22a62e53a310691003cddf5c"
    },
    "addedDate" : 1592433101325,
    "metadata" : [ ]
  }, {
    "asset" : {
      "assetID" : "c094f2e320d404c0749614a03ca2819327f74c28"
    },
    "index" : 105,
    "addedDate" : 1643928298248,
    "metadata" : [ ]
  }, {
    "asset" : {
      "assetID" : "6a976f784abd0110aad8b1ce28ea9a5987946827"
    },
    "index" : 99,
    "addedDate" : 1643925343734,
    "metadata" : [ ]
  }, {
    "asset" : {
      "assetID" : "186188baf0c3c1ae2efdc922b0803143de85b7d5"
    },
    "index" : 76,
    "addedDate" : 1643924293221,
    "metadata" : [ ]
  }, {
    "asset" : {
      "assetID" : "c760e10986577959070bee63b031504b823c2b8a"
    },
    "index" : 102,
    "addedDate" : 1643927943593,
    "metadata" : [ ]
  }, {
    "asset" : {
      "assetID" : "692ae24fe5c10c999eaf24e33275f19d0d700d24"
    },
    "addedDate" : 1592433100981,
    "metadata" : [ ]
  }, {
    "asset" : {
      "assetID" : "49e18c49f1587ae5fd4a85cba1025e70212e0b6a"
    },
    "addedDate" : 1592396749615,
    "metadata" : [ ]
  }, {
    "asset" : {
      "assetID" : "632398200e65929578b5875dbebd848ce69655ea"
    },
    "index" : 113,
    "addedDate" : 1643932014044,
    "metadata" : [ ]
  }, {
    "asset" : {
      "assetID" : "9137f22c091ca6b11187f9d8c89c0883b6033032"
    },
    "index" : 80,
    "addedDate" : 1643924413090,
    "metadata" : [ ]
  }, {
    "asset" : {
      "assetID" : "3062c899337c7926917dd233c4c365229a4a5d82"
    },
    "index" : 117,
    "addedDate" : 1643932083157,
    "metadata" : [ ]
  }, {
    "asset" : {
      "assetID" : "8c00330a19e08f5c13423dfe463dc45a12ac7faf"
    },
    "index" : 112,
    "addedDate" : 1643932000850,
    "metadata" : [ ]
  }, {
    "asset" : {
      "assetID" : "a93131a93e75d71066625c874771ed5f8fd61997"
    },
    "index" : 107,
    "addedDate" : 1643928863423,
    "metadata" : [ ]
  }, {
    "asset" : {
      "assetID" : "762ca3f823990010cb70f31d809dc89524d22fd8"
    },
    "addedDate" : 1632956851205,
    "metadata" : [ ]
  }, {
    "asset" : {
      "assetID" : "4a8a60a6c0ebcb614508ea04647bc6ec4a4f4e26"
    },
    "addedDate" : 1632956838644,
    "metadata" : [ ]
  }, {
    "asset" : {
      "assetID" : "071dbfe18081e1a1c21a981598f426df752c908b"
    },
    "addedDate" : 1632956819570,
    "metadata" : [ ]
  }, {
    "asset" : {
      "assetID" : "b51d9f9778a0f7c9b316cea30bbb098be5ff9453"
    },
    "addedDate" : 1592433101012,
    "metadata" : [ ]
  }, {
    "asset" : {
      "assetID" : "ee3894702129623891b9907f03f03e975bebfd33"
    },
    "index" : 110,
    "addedDate" : 1643931941049,
    "metadata" : [ ]
  }, {
    "asset" : {
      "assetID" : "46b1be00dd3c3461b82b6e3bf68ddfeb9e474817"
    },
    "index" : 116,
    "addedDate" : 1643932066298,
    "metadata" : [ ]
  }, {
    "asset" : {
      "assetID" : "3973D6A8DBE2C0EA751F07C427EC016A36B92196"
    },
    "index" : 100,
    "addedDate" : 1643925472056,
    "metadata" : [ ]
  }, {
    "asset" : {
      "assetID" : "0A53BFD57E4AA1E46C2C954361A9A465727E3760"
    },
    "index" : 89,
    "addedDate" : 1643925042487,
    "metadata" : [ ]
  } ],
  "fileName" : "2e7db1c9d974a5d15ffe6dce023772c1be6d1e35.json",
  "name" : "Family",
  "english" : true,
  "publicTitle" : "Family",
  "description" : "This collection addresses lasting marriages, prioritizing time spent nurturing children, and the increase in love, acceptance, and mutual support within families who communicate kindly with each other.",
  "collectionUri" : "family-topic"
}