{
  "parentCollectionID" : "8cfd45d9b1d9ecc1774e6b77f9ad83fd54dbc236",
  "parentCollectionPath" : "Mobile Media Library/English - Video/Church History/Prophets of the Restoration",
  "collectionType" : "assets",
  "path" : "Mobile Media Library/English - Video/Church History/Prophets of the Restoration/Heber J. Grant-Prophets of the Restoration",
  "collectionID" : "2fc31a4d8d23b022b08e0144e68fe65523a9be05",
  "language" : "eng",
  "type" : "DEFAULT",
  "lastUpdatedDate" : "2019-10-28T16:40:50.643-06:00",
  "links" : [ {
    "rel" : "details",
    "href" : "https://titanapi.churchofjesuschrist.org/assetsearch/api/v2/collection/details/collectionID/2fc31a4d8d23b022b08e0144e68fe65523a9be05"
  } ],
  "coverImages" : [ {
    "asset" : {
      "assetID" : "e4d98ba27b8322bdd3942bbbdbab168702ab92ed"
    }
  } ],
  "related" : [ ],
  "metadata" : [ {
    "key" : "collectionUri",
    "value" : "heber-j-grant-prophets-of-the-restoration",
    "language" : "eng"
  }, {
    "key" : "publicTitle",
    "value" : "Heber J. Grant—Prophets of the Restoration",
    "language" : "eng"
  } ],
  "children" : [ ],
  "assets" : [ {
    "asset" : {
      "assetID" : "c0f5956bdd961849566e3692199c467aaa2b6454"
    },
    "addedDate" : 1478799125059,
    "metadata" : [ ]
  }, {
    "asset" : {
      "assetID" : "981744b5f8906f3772f76dc711c20222853173be"
    },
    "addedDate" : 1478799127048,
    "metadata" : [ ]
  }, {
    "asset" : {
      "assetID" : "53ff7e4584fd15791bf2f5c630c581b91a64d5c8"
    },
    "addedDate" : 1478799136002,
    "metadata" : [ ]
  }, {
    "asset" : {
      "assetID" : "f019ca5353267fa5ff7e171bcff9967b55ef0825"
    },
    "addedDate" : 1478799123099,
    "metadata" : [ ]
  }, {
    "asset" : {
      "assetID" : "21665cf4411ea658ca2c38929b5b1bf4784889aa"
    },
    "addedDate" : 1478799119098,
    "metadata" : [ ]
  }, {
    "asset" : {
      "assetID" : "3d286cb3a3fe40758029d815c835d9aa64946bb5"
    },
    "addedDate" : 1478799122011,
    "metadata" : [ ]
  }, {
    "asset" : {
      "assetID" : "10eef90cbf8d375e10cafe96366c09f58bcb6de7"
    },
    "addedDate" : 1478799117042,
    "metadata" : [ ]
  }, {
    "asset" : {
      "assetID" : "efa7a788cc2b68cef0e8353868fe7be10039f6ee"
    },
    "addedDate" : 1478799129073,
    "metadata" : [ ]
  }, {
    "asset" : {
      "assetID" : "94c7b9fe6f4e0e0e1d61a6d8d31fc051118d71d4"
    },
    "addedDate" : 1478799134001,
    "metadata" : [ ]
  }, {
    "asset" : {
      "assetID" : "0e4e639bfbdc95eced79bece5f8262916e77c4fe"
    },
    "addedDate" : 1478799132005,
    "metadata" : [ ]
  } ],
  "fileName" : "2fc31a4d8d23b022b08e0144e68fe65523a9be05.json",
  "name" : "Heber J. Grant-Prophets of the Restoration",
  "english" : true,
  "publicTitle" : "Heber J. Grant—Prophets of the Restoration",
  "collectionUri" : "heber-j-grant-prophets-of-the-restoration"
}