{
  "parentCollectionID" : "bd59191796027fc53f46f5811862b4ff2baaa3b2",
  "parentCollectionPath" : "Mobile Media Library/English - Video/Topics",
  "collectionType" : "assets",
  "path" : "Mobile Media Library/English - Video/Topics/Home",
  "collectionID" : "30606000aaab4f889746fb600e13248a",
  "language" : "eng",
  "type" : "DEFAULT",
  "lastUpdatedDate" : "2022-03-31T11:54:25.707-06:00",
  "links" : [ {
    "rel" : "details",
    "href" : "https://titanapi.churchofjesuschrist.org/assetsearch/api/v2/collection/details/collectionID/30606000aaab4f889746fb600e13248a"
  } ],
  "coverImages" : [ {
    "asset" : {
      "assetID" : "fdf5a988a64d6134fe564d4bdfc22213488669f1"
    }
  } ],
  "related" : [ ],
  "metadata" : [ {
    "key" : "channel",
    "value" : "mobile",
    "language" : "eng"
  }, {
    "key" : "description",
    "value" : "Learn how the home is the family center of refuge, peace, and love. It is a divine institution and place of learning, inclusion, and forgiveness.",
    "language" : "eng"
  }, {
    "key" : "collectionUri",
    "value" : "home-topic",
    "language" : "eng"
  }, {
    "key" : "publicTitle",
    "value" : "Home",
    "language" : "eng"
  }, {
    "key" : "orderIndex",
    "value" : "45"
  } ],
  "children" : [ ],
  "assets" : [ {
    "asset" : {
      "assetID" : "07c2c7831c4bc9a5ac1bdaebcca594f5b5a1e2a0"
    },
    "addedDate" : 1577407688458,
    "metadata" : [ ]
  }, {
    "asset" : {
      "assetID" : "f09b6556046fddd85c2eb3f65b5f7753ce01e65a"
    },
    "addedDate" : 1577407257986,
    "metadata" : [ ]
  }, {
    "asset" : {
      "assetID" : "931f6972fa59b56d06eeb3b33d7785e77df2509e"
    },
    "addedDate" : 1577407407193,
    "metadata" : [ ]
  }, {
    "asset" : {
      "assetID" : "a0c1876d557e9a3cce543e32c28248a297474f25"
    },
    "addedDate" : 1577407459949,
    "metadata" : [ ]
  }, {
    "asset" : {
      "assetID" : "7a8438300e29b803e9de5201f3323606c07d171e"
    },
    "addedDate" : 1577407357284,
    "metadata" : [ ]
  }, {
    "asset" : {
      "assetID" : "b9fcc1071e2fdfe5d95c40b030f12a7728753d85"
    },
    "addedDate" : 1577407524394,
    "metadata" : [ ]
  }, {
    "asset" : {
      "assetID" : "99beddfe9389ffda9ad31fe4ed2437c3211e7178"
    },
    "addedDate" : 1577407624088,
    "metadata" : [ ]
  }, {
    "asset" : {
      "assetID" : "192bc3d7f3cc15de5204a11303751cc47ca1ef88"
    },
    "addedDate" : 1577407304439,
    "metadata" : [ ]
  }, {
    "asset" : {
      "assetID" : "b0e5c6aea3ff846eba66bbef1185c03f42ec2cab"
    },
    "addedDate" : 1577406346218,
    "metadata" : [ ]
  }, {
    "asset" : {
      "assetID" : "e5c8a28d16e3b645f12d33e3462233cbd0a89417"
    },
    "addedDate" : 1577406497168,
    "metadata" : [ ]
  }, {
    "asset" : {
      "assetID" : "632398200e65929578b5875dbebd848ce69655ea"
    },
    "addedDate" : 1577406553703,
    "metadata" : [ ]
  }, {
    "asset" : {
      "assetID" : "8c74b61a589e4764ab1b2ecd3d7d17a191153aba"
    },
    "addedDate" : 1577406393970,
    "metadata" : [ ]
  }, {
    "asset" : {
      "assetID" : "7f4c0b6496da5eab1e163b3a8482edc4bc854c82"
    },
    "addedDate" : 1577406440476,
    "metadata" : [ ]
  }, {
    "asset" : {
      "assetID" : "0A53BFD57E4AA1E46C2C954361A9A465727E3760"
    },
    "index" : 13,
    "addedDate" : 1598650861661,
    "metadata" : [ ]
  }, {
    "asset" : {
      "assetID" : "76ECA496BCE7260629B0D28CD1D43DAD05FF42AA"
    },
    "index" : 14,
    "addedDate" : 1598650862023,
    "metadata" : [ ]
  } ],
  "fileName" : "30606000aaab4f889746fb600e13248a.json",
  "name" : "Home",
  "english" : true,
  "publicTitle" : "Home",
  "description" : "Learn how the home is the family center of refuge, peace, and love. It is a divine institution and place of learning, inclusion, and forgiveness.",
  "collectionUri" : "home-topic"
}