{
  "parentCollectionID" : "82aa484a719f4db2893e75ebefe44d97",
  "parentCollectionPath" : "Mobile Media Library/English - Video/Community Outreach/Humanitarian Efforts",
  "collectionType" : "assets",
  "path" : "Mobile Media Library/English - Video/Community Outreach/Humanitarian Efforts/Community Projects",
  "collectionID" : "30e9f09d4e77400d939f72e313dc9018",
  "language" : "eng",
  "type" : "DEFAULT",
  "lastUpdatedDate" : "2019-12-17T18:02:32.195-07:00",
  "links" : [ {
    "rel" : "details",
    "href" : "https://titanapi.churchofjesuschrist.org/assetsearch/api/v2/collection/details/collectionID/30e9f09d4e77400d939f72e313dc9018"
  } ],
  "coverImages" : [ {
    "asset" : {
      "assetID" : "a234f72d822df1bb1090e29051df41076f5834bf"
    }
  } ],
  "related" : [ ],
  "metadata" : [ {
    "key" : "collectionUri",
    "value" : "community-projects-video-collection",
    "language" : "eng"
  }, {
    "key" : "publicTitle",
    "value" : "Community Projects",
    "language" : "eng"
  } ],
  "children" : [ ],
  "assets" : [ {
    "asset" : {
      "assetID" : "cfc607ed9b0c18617b43013b4254fc4d201e48a2"
    },
    "addedDate" : 1576631767376,
    "metadata" : [ ]
  }, {
    "asset" : {
      "assetID" : "66dca0e7f6e50004190e78d83fa0eb1f96c29bc0"
    },
    "index" : 6,
    "addedDate" : 1594853788392,
    "metadata" : [ ]
  }, {
    "asset" : {
      "assetID" : "dd2d7ef5f71500bde02baa550208387545a474e1"
    },
    "addedDate" : 1576631767390,
    "metadata" : [ ]
  }, {
    "asset" : {
      "assetID" : "7d61aee99fa7ce4690c8fec597ea85f0323470e2"
    },
    "addedDate" : 1576631767390,
    "metadata" : [ ]
  }, {
    "asset" : {
      "assetID" : "5318a1f84a90ab14cd1d9b5741ec0be5189522de"
    },
    "addedDate" : 1576631767390,
    "metadata" : [ ]
  }, {
    "asset" : {
      "assetID" : "fd97619270585fe57115e86be92737205c4082fe"
    },
    "addedDate" : 1632956885196,
    "metadata" : [ ]
  }, {
    "asset" : {
      "assetID" : "4d99eb8be61f4e3a6acddf45a40353ee6daad190"
    },
    "addedDate" : 1632956841161,
    "metadata" : [ ]
  } ],
  "fileName" : "30e9f09d4e77400d939f72e313dc9018.json",
  "name" : "Community Projects",
  "english" : true,
  "publicTitle" : "Community Projects",
  "collectionUri" : "community-projects-video-collection"
}