{
  "parentCollectionID" : "bd59191796027fc53f46f5811862b4ff2baaa3b2",
  "parentCollectionPath" : "Mobile Media Library/English - Video/Topics",
  "collectionType" : "assets",
  "path" : "Mobile Media Library/English - Video/Topics/Audio Described Videos",
  "collectionID" : "310689ad01b64968b77148f4e45e3fcb",
  "language" : "eng",
  "type" : "DEFAULT",
  "lastUpdatedDate" : "2022-05-27T16:53:35.434-06:00",
  "links" : [ {
    "rel" : "details",
    "href" : "https://titanapi.churchofjesuschrist.org/assetsearch/api/v2/collection/details/collectionID/310689ad01b64968b77148f4e45e3fcb"
  } ],
  "coverImages" : [ {
    "asset" : {
      "assetID" : "60eeb913b8d37cd0fd2723ce40abee75102ea7cd"
    }
  } ],
  "related" : [ ],
  "metadata" : [ {
    "key" : "collectionUri",
    "value" : "audio-described-videos",
    "language" : "eng"
  }, {
    "key" : "orderIndex",
    "value" : "7"
  } ],
  "children" : [ ],
  "assets" : [ {
    "asset" : {
      "assetID" : "09898277d40cb66442b63d9fb73d11e87cbc02d0"
    },
    "index" : 0,
    "addedDate" : 1608662847029,
    "metadata" : [ ]
  } ],
  "fileName" : "310689ad01b64968b77148f4e45e3fcb.json",
  "name" : "Audio Described Videos",
  "english" : true,
  "collectionUri" : "audio-described-videos"
}