{
  "parentCollectionID" : "e30025804dc7443989067c1b234da192",
  "parentCollectionPath" : "Mobile Media Library/English - Video/Broadcasts/Teaching Religion to Youth and Young Adults",
  "collectionType" : "assets",
  "path" : "Mobile Media Library/English - Video/Broadcasts/Teaching Religion to Youth and Young Adults/2006–An Evening with Elder David A. Bednar",
  "collectionID" : "31a105f65f5d4ba2ac7a07084933fd37",
  "language" : "eng",
  "type" : "DEFAULT",
  "lastUpdatedDate" : "2023-06-16T16:42:02.550-06:00",
  "links" : [ {
    "rel" : "details",
    "href" : "https://titanapi.churchofjesuschrist.org/assetsearch/api/v2/collection/details/collectionID/31a105f65f5d4ba2ac7a07084933fd37"
  } ],
  "coverImages" : [ {
    "asset" : {
      "assetID" : "497901c95b3f51f19c18c4565613c713356ce532"
    }
  } ],
  "related" : [ ],
  "metadata" : [ {
    "key" : "orderIndex",
    "value" : "15"
  }, {
    "key" : "collectionUri",
    "value" : "evening-with-a-general-authority-2006",
    "language" : "eng"
  }, {
    "key" : "publicTitle",
    "value" : "2006–An Evening with Elder David A. Bednar",
    "language" : "eng"
  } ],
  "children" : [ ],
  "assets" : [ {
    "asset" : {
      "assetID" : "osvuj6royfifuityafgtg57pirb6oingl82wghhy"
    },
    "index" : 0,
    "addedDate" : 1686942918432,
    "metadata" : [ ]
  } ],
  "fileName" : "31a105f65f5d4ba2ac7a07084933fd37.json",
  "name" : "2006–An Evening with Elder David A. Bednar",
  "english" : true,
  "publicTitle" : "2006–An Evening with Elder David A. Bednar",
  "collectionUri" : "evening-with-a-general-authority-2006"
}