{
  "parentCollectionID" : "c43c3a9059344f6eab698febc60a01e5",
  "parentCollectionPath" : "Mobile Media Library/English - Video/People",
  "collectionType" : "assets",
  "path" : "Mobile Media Library/English - Video/People/Prophets and Apostles Memorials",
  "collectionID" : "31e95fdd3276483caef9d4efd10ce0e2",
  "language" : "eng",
  "type" : "DEFAULT",
  "lastUpdatedDate" : "2024-11-08T19:57:05.413-07:00",
  "links" : [ {
    "rel" : "details",
    "href" : "https://titanapi.churchofjesuschrist.org/assetsearch/api/v2/collection/details/collectionID/31e95fdd3276483caef9d4efd10ce0e2"
  } ],
  "coverImages" : [ {
    "asset" : {
      "assetID" : "361b7d605035b177ea25e9708b81b774ea7d31a1"
    }
  } ],
  "related" : [ ],
  "metadata" : [ {
    "key" : "channel",
    "value" : "mobile",
    "language" : "eng"
  }, {
    "key" : "channel",
    "value" : "web",
    "language" : "eng"
  }, {
    "key" : "collectionUri",
    "value" : "prophet-and-apostles-memorials-news",
    "language" : "eng"
  }, {
    "key" : "publicTitle",
    "value" : "Prophets and Apostles Memorials",
    "language" : "eng"
  }, {
    "key" : "orderIndex",
    "value" : "4"
  } ],
  "children" : [ ],
  "assets" : [ {
    "asset" : {
      "assetID" : "1377417e84be56d7b4d81fcacd7421287048931d"
    },
    "addedDate" : 1731121058873,
    "metadata" : [ ]
  }, {
    "asset" : {
      "assetID" : "84e7ad4a7bc761fca7671c658cc3e8639700e857"
    },
    "addedDate" : 1731121058880,
    "metadata" : [ ]
  }, {
    "asset" : {
      "assetID" : "90t9xcd5e9txlmknrw5p12ut27hyj0mrnvfox3o7"
    },
    "addedDate" : 1731121058870,
    "metadata" : [ ]
  }, {
    "asset" : {
      "assetID" : "ea59894aee601fc79d58ea1b423d9eac649e5f65"
    },
    "addedDate" : 1731121058870,
    "metadata" : [ ]
  }, {
    "asset" : {
      "assetID" : "ke74m0z76s3gf8hqq9jth5vqa3rucr8zj3helygb"
    },
    "addedDate" : 1731121058876,
    "metadata" : [ ]
  }, {
    "asset" : {
      "assetID" : "0a52980db99e440061c86ee2940c2e3915ed2c4b"
    },
    "addedDate" : 1731121058880,
    "metadata" : [ ]
  }, {
    "asset" : {
      "assetID" : "0ad4061a4ef07d52fab667f3798373d137cf6940"
    },
    "addedDate" : 1731121058870,
    "metadata" : [ ]
  }, {
    "asset" : {
      "assetID" : "8d291bb7ef9cacd48f13b230f8b19ab7513d00b7"
    },
    "addedDate" : 1731121058860,
    "metadata" : [ ]
  }, {
    "asset" : {
      "assetID" : "bf6f84041ad073ca43c9abfafcb7d3131d7af94d"
    },
    "addedDate" : 1731121058863,
    "metadata" : [ ]
  }, {
    "asset" : {
      "assetID" : "fb569f699de1661b4cef81ba41e0ffb49f7b0abf"
    },
    "addedDate" : 1731121058873,
    "metadata" : [ ]
  }, {
    "asset" : {
      "assetID" : "ace4f0a7717891ad0332ee738468b0aa5f208bf1"
    },
    "addedDate" : 1731121058876,
    "metadata" : [ ]
  }, {
    "asset" : {
      "assetID" : "740b76f34bdc5a63355eb2c3487d683e84bd5bbe"
    },
    "addedDate" : 1731121058866,
    "metadata" : [ ]
  }, {
    "asset" : {
      "assetID" : "5ff3bcbc7fe911ed8558eeeeac1e756e195058bb"
    },
    "addedDate" : 1731121058866,
    "metadata" : [ ]
  }, {
    "asset" : {
      "assetID" : "6017238a8fd111eeab72eeeeac1e5136f61a087f"
    },
    "addedDate" : 1731121058866,
    "metadata" : [ ]
  } ],
  "fileName" : "31e95fdd3276483caef9d4efd10ce0e2.json",
  "name" : "Prophets and Apostles Memorials",
  "english" : true,
  "publicTitle" : "Prophets and Apostles Memorials",
  "collectionUri" : "prophet-and-apostles-memorials-news"
}