{
  "parentCollectionID" : "ca03a6e7eb5d776516e6f7c03c726f8d6ddf6202",
  "parentCollectionPath" : "Mobile Media Library/English - Video/Life Help/Self-Reliance Services and PEF/My Job Search",
  "collectionType" : "assets",
  "path" : "Mobile Media Library/English - Video/Life Help/Self-Reliance Services and PEF/My Job Search/Chapter 6: How do I excel on the job and continue to succeed?",
  "collectionID" : "32924dea42d930d2dc33a477c16a246f2d49a237",
  "language" : "eng",
  "type" : "DEFAULT",
  "lastUpdatedDate" : "2019-10-28T16:40:50.643-06:00",
  "links" : [ {
    "rel" : "details",
    "href" : "https://titanapi.churchofjesuschrist.org/assetsearch/api/v2/collection/details/collectionID/32924dea42d930d2dc33a477c16a246f2d49a237"
  } ],
  "coverImages" : [ {
    "asset" : {
      "assetID" : "87b8c3a597b6a95baa1c47ff119aab3ca828aa98"
    }
  } ],
  "related" : [ ],
  "metadata" : [ {
    "key" : "collectionUri",
    "value" : "chapter-6-how-do-i-excel-on-the-job-and-continue-to-succeed",
    "language" : "eng"
  }, {
    "key" : "publicTitle",
    "value" : "Chapter 6: How do I excel on the job and continue to succeed?",
    "language" : "eng"
  } ],
  "children" : [ ],
  "assets" : [ {
    "asset" : {
      "assetID" : "89f793bab7e635cc8c777c1ecda1c6ddaa1d9e28"
    },
    "addedDate" : 1479160777007,
    "metadata" : [ ]
  }, {
    "asset" : {
      "assetID" : "42e52d27569354f2cccaab10f177015307d468f8"
    },
    "addedDate" : 1479160778010,
    "metadata" : [ ]
  }, {
    "asset" : {
      "assetID" : "c9e6ebbeb1a182071f123df626a4e03eabc00c5a"
    },
    "addedDate" : 1479160777057,
    "metadata" : [ ]
  } ],
  "fileName" : "32924dea42d930d2dc33a477c16a246f2d49a237.json",
  "name" : "Chapter 6: How do I excel on the job and continue to succeed?",
  "english" : true,
  "publicTitle" : "Chapter 6: How do I excel on the job and continue to succeed?",
  "collectionUri" : "chapter-6-how-do-i-excel-on-the-job-and-continue-to-succeed"
}