{
  "parentCollectionID" : "7dcef444e180851b96f8f79d6392f8963ec6952b",
  "parentCollectionPath" : "Mobile Media Library/English - Video/Broadcasts/General Conference",
  "collectionType" : "assets",
  "path" : "Mobile Media Library/English - Video/Broadcasts/General Conference/April 2023",
  "collectionID" : "32da49f6ae6d4d9b953940e90e710b4b",
  "language" : "eng",
  "type" : "DEFAULT",
  "lastUpdatedDate" : "2023-08-30T15:08:18.990-06:00",
  "links" : [ {
    "rel" : "details",
    "href" : "https://titanapi.churchofjesuschrist.org/assetsearch/api/v2/collection/details/collectionID/32da49f6ae6d4d9b953940e90e710b4b"
  } ],
  "coverImages" : [ {
    "asset" : {
      "assetID" : "1e11e2076327077c2aa6541fc0d25b0b39fa42f0"
    }
  } ],
  "related" : [ ],
  "metadata" : [ {
    "key" : "orderIndex",
    "value" : "3"
  }, {
    "key" : "channel",
    "value" : "mobile",
    "language" : "eng"
  }, {
    "key" : "collectionUri",
    "value" : "april-2023-general-conference",
    "language" : "eng"
  }, {
    "key" : "publicTitle",
    "value" : "April 2023",
    "language" : "eng"
  } ],
  "children" : [ ],
  "assets" : [ {
    "asset" : {
      "assetID" : "ba405017d0ad11eda8eaeeeeac1e9c2162a1d55d"
    },
    "index" : 1,
    "addedDate" : 1681230828414,
    "metadata" : [ ]
  }, {
    "asset" : {
      "assetID" : "7c54a98bd0b311edb415eeeeac1e9a59c619765f"
    },
    "index" : 2,
    "addedDate" : 1681230833186,
    "metadata" : [ ]
  }, {
    "asset" : {
      "assetID" : "ec67f83cd0b811ed9471eeeeac1e7deb4aee8669"
    },
    "index" : 3,
    "addedDate" : 1681230837546,
    "metadata" : [ ]
  }, {
    "asset" : {
      "assetID" : "5aa5a3edd0bb11ed87d2eeeeac1eaa5bb40968df"
    },
    "index" : 5,
    "addedDate" : 1681230848148,
    "metadata" : [ ]
  }, {
    "asset" : {
      "assetID" : "bef21336d0bf11eda4b4eeeeac1e6c75bf7f17f2"
    },
    "index" : 6,
    "addedDate" : 1681230853043,
    "metadata" : [ ]
  }, {
    "asset" : {
      "assetID" : "7e285a5ad0c211ed9692eeeeac1eee2ff7af098d"
    },
    "index" : 7,
    "addedDate" : 1681230858149,
    "metadata" : [ ]
  }, {
    "asset" : {
      "assetID" : "6d20748cd0cd11edb415eeeeac1e9a5979630a9b"
    },
    "index" : 4,
    "addedDate" : 1681230842215,
    "metadata" : [ ]
  }, {
    "asset" : {
      "assetID" : "729a1952d0d011ed9265eeeeac1ec64572475b11"
    },
    "index" : 9,
    "addedDate" : 1681230868737,
    "metadata" : [ ]
  }, {
    "asset" : {
      "assetID" : "08236e73d0d311edad1ceeeeac1e7b46c6dd56ac"
    },
    "index" : 0,
    "addedDate" : 1681230823762,
    "metadata" : [ ]
  }, {
    "asset" : {
      "assetID" : "beee7255d0d611edb5aeeeeeac1e8d15941f72b4"
    },
    "index" : 11,
    "addedDate" : 1681230878673,
    "metadata" : [ ]
  }, {
    "asset" : {
      "assetID" : "482abd8dd0d711edb74feeeeac1e0289b956a8bd"
    },
    "index" : 10,
    "addedDate" : 1681230873801,
    "metadata" : [ ]
  }, {
    "asset" : {
      "assetID" : "353bfad6d0d811edb638eeeeac1e30b0211c71a1"
    },
    "index" : 14,
    "addedDate" : 1681230898376,
    "metadata" : [ ]
  }, {
    "asset" : {
      "assetID" : "9ad68a6cd0db11edadaeeeeeac1eabe1ddf60e6e"
    },
    "index" : 12,
    "addedDate" : 1681230884108,
    "metadata" : [ ]
  }, {
    "asset" : {
      "assetID" : "ec51bbffd0de11ed9968eeeeac1e38f15faf5367"
    },
    "index" : 15,
    "addedDate" : 1681230902959,
    "metadata" : [ ]
  }, {
    "asset" : {
      "assetID" : "d4ed76c6d0df11ed9471eeeeac1e7debdb344f83"
    },
    "index" : 17,
    "addedDate" : 1681230912885,
    "metadata" : [ ]
  }, {
    "asset" : {
      "assetID" : "9a062bd1d0e411edb8b4eeeeac1e6ad5708a466f"
    },
    "index" : 13,
    "addedDate" : 1681230890828,
    "metadata" : [ ]
  }, {
    "asset" : {
      "assetID" : "1d362808d0e511edb940eeeeac1e18a109722f06"
    },
    "index" : 16,
    "addedDate" : 1681230908291,
    "metadata" : [ ]
  }, {
    "asset" : {
      "assetID" : "d9e2243fd0f311ed9997eeeeac1e63b7a444bb13"
    },
    "index" : 20,
    "addedDate" : 1681230927859,
    "metadata" : [ ]
  }, {
    "asset" : {
      "assetID" : "68429698d0f611ed9b81eeeeac1ebedd1a0afa60"
    },
    "index" : 22,
    "addedDate" : 1681230938635,
    "metadata" : [ ]
  }, {
    "asset" : {
      "assetID" : "29729cccd0f711ed9b5ceeeeac1e9132d5964ba1"
    },
    "index" : 19,
    "addedDate" : 1681230922903,
    "metadata" : [ ]
  }, {
    "asset" : {
      "assetID" : "69079ed8d0f711eda7edeeeeac1e5443f53aef45"
    },
    "index" : 21,
    "addedDate" : 1681230933877,
    "metadata" : [ ]
  }, {
    "asset" : {
      "assetID" : "99ed8e48d0f911ed8214eeeeac1e9c195559094d"
    },
    "index" : 8,
    "addedDate" : 1681230863775,
    "metadata" : [ ]
  }, {
    "asset" : {
      "assetID" : "521d438cd10311eda7edeeeeac1e54439baa1e10"
    },
    "index" : 18,
    "addedDate" : 1681230917497,
    "metadata" : [ ]
  }, {
    "asset" : {
      "assetID" : "b99e8329d17711edb657eeeeac1e77671e32f3c2"
    },
    "index" : 24,
    "addedDate" : 1681230949219,
    "metadata" : [ ]
  }, {
    "asset" : {
      "assetID" : "7fa7d6cad17811edb657eeeeac1e776705f094fd"
    },
    "index" : 25,
    "addedDate" : 1681230954126,
    "metadata" : [ ]
  }, {
    "asset" : {
      "assetID" : "d24851b6d17f11ed8a7feeeeac1ec139c1603dbc"
    },
    "index" : 28,
    "addedDate" : 1681230979789,
    "metadata" : [ ]
  }, {
    "asset" : {
      "assetID" : "5be2a5f0d18111ed8283eeeeac1e8d03e647f6fc"
    },
    "index" : 27,
    "addedDate" : 1681230964359,
    "metadata" : [ ]
  }, {
    "asset" : {
      "assetID" : "3fd3a7e4d18311ed9cd2eeeeac1e8cef7ea2460b"
    },
    "index" : 26,
    "addedDate" : 1681230958706,
    "metadata" : [ ]
  }, {
    "asset" : {
      "assetID" : "288ba05dd18811eda4e6eeeeac1e02a8f34f630c"
    },
    "index" : 23,
    "addedDate" : 1681230944000,
    "metadata" : [ ]
  }, {
    "asset" : {
      "assetID" : "6306f098d18811eda9f0eeeeac1eabce22aa4a09"
    },
    "index" : 30,
    "addedDate" : 1681230990819,
    "metadata" : [ ]
  }, {
    "asset" : {
      "assetID" : "321396e7d18a11ed8ed1eeeeac1eab8875dbb218"
    },
    "index" : 29,
    "addedDate" : 1681230985699,
    "metadata" : [ ]
  }, {
    "asset" : {
      "assetID" : "9b291417d19b11ed9ae2eeeeac1e35f2659ed290"
    },
    "index" : 33,
    "addedDate" : 1681231008315,
    "metadata" : [ ]
  }, {
    "asset" : {
      "assetID" : "83b214c3d19d11ed9ae2eeeeac1e35f2ad6aa14d"
    },
    "index" : 34,
    "addedDate" : 1681231014043,
    "metadata" : [ ]
  }, {
    "asset" : {
      "assetID" : "65b8a13bd19e11edb6deeeeeac1eaa590aee9ccb"
    },
    "index" : 32,
    "addedDate" : 1681231002972,
    "metadata" : [ ]
  }, {
    "asset" : {
      "assetID" : "ca2e7c6ad1a011ed9082eeeeac1eb6493a7eab44"
    },
    "index" : 35,
    "addedDate" : 1681231019395,
    "metadata" : [ ]
  }, {
    "asset" : {
      "assetID" : "cc6982d8d1a111ed8b20eeeeac1e476e7af5f928"
    },
    "index" : 37,
    "addedDate" : 1681231029945,
    "metadata" : [ ]
  }, {
    "asset" : {
      "assetID" : "ec9a4bf3d1a411ed9082eeeeac1eb64909d83598"
    },
    "index" : 36,
    "addedDate" : 1681231024431,
    "metadata" : [ ]
  }, {
    "asset" : {
      "assetID" : "92e04174d1a611eda4e6eeeeac1e02a897933fa2"
    },
    "index" : 38,
    "addedDate" : 1681231036007,
    "metadata" : [ ]
  }, {
    "asset" : {
      "assetID" : "30c469b7d1a911ed9b5ceeeeac1e913242dd88c8"
    },
    "index" : 31,
    "addedDate" : 1681230995941,
    "metadata" : [ ]
  }, {
    "asset" : {
      "assetID" : "0278683bd1b311eda90feeeeac1e8d37e362d093"
    },
    "index" : 39,
    "addedDate" : 1681231041628,
    "metadata" : [ ]
  } ],
  "fileName" : "32da49f6ae6d4d9b953940e90e710b4b.json",
  "name" : "April 2023",
  "english" : true,
  "publicTitle" : "April 2023",
  "collectionUri" : "april-2023-general-conference"
}