{
  "parentCollectionID" : "7fcbe5b8b1e61cfa52489f9c6a7f5f5001bc67ad",
  "parentCollectionPath" : "Mobile Media Library/English - Video/Community Outreach",
  "collectionType" : "assets",
  "path" : "Mobile Media Library/English - Video/Community Outreach/Bishops' Storehouse",
  "collectionID" : "33df8424fd7a028f8615f7f0e3f2813399a4e536",
  "language" : "eng",
  "type" : "DEFAULT",
  "lastUpdatedDate" : "2019-10-28T16:40:50.643-06:00",
  "links" : [ {
    "rel" : "details",
    "href" : "https://titanapi.churchofjesuschrist.org/assetsearch/api/v2/collection/details/collectionID/33df8424fd7a028f8615f7f0e3f2813399a4e536"
  } ],
  "coverImages" : [ {
    "asset" : {
      "assetID" : "dfa5c5c460f36a5153deebce7030f069e0152a97"
    }
  } ],
  "related" : [ ],
  "metadata" : [ {
    "key" : "collectionUri",
    "value" : "bishops-storehouse",
    "language" : "eng"
  }, {
    "key" : "publicTitle",
    "value" : "Bishops' Storehouse",
    "language" : "eng"
  } ],
  "children" : [ ],
  "assets" : [ {
    "asset" : {
      "assetID" : "9b0e4b2aa4e04bea3cf4d3a73cfce5e2d60719d9"
    },
    "addedDate" : 1478531089066,
    "metadata" : [ ]
  }, {
    "asset" : {
      "assetID" : "487b0af17101389ff6c19eb3d18567ac713bd8db"
    },
    "addedDate" : 1592952635907,
    "metadata" : [ ]
  }, {
    "asset" : {
      "assetID" : "c5f3ea4bffc5ac08089badfa8669aa2e820ee54b"
    },
    "addedDate" : 1632956870706,
    "metadata" : [ ]
  }, {
    "asset" : {
      "assetID" : "65a6b2e64d75f7e62576dba0acc1a52103cba43f"
    },
    "addedDate" : 1632956846347,
    "metadata" : [ ]
  } ],
  "fileName" : "33df8424fd7a028f8615f7f0e3f2813399a4e536.json",
  "name" : "Bishops' Storehouse",
  "english" : true,
  "publicTitle" : "Bishops' Storehouse",
  "collectionUri" : "bishops-storehouse"
}