{
  "parentCollectionID" : "400f71f7e9e0f6a886452666fc1100cb7b7c1b9a",
  "parentCollectionPath" : "Mobile Media Library/English - Video/Life Help/Self-Reliance Services and PEF/Self-Reliance Leader Guide",
  "collectionType" : "assets",
  "path" : "Mobile Media Library/English - Video/Life Help/Self-Reliance Services and PEF/Self-Reliance Leader Guide/Group Facilitator",
  "collectionID" : "33e10a9dde21c79e43ff6c139d30232a22a04961",
  "language" : "eng",
  "type" : "DEFAULT",
  "lastUpdatedDate" : "2019-10-28T16:40:50.643-06:00",
  "links" : [ {
    "rel" : "details",
    "href" : "https://titanapi.churchofjesuschrist.org/assetsearch/api/v2/collection/details/collectionID/33e10a9dde21c79e43ff6c139d30232a22a04961"
  } ],
  "coverImages" : [ {
    "asset" : {
      "assetID" : "a0e1127e46ba1cf9aa56663c4c19476172837d97"
    }
  } ],
  "related" : [ ],
  "metadata" : [ {
    "key" : "collectionUri",
    "value" : "group-facilitator",
    "language" : "eng"
  }, {
    "key" : "publicTitle",
    "value" : "Group Facilitator",
    "language" : "eng"
  } ],
  "children" : [ ],
  "assets" : [ {
    "asset" : {
      "assetID" : "dc4d93c5dd2d7338ca1592a3f90c46e00b7b131d"
    },
    "addedDate" : 1478711562049,
    "metadata" : [ ]
  }, {
    "asset" : {
      "assetID" : "f8557f1ca98bb3ab89ed9d8d30fc06a9ef4d8f23"
    },
    "addedDate" : 1478711596021,
    "metadata" : [ ]
  }, {
    "asset" : {
      "assetID" : "29c9dfeca20e3ee48b31b99b51761ce12c76d5c9"
    },
    "addedDate" : 1478711611050,
    "metadata" : [ ]
  }, {
    "asset" : {
      "assetID" : "2281cb1f25f63b9847c9333645a139a2b2dad023"
    },
    "addedDate" : 1478711603033,
    "metadata" : [ ]
  }, {
    "asset" : {
      "assetID" : "74a2b160c732e7613bf30411d455e9d00c3673a6"
    },
    "addedDate" : 1503601004004,
    "metadata" : [ ]
  }, {
    "asset" : {
      "assetID" : "5afa41a1635053e96443287f0f5f56a7c68e5f44"
    },
    "addedDate" : 1478711583046,
    "metadata" : [ ]
  }, {
    "asset" : {
      "assetID" : "6100128569238d644119ee842598d71454d5c58f"
    },
    "addedDate" : 1478711576096,
    "metadata" : [ ]
  }, {
    "asset" : {
      "assetID" : "3b30ce96fcca2e7ccb484bbbee6c53a8c192334a"
    },
    "addedDate" : 1503602184072,
    "metadata" : [ ]
  }, {
    "asset" : {
      "assetID" : "4cf1f0870d74da830c480c0bd95be3fa2dfefcdd"
    },
    "addedDate" : 1478711732025,
    "metadata" : [ ]
  }, {
    "asset" : {
      "assetID" : "32ab8c47fee502d746913cc26f8f6fb9fd53361e"
    },
    "addedDate" : 1478711570040,
    "metadata" : [ ]
  }, {
    "asset" : {
      "assetID" : "fd9b3101272d03eec6d7ba20d2a377c530b41e79"
    },
    "addedDate" : 1478711474003,
    "metadata" : [ ]
  }, {
    "asset" : {
      "assetID" : "da953e0666fd38d03be444662b1f6658ab5412ac"
    },
    "addedDate" : 1478711981021,
    "metadata" : [ ]
  }, {
    "asset" : {
      "assetID" : "ecf54ff0f87df52b8a2c09cd6df755f661fa8939"
    },
    "addedDate" : 1523983884044,
    "metadata" : [ ]
  }, {
    "asset" : {
      "assetID" : "4fa2ddd6e3ddfe9153856e2f808750e9ec1adf81"
    },
    "addedDate" : 1478711653036,
    "metadata" : [ ]
  }, {
    "asset" : {
      "assetID" : "f063198249495e5b177bb8a8a9ea2eb140b703a7"
    },
    "addedDate" : 1592433100715,
    "metadata" : [ ]
  }, {
    "asset" : {
      "assetID" : "bdd1f35529ee3e3ebddbb1203c5d5d07de0cedb6"
    },
    "addedDate" : 1592433101168,
    "metadata" : [ ]
  } ],
  "fileName" : "33e10a9dde21c79e43ff6c139d30232a22a04961.json",
  "name" : "Group Facilitator",
  "english" : true,
  "publicTitle" : "Group Facilitator",
  "collectionUri" : "group-facilitator"
}