{
  "parentCollectionID" : "33bad3f5df08ea239a473889493eba52128cf6f8",
  "parentCollectionPath" : "Mobile Media Library/English - Video/Callings and Trainings/Leadership/Leadership Training Library/Young Women",
  "collectionType" : "assets",
  "path" : "Mobile Media Library/English - Video/Callings and Trainings/Leadership/Leadership Training Library/Young Women/10.5 Standards",
  "collectionID" : "344b82617fb3c2a609ad7f82bef68b69e7afc586",
  "language" : "eng",
  "type" : "DEFAULT",
  "lastUpdatedDate" : "2019-10-28T16:40:50.643-06:00",
  "links" : [ {
    "rel" : "details",
    "href" : "https://titanapi.churchofjesuschrist.org/assetsearch/api/v2/collection/details/collectionID/344b82617fb3c2a609ad7f82bef68b69e7afc586"
  } ],
  "coverImages" : [ {
    "asset" : {
      "assetID" : "687a98e8d358d14168caf2218288a4ddb4cda49c"
    }
  } ],
  "related" : [ ],
  "metadata" : [ {
    "key" : "collectionUri",
    "value" : "ltl-105-standards",
    "language" : "eng"
  }, {
    "key" : "publicTitle",
    "value" : "10.5 Standards",
    "language" : "eng"
  } ],
  "children" : [ ],
  "assets" : [ {
    "asset" : {
      "assetID" : "17df1f789c436325a973486a4b4231c24b152220"
    },
    "addedDate" : 1529077626076,
    "metadata" : [ ]
  } ],
  "fileName" : "344b82617fb3c2a609ad7f82bef68b69e7afc586.json",
  "name" : "10.5 Standards",
  "english" : true,
  "publicTitle" : "10.5 Standards",
  "collectionUri" : "ltl-105-standards"
}