{
  "parentCollectionID" : "bd59191796027fc53f46f5811862b4ff2baaa3b2",
  "parentCollectionPath" : "Mobile Media Library/English - Video/Topics",
  "collectionType" : "assets",
  "path" : "Mobile Media Library/English - Video/Topics/Unity",
  "collectionID" : "3476a5f840a34228322671a02b865f8c051344ab",
  "language" : "eng",
  "type" : "DEFAULT",
  "lastUpdatedDate" : "2022-03-31T11:59:10.416-06:00",
  "links" : [ {
    "rel" : "details",
    "href" : "https://titanapi.churchofjesuschrist.org/assetsearch/api/v2/collection/details/collectionID/3476a5f840a34228322671a02b865f8c051344ab"
  } ],
  "coverImages" : [ {
    "asset" : {
      "assetID" : "531e0a22475f433343d475406187d2ddaa2a9e07"
    }
  } ],
  "related" : [ ],
  "metadata" : [ {
    "key" : "channel",
    "value" : "mobile",
    "language" : "eng"
  }, {
    "key" : "description",
    "value" : "Being one in purpose and one in love helps us work together in unity, even when we are different. This collection details the good that can be achieved in the Church and in the world when unity binds us together in purpose.",
    "language" : "eng"
  }, {
    "key" : "collectionUri",
    "value" : "unity-topic",
    "language" : "eng"
  }, {
    "key" : "publicTitle",
    "value" : "Unity",
    "language" : "eng"
  }, {
    "key" : "orderIndex",
    "value" : "104"
  } ],
  "children" : [ ],
  "assets" : [ {
    "asset" : {
      "assetID" : "fff98bbb94b44aeedfcf7d06522fe578bcfe6b60"
    },
    "addedDate" : 1528739704076,
    "metadata" : [ ]
  }, {
    "asset" : {
      "assetID" : "2fd7faca88ef7b5331ca25c2abec393aa120533c"
    },
    "addedDate" : 1528738059060,
    "metadata" : [ ]
  }, {
    "asset" : {
      "assetID" : "c49ede20ab760dfc2272f89ee3449aae0598ee6f"
    },
    "addedDate" : 1528738929006,
    "metadata" : [ ]
  }, {
    "asset" : {
      "assetID" : "4a83a31b27e28b4d6e981862def066c563feda31"
    },
    "addedDate" : 1528738081084,
    "metadata" : [ ]
  }, {
    "asset" : {
      "assetID" : "b5c772a6fca7a3dc0a91deb0ffccbc763b42fc50"
    },
    "addedDate" : 1528740022039,
    "metadata" : [ ]
  }, {
    "asset" : {
      "assetID" : "24368d86a6eb65055b8a1c541f474aea0f14065f"
    },
    "addedDate" : 1528738679083,
    "metadata" : [ ]
  }, {
    "asset" : {
      "assetID" : "56e5b505c2b98076d79bec078c9351900f87ccb8"
    },
    "addedDate" : 1528734351055,
    "metadata" : [ ]
  }, {
    "asset" : {
      "assetID" : "e82e6fb22f7478b5411d7ef763c1d54e4c17470d"
    },
    "addedDate" : 1528738969003,
    "metadata" : [ ]
  }, {
    "asset" : {
      "assetID" : "aa256611afb5b21a7a836030f86b22a7f083d98b"
    },
    "addedDate" : 1583283634638,
    "metadata" : [ ]
  }, {
    "asset" : {
      "assetID" : "cad1d9c1d80e358bae9ada235df87ca56dbc6268"
    },
    "addedDate" : 1528738946093,
    "metadata" : [ ]
  }, {
    "asset" : {
      "assetID" : "b9c0d0bcab00657c10bbc32289ba0201a1d9c6ad"
    },
    "addedDate" : 1528738017019,
    "metadata" : [ ]
  }, {
    "asset" : {
      "assetID" : "be68a78883d7d4cdf1a954c71162c0f0570a534d"
    },
    "addedDate" : 1531514401053,
    "metadata" : [ ]
  }, {
    "asset" : {
      "assetID" : "657d3dfe1b4a88eb90257503a02b0ac27a6cbffb"
    },
    "addedDate" : 1528738986035,
    "metadata" : [ ]
  }, {
    "asset" : {
      "assetID" : "dda5d9037eb34766ad2ea9b50df6d01731b874b9"
    },
    "addedDate" : 1531514421076,
    "metadata" : [ ]
  }, {
    "asset" : {
      "assetID" : "2917c285ed2fba2a422dc30d8d67861549d12634"
    },
    "addedDate" : 1528738768085,
    "metadata" : [ ]
  }, {
    "asset" : {
      "assetID" : "4B06CE85C1F5C24AEAB658F284E2E671E9EE2D18"
    },
    "addedDate" : 1555952064737,
    "metadata" : [ ]
  }, {
    "asset" : {
      "assetID" : "b862da106cd223f0200185a705b0979db1080bb6"
    },
    "addedDate" : 1565819363771,
    "metadata" : [ ]
  } ],
  "fileName" : "3476a5f840a34228322671a02b865f8c051344ab.json",
  "name" : "Unity",
  "english" : true,
  "publicTitle" : "Unity",
  "description" : "Being one in purpose and one in love helps us work together in unity, even when we are different. This collection details the good that can be achieved in the Church and in the world when unity binds us together in purpose.",
  "collectionUri" : "unity-topic"
}