{
  "parentCollectionID" : "d5e8644312c74774b43cca21ad6ca6a0",
  "parentCollectionPath" : "Mobile Media Library/English - Video/People/Latter-day Apostles",
  "collectionType" : "assets",
  "path" : "Mobile Media Library/English - Video/People/Latter-day Apostles/D. Todd Christofferson",
  "collectionID" : "34b789fd1b5c6bf5c2be8924453393ae0e2e6f11",
  "language" : "eng",
  "type" : "DEFAULT",
  "lastUpdatedDate" : "2019-10-28T16:40:50.643-06:00",
  "links" : [ {
    "rel" : "details",
    "href" : "https://titanapi.churchofjesuschrist.org/assetsearch/api/v2/collection/details/collectionID/34b789fd1b5c6bf5c2be8924453393ae0e2e6f11"
  } ],
  "coverImages" : [ {
    "asset" : {
      "assetID" : "022f5ec6fea1e895fd9320c27370b6b66045f686"
    }
  } ],
  "related" : [ ],
  "metadata" : [ {
    "key" : "collectionUri",
    "value" : "d-todd-christofferson-video-collection",
    "language" : "eng"
  }, {
    "key" : "publicTitle",
    "value" : "D. Todd Christofferson",
    "language" : "eng"
  }, {
    "key" : "orderIndex",
    "value" : "3"
  } ],
  "children" : [ ],
  "assets" : [ {
    "asset" : {
      "assetID" : "66707732fa69a542b60bf1d8a71a08b3a5baed99"
    },
    "index" : 0,
    "addedDate" : 1540489245950,
    "metadata" : [ ]
  }, {
    "asset" : {
      "assetID" : "26fec97e879c0a078da4f6cab021f4df4d144f54"
    },
    "index" : 3,
    "addedDate" : 1540489317635,
    "metadata" : [ ]
  }, {
    "asset" : {
      "assetID" : "9e54a8fb09484f590a36b2d00c1a466058f0615f"
    },
    "index" : 1,
    "addedDate" : 1540489260906,
    "metadata" : [ ]
  }, {
    "asset" : {
      "assetID" : "d8ee779fbbb5c6d4447cb6b37ecd963c879d60c0"
    },
    "index" : 2,
    "addedDate" : 1540489280850,
    "metadata" : [ ]
  }, {
    "asset" : {
      "assetID" : "826706e0dd215927e3e6f32fc9d3cd1a964d8148"
    },
    "index" : 7,
    "addedDate" : 1576804251482,
    "metadata" : [ ]
  }, {
    "asset" : {
      "assetID" : "d75448681b43e1cade28347be8f1b10f448bfe7b"
    },
    "index" : 5,
    "addedDate" : 1540489403159,
    "metadata" : [ ]
  }, {
    "asset" : {
      "assetID" : "98003a59776501e2895349b960e5c4e6b9e5c34f"
    },
    "index" : 9,
    "addedDate" : 1592433099619,
    "metadata" : [ ]
  }, {
    "asset" : {
      "assetID" : "e9e8ce040ee974a25a045caa9945404981fb7802"
    },
    "index" : 4,
    "addedDate" : 1540489333932,
    "metadata" : [ ]
  }, {
    "asset" : {
      "assetID" : "78705661d5044ed52576d19719e5b78f314af7db"
    },
    "index" : 6,
    "addedDate" : 1576803808539,
    "metadata" : [ ]
  }, {
    "asset" : {
      "assetID" : "ecca0e51e34b78eed48e97dd58e8eb31e8edc672"
    },
    "index" : 11,
    "addedDate" : 1702327875649,
    "metadata" : [ ]
  }, {
    "asset" : {
      "assetID" : "a17c041f0f80010f6c5ab6208ac8e922930eeab8"
    },
    "index" : 8,
    "addedDate" : 1579146125369,
    "metadata" : [ ]
  }, {
    "asset" : {
      "assetID" : "5f8b23aa0308a96e7f0ec3f1c6e3a8c37500a173"
    },
    "index" : 10,
    "addedDate" : 1595218254071,
    "metadata" : [ ]
  } ],
  "fileName" : "34b789fd1b5c6bf5c2be8924453393ae0e2e6f11.json",
  "name" : "D. Todd Christofferson",
  "english" : true,
  "publicTitle" : "D. Todd Christofferson",
  "collectionUri" : "d-todd-christofferson-video-collection"
}