{
  "parentCollectionID" : "bd59191796027fc53f46f5811862b4ff2baaa3b2",
  "parentCollectionPath" : "Mobile Media Library/English - Video/Topics",
  "collectionType" : "assets",
  "path" : "Mobile Media Library/English - Video/Topics/Modesty",
  "collectionID" : "34f107073bd04b84aa45a8e51285ee1a",
  "language" : "eng",
  "type" : "DEFAULT",
  "lastUpdatedDate" : "2020-09-20T12:16:24.072-06:00",
  "links" : [ {
    "rel" : "details",
    "href" : "https://titanapi.churchofjesuschrist.org/assetsearch/api/v2/collection/details/collectionID/34f107073bd04b84aa45a8e51285ee1a"
  } ],
  "coverImages" : [ {
    "asset" : {
      "assetID" : "f6cd4f8f94ce157e4afa2012fe45b78dc7b17fa9"
    }
  } ],
  "related" : [ ],
  "metadata" : [ {
    "key" : "description",
    "value" : "The purpose of dress standards for youth are provided in leadership talks and personal experiences. The virtue, humility, and moral force of women and men help them to “stand tall” for purity and decency.",
    "language" : "eng"
  }, {
    "key" : "collectionUri",
    "value" : "modesty-topic",
    "language" : "eng"
  }, {
    "key" : "publicTitle",
    "value" : "Modesty",
    "language" : "eng"
  }, {
    "key" : "orderIndex",
    "value" : "64"
  } ],
  "children" : [ ],
  "assets" : [ {
    "asset" : {
      "assetID" : "a02774018fe36cce847682830e804a673bc9be64"
    },
    "addedDate" : 1584620789808,
    "metadata" : [ ]
  }, {
    "asset" : {
      "assetID" : "0eee66bfaa33422afacae947664a3c72342e25a3"
    },
    "addedDate" : 1577152070213,
    "metadata" : [ ]
  }, {
    "asset" : {
      "assetID" : "d2ee51dc1c6d618ea8b20d298174f04b96575de4"
    },
    "addedDate" : 1577151966731,
    "metadata" : [ ]
  }, {
    "asset" : {
      "assetID" : "fd01b77f3a8d3e7879d7f42cdce49d231f47171c"
    },
    "addedDate" : 1577152085513,
    "metadata" : [ ]
  }, {
    "asset" : {
      "assetID" : "be598e784f135799cc6ca18ee7eb3f3550f23914"
    },
    "addedDate" : 1577152106985,
    "metadata" : [ ]
  }, {
    "asset" : {
      "assetID" : "17df1f789c436325a973486a4b4231c24b152220"
    },
    "addedDate" : 1584620957641,
    "metadata" : [ ]
  }, {
    "asset" : {
      "assetID" : "a59898c4caadb4d2cfffadf0e2e0d615d596a722"
    },
    "addedDate" : 1577152145288,
    "metadata" : [ ]
  }, {
    "asset" : {
      "assetID" : "5a7ee855bf98d2f50aaad480b96ad7b0abcb3e39"
    },
    "addedDate" : 1584620905181,
    "metadata" : [ ]
  }, {
    "asset" : {
      "assetID" : "46d6434502d59e86cb12206aa597afe41032629f"
    },
    "addedDate" : 1577152118780,
    "metadata" : [ ]
  }, {
    "asset" : {
      "assetID" : "fb7e378c76c59f98bbe2d4c75449597052fadf8b"
    },
    "addedDate" : 1577151924132,
    "metadata" : [ ]
  }, {
    "asset" : {
      "assetID" : "85ac87971f93203d13b222010a05ddc6ef64c0a2"
    },
    "addedDate" : 1592433100574,
    "metadata" : [ ]
  }, {
    "asset" : {
      "assetID" : "b7a5a149411d0c58efa204497227954e2833c48e"
    },
    "addedDate" : 1584620679258,
    "metadata" : [ ]
  }, {
    "asset" : {
      "assetID" : "76f60af3a7ca7818455ab2cafb759f6952156c29"
    },
    "addedDate" : 1584620872851,
    "metadata" : [ ]
  }, {
    "asset" : {
      "assetID" : "7c2a1010b5a8d2f2e7514fbd3b5af35db48177ef"
    },
    "addedDate" : 1584621211887,
    "metadata" : [ ]
  }, {
    "asset" : {
      "assetID" : "9d68cba0a5490e46aa5430c602eea790db09518a"
    },
    "addedDate" : 1577152052430,
    "metadata" : [ ]
  }, {
    "asset" : {
      "assetID" : "8dfa212786c5fd0c9ef5a1810490f43ada63536f"
    },
    "addedDate" : 1577152132789,
    "metadata" : [ ]
  } ],
  "fileName" : "34f107073bd04b84aa45a8e51285ee1a.json",
  "name" : "Modesty",
  "english" : true,
  "publicTitle" : "Modesty",
  "description" : "The purpose of dress standards for youth are provided in leadership talks and personal experiences. The virtue, humility, and moral force of women and men help them to “stand tall” for purity and decency.",
  "collectionUri" : "modesty-topic"
}