{
  "parentCollectionID" : "9c0fcf66a1984f3a828035db05059a95",
  "parentCollectionPath" : "Mobile Media Library/English - Video/Teaching and Lessons/Seminary and Institute/Seminary",
  "collectionType" : "assets",
  "path" : "Mobile Media Library/English - Video/Teaching and Lessons/Seminary and Institute/Seminary/Priorities",
  "collectionID" : "351f18089ecd40a0ab163bdb2fa798ec",
  "language" : "eng",
  "type" : "DEFAULT",
  "lastUpdatedDate" : "2019-12-19T14:25:32.158-07:00",
  "links" : [ {
    "rel" : "details",
    "href" : "https://titanapi.churchofjesuschrist.org/assetsearch/api/v2/collection/details/collectionID/351f18089ecd40a0ab163bdb2fa798ec"
  } ],
  "coverImages" : [ {
    "asset" : {
      "assetID" : "a22c9f29d9ae8813c0cae8339a1ddf294d850b9d"
    }
  } ],
  "related" : [ ],
  "metadata" : [ {
    "key" : "collectionUri",
    "value" : "priorities",
    "language" : "eng"
  }, {
    "key" : "publicTitle",
    "value" : "Priorities",
    "language" : "eng"
  }, {
    "key" : "orderIndex",
    "value" : "4"
  } ],
  "children" : [ ],
  "assets" : [ {
    "asset" : {
      "assetID" : "14c77ba1f3e5884c56ec92fc1d961c49be96a386"
    },
    "addedDate" : 1576857104593,
    "metadata" : [ ]
  }, {
    "asset" : {
      "assetID" : "c95f4c366115aeed21608d10403e053fdb663702"
    },
    "addedDate" : 1576857104593,
    "metadata" : [ ]
  }, {
    "asset" : {
      "assetID" : "8d9a2ac10a4e094e509d6016dce7480717cff0bd"
    },
    "addedDate" : 1592433100668,
    "metadata" : [ ]
  }, {
    "asset" : {
      "assetID" : "a3be930c41f611ee92baeeeeac1e7f69982e26ba"
    },
    "index" : 3,
    "addedDate" : 1692918410839,
    "metadata" : [ ]
  } ],
  "fileName" : "351f18089ecd40a0ab163bdb2fa798ec.json",
  "name" : "Priorities",
  "english" : true,
  "publicTitle" : "Priorities",
  "collectionUri" : "priorities"
}