{
  "parentCollectionID" : "8cfd45d9b1d9ecc1774e6b77f9ad83fd54dbc236",
  "parentCollectionPath" : "Mobile Media Library/English - Video/Church History/Prophets of the Restoration",
  "collectionType" : "assets",
  "path" : "Mobile Media Library/English - Video/Church History/Prophets of the Restoration/Ezra Taft Benson-Prophets of the Restoration",
  "collectionID" : "35d644b288a6dffd1e285babb20d591dbc5e4e02",
  "language" : "eng",
  "type" : "DEFAULT",
  "lastUpdatedDate" : "2019-10-28T16:40:50.643-06:00",
  "links" : [ {
    "rel" : "details",
    "href" : "https://titanapi.churchofjesuschrist.org/assetsearch/api/v2/collection/details/collectionID/35d644b288a6dffd1e285babb20d591dbc5e4e02"
  } ],
  "coverImages" : [ {
    "asset" : {
      "assetID" : "f0eb519be849cc2a361969b8224e6379e1aacbe4"
    }
  } ],
  "related" : [ ],
  "metadata" : [ {
    "key" : "collectionUri",
    "value" : "ezra-taft-benson-prophets-of-the-restoration",
    "language" : "eng"
  }, {
    "key" : "publicTitle",
    "value" : "Ezra Taft Benson—Prophets of the Restoration",
    "language" : "eng"
  } ],
  "children" : [ ],
  "assets" : [ {
    "asset" : {
      "assetID" : "ae1ec4768377308a418f472189c9bca3e64a3c55"
    },
    "addedDate" : 1478801066068,
    "metadata" : [ ]
  }, {
    "asset" : {
      "assetID" : "87abe1043624523894eaeba50b75dbe8af8d7501"
    },
    "addedDate" : 1478801079082,
    "metadata" : [ ]
  }, {
    "asset" : {
      "assetID" : "ff36f0f0caf03b8ef97404f8db2f6144663cbb5c"
    },
    "addedDate" : 1478801074099,
    "metadata" : [ ]
  }, {
    "asset" : {
      "assetID" : "2dc39a21ddff7bcfd5319461db52c884b2b62958"
    },
    "addedDate" : 1478801081088,
    "metadata" : [ ]
  }, {
    "asset" : {
      "assetID" : "8618c3854dc8d8e02535ee83f0d6f6b6010c7a16"
    },
    "addedDate" : 1478801068055,
    "metadata" : [ ]
  }, {
    "asset" : {
      "assetID" : "5b5a4ac164edc50ba13db37a72e9dd97fa2c9a99"
    },
    "addedDate" : 1478801086029,
    "metadata" : [ ]
  }, {
    "asset" : {
      "assetID" : "7259fcacc17457f60730ac73a3cfbe414dfea87a"
    },
    "addedDate" : 1478801072089,
    "metadata" : [ ]
  }, {
    "asset" : {
      "assetID" : "ada060b331a16578ccf139fa3208ca95dd75a708"
    },
    "addedDate" : 1478801077049,
    "metadata" : [ ]
  }, {
    "asset" : {
      "assetID" : "b02adb243dabe67ff13e8da81633384b50cae0fc"
    },
    "addedDate" : 1478801070082,
    "metadata" : [ ]
  }, {
    "asset" : {
      "assetID" : "8b9026d4b471cb3880f5da7fd99a4ededa81d452"
    },
    "addedDate" : 1478801084015,
    "metadata" : [ ]
  } ],
  "fileName" : "35d644b288a6dffd1e285babb20d591dbc5e4e02.json",
  "name" : "Ezra Taft Benson-Prophets of the Restoration",
  "english" : true,
  "publicTitle" : "Ezra Taft Benson—Prophets of the Restoration",
  "collectionUri" : "ezra-taft-benson-prophets-of-the-restoration"
}