{
  "parentCollectionID" : "b91d19b3a88f45129e9ec20d8c175bfa",
  "parentCollectionPath" : "Mobile Media Library/English - Video/Scriptural Reenactments and Teachings/Book of Mormon Videos",
  "collectionType" : "assets",
  "path" : "Mobile Media Library/English - Video/Scriptural Reenactments and Teachings/Book of Mormon Videos/Alma 53-58",
  "collectionID" : "36c5625f2ef44ae799524a86ae85c85a",
  "language" : "eng",
  "type" : "DEFAULT",
  "lastUpdatedDate" : "2024-08-22T15:00:05.826-06:00",
  "links" : [ {
    "rel" : "details",
    "href" : "https://titanapi.churchofjesuschrist.org/assetsearch/api/v2/collection/details/collectionID/36c5625f2ef44ae799524a86ae85c85a"
  } ],
  "coverImages" : [ {
    "asset" : {
      "assetID" : "a5edc187e4cc0f5c3695d248c2a72bb98aaf65e1"
    }
  } ],
  "related" : [ ],
  "metadata" : [ {
    "key" : "orderIndex",
    "value" : "32"
  }, {
    "key" : "channel",
    "value" : "mobile",
    "language" : "eng"
  }, {
    "key" : "collectionUri",
    "value" : "alma-53-58",
    "language" : "eng"
  }, {
    "key" : "publicTitle",
    "value" : "Alma 53-58",
    "language" : "eng"
  } ],
  "children" : [ ],
  "assets" : [ {
    "asset" : {
      "assetID" : "cc5b6692b54f11ee84f4eeeeac1e5256a8309b1e"
    },
    "index" : 0,
    "addedDate" : 1721690110164,
    "metadata" : [ ]
  }, {
    "asset" : {
      "assetID" : "aDP6UwngheTumyRoxNQVJRFjwoZVm7KWeCUPmc4j"
    },
    "index" : 3,
    "addedDate" : 1723459506585,
    "metadata" : [ ]
  }, {
    "asset" : {
      "assetID" : "fw9ASO4ZSDKy4fTwLuJFEj9430kB5cJ7GAzs3QOn"
    },
    "index" : 1,
    "addedDate" : 1723459475886,
    "metadata" : [ ]
  }, {
    "asset" : {
      "assetID" : "Gnco0VY7LCcXojMNOns8i345o8TJ3NpikaEjkFy9"
    },
    "index" : 2,
    "addedDate" : 1723459492502,
    "metadata" : [ ]
  }, {
    "asset" : {
      "assetID" : "COcGZzJLI0SF5VoD2snaSGrqtq7aMl5XUgRmfqhM"
    },
    "index" : 4,
    "addedDate" : 1723459529148,
    "metadata" : [ ]
  } ],
  "fileName" : "36c5625f2ef44ae799524a86ae85c85a.json",
  "name" : "Alma 53-58",
  "english" : true,
  "publicTitle" : "Alma 53-58",
  "collectionUri" : "alma-53-58"
}