{
  "parentCollectionID" : "cf85c91130707a35b093142c83b7dac57fa0df38",
  "parentCollectionPath" : "Mobile Media Library/English - Video/Broadcasts/Musical Broadcasts",
  "collectionType" : "assets",
  "path" : "Mobile Media Library/English - Video/Broadcasts/Musical Broadcasts/The Promise of Christmas",
  "collectionID" : "36f45d283d96457ea48bb135c200b5dc",
  "language" : "eng",
  "type" : "DEFAULT",
  "lastUpdatedDate" : "2022-11-22T12:22:32.076-07:00",
  "links" : [ {
    "rel" : "details",
    "href" : "https://titanapi.churchofjesuschrist.org/assetsearch/api/v2/collection/details/collectionID/36f45d283d96457ea48bb135c200b5dc"
  } ],
  "coverImages" : [ {
    "asset" : {
      "assetID" : "29b91a1365c611eda13aeeeeac1e6dc49d2fecac"
    }
  } ],
  "related" : [ ],
  "metadata" : [ {
    "key" : "orderIndex",
    "value" : "1"
  }, {
    "key" : "channel",
    "value" : "mobile",
    "language" : "eng"
  }, {
    "key" : "collectionUri",
    "value" : "the-promise-of-christmas",
    "language" : "eng"
  }, {
    "key" : "publicTitle",
    "value" : "The Promise of Christmas",
    "language" : "eng"
  } ],
  "children" : [ ],
  "assets" : [ {
    "asset" : {
      "assetID" : "7b541175660511edbd74eeeeac1ee8d0b5e61cb0"
    },
    "index" : 0,
    "addedDate" : 1669144981294,
    "metadata" : [ ]
  }, {
    "asset" : {
      "assetID" : "7bf9941e677211edbd01eeeeac1eeebef38113a5"
    },
    "index" : 7,
    "addedDate" : 1669146806805,
    "metadata" : [ ]
  }, {
    "asset" : {
      "assetID" : "8533cab3677211eda40eeeeeac1ead22897bc33f"
    },
    "index" : 3,
    "addedDate" : 1669145727800,
    "metadata" : [ ]
  }, {
    "asset" : {
      "assetID" : "7e991e30677211ed9748eeeeac1ea649042c1b6d"
    },
    "index" : 11,
    "addedDate" : 1669152013897,
    "metadata" : [ ]
  }, {
    "asset" : {
      "assetID" : "8acf7dc4677211eda40eeeeeac1ead222445d2c2"
    },
    "index" : 9,
    "addedDate" : 1669151783065,
    "metadata" : [ ]
  }, {
    "asset" : {
      "assetID" : "789de5f6677211edbf6eeeeeac1e0782db819d8c"
    },
    "index" : 6,
    "addedDate" : 1669146663695,
    "metadata" : [ ]
  }, {
    "asset" : {
      "assetID" : "735ef8ec677211ed97e3eeeeac1e1dea0eee3a71"
    },
    "index" : 2,
    "addedDate" : 1669145566491,
    "metadata" : [ ]
  }, {
    "asset" : {
      "assetID" : "7c93631a677211ed9b2deeeeac1e295178535e78"
    },
    "index" : 5,
    "addedDate" : 1669146530885,
    "metadata" : [ ]
  }, {
    "asset" : {
      "assetID" : "7f3a673a677211edb95beeeeac1e79c6210b7e4e"
    },
    "index" : 8,
    "addedDate" : 1669146937818,
    "metadata" : [ ]
  }, {
    "asset" : {
      "assetID" : "7f5409b5677211ed8dafeeeeac1e98f561591373"
    },
    "index" : 1,
    "addedDate" : 1669145311304,
    "metadata" : [ ]
  }, {
    "asset" : {
      "assetID" : "97518c4d677211eda707eeeeac1ec0f2572ec5e6"
    },
    "index" : 12,
    "addedDate" : 1669152384950,
    "metadata" : [ ]
  }, {
    "asset" : {
      "assetID" : "989d462b677211edb4aaeeeeac1e857e92e07b2e"
    },
    "index" : 13,
    "addedDate" : 1669152418266,
    "metadata" : [ ]
  }, {
    "asset" : {
      "assetID" : "9aa8cd98677211edaa88eeeeac1ee65efd5c4c82"
    },
    "index" : 10,
    "addedDate" : 1669151893765,
    "metadata" : [ ]
  }, {
    "asset" : {
      "assetID" : "9b1fd25a677211ed96b3eeeeac1e17dda310787a"
    },
    "index" : 14,
    "addedDate" : 1669152505722,
    "metadata" : [ ]
  }, {
    "asset" : {
      "assetID" : "a015a873677211ed9c73eeeeac1ec69a0531f72f"
    },
    "index" : 4,
    "addedDate" : 1669145830359,
    "metadata" : [ ]
  } ],
  "fileName" : "36f45d283d96457ea48bb135c200b5dc.json",
  "name" : "The Promise of Christmas",
  "english" : true,
  "publicTitle" : "The Promise of Christmas",
  "collectionUri" : "the-promise-of-christmas"
}