{
  "parentCollectionID" : "38b9e81d44343bf4204296241568235d6e8e77c6",
  "parentCollectionPath" : "Mobile Media Library/English - Featured",
  "collectionType" : "assets",
  "path" : "Mobile Media Library/English - Featured/Growing Faith",
  "collectionID" : "37286cf4b752443092c8fa10b03adb3a",
  "language" : "eng",
  "type" : "DEFAULT",
  "lastUpdatedDate" : "2024-12-10T13:48:59.264-07:00",
  "links" : [ {
    "rel" : "details",
    "href" : "https://titanapi.churchofjesuschrist.org/assetsearch/api/v2/collection/details/collectionID/37286cf4b752443092c8fa10b03adb3a"
  } ],
  "coverImages" : [ {
    "asset" : {
      "assetID" : "7fd88f97c869cbddd5b898a1aa065c502e7b9d53"
    }
  } ],
  "related" : [ ],
  "metadata" : [ {
    "key" : "orderIndex",
    "value" : "9"
  }, {
    "key" : "channel",
    "value" : "mobile",
    "language" : "eng"
  }, {
    "key" : "collectionUri",
    "value" : "growing-faith-features",
    "language" : "eng"
  }, {
    "key" : "publicTitle",
    "value" : "Growing Faith",
    "language" : "eng"
  } ],
  "children" : [ ],
  "assets" : [ {
    "asset" : {
      "assetID" : "F9B54677EA1B3BA596849ACBA500C4D342FBE8C5"
    },
    "index" : 4,
    "addedDate" : 1717438476290,
    "metadata" : [ ]
  }, {
    "asset" : {
      "assetID" : "67e5b5fb5e8d11ec9a90eeeeac1e181ad8df10cc"
    },
    "index" : 5,
    "addedDate" : 1717438476290,
    "metadata" : [ ]
  }, {
    "asset" : {
      "assetID" : "715a58498db311ec8827eeeeac1ee76dfe10956b"
    },
    "index" : 10,
    "addedDate" : 1717438476300,
    "metadata" : [ ]
  }, {
    "asset" : {
      "assetID" : "9df227d2d52d11ec9cd7eeeeac1ed76794454e32"
    },
    "index" : 6,
    "addedDate" : 1717438476293,
    "metadata" : [ ]
  }, {
    "asset" : {
      "assetID" : "b2924291e82011eca19ceeeeac1edba0b16a5630"
    },
    "index" : 7,
    "addedDate" : 1717438476293,
    "metadata" : [ ]
  }, {
    "asset" : {
      "assetID" : "5e9dc24e7d7b11ed99eceeeeac1ed2e0b1cf1acf"
    },
    "index" : 8,
    "addedDate" : 1717438476296,
    "metadata" : [ ]
  }, {
    "asset" : {
      "assetID" : "1bcdfd1af0fd11ed8ae1eeeeac1e8d38df86e3e3"
    },
    "index" : 3,
    "addedDate" : 1717438476286,
    "metadata" : [ ]
  }, {
    "asset" : {
      "assetID" : "2301b9d911e611eeb5cdeeeeac1e68d03fbfc697"
    },
    "index" : 9,
    "addedDate" : 1717438476296,
    "metadata" : [ ]
  }, {
    "asset" : {
      "assetID" : "83355702d00c11ee95b8eeeeac1ef2b44fd7662e"
    },
    "index" : 0,
    "addedDate" : 1717438476300,
    "metadata" : [ ]
  }, {
    "asset" : {
      "assetID" : "3eae6c321ec611efa4220289f5631d8f9f90b390"
    },
    "index" : 2,
    "addedDate" : 1724094943473,
    "metadata" : [ ]
  }, {
    "asset" : {
      "assetID" : "097d03945f0f11ef9b450286e0573c63af29d64a"
    },
    "index" : 1,
    "addedDate" : 1730317637176,
    "metadata" : [ ]
  }, {
    "asset" : {
      "assetID" : "b3c4a629963011efb4e50289f5631d8fd8efc2c2"
    },
    "index" : 11,
    "addedDate" : 1737483476036,
    "metadata" : [ ]
  } ],
  "fileName" : "37286cf4b752443092c8fa10b03adb3a.json",
  "name" : "Growing Faith",
  "english" : true,
  "publicTitle" : "Growing Faith",
  "collectionUri" : "growing-faith-features"
}