{
  "parentCollectionID" : "d5e8644312c74774b43cca21ad6ca6a0",
  "parentCollectionPath" : "Mobile Media Library/English - Video/People/Latter-day Apostles",
  "collectionType" : "assets",
  "path" : "Mobile Media Library/English - Video/People/Latter-day Apostles/Boyd K. Packer",
  "collectionID" : "3786a246389fb2f72fb173712d5c7f2d853a069f",
  "language" : "eng",
  "type" : "DEFAULT",
  "lastUpdatedDate" : "2019-10-28T16:40:50.643-06:00",
  "links" : [ {
    "rel" : "details",
    "href" : "https://titanapi.churchofjesuschrist.org/assetsearch/api/v2/collection/details/collectionID/3786a246389fb2f72fb173712d5c7f2d853a069f"
  } ],
  "coverImages" : [ {
    "asset" : {
      "assetID" : "4ea66ba0d2f485e4161f714ee061a876d8a29058"
    }
  } ],
  "related" : [ ],
  "metadata" : [ {
    "key" : "collectionUri",
    "value" : "boyd-k-packer-video-collection",
    "language" : "eng"
  }, {
    "key" : "publicTitle",
    "value" : "Boyd K. Packer",
    "language" : "eng"
  }, {
    "key" : "orderIndex",
    "value" : "1"
  } ],
  "children" : [ ],
  "assets" : [ {
    "asset" : {
      "assetID" : "025cced4965a826f5501e1cb2df16afb0d1198d9"
    },
    "addedDate" : 1540495132718,
    "metadata" : [ ]
  }, {
    "asset" : {
      "assetID" : "49ecf0221e2c6ad789db5c0660d6dbc98106fbb6"
    },
    "addedDate" : 1576803729541,
    "metadata" : [ ]
  }, {
    "asset" : {
      "assetID" : "1da900ebb62c88db55e6bfecf4d9e4cd35aece02"
    },
    "addedDate" : 1539894228320,
    "metadata" : [ ]
  }, {
    "asset" : {
      "assetID" : "25b7a735b26b6e60c3d714a25e1f80580825bfea"
    },
    "addedDate" : 1539896842587,
    "metadata" : [ ]
  }, {
    "asset" : {
      "assetID" : "2d79d70ba5f0e69ab6cffdd1b64306fd7e50e9b8"
    },
    "addedDate" : 1539892854656,
    "metadata" : [ ]
  }, {
    "asset" : {
      "assetID" : "4289720933a872c89ad5490a126ff9b63bd70e84"
    },
    "addedDate" : 1576805479159,
    "metadata" : [ ]
  }, {
    "asset" : {
      "assetID" : "31509fad362d7a0840ca523d411b93b7c73102ff"
    },
    "addedDate" : 1539896921905,
    "metadata" : [ ]
  }, {
    "asset" : {
      "assetID" : "31b88fa4dcda77a9f42fad5d5d3f5a888ec7a3fb"
    },
    "addedDate" : 1539896823479,
    "metadata" : [ ]
  }, {
    "asset" : {
      "assetID" : "4d9de9a50cb41e74a4544623fe578a67877f02c0"
    },
    "addedDate" : 1579141657164,
    "metadata" : [ ]
  }, {
    "asset" : {
      "assetID" : "47a7bc49515d816c332d324ffe25810cb7f1564e"
    },
    "addedDate" : 1539896948998,
    "metadata" : [ ]
  }, {
    "asset" : {
      "assetID" : "d6f260ab00a7bfae855bdae7eca8c8935619f468"
    },
    "addedDate" : 1576805479159,
    "metadata" : [ ]
  }, {
    "asset" : {
      "assetID" : "500ca485ecf37743607c3086410498abd0500a60"
    },
    "addedDate" : 1539896718936,
    "metadata" : [ ]
  }, {
    "asset" : {
      "assetID" : "682e70b95c0d234dd71c365dd7ff1d45a47d9ae9"
    },
    "addedDate" : 1576803894563,
    "metadata" : [ ]
  }, {
    "asset" : {
      "assetID" : "004f6a917efd32c558648f5851c63bb298bdbef4"
    },
    "addedDate" : 1576805479159,
    "metadata" : [ ]
  }, {
    "asset" : {
      "assetID" : "7603d930069c5f0d8e3d8cd1f27481b1a8bbbcfa"
    },
    "addedDate" : 1539893678485,
    "metadata" : [ ]
  }, {
    "asset" : {
      "assetID" : "79b1fce9056f3c1633a713754e4d2af6da5b4b84"
    },
    "addedDate" : 1539896784893,
    "metadata" : [ ]
  }, {
    "asset" : {
      "assetID" : "2f75926b1b3d3eefa41908ce540d5b5d4966e531"
    },
    "addedDate" : 1539893849234,
    "metadata" : [ ]
  }, {
    "asset" : {
      "assetID" : "7d09a4722be51c1523b94c827c67987b0f84fc73"
    },
    "addedDate" : 1539894272490,
    "metadata" : [ ]
  }, {
    "asset" : {
      "assetID" : "826706e0dd215927e3e6f32fc9d3cd1a964d8148"
    },
    "addedDate" : 1576804248451,
    "metadata" : [ ]
  }, {
    "asset" : {
      "assetID" : "8ebe18763b6c2946d182ca21a39550393fec1b9b"
    },
    "addedDate" : 1540495021346,
    "metadata" : [ ]
  }, {
    "asset" : {
      "assetID" : "acf467ccbe29919345d6fd6d1c0f831bd6d56ac5"
    },
    "addedDate" : 1539896692515,
    "metadata" : [ ]
  }, {
    "asset" : {
      "assetID" : "d06be206e998e886376193bf859c800e53535613"
    },
    "addedDate" : 1539896900861,
    "metadata" : [ ]
  }, {
    "asset" : {
      "assetID" : "d61da83e92185c75e04594abed4ee3a0ced8053f"
    },
    "addedDate" : 1539896971671,
    "metadata" : [ ]
  }, {
    "asset" : {
      "assetID" : "d95aa8695074757a38ea4c84950fd2d5bd71b49a"
    },
    "addedDate" : 1539896804293,
    "metadata" : [ ]
  }, {
    "asset" : {
      "assetID" : "7284d921e1f1b5c2d4cfed721ef079ddd9c9fc35"
    },
    "addedDate" : 1539894254763,
    "metadata" : [ ]
  }, {
    "asset" : {
      "assetID" : "b410b4b70d7185484b1368a08dc051b0b33d3a0d"
    },
    "addedDate" : 1539896764519,
    "metadata" : [ ]
  }, {
    "asset" : {
      "assetID" : "124687ce7f03efc01e719ceab15e155566162f9d"
    },
    "addedDate" : 1539896743944,
    "metadata" : [ ]
  }, {
    "asset" : {
      "assetID" : "f2aab93b5c8368a2acfb7ef694d6b8d71f0ea25e"
    },
    "addedDate" : 1539896873179,
    "metadata" : [ ]
  }, {
    "asset" : {
      "assetID" : "c35f95bd45fc373eb090f5dc261f83e3156d645d"
    },
    "addedDate" : 1592396741543,
    "metadata" : [ ]
  } ],
  "fileName" : "3786a246389fb2f72fb173712d5c7f2d853a069f.json",
  "name" : "Boyd K. Packer",
  "english" : true,
  "publicTitle" : "Boyd K. Packer",
  "collectionUri" : "boyd-k-packer-video-collection"
}