{
  "parentCollectionID" : "bd59191796027fc53f46f5811862b4ff2baaa3b2",
  "parentCollectionPath" : "Mobile Media Library/English - Video/Topics",
  "collectionType" : "assets",
  "path" : "Mobile Media Library/English - Video/Topics/Women",
  "collectionID" : "37abecd1de4f4ceb8a30be255020bc67",
  "language" : "eng",
  "type" : "DEFAULT",
  "lastUpdatedDate" : "2020-09-20T12:05:08.446-06:00",
  "links" : [ {
    "rel" : "details",
    "href" : "https://titanapi.churchofjesuschrist.org/assetsearch/api/v2/collection/details/collectionID/37abecd1de4f4ceb8a30be255020bc67"
  } ],
  "coverImages" : [ {
    "asset" : {
      "assetID" : "73ea107abef4e7eb469f1b5d198a53c009e207ad"
    }
  } ],
  "related" : [ ],
  "metadata" : [ {
    "key" : "description",
    "value" : "The supreme role and contributions of women everywhere in the Church and the world is a force for good without measure. Sisters Eubank, Burton, and Dalton, as well as members of the Twelve, speak of the need for women in society, the family, and the Church.",
    "language" : "eng"
  }, {
    "key" : "collectionUri",
    "value" : "women-topic",
    "language" : "eng"
  }, {
    "key" : "publicTitle",
    "value" : "Women",
    "language" : "eng"
  }, {
    "key" : "orderIndex",
    "value" : "106"
  } ],
  "children" : [ ],
  "assets" : [ {
    "asset" : {
      "assetID" : "63be121abb46c9aaa17604ecb2b499ac8326b655"
    },
    "addedDate" : 1583215592522,
    "metadata" : [ ]
  }, {
    "asset" : {
      "assetID" : "dc7b2f2cef5864a9de1b6409fa60db885c774132"
    },
    "addedDate" : 1583215324365,
    "metadata" : [ ]
  }, {
    "asset" : {
      "assetID" : "e72624e3ead8358d0591619599b08a4c6e73f5e1"
    },
    "addedDate" : 1583216106404,
    "metadata" : [ ]
  }, {
    "asset" : {
      "assetID" : "30fb90d85eb6980af201653c2fac9986a12ed219"
    },
    "addedDate" : 1583216006541,
    "metadata" : [ ]
  }, {
    "asset" : {
      "assetID" : "88850e43bcccaf150cd9fcc641ee74e3809091cd"
    },
    "addedDate" : 1577245537496,
    "metadata" : [ ]
  }, {
    "asset" : {
      "assetID" : "16b8e82817279f199374d2e5e587ec764ceeb44f"
    },
    "addedDate" : 1583215441207,
    "metadata" : [ ]
  }, {
    "asset" : {
      "assetID" : "2fe8c65e9487e07b8d6155537f9a85b0eff9eb66"
    },
    "addedDate" : 1583215819595,
    "metadata" : [ ]
  }, {
    "asset" : {
      "assetID" : "ca6cc126bf7b2e3ad9d448658df94bba5d5160c1"
    },
    "addedDate" : 1583216427973,
    "metadata" : [ ]
  }, {
    "asset" : {
      "assetID" : "76f60af3a7ca7818455ab2cafb759f6952156c29"
    },
    "addedDate" : 1583215707888,
    "metadata" : [ ]
  }, {
    "asset" : {
      "assetID" : "A347822E571432A60162A8B0AF7345AFB08A0EE7"
    },
    "addedDate" : 1590702329617,
    "metadata" : [ ]
  }, {
    "asset" : {
      "assetID" : "E59390A1E3C8A365E82E2262562C3A0577DD2332"
    },
    "addedDate" : 1590698750850,
    "metadata" : [ ]
  } ],
  "fileName" : "37abecd1de4f4ceb8a30be255020bc67.json",
  "name" : "Women",
  "english" : true,
  "publicTitle" : "Women",
  "description" : "The supreme role and contributions of women everywhere in the Church and the world is a force for good without measure. Sisters Eubank, Burton, and Dalton, as well as members of the Twelve, speak of the need for women in society, the family, and the Church.",
  "collectionUri" : "women-topic"
}