{
  "parentCollectionID" : "0e22f7439564f2b0e7eeca06cca014d23569bcae",
  "parentCollectionPath" : "Mobile Media Library/English - Video/Teaching and Lessons/Seminary and Institute/Online Seminary/D&C Online Seminary Reference",
  "collectionType" : "assets",
  "path" : "Mobile Media Library/English - Video/Teaching and Lessons/Seminary and Institute/Online Seminary/D&C Online Seminary Reference/Unit 7 (D&C)",
  "collectionID" : "37c6b5afbada28927507bb97e51e361d181adabe",
  "language" : "eng",
  "type" : "DEFAULT",
  "lastUpdatedDate" : "2020-04-15T22:24:17.580-06:00",
  "links" : [ {
    "rel" : "details",
    "href" : "https://titanapi.churchofjesuschrist.org/assetsearch/api/v2/collection/details/collectionID/37c6b5afbada28927507bb97e51e361d181adabe"
  } ],
  "coverImages" : [ {
    "asset" : {
      "assetID" : "456eff82a7f7c349b6577023b5e465ac7e31fa5d"
    }
  } ],
  "related" : [ ],
  "metadata" : [ {
    "key" : "collectionUri",
    "value" : "unit-7-dc",
    "language" : "eng"
  }, {
    "key" : "publicTitle",
    "value" : "Unit 7 (D&C)",
    "language" : "eng"
  }, {
    "key" : "orderIndex",
    "value" : "29"
  } ],
  "children" : [ ],
  "assets" : [ {
    "asset" : {
      "assetID" : "bfcbc550cb5f0e50d38f5961108ae0103307a6e8"
    },
    "addedDate" : 1480958123053,
    "metadata" : [ ]
  }, {
    "asset" : {
      "assetID" : "52ca59afb5aed550488f964beee7e83a8e7fc1b4"
    },
    "addedDate" : 1587004928130,
    "metadata" : [ ]
  }, {
    "asset" : {
      "assetID" : "8b8fea9187bdc0c73564727dc12f9b52be5f0751"
    },
    "addedDate" : 1480958630044,
    "metadata" : [ ]
  }, {
    "asset" : {
      "assetID" : "80750d7df7d86950af982f468fdb7a91481a7b37"
    },
    "addedDate" : 1480958088089,
    "metadata" : [ ]
  }, {
    "asset" : {
      "assetID" : "7efbb47e5d5fa2120487dc1ab9d6afc192eb8478"
    },
    "addedDate" : 1480958155015,
    "metadata" : [ ]
  }, {
    "asset" : {
      "assetID" : "f279de54c00d556cec6f8a20bc9f34ca1d2cdd9c"
    },
    "addedDate" : 1480958609010,
    "metadata" : [ ]
  }, {
    "asset" : {
      "assetID" : "f1228a073c0c1bd79ab7dac9cb705c0a7a074ee9"
    },
    "addedDate" : 1480958187090,
    "metadata" : [ ]
  }, {
    "asset" : {
      "assetID" : "8ac4d4f6e40766da9fcccd360d7ac33260acdda6"
    },
    "addedDate" : 1632956855919,
    "metadata" : [ ]
  } ],
  "fileName" : "37c6b5afbada28927507bb97e51e361d181adabe.json",
  "name" : "Unit 7 (D&C)",
  "english" : true,
  "publicTitle" : "Unit 7 (D&C)",
  "collectionUri" : "unit-7-dc"
}