{
  "parentCollectionID" : "21aa177dec11009186f4eddaa19d0dacb959eb97",
  "parentCollectionPath" : "Mobile Media Library/English - Video/Callings and Trainings/Leadership/Leadership Training Library/Relief Society",
  "collectionType" : "assets",
  "path" : "Mobile Media Library/English - Video/Callings and Trainings/Leadership/Leadership Training Library/Relief Society/Messages from Leaders",
  "collectionID" : "37d64473cfaa7f4f2edc7416504fc195c2d27e55",
  "language" : "eng",
  "type" : "DEFAULT",
  "lastUpdatedDate" : "2019-10-28T16:40:50.643-06:00",
  "links" : [ {
    "rel" : "details",
    "href" : "https://titanapi.churchofjesuschrist.org/assetsearch/api/v2/collection/details/collectionID/37d64473cfaa7f4f2edc7416504fc195c2d27e55"
  } ],
  "coverImages" : [ {
    "asset" : {
      "assetID" : "8171c8a1fb5496db618c7c5d602143b00de99a59"
    }
  } ],
  "related" : [ ],
  "metadata" : [ {
    "key" : "collectionUri",
    "value" : "ltl-messages-from-leaders-relief-society",
    "language" : "eng"
  }, {
    "key" : "publicTitle",
    "value" : "Messages from Leaders",
    "language" : "eng"
  } ],
  "children" : [ ],
  "assets" : [ {
    "asset" : {
      "assetID" : "972fa84af8a27cbf9807f6350f034f04e7803bf8"
    },
    "addedDate" : 1529076898088,
    "metadata" : [ ]
  }, {
    "asset" : {
      "assetID" : "889dcd9b44a01f0116ddb1a8686b4beb58194d45"
    },
    "addedDate" : 1529526338082,
    "metadata" : [ ]
  }, {
    "asset" : {
      "assetID" : "b9fcc1071e2fdfe5d95c40b030f12a7728753d85"
    },
    "addedDate" : 1529076942072,
    "metadata" : [ ]
  }, {
    "asset" : {
      "assetID" : "a79421b85c77f34509a9d8a2ca30c6df445f4852"
    },
    "addedDate" : 1529076802089,
    "metadata" : [ ]
  } ],
  "fileName" : "37d64473cfaa7f4f2edc7416504fc195c2d27e55.json",
  "name" : "Messages from Leaders",
  "english" : true,
  "publicTitle" : "Messages from Leaders",
  "collectionUri" : "ltl-messages-from-leaders-relief-society"
}