{
  "parentCollectionID" : "bd59191796027fc53f46f5811862b4ff2baaa3b2",
  "parentCollectionPath" : "Mobile Media Library/English - Video/Topics",
  "collectionType" : "assets",
  "path" : "Mobile Media Library/English - Video/Topics/Bishops",
  "collectionID" : "37ea034683ec476ab92703d2e29b76be",
  "language" : "eng",
  "type" : "DEFAULT",
  "lastUpdatedDate" : "2020-08-25T14:29:47.387-06:00",
  "links" : [ {
    "rel" : "details",
    "href" : "https://titanapi.churchofjesuschrist.org/assetsearch/api/v2/collection/details/collectionID/37ea034683ec476ab92703d2e29b76be"
  } ],
  "coverImages" : [ {
    "asset" : {
      "assetID" : "793532b3a2cf93f6e4820c403e9eaea5e63f179e"
    }
  } ],
  "related" : [ ],
  "metadata" : [ {
    "key" : "description",
    "value" : "The Church is composed of and explained as a structural organization with bishops and branch presidents, who serve and preside over local congregations.",
    "language" : "eng"
  }, {
    "key" : "collectionUri",
    "value" : "bishops-topic",
    "language" : "eng"
  }, {
    "key" : "publicTitle",
    "value" : "Bishops",
    "language" : "eng"
  }, {
    "key" : "orderIndex",
    "value" : "9"
  } ],
  "children" : [ ],
  "assets" : [ {
    "asset" : {
      "assetID" : "272f437d6ce0c5a66fabc18c8d64b0674ad378f9"
    },
    "addedDate" : 1576894285196,
    "metadata" : [ ]
  }, {
    "asset" : {
      "assetID" : "3af4440bcdbd4e02ed2480376b8ef65f5eda6e50"
    },
    "addedDate" : 1576894254603,
    "metadata" : [ ]
  }, {
    "asset" : {
      "assetID" : "15e7bfb1a2aaf425864f9fd17135812d93a9f82e"
    },
    "addedDate" : 1576894275205,
    "metadata" : [ ]
  }, {
    "asset" : {
      "assetID" : "1e4d881c20233f071a9272a58106c5e8ea9f6452"
    },
    "addedDate" : 1576894265325,
    "metadata" : [ ]
  }, {
    "asset" : {
      "assetID" : "9c3606487b68a718261692c155704cbc62c596c4"
    },
    "addedDate" : 1576894235256,
    "metadata" : [ ]
  } ],
  "fileName" : "37ea034683ec476ab92703d2e29b76be.json",
  "name" : "Bishops",
  "english" : true,
  "publicTitle" : "Bishops",
  "description" : "The Church is composed of and explained as a structural organization with bishops and branch presidents, who serve and preside over local congregations.",
  "collectionUri" : "bishops-topic"
}