{
  "sourceCollectionId" : "8d8905cef700b03cb3afaabc032a3af882139e59",
  "parentCollectionID" : "22e3232e384c8650311b2940336759a89b8d6f8b",
  "parentCollectionPath" : "Mobile Media Library",
  "collectionType" : "collections",
  "path" : "Mobile Media Library/Italian - Video",
  "collectionID" : "38c0e0204d01418e8e9fc96f2268b044",
  "language" : "ita",
  "type" : "DEFAULT",
  "lastUpdatedDate" : "2024-07-22T13:56:33.290-06:00",
  "links" : [ {
    "rel" : "details",
    "href" : "https://titanapi.churchofjesuschrist.org/assetsearch/api/v2/collection/details/collectionID/38c0e0204d01418e8e9fc96f2268b044"
  } ],
  "coverImages" : [ {
    "asset" : {
      "assetID" : "5fed24fd67a45d2be64c74442c4f9d0bd5a89d21"
    }
  } ],
  "related" : [ ],
  "metadata" : [ {
    "key" : "orderIndex",
    "value" : "31"
  }, {
    "key" : "channel",
    "value" : "mobile",
    "language" : "ita"
  }, {
    "key" : "description",
    "value" : "La più grande raccolta di video creati da La Chiesa di Gesù Cristo dei Santi degli Ultimi Giorni, compresi video per le lezioni, i giovani, i bambini, di ispirazione, di addestramento e altro ancora.",
    "language" : "ita"
  }, {
    "key" : "collectionUri",
    "value" : "video",
    "language" : "ita"
  }, {
    "key" : "publicTitle",
    "value" : "Raccolte video",
    "language" : "ita"
  } ],
  "children" : [ {
    "path" : "Mobile Media Library/Italian - Video/Community Outreach",
    "collectionID" : "241b1195fe4b40b48498ff36a278262eb06fdce5",
    "type" : "DEFAULT",
    "lastUpdatedDate" : "2022-11-01T05:47:13.610-06:00",
    "links" : [ {
      "rel" : "details",
      "href" : "https://titanapi.churchofjesuschrist.org/assetsearch/api/v2/collection/details/collectionID/241b1195fe4b40b48498ff36a278262eb06fdce5"
    } ],
    "fileName" : "241b1195fe4b40b48498ff36a278262eb06fdce5.json"
  }, {
    "path" : "Mobile Media Library/Italian - Video/Broadcasts",
    "collectionID" : "cb9e349e446b43c995f71097315fc751b8eb33a6",
    "type" : "DEFAULT",
    "lastUpdatedDate" : "2024-07-22T13:56:43.915-06:00",
    "links" : [ {
      "rel" : "details",
      "href" : "https://titanapi.churchofjesuschrist.org/assetsearch/api/v2/collection/details/collectionID/cb9e349e446b43c995f71097315fc751b8eb33a6"
    } ],
    "fileName" : "cb9e349e446b43c995f71097315fc751b8eb33a6.json"
  }, {
    "path" : "Mobile Media Library/Italian - Video/Callings and Trainings",
    "collectionID" : "72f8a073548a401681e9137a06e6bed73631d537",
    "type" : "DEFAULT",
    "lastUpdatedDate" : "2022-04-01T01:15:44.700-06:00",
    "links" : [ {
      "rel" : "details",
      "href" : "https://titanapi.churchofjesuschrist.org/assetsearch/api/v2/collection/details/collectionID/72f8a073548a401681e9137a06e6bed73631d537"
    } ],
    "fileName" : "72f8a073548a401681e9137a06e6bed73631d537.json"
  }, {
    "path" : "Mobile Media Library/Italian - Video/Children",
    "collectionID" : "56ee53a35f46410fa1354f171c63963cb07dcebf",
    "type" : "DEFAULT",
    "lastUpdatedDate" : "2024-09-06T11:52:37.487-06:00",
    "links" : [ {
      "rel" : "details",
      "href" : "https://titanapi.churchofjesuschrist.org/assetsearch/api/v2/collection/details/collectionID/56ee53a35f46410fa1354f171c63963cb07dcebf"
    } ],
    "fileName" : "56ee53a35f46410fa1354f171c63963cb07dcebf.json"
  }, {
    "path" : "Mobile Media Library/Italian - Video/Church History",
    "collectionID" : "809f29016f8b4b0d8cc17f5e5fc49f9e7688059b",
    "type" : "DEFAULT",
    "lastUpdatedDate" : "2022-11-01T05:47:40.267-06:00",
    "links" : [ {
      "rel" : "details",
      "href" : "https://titanapi.churchofjesuschrist.org/assetsearch/api/v2/collection/details/collectionID/809f29016f8b4b0d8cc17f5e5fc49f9e7688059b"
    } ],
    "fileName" : "809f29016f8b4b0d8cc17f5e5fc49f9e7688059b.json"
  }, {
    "path" : "Mobile Media Library/Italian - Video/Family History",
    "collectionID" : "1db42dfab6af421baf699f4bb0d4b349161cccd9",
    "type" : "DEFAULT",
    "lastUpdatedDate" : "2022-11-01T05:48:18.426-06:00",
    "links" : [ {
      "rel" : "details",
      "href" : "https://titanapi.churchofjesuschrist.org/assetsearch/api/v2/collection/details/collectionID/1db42dfab6af421baf699f4bb0d4b349161cccd9"
    } ],
    "fileName" : "1db42dfab6af421baf699f4bb0d4b349161cccd9.json"
  }, {
    "path" : "Mobile Media Library/Italian - Video/Inspiration",
    "collectionID" : "2e625f9e9b114cf0964956d8da9699e9c37a394f",
    "type" : "DEFAULT",
    "lastUpdatedDate" : "2024-09-06T11:55:52.286-06:00",
    "links" : [ {
      "rel" : "details",
      "href" : "https://titanapi.churchofjesuschrist.org/assetsearch/api/v2/collection/details/collectionID/2e625f9e9b114cf0964956d8da9699e9c37a394f"
    } ],
    "fileName" : "2e625f9e9b114cf0964956d8da9699e9c37a394f.json"
  }, {
    "path" : "Mobile Media Library/Italian - Video/Life Help",
    "collectionID" : "95c79e3383d149d0b75b11478e1bcd6e404a04c7",
    "type" : "DEFAULT",
    "lastUpdatedDate" : "2023-06-20T15:03:52.742-06:00",
    "links" : [ {
      "rel" : "details",
      "href" : "https://titanapi.churchofjesuschrist.org/assetsearch/api/v2/collection/details/collectionID/95c79e3383d149d0b75b11478e1bcd6e404a04c7"
    } ],
    "fileName" : "95c79e3383d149d0b75b11478e1bcd6e404a04c7.json"
  }, {
    "path" : "Mobile Media Library/Italian - Video/People",
    "collectionID" : "f9b35aa3b0f8466cb7de65e1cb9b372bbde94c6b",
    "type" : "DEFAULT",
    "lastUpdatedDate" : "2022-04-01T01:15:44.700-06:00",
    "links" : [ {
      "rel" : "details",
      "href" : "https://titanapi.churchofjesuschrist.org/assetsearch/api/v2/collection/details/collectionID/f9b35aa3b0f8466cb7de65e1cb9b372bbde94c6b"
    } ],
    "fileName" : "f9b35aa3b0f8466cb7de65e1cb9b372bbde94c6b.json"
  }, {
    "path" : "Mobile Media Library/Italian - Video/Scriptural Reenactments and Teachings",
    "collectionID" : "7a8a38f58b2b4b109f93a8cd7409e8161d34629c",
    "type" : "DEFAULT",
    "lastUpdatedDate" : "2024-09-06T12:19:02.406-06:00",
    "links" : [ {
      "rel" : "details",
      "href" : "https://titanapi.churchofjesuschrist.org/assetsearch/api/v2/collection/details/collectionID/7a8a38f58b2b4b109f93a8cd7409e8161d34629c"
    } ],
    "fileName" : "7a8a38f58b2b4b109f93a8cd7409e8161d34629c.json"
  }, {
    "path" : "Mobile Media Library/Italian - Video/Sharing the Gospel",
    "collectionID" : "fa9a45a95fc44717aa65fd4bc72784f2af819595",
    "type" : "DEFAULT",
    "lastUpdatedDate" : "2022-04-01T01:15:44.700-06:00",
    "links" : [ {
      "rel" : "details",
      "href" : "https://titanapi.churchofjesuschrist.org/assetsearch/api/v2/collection/details/collectionID/fa9a45a95fc44717aa65fd4bc72784f2af819595"
    } ],
    "fileName" : "fa9a45a95fc44717aa65fd4bc72784f2af819595.json"
  }, {
    "path" : "Mobile Media Library/Italian - Video/Teaching and Lessons",
    "collectionID" : "e4f6ccf23b1d4892be7df80bd6da2b2578e528f8",
    "type" : "DEFAULT",
    "lastUpdatedDate" : "2022-04-01T01:15:44.700-06:00",
    "links" : [ {
      "rel" : "details",
      "href" : "https://titanapi.churchofjesuschrist.org/assetsearch/api/v2/collection/details/collectionID/e4f6ccf23b1d4892be7df80bd6da2b2578e528f8"
    } ],
    "fileName" : "e4f6ccf23b1d4892be7df80bd6da2b2578e528f8.json"
  }, {
    "path" : "Mobile Media Library/Italian - Video/Topics",
    "collectionID" : "c734ae50eeca41d3ad324f45c99c4ce72fde2a9f",
    "type" : "DEFAULT",
    "lastUpdatedDate" : "2023-06-07T13:28:57.430-06:00",
    "links" : [ {
      "rel" : "details",
      "href" : "https://titanapi.churchofjesuschrist.org/assetsearch/api/v2/collection/details/collectionID/c734ae50eeca41d3ad324f45c99c4ce72fde2a9f"
    } ],
    "fileName" : "c734ae50eeca41d3ad324f45c99c4ce72fde2a9f.json"
  }, {
    "path" : "Mobile Media Library/Italian - Video/Youth",
    "collectionID" : "d92f533da4f24a30b882781bfaaa8358643e401e",
    "type" : "DEFAULT",
    "lastUpdatedDate" : "2024-09-06T12:26:05.797-06:00",
    "links" : [ {
      "rel" : "details",
      "href" : "https://titanapi.churchofjesuschrist.org/assetsearch/api/v2/collection/details/collectionID/d92f533da4f24a30b882781bfaaa8358643e401e"
    } ],
    "fileName" : "d92f533da4f24a30b882781bfaaa8358643e401e.json"
  }, {
    "path" : "Mobile Media Library/Italian - Video/News and Events",
    "collectionID" : "10bcd58ec0c64021a8f1c6c13da35701",
    "type" : "DEFAULT",
    "lastUpdatedDate" : "2023-12-11T13:46:06.135-07:00",
    "links" : [ {
      "rel" : "details",
      "href" : "https://titanapi.churchofjesuschrist.org/assetsearch/api/v2/collection/details/collectionID/10bcd58ec0c64021a8f1c6c13da35701"
    } ],
    "fileName" : "10bcd58ec0c64021a8f1c6c13da35701.json"
  }, {
    "path" : "Mobile Media Library/Italian - Video/Holidays",
    "collectionID" : "79df423712b540159fcbdebb721a64d1",
    "type" : "DEFAULT",
    "lastUpdatedDate" : "2023-02-17T13:06:16.699-07:00",
    "links" : [ {
      "rel" : "details",
      "href" : "https://titanapi.churchofjesuschrist.org/assetsearch/api/v2/collection/details/collectionID/79df423712b540159fcbdebb721a64d1"
    } ],
    "fileName" : "79df423712b540159fcbdebb721a64d1.json"
  } ],
  "assets" : [ ],
  "fileName" : "38c0e0204d01418e8e9fc96f2268b044.json",
  "name" : "Italian - Video",
  "english" : false,
  "publicTitle" : "Raccolte video",
  "description" : "La più grande raccolta di video creati da La Chiesa di Gesù Cristo dei Santi degli Ultimi Giorni, compresi video per le lezioni, i giovani, i bambini, di ispirazione, di addestramento e altro ancora.",
  "collectionUri" : "video"
}