{
  "parentCollectionID" : "e30025804dc7443989067c1b234da192",
  "parentCollectionPath" : "Mobile Media Library/English - Video/Broadcasts/Teaching Religion to Youth and Young Adults",
  "collectionType" : "assets",
  "path" : "Mobile Media Library/English - Video/Broadcasts/Teaching Religion to Youth and Young Adults/2011–An Evening with President Dieter F. Uchtdorf",
  "collectionID" : "3903c0b109594c68bfb5460f1332acac",
  "language" : "eng",
  "type" : "DEFAULT",
  "lastUpdatedDate" : "2023-06-16T16:41:26.107-06:00",
  "links" : [ {
    "rel" : "details",
    "href" : "https://titanapi.churchofjesuschrist.org/assetsearch/api/v2/collection/details/collectionID/3903c0b109594c68bfb5460f1332acac"
  } ],
  "coverImages" : [ {
    "asset" : {
      "assetID" : "d476ecdb21a0c4209b4a2e8cfdc1cf3ea426ff97"
    }
  } ],
  "related" : [ ],
  "metadata" : [ {
    "key" : "orderIndex",
    "value" : "12"
  }, {
    "key" : "collectionUri",
    "value" : "evening-with-a-general-authority-2011",
    "language" : "eng"
  }, {
    "key" : "publicTitle",
    "value" : "2011–An Evening with President Dieter F. Uchtdorf",
    "language" : "eng"
  } ],
  "children" : [ ],
  "assets" : [ {
    "asset" : {
      "assetID" : "hkairqndqbkgek5kxvax78g0pi4qxu781rb4m57g"
    },
    "index" : 0,
    "addedDate" : 1686951421816,
    "metadata" : [ ]
  } ],
  "fileName" : "3903c0b109594c68bfb5460f1332acac.json",
  "name" : "2011–An Evening with President Dieter F. Uchtdorf",
  "english" : true,
  "publicTitle" : "2011–An Evening with President Dieter F. Uchtdorf",
  "collectionUri" : "evening-with-a-general-authority-2011"
}