{
  "parentCollectionID" : "2766fc224ee41cb8f5eceb607a29985caa1f9094",
  "parentCollectionPath" : "Mobile Media Library/English - Video/Callings and Trainings/Leadership/Leadership Training Library/Mission Leader",
  "collectionType" : "assets",
  "path" : "Mobile Media Library/English - Video/Callings and Trainings/Leadership/Leadership Training Library/Mission Leader/5.1.4 Ward Missionaries",
  "collectionID" : "391f5d70d614b7036645bb95f53afadea595aa66",
  "language" : "eng",
  "type" : "DEFAULT",
  "lastUpdatedDate" : "2019-10-28T16:40:50.643-06:00",
  "links" : [ {
    "rel" : "details",
    "href" : "https://titanapi.churchofjesuschrist.org/assetsearch/api/v2/collection/details/collectionID/391f5d70d614b7036645bb95f53afadea595aa66"
  } ],
  "coverImages" : [ {
    "asset" : {
      "assetID" : "3483a00368af825dd43af2cbe2aef2f5f78a8f3e"
    }
  } ],
  "related" : [ ],
  "metadata" : [ {
    "key" : "collectionUri",
    "value" : "ltl-514-ward-missionaries",
    "language" : "eng"
  }, {
    "key" : "publicTitle",
    "value" : "5.1.4 Ward Missionaries",
    "language" : "eng"
  } ],
  "children" : [ ],
  "assets" : [ {
    "asset" : {
      "assetID" : "c4ddd1c4ef008e2d01a2ecfb9d36bafdb6ba0be3"
    },
    "addedDate" : 1529081845028,
    "metadata" : [ ]
  } ],
  "fileName" : "391f5d70d614b7036645bb95f53afadea595aa66.json",
  "name" : "5.1.4 Ward Missionaries",
  "english" : true,
  "publicTitle" : "5.1.4 Ward Missionaries",
  "collectionUri" : "ltl-514-ward-missionaries"
}