{
  "parentCollectionID" : "a341dd20a0a648239e545d7a84dbe3e5",
  "parentCollectionPath" : "Mobile Media Library/English - Video/Life Help",
  "collectionType" : "assets",
  "path" : "Mobile Media Library/English - Video/Life Help/Abuse",
  "collectionID" : "394e77890e6e432dab3341e5ae700253",
  "language" : "eng",
  "type" : "DEFAULT",
  "lastUpdatedDate" : "2020-08-14T19:10:54.686-06:00",
  "links" : [ {
    "rel" : "details",
    "href" : "https://titanapi.churchofjesuschrist.org/assetsearch/api/v2/collection/details/collectionID/394e77890e6e432dab3341e5ae700253"
  } ],
  "coverImages" : [ {
    "asset" : {
      "assetID" : "d6349d224bf9c97e83e2ffea1369961b356263a0"
    }
  } ],
  "related" : [ ],
  "metadata" : [ {
    "key" : "collectionUri",
    "value" : "abuse-life-help",
    "language" : "eng"
  }, {
    "key" : "publicTitle",
    "value" : "Abuse",
    "language" : "eng"
  }, {
    "key" : "orderIndex",
    "value" : "2"
  } ],
  "children" : [ ],
  "assets" : [ {
    "asset" : {
      "assetID" : "8160bc1118948e04ad74a95b4805088b144acfb4"
    },
    "index" : 0,
    "addedDate" : 1596595836799,
    "metadata" : [ ]
  }, {
    "asset" : {
      "assetID" : "06503982dada11ed9966eeeeac1e23fa01dde6f5"
    },
    "index" : 1,
    "addedDate" : 1724095970826,
    "metadata" : [ ]
  } ],
  "fileName" : "394e77890e6e432dab3341e5ae700253.json",
  "name" : "Abuse",
  "english" : true,
  "publicTitle" : "Abuse",
  "collectionUri" : "abuse-life-help"
}