{
  "parentCollectionID" : "bd59191796027fc53f46f5811862b4ff2baaa3b2",
  "parentCollectionPath" : "Mobile Media Library/English - Video/Topics",
  "collectionType" : "assets",
  "path" : "Mobile Media Library/English - Video/Topics/Humility",
  "collectionID" : "3a352bdcc9a2df40f1636e260cfd99604aa06303",
  "language" : "eng",
  "type" : "DEFAULT",
  "lastUpdatedDate" : "2020-09-20T12:33:10.479-06:00",
  "links" : [ {
    "rel" : "details",
    "href" : "https://titanapi.churchofjesuschrist.org/assetsearch/api/v2/collection/details/collectionID/3a352bdcc9a2df40f1636e260cfd99604aa06303"
  } ],
  "coverImages" : [ {
    "asset" : {
      "assetID" : "22aaaa5fecc3420b7c60bcce45ccc55ed66ea5ff"
    }
  } ],
  "related" : [ ],
  "metadata" : [ {
    "key" : "description",
    "value" : "Church leaders discuss the virtue of meekness, how the absence of pride and hard-hearted attitudes invite contrition, and an ear to hear and a cooperative spirit which says, “Thy will be done.”",
    "language" : "eng"
  }, {
    "key" : "collectionUri",
    "value" : "humility-topic",
    "language" : "eng"
  }, {
    "key" : "publicTitle",
    "value" : "Humility",
    "language" : "eng"
  }, {
    "key" : "orderIndex",
    "value" : "48"
  } ],
  "children" : [ ],
  "assets" : [ {
    "asset" : {
      "assetID" : "493718a54b2fe0ae02a95609d936648f11d6021e"
    },
    "addedDate" : 1479746877086,
    "metadata" : [ ]
  }, {
    "asset" : {
      "assetID" : "37d7487e810ae994232c95e36fb06079d0762ac1"
    },
    "addedDate" : 1479746875002,
    "metadata" : [ ]
  }, {
    "asset" : {
      "assetID" : "e8686eb19006dfba093dea0551926b9733a9a987"
    },
    "addedDate" : 1479746875061,
    "metadata" : [ ]
  }, {
    "asset" : {
      "assetID" : "4736abd90bbc34e8906532007fe17e68443cc51e"
    },
    "addedDate" : 1479746869009,
    "metadata" : [ ]
  }, {
    "asset" : {
      "assetID" : "362ced1e898263b1abacd320f69e8de7ceecb43c"
    },
    "addedDate" : 1479746872009,
    "metadata" : [ ]
  }, {
    "asset" : {
      "assetID" : "1746181af2c97625639e7ba8bd7980613d23903c"
    },
    "addedDate" : 1479746867055,
    "metadata" : [ ]
  }, {
    "asset" : {
      "assetID" : "4742e3f58ac10c3b48b860178b3741448ae180fc"
    },
    "addedDate" : 1479746873022,
    "metadata" : [ ]
  }, {
    "asset" : {
      "assetID" : "290eed723aaa61741f063e666da7d6cd05dae3ca"
    },
    "addedDate" : 1479746870033,
    "metadata" : [ ]
  }, {
    "asset" : {
      "assetID" : "dab113719219fc01b8a28b2eb075cf1f675c4ca2"
    },
    "addedDate" : 1479746876018,
    "metadata" : [ ]
  }, {
    "asset" : {
      "assetID" : "5a7ee855bf98d2f50aaad480b96ad7b0abcb3e39"
    },
    "addedDate" : 1479746876074,
    "metadata" : [ ]
  }, {
    "asset" : {
      "assetID" : "46d6434502d59e86cb12206aa597afe41032629f"
    },
    "addedDate" : 1479746877032,
    "metadata" : [ ]
  }, {
    "asset" : {
      "assetID" : "d17761b203bd79fb66329bb62aabf950fcdda72c"
    },
    "addedDate" : 1479746870093,
    "metadata" : [ ]
  }, {
    "asset" : {
      "assetID" : "0069321f2ad29e46cce0601fb95cc8ae97cffb5c"
    },
    "addedDate" : 1592433099933,
    "metadata" : [ ]
  }, {
    "asset" : {
      "assetID" : "233d9b174cbb73e65f2466a0543932fe7846fa7b"
    },
    "addedDate" : 1632956826857,
    "metadata" : [ ]
  }, {
    "asset" : {
      "assetID" : "dfab2f188d8807c734e97c880fd356c1ec87e24c"
    },
    "addedDate" : 1565670646038,
    "metadata" : [ ]
  }, {
    "asset" : {
      "assetID" : "5b20ae1b83c29b65f24faf1e693701ef7fc57719"
    },
    "addedDate" : 1567808989770,
    "metadata" : [ ]
  }, {
    "asset" : {
      "assetID" : "ccfd0a1cf209e65ab55e67c2858bcea9cf08f134"
    },
    "addedDate" : 1592396731385,
    "metadata" : [ ]
  } ],
  "fileName" : "3a352bdcc9a2df40f1636e260cfd99604aa06303.json",
  "name" : "Humility",
  "english" : true,
  "publicTitle" : "Humility",
  "description" : "Church leaders discuss the virtue of meekness, how the absence of pride and hard-hearted attitudes invite contrition, and an ear to hear and a cooperative spirit which says, “Thy will be done.”",
  "collectionUri" : "humility-topic"
}