{
  "parentCollectionID" : "21aa177dec11009186f4eddaa19d0dacb959eb97",
  "parentCollectionPath" : "Mobile Media Library/English - Video/Callings and Trainings/Leadership/Leadership Training Library/Relief Society",
  "collectionType" : "assets",
  "path" : "Mobile Media Library/English - Video/Callings and Trainings/Leadership/Leadership Training Library/Relief Society/9.4 Ward Relief Society Meetings",
  "collectionID" : "3a60c1ea1f09c49aaff84988d1cd0aade85685ed",
  "language" : "eng",
  "type" : "DEFAULT",
  "lastUpdatedDate" : "2019-10-28T16:40:50.643-06:00",
  "links" : [ {
    "rel" : "details",
    "href" : "https://titanapi.churchofjesuschrist.org/assetsearch/api/v2/collection/details/collectionID/3a60c1ea1f09c49aaff84988d1cd0aade85685ed"
  } ],
  "coverImages" : [ {
    "asset" : {
      "assetID" : "bf8ac71a4eecbd6abd9f421c1df96bed0afcd72c"
    }
  } ],
  "related" : [ ],
  "metadata" : [ {
    "key" : "collectionUri",
    "value" : "ltl-94-ward-relief-society-meetings",
    "language" : "eng"
  }, {
    "key" : "publicTitle",
    "value" : "9.4 Ward Relief Society Meetings",
    "language" : "eng"
  } ],
  "children" : [ ],
  "assets" : [ {
    "asset" : {
      "assetID" : "2dfca994b48a30b2b3f92658c699d5a1daa1c03f"
    },
    "addedDate" : 1529076704057,
    "metadata" : [ ]
  } ],
  "fileName" : "3a60c1ea1f09c49aaff84988d1cd0aade85685ed.json",
  "name" : "9.4 Ward Relief Society Meetings",
  "english" : true,
  "publicTitle" : "9.4 Ward Relief Society Meetings",
  "collectionUri" : "ltl-94-ward-relief-society-meetings"
}