{
  "parentCollectionID" : "f43fa47de38893a5eeeda10b226e687b07ac1fb9",
  "parentCollectionPath" : "Mobile Media Library/English - Video/Life Help/Self-Reliance Services and PEF/Starting and Growing My Business",
  "collectionType" : "assets",
  "path" : "Mobile Media Library/English - Video/Life Help/Self-Reliance Services and PEF/Starting and Growing My Business/Chapter 06: How is my business progressing?",
  "collectionID" : "3a61612702260616fcfef7bd16a76d1ae56dfc60",
  "language" : "eng",
  "type" : "DEFAULT",
  "lastUpdatedDate" : "2019-10-28T16:40:50.643-06:00",
  "links" : [ {
    "rel" : "details",
    "href" : "https://titanapi.churchofjesuschrist.org/assetsearch/api/v2/collection/details/collectionID/3a61612702260616fcfef7bd16a76d1ae56dfc60"
  } ],
  "coverImages" : [ {
    "asset" : {
      "assetID" : "87e309675efde0bfa319973c9390512b755471da"
    }
  } ],
  "related" : [ ],
  "metadata" : [ {
    "key" : "collectionUri",
    "value" : "chapter-6-how-is-my-business-progressing",
    "language" : "eng"
  }, {
    "key" : "publicTitle",
    "value" : "Chapter 06: How is my business progressing?",
    "language" : "eng"
  } ],
  "children" : [ ],
  "assets" : [ {
    "asset" : {
      "assetID" : "81c004242e3d245b31708f92bbce6a1cbcc0f26d"
    },
    "addedDate" : 1479149722088,
    "metadata" : [ ]
  } ],
  "fileName" : "3a61612702260616fcfef7bd16a76d1ae56dfc60.json",
  "name" : "Chapter 06: How is my business progressing?",
  "english" : true,
  "publicTitle" : "Chapter 06: How is my business progressing?",
  "collectionUri" : "chapter-6-how-is-my-business-progressing"
}