{
  "parentCollectionID" : "d5e8644312c74774b43cca21ad6ca6a0",
  "parentCollectionPath" : "Mobile Media Library/English - Video/People/Latter-day Apostles",
  "collectionType" : "assets",
  "path" : "Mobile Media Library/English - Video/People/Latter-day Apostles/Jeffrey R. Holland",
  "collectionID" : "3ab19833da5ff632c5a7cd3eb8ead36c046576bb",
  "language" : "eng",
  "type" : "DEFAULT",
  "lastUpdatedDate" : "2019-10-28T16:40:50.643-06:00",
  "links" : [ {
    "rel" : "details",
    "href" : "https://titanapi.churchofjesuschrist.org/assetsearch/api/v2/collection/details/collectionID/3ab19833da5ff632c5a7cd3eb8ead36c046576bb"
  } ],
  "coverImages" : [ {
    "asset" : {
      "assetID" : "134f894d625c2a9f927ce4996108cc62c6668801"
    }
  } ],
  "related" : [ ],
  "metadata" : [ {
    "key" : "collectionUri",
    "value" : "jeffrey-r-holland-video-collection",
    "language" : "eng"
  }, {
    "key" : "publicTitle",
    "value" : "Jeffrey R. Holland",
    "language" : "eng"
  }, {
    "key" : "orderIndex",
    "value" : "13"
  } ],
  "children" : [ ],
  "assets" : [ {
    "asset" : {
      "assetID" : "114912f3963dac69d8dc599424e26024ef7118fa"
    },
    "index" : 5,
    "addedDate" : 1540475049973,
    "metadata" : [ ]
  }, {
    "asset" : {
      "assetID" : "5f6fa6dcb844c03f8f0d2e4228c919ca16c65a0c"
    },
    "index" : 4,
    "addedDate" : 1540475010047,
    "metadata" : [ ]
  }, {
    "asset" : {
      "assetID" : "1e8c5b0ad27a9ab5d22155ac7d8d4891e979bdf9"
    },
    "index" : 21,
    "addedDate" : 1586347469630,
    "metadata" : [ ]
  }, {
    "asset" : {
      "assetID" : "20139cedfb6963bee021d8781c3560851689102f"
    },
    "index" : 16,
    "addedDate" : 1540492541846,
    "metadata" : [ ]
  }, {
    "asset" : {
      "assetID" : "310906cb6a6e96f136aeea829191cbf5aea39f23"
    },
    "index" : 10,
    "addedDate" : 1540475170629,
    "metadata" : [ ]
  }, {
    "asset" : {
      "assetID" : "26fc957a214c081984b1a0cf2e273af62ca7168e"
    },
    "index" : 20,
    "addedDate" : 1579144240631,
    "metadata" : [ ]
  }, {
    "asset" : {
      "assetID" : "eee84ecefdd7042f9375b9eba162cb78b34b4d2c"
    },
    "index" : 17,
    "addedDate" : 1576803684042,
    "metadata" : [ ]
  }, {
    "asset" : {
      "assetID" : "4d1f4ab19df9b03381d0bf0441b5a530e3f3c9f8"
    },
    "index" : 13,
    "addedDate" : 1540475306122,
    "metadata" : [ ]
  }, {
    "asset" : {
      "assetID" : "652d827169452ffe37c917578e087404e7ac811c"
    },
    "index" : 7,
    "addedDate" : 1540475081023,
    "metadata" : [ ]
  }, {
    "asset" : {
      "assetID" : "b52b1204a4c49a41601609df404f29bc84433074"
    },
    "index" : 18,
    "addedDate" : 1576804047214,
    "metadata" : [ ]
  }, {
    "asset" : {
      "assetID" : "8345967511db9c6a8643c7a257c9c969ea223fa4"
    },
    "index" : 15,
    "addedDate" : 1540475336789,
    "metadata" : [ ]
  }, {
    "asset" : {
      "assetID" : "903f77b4c837c7f62c64b4fe341812e82966276f"
    },
    "index" : 6,
    "addedDate" : 1540475065103,
    "metadata" : [ ]
  }, {
    "asset" : {
      "assetID" : "9144a4ff87c6f1ce34ba5669fed6d000dfa854f8"
    },
    "index" : 12,
    "addedDate" : 1540475289299,
    "metadata" : [ ]
  }, {
    "asset" : {
      "assetID" : "aea510a96f37c76fba3f17db8c051d62827c282e"
    },
    "index" : 11,
    "addedDate" : 1540475186080,
    "metadata" : [ ]
  }, {
    "asset" : {
      "assetID" : "c4a56940971462fb97f5b8dffb60bea1f75c75d2"
    },
    "index" : 3,
    "addedDate" : 1540474996353,
    "metadata" : [ ]
  }, {
    "asset" : {
      "assetID" : "cc5ec02235b04bce5c62e9265abcd4657ae1ba7b"
    },
    "index" : 2,
    "addedDate" : 1540474979725,
    "metadata" : [ ]
  }, {
    "asset" : {
      "assetID" : "d56117ad9b09e2e1205ad87f9fb262e7eb084f63"
    },
    "index" : 14,
    "addedDate" : 1540475321578,
    "metadata" : [ ]
  }, {
    "asset" : {
      "assetID" : "db0edd4cc41d839fc1c721249a1952d72b322d48"
    },
    "index" : 9,
    "addedDate" : 1540475117932,
    "metadata" : [ ]
  }, {
    "asset" : {
      "assetID" : "3e458dc6f37404bff0bd1a8b5e01ad228036c23a"
    },
    "index" : 19,
    "addedDate" : 1579143412431,
    "metadata" : [ ]
  }, {
    "asset" : {
      "assetID" : "e1be1266c7c26b7102110491c10b4ab86dfa9041"
    },
    "index" : 8,
    "addedDate" : 1540475100539,
    "metadata" : [ ]
  }, {
    "asset" : {
      "assetID" : "234c8f1ee664db83c61daa89b2c3740df911ccfa"
    },
    "index" : 23,
    "addedDate" : 1592396746505,
    "metadata" : [ ]
  }, {
    "asset" : {
      "assetID" : "1cbb52eb3b9d234ad489b02ce3fc613fbd1a24c4"
    },
    "index" : 24,
    "addedDate" : 1592396746724,
    "metadata" : [ ]
  }, {
    "asset" : {
      "assetID" : "9be821718368f2e8bc5f617053b82979e04c8c3b"
    },
    "index" : 25,
    "addedDate" : 1592433099291,
    "metadata" : [ ]
  }, {
    "asset" : {
      "assetID" : "cbaf2ee5e3db3f3213a39e939342a96ca9522a02"
    },
    "index" : 28,
    "addedDate" : 1632956871628,
    "metadata" : [ ]
  }, {
    "asset" : {
      "assetID" : "9d3d938e93ee361f7421506f3e7e9f53bd8392d9"
    },
    "index" : 27,
    "addedDate" : 1632956861776,
    "metadata" : [ ]
  }, {
    "asset" : {
      "assetID" : "762973735d67ce015877b5958d722f40c922140d"
    },
    "index" : 22,
    "addedDate" : 1586348587209,
    "metadata" : [ ]
  }, {
    "asset" : {
      "assetID" : "44ba5fb5e7722728419da70e0271dfd1c5cb16e2"
    },
    "index" : 26,
    "addedDate" : 1592433100105,
    "metadata" : [ ]
  }, {
    "asset" : {
      "assetID" : "539c9570f70909387b021f8c82a3e55a1c9c9f83"
    },
    "index" : 29,
    "addedDate" : 1702327836595,
    "metadata" : [ ]
  }, {
    "asset" : {
      "assetID" : "C8501097255033224ADE1AC903923D199EB32D46"
    },
    "index" : 0,
    "addedDate" : 1605051510315,
    "metadata" : [ ]
  }, {
    "asset" : {
      "assetID" : "138157118fcb11ed9f6beeeeac1e5bd0a679c8e9"
    },
    "index" : 1,
    "addedDate" : 1676047501923,
    "metadata" : [ ]
  } ],
  "fileName" : "3ab19833da5ff632c5a7cd3eb8ead36c046576bb.json",
  "name" : "Jeffrey R. Holland",
  "english" : true,
  "publicTitle" : "Jeffrey R. Holland",
  "collectionUri" : "jeffrey-r-holland-video-collection"
}