{
  "parentCollectionID" : "d5e8644312c74774b43cca21ad6ca6a0",
  "parentCollectionPath" : "Mobile Media Library/English - Video/People/Latter-day Apostles",
  "collectionType" : "assets",
  "path" : "Mobile Media Library/English - Video/People/Latter-day Apostles/L. Tom Perry",
  "collectionID" : "3b77048702e90177b97591bff98954577cdba140",
  "language" : "eng",
  "type" : "DEFAULT",
  "lastUpdatedDate" : "2019-10-28T16:40:50.643-06:00",
  "links" : [ {
    "rel" : "details",
    "href" : "https://titanapi.churchofjesuschrist.org/assetsearch/api/v2/collection/details/collectionID/3b77048702e90177b97591bff98954577cdba140"
  } ],
  "coverImages" : [ {
    "asset" : {
      "assetID" : "9a1980ef9d075b7c15be174266e54d115c55df09"
    }
  } ],
  "related" : [ ],
  "metadata" : [ {
    "key" : "collectionUri",
    "value" : "l-tom-perry-video-collection",
    "language" : "eng"
  }, {
    "key" : "publicTitle",
    "value" : "L. Tom Perry",
    "language" : "eng"
  }, {
    "key" : "orderIndex",
    "value" : "15"
  } ],
  "children" : [ ],
  "assets" : [ {
    "asset" : {
      "assetID" : "18cb32fb94c06f2fe4fa330bd5bae129a64cdb84"
    },
    "addedDate" : 1539892640618,
    "metadata" : [ ]
  }, {
    "asset" : {
      "assetID" : "aaa50a6a64ac1166aab78829bcc4a227ce531c8f"
    },
    "addedDate" : 1579145706877,
    "metadata" : [ ]
  }, {
    "asset" : {
      "assetID" : "d2641aa6ec9ec18e194c818fbc943c6162eadf51"
    },
    "addedDate" : 1576803713988,
    "metadata" : [ ]
  }, {
    "asset" : {
      "assetID" : "c832977251bf399dc15bcfe5b5613496b0544a55"
    },
    "addedDate" : 1576803940255,
    "metadata" : [ ]
  }, {
    "asset" : {
      "assetID" : "9c7bbfcfd921447dd7f02c7ba26de583e4f3e635"
    },
    "addedDate" : 1539892656078,
    "metadata" : [ ]
  } ],
  "fileName" : "3b77048702e90177b97591bff98954577cdba140.json",
  "name" : "L. Tom Perry",
  "english" : true,
  "publicTitle" : "L. Tom Perry",
  "collectionUri" : "l-tom-perry-video-collection"
}