{
  "parentCollectionID" : "a362cf32612a48c380d0013df943b987",
  "parentCollectionPath" : "Mobile Media Library/English - Video/Teaching and Lessons/Come, Follow Me/2023 New Testament Media Resources",
  "collectionType" : "assets",
  "path" : "Mobile Media Library/English - Video/Teaching and Lessons/Come, Follow Me/2023 New Testament Media Resources/July 3–July 9. Acts 1-5 \"Ye Shall Be Witnesses Unto Me\"",
  "collectionID" : "3b8df16110cf4810863ff0a7475e3b0c",
  "language" : "eng",
  "type" : "DEFAULT",
  "lastUpdatedDate" : "2022-12-01T15:29:36.012-07:00",
  "links" : [ {
    "rel" : "details",
    "href" : "https://titanapi.churchofjesuschrist.org/assetsearch/api/v2/collection/details/collectionID/3b8df16110cf4810863ff0a7475e3b0c"
  } ],
  "coverImages" : [ {
    "asset" : {
      "assetID" : "e8ca1dfe3c921a04eb068e6d5a0319197cbf9668"
    }
  } ],
  "related" : [ ],
  "metadata" : [ {
    "key" : "orderIndex",
    "value" : "26"
  }, {
    "key" : "collectionUri",
    "value" : "cfm-2023-videos-july-3-9",
    "language" : "eng"
  }, {
    "key" : "publicTitle",
    "value" : "July 3–July 9. Acts 1-5 \"Ye Shall Be Witnesses Unto Me\"",
    "language" : "eng"
  } ],
  "children" : [ ],
  "assets" : [ {
    "asset" : {
      "assetID" : "844768fc7b0d03e36c28f1547e2e9c7fddeb1190"
    },
    "index" : 3,
    "addedDate" : 1650044328268,
    "metadata" : [ ]
  }, {
    "asset" : {
      "assetID" : "1e8ba3096e76d5277a204f99343e747b251e9ae4"
    },
    "index" : 0,
    "addedDate" : 1650044257192,
    "metadata" : [ ]
  }, {
    "asset" : {
      "assetID" : "624c71caa07e1cdbfa9ff2c174a46c834987b519"
    },
    "index" : 2,
    "addedDate" : 1650044315892,
    "metadata" : [ ]
  }, {
    "asset" : {
      "assetID" : "28a9d06b8d6b81bdb11c0c02f878948f0aabc629"
    },
    "index" : 1,
    "addedDate" : 1650044269779,
    "metadata" : [ ]
  }, {
    "asset" : {
      "assetID" : "6889301a1cbd11ecac0eeeeeac1e10ba363a2377"
    },
    "index" : 4,
    "addedDate" : 1652116768101,
    "metadata" : [ ]
  }, {
    "asset" : {
      "assetID" : "2af9837e375811eca29deeeeac1e03f969fa8912"
    },
    "index" : 5,
    "addedDate" : 1652116778472,
    "metadata" : [ ]
  } ],
  "fileName" : "3b8df16110cf4810863ff0a7475e3b0c.json",
  "name" : "July 3–July 9. Acts 1-5 \"Ye Shall Be Witnesses Unto Me\"",
  "english" : true,
  "publicTitle" : "July 3–July 9. Acts 1-5 \"Ye Shall Be Witnesses Unto Me\"",
  "collectionUri" : "cfm-2023-videos-july-3-9"
}