{
  "parentCollectionID" : "74111d53b8d54fda8c18a144f1431ed6",
  "parentCollectionPath" : "Mobile Media Library/English - Video/Scriptural Reenactments and Teachings/Old Testament Teaching Videos",
  "collectionType" : "assets",
  "path" : "Mobile Media Library/English - Video/Scriptural Reenactments and Teachings/Old Testament Teaching Videos/Introduction - Deuteronomy",
  "collectionID" : "3cfba1e086cf4c64ad4e90822fc20d4c",
  "language" : "eng",
  "type" : "DEFAULT",
  "lastUpdatedDate" : "2022-09-07T14:59:10.119-06:00",
  "links" : [ {
    "rel" : "details",
    "href" : "https://titanapi.churchofjesuschrist.org/assetsearch/api/v2/collection/details/collectionID/3cfba1e086cf4c64ad4e90822fc20d4c"
  } ],
  "coverImages" : [ {
    "asset" : {
      "assetID" : "a4551afb82080c502bfb427022d8706f5d53c4d0"
    }
  } ],
  "related" : [ ],
  "metadata" : [ {
    "key" : "orderIndex",
    "value" : "1"
  }, {
    "key" : "channel",
    "value" : "mobile",
    "language" : "eng"
  }, {
    "key" : "collectionUri",
    "value" : "introduction-deuteronomy-videos",
    "language" : "eng"
  }, {
    "key" : "publicTitle",
    "value" : "Introduction - Deuteronomy",
    "language" : "eng"
  } ],
  "children" : [ ],
  "assets" : [ {
    "asset" : {
      "assetID" : "26bc7af095d76eb98e8e0098dd63ac4a3bb8db53"
    },
    "addedDate" : 1662584083743,
    "metadata" : [ ]
  }, {
    "asset" : {
      "assetID" : "f8c86e6b2e2622457c81a65c88e96fd04eb8e910"
    },
    "addedDate" : 1662584083620,
    "metadata" : [ ]
  }, {
    "asset" : {
      "assetID" : "f3c4dfc8a97d106ee823139bc0fa6ed202d0d9ea"
    },
    "addedDate" : 1662584083650,
    "metadata" : [ ]
  }, {
    "asset" : {
      "assetID" : "10b4093c11a198c9c56053a52cb8e93011bb4516"
    },
    "addedDate" : 1662584083733,
    "metadata" : [ ]
  }, {
    "asset" : {
      "assetID" : "b5638285109dbca3943894ae7f3d9faa87e65a2d"
    },
    "addedDate" : 1662584083750,
    "metadata" : [ ]
  }, {
    "asset" : {
      "assetID" : "755db81b13b4977e06743e9576b746c531825cf7"
    },
    "addedDate" : 1662584083753,
    "metadata" : [ ]
  }, {
    "asset" : {
      "assetID" : "2769b5d662b3cc3a70fe0baa0f7a5b7d8e966d93"
    },
    "addedDate" : 1662584083643,
    "metadata" : [ ]
  }, {
    "asset" : {
      "assetID" : "98e7020fc1bf650086c7e8301f6aac279e2da25e"
    },
    "addedDate" : 1662584083716,
    "metadata" : [ ]
  }, {
    "asset" : {
      "assetID" : "68364ec8e1e0d67f1c8991448bec1dbc6dfbb54c"
    },
    "addedDate" : 1662584083623,
    "metadata" : [ ]
  }, {
    "asset" : {
      "assetID" : "163da28bf2c50dda48c4e7b129ea0ddfdc4b5678"
    },
    "addedDate" : 1662584083676,
    "metadata" : [ ]
  }, {
    "asset" : {
      "assetID" : "99f95f0f2205516508be91a67d07bce03e1105a7"
    },
    "addedDate" : 1662584083670,
    "metadata" : [ ]
  }, {
    "asset" : {
      "assetID" : "bf21230d8ac6deff14de8e4b63d7d26efaa5719c"
    },
    "addedDate" : 1662584083643,
    "metadata" : [ ]
  }, {
    "asset" : {
      "assetID" : "8f4b8766dae94dcafe90fe4ab7e311cc083e93cf"
    },
    "addedDate" : 1662584083666,
    "metadata" : [ ]
  }, {
    "asset" : {
      "assetID" : "a0b6aed3362b35545a6737a14586b5156c17926f"
    },
    "addedDate" : 1662584083706,
    "metadata" : [ ]
  }, {
    "asset" : {
      "assetID" : "d95aa8695074757a38ea4c84950fd2d5bd71b49a"
    },
    "addedDate" : 1662584083706,
    "metadata" : [ ]
  }, {
    "asset" : {
      "assetID" : "ed99dfd45c82d8c9a0617291f6342c5ab315476e"
    },
    "addedDate" : 1662584083636,
    "metadata" : [ ]
  }, {
    "asset" : {
      "assetID" : "02a0e9b3f714f6c9d22e15466abad79a210f8fb8"
    },
    "addedDate" : 1662584083653,
    "metadata" : [ ]
  }, {
    "asset" : {
      "assetID" : "3891a398c7b1fe84622f35115cf37cf5cbece2f3"
    },
    "addedDate" : 1662584083663,
    "metadata" : [ ]
  }, {
    "asset" : {
      "assetID" : "abff6d898cc2d6dfa8faaa8a639a714173852640"
    },
    "addedDate" : 1662584083630,
    "metadata" : [ ]
  }, {
    "asset" : {
      "assetID" : "62b8fbf993c8daf84a3a24b5337348d93e374ae6"
    },
    "addedDate" : 1662584083693,
    "metadata" : [ ]
  }, {
    "asset" : {
      "assetID" : "a55079e0ba6534f612aad21da7fc4efe1c24061e"
    },
    "addedDate" : 1662584083673,
    "metadata" : [ ]
  }, {
    "asset" : {
      "assetID" : "49ecd7695f4123e35fa3bd45c3ae254ebefb7c38"
    },
    "addedDate" : 1662584083700,
    "metadata" : [ ]
  }, {
    "asset" : {
      "assetID" : "436d4a65b77efee1c0875dfc4d99379a5ae91226"
    },
    "addedDate" : 1662584083713,
    "metadata" : [ ]
  }, {
    "asset" : {
      "assetID" : "c39e2ebafd48375886d86ac20b84c8acfca1567c"
    },
    "addedDate" : 1662584083746,
    "metadata" : [ ]
  }, {
    "asset" : {
      "assetID" : "d6adcaa07bb343c490d1ec93c211efbeed029bdc"
    },
    "addedDate" : 1662584083730,
    "metadata" : [ ]
  }, {
    "asset" : {
      "assetID" : "a7adc11e36da49714adf65b7558e60619be4ff6f"
    },
    "addedDate" : 1662584083663,
    "metadata" : [ ]
  }, {
    "asset" : {
      "assetID" : "d74b659812fd7b37c0bcdb73daa2606b583dc28a"
    },
    "addedDate" : 1662584083636,
    "metadata" : [ ]
  }, {
    "asset" : {
      "assetID" : "0300941778f8fc8d8dbb3002ad890c9fe48921de"
    },
    "addedDate" : 1662584083690,
    "metadata" : [ ]
  }, {
    "asset" : {
      "assetID" : "88120e70825bac1cae165ab0425d498b1da72b6c"
    },
    "addedDate" : 1662584083680,
    "metadata" : [ ]
  }, {
    "asset" : {
      "assetID" : "3bbe9ef01121111e8542c953bfb174ed42694d1a"
    },
    "addedDate" : 1662584083700,
    "metadata" : [ ]
  }, {
    "asset" : {
      "assetID" : "d520eb542d9547c574e49eed99192d10cd35ad0a"
    },
    "addedDate" : 1662584083710,
    "metadata" : [ ]
  }, {
    "asset" : {
      "assetID" : "1a3e645e7080a9789f8b3d7d6619dba4d7dd7169"
    },
    "addedDate" : 1662584083740,
    "metadata" : [ ]
  }, {
    "asset" : {
      "assetID" : "fcc9baff33ee2a619763d18a377988fd98e6a5dd"
    },
    "addedDate" : 1662584083650,
    "metadata" : [ ]
  }, {
    "asset" : {
      "assetID" : "4ecab22dd7ed87413611ccdd8a01113cb8f22d9c"
    },
    "addedDate" : 1662584083690,
    "metadata" : [ ]
  }, {
    "asset" : {
      "assetID" : "392794643b9b53a1e15b4956a5511649b47fbe0e"
    },
    "addedDate" : 1662584083730,
    "metadata" : [ ]
  }, {
    "asset" : {
      "assetID" : "1e01bea077fb9fa826907733619be42cf3ded557"
    },
    "addedDate" : 1662584083703,
    "metadata" : [ ]
  }, {
    "asset" : {
      "assetID" : "d941988757352e44ea682c609125149926071080"
    },
    "addedDate" : 1662584083743,
    "metadata" : [ ]
  }, {
    "asset" : {
      "assetID" : "3004f9f432e36015e5ac058208a4c6e6e29d6050"
    },
    "addedDate" : 1662584083713,
    "metadata" : [ ]
  }, {
    "asset" : {
      "assetID" : "2c29f65b21e0eb28bca0c2a318032468f773def6"
    },
    "addedDate" : 1662584083726,
    "metadata" : [ ]
  }, {
    "asset" : {
      "assetID" : "6186be115222461d5e32b921a0220dc3ad07464b"
    },
    "addedDate" : 1662584083736,
    "metadata" : [ ]
  }, {
    "asset" : {
      "assetID" : "31c4ba3185aefe9137de23044afe918c7d7ba300"
    },
    "addedDate" : 1662584083633,
    "metadata" : [ ]
  }, {
    "asset" : {
      "assetID" : "7362844b40afe4d25123ea08925067e4717acb8a"
    },
    "addedDate" : 1662584083683,
    "metadata" : [ ]
  }, {
    "asset" : {
      "assetID" : "7be066b428489fecd096421e477353ad16b4b8cc"
    },
    "addedDate" : 1662584083693,
    "metadata" : [ ]
  }, {
    "asset" : {
      "assetID" : "b246844a0a324a3e2612005354ac5269c788db22"
    },
    "addedDate" : 1662584083730,
    "metadata" : [ ]
  }, {
    "asset" : {
      "assetID" : "56c483d6e77fe684007eda07fa06a727634782d4"
    },
    "addedDate" : 1662584083723,
    "metadata" : [ ]
  }, {
    "asset" : {
      "assetID" : "fdb7cd10037f0bc764e6f2028ec1144146366d4f"
    },
    "addedDate" : 1662584083746,
    "metadata" : [ ]
  }, {
    "asset" : {
      "assetID" : "638c288ea7de630bf5fcb72d86d6a99d22fa1954"
    },
    "addedDate" : 1662584083660,
    "metadata" : [ ]
  }, {
    "asset" : {
      "assetID" : "7208343f514af83ab77fb4fa6e86db64b675d406"
    },
    "addedDate" : 1662584083640,
    "metadata" : [ ]
  }, {
    "asset" : {
      "assetID" : "f8372d9d50d7dfc115223ebfd91e227466727f07"
    },
    "addedDate" : 1662584083680,
    "metadata" : [ ]
  }, {
    "asset" : {
      "assetID" : "f264569c44f511ecbb10eeeeac1e44553af65797"
    },
    "addedDate" : 1662584083696,
    "metadata" : [ ]
  } ],
  "fileName" : "3cfba1e086cf4c64ad4e90822fc20d4c.json",
  "name" : "Introduction - Deuteronomy",
  "english" : true,
  "publicTitle" : "Introduction - Deuteronomy",
  "collectionUri" : "introduction-deuteronomy-videos"
}