{
  "sourceCollectionId" : "38b9e81d44343bf4204296241568235d6e8e77c6",
  "parentCollectionID" : "22e3232e384c8650311b2940336759a89b8d6f8b",
  "parentCollectionPath" : "Mobile Media Library",
  "collectionType" : "collections",
  "path" : "Mobile Media Library/Finnish - Featured",
  "collectionID" : "3d02ff2cffa84b9c956d6ead3295846b",
  "language" : "fin",
  "type" : "DEFAULT",
  "lastUpdatedDate" : "2024-03-15T11:21:15.047-06:00",
  "links" : [ {
    "rel" : "details",
    "href" : "https://titanapi.churchofjesuschrist.org/assetsearch/api/v2/collection/details/collectionID/3d02ff2cffa84b9c956d6ead3295846b"
  } ],
  "coverImages" : [ {
    "asset" : {
      "assetID" : "5c5b75ddcf2269030e0462f3d042f36cce3d87c7"
    }
  } ],
  "related" : [ ],
  "metadata" : [ {
    "key" : "orderIndex",
    "value" : "78"
  }, {
    "key" : "collectionUri",
    "value" : "featured",
    "language" : "fin"
  }, {
    "key" : "publicTitle",
    "value" : "Pääartikkeleita",
    "language" : "fin"
  } ],
  "children" : [ {
    "path" : "Mobile Media Library/Finnish - Featured/Recent Inspirational Messages",
    "collectionID" : "940323ad791a46aeb3942c37a80ba598",
    "type" : "DEFAULT",
    "lastUpdatedDate" : "2023-06-20T11:46:03.465-06:00",
    "links" : [ {
      "rel" : "details",
      "href" : "https://titanapi.churchofjesuschrist.org/assetsearch/api/v2/collection/details/collectionID/940323ad791a46aeb3942c37a80ba598"
    } ],
    "fileName" : "940323ad791a46aeb3942c37a80ba598.json"
  }, {
    "path" : "Mobile Media Library/Finnish - Featured/Just Added",
    "collectionID" : "a1e822df35df4126875c1a5679ebfa41",
    "type" : "DEFAULT",
    "lastUpdatedDate" : "2023-06-24T17:19:29.392-06:00",
    "links" : [ {
      "rel" : "details",
      "href" : "https://titanapi.churchofjesuschrist.org/assetsearch/api/v2/collection/details/collectionID/a1e822df35df4126875c1a5679ebfa41"
    } ],
    "fileName" : "a1e822df35df4126875c1a5679ebfa41.json"
  }, {
    "path" : "Mobile Media Library/Finnish - Featured/General Conference Feature",
    "collectionID" : "3ae124001a934211ad44746e0094902b",
    "type" : "DEFAULT",
    "lastUpdatedDate" : "2024-10-28T14:01:06.817-06:00",
    "links" : [ {
      "rel" : "details",
      "href" : "https://titanapi.churchofjesuschrist.org/assetsearch/api/v2/collection/details/collectionID/3ae124001a934211ad44746e0094902b"
    } ],
    "fileName" : "3ae124001a934211ad44746e0094902b.json"
  }, {
    "path" : "Mobile Media Library/Finnish - Featured/Worldwide Day of Testimony",
    "collectionID" : "aa5d5fb4665a46e68c11ebf13ba6e0f1",
    "type" : "DEFAULT",
    "lastUpdatedDate" : "2023-10-17T14:32:18.862-06:00",
    "links" : [ {
      "rel" : "details",
      "href" : "https://titanapi.churchofjesuschrist.org/assetsearch/api/v2/collection/details/collectionID/aa5d5fb4665a46e68c11ebf13ba6e0f1"
    } ],
    "fileName" : "aa5d5fb4665a46e68c11ebf13ba6e0f1.json"
  } ],
  "assets" : [ ],
  "fileName" : "3d02ff2cffa84b9c956d6ead3295846b.json",
  "name" : "Finnish - Featured",
  "english" : false,
  "publicTitle" : "Pääartikkeleita",
  "collectionUri" : "featured"
}