{
  "sourceCollectionId" : "c2199b453b7e41a4aeff18aa3446722b",
  "parentCollectionID" : "22e3232e384c8650311b2940336759a89b8d6f8b",
  "parentCollectionPath" : "Mobile Media Library",
  "collectionType" : "collections",
  "path" : "Mobile Media Library/Indonesian - Audio",
  "collectionID" : "3d1034fcfc9f4dc4913e332dca12223a",
  "language" : "ind",
  "type" : "DEFAULT",
  "lastUpdatedDate" : "2022-03-28T10:32:37.817-06:00",
  "links" : [ {
    "rel" : "details",
    "href" : "https://titanapi.churchofjesuschrist.org/assetsearch/api/v2/collection/details/collectionID/3d1034fcfc9f4dc4913e332dca12223a"
  } ],
  "coverImages" : [ {
    "asset" : {
      "assetID" : "cff86be91539e8cfcf96d57e80f4427f722dce2c"
    }
  } ],
  "related" : [ ],
  "metadata" : [ {
    "key" : "collectionUri",
    "value" : "audio",
    "language" : "ind"
  }, {
    "key" : "orderIndex",
    "value" : "87"
  } ],
  "children" : [ ],
  "assets" : [ ],
  "fileName" : "3d1034fcfc9f4dc4913e332dca12223a.json",
  "name" : "Indonesian - Audio",
  "english" : false,
  "collectionUri" : "audio"
}