{
  "parentCollectionID" : "b43d757eb019f6607ea99cf31d4f98fd0466720b",
  "parentCollectionPath" : "Mobile Media Library/English - Video/Videos for Children",
  "collectionType" : "assets",
  "path" : "Mobile Media Library/English - Video/Videos for Children/Friend to Friend 2022",
  "collectionID" : "3d11dde29da142028b6bfff319b7439c",
  "language" : "eng",
  "type" : "DEFAULT",
  "lastUpdatedDate" : "2024-01-25T10:14:24.461-07:00",
  "links" : [ {
    "rel" : "details",
    "href" : "https://titanapi.churchofjesuschrist.org/assetsearch/api/v2/collection/details/collectionID/3d11dde29da142028b6bfff319b7439c"
  } ],
  "coverImages" : [ {
    "asset" : {
      "assetID" : "28ef64de676811eca031eeeeac1e2f330550d009"
    }
  } ],
  "related" : [ ],
  "metadata" : [ {
    "key" : "orderIndex",
    "value" : "11"
  }, {
    "key" : "channel",
    "value" : "mobile",
    "language" : "eng"
  }, {
    "key" : "collectionUri",
    "value" : "friend-to-friend-2022",
    "language" : "eng"
  }, {
    "key" : "publicTitle",
    "value" : "Friend to Friend 2022",
    "language" : "eng"
  } ],
  "children" : [ ],
  "assets" : [ {
    "asset" : {
      "assetID" : "6AEBE8679DBD33E9FF0C766EF89825F995852F32"
    },
    "index" : 8,
    "addedDate" : 1694309429982,
    "metadata" : [ ]
  }, {
    "asset" : {
      "assetID" : "C3E9B814B24424BEBAA834032B0BB6FFE84FCEA8"
    },
    "index" : 9,
    "addedDate" : 1694309430123,
    "metadata" : [ ]
  }, {
    "asset" : {
      "assetID" : "3F591B482B4C5D781C7401AD5A4DDB21273F5425"
    },
    "index" : 10,
    "addedDate" : 1694309430276,
    "metadata" : [ ]
  }, {
    "asset" : {
      "assetID" : "fad5bdd38dda11eca8b0eeeeac1eaf08b556af63"
    },
    "index" : 2,
    "addedDate" : 1694309429069,
    "metadata" : [ ]
  }, {
    "asset" : {
      "assetID" : "842967e78de311ec8cf1eeeeac1e6dabcea58065"
    },
    "index" : 0,
    "addedDate" : 1694309429178,
    "metadata" : [ ]
  }, {
    "asset" : {
      "assetID" : "c08e38b48de311eca8b0eeeeac1eaf089de8fd2a"
    },
    "index" : 7,
    "addedDate" : 1694309429834,
    "metadata" : [ ]
  }, {
    "asset" : {
      "assetID" : "d24b63e08de311eca505eeeeac1ed709a9ac3805"
    },
    "index" : 1,
    "addedDate" : 1694309428695,
    "metadata" : [ ]
  }, {
    "asset" : {
      "assetID" : "787206ca8de411ec888aeeeeac1e3ebee6bff2da"
    },
    "index" : 5,
    "addedDate" : 1694309429560,
    "metadata" : [ ]
  }, {
    "asset" : {
      "assetID" : "8589ecd88de411ec8cf1eeeeac1e6dabeac7b3fa"
    },
    "index" : 4,
    "addedDate" : 1694309429405,
    "metadata" : [ ]
  }, {
    "asset" : {
      "assetID" : "963a3ba48de411ec8827eeeeac1ee76d147b80ac"
    },
    "index" : 11,
    "addedDate" : 1694309428964,
    "metadata" : [ ]
  }, {
    "asset" : {
      "assetID" : "b8ee2c6f092511edb6ebeeeeac1e2be79e5f0f86"
    },
    "index" : 3,
    "addedDate" : 1694309429295,
    "metadata" : [ ]
  }, {
    "asset" : {
      "assetID" : "92f8723356d211ed8d1ceeeeac1e36a4d430dba7"
    },
    "index" : 6,
    "addedDate" : 1694309429716,
    "metadata" : [ ]
  } ],
  "fileName" : "3d11dde29da142028b6bfff319b7439c.json",
  "name" : "Friend to Friend 2022",
  "english" : true,
  "publicTitle" : "Friend to Friend 2022",
  "collectionUri" : "friend-to-friend-2022"
}