{
  "parentCollectionID" : "d5e8644312c74774b43cca21ad6ca6a0",
  "parentCollectionPath" : "Mobile Media Library/English - Video/People/Latter-day Apostles",
  "collectionType" : "assets",
  "path" : "Mobile Media Library/English - Video/People/Latter-day Apostles/Neal A. Maxwell",
  "collectionID" : "3dc4927fcc5695b578cfdeec6152a3cb306304b7",
  "language" : "eng",
  "type" : "DEFAULT",
  "lastUpdatedDate" : "2019-10-28T16:40:50.643-06:00",
  "links" : [ {
    "rel" : "details",
    "href" : "https://titanapi.churchofjesuschrist.org/assetsearch/api/v2/collection/details/collectionID/3dc4927fcc5695b578cfdeec6152a3cb306304b7"
  } ],
  "coverImages" : [ {
    "asset" : {
      "assetID" : "520900c6b8725ae610daadf7972e7a046a2ab518"
    }
  } ],
  "related" : [ ],
  "metadata" : [ {
    "key" : "collectionUri",
    "value" : "neal-a-maxwell-video-collection",
    "language" : "eng"
  }, {
    "key" : "publicTitle",
    "value" : "Neal A. Maxwell",
    "language" : "eng"
  }, {
    "key" : "orderIndex",
    "value" : "19"
  } ],
  "children" : [ ],
  "assets" : [ {
    "asset" : {
      "assetID" : "06379ed7e1d428274831fa84dd2b0160553d16f3"
    },
    "addedDate" : 1540476952897,
    "metadata" : [ ]
  }, {
    "asset" : {
      "assetID" : "37f5fa4e52a90a2270e8edeb1de906b4fae716af"
    },
    "addedDate" : 1540476905236,
    "metadata" : [ ]
  }, {
    "asset" : {
      "assetID" : "3aff3d7b4103a93fa3b3d91aaa972c78aeed5ef0"
    },
    "addedDate" : 1540477435087,
    "metadata" : [ ]
  }, {
    "asset" : {
      "assetID" : "5c1238eb404af053ea496850c98941ceb4b23667"
    },
    "addedDate" : 1540479683398,
    "metadata" : [ ]
  }, {
    "asset" : {
      "assetID" : "6a281e76b3adafd156979cc6194869c531261adc"
    },
    "addedDate" : 1540477421479,
    "metadata" : [ ]
  }, {
    "asset" : {
      "assetID" : "773107c5e157a6d952bec1fcb7d8311df8f729fd"
    },
    "addedDate" : 1540476936594,
    "metadata" : [ ]
  }, {
    "asset" : {
      "assetID" : "cd21ebd1ff420dfce2987640677de97de9045f5d"
    },
    "addedDate" : 1540476919245,
    "metadata" : [ ]
  }, {
    "asset" : {
      "assetID" : "d77044c86cc82023a77a80a506435aa6926ee560"
    },
    "addedDate" : 1540476887124,
    "metadata" : [ ]
  }, {
    "asset" : {
      "assetID" : "e50dc411c2edfee1e53ea6171b2d25ddcaf027f8"
    },
    "addedDate" : 1540476968503,
    "metadata" : [ ]
  } ],
  "fileName" : "3dc4927fcc5695b578cfdeec6152a3cb306304b7.json",
  "name" : "Neal A. Maxwell",
  "english" : true,
  "publicTitle" : "Neal A. Maxwell",
  "collectionUri" : "neal-a-maxwell-video-collection"
}