{
  "parentCollectionID" : "f43fa47de38893a5eeeda10b226e687b07ac1fb9",
  "parentCollectionPath" : "Mobile Media Library/English - Video/Life Help/Self-Reliance Services and PEF/Starting and Growing My Business",
  "collectionType" : "assets",
  "path" : "Mobile Media Library/English - Video/Life Help/Self-Reliance Services and PEF/Starting and Growing My Business/Chapter 09: How do I know if I should use a loan to grow my business?",
  "collectionID" : "3e66fde57309981338fb42422b7b9510618899fa",
  "language" : "eng",
  "type" : "DEFAULT",
  "lastUpdatedDate" : "2019-10-28T16:40:50.643-06:00",
  "links" : [ {
    "rel" : "details",
    "href" : "https://titanapi.churchofjesuschrist.org/assetsearch/api/v2/collection/details/collectionID/3e66fde57309981338fb42422b7b9510618899fa"
  } ],
  "coverImages" : [ {
    "asset" : {
      "assetID" : "ce7beebbfd11a10b74e255b009382c076e90b459"
    }
  } ],
  "related" : [ ],
  "metadata" : [ {
    "key" : "collectionUri",
    "value" : "chapter-9-how-do-i-know-if-i-should-use-a-loan-to-grow-my-business",
    "language" : "eng"
  }, {
    "key" : "publicTitle",
    "value" : "Chapter 09: How do I know if I should use a loan to grow my business?",
    "language" : "eng"
  } ],
  "children" : [ ],
  "assets" : [ {
    "asset" : {
      "assetID" : "b774598b7ca2353f229efe37e43cf144a3da7abe"
    },
    "addedDate" : 1479151089060,
    "metadata" : [ ]
  }, {
    "asset" : {
      "assetID" : "9765dd89f0a106a45061fa61fda61926ed4f9825"
    },
    "addedDate" : 1479151091067,
    "metadata" : [ ]
  }, {
    "asset" : {
      "assetID" : "13f25b277a3eab986358ac50bb1134dcf4d20dc0"
    },
    "addedDate" : 1479151090040,
    "metadata" : [ ]
  }, {
    "asset" : {
      "assetID" : "c4dd98a1ed383bdcde4b0826cf20d3d150a64aeb"
    },
    "addedDate" : 1479151088071,
    "metadata" : [ ]
  }, {
    "asset" : {
      "assetID" : "0a92dbadb903c53b3d33ca81ee077aa7cd966af4"
    },
    "addedDate" : 1479151091006,
    "metadata" : [ ]
  } ],
  "fileName" : "3e66fde57309981338fb42422b7b9510618899fa.json",
  "name" : "Chapter 09: How do I know if I should use a loan to grow my business?",
  "english" : true,
  "publicTitle" : "Chapter 09: How do I know if I should use a loan to grow my business?",
  "collectionUri" : "chapter-9-how-do-i-know-if-i-should-use-a-loan-to-grow-my-business"
}