{
  "parentCollectionID" : "48bf4502c61b21234c27defe6561bca91dbd53f3",
  "parentCollectionPath" : "Mobile Media Library/English - Video/Broadcasts/Christmas Devotionals",
  "collectionType" : "assets",
  "path" : "Mobile Media Library/English - Video/Broadcasts/Christmas Devotionals/2018 First Presidency's Christmas Devotional",
  "collectionID" : "3e724767341f7757c84da1dd19b8864c6d73f857",
  "language" : "eng",
  "type" : "DEFAULT",
  "lastUpdatedDate" : "2023-12-15T11:44:10.713-07:00",
  "links" : [ {
    "rel" : "details",
    "href" : "https://titanapi.churchofjesuschrist.org/assetsearch/api/v2/collection/details/collectionID/3e724767341f7757c84da1dd19b8864c6d73f857"
  } ],
  "coverImages" : [ {
    "asset" : {
      "assetID" : "e3f3eed804cbc038ff1a066b58f260b02f828dd6"
    }
  } ],
  "related" : [ ],
  "metadata" : [ {
    "key" : "orderIndex",
    "value" : "7"
  }, {
    "key" : "channel",
    "value" : "mobile",
    "language" : "eng"
  }, {
    "key" : "collectionUri",
    "value" : "2018-first-presidency-christmas-devotional",
    "language" : "eng"
  }, {
    "key" : "publicTitle",
    "value" : "2018 First Presidency's Christmas Devotional",
    "language" : "eng"
  } ],
  "children" : [ ],
  "assets" : [ {
    "asset" : {
      "assetID" : "06AD938FF861592CE7736BD169CF3568D6B805C3"
    },
    "index" : 4,
    "addedDate" : 1548192886906,
    "metadata" : [ ]
  }, {
    "asset" : {
      "assetID" : "34D9C0BF88270B46B0BF3AF8855C6B5A0C37E3BE"
    },
    "index" : 8,
    "addedDate" : 1702666277014,
    "metadata" : [ ]
  }, {
    "asset" : {
      "assetID" : "54873FC2EC9490E9B3606937D27A67382BCAE775"
    },
    "index" : 0,
    "addedDate" : 1548191202013,
    "metadata" : [ ]
  }, {
    "asset" : {
      "assetID" : "559D64BDAB4EE13D697817B44F9A77437570D5B4"
    },
    "index" : 3,
    "addedDate" : 1548192602887,
    "metadata" : [ ]
  }, {
    "asset" : {
      "assetID" : "8F687D5E45AFFDA4F82B5A4974EE2B7ED5D00940"
    },
    "index" : 6,
    "addedDate" : 1561083608207,
    "metadata" : [ ]
  }, {
    "asset" : {
      "assetID" : "A572B795A52FDFED731A4FBE228B79ABC28A408D"
    },
    "index" : 7,
    "addedDate" : 1561083712726,
    "metadata" : [ ]
  }, {
    "asset" : {
      "assetID" : "DB4B8D5D3296B143DBBA8492D2B2BB4486BCCE8B"
    },
    "index" : 2,
    "addedDate" : 1548191401643,
    "metadata" : [ ]
  }, {
    "asset" : {
      "assetID" : "FAE6B6A78A4DFDC67753E4BF297FC9277BBB3FB4"
    },
    "index" : 5,
    "addedDate" : 1548192995797,
    "metadata" : [ ]
  }, {
    "asset" : {
      "assetID" : "E0348DC45E6AEF6E7D7AE228F7619CE82066FF7D"
    },
    "index" : 1,
    "addedDate" : 1548191242789,
    "metadata" : [ ]
  } ],
  "fileName" : "3e724767341f7757c84da1dd19b8864c6d73f857.json",
  "name" : "2018 First Presidency's Christmas Devotional",
  "english" : true,
  "publicTitle" : "2018 First Presidency's Christmas Devotional",
  "collectionUri" : "2018-first-presidency-christmas-devotional"
}