{
  "parentCollectionID" : "a362cf32612a48c380d0013df943b987",
  "parentCollectionPath" : "Mobile Media Library/English - Video/Teaching and Lessons/Come, Follow Me/2023 New Testament Media Resources",
  "collectionType" : "assets",
  "path" : "Mobile Media Library/English - Video/Teaching and Lessons/Come, Follow Me/2023 New Testament Media Resources/March 27–April 2. Matthew 14; Mark 6; John 5-6: \"Be Not Afraid\"",
  "collectionID" : "3ea87fb4336746f5a01f4631945698cd",
  "language" : "eng",
  "type" : "DEFAULT",
  "lastUpdatedDate" : "2022-12-01T14:25:59.137-07:00",
  "links" : [ {
    "rel" : "details",
    "href" : "https://titanapi.churchofjesuschrist.org/assetsearch/api/v2/collection/details/collectionID/3ea87fb4336746f5a01f4631945698cd"
  } ],
  "coverImages" : [ {
    "asset" : {
      "assetID" : "f20fbe1671d5991fef4e20e48db1a968c390ea8b"
    }
  } ],
  "related" : [ ],
  "metadata" : [ {
    "key" : "orderIndex",
    "value" : "13"
  }, {
    "key" : "collectionUri",
    "value" : "cfm-2023-videos-march-27-april-2",
    "language" : "eng"
  }, {
    "key" : "publicTitle",
    "value" : "March 27–April 2. Matthew 14; Mark 6; John 5-6: \"Be Not Afraid\"",
    "language" : "eng"
  } ],
  "children" : [ ],
  "assets" : [ {
    "asset" : {
      "assetID" : "b423ba90771c7116b4b9dea7a99e2c96ba4b5522"
    },
    "index" : 1,
    "addedDate" : 1650043419540,
    "metadata" : [ ]
  }, {
    "asset" : {
      "assetID" : "9f489acf108ba0259865796b09b5529bbd7115f9"
    },
    "index" : 2,
    "addedDate" : 1650043431594,
    "metadata" : [ ]
  }, {
    "asset" : {
      "assetID" : "eee915b0fbb232d0771400308c9b42ef6094785e"
    },
    "index" : 0,
    "addedDate" : 1650043411703,
    "metadata" : [ ]
  } ],
  "fileName" : "3ea87fb4336746f5a01f4631945698cd.json",
  "name" : "March 27–April 2. Matthew 14; Mark 6; John 5-6: \"Be Not Afraid\"",
  "english" : true,
  "publicTitle" : "March 27–April 2. Matthew 14; Mark 6; John 5-6: \"Be Not Afraid\"",
  "collectionUri" : "cfm-2023-videos-march-27-april-2"
}