{
  "parentCollectionID" : "785d520b0d1ee16f41d51ac1f1d37b03e9117f16",
  "parentCollectionPath" : "Mobile Media Library/English - Video/Callings and Trainings/Primary",
  "collectionType" : "assets",
  "path" : "Mobile Media Library/English - Video/Callings and Trainings/Primary/New Testament Stories",
  "collectionID" : "3fbea69261e3baed80fb297331951b6dfd24cc1d",
  "language" : "eng",
  "type" : "DEFAULT",
  "lastUpdatedDate" : "2019-10-28T16:40:50.643-06:00",
  "links" : [ {
    "rel" : "details",
    "href" : "https://titanapi.churchofjesuschrist.org/assetsearch/api/v2/collection/details/collectionID/3fbea69261e3baed80fb297331951b6dfd24cc1d"
  } ],
  "coverImages" : [ {
    "asset" : {
      "assetID" : "9af16771eb720f088640eecab3aa9e772ad4b7e6"
    }
  } ],
  "related" : [ ],
  "metadata" : [ {
    "key" : "collectionUri",
    "value" : "primary-new-testament-stories",
    "language" : "eng"
  }, {
    "key" : "publicTitle",
    "value" : "New Testament Stories",
    "language" : "eng"
  }, {
    "key" : "orderIndex",
    "value" : "9"
  } ],
  "children" : [ ],
  "assets" : [ {
    "asset" : {
      "assetID" : "2011-12-0041-silent-night-eng"
    },
    "addedDate" : 1592433101012,
    "metadata" : [ ]
  }, {
    "asset" : {
      "assetID" : "c769e696b54305b3392ec86bb7980214ce07bbbb"
    },
    "addedDate" : 1592433099840,
    "metadata" : [ ]
  }, {
    "asset" : {
      "assetID" : "e71f3773d4d69255c8aa577fecd8864cf417d781"
    },
    "addedDate" : 1592433099541,
    "metadata" : [ ]
  }, {
    "asset" : {
      "assetID" : "1c8b34c3a652821cecac486520d6208495bb86a3"
    },
    "addedDate" : 1592433100340,
    "metadata" : [ ]
  }, {
    "asset" : {
      "assetID" : "a2881f902965291929e1e1def64ad3e1e34a9e4f"
    },
    "addedDate" : 1592433100778,
    "metadata" : [ ]
  }, {
    "asset" : {
      "assetID" : "47cfcde6e938795511c521e58e67227186a2bdf3"
    },
    "addedDate" : 1592433100872,
    "metadata" : [ ]
  }, {
    "asset" : {
      "assetID" : "ab95fb720b3311ec8ff1eeeeac1e0b125311eb4a"
    },
    "addedDate" : 1664390592466,
    "metadata" : [ ]
  }, {
    "asset" : {
      "assetID" : "6fe4fafc1cc311ec8410eeeeac1e04a2164371e8"
    },
    "addedDate" : 1664390845129,
    "metadata" : [ ]
  }, {
    "asset" : {
      "assetID" : "764e12c2336f11ec8ef9eeeeac1e99aa5b3fdaf5"
    },
    "addedDate" : 1664402864710,
    "metadata" : [ ]
  }, {
    "asset" : {
      "assetID" : "6889301a1cbd11ecac0eeeeeac1e10ba363a2377"
    },
    "addedDate" : 1664387890040,
    "metadata" : [ ]
  }, {
    "asset" : {
      "assetID" : "1f6ca54735d711ecac35eeeeac1e7c59e0bf9b44"
    },
    "addedDate" : 1655225880533,
    "metadata" : [ ]
  }, {
    "asset" : {
      "assetID" : "cd277a3235d811ec89b6eeeeac1e02ba99131a54"
    },
    "addedDate" : 1655237067281,
    "metadata" : [ ]
  }, {
    "asset" : {
      "assetID" : "cc626ac335da11ecb675eeeeac1e6a69f69d504a"
    },
    "addedDate" : 1664388114764,
    "metadata" : [ ]
  }, {
    "asset" : {
      "assetID" : "b5d376f235db11ec8868eeeeac1e3d389c6d8f82"
    },
    "addedDate" : 1664387599713,
    "metadata" : [ ]
  }, {
    "asset" : {
      "assetID" : "033e3b4e35dd11eca4deeeeeac1e54b6247eb724"
    },
    "addedDate" : 1664401215761,
    "metadata" : [ ]
  }, {
    "asset" : {
      "assetID" : "a873526b35dd11ec83ebeeeeac1e20b36e632b4b"
    },
    "addedDate" : 1664401433995,
    "metadata" : [ ]
  }, {
    "asset" : {
      "assetID" : "5998718735de11ec8193eeeeac1ebf627da0a130"
    },
    "addedDate" : 1664373720918,
    "metadata" : [ ]
  }, {
    "asset" : {
      "assetID" : "1c7d538c35df11ec8ef9eeeeac1e99aa21bb61f7"
    },
    "addedDate" : 1664401517755,
    "metadata" : [ ]
  }, {
    "asset" : {
      "assetID" : "f19553e935df11ec89b6eeeeac1e02ba40ef075a"
    },
    "addedDate" : 1664401609500,
    "metadata" : [ ]
  }, {
    "asset" : {
      "assetID" : "64cfd04335e111eca0a3eeeeac1ed903774a04c5"
    },
    "addedDate" : 1664402527817,
    "metadata" : [ ]
  }, {
    "asset" : {
      "assetID" : "de1cab8435e111eca0a3eeeeac1ed9038c7e9531"
    },
    "addedDate" : 1664402609806,
    "metadata" : [ ]
  }, {
    "asset" : {
      "assetID" : "1774d84d35e211ec89b6eeeeac1e02ba2745c279"
    },
    "addedDate" : 1664318170858,
    "metadata" : [ ]
  }, {
    "asset" : {
      "assetID" : "e7db0fa2366711eca29deeeeac1e03f90d2d4c97"
    },
    "addedDate" : 1664402673035,
    "metadata" : [ ]
  }, {
    "asset" : {
      "assetID" : "389d514e366b11ecb890eeeeac1e0eb4b81a2d0b"
    },
    "addedDate" : 1664402752566,
    "metadata" : [ ]
  }, {
    "asset" : {
      "assetID" : "ebad5af5366c11ec89b6eeeeac1e02ba768fc14b"
    },
    "addedDate" : 1664387667592,
    "metadata" : [ ]
  }, {
    "asset" : {
      "assetID" : "dc6c8553366d11eca4deeeeeac1e54b677bf3c50"
    },
    "addedDate" : 1664388060615,
    "metadata" : [ ]
  }, {
    "asset" : {
      "assetID" : "1ab6cce8367011ec95e0eeeeac1ece45549be467"
    },
    "addedDate" : 1664402938477,
    "metadata" : [ ]
  }, {
    "asset" : {
      "assetID" : "e1720b40367011ecb890eeeeac1e0eb4c1221853"
    },
    "addedDate" : 1664387551768,
    "metadata" : [ ]
  }, {
    "asset" : {
      "assetID" : "822f2f16367111eca29deeeeac1e03f9dfd4ec68"
    },
    "addedDate" : 1664318739714,
    "metadata" : [ ]
  }, {
    "asset" : {
      "assetID" : "e619135b367211ec95e0eeeeac1ece45c67e4ceb"
    },
    "addedDate" : 1664319218019,
    "metadata" : [ ]
  }, {
    "asset" : {
      "assetID" : "7f8077e0367311ecbc25eeeeac1e2962f2a76a39"
    },
    "addedDate" : 1664387775862,
    "metadata" : [ ]
  }, {
    "asset" : {
      "assetID" : "07b405ad367411ec95e0eeeeac1ece45174c63cc"
    },
    "addedDate" : 1664318036528,
    "metadata" : [ ]
  }, {
    "asset" : {
      "assetID" : "e2f52c45367411ec8193eeeeac1ebf626ca8b021"
    },
    "addedDate" : 1664403012675,
    "metadata" : [ ]
  }, {
    "asset" : {
      "assetID" : "424b0511367d11ec89b6eeeeac1e02baa1c98e50"
    },
    "addedDate" : 1664403082509,
    "metadata" : [ ]
  }, {
    "asset" : {
      "assetID" : "96585aa9367d11ecbc25eeeeac1e2962dd3bfb4c"
    },
    "addedDate" : 1664318550233,
    "metadata" : [ ]
  }, {
    "asset" : {
      "assetID" : "118567c3367e11eca4deeeeeac1e54b619586f3f"
    },
    "addedDate" : 1664318689842,
    "metadata" : [ ]
  }, {
    "asset" : {
      "assetID" : "6fb16aee367f11eca0a3eeeeac1ed9035bd4c10b"
    },
    "addedDate" : 1635391655033,
    "metadata" : [ ]
  }, {
    "asset" : {
      "assetID" : "9667be8b373911eca0a3eeeeac1ed90329c96853"
    },
    "addedDate" : 1664403209560,
    "metadata" : [ ]
  }, {
    "asset" : {
      "assetID" : "e0c58625373911ecb890eeeeac1e0eb4ca579f22"
    },
    "addedDate" : 1664403427222,
    "metadata" : [ ]
  }, {
    "asset" : {
      "assetID" : "5c727c51373b11ecbcf7eeeeac1e744e4caae6d0"
    },
    "addedDate" : 1664319335452,
    "metadata" : [ ]
  }, {
    "asset" : {
      "assetID" : "d7af1976373b11eca29deeeeac1e03f93d380d0d"
    },
    "addedDate" : 1664319494580,
    "metadata" : [ ]
  }, {
    "asset" : {
      "assetID" : "e44ad537373c11ec8193eeeeac1ebf6274c3bb64"
    },
    "addedDate" : 1664319042839,
    "metadata" : [ ]
  }, {
    "asset" : {
      "assetID" : "fbf2c824373d11ec8aafeeeeac1e5e36ea4cd9c9"
    },
    "addedDate" : 1664318337871,
    "metadata" : [ ]
  }, {
    "asset" : {
      "assetID" : "71b20fe2373e11ec95e0eeeeac1ece458f688d91"
    },
    "addedDate" : 1664319098509,
    "metadata" : [ ]
  }, {
    "asset" : {
      "assetID" : "c828642d374011eca29deeeeac1e03f982461f87"
    },
    "addedDate" : 1664318107549,
    "metadata" : [ ]
  }, {
    "asset" : {
      "assetID" : "f975b634374411eca4deeeeeac1e54b6a5386a43"
    },
    "addedDate" : 1663814999685,
    "metadata" : [ ]
  }, {
    "asset" : {
      "assetID" : "3b4576d1374e11ec8aafeeeeac1e5e364d223cf9"
    },
    "addedDate" : 1664318639028,
    "metadata" : [ ]
  }, {
    "asset" : {
      "assetID" : "5d09dfa2374e11ec83ebeeeeac1e20b3615b1513"
    },
    "addedDate" : 1664388279261,
    "metadata" : [ ]
  }, {
    "asset" : {
      "assetID" : "bd92a22f375011eca4deeeeeac1e54b68b6a6409"
    },
    "addedDate" : 1664388221621,
    "metadata" : [ ]
  }, {
    "asset" : {
      "assetID" : "854e87b4375111ec95e0eeeeac1ece45221b4903"
    },
    "addedDate" : 1664318875629,
    "metadata" : [ ]
  }, {
    "asset" : {
      "assetID" : "66fd88d7375311ec8aafeeeeac1e5e36b7e4a793"
    },
    "addedDate" : 1664387961294,
    "metadata" : [ ]
  }, {
    "asset" : {
      "assetID" : "03bf8a16375411ecbc25eeeeac1e29627c310fc5"
    },
    "addedDate" : 1664388498377,
    "metadata" : [ ]
  }, {
    "asset" : {
      "assetID" : "2af9837e375811eca29deeeeac1e03f969fa8912"
    },
    "addedDate" : 1664318490528,
    "metadata" : [ ]
  }, {
    "asset" : {
      "assetID" : "4df64fbf375911eca29deeeeac1e03f96c54da0f"
    },
    "addedDate" : 1664388006352,
    "metadata" : [ ]
  }, {
    "asset" : {
      "assetID" : "d6c50c4f375911ecbd0feeeeac1efb1d07b6acd7"
    },
    "addedDate" : 1664387442212,
    "metadata" : [ ]
  }, {
    "asset" : {
      "assetID" : "7fbc6488375a11ec91c8eeeeac1e74a312d0fbf9"
    },
    "addedDate" : 1664388172755,
    "metadata" : [ ]
  }, {
    "asset" : {
      "assetID" : "f8668e82375a11ecac35eeeeac1e7c59105647e2"
    },
    "addedDate" : 1664387490409,
    "metadata" : [ ]
  }, {
    "asset" : {
      "assetID" : "da1dc1f1375b11ecb890eeeeac1e0eb442539441"
    },
    "addedDate" : 1664403329569,
    "metadata" : [ ]
  }, {
    "asset" : {
      "assetID" : "b4e60f52375c11ecbd0feeeeac1efb1d9e127d40"
    },
    "addedDate" : 1664387843527,
    "metadata" : [ ]
  }, {
    "asset" : {
      "assetID" : "f43c0e5e0b6911ecbf18eeeeac1e5d0b57e65880"
    },
    "addedDate" : 1664390787698,
    "metadata" : [ ]
  }, {
    "asset" : {
      "assetID" : "076674530b6111ecbb5eeeeeac1e9b2ae7000dd4"
    },
    "addedDate" : 1664390923270,
    "metadata" : [ ]
  }, {
    "asset" : {
      "assetID" : "c8e3957e35e011eca29deeeeac1e03f984b64f30"
    },
    "addedDate" : 1664319726680,
    "metadata" : [ ]
  } ],
  "fileName" : "3fbea69261e3baed80fb297331951b6dfd24cc1d.json",
  "name" : "New Testament Stories",
  "english" : true,
  "publicTitle" : "New Testament Stories",
  "collectionUri" : "primary-new-testament-stories"
}