{
  "parentCollectionID" : "5a3ba1ceff2116bd34479c93c2c013de8ce70591",
  "parentCollectionPath" : "Mobile Media Library/English - Video/Life Help/Self-Reliance Services and PEF",
  "collectionType" : "collections",
  "path" : "Mobile Media Library/English - Video/Life Help/Self-Reliance Services and PEF/Self-Reliance Leader Guide",
  "collectionID" : "400f71f7e9e0f6a886452666fc1100cb7b7c1b9a",
  "language" : "eng",
  "type" : "DEFAULT",
  "lastUpdatedDate" : "2019-10-28T16:40:50.643-06:00",
  "links" : [ {
    "rel" : "details",
    "href" : "https://titanapi.churchofjesuschrist.org/assetsearch/api/v2/collection/details/collectionID/400f71f7e9e0f6a886452666fc1100cb7b7c1b9a"
  } ],
  "coverImages" : [ {
    "asset" : {
      "assetID" : "a0e1127e46ba1cf9aa56663c4c19476172837d97"
    }
  } ],
  "related" : [ ],
  "metadata" : [ {
    "key" : "collectionUri",
    "value" : "self-reliance-leader-guide",
    "language" : "eng"
  }, {
    "key" : "publicTitle",
    "value" : "Self-Reliance Leader Guide",
    "language" : "eng"
  } ],
  "children" : [ {
    "path" : "Mobile Media Library/English - Video/Life Help/Self-Reliance Services and PEF/Self-Reliance Leader Guide/Group Facilitator",
    "collectionID" : "33e10a9dde21c79e43ff6c139d30232a22a04961",
    "type" : "DEFAULT",
    "lastUpdatedDate" : "2019-10-28T16:40:50.643-06:00",
    "links" : [ {
      "rel" : "details",
      "href" : "https://titanapi.churchofjesuschrist.org/assetsearch/api/v2/collection/details/collectionID/33e10a9dde21c79e43ff6c139d30232a22a04961"
    } ],
    "fileName" : "33e10a9dde21c79e43ff6c139d30232a22a04961.json"
  }, {
    "path" : "Mobile Media Library/English - Video/Life Help/Self-Reliance Services and PEF/Self-Reliance Leader Guide/Priesthood Leader",
    "collectionID" : "cc8a0fc664b7227bd26a0bc6b83b500dcbfd0f8f",
    "type" : "DEFAULT",
    "lastUpdatedDate" : "2019-10-28T16:40:50.643-06:00",
    "links" : [ {
      "rel" : "details",
      "href" : "https://titanapi.churchofjesuschrist.org/assetsearch/api/v2/collection/details/collectionID/cc8a0fc664b7227bd26a0bc6b83b500dcbfd0f8f"
    } ],
    "fileName" : "cc8a0fc664b7227bd26a0bc6b83b500dcbfd0f8f.json"
  } ],
  "assets" : [ ],
  "fileName" : "400f71f7e9e0f6a886452666fc1100cb7b7c1b9a.json",
  "name" : "Self-Reliance Leader Guide",
  "english" : true,
  "publicTitle" : "Self-Reliance Leader Guide",
  "collectionUri" : "self-reliance-leader-guide"
}