{
  "parentCollectionID" : "7dcef444e180851b96f8f79d6392f8963ec6952b",
  "parentCollectionPath" : "Mobile Media Library/English - Video/Broadcasts/General Conference",
  "collectionType" : "assets",
  "path" : "Mobile Media Library/English - Video/Broadcasts/General Conference/April 2024",
  "collectionID" : "41c3cef79e99428a87a573311c9e5e49",
  "language" : "eng",
  "type" : "DEFAULT",
  "lastUpdatedDate" : "2024-04-22T14:29:03.849-06:00",
  "links" : [ {
    "rel" : "details",
    "href" : "https://titanapi.churchofjesuschrist.org/assetsearch/api/v2/collection/details/collectionID/41c3cef79e99428a87a573311c9e5e49"
  } ],
  "coverImages" : [ {
    "asset" : {
      "assetID" : "525086c4c22d11eebef2eeeeac1e2ff8be72073b"
    }
  } ],
  "related" : [ ],
  "metadata" : [ {
    "key" : "orderIndex",
    "value" : "1"
  }, {
    "key" : "channel",
    "value" : "mobile",
    "language" : "eng"
  }, {
    "key" : "collectionUri",
    "value" : "april-2024-general-conference",
    "language" : "eng"
  }, {
    "key" : "publicTitle",
    "value" : "April 2024",
    "language" : "eng"
  } ],
  "children" : [ ],
  "assets" : [ {
    "asset" : {
      "assetID" : "51dd64f3f43211ee9258eeeeac1eba9afdad17b3"
    },
    "index" : 1,
    "addedDate" : 1713201149808,
    "metadata" : [ ]
  }, {
    "asset" : {
      "assetID" : "fa3ae884f43611ee8249eeeeac1e129425f0b4be"
    },
    "index" : 4,
    "addedDate" : 1713201175684,
    "metadata" : [ ]
  }, {
    "asset" : {
      "assetID" : "ec6429f1f43711eeb86ceeeeac1e7270720ce5d1"
    },
    "index" : 2,
    "addedDate" : 1713201159902,
    "metadata" : [ ]
  }, {
    "asset" : {
      "assetID" : "c2afd304f43911ee8652eeeeac1e0c79e5bdc6c5"
    },
    "index" : 3,
    "addedDate" : 1713201167828,
    "metadata" : [ ]
  }, {
    "asset" : {
      "assetID" : "260eb55af43b11ee8fbdeeeeac1e8476abea2dd0"
    },
    "index" : 5,
    "addedDate" : 1713201184065,
    "metadata" : [ ]
  }, {
    "asset" : {
      "assetID" : "c2566b9cf43d11eeac68eeeeac1e22d1f0e708e5"
    },
    "index" : 6,
    "addedDate" : 1713201192110,
    "metadata" : [ ]
  }, {
    "asset" : {
      "assetID" : "4dbde950f44011ee9a78eeeeac1eb9e5be520383"
    },
    "index" : 10,
    "addedDate" : 1713201231333,
    "metadata" : [ ]
  }, {
    "asset" : {
      "assetID" : "691b6a54f44111eeac0feeeeac1e213269e83920"
    },
    "index" : 9,
    "addedDate" : 1713201222443,
    "metadata" : [ ]
  }, {
    "asset" : {
      "assetID" : "c6019c81f44111eebf34eeeeac1ea66cbe7925c1"
    },
    "index" : 7,
    "addedDate" : 1713201202454,
    "metadata" : [ ]
  }, {
    "asset" : {
      "assetID" : "0a4fa083f44711eea15beeeeac1e53a8a230b62e"
    },
    "index" : 12,
    "addedDate" : 1713201249795,
    "metadata" : [ ]
  }, {
    "asset" : {
      "assetID" : "8dfd5b37f44b11ee8a11eeeeac1e85ad040f4ced"
    },
    "index" : 8,
    "addedDate" : 1713201212932,
    "metadata" : [ ]
  }, {
    "asset" : {
      "assetID" : "91c00882f44b11eeb86ceeeeac1e7270aaadb52d"
    },
    "index" : 11,
    "addedDate" : 1713201240049,
    "metadata" : [ ]
  }, {
    "asset" : {
      "assetID" : "a5ff4a9bf44b11eeac0feeeeac1e213205535387"
    },
    "index" : 13,
    "addedDate" : 1713201822179,
    "metadata" : [ ]
  }, {
    "asset" : {
      "assetID" : "f7d904fcf45011ee9f70eeeeac1e8b16d7b2f23e"
    },
    "index" : 0,
    "addedDate" : 1713201141394,
    "metadata" : [ ]
  }, {
    "asset" : {
      "assetID" : "e058cbeef45411eeac0feeeeac1e213225a30fe0"
    },
    "index" : 15,
    "addedDate" : 1713201267814,
    "metadata" : [ ]
  }, {
    "asset" : {
      "assetID" : "902d0ea3f45a11ee9247eeeeac1e29c636fcbe60"
    },
    "index" : 18,
    "addedDate" : 1713201296182,
    "metadata" : [ ]
  }, {
    "asset" : {
      "assetID" : "1d544fb4f45b11ee8a11eeeeac1e85ad8d9c20c3"
    },
    "index" : 16,
    "addedDate" : 1713201275945,
    "metadata" : [ ]
  }, {
    "asset" : {
      "assetID" : "d16bac9bf45b11ee8249eeeeac1e129459689f13"
    },
    "index" : 17,
    "addedDate" : 1713201285367,
    "metadata" : [ ]
  }, {
    "asset" : {
      "assetID" : "1dc7fc4bf45f11eea9deeeeeac1ec0fd846a4c98"
    },
    "index" : 19,
    "addedDate" : 1713201335805,
    "metadata" : [ ]
  }, {
    "asset" : {
      "assetID" : "1a9aed5ff46111eea9b7eeeeac1e13f9b9a788e3"
    },
    "index" : 20,
    "addedDate" : 1713201344108,
    "metadata" : [ ]
  }, {
    "asset" : {
      "assetID" : "196cd833f46211ee9a78eeeeac1eb9e512bb08ea"
    },
    "index" : 23,
    "addedDate" : 1713201372707,
    "metadata" : [ ]
  }, {
    "asset" : {
      "assetID" : "bee783eff46211ee8652eeeeac1e0c794f195d84"
    },
    "index" : 22,
    "addedDate" : 1713201361627,
    "metadata" : [ ]
  }, {
    "asset" : {
      "assetID" : "61be4de7f46511ee8ff9eeeeac1e6da7bfa25086"
    },
    "index" : 25,
    "addedDate" : 1713201390306,
    "metadata" : [ ]
  }, {
    "asset" : {
      "assetID" : "67644292f47c11ee968feeeeac1e3923751cfb01"
    },
    "index" : 30,
    "addedDate" : 1713201440347,
    "metadata" : [ ]
  }, {
    "asset" : {
      "assetID" : "caba1244f47f11eea8a9eeeeac1e8b21a0c1523a"
    },
    "index" : 33,
    "addedDate" : 1713201470997,
    "metadata" : [ ]
  }, {
    "asset" : {
      "assetID" : "dbcbbb14f47f11ee83f2eeeeac1e5393dd3a64ae"
    },
    "index" : 31,
    "addedDate" : 1713201449990,
    "metadata" : [ ]
  }, {
    "asset" : {
      "assetID" : "b3747898f48011ee9faceeeeac1ebab77b681c8b"
    },
    "index" : 21,
    "addedDate" : 1713201352921,
    "metadata" : [ ]
  }, {
    "asset" : {
      "assetID" : "c033b73ef48011ee86d2eeeeac1e12bebf5c3720"
    },
    "index" : 26,
    "addedDate" : 1713201400059,
    "metadata" : [ ]
  }, {
    "asset" : {
      "assetID" : "f7d72f5df48011eea018eeeeac1e84679ab5a8e1"
    },
    "index" : 24,
    "addedDate" : 1713201381802,
    "metadata" : [ ]
  }, {
    "asset" : {
      "assetID" : "d6101fcdf48611eea55ceeeeac1e2777831ecf02"
    },
    "index" : 34,
    "addedDate" : 1713201480905,
    "metadata" : [ ]
  }, {
    "asset" : {
      "assetID" : "b892930af48711ee9b67eeeeac1e190e660f108d"
    },
    "index" : 35,
    "addedDate" : 1713201493236,
    "metadata" : [ ]
  }, {
    "asset" : {
      "assetID" : "d6a1c9c4f48c11eebb55eeeeac1eb9e3c637cb90"
    },
    "index" : 27,
    "addedDate" : 1713201409941,
    "metadata" : [ ]
  }, {
    "asset" : {
      "assetID" : "69ec57d6f4a211eeb045eeeeac1ef0ac1f1d060a"
    },
    "index" : 14,
    "addedDate" : 1713201259044,
    "metadata" : [ ]
  }, {
    "asset" : {
      "assetID" : "86909e24f4fa11ee9b67eeeeac1e190e205e119c"
    },
    "index" : 28,
    "addedDate" : 1713201420978,
    "metadata" : [ ]
  }, {
    "asset" : {
      "assetID" : "ace0345ef4fa11eea2b7eeeeac1ea65b05086634"
    },
    "index" : 29,
    "addedDate" : 1713201431028,
    "metadata" : [ ]
  }, {
    "asset" : {
      "assetID" : "cc339d1af4fa11eebae2eeeeac1e858347c78622"
    },
    "index" : 32,
    "addedDate" : 1713201461304,
    "metadata" : [ ]
  }, {
    "asset" : {
      "assetID" : "8305776af50111ee8670eeeeac1edabd91fde507"
    },
    "index" : 39,
    "addedDate" : 1713201539128,
    "metadata" : [ ]
  }, {
    "asset" : {
      "assetID" : "7f4cbfc0f50211eeb6beeeeeac1e6d8267884215"
    },
    "index" : 40,
    "addedDate" : 1713201550179,
    "metadata" : [ ]
  }, {
    "asset" : {
      "assetID" : "62512249f50511ee9b67eeeeac1e190effe07fce"
    },
    "index" : 43,
    "addedDate" : 1713201580404,
    "metadata" : [ ]
  }, {
    "asset" : {
      "assetID" : "965c2a15f50811ee86d2eeeeac1e12be3b369838"
    },
    "index" : 46,
    "addedDate" : 1713201612980,
    "metadata" : [ ]
  }, {
    "asset" : {
      "assetID" : "5eb9b174f50a11ee8670eeeeac1edabdc5d4e8c0"
    },
    "index" : 42,
    "addedDate" : 1713201570652,
    "metadata" : [ ]
  }, {
    "asset" : {
      "assetID" : "09ebb925f50c11eebae2eeeeac1e858374e0e946"
    },
    "index" : 45,
    "addedDate" : 1713201600610,
    "metadata" : [ ]
  }, {
    "asset" : {
      "assetID" : "d079a941f51011ee9b67eeeeac1e190e91122fe2"
    },
    "index" : 48,
    "addedDate" : 1713201633856,
    "metadata" : [ ]
  }, {
    "asset" : {
      "assetID" : "6f9244c7f51111eeb333eeeeac1ea793a6ee89e3"
    },
    "index" : 36,
    "addedDate" : 1713201503395,
    "metadata" : [ ]
  }, {
    "asset" : {
      "assetID" : "023b19bdf51511eea8a9eeeeac1e8b216156e1f7"
    },
    "index" : 38,
    "addedDate" : 1713201528757,
    "metadata" : [ ]
  }, {
    "asset" : {
      "assetID" : "0bbe1924f51511eeb3eceeeeac1ec6046a459954"
    },
    "index" : 41,
    "addedDate" : 1713201560001,
    "metadata" : [ ]
  }, {
    "asset" : {
      "assetID" : "cf8f300cf51511eea55ceeeeac1e277716642a87"
    },
    "index" : 44,
    "addedDate" : 1713201590263,
    "metadata" : [ ]
  }, {
    "asset" : {
      "assetID" : "de221d33f51511eeae01eeeeac1e2f2ffccfd39c"
    },
    "index" : 47,
    "addedDate" : 1713201623062,
    "metadata" : [ ]
  }, {
    "asset" : {
      "assetID" : "f142cfdcf51511ee9faceeeeac1ebab74a8600b0"
    },
    "index" : 49,
    "addedDate" : 1713201644610,
    "metadata" : [ ]
  }, {
    "asset" : {
      "assetID" : "88df5b4df51d11eebd9deeeeac1e481b8c8286fe"
    },
    "index" : 37,
    "addedDate" : 1713201515926,
    "metadata" : [ ]
  }, {
    "asset" : {
      "assetID" : "7f9294e4f52211eeb6beeeeeac1e6d82e980e408"
    },
    "index" : 52,
    "addedDate" : 1713201681237,
    "metadata" : [ ]
  }, {
    "asset" : {
      "assetID" : "19a358c8f52311eeb578eeeeac1e968c89ca42d8"
    },
    "index" : 53,
    "addedDate" : 1713201693262,
    "metadata" : [ ]
  }, {
    "asset" : {
      "assetID" : "d1cbad56f52711eebd9deeeeac1e481b0d4eb469"
    },
    "index" : 56,
    "addedDate" : 1713201731327,
    "metadata" : [ ]
  }, {
    "asset" : {
      "assetID" : "654682eef52c11ee8363eeeeac1e3b3b1efa11f6"
    },
    "index" : 59,
    "addedDate" : 1713201764396,
    "metadata" : [ ]
  }, {
    "asset" : {
      "assetID" : "cd04a3e1f53111ee8379eeeeac1e37281b16ee75"
    },
    "index" : 60,
    "addedDate" : 1713201775843,
    "metadata" : [ ]
  }, {
    "asset" : {
      "assetID" : "51e13a06f53911eeb8b4eeeeac1e173cf3705814"
    },
    "index" : 50,
    "addedDate" : 1713201657931,
    "metadata" : [ ]
  }, {
    "asset" : {
      "assetID" : "4c645cd0f53d11eeb419eeeeac1e2e047fc976b1"
    },
    "index" : 55,
    "addedDate" : 1713201719059,
    "metadata" : [ ]
  }, {
    "asset" : {
      "assetID" : "e6f0cd86f54a11eeb419eeeeac1e2e04157ba4da"
    },
    "index" : 58,
    "addedDate" : 1713201752636,
    "metadata" : [ ]
  }, {
    "asset" : {
      "assetID" : "8913e5a1f55211eea4dfeeeeac1eb9c43ff23928"
    },
    "index" : 61,
    "addedDate" : 1713201787852,
    "metadata" : [ ]
  }, {
    "asset" : {
      "assetID" : "03735311f5d611ee82d1eeeeac1e96a95eded645"
    },
    "index" : 57,
    "addedDate" : 1713201742062,
    "metadata" : [ ]
  }, {
    "asset" : {
      "assetID" : "079f227df5d611eeb476eeeeac1ec61cf67262ab"
    },
    "index" : 54,
    "addedDate" : 1713201707276,
    "metadata" : [ ]
  }, {
    "asset" : {
      "assetID" : "08e5d34af5d611ee8e60eeeeac1e4835aec01d83"
    },
    "index" : 51,
    "addedDate" : 1713201669571,
    "metadata" : [ ]
  } ],
  "fileName" : "41c3cef79e99428a87a573311c9e5e49.json",
  "name" : "April 2024",
  "english" : true,
  "publicTitle" : "April 2024",
  "collectionUri" : "april-2024-general-conference"
}