{
  "parentCollectionID" : "bd59191796027fc53f46f5811862b4ff2baaa3b2",
  "parentCollectionPath" : "Mobile Media Library/English - Video/Topics",
  "collectionType" : "assets",
  "path" : "Mobile Media Library/English - Video/Topics/Language",
  "collectionID" : "421cf155302d486a930e894fa8abfff7",
  "language" : "eng",
  "type" : "DEFAULT",
  "lastUpdatedDate" : "2020-09-20T12:27:44.939-06:00",
  "links" : [ {
    "rel" : "details",
    "href" : "https://titanapi.churchofjesuschrist.org/assetsearch/api/v2/collection/details/collectionID/421cf155302d486a930e894fa8abfff7"
  } ],
  "coverImages" : [ {
    "asset" : {
      "assetID" : "91fd529a777b9d18565fb58f244c3ec530f8f247"
    }
  } ],
  "related" : [ ],
  "metadata" : [ {
    "key" : "description",
    "value" : "This collection shows positive dialogue, modern texting that uplifts, and a “no cussing club” established by youth to promote clean language.",
    "language" : "eng"
  }, {
    "key" : "collectionUri",
    "value" : "language-topic",
    "language" : "eng"
  }, {
    "key" : "publicTitle",
    "value" : "Language",
    "language" : "eng"
  }, {
    "key" : "orderIndex",
    "value" : "54"
  } ],
  "children" : [ ],
  "assets" : [ {
    "asset" : {
      "assetID" : "ed60de3f32f2d299cf50dce684240797c78c66ad"
    },
    "addedDate" : 1576803643423,
    "metadata" : [ ]
  }, {
    "asset" : {
      "assetID" : "5eb58c524a65f66e506271fcffa0523e71a49788"
    },
    "addedDate" : 1592433099338,
    "metadata" : [ ]
  }, {
    "asset" : {
      "assetID" : "75943c0b1004e190d0cf055a78eb9e944f268d97"
    },
    "addedDate" : 1592433101278,
    "metadata" : [ ]
  } ],
  "fileName" : "421cf155302d486a930e894fa8abfff7.json",
  "name" : "Language",
  "english" : true,
  "publicTitle" : "Language",
  "description" : "This collection shows positive dialogue, modern texting that uplifts, and a “no cussing club” established by youth to promote clean language.",
  "collectionUri" : "language-topic"
}