{
  "sourceCollectionId" : "1beb114a0f9d4943b42efb5831170d96",
  "parentCollectionID" : "22e3232e384c8650311b2940336759a89b8d6f8b",
  "parentCollectionPath" : "Mobile Media Library",
  "collectionType" : "assets",
  "path" : "Mobile Media Library/Mandarin Simplified - GS Banner - Videos Only",
  "collectionID" : "425dfcddfd55409e81c9ed31a40af337",
  "language" : "zhs",
  "type" : "DEFAULT",
  "lastUpdatedDate" : "2025-01-28T03:51:48.762-07:00",
  "links" : [ {
    "rel" : "details",
    "href" : "https://titanapi.churchofjesuschrist.org/assetsearch/api/v2/collection/details/collectionID/425dfcddfd55409e81c9ed31a40af337"
  } ],
  "coverImages" : [ ],
  "related" : [ ],
  "metadata" : [ {
    "key" : "orderIndex",
    "value" : "53"
  }, {
    "key" : "channel",
    "value" : "mobile",
    "language" : "zhs"
  }, {
    "key" : "collectionUri",
    "value" : "gospel-stream-banner",
    "language" : "zhs"
  }, {
    "key" : "publicTitle",
    "value" : "Mandarin Simplified - GS Banner - Videos Only",
    "language" : "zhs"
  } ],
  "children" : [ ],
  "assets" : [ {
    "asset" : {
      "assetID" : "cfd7a20e7f6211efb0ca022e7e432ed9fd91f1b3"
    },
    "index" : 1,
    "addedDate" : 1738061468488,
    "metadata" : [ ]
  }, {
    "asset" : {
      "assetID" : "d55a01dd7f6211efb0ca022e7e432ed9ca9a2f2c"
    },
    "index" : 4,
    "addedDate" : 1736805276419,
    "metadata" : [ ]
  }, {
    "asset" : {
      "assetID" : "7bbfae327f6b11ef9c8c0626c361eb55e82a1672"
    },
    "index" : 0,
    "addedDate" : 1738010466314,
    "metadata" : [ ]
  }, {
    "asset" : {
      "assetID" : "ykyud7yal87iffmuavrbey7k037m6udn46ahrdyp"
    },
    "index" : 2,
    "addedDate" : 1737375916372,
    "metadata" : [ ]
  }, {
    "asset" : {
      "assetID" : "q94mowbtabc690ug1y6ai07oz6j0qyw60ko2lko9"
    },
    "index" : 3,
    "addedDate" : 1736011736431,
    "metadata" : [ ]
  } ],
  "fileName" : "425dfcddfd55409e81c9ed31a40af337.json",
  "name" : "Mandarin Simplified - GS Banner - Videos Only",
  "english" : false,
  "publicTitle" : "Mandarin Simplified - GS Banner - Videos Only",
  "collectionUri" : "gospel-stream-banner"
}