{
  "parentCollectionID" : "b91d19b3a88f45129e9ec20d8c175bfa",
  "parentCollectionPath" : "Mobile Media Library/English - Video/Scriptural Reenactments and Teachings/Book of Mormon Videos",
  "collectionType" : "assets",
  "path" : "Mobile Media Library/English - Video/Scriptural Reenactments and Teachings/Book of Mormon Videos/Alma 4–7",
  "collectionID" : "4385aff850274d49b8bf5f0d2ae12b17",
  "language" : "eng",
  "type" : "DEFAULT",
  "lastUpdatedDate" : "2023-09-11T17:06:48.426-06:00",
  "links" : [ {
    "rel" : "details",
    "href" : "https://titanapi.churchofjesuschrist.org/assetsearch/api/v2/collection/details/collectionID/4385aff850274d49b8bf5f0d2ae12b17"
  } ],
  "coverImages" : [ {
    "asset" : {
      "assetID" : "567d441686a3135202af700a98442c6d0d46e4d0"
    }
  } ],
  "related" : [ ],
  "metadata" : [ {
    "key" : "orderIndex",
    "value" : "25"
  }, {
    "key" : "channel",
    "value" : "mobile",
    "language" : "eng"
  }, {
    "key" : "collectionUri",
    "value" : "alma-4-7",
    "language" : "eng"
  }, {
    "key" : "publicTitle",
    "value" : "Alma 4–7",
    "language" : "eng"
  } ],
  "children" : [ ],
  "assets" : [ {
    "asset" : {
      "assetID" : "64AACE238E592D9D8B96616BBB05D179E5E70C35"
    },
    "index" : 0,
    "addedDate" : 1662565668996,
    "metadata" : [ ]
  }, {
    "asset" : {
      "assetID" : "58091C65A59043FC46132C50054A9580B1D4E325"
    },
    "index" : 1,
    "addedDate" : 1662565668990,
    "metadata" : [ ]
  }, {
    "asset" : {
      "assetID" : "783F4DE759F6390E9A5AAD6024EF2C39681DC48E"
    },
    "index" : 2,
    "addedDate" : 1662565668993,
    "metadata" : [ ]
  }, {
    "asset" : {
      "assetID" : "E8AACDDFF71277C1D4F72BD709FFCBA18F5CE371"
    },
    "index" : 3,
    "addedDate" : 1662565668996,
    "metadata" : [ ]
  } ],
  "fileName" : "4385aff850274d49b8bf5f0d2ae12b17.json",
  "name" : "Alma 4–7",
  "english" : true,
  "publicTitle" : "Alma 4–7",
  "collectionUri" : "alma-4-7"
}