{
  "parentCollectionID" : "abfe9e9e0ee3bddb9949a6290ab2936023670247",
  "parentCollectionPath" : "Mobile Media Library/English - Video/Videos for Youth",
  "collectionType" : "collections",
  "path" : "Mobile Media Library/English - Video/Videos for Youth/Youth Program, Conferences, and Camps",
  "collectionID" : "438a59a58ecf4b2683bc1adf483d46bd",
  "language" : "eng",
  "type" : "DEFAULT",
  "lastUpdatedDate" : "2023-09-11T07:56:00.302-06:00",
  "links" : [ {
    "rel" : "details",
    "href" : "https://titanapi.churchofjesuschrist.org/assetsearch/api/v2/collection/details/collectionID/438a59a58ecf4b2683bc1adf483d46bd"
  } ],
  "coverImages" : [ {
    "asset" : {
      "assetID" : "c7cd32e1aebbb56ae845e4c35c0687e2227d1aa0"
    }
  } ],
  "related" : [ ],
  "metadata" : [ {
    "key" : "orderIndex",
    "value" : "3"
  }, {
    "key" : "channel",
    "value" : "mobile",
    "language" : "eng"
  }, {
    "key" : "collectionUri",
    "value" : "youth-program-conferences-camps",
    "language" : "eng"
  }, {
    "key" : "publicTitle",
    "value" : "Youth Program, Conferences, and Camps",
    "language" : "eng"
  } ],
  "children" : [ {
    "path" : "Mobile Media Library/English - Video/Videos for Youth/Youth Program, Conferences, and Camps/Children and Youth Program",
    "collectionID" : "f786df94aa3742c8b9bc73c76e108179",
    "type" : "DEFAULT",
    "lastUpdatedDate" : "2023-09-13T12:29:13.932-06:00",
    "links" : [ {
      "rel" : "details",
      "href" : "https://titanapi.churchofjesuschrist.org/assetsearch/api/v2/collection/details/collectionID/f786df94aa3742c8b9bc73c76e108179"
    } ],
    "fileName" : "f786df94aa3742c8b9bc73c76e108179.json"
  }, {
    "path" : "Mobile Media Library/English - Video/Videos for Youth/Youth Program, Conferences, and Camps/What is FSY?",
    "collectionID" : "c9edf7be47eb42b680edeeeace9ab382",
    "type" : "DEFAULT",
    "lastUpdatedDate" : "2023-09-11T07:55:46.215-06:00",
    "links" : [ {
      "rel" : "details",
      "href" : "https://titanapi.churchofjesuschrist.org/assetsearch/api/v2/collection/details/collectionID/c9edf7be47eb42b680edeeeace9ab382"
    } ],
    "fileName" : "c9edf7be47eb42b680edeeeace9ab382.json"
  } ],
  "assets" : [ ],
  "fileName" : "438a59a58ecf4b2683bc1adf483d46bd.json",
  "name" : "Youth Program, Conferences, and Camps",
  "english" : true,
  "publicTitle" : "Youth Program, Conferences, and Camps",
  "collectionUri" : "youth-program-conferences-camps"
}