{
  "parentCollectionID" : "9a1f9fbe00c65bcba2719d53d114780da19e422c",
  "parentCollectionPath" : "Mobile Media Library/English - Video/Callings and Trainings/Leadership/Leadership Training Library",
  "collectionType" : "assets",
  "path" : "Mobile Media Library/English - Video/Callings and Trainings/Leadership/Leadership Training Library/Teaching in the Savior's Way",
  "collectionID" : "4430f15550d638d56fffd6eaa7791b4f409d3682",
  "language" : "eng",
  "type" : "DEFAULT",
  "lastUpdatedDate" : "2019-10-28T16:40:50.643-06:00",
  "links" : [ {
    "rel" : "details",
    "href" : "https://titanapi.churchofjesuschrist.org/assetsearch/api/v2/collection/details/collectionID/4430f15550d638d56fffd6eaa7791b4f409d3682"
  } ],
  "coverImages" : [ {
    "asset" : {
      "assetID" : "0c62c6555e45749ea9eeca51396a59d95eaea97e"
    }
  } ],
  "related" : [ ],
  "metadata" : [ {
    "key" : "collectionUri",
    "value" : "training-ltl-teaching-in-the-saviors-way",
    "language" : "eng"
  }, {
    "key" : "publicTitle",
    "value" : "Teaching in the Savior’s Way",
    "language" : "eng"
  }, {
    "key" : "orderIndex",
    "value" : "9"
  } ],
  "children" : [ ],
  "assets" : [ {
    "asset" : {
      "assetID" : "12f6ffad31051867fd6f0ceb93875e6745ffb3ef"
    },
    "addedDate" : 1529010026052,
    "metadata" : [ ]
  }, {
    "asset" : {
      "assetID" : "308555c960dc731345fea165a034c8458d3730ce"
    },
    "addedDate" : 1533762498071,
    "metadata" : [ ]
  }, {
    "asset" : {
      "assetID" : "32b747683551830302347221cbb6f839df3891db"
    },
    "addedDate" : 1529685735015,
    "metadata" : [ ]
  }, {
    "asset" : {
      "assetID" : "3787583b56f6d768425be610cf33d7dba87c1c03"
    },
    "addedDate" : 1533762558092,
    "metadata" : [ ]
  }, {
    "asset" : {
      "assetID" : "b83b81b4befced728eb22c6cd5cfdea7bd11ce68"
    },
    "addedDate" : 1529010123049,
    "metadata" : [ ]
  }, {
    "asset" : {
      "assetID" : "536850aa299ca420e5c855db8299f2846790e92f"
    },
    "addedDate" : 1533762514032,
    "metadata" : [ ]
  }, {
    "asset" : {
      "assetID" : "28b47bc6534addcc195b2ffb8d77466675a4ac32"
    },
    "addedDate" : 1529009706057,
    "metadata" : [ ]
  }, {
    "asset" : {
      "assetID" : "6163545b6620effe5a79f9fe3e748d1868922923"
    },
    "addedDate" : 1533762586002,
    "metadata" : [ ]
  }, {
    "asset" : {
      "assetID" : "0bff7a9e1660e05e4bcb908853294ff00bcb97d1"
    },
    "addedDate" : 1529010065064,
    "metadata" : [ ]
  }, {
    "asset" : {
      "assetID" : "6fc05c075b90ae72026240f69efedd7803ce8c46"
    },
    "addedDate" : 1529683957009,
    "metadata" : [ ]
  }, {
    "asset" : {
      "assetID" : "702a20f8ba514bf0023cae8b06279cf47e1a10d4"
    },
    "addedDate" : 1533762607083,
    "metadata" : [ ]
  }, {
    "asset" : {
      "assetID" : "7a403ae37d056488f12365ed53889f0eec42a019"
    },
    "addedDate" : 1529685765066,
    "metadata" : [ ]
  }, {
    "asset" : {
      "assetID" : "65637a8aca04de287a2ec15fd6839b222a39c00d"
    },
    "addedDate" : 1529009657001,
    "metadata" : [ ]
  }, {
    "asset" : {
      "assetID" : "73f201c42c51ec86616f25a98e61b67f9d816082"
    },
    "addedDate" : 1529009613038,
    "metadata" : [ ]
  }, {
    "asset" : {
      "assetID" : "945b882e5bf947bb17ccfba6da926af9615ddcc7"
    },
    "addedDate" : 1533762530007,
    "metadata" : [ ]
  }, {
    "asset" : {
      "assetID" : "e2bc8354cc9540b11a4c2e3c6dffc844d1783d72"
    },
    "addedDate" : 1529009901068,
    "metadata" : [ ]
  }, {
    "asset" : {
      "assetID" : "e11f37ff48df985f0db22ec45c4771f0408930ce"
    },
    "addedDate" : 1529010264041,
    "metadata" : [ ]
  }, {
    "asset" : {
      "assetID" : "e2f6e3440d0df1060772b43091719b1d88b80ea8"
    },
    "addedDate" : 1533762648017,
    "metadata" : [ ]
  }, {
    "asset" : {
      "assetID" : "969f8fc8f31e8022b299fb71c1f984a2a6339ed0"
    },
    "addedDate" : 1632956858312,
    "metadata" : [ ]
  } ],
  "fileName" : "4430f15550d638d56fffd6eaa7791b4f409d3682.json",
  "name" : "Teaching in the Savior's Way",
  "english" : true,
  "publicTitle" : "Teaching in the Savior’s Way",
  "collectionUri" : "training-ltl-teaching-in-the-saviors-way"
}