{
  "parentCollectionID" : "82aa484a719f4db2893e75ebefe44d97",
  "parentCollectionPath" : "Mobile Media Library/English - Video/Community Outreach/Humanitarian Efforts",
  "collectionType" : "assets",
  "path" : "Mobile Media Library/English - Video/Community Outreach/Humanitarian Efforts/Give Back Series - Humanitarian Projects",
  "collectionID" : "4543eff02dfb4a2cbf3ab77551391f6c",
  "language" : "eng",
  "type" : "DEFAULT",
  "lastUpdatedDate" : "2023-03-23T14:20:03.665-06:00",
  "links" : [ {
    "rel" : "details",
    "href" : "https://titanapi.churchofjesuschrist.org/assetsearch/api/v2/collection/details/collectionID/4543eff02dfb4a2cbf3ab77551391f6c"
  } ],
  "coverImages" : [ {
    "asset" : {
      "assetID" : "9c769beb34da9a24520399374be3e1c643a43fbe"
    }
  } ],
  "related" : [ ],
  "metadata" : [ {
    "key" : "collectionUri",
    "value" : "give-back-series-latter-day-saint-charities",
    "language" : "eng"
  }, {
    "key" : "publicTitle",
    "value" : "Give Back Series — Latter-day Saint Charities",
    "language" : "eng"
  } ],
  "children" : [ ],
  "assets" : [ {
    "asset" : {
      "assetID" : "9c5980a974063e3f38a8d90a789a2303cf761b04"
    },
    "addedDate" : 1576631825720,
    "metadata" : [ ]
  }, {
    "asset" : {
      "assetID" : "080aa1b80c229671b6ff99495d01730134985a0f"
    },
    "addedDate" : 1576631825736,
    "metadata" : [ ]
  }, {
    "asset" : {
      "assetID" : "6042386a907e09cf3e3d02d9df9a067b44db82e0"
    },
    "addedDate" : 1576631825736,
    "metadata" : [ ]
  }, {
    "asset" : {
      "assetID" : "e412a9fe641cf46a2d1aceff287c6b6b6e84f0bb"
    },
    "addedDate" : 1576631825720,
    "metadata" : [ ]
  }, {
    "asset" : {
      "assetID" : "5e17b0bbdef816e8b5bfa7adb5de815eeb8beab6"
    },
    "addedDate" : 1576631825750,
    "metadata" : [ ]
  }, {
    "asset" : {
      "assetID" : "83ef35c4fe3ca745af0f1b5525a85352055914af"
    },
    "addedDate" : 1576631825736,
    "metadata" : [ ]
  }, {
    "asset" : {
      "assetID" : "b9284079ad5018c16dc420fdda0155ce2eaad6ec"
    },
    "addedDate" : 1576631825720,
    "metadata" : [ ]
  }, {
    "asset" : {
      "assetID" : "722d796c25003ed87016253b599327b436a26afa"
    },
    "addedDate" : 1576631825703,
    "metadata" : [ ]
  }, {
    "asset" : {
      "assetID" : "3cf1327e15027647f96f9d66a4433aa560d90cd9"
    },
    "addedDate" : 1576631825736,
    "metadata" : [ ]
  }, {
    "asset" : {
      "assetID" : "052e4aefccca52a1ffee2422098fed979950d387"
    },
    "addedDate" : 1576631825750,
    "metadata" : [ ]
  }, {
    "asset" : {
      "assetID" : "595d6de1369600c4c2a7cdf87b7ca63fddd72114"
    },
    "addedDate" : 1632956843375,
    "metadata" : [ ]
  }, {
    "asset" : {
      "assetID" : "9da035b21f9509b9b97afd2da8df1a1b2f163f55"
    },
    "addedDate" : 1576631825720,
    "metadata" : [ ]
  }, {
    "asset" : {
      "assetID" : "7509097fbe6c2ea0a95942325b52a40de0ef5961"
    },
    "addedDate" : 1576631825736,
    "metadata" : [ ]
  }, {
    "asset" : {
      "assetID" : "894c62845900646afc7e4761272296f7d0fe44d9"
    },
    "addedDate" : 1576631825703,
    "metadata" : [ ]
  }, {
    "asset" : {
      "assetID" : "e5799c374ff1da4a56a3bcf82ba019b4ef5b4cf8"
    },
    "addedDate" : 1576631825720,
    "metadata" : [ ]
  }, {
    "asset" : {
      "assetID" : "be1f3250b97d3d1bebcc9a9dbfed2e842e0ce32a"
    },
    "addedDate" : 1576631825736,
    "metadata" : [ ]
  }, {
    "asset" : {
      "assetID" : "abad65053ed77b39a83798e698e423f44ecaa3d0"
    },
    "addedDate" : 1576631825750,
    "metadata" : [ ]
  }, {
    "asset" : {
      "assetID" : "f54bf17d3542f4a671f1709a238f450bcd8a6329"
    },
    "addedDate" : 1576631825736,
    "metadata" : [ ]
  }, {
    "asset" : {
      "assetID" : "b7999e639d11008d00b907d26abfc7a2727c7a64"
    },
    "addedDate" : 1576631825703,
    "metadata" : [ ]
  }, {
    "asset" : {
      "assetID" : "93b686b3c17214f0ab4d2622410c3e125854edfb"
    },
    "addedDate" : 1576631825720,
    "metadata" : [ ]
  }, {
    "asset" : {
      "assetID" : "807f7c8e4d1ee71bec703c2b5dcdc50a68ae8e2e"
    },
    "addedDate" : 1576631825720,
    "metadata" : [ ]
  }, {
    "asset" : {
      "assetID" : "6ecc85d24f45c0255de6a8242c243afd70678c7d"
    },
    "addedDate" : 1576631825703,
    "metadata" : [ ]
  }, {
    "asset" : {
      "assetID" : "38208bb3edd6c80dd180870ac552d64cc9b4deac"
    },
    "addedDate" : 1632956832869,
    "metadata" : [ ]
  }, {
    "asset" : {
      "assetID" : "fc43cfeca5eff03a8f4383f0e29cba0607cd6cf2"
    },
    "addedDate" : 1632956884780,
    "metadata" : [ ]
  }, {
    "asset" : {
      "assetID" : "c3f0f75421c51e21ed00777c2ad3be11ddaf37a6"
    },
    "addedDate" : 1592433099182,
    "metadata" : [ ]
  }, {
    "asset" : {
      "assetID" : "288cae4639625faa69fed2a7d36310aa66c8f222"
    },
    "addedDate" : 1632956827639,
    "metadata" : [ ]
  }, {
    "asset" : {
      "assetID" : "cae111c475da5def58c91c7f684383b9d71da35c"
    },
    "addedDate" : 1632956871456,
    "metadata" : [ ]
  }, {
    "asset" : {
      "assetID" : "c935ee04056abc8c53239a1bd708e0521b3f9e68"
    },
    "addedDate" : 1592433099980,
    "metadata" : [ ]
  }, {
    "asset" : {
      "assetID" : "b699048a89fe7d8633aa6161e29a2a2bb488cba1"
    },
    "addedDate" : 1632956868006,
    "metadata" : [ ]
  }, {
    "asset" : {
      "assetID" : "5b6cec9539a9d01af8377b4a5671ac69a20d5d39"
    },
    "index" : 38,
    "addedDate" : 1648236481672,
    "metadata" : [ ]
  }, {
    "asset" : {
      "assetID" : "c3de4c0d1be3073a90e57efdecafe507673db5ff"
    },
    "addedDate" : 1592433101028,
    "metadata" : [ ]
  }, {
    "asset" : {
      "assetID" : "71a56be3efe968264790a8e85e1335041fbc01f6"
    },
    "addedDate" : 1632956850207,
    "metadata" : [ ]
  }, {
    "asset" : {
      "assetID" : "1d4817d48ac35e687b887555f7f753a523fabee5"
    },
    "addedDate" : 1632956825406,
    "metadata" : [ ]
  }, {
    "asset" : {
      "assetID" : "82566d39c09665941548b09483abf78abe8bf498"
    },
    "addedDate" : 1632956852891,
    "metadata" : [ ]
  }, {
    "asset" : {
      "assetID" : "3448e32d01fc11ec9244eeeeac1e5646ff413a0f"
    },
    "addedDate" : 1632956832257,
    "metadata" : [ ]
  }, {
    "asset" : {
      "assetID" : "87af87dd01fc11ec80e5eeeeac1e37189a2a73d6"
    },
    "addedDate" : 1632956855419,
    "metadata" : [ ]
  }, {
    "asset" : {
      "assetID" : "8b02aa5001fc11ecba6ceeeeac1e0e9a73f7f8c9"
    },
    "addedDate" : 1632956855966,
    "metadata" : [ ]
  }, {
    "asset" : {
      "assetID" : "073d170209ce11ec9244eeeeac1e56461844abc1"
    },
    "addedDate" : 1632956819632,
    "metadata" : [ ]
  }, {
    "asset" : {
      "assetID" : "14e93d5809ce11ec80e5eeeeac1e3718e07c71f7"
    },
    "addedDate" : 1632956823488,
    "metadata" : [ ]
  } ],
  "fileName" : "4543eff02dfb4a2cbf3ab77551391f6c.json",
  "name" : "Give Back Series - Humanitarian Projects",
  "english" : true,
  "publicTitle" : "Give Back Series — Latter-day Saint Charities",
  "collectionUri" : "give-back-series-latter-day-saint-charities"
}