{
  "parentCollectionID" : "0e22f7439564f2b0e7eeca06cca014d23569bcae",
  "parentCollectionPath" : "Mobile Media Library/English - Video/Teaching and Lessons/Seminary and Institute/Online Seminary/D&C Online Seminary Reference",
  "collectionType" : "assets",
  "path" : "Mobile Media Library/English - Video/Teaching and Lessons/Seminary and Institute/Online Seminary/D&C Online Seminary Reference/Unit 30 (D&C)",
  "collectionID" : "45a7b64d4c291571507cb01abbee7fa3ee7add68",
  "language" : "eng",
  "type" : "DEFAULT",
  "lastUpdatedDate" : "2020-04-15T22:24:13.731-06:00",
  "links" : [ {
    "rel" : "details",
    "href" : "https://titanapi.churchofjesuschrist.org/assetsearch/api/v2/collection/details/collectionID/45a7b64d4c291571507cb01abbee7fa3ee7add68"
  } ],
  "coverImages" : [ {
    "asset" : {
      "assetID" : "b44ca3ae81ce6fed8116719a4686a1202c522144"
    }
  } ],
  "related" : [ ],
  "metadata" : [ {
    "key" : "collectionUri",
    "value" : "unit-30-dc",
    "language" : "eng"
  }, {
    "key" : "publicTitle",
    "value" : "Unit 30 (D&C)",
    "language" : "eng"
  }, {
    "key" : "orderIndex",
    "value" : "25"
  } ],
  "children" : [ ],
  "assets" : [ {
    "asset" : {
      "assetID" : "59e7d75543ebf591fb2e5876ea866d5982d90766"
    },
    "addedDate" : 1485451544038,
    "metadata" : [ ]
  }, {
    "asset" : {
      "assetID" : "d16392588ce458175f09a03b3bbec79e4c39c63b"
    },
    "addedDate" : 1587082576156,
    "metadata" : [ ]
  }, {
    "asset" : {
      "assetID" : "5008f59da95aaf698febe1f867bab322d1df4671"
    },
    "addedDate" : 1485451452004,
    "metadata" : [ ]
  }, {
    "asset" : {
      "assetID" : "a7911b3dbd9d21bda78c84fbb22c802135352fda"
    },
    "addedDate" : 1485451398037,
    "metadata" : [ ]
  }, {
    "asset" : {
      "assetID" : "9c10fefca7bd52fbb6adfbac053c069cd20aef9a"
    },
    "addedDate" : 1485451413041,
    "metadata" : [ ]
  }, {
    "asset" : {
      "assetID" : "77a4fcd485bee60d89e551764be1e97e06fe1eee"
    },
    "addedDate" : 1485451431018,
    "metadata" : [ ]
  }, {
    "asset" : {
      "assetID" : "a936c4302d2dc4322d6b1c5619819879b796cfe5"
    },
    "addedDate" : 1587082766493,
    "metadata" : [ ]
  } ],
  "fileName" : "45a7b64d4c291571507cb01abbee7fa3ee7add68.json",
  "name" : "Unit 30 (D&C)",
  "english" : true,
  "publicTitle" : "Unit 30 (D&C)",
  "collectionUri" : "unit-30-dc"
}