{
  "parentCollectionID" : "785d520b0d1ee16f41d51ac1f1d37b03e9117f16",
  "parentCollectionPath" : "Mobile Media Library/English - Video/Callings and Trainings/Primary",
  "collectionType" : "assets",
  "path" : "Mobile Media Library/English - Video/Callings and Trainings/Primary/Children's Music Videos",
  "collectionID" : "45b6a5660b03486b8e8b8e4c2aabae4e",
  "language" : "eng",
  "type" : "DEFAULT",
  "lastUpdatedDate" : "2019-12-18T10:55:54.959-07:00",
  "links" : [ {
    "rel" : "details",
    "href" : "https://titanapi.churchofjesuschrist.org/assetsearch/api/v2/collection/details/collectionID/45b6a5660b03486b8e8b8e4c2aabae4e"
  } ],
  "coverImages" : [ {
    "asset" : {
      "assetID" : "3044af15cff4b2d5ac01cb7068bb68f2a469b3a3"
    }
  } ],
  "related" : [ ],
  "metadata" : [ {
    "key" : "collectionUri",
    "value" : "childrens-music-videos-primary",
    "language" : "eng"
  }, {
    "key" : "publicTitle",
    "value" : "Children's Music Videos",
    "language" : "eng"
  }, {
    "key" : "orderIndex",
    "value" : "5"
  } ],
  "children" : [ ],
  "assets" : [ {
    "asset" : {
      "assetID" : "fd6f200b8780459c94d3dfa2bf5c6669da3f89cc"
    },
    "addedDate" : 1576691769380,
    "metadata" : [ ]
  }, {
    "asset" : {
      "assetID" : "b0907c0f1995f1d05246dd59b4524fbb67e9e2cb"
    },
    "addedDate" : 1576691769380,
    "metadata" : [ ]
  }, {
    "asset" : {
      "assetID" : "483b554789dba6c0c8872ed4e291afbf851d1493"
    },
    "addedDate" : 1576691769380,
    "metadata" : [ ]
  }, {
    "asset" : {
      "assetID" : "d53772de5f659720ef56d1417e5f3528334200cd"
    },
    "addedDate" : 1576691769396,
    "metadata" : [ ]
  }, {
    "asset" : {
      "assetID" : "a94c79ff0ca2594a39ab777e99351c61e103358f"
    },
    "addedDate" : 1576691769380,
    "metadata" : [ ]
  }, {
    "asset" : {
      "assetID" : "e184207366dddc5f68f2d5bc1f09a7523cae0fc0"
    },
    "addedDate" : 1576691769396,
    "metadata" : [ ]
  }, {
    "asset" : {
      "assetID" : "dcca557db40d7961585af741ae64c9b5cb77e080"
    },
    "addedDate" : 1576691769380,
    "metadata" : [ ]
  }, {
    "asset" : {
      "assetID" : "1655b01ffcfce95d191bc3358d6e2e63f865f0ad"
    },
    "addedDate" : 1576691769396,
    "metadata" : [ ]
  }, {
    "asset" : {
      "assetID" : "e2a52eb10ed037d6b05c40a2f58ff07044c09e17"
    },
    "addedDate" : 1576691769396,
    "metadata" : [ ]
  }, {
    "asset" : {
      "assetID" : "a0e2455d8703ffc7849657a1af4fde0bf40f1ba6"
    },
    "addedDate" : 1576691769396,
    "metadata" : [ ]
  }, {
    "asset" : {
      "assetID" : "2013-06-1041-missionary-song-medley-eng"
    },
    "addedDate" : 1576691769380,
    "metadata" : [ ]
  }, {
    "asset" : {
      "assetID" : "f132ebb36b72cd9c2040dfbc2bd79313654e63ef"
    },
    "addedDate" : 1576691769380,
    "metadata" : [ ]
  }, {
    "asset" : {
      "assetID" : "4e52223982f1f29b731a77e7632cfc730aa97290"
    },
    "addedDate" : 1592433100621,
    "metadata" : [ ]
  } ],
  "fileName" : "45b6a5660b03486b8e8b8e4c2aabae4e.json",
  "name" : "Children's Music Videos",
  "english" : true,
  "publicTitle" : "Children's Music Videos",
  "collectionUri" : "childrens-music-videos-primary"
}