{
  "parentCollectionID" : "947da7183a51ff85dfdac16ddf289bb0ace2b6b8",
  "parentCollectionPath" : "Mobile Media Library/English - Video/Broadcasts",
  "collectionType" : "collections",
  "path" : "Mobile Media Library/English - Video/Broadcasts/Young Adult and Youth Devotionals",
  "collectionID" : "45da0b3642d96d4326b77bd113aa93d376590856",
  "language" : "eng",
  "type" : "DEFAULT",
  "lastUpdatedDate" : "2023-12-29T23:20:16.942-07:00",
  "links" : [ {
    "rel" : "details",
    "href" : "https://titanapi.churchofjesuschrist.org/assetsearch/api/v2/collection/details/collectionID/45da0b3642d96d4326b77bd113aa93d376590856"
  } ],
  "coverImages" : [ {
    "asset" : {
      "assetID" : "7a2d4851dba411ecbf04eeeeac1e1f66973e677f"
    }
  } ],
  "related" : [ ],
  "metadata" : [ {
    "key" : "orderIndex",
    "value" : "4"
  }, {
    "key" : "channel",
    "value" : "mobile",
    "language" : "eng"
  }, {
    "key" : "description",
    "value" : "Full sessions and excerpts of talks for youth and young adults offer an array of topics and sermons by Latter-day Saint leaders through the years.",
    "language" : "eng"
  }, {
    "key" : "collectionUri",
    "value" : "young-adult-and-youth-devotionals",
    "language" : "eng"
  }, {
    "key" : "publicTitle",
    "value" : "Young Adult and Youth Devotionals",
    "language" : "eng"
  } ],
  "children" : [ {
    "path" : "Mobile Media Library/English - Video/Broadcasts/Young Adult and Youth Devotionals/Worldwide Devotional Full Sessions",
    "collectionID" : "951fc19a58ee4fa9bc6ea207fcf2b557",
    "type" : "DEFAULT",
    "lastUpdatedDate" : "2024-02-28T22:22:07.804-07:00",
    "links" : [ {
      "rel" : "details",
      "href" : "https://titanapi.churchofjesuschrist.org/assetsearch/api/v2/collection/details/collectionID/951fc19a58ee4fa9bc6ea207fcf2b557"
    } ],
    "fileName" : "951fc19a58ee4fa9bc6ea207fcf2b557.json"
  }, {
    "path" : "Mobile Media Library/English - Video/Broadcasts/Young Adult and Youth Devotionals/Worldwide Devotional Segments",
    "collectionID" : "be83e2d2b2ff48ed9ec85c1548a116de",
    "type" : "DEFAULT",
    "lastUpdatedDate" : "2023-06-16T17:11:23.957-06:00",
    "links" : [ {
      "rel" : "details",
      "href" : "https://titanapi.churchofjesuschrist.org/assetsearch/api/v2/collection/details/collectionID/be83e2d2b2ff48ed9ec85c1548a116de"
    } ],
    "fileName" : "be83e2d2b2ff48ed9ec85c1548a116de.json"
  } ],
  "assets" : [ ],
  "fileName" : "45da0b3642d96d4326b77bd113aa93d376590856.json",
  "name" : "Young Adult and Youth Devotionals",
  "english" : true,
  "publicTitle" : "Young Adult and Youth Devotionals",
  "description" : "Full sessions and excerpts of talks for youth and young adults offer an array of topics and sermons by Latter-day Saint leaders through the years.",
  "collectionUri" : "young-adult-and-youth-devotionals"
}