{
  "parentCollectionID" : "bd59191796027fc53f46f5811862b4ff2baaa3b2",
  "parentCollectionPath" : "Mobile Media Library/English - Video/Topics",
  "collectionType" : "assets",
  "path" : "Mobile Media Library/English - Video/Topics/Truth",
  "collectionID" : "462bb10795c845518cb1f2312762aacd",
  "language" : "eng",
  "type" : "DEFAULT",
  "lastUpdatedDate" : "2020-09-20T12:03:50.613-06:00",
  "links" : [ {
    "rel" : "details",
    "href" : "https://titanapi.churchofjesuschrist.org/assetsearch/api/v2/collection/details/collectionID/462bb10795c845518cb1f2312762aacd"
  } ],
  "coverImages" : [ {
    "asset" : {
      "assetID" : "fb0b6300941c487b748720c9de730446a7936bc0"
    }
  } ],
  "related" : [ ],
  "metadata" : [ {
    "key" : "description",
    "value" : "In talks, testimonies, and media messaging, those who seek and search for truth discuss a common method for praying and searching the scriptures, through which they have come to know the restored truth.",
    "language" : "eng"
  }, {
    "key" : "collectionUri",
    "value" : "truth-topic",
    "language" : "eng"
  }, {
    "key" : "publicTitle",
    "value" : "Truth",
    "language" : "eng"
  }, {
    "key" : "orderIndex",
    "value" : "103"
  } ],
  "children" : [ ],
  "assets" : [ {
    "asset" : {
      "assetID" : "22b823e008201c81bfaf66292fd0f2732a05eaf1"
    },
    "addedDate" : 1583286545126,
    "metadata" : [ ]
  }, {
    "asset" : {
      "assetID" : "713ed6e26c6aca1ca89ee5fd2feea79c6f0ba386"
    },
    "addedDate" : 1577400132944,
    "metadata" : [ ]
  }, {
    "asset" : {
      "assetID" : "ea61b02e381488e3cd139e2a4434b8fd7db80c27"
    },
    "addedDate" : 1583286415211,
    "metadata" : [ ]
  }, {
    "asset" : {
      "assetID" : "46012b3d6831c23138a85259756632f177e3f7d0"
    },
    "addedDate" : 1577400208524,
    "metadata" : [ ]
  }, {
    "asset" : {
      "assetID" : "5ee472d8040eeab48b882677c16e2892f3d6d050"
    },
    "addedDate" : 1577400069361,
    "metadata" : [ ]
  }, {
    "asset" : {
      "assetID" : "f6615177f1d925ada69fe216749d14d0930f6e21"
    },
    "addedDate" : 1583287410778,
    "metadata" : [ ]
  }, {
    "asset" : {
      "assetID" : "60a63b70802673426504af471c8cedb209d796d7"
    },
    "addedDate" : 1583288367712,
    "metadata" : [ ]
  }, {
    "asset" : {
      "assetID" : "83ea7afda8c142f0078ed14c7e3b31259c36a1ee"
    },
    "addedDate" : 1583286275554,
    "metadata" : [ ]
  }, {
    "asset" : {
      "assetID" : "b9a1409a8b3f62422a43dc2a05c33ee15134cbc1"
    },
    "addedDate" : 1583285231637,
    "metadata" : [ ]
  }, {
    "asset" : {
      "assetID" : "cab0c0fa61a01eab04dd10b40c07c529501675a9"
    },
    "addedDate" : 1583287958847,
    "metadata" : [ ]
  }, {
    "asset" : {
      "assetID" : "11646d5a0cf4be49ff292601e1c5aed0bd161a43"
    },
    "addedDate" : 1583285399094,
    "metadata" : [ ]
  }, {
    "asset" : {
      "assetID" : "5eb58c524a65f66e506271fcffa0523e71a49788"
    },
    "addedDate" : 1583288106374,
    "metadata" : [ ]
  }, {
    "asset" : {
      "assetID" : "ee36144e5ef4ff9de87301c1a8f4755cc56571f5"
    },
    "addedDate" : 1583287044406,
    "metadata" : [ ]
  }, {
    "asset" : {
      "assetID" : "81f2a5db107169a81637135f85c6e51c6383774b"
    },
    "addedDate" : 1583285982685,
    "metadata" : [ ]
  } ],
  "fileName" : "462bb10795c845518cb1f2312762aacd.json",
  "name" : "Truth",
  "english" : true,
  "publicTitle" : "Truth",
  "description" : "In talks, testimonies, and media messaging, those who seek and search for truth discuss a common method for praying and searching the scriptures, through which they have come to know the restored truth.",
  "collectionUri" : "truth-topic"
}