{
  "parentCollectionID" : "e8beff6f03daf449135e3f57c42c45a58976ac65",
  "parentCollectionPath" : "Mobile Media Library/English - Video/Family History/(Unpublished) Helps for Talks, Lessons, and Activities",
  "collectionType" : "assets",
  "path" : "Mobile Media Library/English - Video/Family History/(Unpublished) Helps for Talks, Lessons, and Activities/(Unpublished) Family History Training Presentations",
  "collectionID" : "4706215b67002c0d5ed107b8c29d21553bfff589",
  "language" : "eng",
  "type" : "DEFAULT",
  "lastUpdatedDate" : "2019-10-28T16:40:50.643-06:00",
  "links" : [ {
    "rel" : "details",
    "href" : "https://titanapi.churchofjesuschrist.org/assetsearch/api/v2/collection/details/collectionID/4706215b67002c0d5ed107b8c29d21553bfff589"
  } ],
  "coverImages" : [ {
    "asset" : {
      "assetID" : "24c902ea7083acf1c9b8f4944fffc3b567dd7a16"
    }
  } ],
  "related" : [ ],
  "metadata" : [ {
    "key" : "collectionUri",
    "value" : "family-history-training-presentations",
    "language" : "eng"
  } ],
  "children" : [ ],
  "assets" : [ {
    "asset" : {
      "assetID" : "450692ef59ae03350666d1b067e555cf1dd259b4"
    },
    "addedDate" : 1592433099762,
    "metadata" : [ ]
  }, {
    "asset" : {
      "assetID" : "4e78dd371948372ffc12a0e0b89a85d0f5aed20c"
    },
    "addedDate" : 1517524103066,
    "metadata" : [ ]
  }, {
    "asset" : {
      "assetID" : "e12f09292208f074d9678654337c1a5ea4b5a8a1"
    },
    "addedDate" : 1517524067012,
    "metadata" : [ ]
  }, {
    "asset" : {
      "assetID" : "267ddcd82f64dd953e0b74aa0256828329c446e1"
    },
    "addedDate" : 1517524071062,
    "metadata" : [ ]
  }, {
    "asset" : {
      "assetID" : "90754bbb3f7b2f32b684a4865b6bd3600939e1b5"
    },
    "addedDate" : 1517524069046,
    "metadata" : [ ]
  }, {
    "asset" : {
      "assetID" : "e71f3773d4d69255c8aa577fecd8864cf417d781"
    },
    "addedDate" : 1517519848008,
    "metadata" : [ ]
  }, {
    "asset" : {
      "assetID" : "c037de3ca46d21a9d6b2b917035d0c886bc78bfd"
    },
    "addedDate" : 1517524106028,
    "metadata" : [ ]
  } ],
  "fileName" : "4706215b67002c0d5ed107b8c29d21553bfff589.json",
  "name" : "(Unpublished) Family History Training Presentations",
  "english" : true,
  "collectionUri" : "family-history-training-presentations"
}