{
  "parentCollectionID" : "d5e8644312c74774b43cca21ad6ca6a0",
  "parentCollectionPath" : "Mobile Media Library/English - Video/People/Latter-day Apostles",
  "collectionType" : "assets",
  "path" : "Mobile Media Library/English - Video/People/Latter-day Apostles/Quentin L. Cook",
  "collectionID" : "489c0107497a0046cd1fd0fdcf317208747fe495",
  "language" : "eng",
  "type" : "DEFAULT",
  "lastUpdatedDate" : "2019-10-28T16:40:50.643-06:00",
  "links" : [ {
    "rel" : "details",
    "href" : "https://titanapi.churchofjesuschrist.org/assetsearch/api/v2/collection/details/collectionID/489c0107497a0046cd1fd0fdcf317208747fe495"
  } ],
  "coverImages" : [ {
    "asset" : {
      "assetID" : "994c336dafbe6a59192f7dbb98f93d586c0f733b"
    }
  } ],
  "related" : [ ],
  "metadata" : [ {
    "key" : "collectionUri",
    "value" : "quentin-l-cook-video-collection",
    "language" : "eng"
  }, {
    "key" : "publicTitle",
    "value" : "Quentin L. Cook",
    "language" : "eng"
  }, {
    "key" : "orderIndex",
    "value" : "22"
  } ],
  "children" : [ ],
  "assets" : [ {
    "asset" : {
      "assetID" : "fe3dffa07f52f3614c156f0911bbfe78f9ab16ce"
    },
    "index" : 1,
    "addedDate" : 1540328781020,
    "metadata" : [ ]
  }, {
    "asset" : {
      "assetID" : "34cb08f980fb516fae43e09374750fd25d3b98a8"
    },
    "index" : 6,
    "addedDate" : 1702327867256,
    "metadata" : [ ]
  }, {
    "asset" : {
      "assetID" : "d1410419605225ffc6c948701f8bb6071e31d020"
    },
    "index" : 4,
    "addedDate" : 1579144065805,
    "metadata" : [ ]
  }, {
    "asset" : {
      "assetID" : "55cb518a8f13184bf2ca738504a5fa6866d3ed3c"
    },
    "index" : 3,
    "addedDate" : 1576803784534,
    "metadata" : [ ]
  }, {
    "asset" : {
      "assetID" : "99ee7193026eb34b4c7f700c1a13572aac790461"
    },
    "index" : 0,
    "addedDate" : 1597184175494,
    "metadata" : [ ]
  }, {
    "asset" : {
      "assetID" : "ee3c38cab2bb503f8748120b154a9e27d38ddca3"
    },
    "index" : 2,
    "addedDate" : 1540328800427,
    "metadata" : [ ]
  }, {
    "asset" : {
      "assetID" : "9d4d4b6a2381ae5129b1905e9f2ded9fdf5ce20f"
    },
    "index" : 5,
    "addedDate" : 1632956861823,
    "metadata" : [ ]
  } ],
  "fileName" : "489c0107497a0046cd1fd0fdcf317208747fe495.json",
  "name" : "Quentin L. Cook",
  "english" : true,
  "publicTitle" : "Quentin L. Cook",
  "collectionUri" : "quentin-l-cook-video-collection"
}