{
  "parentCollectionID" : "8cfd45d9b1d9ecc1774e6b77f9ad83fd54dbc236",
  "parentCollectionPath" : "Mobile Media Library/English - Video/Church History/Prophets of the Restoration",
  "collectionType" : "assets",
  "path" : "Mobile Media Library/English - Video/Church History/Prophets of the Restoration/George Albert Smith-Prophets of the Restoration",
  "collectionID" : "4b0031e42cc21abd7d166d78e74ee41db4f10cca",
  "language" : "eng",
  "type" : "DEFAULT",
  "lastUpdatedDate" : "2019-10-28T16:40:50.643-06:00",
  "links" : [ {
    "rel" : "details",
    "href" : "https://titanapi.churchofjesuschrist.org/assetsearch/api/v2/collection/details/collectionID/4b0031e42cc21abd7d166d78e74ee41db4f10cca"
  } ],
  "coverImages" : [ {
    "asset" : {
      "assetID" : "544f2a4697660dba92e80ce53b39d0c913182fdb"
    }
  } ],
  "related" : [ ],
  "metadata" : [ {
    "key" : "collectionUri",
    "value" : "george-albert-smith-prophets-of-the-restoration",
    "language" : "eng"
  }, {
    "key" : "publicTitle",
    "value" : "George Albert Smith—Prophets of the Restoration",
    "language" : "eng"
  } ],
  "children" : [ ],
  "assets" : [ {
    "asset" : {
      "assetID" : "889459d07ed55a6922e46548e7e89eb138e98f73"
    },
    "addedDate" : 1478799241014,
    "metadata" : [ ]
  }, {
    "asset" : {
      "assetID" : "380a9042873b9baa74d140b0e32aedaaf1fd7156"
    },
    "addedDate" : 1478799233042,
    "metadata" : [ ]
  }, {
    "asset" : {
      "assetID" : "7635dd63bcbf4f8f362b644c8c284e07526d21b9"
    },
    "addedDate" : 1478799239036,
    "metadata" : [ ]
  }, {
    "asset" : {
      "assetID" : "e525edcc323219938eda11103e2321c0144a9dd0"
    },
    "index" : 9,
    "addedDate" : 1694203212925,
    "metadata" : [ ]
  }, {
    "asset" : {
      "assetID" : "1b627f05374c10528b576b2f3f7f15bacc2bbc9b"
    },
    "addedDate" : 1478799229036,
    "metadata" : [ ]
  }, {
    "asset" : {
      "assetID" : "e2f6fe853f3e171aaf8240b0df5632242971d689"
    },
    "addedDate" : 1478799231026,
    "metadata" : [ ]
  }, {
    "asset" : {
      "assetID" : "aa09304147cecd451f6aedede7866458148cd917"
    },
    "addedDate" : 1478799234093,
    "metadata" : [ ]
  }, {
    "asset" : {
      "assetID" : "862e167a8be4fa14e1e038fb5b89741b2c89ed0a"
    },
    "addedDate" : 1478799245026,
    "metadata" : [ ]
  }, {
    "asset" : {
      "assetID" : "15180d9016e14f4c0527039425e987265e6fc8ee"
    },
    "addedDate" : 1592952635939,
    "metadata" : [ ]
  }, {
    "asset" : {
      "assetID" : "ce0c64e1c3893f542edde5fbed083c3bc5fe5703"
    },
    "index" : 9,
    "addedDate" : 1694203318264,
    "metadata" : [ ]
  } ],
  "fileName" : "4b0031e42cc21abd7d166d78e74ee41db4f10cca.json",
  "name" : "George Albert Smith-Prophets of the Restoration",
  "english" : true,
  "publicTitle" : "George Albert Smith—Prophets of the Restoration",
  "collectionUri" : "george-albert-smith-prophets-of-the-restoration"
}