{
  "parentCollectionID" : "1d9f9ffae38f8830ec1d9694fc42056797803cf8",
  "parentCollectionPath" : "Mobile Media Library/English - Video/Callings and Trainings/Leadership/Leadership Training Library/Young Single Adults",
  "collectionType" : "assets",
  "path" : "Mobile Media Library/English - Video/Callings and Trainings/Leadership/Leadership Training Library/Young Single Adults/16.2 Ministering to Young Single Adult Members",
  "collectionID" : "4b18cbe01a29b412eaea1419dbe71ff7a9ab1f66",
  "language" : "eng",
  "type" : "DEFAULT",
  "lastUpdatedDate" : "2019-10-28T16:40:50.643-06:00",
  "links" : [ {
    "rel" : "details",
    "href" : "https://titanapi.churchofjesuschrist.org/assetsearch/api/v2/collection/details/collectionID/4b18cbe01a29b412eaea1419dbe71ff7a9ab1f66"
  } ],
  "coverImages" : [ {
    "asset" : {
      "assetID" : "13ba583f5ca188d7e5b6b483facdedbc8ac46355"
    }
  } ],
  "related" : [ ],
  "metadata" : [ {
    "key" : "collectionUri",
    "value" : "ltl-162-ministering-to-young-single-adult-members",
    "language" : "eng"
  }, {
    "key" : "publicTitle",
    "value" : "16.2 Ministering to Young Single Adult Members",
    "language" : "eng"
  } ],
  "children" : [ ],
  "assets" : [ {
    "asset" : {
      "assetID" : "d4ad1b59da507cec203e58cbb22136d8f8c07d22"
    },
    "addedDate" : 1529082452082,
    "metadata" : [ ]
  }, {
    "asset" : {
      "assetID" : "1f29d9c870674e29fd4d2ae4485655a4fe31791e"
    },
    "addedDate" : 1529082471067,
    "metadata" : [ ]
  }, {
    "asset" : {
      "assetID" : "4a964e20d706826ab8a9b4c8bf195b012f43cae0"
    },
    "addedDate" : 1529082429067,
    "metadata" : [ ]
  } ],
  "fileName" : "4b18cbe01a29b412eaea1419dbe71ff7a9ab1f66.json",
  "name" : "16.2 Ministering to Young Single Adult Members",
  "english" : true,
  "publicTitle" : "16.2 Ministering to Young Single Adult Members",
  "collectionUri" : "ltl-162-ministering-to-young-single-adult-members"
}