{
  "parentCollectionID" : "7415b72b4f0d454a96ed4ccda89194b8",
  "parentCollectionPath" : "Mobile Media Library/English - Video/Scriptural Reenactments and Teachings/Bible Videos - The Life of Jesus Christ",
  "collectionType" : "assets",
  "path" : "Mobile Media Library/English - Video/Scriptural Reenactments and Teachings/Bible Videos - The Life of Jesus Christ/Nativity",
  "collectionID" : "4befdca1f5cb4ddaacfbed705c653187",
  "language" : "eng",
  "type" : "DEFAULT",
  "lastUpdatedDate" : "2022-09-07T13:05:11.555-06:00",
  "links" : [ {
    "rel" : "details",
    "href" : "https://titanapi.churchofjesuschrist.org/assetsearch/api/v2/collection/details/collectionID/4befdca1f5cb4ddaacfbed705c653187"
  } ],
  "coverImages" : [ {
    "asset" : {
      "assetID" : "41ea1c3fd2e8c325703ccd5e124841810b53902f"
    }
  } ],
  "related" : [ ],
  "metadata" : [ {
    "key" : "orderIndex",
    "value" : "1"
  }, {
    "key" : "channel",
    "value" : "mobile",
    "language" : "eng"
  }, {
    "key" : "collectionUri",
    "value" : "bible-videos-nativity",
    "language" : "eng"
  }, {
    "key" : "publicTitle",
    "value" : "Nativity",
    "language" : "eng"
  } ],
  "children" : [ ],
  "assets" : [ {
    "asset" : {
      "assetID" : "b9ef91090979cbcfa09f0b8aa40930ab308d3d64"
    },
    "addedDate" : 1662576850316,
    "metadata" : [ ]
  }, {
    "asset" : {
      "assetID" : "056947772199c0864a1af1fc39a2e0dfc32045ee"
    },
    "addedDate" : 1662576850336,
    "metadata" : [ ]
  }, {
    "asset" : {
      "assetID" : "3276ede909578e1451e390a40603abd56afc33cf"
    },
    "addedDate" : 1662576850320,
    "metadata" : [ ]
  }, {
    "asset" : {
      "assetID" : "1a752dba29a48523e20b3245097dce7e48469c0e"
    },
    "addedDate" : 1662576850326,
    "metadata" : [ ]
  }, {
    "asset" : {
      "assetID" : "fe9f6beb5bb6a6c4a1898fef7a9e494d12d3b20d"
    },
    "addedDate" : 1662576850323,
    "metadata" : [ ]
  }, {
    "asset" : {
      "assetID" : "c8d5a3d852b325608b13938c10a1acc5417cd573"
    },
    "addedDate" : 1662576850330,
    "metadata" : [ ]
  }, {
    "asset" : {
      "assetID" : "434b7834cdd2ebe9684023a3f4cecd5a7bdb400d"
    },
    "addedDate" : 1662576850333,
    "metadata" : [ ]
  }, {
    "asset" : {
      "assetID" : "09062911b99366ef278602d4b41f69f1ddde6858"
    },
    "addedDate" : 1662576850333,
    "metadata" : [ ]
  }, {
    "asset" : {
      "assetID" : "ecfbd3a116ecb8174c0c75ce4501da8ca0956628"
    },
    "addedDate" : 1662576850313,
    "metadata" : [ ]
  } ],
  "fileName" : "4befdca1f5cb4ddaacfbed705c653187.json",
  "name" : "Nativity",
  "english" : true,
  "publicTitle" : "Nativity",
  "collectionUri" : "bible-videos-nativity"
}