{
  "parentCollectionID" : "e60f922e58584686ad44d42a17a6dd66",
  "parentCollectionPath" : "Mobile Media Library/English - Video/People/Latter-day General Authorities and Officers",
  "collectionType" : "assets",
  "path" : "Mobile Media Library/English - Video/People/Latter-day General Authorities and Officers/Kent F. Richards",
  "collectionID" : "4c34e889c8bd3f2f3cf5b3b84e28a195e482a3fd",
  "language" : "eng",
  "type" : "DEFAULT",
  "lastUpdatedDate" : "2019-10-28T16:40:50.643-06:00",
  "links" : [ {
    "rel" : "details",
    "href" : "https://titanapi.churchofjesuschrist.org/assetsearch/api/v2/collection/details/collectionID/4c34e889c8bd3f2f3cf5b3b84e28a195e482a3fd"
  } ],
  "coverImages" : [ {
    "asset" : {
      "assetID" : "1312f33bb86eb3be8d55df5d918ee0b2d772fe24"
    }
  } ],
  "related" : [ ],
  "metadata" : [ {
    "key" : "collectionUri",
    "value" : "kent-f-richards",
    "language" : "eng"
  }, {
    "key" : "publicTitle",
    "value" : "Kent F. Richards",
    "language" : "eng"
  } ],
  "children" : [ ],
  "assets" : [ {
    "asset" : {
      "assetID" : "f4ea9846e2e1816655dbae7218e5c537f87696be"
    },
    "addedDate" : 1552604380124,
    "metadata" : [ ]
  } ],
  "fileName" : "4c34e889c8bd3f2f3cf5b3b84e28a195e482a3fd.json",
  "name" : "Kent F. Richards",
  "english" : true,
  "publicTitle" : "Kent F. Richards",
  "collectionUri" : "kent-f-richards"
}