{
  "sourceCollectionId" : "c2199b453b7e41a4aeff18aa3446722b",
  "parentCollectionID" : "22e3232e384c8650311b2940336759a89b8d6f8b",
  "parentCollectionPath" : "Mobile Media Library",
  "collectionType" : "collections",
  "path" : "Mobile Media Library/French - Audio",
  "collectionID" : "4d49e0eb6f09409b9c939751bbe7e869",
  "language" : "fra",
  "type" : "DEFAULT",
  "lastUpdatedDate" : "2022-03-28T09:54:47.835-06:00",
  "links" : [ {
    "rel" : "details",
    "href" : "https://titanapi.churchofjesuschrist.org/assetsearch/api/v2/collection/details/collectionID/4d49e0eb6f09409b9c939751bbe7e869"
  } ],
  "coverImages" : [ {
    "asset" : {
      "assetID" : "cff86be91539e8cfcf96d57e80f4427f722dce2c"
    }
  } ],
  "related" : [ ],
  "metadata" : [ {
    "key" : "collectionUri",
    "value" : "audio",
    "language" : "fra"
  }, {
    "key" : "orderIndex",
    "value" : "24"
  } ],
  "children" : [ ],
  "assets" : [ ],
  "fileName" : "4d49e0eb6f09409b9c939751bbe7e869.json",
  "name" : "French - Audio",
  "english" : false,
  "collectionUri" : "audio"
}