{
  "parentCollectionID" : "c058e5106b8e8d62008116bb1c25d6983599e78f",
  "parentCollectionPath" : "Mobile Media Library/English - Video/Life Help/Self-Reliance Services and PEF/Personal Finances",
  "collectionType" : "assets",
  "path" : "Mobile Media Library/English - Video/Life Help/Self-Reliance Services and PEF/Personal Finances/Chapter 4: Creating a Budget",
  "collectionID" : "4d6b2c9f6b26e8ec2658fa86cb558e0f5a2b0494",
  "language" : "eng",
  "type" : "DEFAULT",
  "lastUpdatedDate" : "2019-10-28T16:40:50.643-06:00",
  "links" : [ {
    "rel" : "details",
    "href" : "https://titanapi.churchofjesuschrist.org/assetsearch/api/v2/collection/details/collectionID/4d6b2c9f6b26e8ec2658fa86cb558e0f5a2b0494"
  } ],
  "coverImages" : [ {
    "asset" : {
      "assetID" : "d0aa4927fea42f742a91ef2fd2b840a45454c729"
    }
  } ],
  "related" : [ ],
  "metadata" : [ {
    "key" : "collectionUri",
    "value" : "chapter-4-creating-a-budget",
    "language" : "eng"
  }, {
    "key" : "publicTitle",
    "value" : "Chapter 4: Creating a Budget",
    "language" : "eng"
  } ],
  "children" : [ ],
  "assets" : [ {
    "asset" : {
      "assetID" : "86d6097b37f06a1301a9ab57aaac5713fcdbab9e"
    },
    "addedDate" : 1504116155069,
    "metadata" : [ ]
  } ],
  "fileName" : "4d6b2c9f6b26e8ec2658fa86cb558e0f5a2b0494.json",
  "name" : "Chapter 4: Creating a Budget",
  "english" : true,
  "publicTitle" : "Chapter 4: Creating a Budget",
  "collectionUri" : "chapter-4-creating-a-budget"
}