{
  "parentCollectionID" : "8d8905cef700b03cb3afaabc032a3af882139e59",
  "parentCollectionPath" : "Mobile Media Library/English - Video",
  "collectionType" : "collections",
  "path" : "Mobile Media Library/English - Video/Scriptural Reenactments and Teachings",
  "collectionID" : "4da6a5e612768eada390a3e0f6c0e386a015447a",
  "language" : "eng",
  "type" : "DEFAULT",
  "lastUpdatedDate" : "2023-10-14T16:06:56.699-06:00",
  "links" : [ {
    "rel" : "details",
    "href" : "https://titanapi.churchofjesuschrist.org/assetsearch/api/v2/collection/details/collectionID/4da6a5e612768eada390a3e0f6c0e386a015447a"
  } ],
  "coverImages" : [ {
    "asset" : {
      "assetID" : "a6f591931374f4d66759080b3ca23276ff85f9df"
    }
  } ],
  "related" : [ ],
  "metadata" : [ {
    "key" : "channel",
    "value" : "mobile",
    "language" : "eng"
  }, {
    "key" : "orderIndex",
    "value" : "14"
  }, {
    "key" : "description",
    "value" : "The standard works of the Church include the King James Version of the Bible, the Book of Mormon, the Pearl of Great Price, and the Doctrine and Covenants. This collection contains videos depicting events in the standard works, as well as videos in which modern prophets discuss scriptural principles and doctrines.",
    "language" : "eng"
  }, {
    "key" : "collectionUri",
    "value" : "scriptures-video-collection",
    "language" : "eng"
  }, {
    "key" : "publicTitle",
    "value" : "Scriptural Reenactments and Teachings",
    "language" : "eng"
  } ],
  "children" : [ {
    "path" : "Mobile Media Library/English - Video/Scriptural Reenactments and Teachings/Book of Mormon Stories (Classic)",
    "collectionID" : "3c76cacae5d540339cf95004af75cea7",
    "type" : "DEFAULT",
    "lastUpdatedDate" : "2024-01-16T09:25:17.856-07:00",
    "links" : [ {
      "rel" : "details",
      "href" : "https://titanapi.churchofjesuschrist.org/assetsearch/api/v2/collection/details/collectionID/3c76cacae5d540339cf95004af75cea7"
    } ],
    "fileName" : "3c76cacae5d540339cf95004af75cea7.json"
  }, {
    "path" : "Mobile Media Library/English - Video/Scriptural Reenactments and Teachings/Doctrine and Covenants Stories (Classic)",
    "collectionID" : "e37bad09639040d8ae594f4713916f75",
    "type" : "DEFAULT",
    "lastUpdatedDate" : "2025-01-06T11:56:46.752-07:00",
    "links" : [ {
      "rel" : "details",
      "href" : "https://titanapi.churchofjesuschrist.org/assetsearch/api/v2/collection/details/collectionID/e37bad09639040d8ae594f4713916f75"
    } ],
    "fileName" : "e37bad09639040d8ae594f4713916f75.json"
  }, {
    "path" : "Mobile Media Library/English - Video/Scriptural Reenactments and Teachings/New Testament Stories",
    "collectionID" : "d44ce41597f14af5b487c409eef79312",
    "type" : "DEFAULT",
    "lastUpdatedDate" : "2022-09-29T06:57:11.839-06:00",
    "links" : [ {
      "rel" : "details",
      "href" : "https://titanapi.churchofjesuschrist.org/assetsearch/api/v2/collection/details/collectionID/d44ce41597f14af5b487c409eef79312"
    } ],
    "fileName" : "d44ce41597f14af5b487c409eef79312.json"
  }, {
    "path" : "Mobile Media Library/English - Video/Scriptural Reenactments and Teachings/Old Testament Stories",
    "collectionID" : "03c58501730542f09a41d7c7106195da",
    "type" : "DEFAULT",
    "lastUpdatedDate" : "2024-09-09T11:38:49.578-06:00",
    "links" : [ {
      "rel" : "details",
      "href" : "https://titanapi.churchofjesuschrist.org/assetsearch/api/v2/collection/details/collectionID/03c58501730542f09a41d7c7106195da"
    } ],
    "fileName" : "03c58501730542f09a41d7c7106195da.json"
  }, {
    "path" : "Mobile Media Library/English - Video/Scriptural Reenactments and Teachings/Book of Mormon Stories",
    "collectionID" : "b2197fda974141be987ddc5528eee455",
    "type" : "DEFAULT",
    "lastUpdatedDate" : "2024-08-20T13:55:31.623-06:00",
    "links" : [ {
      "rel" : "details",
      "href" : "https://titanapi.churchofjesuschrist.org/assetsearch/api/v2/collection/details/collectionID/b2197fda974141be987ddc5528eee455"
    } ],
    "fileName" : "b2197fda974141be987ddc5528eee455.json"
  }, {
    "path" : "Mobile Media Library/English - Video/Scriptural Reenactments and Teachings/Doctrine and Covenants Stories",
    "collectionID" : "432c58b3a5d546a28fa70d1521c1e50e",
    "type" : "DEFAULT",
    "lastUpdatedDate" : "2025-01-06T12:03:49.009-07:00",
    "links" : [ {
      "rel" : "details",
      "href" : "https://titanapi.churchofjesuschrist.org/assetsearch/api/v2/collection/details/collectionID/432c58b3a5d546a28fa70d1521c1e50e"
    } ],
    "fileName" : "432c58b3a5d546a28fa70d1521c1e50e.json"
  }, {
    "path" : "Mobile Media Library/English - Video/Scriptural Reenactments and Teachings/Scripture Stories for Young Readers",
    "collectionID" : "8c9da04b1c474f14945591ea4efe87e5",
    "type" : "DEFAULT",
    "lastUpdatedDate" : "2022-09-07T08:17:27.350-06:00",
    "links" : [ {
      "rel" : "details",
      "href" : "https://titanapi.churchofjesuschrist.org/assetsearch/api/v2/collection/details/collectionID/8c9da04b1c474f14945591ea4efe87e5"
    } ],
    "fileName" : "8c9da04b1c474f14945591ea4efe87e5.json"
  }, {
    "path" : "Mobile Media Library/English - Video/Scriptural Reenactments and Teachings/Book of Mormon Teaching Videos",
    "collectionID" : "48eb64cd47be48c4a98d23fe2c7ede21",
    "type" : "DEFAULT",
    "lastUpdatedDate" : "2022-09-07T10:13:02.430-06:00",
    "links" : [ {
      "rel" : "details",
      "href" : "https://titanapi.churchofjesuschrist.org/assetsearch/api/v2/collection/details/collectionID/48eb64cd47be48c4a98d23fe2c7ede21"
    } ],
    "fileName" : "48eb64cd47be48c4a98d23fe2c7ede21.json"
  }, {
    "path" : "Mobile Media Library/English - Video/Scriptural Reenactments and Teachings/Book of Mormon Videos",
    "collectionID" : "b91d19b3a88f45129e9ec20d8c175bfa",
    "type" : "DEFAULT",
    "lastUpdatedDate" : "2024-08-16T16:40:24.955-06:00",
    "links" : [ {
      "rel" : "details",
      "href" : "https://titanapi.churchofjesuschrist.org/assetsearch/api/v2/collection/details/collectionID/b91d19b3a88f45129e9ec20d8c175bfa"
    } ],
    "fileName" : "b91d19b3a88f45129e9ec20d8c175bfa.json"
  }, {
    "path" : "Mobile Media Library/English - Video/Scriptural Reenactments and Teachings/Doctrine and Covenants Teaching Videos",
    "collectionID" : "ba758d05db044db7bf5ab221c6d94543",
    "type" : "DEFAULT",
    "lastUpdatedDate" : "2022-09-07T12:34:07.443-06:00",
    "links" : [ {
      "rel" : "details",
      "href" : "https://titanapi.churchofjesuschrist.org/assetsearch/api/v2/collection/details/collectionID/ba758d05db044db7bf5ab221c6d94543"
    } ],
    "fileName" : "ba758d05db044db7bf5ab221c6d94543.json"
  }, {
    "path" : "Mobile Media Library/English - Video/Scriptural Reenactments and Teachings/Bible Videos - The Life of Jesus Christ",
    "collectionID" : "7415b72b4f0d454a96ed4ccda89194b8",
    "type" : "DEFAULT",
    "lastUpdatedDate" : "2022-09-07T13:04:57.641-06:00",
    "links" : [ {
      "rel" : "details",
      "href" : "https://titanapi.churchofjesuschrist.org/assetsearch/api/v2/collection/details/collectionID/7415b72b4f0d454a96ed4ccda89194b8"
    } ],
    "fileName" : "7415b72b4f0d454a96ed4ccda89194b8.json"
  }, {
    "path" : "Mobile Media Library/English - Video/Scriptural Reenactments and Teachings/New Testament Teaching Videos",
    "collectionID" : "11768d7b23484806960587a13d704f15",
    "type" : "DEFAULT",
    "lastUpdatedDate" : "2022-09-07T13:15:43.838-06:00",
    "links" : [ {
      "rel" : "details",
      "href" : "https://titanapi.churchofjesuschrist.org/assetsearch/api/v2/collection/details/collectionID/11768d7b23484806960587a13d704f15"
    } ],
    "fileName" : "11768d7b23484806960587a13d704f15.json"
  }, {
    "path" : "Mobile Media Library/English - Video/Scriptural Reenactments and Teachings/Old Testament Teaching Videos",
    "collectionID" : "74111d53b8d54fda8c18a144f1431ed6",
    "type" : "DEFAULT",
    "lastUpdatedDate" : "2022-09-07T14:58:53.948-06:00",
    "links" : [ {
      "rel" : "details",
      "href" : "https://titanapi.churchofjesuschrist.org/assetsearch/api/v2/collection/details/collectionID/74111d53b8d54fda8c18a144f1431ed6"
    } ],
    "fileName" : "74111d53b8d54fda8c18a144f1431ed6.json"
  } ],
  "assets" : [ ],
  "fileName" : "4da6a5e612768eada390a3e0f6c0e386a015447a.json",
  "name" : "Scriptural Reenactments and Teachings",
  "english" : true,
  "publicTitle" : "Scriptural Reenactments and Teachings",
  "description" : "The standard works of the Church include the King James Version of the Bible, the Book of Mormon, the Pearl of Great Price, and the Doctrine and Covenants. This collection contains videos depicting events in the standard works, as well as videos in which modern prophets discuss scriptural principles and doctrines.",
  "collectionUri" : "scriptures-video-collection"
}