{
  "parentCollectionID" : "d5e8644312c74774b43cca21ad6ca6a0",
  "parentCollectionPath" : "Mobile Media Library/English - Video/People/Latter-day Apostles",
  "collectionType" : "assets",
  "path" : "Mobile Media Library/English - Video/People/Latter-day Apostles/Gary E. Stevenson",
  "collectionID" : "4e00259cbb580893a903b028908b80c18e3ad4f3",
  "language" : "eng",
  "type" : "DEFAULT",
  "lastUpdatedDate" : "2019-10-28T16:40:50.643-06:00",
  "links" : [ {
    "rel" : "details",
    "href" : "https://titanapi.churchofjesuschrist.org/assetsearch/api/v2/collection/details/collectionID/4e00259cbb580893a903b028908b80c18e3ad4f3"
  } ],
  "coverImages" : [ {
    "asset" : {
      "assetID" : "a3c954ecdc4c63b87a2d1a96d4a6f35bd40060a2"
    }
  } ],
  "related" : [ ],
  "metadata" : [ {
    "key" : "collectionUri",
    "value" : "gary-e-stevenson-video-collection",
    "language" : "eng"
  }, {
    "key" : "publicTitle",
    "value" : "Gary E. Stevenson",
    "language" : "eng"
  }, {
    "key" : "orderIndex",
    "value" : "9"
  } ],
  "children" : [ ],
  "assets" : [ {
    "asset" : {
      "assetID" : "fa76f1ca98d300002ff8dbf0d28de58ec7f2754e"
    },
    "index" : 1,
    "addedDate" : 1592374546454,
    "metadata" : [ ]
  }, {
    "asset" : {
      "assetID" : "F39B668A92C7FABF9BF866AA7606BF5073933AAC"
    },
    "index" : 0,
    "addedDate" : 1592771623429,
    "metadata" : [ ]
  }, {
    "asset" : {
      "assetID" : "7918C27634BD743EA3492213FEC41504D464791F"
    },
    "index" : 2,
    "addedDate" : 1702327896641,
    "metadata" : [ ]
  } ],
  "fileName" : "4e00259cbb580893a903b028908b80c18e3ad4f3.json",
  "name" : "Gary E. Stevenson",
  "english" : true,
  "publicTitle" : "Gary E. Stevenson",
  "collectionUri" : "gary-e-stevenson-video-collection"
}