{
  "parentCollectionID" : "a4cbfba70bf044214729b9339a405bd8c5560688",
  "parentCollectionPath" : "Mobile Media Library/English - Video/Broadcasts/BYU Women’s Conference",
  "collectionType" : "assets",
  "path" : "Mobile Media Library/English - Video/Broadcasts/BYU Women’s Conference/BYU Women's Conference - 2021",
  "collectionID" : "4ee90792a360426290eaddc45e4132ea",
  "language" : "eng",
  "type" : "DEFAULT",
  "lastUpdatedDate" : "2024-08-08T13:46:17.188-06:00",
  "links" : [ {
    "rel" : "details",
    "href" : "https://titanapi.churchofjesuschrist.org/assetsearch/api/v2/collection/details/collectionID/4ee90792a360426290eaddc45e4132ea"
  } ],
  "coverImages" : [ {
    "asset" : {
      "assetID" : "c63a38258e21ccc31e248f58366846879c07ea19"
    }
  } ],
  "related" : [ ],
  "metadata" : [ {
    "key" : "orderIndex",
    "value" : "3"
  }, {
    "key" : "channel",
    "value" : "mobile",
    "language" : "eng"
  }, {
    "key" : "collectionUri",
    "value" : "byu-womens-conference-2021",
    "language" : "eng"
  }, {
    "key" : "publicTitle",
    "value" : "BYU Women's Conference - 2021",
    "language" : "eng"
  } ],
  "children" : [ ],
  "assets" : [ {
    "asset" : {
      "assetID" : "22a2745622bd11efaf03eeeeac1e4169a785b8c7"
    },
    "index" : 2,
    "addedDate" : 1722598153023,
    "metadata" : [ ]
  }, {
    "asset" : {
      "assetID" : "2333dee622bd11efb8cceeeeac1eef215a5f2abe"
    },
    "index" : 1,
    "addedDate" : 1722598142165,
    "metadata" : [ ]
  }, {
    "asset" : {
      "assetID" : "23fa3c2822bd11efb882eeeeac1effe8c03d2d3e"
    },
    "index" : 7,
    "addedDate" : 1722598270437,
    "metadata" : [ ]
  }, {
    "asset" : {
      "assetID" : "225f29cd22bd11efa0c1eeeeac1e4679c62bd4b7"
    },
    "index" : 4,
    "addedDate" : 1722598175655,
    "metadata" : [ ]
  }, {
    "asset" : {
      "assetID" : "24203ab722bd11ef9deaeeeeac1e80ca83372424"
    },
    "index" : 3,
    "addedDate" : 1722598164269,
    "metadata" : [ ]
  }, {
    "asset" : {
      "assetID" : "237358e722bd11ef9ca7eeeeac1ee7e522722f8e"
    },
    "index" : 5,
    "addedDate" : 1722598187269,
    "metadata" : [ ]
  }, {
    "asset" : {
      "assetID" : "22e7bab922bd11efa0a9eeeeac1e889502bb238f"
    },
    "index" : 0,
    "addedDate" : 1722598126303,
    "metadata" : [ ]
  }, {
    "asset" : {
      "assetID" : "221ec56a22bd11efb1efeeeeac1e1dc48b5e2d59"
    },
    "index" : 6,
    "addedDate" : 1722598209401,
    "metadata" : [ ]
  } ],
  "fileName" : "4ee90792a360426290eaddc45e4132ea.json",
  "name" : "BYU Women's Conference - 2021",
  "english" : true,
  "publicTitle" : "BYU Women's Conference - 2021",
  "collectionUri" : "byu-womens-conference-2021"
}