{
  "parentCollectionID" : "7dcef444e180851b96f8f79d6392f8963ec6952b",
  "parentCollectionPath" : "Mobile Media Library/English - Video/Broadcasts/General Conference",
  "collectionType" : "assets",
  "path" : "Mobile Media Library/English - Video/Broadcasts/General Conference/April 2019",
  "collectionID" : "4ef3421f41c747989c126368edc774b8",
  "language" : "eng",
  "type" : "DEFAULT",
  "lastUpdatedDate" : "2022-03-31T10:27:25.820-06:00",
  "links" : [ {
    "rel" : "details",
    "href" : "https://titanapi.churchofjesuschrist.org/assetsearch/api/v2/collection/details/collectionID/4ef3421f41c747989c126368edc774b8"
  } ],
  "coverImages" : [ {
    "asset" : {
      "assetID" : "b57a408e4f9e50f641508aedefee64b3394bf93f"
    }
  } ],
  "related" : [ ],
  "metadata" : [ {
    "key" : "orderIndex",
    "value" : "11"
  }, {
    "key" : "channel",
    "value" : "mobile",
    "language" : "eng"
  }, {
    "key" : "collectionUri",
    "value" : "april-2019-general-conference",
    "language" : "eng"
  }, {
    "key" : "publicTitle",
    "value" : "April 2019",
    "language" : "eng"
  } ],
  "children" : [ ],
  "assets" : [ {
    "asset" : {
      "assetID" : "3EBADC69ACBFAEA247523B670743151D6D32B686"
    },
    "addedDate" : 1567591733920,
    "metadata" : [ ]
  }, {
    "asset" : {
      "assetID" : "7FCDC918C65BDB02DCDA6E77A52AAF41E7B891F9"
    },
    "addedDate" : 1567591848978,
    "metadata" : [ ]
  }, {
    "asset" : {
      "assetID" : "4886FC2A0B2723B4D96F1B36ED28AC1368A067B1"
    },
    "addedDate" : 1567591693376,
    "metadata" : [ ]
  }, {
    "asset" : {
      "assetID" : "D8EE1A4C54CBDAE962E90282D12C36DAE0BBB7A9"
    },
    "addedDate" : 1567591866031,
    "metadata" : [ ]
  }, {
    "asset" : {
      "assetID" : "1F61936931E8838A1D635A53680D0F15B336E430"
    },
    "addedDate" : 1567591753831,
    "metadata" : [ ]
  }, {
    "asset" : {
      "assetID" : "EC7D24A2FEF45F5487C26939D3103293B949E1FA"
    },
    "addedDate" : 1567591567238,
    "metadata" : [ ]
  }, {
    "asset" : {
      "assetID" : "A094E736C6CF8273A67882652660B4170EE1A18A"
    },
    "addedDate" : 1567569398893,
    "metadata" : [ ]
  }, {
    "asset" : {
      "assetID" : "952D171D7859B89DE975617AD83204826D4ACF9D"
    },
    "addedDate" : 1567569256899,
    "metadata" : [ ]
  }, {
    "asset" : {
      "assetID" : "49B596670D9BCCE422EB753F81C1435A07321DF4"
    },
    "addedDate" : 1567569092291,
    "metadata" : [ ]
  }, {
    "asset" : {
      "assetID" : "DA65803AE2708E7C2384B2C2665CEE26319888F3"
    },
    "addedDate" : 1567569063891,
    "metadata" : [ ]
  }, {
    "asset" : {
      "assetID" : "FE29FE9CA0026BF75381A501A4BE84F3B5A1102E"
    },
    "addedDate" : 1567569244503,
    "metadata" : [ ]
  }, {
    "asset" : {
      "assetID" : "58A1A282B9D4C405AD6396A0AFE0EE6451D7F653"
    },
    "addedDate" : 1567569130491,
    "metadata" : [ ]
  }, {
    "asset" : {
      "assetID" : "B384179C1B8876DAF89F77297ADE937C648E972A"
    },
    "addedDate" : 1567569289404,
    "metadata" : [ ]
  }, {
    "asset" : {
      "assetID" : "7694CF1A4EA255BEC3144DD0A9FB24B31AD8380C"
    },
    "addedDate" : 1567569103661,
    "metadata" : [ ]
  }, {
    "asset" : {
      "assetID" : "627A8D1DEFDD6552327FF3110141B4255446F532"
    },
    "addedDate" : 1567591925830,
    "metadata" : [ ]
  }, {
    "asset" : {
      "assetID" : "96CCE09B610C33F31C4CA5173A67E5AF847F11DE"
    },
    "addedDate" : 1567569230995,
    "metadata" : [ ]
  }, {
    "asset" : {
      "assetID" : "0F83A4CCA29F6094E952B8DE395122B58109DF53"
    },
    "addedDate" : 1567569052545,
    "metadata" : [ ]
  }, {
    "asset" : {
      "assetID" : "603B41168D28044574935DD77C9B092FD1B6AA2F"
    },
    "addedDate" : 1567591675584,
    "metadata" : [ ]
  }, {
    "asset" : {
      "assetID" : "5CA1CD75EF257744FA3AC4F5F17C69C6726A1E92"
    },
    "addedDate" : 1567569591930,
    "metadata" : [ ]
  }, {
    "asset" : {
      "assetID" : "3879D0298D4E908F714A3C9F22690805F8FFD4E1"
    },
    "addedDate" : 1567569076851,
    "metadata" : [ ]
  }, {
    "asset" : {
      "assetID" : "396211CE67F9B7280DCA77BCC03A339E0D91FEB3"
    },
    "addedDate" : 1567591881282,
    "metadata" : [ ]
  }, {
    "asset" : {
      "assetID" : "CAA4230388F211BD8EFD16AFAC564F558E31E8F8"
    },
    "addedDate" : 1567569608962,
    "metadata" : [ ]
  }, {
    "asset" : {
      "assetID" : "10C1677A1ADA158378F4EDFB5D1A4DFC59DE9EC0"
    },
    "addedDate" : 1567592050639,
    "metadata" : [ ]
  }, {
    "asset" : {
      "assetID" : "963D0F05B7ECF9F933F7E49BBAEAAD1DA454F5B0"
    },
    "addedDate" : 1567569302450,
    "metadata" : [ ]
  }, {
    "asset" : {
      "assetID" : "CB44A7972D59E09713998982F148BE96CFD8884E"
    },
    "addedDate" : 1567591715762,
    "metadata" : [ ]
  }, {
    "asset" : {
      "assetID" : "B00E65677D34CB14C39A0E42C5F0A08566F9C79D"
    },
    "addedDate" : 1567591904473,
    "metadata" : [ ]
  }, {
    "asset" : {
      "assetID" : "E26E7DC1C95A5E78EB03239F3DAF9E00683340B0"
    },
    "addedDate" : 1567591774853,
    "metadata" : [ ]
  }, {
    "asset" : {
      "assetID" : "D0C0FA60BD3F8556355226523659038072C0F10F"
    },
    "addedDate" : 1567591808508,
    "metadata" : [ ]
  }, {
    "asset" : {
      "assetID" : "F0ABF5CB8218602BA7E8E83F0C71244617317A6E"
    },
    "addedDate" : 1567591823697,
    "metadata" : [ ]
  }, {
    "asset" : {
      "assetID" : "A61B5D988DD3BCC4DF4D3D2305D1701F852C6BE2"
    },
    "addedDate" : 1567591793524,
    "metadata" : [ ]
  }, {
    "asset" : {
      "assetID" : "67828918A4EFFAEBE37F26CDB790DA40F7ADC0C0"
    },
    "addedDate" : 1567591586247,
    "metadata" : [ ]
  }, {
    "asset" : {
      "assetID" : "BC7427360E1A867E772938E8D2A908DCEFB0BDFD"
    },
    "addedDate" : 1567591658466,
    "metadata" : [ ]
  }, {
    "asset" : {
      "assetID" : "6E108440D8AD8450A3492D8AA05200451E8E24D8"
    },
    "addedDate" : 1567591948024,
    "metadata" : [ ]
  }, {
    "asset" : {
      "assetID" : "0CBB4987B3679E79DC0B7C0659A11DB498B6F7BE"
    },
    "addedDate" : 1579226740709,
    "metadata" : [ ]
  }, {
    "asset" : {
      "assetID" : "9CA54C54BB2607B152FE86FD55E62780979810ED"
    },
    "addedDate" : 1579226754070,
    "metadata" : [ ]
  }, {
    "asset" : {
      "assetID" : "5A8E0A3F80F01E4DD9A88590FDE093A6BC1C81A9"
    },
    "addedDate" : 1579226764046,
    "metadata" : [ ]
  }, {
    "asset" : {
      "assetID" : "A4EF123C2E49DC423018DECCE8C23BF42351C443"
    },
    "addedDate" : 1579227431586,
    "metadata" : [ ]
  }, {
    "asset" : {
      "assetID" : "855C6F862ADE5BF9445E6A41E2EBE765D7065366"
    },
    "addedDate" : 1579227440568,
    "metadata" : [ ]
  }, {
    "asset" : {
      "assetID" : "4DC09B80A507054AF12293A5708B77CAC7BF2C48"
    },
    "addedDate" : 1579227399453,
    "metadata" : [ ]
  } ],
  "fileName" : "4ef3421f41c747989c126368edc774b8.json",
  "name" : "April 2019",
  "english" : true,
  "publicTitle" : "April 2019",
  "collectionUri" : "april-2019-general-conference"
}