{
  "sourceCollectionId" : "9469dcd2e95b0f73fd237301b21fecbd372d2e60",
  "parentCollectionID" : "22e3232e384c8650311b2940336759a89b8d6f8b",
  "parentCollectionPath" : "Mobile Media Library",
  "collectionType" : "collections",
  "path" : "Mobile Media Library/Portuguese - Images",
  "collectionID" : "4f07d2be10a0c4ca2b4313557d5828761d444483",
  "language" : "por",
  "type" : "DEFAULT",
  "lastUpdatedDate" : "2021-05-24T13:18:18.893-06:00",
  "links" : [ {
    "rel" : "details",
    "href" : "https://titanapi.churchofjesuschrist.org/assetsearch/api/v2/collection/details/collectionID/4f07d2be10a0c4ca2b4313557d5828761d444483"
  } ],
  "coverImages" : [ {
    "asset" : {
      "assetID" : "9db55f13f0ceac75511bb2c179ec551d11305115"
    }
  } ],
  "related" : [ ],
  "metadata" : [ {
    "key" : "collectionUri",
    "value" : "images",
    "language" : "por"
  }, {
    "key" : "publicTitle",
    "value" : "Imagens",
    "language" : "por"
  }, {
    "key" : "orderIndex",
    "value" : "18"
  } ],
  "children" : [ {
    "path" : "Mobile Media Library/Portuguese - Images/Book of Mormon Videos Images",
    "collectionID" : "096f25c062074af09254c37a3771c549",
    "type" : "DEFAULT",
    "lastUpdatedDate" : "2021-05-24T13:14:05.908-06:00",
    "links" : [ {
      "rel" : "details",
      "href" : "https://titanapi.churchofjesuschrist.org/assetsearch/api/v2/collection/details/collectionID/096f25c062074af09254c37a3771c549"
    } ],
    "fileName" : "096f25c062074af09254c37a3771c549.json"
  }, {
    "path" : "Mobile Media Library/Portuguese - Images/Children and Youth",
    "collectionID" : "bbc7736c3adf4887a6a26192fef8e326",
    "type" : "DEFAULT",
    "lastUpdatedDate" : "2021-05-24T13:12:56.143-06:00",
    "links" : [ {
      "rel" : "details",
      "href" : "https://titanapi.churchofjesuschrist.org/assetsearch/api/v2/collection/details/collectionID/bbc7736c3adf4887a6a26192fef8e326"
    } ],
    "fileName" : "bbc7736c3adf4887a6a26192fef8e326.json"
  }, {
    "path" : "Mobile Media Library/Portuguese - Images/Christmas",
    "collectionID" : "738472f883054412b7abf9568e33aedb",
    "type" : "DEFAULT",
    "lastUpdatedDate" : "2021-05-24T13:12:25.144-06:00",
    "links" : [ {
      "rel" : "details",
      "href" : "https://titanapi.churchofjesuschrist.org/assetsearch/api/v2/collection/details/collectionID/738472f883054412b7abf9568e33aedb"
    } ],
    "fileName" : "738472f883054412b7abf9568e33aedb.json"
  }, {
    "path" : "Mobile Media Library/Portuguese - Images/Church Places",
    "collectionID" : "ca915293385148969e801bd2ae82e17d",
    "type" : "DEFAULT",
    "lastUpdatedDate" : "2021-05-24T13:11:15.298-06:00",
    "links" : [ {
      "rel" : "details",
      "href" : "https://titanapi.churchofjesuschrist.org/assetsearch/api/v2/collection/details/collectionID/ca915293385148969e801bd2ae82e17d"
    } ],
    "fileName" : "ca915293385148969e801bd2ae82e17d.json"
  }, {
    "path" : "Mobile Media Library/Portuguese - Images/Church Themes, Proclamations, and Symbols",
    "collectionID" : "fb81090c4c0d41a98c1c69fbd57d3439",
    "type" : "DEFAULT",
    "lastUpdatedDate" : "2021-05-24T13:10:49.485-06:00",
    "links" : [ {
      "rel" : "details",
      "href" : "https://titanapi.churchofjesuschrist.org/assetsearch/api/v2/collection/details/collectionID/fb81090c4c0d41a98c1c69fbd57d3439"
    } ],
    "fileName" : "fb81090c4c0d41a98c1c69fbd57d3439.json"
  }, {
    "path" : "Mobile Media Library/Portuguese - Images/Come, Follow Me: Learning and Teaching Resources",
    "collectionID" : "702fa5da48a847c98b142f918b98e5d2",
    "type" : "DEFAULT",
    "lastUpdatedDate" : "2021-05-24T13:10:20.424-06:00",
    "links" : [ {
      "rel" : "details",
      "href" : "https://titanapi.churchofjesuschrist.org/assetsearch/api/v2/collection/details/collectionID/702fa5da48a847c98b142f918b98e5d2"
    } ],
    "fileName" : "702fa5da48a847c98b142f918b98e5d2.json"
  }, {
    "path" : "Mobile Media Library/Portuguese - Images/Digital Pass-Along Cards",
    "collectionID" : "13884949d8ba4169bd7825d559d67d31",
    "type" : "DEFAULT",
    "lastUpdatedDate" : "2021-05-24T13:09:51.100-06:00",
    "links" : [ {
      "rel" : "details",
      "href" : "https://titanapi.churchofjesuschrist.org/assetsearch/api/v2/collection/details/collectionID/13884949d8ba4169bd7825d559d67d31"
    } ],
    "fileName" : "13884949d8ba4169bd7825d559d67d31.json"
  }, {
    "path" : "Mobile Media Library/Portuguese - Images/Easter",
    "collectionID" : "3c3ac29f25354270a29af98911039ece",
    "type" : "DEFAULT",
    "lastUpdatedDate" : "2021-05-24T13:09:26.082-06:00",
    "links" : [ {
      "rel" : "details",
      "href" : "https://titanapi.churchofjesuschrist.org/assetsearch/api/v2/collection/details/collectionID/3c3ac29f25354270a29af98911039ece"
    } ],
    "fileName" : "3c3ac29f25354270a29af98911039ece.json"
  }, {
    "path" : "Mobile Media Library/Portuguese - Images/Everyday People",
    "collectionID" : "24df86eb4c3c416e94700ac239776346",
    "type" : "DEFAULT",
    "lastUpdatedDate" : "2021-05-24T13:08:56.844-06:00",
    "links" : [ {
      "rel" : "details",
      "href" : "https://titanapi.churchofjesuschrist.org/assetsearch/api/v2/collection/details/collectionID/24df86eb4c3c416e94700ac239776346"
    } ],
    "fileName" : "24df86eb4c3c416e94700ac239776346.json"
  }, {
    "path" : "Mobile Media Library/Portuguese - Images/Gospel Art",
    "collectionID" : "8831a80c2fa746a29dbcc1a0be49e8dd",
    "type" : "DEFAULT",
    "lastUpdatedDate" : "2021-05-24T13:08:05.258-06:00",
    "links" : [ {
      "rel" : "details",
      "href" : "https://titanapi.churchofjesuschrist.org/assetsearch/api/v2/collection/details/collectionID/8831a80c2fa746a29dbcc1a0be49e8dd"
    } ],
    "fileName" : "8831a80c2fa746a29dbcc1a0be49e8dd.json"
  }, {
    "path" : "Mobile Media Library/Portuguese - Images/High Quality Images for Print",
    "collectionID" : "e32940a3108e4e1590e8b1e392de9a25",
    "type" : "DEFAULT",
    "lastUpdatedDate" : "2021-05-24T13:07:37.705-06:00",
    "links" : [ {
      "rel" : "details",
      "href" : "https://titanapi.churchofjesuschrist.org/assetsearch/api/v2/collection/details/collectionID/e32940a3108e4e1590e8b1e392de9a25"
    } ],
    "fileName" : "e32940a3108e4e1590e8b1e392de9a25.json"
  }, {
    "path" : "Mobile Media Library/Portuguese - Images/Infographics",
    "collectionID" : "069c008d6204410f9baeca02c3769f73",
    "type" : "DEFAULT",
    "lastUpdatedDate" : "2021-05-24T13:06:40.560-06:00",
    "links" : [ {
      "rel" : "details",
      "href" : "https://titanapi.churchofjesuschrist.org/assetsearch/api/v2/collection/details/collectionID/069c008d6204410f9baeca02c3769f73"
    } ],
    "fileName" : "069c008d6204410f9baeca02c3769f73.json"
  }, {
    "path" : "Mobile Media Library/Portuguese - Images/Jesus Christ",
    "collectionID" : "7e53fbb136534b9eb0355c450d6e3dbd",
    "type" : "DEFAULT",
    "lastUpdatedDate" : "2021-05-24T13:04:27.924-06:00",
    "links" : [ {
      "rel" : "details",
      "href" : "https://titanapi.churchofjesuschrist.org/assetsearch/api/v2/collection/details/collectionID/7e53fbb136534b9eb0355c450d6e3dbd"
    } ],
    "fileName" : "7e53fbb136534b9eb0355c450d6e3dbd.json"
  }, {
    "path" : "Mobile Media Library/Portuguese - Images/Living the Gospel",
    "collectionID" : "c90564c0302e44e5b39dfe7ef4e55cc3",
    "type" : "DEFAULT",
    "lastUpdatedDate" : "2021-05-24T13:04:08.092-06:00",
    "links" : [ {
      "rel" : "details",
      "href" : "https://titanapi.churchofjesuschrist.org/assetsearch/api/v2/collection/details/collectionID/c90564c0302e44e5b39dfe7ef4e55cc3"
    } ],
    "fileName" : "c90564c0302e44e5b39dfe7ef4e55cc3.json"
  }, {
    "path" : "Mobile Media Library/Portuguese - Images/Relief Society",
    "collectionID" : "651a16e99dc54259ab3c50ae2a309139",
    "type" : "DEFAULT",
    "lastUpdatedDate" : "2021-05-24T13:02:25.913-06:00",
    "links" : [ {
      "rel" : "details",
      "href" : "https://titanapi.churchofjesuschrist.org/assetsearch/api/v2/collection/details/collectionID/651a16e99dc54259ab3c50ae2a309139"
    } ],
    "fileName" : "651a16e99dc54259ab3c50ae2a309139.json"
  }, {
    "path" : "Mobile Media Library/Portuguese - Images/Scriptures",
    "collectionID" : "f4d20e8f59134ec0b85df2d84c24240a",
    "type" : "DEFAULT",
    "lastUpdatedDate" : "2021-05-24T13:01:35.795-06:00",
    "links" : [ {
      "rel" : "details",
      "href" : "https://titanapi.churchofjesuschrist.org/assetsearch/api/v2/collection/details/collectionID/f4d20e8f59134ec0b85df2d84c24240a"
    } ],
    "fileName" : "f4d20e8f59134ec0b85df2d84c24240a.json"
  }, {
    "path" : "Mobile Media Library/Portuguese - Images/Seminary and Institute",
    "collectionID" : "02701be77b2645ac978286ba05c6a50d",
    "type" : "DEFAULT",
    "lastUpdatedDate" : "2021-05-24T13:01:04.212-06:00",
    "links" : [ {
      "rel" : "details",
      "href" : "https://titanapi.churchofjesuschrist.org/assetsearch/api/v2/collection/details/collectionID/02701be77b2645ac978286ba05c6a50d"
    } ],
    "fileName" : "02701be77b2645ac978286ba05c6a50d.json"
  }, {
    "path" : "Mobile Media Library/Portuguese - Images/Temples",
    "collectionID" : "540536a966504a96a94d0fdf4a52f1c5",
    "type" : "DEFAULT",
    "lastUpdatedDate" : "2020-09-22T10:52:57.037-06:00",
    "links" : [ {
      "rel" : "details",
      "href" : "https://titanapi.churchofjesuschrist.org/assetsearch/api/v2/collection/details/collectionID/540536a966504a96a94d0fdf4a52f1c5"
    } ],
    "fileName" : "540536a966504a96a94d0fdf4a52f1c5.json"
  }, {
    "path" : "Mobile Media Library/Portuguese - Images/Things",
    "collectionID" : "f9e6258a72ae435eb779c8f27fdbb88f",
    "type" : "DEFAULT",
    "lastUpdatedDate" : "2021-05-24T12:09:27.442-06:00",
    "links" : [ {
      "rel" : "details",
      "href" : "https://titanapi.churchofjesuschrist.org/assetsearch/api/v2/collection/details/collectionID/f9e6258a72ae435eb779c8f27fdbb88f"
    } ],
    "fileName" : "f9e6258a72ae435eb779c8f27fdbb88f.json"
  }, {
    "path" : "Mobile Media Library/Portuguese - Images/Bible Images-The Life of Jesus Christ - POR",
    "collectionID" : "da07676233c3c46abe3f544532935c3ea36246ee",
    "type" : "DEFAULT",
    "lastUpdatedDate" : "2021-05-24T13:15:26.421-06:00",
    "links" : [ {
      "rel" : "details",
      "href" : "https://titanapi.churchofjesuschrist.org/assetsearch/api/v2/collection/details/collectionID/da07676233c3c46abe3f544532935c3ea36246ee"
    } ],
    "fileName" : "da07676233c3c46abe3f544532935c3ea36246ee.json"
  }, {
    "path" : "Mobile Media Library/Portuguese - Images/Artwork of Jesus Christ - POR",
    "collectionID" : "1a131c3cd0960c406b4de09fb175f062d273a022",
    "type" : "DEFAULT",
    "lastUpdatedDate" : "2021-05-24T13:16:11.642-06:00",
    "links" : [ {
      "rel" : "details",
      "href" : "https://titanapi.churchofjesuschrist.org/assetsearch/api/v2/collection/details/collectionID/1a131c3cd0960c406b4de09fb175f062d273a022"
    } ],
    "fileName" : "1a131c3cd0960c406b4de09fb175f062d273a022.json"
  }, {
    "path" : "Mobile Media Library/Portuguese - Images/Inspirational Picture Quotes - POR",
    "collectionID" : "b99485e613798ceab1c31c6a1ec77437d910ba06",
    "type" : "DEFAULT",
    "lastUpdatedDate" : "2021-05-24T13:06:04.733-06:00",
    "links" : [ {
      "rel" : "details",
      "href" : "https://titanapi.churchofjesuschrist.org/assetsearch/api/v2/collection/details/collectionID/b99485e613798ceab1c31c6a1ec77437d910ba06"
    } ],
    "fileName" : "b99485e613798ceab1c31c6a1ec77437d910ba06.json"
  }, {
    "path" : "Mobile Media Library/Portuguese - Images/Church Leaders",
    "collectionID" : "9078342972c842a8b9e9bda20c461b8c",
    "type" : "DEFAULT",
    "lastUpdatedDate" : "2021-05-24T13:11:51.948-06:00",
    "links" : [ {
      "rel" : "details",
      "href" : "https://titanapi.churchofjesuschrist.org/assetsearch/api/v2/collection/details/collectionID/9078342972c842a8b9e9bda20c461b8c"
    } ],
    "fileName" : "9078342972c842a8b9e9bda20c461b8c.json"
  }, {
    "path" : "Mobile Media Library/Portuguese - Images/Primary",
    "collectionID" : "68e39b0db88b4e7d8c1a804c57565b5d",
    "type" : "DEFAULT",
    "lastUpdatedDate" : "2021-05-24T13:03:27.037-06:00",
    "links" : [ {
      "rel" : "details",
      "href" : "https://titanapi.churchofjesuschrist.org/assetsearch/api/v2/collection/details/collectionID/68e39b0db88b4e7d8c1a804c57565b5d"
    } ],
    "fileName" : "68e39b0db88b4e7d8c1a804c57565b5d.json"
  } ],
  "assets" : [ ],
  "fileName" : "4f07d2be10a0c4ca2b4313557d5828761d444483.json",
  "name" : "Portuguese - Images",
  "english" : false,
  "publicTitle" : "Imagens",
  "collectionUri" : "images"
}