{
  "parentCollectionID" : "74111d53b8d54fda8c18a144f1431ed6",
  "parentCollectionPath" : "Mobile Media Library/English - Video/Scriptural Reenactments and Teachings/Old Testament Teaching Videos",
  "collectionType" : "assets",
  "path" : "Mobile Media Library/English - Video/Scriptural Reenactments and Teachings/Old Testament Teaching Videos/Isaiah - Malachi",
  "collectionID" : "4f3c6523e9d6403a9b04f8234c7b99c9",
  "language" : "eng",
  "type" : "DEFAULT",
  "lastUpdatedDate" : "2022-09-07T15:00:17.934-06:00",
  "links" : [ {
    "rel" : "details",
    "href" : "https://titanapi.churchofjesuschrist.org/assetsearch/api/v2/collection/details/collectionID/4f3c6523e9d6403a9b04f8234c7b99c9"
  } ],
  "coverImages" : [ {
    "asset" : {
      "assetID" : "cc7ec22e807c393fb794e611b5fd2defd6b07151"
    }
  } ],
  "related" : [ ],
  "metadata" : [ {
    "key" : "orderIndex",
    "value" : "3"
  }, {
    "key" : "channel",
    "value" : "mobile",
    "language" : "eng"
  }, {
    "key" : "collectionUri",
    "value" : "isaiah-malachi-videos",
    "language" : "eng"
  }, {
    "key" : "publicTitle",
    "value" : "Isaiah - Malachi",
    "language" : "eng"
  } ],
  "children" : [ ],
  "assets" : [ {
    "asset" : {
      "assetID" : "04af20907491f84e91c9f71bb6247d1869e77fe1"
    },
    "addedDate" : 1662584258630,
    "metadata" : [ ]
  }, {
    "asset" : {
      "assetID" : "751eb98e3d8f99c0dd0e4b84b4dffbfa43329f2d"
    },
    "addedDate" : 1662584258650,
    "metadata" : [ ]
  }, {
    "asset" : {
      "assetID" : "5ffd22f2445fb33e9014099778215b50cc6e94ea"
    },
    "addedDate" : 1662584258610,
    "metadata" : [ ]
  }, {
    "asset" : {
      "assetID" : "e3eb1e2357d3f8d187327987587fcf7730b1bf00"
    },
    "addedDate" : 1662584258636,
    "metadata" : [ ]
  }, {
    "asset" : {
      "assetID" : "f824e283a180f070aa8d84db2d8aa3c6ab8e1ab8"
    },
    "addedDate" : 1662584258660,
    "metadata" : [ ]
  }, {
    "asset" : {
      "assetID" : "84472731562583ebaeeddabd95779848a49fbea5"
    },
    "addedDate" : 1662584258633,
    "metadata" : [ ]
  }, {
    "asset" : {
      "assetID" : "e2e4dbdf84e1db0220b6c29e1a447d984387415c"
    },
    "addedDate" : 1662584258646,
    "metadata" : [ ]
  }, {
    "asset" : {
      "assetID" : "2c14800686f4d5f3bf8c59e4788c15fd7121a70e"
    },
    "addedDate" : 1662584258643,
    "metadata" : [ ]
  }, {
    "asset" : {
      "assetID" : "000fdf60488d7c9b253c5af5d29e692502b3c905"
    },
    "addedDate" : 1662584258620,
    "metadata" : [ ]
  }, {
    "asset" : {
      "assetID" : "907a7d2d536180b92bbb2163979d1a8b6525bfb6"
    },
    "addedDate" : 1662584258616,
    "metadata" : [ ]
  }, {
    "asset" : {
      "assetID" : "0c5ca6413a28573130f64924ac0379bfbf23005b"
    },
    "addedDate" : 1662584258620,
    "metadata" : [ ]
  }, {
    "asset" : {
      "assetID" : "e713f04daa0af1ff8eb0c5f8563e89562885e8ab"
    },
    "addedDate" : 1662584258656,
    "metadata" : [ ]
  }, {
    "asset" : {
      "assetID" : "d6c443c02bb52f1c31b80f6ff2d4560245b14139"
    },
    "addedDate" : 1662584258620,
    "metadata" : [ ]
  }, {
    "asset" : {
      "assetID" : "d40cba075c8cb2515020dfa3a5dc6b813f25f5fd"
    },
    "addedDate" : 1662584258630,
    "metadata" : [ ]
  }, {
    "asset" : {
      "assetID" : "8728032a16e0eac683d7be08f5523c1f54ec2a74"
    },
    "addedDate" : 1662584258656,
    "metadata" : [ ]
  }, {
    "asset" : {
      "assetID" : "19a5b7c170f99727ac23ccb37a12da1c6ffe3cee"
    },
    "addedDate" : 1662584258663,
    "metadata" : [ ]
  }, {
    "asset" : {
      "assetID" : "485f9b891c6aa1189c5cfd47fe5ab44bb456b337"
    },
    "addedDate" : 1662584258623,
    "metadata" : [ ]
  }, {
    "asset" : {
      "assetID" : "fa5efc8411c6e19c58e5d75ef26276ef80c6ee71"
    },
    "addedDate" : 1662584258626,
    "metadata" : [ ]
  }, {
    "asset" : {
      "assetID" : "2ee7912db11b46695122d9ad388d9ce9885d08aa"
    },
    "addedDate" : 1662584258646,
    "metadata" : [ ]
  }, {
    "asset" : {
      "assetID" : "5c2a40c1471c1d80725ae199496775b58e95d0d0"
    },
    "addedDate" : 1662584258603,
    "metadata" : [ ]
  }, {
    "asset" : {
      "assetID" : "3e9d680ad4871548996f6422f16ed548c793b8ef"
    },
    "addedDate" : 1662584258610,
    "metadata" : [ ]
  }, {
    "asset" : {
      "assetID" : "7a1a4cc6e3429a27c47157dd45de29867ecd4a2f"
    },
    "addedDate" : 1662584258666,
    "metadata" : [ ]
  }, {
    "asset" : {
      "assetID" : "336b93b97fa3a7ce53c0dcc494d8dcf83de63a26"
    },
    "addedDate" : 1662584258616,
    "metadata" : [ ]
  }, {
    "asset" : {
      "assetID" : "a484d6844f0deff04862e97ab77291b390d75d20"
    },
    "addedDate" : 1662584258653,
    "metadata" : [ ]
  }, {
    "asset" : {
      "assetID" : "3b91e9caba92f952f919deab6ed0233f0399c421"
    },
    "addedDate" : 1662584258626,
    "metadata" : [ ]
  }, {
    "asset" : {
      "assetID" : "27d0b7ed23575bea7c83f3bdcf8ec475123814a9"
    },
    "addedDate" : 1662584258633,
    "metadata" : [ ]
  }, {
    "asset" : {
      "assetID" : "b43ae9d02eb8852f7ef1664c82762e5e158f5f5e"
    },
    "addedDate" : 1662584258630,
    "metadata" : [ ]
  }, {
    "asset" : {
      "assetID" : "028bfa24a96b855b00fba86ec7ecd2fa2c5db0fc"
    },
    "addedDate" : 1662584258606,
    "metadata" : [ ]
  }, {
    "asset" : {
      "assetID" : "4a37656a75cd9f6f7abd242dd1ac3023f9ec163c"
    },
    "addedDate" : 1662584258640,
    "metadata" : [ ]
  }, {
    "asset" : {
      "assetID" : "cb47933cfe18b09e759570f993c42d2c40758f90"
    },
    "addedDate" : 1662584258613,
    "metadata" : [ ]
  } ],
  "fileName" : "4f3c6523e9d6403a9b04f8234c7b99c9.json",
  "name" : "Isaiah - Malachi",
  "english" : true,
  "publicTitle" : "Isaiah - Malachi",
  "collectionUri" : "isaiah-malachi-videos"
}