{
  "sourceCollectionId" : "9469dcd2e95b0f73fd237301b21fecbd372d2e60",
  "parentCollectionID" : "22e3232e384c8650311b2940336759a89b8d6f8b",
  "parentCollectionPath" : "Mobile Media Library",
  "collectionType" : "collections",
  "path" : "Mobile Media Library/Spanish - Images",
  "collectionID" : "4f8489a86d15b8824bef8775080622b95abaa78a",
  "language" : "spa",
  "type" : "DEFAULT",
  "lastUpdatedDate" : "2024-06-11T13:37:55.501-06:00",
  "links" : [ {
    "rel" : "details",
    "href" : "https://titanapi.churchofjesuschrist.org/assetsearch/api/v2/collection/details/collectionID/4f8489a86d15b8824bef8775080622b95abaa78a"
  } ],
  "coverImages" : [ {
    "asset" : {
      "assetID" : "9db55f13f0ceac75511bb2c179ec551d11305115"
    }
  } ],
  "related" : [ ],
  "metadata" : [ {
    "key" : "orderIndex",
    "value" : "11"
  }, {
    "key" : "collectionUri",
    "value" : "images",
    "language" : "spa"
  }, {
    "key" : "publicTitle",
    "value" : "Imágenes",
    "language" : "spa"
  } ],
  "children" : [ {
    "path" : "Mobile Media Library/Spanish - Images/Children and Youth",
    "collectionID" : "c649afdb777b4cfbaa636bb3b93da2b2",
    "type" : "DEFAULT",
    "lastUpdatedDate" : "2021-12-29T15:37:46.826-07:00",
    "links" : [ {
      "rel" : "details",
      "href" : "https://titanapi.churchofjesuschrist.org/assetsearch/api/v2/collection/details/collectionID/c649afdb777b4cfbaa636bb3b93da2b2"
    } ],
    "fileName" : "c649afdb777b4cfbaa636bb3b93da2b2.json"
  }, {
    "path" : "Mobile Media Library/Spanish - Images/Christmas",
    "collectionID" : "2a802d3fbcd8451b99d4f156fa4693ed",
    "type" : "DEFAULT",
    "lastUpdatedDate" : "2021-05-24T11:41:18.903-06:00",
    "links" : [ {
      "rel" : "details",
      "href" : "https://titanapi.churchofjesuschrist.org/assetsearch/api/v2/collection/details/collectionID/2a802d3fbcd8451b99d4f156fa4693ed"
    } ],
    "fileName" : "2a802d3fbcd8451b99d4f156fa4693ed.json"
  }, {
    "path" : "Mobile Media Library/Spanish - Images/Church Places",
    "collectionID" : "5e933b1e75ef4098beb8ac3b330bedf6",
    "type" : "DEFAULT",
    "lastUpdatedDate" : "2021-05-24T11:40:18.129-06:00",
    "links" : [ {
      "rel" : "details",
      "href" : "https://titanapi.churchofjesuschrist.org/assetsearch/api/v2/collection/details/collectionID/5e933b1e75ef4098beb8ac3b330bedf6"
    } ],
    "fileName" : "5e933b1e75ef4098beb8ac3b330bedf6.json"
  }, {
    "path" : "Mobile Media Library/Spanish - Images/Church Themes, Proclamations, and Symbols",
    "collectionID" : "7512cab096da47509177295e40ff530f",
    "type" : "DEFAULT",
    "lastUpdatedDate" : "2021-05-24T11:39:44.892-06:00",
    "links" : [ {
      "rel" : "details",
      "href" : "https://titanapi.churchofjesuschrist.org/assetsearch/api/v2/collection/details/collectionID/7512cab096da47509177295e40ff530f"
    } ],
    "fileName" : "7512cab096da47509177295e40ff530f.json"
  }, {
    "path" : "Mobile Media Library/Spanish - Images/Come, Follow Me: Learning and Teaching Resources",
    "collectionID" : "f6199e2d8a8a4bb694b8a7d74a628e6c",
    "type" : "DEFAULT",
    "lastUpdatedDate" : "2021-05-24T11:39:15.115-06:00",
    "links" : [ {
      "rel" : "details",
      "href" : "https://titanapi.churchofjesuschrist.org/assetsearch/api/v2/collection/details/collectionID/f6199e2d8a8a4bb694b8a7d74a628e6c"
    } ],
    "fileName" : "f6199e2d8a8a4bb694b8a7d74a628e6c.json"
  }, {
    "path" : "Mobile Media Library/Spanish - Images/Digital Pass-Along Cards",
    "collectionID" : "f9b35069f04d45cf8780e12acf2aa3c6",
    "type" : "DEFAULT",
    "lastUpdatedDate" : "2021-05-24T11:38:36.135-06:00",
    "links" : [ {
      "rel" : "details",
      "href" : "https://titanapi.churchofjesuschrist.org/assetsearch/api/v2/collection/details/collectionID/f9b35069f04d45cf8780e12acf2aa3c6"
    } ],
    "fileName" : "f9b35069f04d45cf8780e12acf2aa3c6.json"
  }, {
    "path" : "Mobile Media Library/Spanish - Images/Easter",
    "collectionID" : "bbb1f43b419f40a1836a93001f459cf1",
    "type" : "DEFAULT",
    "lastUpdatedDate" : "2021-05-24T11:38:01.981-06:00",
    "links" : [ {
      "rel" : "details",
      "href" : "https://titanapi.churchofjesuschrist.org/assetsearch/api/v2/collection/details/collectionID/bbb1f43b419f40a1836a93001f459cf1"
    } ],
    "fileName" : "bbb1f43b419f40a1836a93001f459cf1.json"
  }, {
    "path" : "Mobile Media Library/Spanish - Images/Gospel Art",
    "collectionID" : "b00a57cf48f24f5daafa0986a72178b8",
    "type" : "DEFAULT",
    "lastUpdatedDate" : "2021-05-24T11:36:58.212-06:00",
    "links" : [ {
      "rel" : "details",
      "href" : "https://titanapi.churchofjesuschrist.org/assetsearch/api/v2/collection/details/collectionID/b00a57cf48f24f5daafa0986a72178b8"
    } ],
    "fileName" : "b00a57cf48f24f5daafa0986a72178b8.json"
  }, {
    "path" : "Mobile Media Library/Spanish - Images/High Quality Images for Print",
    "collectionID" : "6ac8367b63e4487daefaf2a727cb9e42",
    "type" : "DEFAULT",
    "lastUpdatedDate" : "2021-05-24T11:36:32.335-06:00",
    "links" : [ {
      "rel" : "details",
      "href" : "https://titanapi.churchofjesuschrist.org/assetsearch/api/v2/collection/details/collectionID/6ac8367b63e4487daefaf2a727cb9e42"
    } ],
    "fileName" : "6ac8367b63e4487daefaf2a727cb9e42.json"
  }, {
    "path" : "Mobile Media Library/Spanish - Images/Infographics",
    "collectionID" : "330fd24d3df64763af787bd6fc59b5f5",
    "type" : "DEFAULT",
    "lastUpdatedDate" : "2021-05-24T11:36:04.692-06:00",
    "links" : [ {
      "rel" : "details",
      "href" : "https://titanapi.churchofjesuschrist.org/assetsearch/api/v2/collection/details/collectionID/330fd24d3df64763af787bd6fc59b5f5"
    } ],
    "fileName" : "330fd24d3df64763af787bd6fc59b5f5.json"
  }, {
    "path" : "Mobile Media Library/Spanish - Images/Jesus Christ",
    "collectionID" : "9be843cbaf8b4c8ebdde47bc38e6a254",
    "type" : "DEFAULT",
    "lastUpdatedDate" : "2021-05-24T11:03:11.597-06:00",
    "links" : [ {
      "rel" : "details",
      "href" : "https://titanapi.churchofjesuschrist.org/assetsearch/api/v2/collection/details/collectionID/9be843cbaf8b4c8ebdde47bc38e6a254"
    } ],
    "fileName" : "9be843cbaf8b4c8ebdde47bc38e6a254.json"
  }, {
    "path" : "Mobile Media Library/Spanish - Images/Living the Gospel",
    "collectionID" : "2fe8c61175d34e27922d347869d4a29b",
    "type" : "DEFAULT",
    "lastUpdatedDate" : "2021-05-24T11:02:36.300-06:00",
    "links" : [ {
      "rel" : "details",
      "href" : "https://titanapi.churchofjesuschrist.org/assetsearch/api/v2/collection/details/collectionID/2fe8c61175d34e27922d347869d4a29b"
    } ],
    "fileName" : "2fe8c61175d34e27922d347869d4a29b.json"
  }, {
    "path" : "Mobile Media Library/Spanish - Images/Relief Society",
    "collectionID" : "19a68e0f8e3d48a6807e1fee1f9cd29d",
    "type" : "DEFAULT",
    "lastUpdatedDate" : "2021-05-24T10:59:08.346-06:00",
    "links" : [ {
      "rel" : "details",
      "href" : "https://titanapi.churchofjesuschrist.org/assetsearch/api/v2/collection/details/collectionID/19a68e0f8e3d48a6807e1fee1f9cd29d"
    } ],
    "fileName" : "19a68e0f8e3d48a6807e1fee1f9cd29d.json"
  }, {
    "path" : "Mobile Media Library/Spanish - Images/Scriptures",
    "collectionID" : "447fcd4d86f64ec39db7b96667c935b3",
    "type" : "DEFAULT",
    "lastUpdatedDate" : "2021-05-24T10:58:39.234-06:00",
    "links" : [ {
      "rel" : "details",
      "href" : "https://titanapi.churchofjesuschrist.org/assetsearch/api/v2/collection/details/collectionID/447fcd4d86f64ec39db7b96667c935b3"
    } ],
    "fileName" : "447fcd4d86f64ec39db7b96667c935b3.json"
  }, {
    "path" : "Mobile Media Library/Spanish - Images/Seminary and Institute",
    "collectionID" : "114e9f39b301462cabe68997510a254b",
    "type" : "DEFAULT",
    "lastUpdatedDate" : "2021-05-24T10:58:12.432-06:00",
    "links" : [ {
      "rel" : "details",
      "href" : "https://titanapi.churchofjesuschrist.org/assetsearch/api/v2/collection/details/collectionID/114e9f39b301462cabe68997510a254b"
    } ],
    "fileName" : "114e9f39b301462cabe68997510a254b.json"
  }, {
    "path" : "Mobile Media Library/Spanish - Images/Temples",
    "collectionID" : "5e352978d03b4585806cd53d552626cc",
    "type" : "DEFAULT",
    "lastUpdatedDate" : "2021-05-24T10:57:35.081-06:00",
    "links" : [ {
      "rel" : "details",
      "href" : "https://titanapi.churchofjesuschrist.org/assetsearch/api/v2/collection/details/collectionID/5e352978d03b4585806cd53d552626cc"
    } ],
    "fileName" : "5e352978d03b4585806cd53d552626cc.json"
  }, {
    "path" : "Mobile Media Library/Spanish - Images/Things",
    "collectionID" : "e2677d89208f4b47a2fbfab736e345ee",
    "type" : "DEFAULT",
    "lastUpdatedDate" : "2021-12-29T15:25:01.461-07:00",
    "links" : [ {
      "rel" : "details",
      "href" : "https://titanapi.churchofjesuschrist.org/assetsearch/api/v2/collection/details/collectionID/e2677d89208f4b47a2fbfab736e345ee"
    } ],
    "fileName" : "e2677d89208f4b47a2fbfab736e345ee.json"
  }, {
    "path" : "Mobile Media Library/Spanish - Images/Inspirational Picture Quotes - SPA",
    "collectionID" : "c88d95c484e77b09223297bb2a02abcef8d27b57",
    "type" : "DEFAULT",
    "lastUpdatedDate" : "2021-05-24T11:35:27.939-06:00",
    "links" : [ {
      "rel" : "details",
      "href" : "https://titanapi.churchofjesuschrist.org/assetsearch/api/v2/collection/details/collectionID/c88d95c484e77b09223297bb2a02abcef8d27b57"
    } ],
    "fileName" : "c88d95c484e77b09223297bb2a02abcef8d27b57.json"
  }, {
    "path" : "Mobile Media Library/Spanish - Images/Bible Images-The Life of Jesus Christ - SPA",
    "collectionID" : "43f8e66413564b36b28b86aa8e17b17143293b41",
    "type" : "DEFAULT",
    "lastUpdatedDate" : "2024-03-15T14:37:14.546-06:00",
    "links" : [ {
      "rel" : "details",
      "href" : "https://titanapi.churchofjesuschrist.org/assetsearch/api/v2/collection/details/collectionID/43f8e66413564b36b28b86aa8e17b17143293b41"
    } ],
    "fileName" : "43f8e66413564b36b28b86aa8e17b17143293b41.json"
  }, {
    "path" : "Mobile Media Library/Spanish - Images/Book of Mormon Videos Images",
    "collectionID" : "37733b7572994c88936ab9679cf208c0",
    "type" : "DEFAULT",
    "lastUpdatedDate" : "2024-06-11T12:26:14.145-06:00",
    "links" : [ {
      "rel" : "details",
      "href" : "https://titanapi.churchofjesuschrist.org/assetsearch/api/v2/collection/details/collectionID/37733b7572994c88936ab9679cf208c0"
    } ],
    "fileName" : "37733b7572994c88936ab9679cf208c0.json"
  }, {
    "path" : "Mobile Media Library/Spanish - Images/Church Leaders",
    "collectionID" : "b59a7c271777432a91fe01dddf402564",
    "type" : "DEFAULT",
    "lastUpdatedDate" : "2021-12-15T11:21:09.617-07:00",
    "links" : [ {
      "rel" : "details",
      "href" : "https://titanapi.churchofjesuschrist.org/assetsearch/api/v2/collection/details/collectionID/b59a7c271777432a91fe01dddf402564"
    } ],
    "fileName" : "b59a7c271777432a91fe01dddf402564.json"
  }, {
    "path" : "Mobile Media Library/Spanish - Images/Everyday People",
    "collectionID" : "44f30974f48a4298808b11c550425b63",
    "type" : "DEFAULT",
    "lastUpdatedDate" : "2023-09-04T15:25:38.119-06:00",
    "links" : [ {
      "rel" : "details",
      "href" : "https://titanapi.churchofjesuschrist.org/assetsearch/api/v2/collection/details/collectionID/44f30974f48a4298808b11c550425b63"
    } ],
    "fileName" : "44f30974f48a4298808b11c550425b63.json"
  }, {
    "path" : "Mobile Media Library/Spanish - Images/Primary",
    "collectionID" : "feb2c9f287054e9b9fb4af76c57a8b39",
    "type" : "DEFAULT",
    "lastUpdatedDate" : "2021-05-24T10:59:44.742-06:00",
    "links" : [ {
      "rel" : "details",
      "href" : "https://titanapi.churchofjesuschrist.org/assetsearch/api/v2/collection/details/collectionID/feb2c9f287054e9b9fb4af76c57a8b39"
    } ],
    "fileName" : "feb2c9f287054e9b9fb4af76c57a8b39.json"
  } ],
  "assets" : [ ],
  "fileName" : "4f8489a86d15b8824bef8775080622b95abaa78a.json",
  "name" : "Spanish - Images",
  "english" : false,
  "publicTitle" : "Imágenes",
  "collectionUri" : "images"
}