{
  "parentCollectionID" : "ca03a6e7eb5d776516e6f7c03c726f8d6ddf6202",
  "parentCollectionPath" : "Mobile Media Library/English - Video/Life Help/Self-Reliance Services and PEF/My Job Search",
  "collectionType" : "assets",
  "path" : "Mobile Media Library/English - Video/Life Help/Self-Reliance Services and PEF/My Job Search/Chapter 3: How do I access the \"hidden\" job market?",
  "collectionID" : "4fcd68d099a3409b836ab31c6805e079fc6fdb0e",
  "language" : "eng",
  "type" : "DEFAULT",
  "lastUpdatedDate" : "2019-10-28T16:40:50.643-06:00",
  "links" : [ {
    "rel" : "details",
    "href" : "https://titanapi.churchofjesuschrist.org/assetsearch/api/v2/collection/details/collectionID/4fcd68d099a3409b836ab31c6805e079fc6fdb0e"
  } ],
  "coverImages" : [ {
    "asset" : {
      "assetID" : "f76e0c5a0a5f00729dec847fa8b977a38541a218"
    }
  } ],
  "related" : [ ],
  "metadata" : [ {
    "key" : "collectionUri",
    "value" : "chapter-3-how-do-i-access-the-hidden-job-market",
    "language" : "eng"
  }, {
    "key" : "publicTitle",
    "value" : "Chapter 3: How do I access the \"hidden\" job market?",
    "language" : "eng"
  } ],
  "children" : [ ],
  "assets" : [ {
    "asset" : {
      "assetID" : "255cec58170813e574bf9328e9e529e4308b77f7"
    },
    "addedDate" : 1479159111032,
    "metadata" : [ ]
  }, {
    "asset" : {
      "assetID" : "536a60516c8e945c3c284f095f3b7723ab708fee"
    },
    "addedDate" : 1479159051059,
    "metadata" : [ ]
  }, {
    "asset" : {
      "assetID" : "f82fc606dba86fbe272a5cbc75e8c0f6cb8659ed"
    },
    "addedDate" : 1479159267036,
    "metadata" : [ ]
  } ],
  "fileName" : "4fcd68d099a3409b836ab31c6805e079fc6fdb0e.json",
  "name" : "Chapter 3: How do I access the \"hidden\" job market?",
  "english" : true,
  "publicTitle" : "Chapter 3: How do I access the \"hidden\" job market?",
  "collectionUri" : "chapter-3-how-do-i-access-the-hidden-job-market"
}