{
  "parentCollectionID" : "d5e8644312c74774b43cca21ad6ca6a0",
  "parentCollectionPath" : "Mobile Media Library/English - Video/People/Latter-day Apostles",
  "collectionType" : "assets",
  "path" : "Mobile Media Library/English - Video/People/Latter-day Apostles/Dallin H. Oaks",
  "collectionID" : "4ff75b2d0d17c0e2ed42d66b1753b973ad319959",
  "language" : "eng",
  "type" : "DEFAULT",
  "lastUpdatedDate" : "2019-10-28T16:40:50.643-06:00",
  "links" : [ {
    "rel" : "details",
    "href" : "https://titanapi.churchofjesuschrist.org/assetsearch/api/v2/collection/details/collectionID/4ff75b2d0d17c0e2ed42d66b1753b973ad319959"
  } ],
  "coverImages" : [ {
    "asset" : {
      "assetID" : "d701f053d09da0d9f0b9adda7d9645a523874304"
    }
  } ],
  "related" : [ ],
  "metadata" : [ {
    "key" : "collectionUri",
    "value" : "dallin-h-oaks-video-collection",
    "language" : "eng"
  }, {
    "key" : "publicTitle",
    "value" : "Dallin H. Oaks",
    "language" : "eng"
  }, {
    "key" : "orderIndex",
    "value" : "5"
  } ],
  "children" : [ ],
  "assets" : [ {
    "asset" : {
      "assetID" : "15ea4770c703affc5bf741b3443b106b0ceabc84"
    },
    "index" : 7,
    "addedDate" : 1539894833208,
    "metadata" : [ ]
  }, {
    "asset" : {
      "assetID" : "1b225ab164a0c7a228a97644df9b14b035a3d2eb"
    },
    "index" : 33,
    "addedDate" : 1702327784011,
    "metadata" : [ ]
  }, {
    "asset" : {
      "assetID" : "1ecc015ded4547955642764397e19c505880e3b0"
    },
    "index" : 2,
    "addedDate" : 1539894733044,
    "metadata" : [ ]
  }, {
    "asset" : {
      "assetID" : "2a4cd6d2472002baa16972c0dbf38a577df1c051"
    },
    "index" : 17,
    "addedDate" : 1540480468243,
    "metadata" : [ ]
  }, {
    "asset" : {
      "assetID" : "3973e80d2ae51426a380986b3be2c6f697b9f37d"
    },
    "index" : 20,
    "addedDate" : 1540480541911,
    "metadata" : [ ]
  }, {
    "asset" : {
      "assetID" : "3a6b33f84c90408170a2adda2cb56cafb94c0a52"
    },
    "index" : 10,
    "addedDate" : 1539895067791,
    "metadata" : [ ]
  }, {
    "asset" : {
      "assetID" : "3bd8e38664039fd1acccf34ef6b967b2689d024d"
    },
    "index" : 9,
    "addedDate" : 1539895049064,
    "metadata" : [ ]
  }, {
    "asset" : {
      "assetID" : "4394fd004606990bf68bb1d068d304c683e8d022"
    },
    "index" : 18,
    "addedDate" : 1540480498644,
    "metadata" : [ ]
  }, {
    "asset" : {
      "assetID" : "c7b6c82eed77e67c045c621b37623663e103cdb3"
    },
    "index" : 25,
    "addedDate" : 1576803794428,
    "metadata" : [ ]
  }, {
    "asset" : {
      "assetID" : "5d0aceeea12e206239c7d6f0aaeccd3a6a71cd4c"
    },
    "index" : 11,
    "addedDate" : 1539895306440,
    "metadata" : [ ]
  }, {
    "asset" : {
      "assetID" : "2749c6f532d33cf5b7c8286fd333f9faabef9bb5"
    },
    "index" : 27,
    "addedDate" : 1579143884519,
    "metadata" : [ ]
  }, {
    "asset" : {
      "assetID" : "7b2dab4c142c8ea8b8d7c82bc319b8b81b38441f"
    },
    "index" : 19,
    "addedDate" : 1540480515257,
    "metadata" : [ ]
  }, {
    "asset" : {
      "assetID" : "88f16bd9d75c420131acc2aadfb0a88c9ba3bbdf"
    },
    "index" : 21,
    "addedDate" : 1540480560918,
    "metadata" : [ ]
  }, {
    "asset" : {
      "assetID" : "8955d433ccd0485b75277a41d3af3c93204c9016"
    },
    "index" : 4,
    "addedDate" : 1539894764094,
    "metadata" : [ ]
  }, {
    "asset" : {
      "assetID" : "f29d242c2d22bdc7349d769425affecb7871df30"
    },
    "index" : 24,
    "addedDate" : 1540480629624,
    "metadata" : [ ]
  }, {
    "asset" : {
      "assetID" : "163da28bf2c50dda48c4e7b129ea0ddfdc4b5678"
    },
    "index" : 26,
    "addedDate" : 1576805702866,
    "metadata" : [ ]
  }, {
    "asset" : {
      "assetID" : "a6d17623f1a706d403e9b0593c1d2a97e0bdf7f4"
    },
    "index" : 12,
    "addedDate" : 1539895544860,
    "metadata" : [ ]
  }, {
    "asset" : {
      "assetID" : "5a44ea22b5c78846ea7bcf3289822a161e10701d"
    },
    "index" : 15,
    "addedDate" : 1539895801342,
    "metadata" : [ ]
  }, {
    "asset" : {
      "assetID" : "b84e620394a828291e0a50d1d8c237ac5c9a0c50"
    },
    "index" : 14,
    "addedDate" : 1539895685306,
    "metadata" : [ ]
  }, {
    "asset" : {
      "assetID" : "b8572597630f290f390621e5c9dd26669302fe05"
    },
    "index" : 8,
    "addedDate" : 1539894989898,
    "metadata" : [ ]
  }, {
    "asset" : {
      "assetID" : "b92df9d01c3a827fd0711af474396d4a9fa60d02"
    },
    "index" : 23,
    "addedDate" : 1540480613093,
    "metadata" : [ ]
  }, {
    "asset" : {
      "assetID" : "c7511cd7588fcfd28e4642919858b670042c78ed"
    },
    "index" : 16,
    "addedDate" : 1540480422469,
    "metadata" : [ ]
  }, {
    "asset" : {
      "assetID" : "c80c1f0441d097347965f498a6a80ec217d5bbd3"
    },
    "index" : 5,
    "addedDate" : 1539894785191,
    "metadata" : [ ]
  }, {
    "asset" : {
      "assetID" : "c99bb4b91aecbbc9df3762c52ba6cfd65687941d"
    },
    "index" : 13,
    "addedDate" : 1539895564258,
    "metadata" : [ ]
  }, {
    "asset" : {
      "assetID" : "ca5f5ffe0923344a4960b1652f39567c73ef3cc3"
    },
    "index" : 3,
    "addedDate" : 1539894748114,
    "metadata" : [ ]
  }, {
    "asset" : {
      "assetID" : "f258e6f3eb3d60fda1f1dd2253da38100f71bd57"
    },
    "index" : 1,
    "addedDate" : 1539894685936,
    "metadata" : [ ]
  }, {
    "asset" : {
      "assetID" : "efe6c635399c71458060e3df3be7ad12921f725b"
    },
    "index" : 22,
    "addedDate" : 1540480580243,
    "metadata" : [ ]
  }, {
    "asset" : {
      "assetID" : "fa5b720089dcc691aec4610fcbbb2f284788e5c3"
    },
    "index" : 6,
    "addedDate" : 1539894813955,
    "metadata" : [ ]
  }, {
    "asset" : {
      "assetID" : "2dc9faf2cd0d0f6810b60adf0baedaa432601d2e"
    },
    "index" : 30,
    "addedDate" : 1632956830837,
    "metadata" : [ ]
  }, {
    "asset" : {
      "assetID" : "cb3cf535cfa72e906de43355064d42b70e19b4cb"
    },
    "index" : 28,
    "addedDate" : 1592376811953,
    "metadata" : [ ]
  }, {
    "asset" : {
      "assetID" : "c5149efe5cf91ad744b99c042f23c904afcb0f71"
    },
    "index" : 29,
    "addedDate" : 1595218257338,
    "metadata" : [ ]
  }, {
    "asset" : {
      "assetID" : "52bf4df63fea2769bd5e45c686717960c0a88cba"
    },
    "index" : 31,
    "addedDate" : 1632956842142,
    "metadata" : [ ]
  }, {
    "asset" : {
      "assetID" : "10AE38BBC21D699C3409D0B96518B086BBBBD123"
    },
    "index" : 0,
    "addedDate" : 1618492507997,
    "metadata" : [ ]
  } ],
  "fileName" : "4ff75b2d0d17c0e2ed42d66b1753b973ad319959.json",
  "name" : "Dallin H. Oaks",
  "english" : true,
  "publicTitle" : "Dallin H. Oaks",
  "collectionUri" : "dallin-h-oaks-video-collection"
}