{
  "parentCollectionID" : "8cfd45d9b1d9ecc1774e6b77f9ad83fd54dbc236",
  "parentCollectionPath" : "Mobile Media Library/English - Video/Church History/Prophets of the Restoration",
  "collectionType" : "assets",
  "path" : "Mobile Media Library/English - Video/Church History/Prophets of the Restoration/Gordon B. Hinckley-Prophets of the Restoration",
  "collectionID" : "506ae7e82ebc90469e1c48e87c72fb4c954357c8",
  "language" : "eng",
  "type" : "DEFAULT",
  "lastUpdatedDate" : "2019-10-28T16:40:50.643-06:00",
  "links" : [ {
    "rel" : "details",
    "href" : "https://titanapi.churchofjesuschrist.org/assetsearch/api/v2/collection/details/collectionID/506ae7e82ebc90469e1c48e87c72fb4c954357c8"
  } ],
  "coverImages" : [ {
    "asset" : {
      "assetID" : "ede56bbd3b9232544de6d5e69f7f7e8721aa99f3"
    }
  } ],
  "related" : [ ],
  "metadata" : [ {
    "key" : "collectionUri",
    "value" : "gordon-b-hinckley-prophets-of-the-restoration",
    "language" : "eng"
  }, {
    "key" : "publicTitle",
    "value" : "Gordon B. Hinckley—Prophets of the Restoration",
    "language" : "eng"
  } ],
  "children" : [ ],
  "assets" : [ {
    "asset" : {
      "assetID" : "75c307505ce383c5355246f2f6dfc9b593899bfc"
    },
    "addedDate" : 1478803019032,
    "metadata" : [ ]
  }, {
    "asset" : {
      "assetID" : "2e9d4b054fd80e7cc7a42630a6ec9bad6bdb9fd6"
    },
    "addedDate" : 1478803018078,
    "metadata" : [ ]
  }, {
    "asset" : {
      "assetID" : "c4d4f081d522c3238093cf1e413f0bf28c6b7038"
    },
    "addedDate" : 1478803021040,
    "metadata" : [ ]
  }, {
    "asset" : {
      "assetID" : "d963e66382a17449bb8a71dd239e94161a48efed"
    },
    "addedDate" : 1478803019083,
    "metadata" : [ ]
  }, {
    "asset" : {
      "assetID" : "4b5583378bf2732c9ad741d2645865e131946544"
    },
    "addedDate" : 1478803021091,
    "metadata" : [ ]
  }, {
    "asset" : {
      "assetID" : "e681993797ffd4ec50d6c9676b3308aa334c9219"
    },
    "addedDate" : 1478803023019,
    "metadata" : [ ]
  }, {
    "asset" : {
      "assetID" : "ce70e52b88789ad2eec55460b2bedd0115bc6139"
    },
    "addedDate" : 1478803020088,
    "metadata" : [ ]
  }, {
    "asset" : {
      "assetID" : "7cc7f3d67f182eac0efef3a35ce3e42b3425d49d"
    },
    "addedDate" : 1478803022044,
    "metadata" : [ ]
  }, {
    "asset" : {
      "assetID" : "532998e5024211881128afa786c50f80013d1ae9"
    },
    "addedDate" : 1478803017078,
    "metadata" : [ ]
  }, {
    "asset" : {
      "assetID" : "b44ef37a07b1569e531a5f1fd15895d5d810d463"
    },
    "addedDate" : 1478803020036,
    "metadata" : [ ]
  } ],
  "fileName" : "506ae7e82ebc90469e1c48e87c72fb4c954357c8.json",
  "name" : "Gordon B. Hinckley-Prophets of the Restoration",
  "english" : true,
  "publicTitle" : "Gordon B. Hinckley—Prophets of the Restoration",
  "collectionUri" : "gordon-b-hinckley-prophets-of-the-restoration"
}