{
  "parentCollectionID" : "e60f922e58584686ad44d42a17a6dd66",
  "parentCollectionPath" : "Mobile Media Library/English - Video/People/Latter-day General Authorities and Officers",
  "collectionType" : "assets",
  "path" : "Mobile Media Library/English - Video/People/Latter-day General Authorities and Officers/Julie B. Beck",
  "collectionID" : "5133180f5886ee2d55e79d26c808c21324496606",
  "language" : "eng",
  "type" : "DEFAULT",
  "lastUpdatedDate" : "2019-10-28T16:40:50.643-06:00",
  "links" : [ {
    "rel" : "details",
    "href" : "https://titanapi.churchofjesuschrist.org/assetsearch/api/v2/collection/details/collectionID/5133180f5886ee2d55e79d26c808c21324496606"
  } ],
  "coverImages" : [ {
    "asset" : {
      "assetID" : "205866d11dfe57a4e8567ab25b94fc20c553c4bc"
    }
  } ],
  "related" : [ ],
  "metadata" : [ {
    "key" : "collectionUri",
    "value" : "julie-b-beck",
    "language" : "eng"
  }, {
    "key" : "publicTitle",
    "value" : "Julie B. Beck",
    "language" : "eng"
  } ],
  "children" : [ ],
  "assets" : [ {
    "asset" : {
      "assetID" : "601224b1a7ab171e64394d40f6496a2a0e2127a8"
    },
    "addedDate" : 1540325237390,
    "metadata" : [ ]
  } ],
  "fileName" : "5133180f5886ee2d55e79d26c808c21324496606.json",
  "name" : "Julie B. Beck",
  "english" : true,
  "publicTitle" : "Julie B. Beck",
  "collectionUri" : "julie-b-beck"
}