{
  "parentCollectionID" : "60e2b92464e343075045aad1b78475060babe874",
  "parentCollectionPath" : "Mobile Media Library/English - Video/Callings and Trainings/Missionary",
  "collectionType" : "assets",
  "path" : "Mobile Media Library/English - Video/Callings and Trainings/Missionary/Missionary Broadcast",
  "collectionID" : "51e98566b70c433c7bbb0e9da7d957f8b48bf5ba",
  "language" : "eng",
  "type" : "DEFAULT",
  "lastUpdatedDate" : "2019-10-28T16:40:50.643-06:00",
  "links" : [ {
    "rel" : "details",
    "href" : "https://titanapi.churchofjesuschrist.org/assetsearch/api/v2/collection/details/collectionID/51e98566b70c433c7bbb0e9da7d957f8b48bf5ba"
  } ],
  "coverImages" : [ {
    "asset" : {
      "assetID" : "30da7d3dd714697496516913004fbdef417adfca"
    }
  } ],
  "related" : [ ],
  "metadata" : [ {
    "key" : "collectionUri",
    "value" : "missionary-broadcast",
    "language" : "eng"
  }, {
    "key" : "publicTitle",
    "value" : "Missionary Broadcast",
    "language" : "eng"
  } ],
  "children" : [ ],
  "assets" : [ {
    "asset" : {
      "assetID" : "jzo1au6zwdiqtc0f5jul57nbn44s1emstrddczrt"
    },
    "addedDate" : 1479229984053,
    "metadata" : [ ]
  }, {
    "asset" : {
      "assetID" : "qi9b255yxg0cw2whib67rmfht8c9iwjzbolplk5h"
    },
    "addedDate" : 1479229997036,
    "metadata" : [ ]
  }, {
    "asset" : {
      "assetID" : "jikldn1mazlq0kxm1afn9934rjj9nn12cm4itfbt"
    },
    "addedDate" : 1479229973045,
    "metadata" : [ ]
  }, {
    "asset" : {
      "assetID" : "uenz9i9oxx6acqlj2bt6qq0rid90m2pn6ek0x0bg"
    },
    "addedDate" : 1479230031091,
    "metadata" : [ ]
  }, {
    "asset" : {
      "assetID" : "46pvzbb8pclgjwx5pqjx4e1ufa97srfcp810i0au"
    },
    "addedDate" : 1479230055068,
    "metadata" : [ ]
  }, {
    "asset" : {
      "assetID" : "dl3f4cjjiaezb6001wjx02qfvx8rk0n0x39op030"
    },
    "addedDate" : 1479229993070,
    "metadata" : [ ]
  } ],
  "fileName" : "51e98566b70c433c7bbb0e9da7d957f8b48bf5ba.json",
  "name" : "Missionary Broadcast",
  "english" : true,
  "publicTitle" : "Missionary Broadcast",
  "collectionUri" : "missionary-broadcast"
}