{
  "parentCollectionID" : "bd59191796027fc53f46f5811862b4ff2baaa3b2",
  "parentCollectionPath" : "Mobile Media Library/English - Video/Topics",
  "collectionType" : "assets",
  "path" : "Mobile Media Library/English - Video/Topics/Adversity",
  "collectionID" : "525cac6a2797810874055b641bd09f4bb37206c7",
  "language" : "eng",
  "type" : "DEFAULT",
  "lastUpdatedDate" : "2022-03-31T11:50:29.585-06:00",
  "links" : [ {
    "rel" : "details",
    "href" : "https://titanapi.churchofjesuschrist.org/assetsearch/api/v2/collection/details/collectionID/525cac6a2797810874055b641bd09f4bb37206c7"
  } ],
  "coverImages" : [ {
    "asset" : {
      "assetID" : "478d09368014e9228af040bbb6b22590f8d50c68"
    }
  } ],
  "related" : [ ],
  "metadata" : [ {
    "key" : "channel",
    "value" : "mobile",
    "language" : "eng"
  }, {
    "key" : "description",
    "value" : "Contains personal stories of triumph over tragedy, strength through struggle, and weathering life’s storms while seeking comfort and connection with God and embracing gospel principles when trials confront.",
    "language" : "eng"
  }, {
    "key" : "collectionUri",
    "value" : "adversity-topic",
    "language" : "eng"
  }, {
    "key" : "publicTitle",
    "value" : "Adversity",
    "language" : "eng"
  }, {
    "key" : "orderIndex",
    "value" : "3"
  } ],
  "children" : [ ],
  "assets" : [ {
    "asset" : {
      "assetID" : "2caca2fa578b3b32b44629c42ff8380b4f9cb5c3"
    },
    "addedDate" : 1479335869087,
    "metadata" : [ ]
  }, {
    "asset" : {
      "assetID" : "9748d97255ff9e8b5e80a8e1f3b135663066c841"
    },
    "addedDate" : 1479335858087,
    "metadata" : [ ]
  }, {
    "asset" : {
      "assetID" : "586e0abeee8afac64304d09a039f87e1f19c6816"
    },
    "addedDate" : 1479335861086,
    "metadata" : [ ]
  }, {
    "asset" : {
      "assetID" : "1b453dfddd54a40e5b1d0ac49494af4d6151f6b8"
    },
    "addedDate" : 1479335866096,
    "metadata" : [ ]
  }, {
    "asset" : {
      "assetID" : "83ff43a1a07998d34f7ad8de95825f04ec957c94"
    },
    "addedDate" : 1479335869032,
    "metadata" : [ ]
  }, {
    "asset" : {
      "assetID" : "6da246e7f8ed8981f2225c31f46e000bcc71b5a1"
    },
    "addedDate" : 1479335864067,
    "metadata" : [ ]
  }, {
    "asset" : {
      "assetID" : "67f4224d79d9001b431276ca5c6a410a4f77ad4a"
    },
    "addedDate" : 1479335966015,
    "metadata" : [ ]
  }, {
    "asset" : {
      "assetID" : "b0e7b9eb3a190900bd7826bda361c8a83fc020f4"
    },
    "addedDate" : 1479335862081,
    "metadata" : [ ]
  }, {
    "asset" : {
      "assetID" : "fbcb2d0ac5b66056ace90b17bc660eafe2b38bfb"
    },
    "addedDate" : 1479335868072,
    "metadata" : [ ]
  }, {
    "asset" : {
      "assetID" : "801437eb63653b5be279c6dff2ab96b20521b27c"
    },
    "addedDate" : 1479335867054,
    "metadata" : [ ]
  }, {
    "asset" : {
      "assetID" : "3c124d43bd36af06f61291a2aa3c421f9b64e8d6"
    },
    "addedDate" : 1479335856043,
    "metadata" : [ ]
  }, {
    "asset" : {
      "assetID" : "11ce7ecddbb62683ebeb090036b9094935d7a2b4"
    },
    "addedDate" : 1479335863057,
    "metadata" : [ ]
  }, {
    "asset" : {
      "assetID" : "5f46193a216e5f39acbf11f7efe5721b6c7ded82"
    },
    "addedDate" : 1479335865023,
    "metadata" : [ ]
  }, {
    "asset" : {
      "assetID" : "e5669106e8b41e06974e8ec3c4a8d9d41ec5d341"
    },
    "addedDate" : 1592433100950,
    "metadata" : [ ]
  }, {
    "asset" : {
      "assetID" : "1f8667e5739e4e8dead0006f11f4dc11747111c0"
    },
    "addedDate" : 1592433100308,
    "metadata" : [ ]
  }, {
    "asset" : {
      "assetID" : "728738358d226b7e42787b56aa608437e358dc36"
    },
    "addedDate" : 1632956850457,
    "metadata" : [ ]
  }, {
    "asset" : {
      "assetID" : "c460b9c4434020547f4e8c7b1775525bf715a0cb"
    },
    "addedDate" : 1592433100011,
    "metadata" : [ ]
  }, {
    "asset" : {
      "assetID" : "b92d8cb26a1c7db6d23528e6f379cad4d12a9871"
    },
    "addedDate" : 1592433100590,
    "metadata" : [ ]
  }, {
    "asset" : {
      "assetID" : "77a5b6893364b87b51e526dd9b395e3736b0d76c"
    },
    "addedDate" : 1659059458963,
    "metadata" : [ ]
  }, {
    "asset" : {
      "assetID" : "86f6360db8bb9084dc32080c4a606aa29a0a7bf1"
    },
    "addedDate" : 1592433100293,
    "metadata" : [ ]
  }, {
    "asset" : {
      "assetID" : "9f12f59e6cd57910da9fa2083180a3334a32be4a"
    },
    "addedDate" : 1592952636017,
    "metadata" : [ ]
  }, {
    "asset" : {
      "assetID" : "2f5839f4401156df5f7fb08d0dcea9dcd0899082"
    },
    "addedDate" : 1592952636111,
    "metadata" : [ ]
  }, {
    "asset" : {
      "assetID" : "138141bac990b765ffdda68096de544ba4af9445"
    },
    "addedDate" : 1595218246519,
    "metadata" : [ ]
  } ],
  "fileName" : "525cac6a2797810874055b641bd09f4bb37206c7.json",
  "name" : "Adversity",
  "english" : true,
  "publicTitle" : "Adversity",
  "description" : "Contains personal stories of triumph over tragedy, strength through struggle, and weathering life’s storms while seeking comfort and connection with God and embracing gospel principles when trials confront.",
  "collectionUri" : "adversity-topic"
}