{
  "parentCollectionID" : "e30025804dc7443989067c1b234da192",
  "parentCollectionPath" : "Mobile Media Library/English - Video/Broadcasts/Teaching Religion to Youth and Young Adults",
  "collectionType" : "assets",
  "path" : "Mobile Media Library/English - Video/Broadcasts/Teaching Religion to Youth and Young Adults/2015–An Evening with Elder Jeffrey R. Holland",
  "collectionID" : "53181ec26cc942faab4a9c62bb9f0e25",
  "language" : "eng",
  "type" : "DEFAULT",
  "lastUpdatedDate" : "2023-06-16T16:40:49.398-06:00",
  "links" : [ {
    "rel" : "details",
    "href" : "https://titanapi.churchofjesuschrist.org/assetsearch/api/v2/collection/details/collectionID/53181ec26cc942faab4a9c62bb9f0e25"
  } ],
  "coverImages" : [ {
    "asset" : {
      "assetID" : "b1fc424599aa4c5247cee60be11392ea4ce6f703"
    }
  } ],
  "related" : [ ],
  "metadata" : [ {
    "key" : "orderIndex",
    "value" : "9"
  }, {
    "key" : "collectionUri",
    "value" : "evening-with-a-general-authority-2015",
    "language" : "eng"
  }, {
    "key" : "publicTitle",
    "value" : "2015–An Evening with Elder Jeffrey R. Holland",
    "language" : "eng"
  } ],
  "children" : [ ],
  "assets" : [ {
    "asset" : {
      "assetID" : "n70bjt2eg6jeq9s4hmdztcf19swhs4g8xh7dsem4"
    },
    "index" : 0,
    "addedDate" : 1686953296529,
    "metadata" : [ ]
  }, {
    "asset" : {
      "assetID" : "fjgcxvux77sdunjwyfwlzae4g2ar1q6hu0u15tcp"
    },
    "index" : 1,
    "addedDate" : 1686953311019,
    "metadata" : [ ]
  } ],
  "fileName" : "53181ec26cc942faab4a9c62bb9f0e25.json",
  "name" : "2015–An Evening with Elder Jeffrey R. Holland",
  "english" : true,
  "publicTitle" : "2015–An Evening with Elder Jeffrey R. Holland",
  "collectionUri" : "evening-with-a-general-authority-2015"
}