{
  "parentCollectionID" : "aaaa6e4cc365ed3bceffb8530ff25a2102fa8578",
  "parentCollectionPath" : "Mobile Media Library/English - Video/Life Help/Self-Reliance Services and PEF/Starting and Growing My Business (US and Canada Only)",
  "collectionType" : "assets",
  "path" : "Mobile Media Library/English - Video/Life Help/Self-Reliance Services and PEF/Starting and Growing My Business (US and Canada Only)/Chapter 3: Ensuring That I Have a Profitable Business",
  "collectionID" : "5345a05ad2c57298284960844502bb4a7f78df0e",
  "language" : "eng",
  "type" : "DEFAULT",
  "lastUpdatedDate" : "2019-10-28T16:40:50.643-06:00",
  "links" : [ {
    "rel" : "details",
    "href" : "https://titanapi.churchofjesuschrist.org/assetsearch/api/v2/collection/details/collectionID/5345a05ad2c57298284960844502bb4a7f78df0e"
  } ],
  "coverImages" : [ {
    "asset" : {
      "assetID" : "1ef8195ebfcbdbbcfc0c3b11eba4829980403699"
    }
  } ],
  "related" : [ ],
  "metadata" : [ {
    "key" : "collectionUri",
    "value" : "chapter-3-ensuring-that-i-have-a-profitable-business",
    "language" : "eng"
  }, {
    "key" : "publicTitle",
    "value" : "Chapter 3: Ensuring That I Have a Profitable Business",
    "language" : "eng"
  } ],
  "children" : [ ],
  "assets" : [ {
    "asset" : {
      "assetID" : "1d8972917bf7ab04f442e845ec97d3ff6a151bc9"
    },
    "addedDate" : 1590012895168,
    "metadata" : [ ]
  } ],
  "fileName" : "5345a05ad2c57298284960844502bb4a7f78df0e.json",
  "name" : "Chapter 3: Ensuring That I Have a Profitable Business",
  "english" : true,
  "publicTitle" : "Chapter 3: Ensuring That I Have a Profitable Business",
  "collectionUri" : "chapter-3-ensuring-that-i-have-a-profitable-business"
}