{
  "parentCollectionID" : "7415b72b4f0d454a96ed4ccda89194b8",
  "parentCollectionPath" : "Mobile Media Library/English - Video/Scriptural Reenactments and Teachings/Bible Videos - The Life of Jesus Christ",
  "collectionType" : "assets",
  "path" : "Mobile Media Library/English - Video/Scriptural Reenactments and Teachings/Bible Videos - The Life of Jesus Christ/Children’s Bible Videos",
  "collectionID" : "537ae9ab6431453db7a4aa50919665a9",
  "language" : "eng",
  "type" : "DEFAULT",
  "lastUpdatedDate" : "2022-09-07T13:06:11.792-06:00",
  "links" : [ {
    "rel" : "details",
    "href" : "https://titanapi.churchofjesuschrist.org/assetsearch/api/v2/collection/details/collectionID/537ae9ab6431453db7a4aa50919665a9"
  } ],
  "coverImages" : [ {
    "asset" : {
      "assetID" : "9e0bcae472dc53f56186832c9a403baed7fe223b"
    }
  } ],
  "related" : [ ],
  "metadata" : [ {
    "key" : "orderIndex",
    "value" : "6"
  }, {
    "key" : "channel",
    "value" : "mobile",
    "language" : "eng"
  }, {
    "key" : "collectionUri",
    "value" : "scriptures-childrens-bible-videos",
    "language" : "eng"
  }, {
    "key" : "publicTitle",
    "value" : "Children’s Bible Videos",
    "language" : "eng"
  } ],
  "children" : [ ],
  "assets" : [ {
    "asset" : {
      "assetID" : "a1416210eb8b2148615e8f30bc8a4d8a0e9948b8"
    },
    "addedDate" : 1662577192270,
    "metadata" : [ ]
  }, {
    "asset" : {
      "assetID" : "9ccfb3c8ef7fea7a770436bbd7e7e0573c307f97"
    },
    "addedDate" : 1662577192266,
    "metadata" : [ ]
  }, {
    "asset" : {
      "assetID" : "504ab2b447a13c9f726ec386b5b8147aa54d945f"
    },
    "addedDate" : 1662577192263,
    "metadata" : [ ]
  }, {
    "asset" : {
      "assetID" : "cc402e11bb3f0942af325ea0e1923fac0f62a199"
    },
    "addedDate" : 1662577192270,
    "metadata" : [ ]
  }, {
    "asset" : {
      "assetID" : "19a74f5dff7ab6fc4b9f58a3cb9a9f5fcd16ea03"
    },
    "addedDate" : 1662577192266,
    "metadata" : [ ]
  }, {
    "asset" : {
      "assetID" : "7999d47e4540389fa98de9a637f13054644b97bb"
    },
    "addedDate" : 1662577192263,
    "metadata" : [ ]
  }, {
    "asset" : {
      "assetID" : "61d361be2b90519faf883d5efd79d1335f576023"
    },
    "addedDate" : 1662577192260,
    "metadata" : [ ]
  }, {
    "asset" : {
      "assetID" : "eee915b0fbb232d0771400308c9b42ef6094785e"
    },
    "addedDate" : 1662577192276,
    "metadata" : [ ]
  }, {
    "asset" : {
      "assetID" : "e6f1c213cc65e1616f5afe8fb563fb10c6e5836a"
    },
    "addedDate" : 1662577192273,
    "metadata" : [ ]
  }, {
    "asset" : {
      "assetID" : "381f78232763127de1527ccfc4a7ab4d28a78b9a"
    },
    "addedDate" : 1662577192276,
    "metadata" : [ ]
  } ],
  "fileName" : "537ae9ab6431453db7a4aa50919665a9.json",
  "name" : "Children’s Bible Videos",
  "english" : true,
  "publicTitle" : "Children’s Bible Videos",
  "collectionUri" : "scriptures-childrens-bible-videos"
}