{
  "parentCollectionID" : "e60f922e58584686ad44d42a17a6dd66",
  "parentCollectionPath" : "Mobile Media Library/English - Video/People/Latter-day General Authorities and Officers",
  "collectionType" : "assets",
  "path" : "Mobile Media Library/English - Video/People/Latter-day General Authorities and Officers/Keith B. McMullin",
  "collectionID" : "53ab83a7d314d4be5ea47b72ff75f72a6bf85d35",
  "language" : "eng",
  "type" : "DEFAULT",
  "lastUpdatedDate" : "2019-10-28T16:40:50.643-06:00",
  "links" : [ {
    "rel" : "details",
    "href" : "https://titanapi.churchofjesuschrist.org/assetsearch/api/v2/collection/details/collectionID/53ab83a7d314d4be5ea47b72ff75f72a6bf85d35"
  } ],
  "coverImages" : [ {
    "asset" : {
      "assetID" : "0861a49f2fb12063dbf4916d4af41ecf898ce86f"
    }
  } ],
  "related" : [ ],
  "metadata" : [ {
    "key" : "collectionUri",
    "value" : "keith-b-mcmullin",
    "language" : "eng"
  }, {
    "key" : "publicTitle",
    "value" : "Keith B. McMullin",
    "language" : "eng"
  } ],
  "children" : [ ],
  "assets" : [ {
    "asset" : {
      "assetID" : "37f6805e0bb279bdbec5b9ec6e6eff9e812be4d7"
    },
    "addedDate" : 1579244288615,
    "metadata" : [ ]
  } ],
  "fileName" : "53ab83a7d314d4be5ea47b72ff75f72a6bf85d35.json",
  "name" : "Keith B. McMullin",
  "english" : true,
  "publicTitle" : "Keith B. McMullin",
  "collectionUri" : "keith-b-mcmullin"
}