{
  "parentCollectionID" : "c0c5f76ced4d61d23a94b69f136869f2ca41991a",
  "parentCollectionPath" : "Mobile Media Library/English - Video/Life Help/Self-Reliance Services and PEF/Self-Reliance: My Foundation",
  "collectionType" : "assets",
  "path" : "Mobile Media Library/English - Video/Life Help/Self-Reliance Services and PEF/Self-Reliance: My Foundation/Principle 05: Work: Take Responsibility",
  "collectionID" : "53c2cc3d7710bd1ab02d34147fb788fec2c38018",
  "language" : "eng",
  "type" : "DEFAULT",
  "lastUpdatedDate" : "2019-10-28T16:40:50.643-06:00",
  "links" : [ {
    "rel" : "details",
    "href" : "https://titanapi.churchofjesuschrist.org/assetsearch/api/v2/collection/details/collectionID/53c2cc3d7710bd1ab02d34147fb788fec2c38018"
  } ],
  "coverImages" : [ {
    "asset" : {
      "assetID" : "f48dd935f7ca051edbecc0b8ad11b5b557c25ab6"
    }
  } ],
  "related" : [ ],
  "metadata" : [ {
    "key" : "collectionUri",
    "value" : "principle-5-work-take-responsibility",
    "language" : "eng"
  }, {
    "key" : "publicTitle",
    "value" : "Principle 05: Work: Take Responsibility",
    "language" : "eng"
  } ],
  "children" : [ ],
  "assets" : [ {
    "asset" : {
      "assetID" : "7db07fe09456ddee95e5586b36dd33dd2f6b33f9"
    },
    "addedDate" : 1478719480072,
    "metadata" : [ ]
  } ],
  "fileName" : "53c2cc3d7710bd1ab02d34147fb788fec2c38018.json",
  "name" : "Principle 05: Work: Take Responsibility",
  "english" : true,
  "publicTitle" : "Principle 05: Work: Take Responsibility",
  "collectionUri" : "principle-5-work-take-responsibility"
}