{
  "parentCollectionID" : "375eec1a990147dc8a60062511cb8b44",
  "parentCollectionPath" : "Mobile Media Library/English - Video/Teaching and Lessons/Come, Follow Me/2025 Doctrine and Covenants Resources",
  "collectionType" : "assets",
  "path" : "Mobile Media Library/English - Video/Teaching and Lessons/Come, Follow Me/2025 Doctrine and Covenants Resources/June",
  "collectionID" : "557b433271464b93a039bddc9bec4db3",
  "language" : "eng",
  "type" : "DEFAULT",
  "lastUpdatedDate" : "2025-01-07T12:34:13.508-07:00",
  "links" : [ {
    "rel" : "details",
    "href" : "https://titanapi.churchofjesuschrist.org/assetsearch/api/v2/collection/details/collectionID/557b433271464b93a039bddc9bec4db3"
  } ],
  "coverImages" : [ {
    "asset" : {
      "assetID" : "3edc60d9243454ca21ed3e478c14bfb584a2afbc"
    }
  } ],
  "related" : [ ],
  "metadata" : [ {
    "key" : "channel",
    "value" : "mobile",
    "language" : "eng"
  }, {
    "key" : "orderIndex",
    "value" : "6"
  }, {
    "key" : "collectionUri",
    "value" : "2025-doctrine-and-covenants-resources-june",
    "language" : "eng"
  }, {
    "key" : "publicTitle",
    "value" : "June",
    "language" : "eng"
  } ],
  "children" : [ ],
  "assets" : [ {
    "asset" : {
      "assetID" : "127c8a0557d6a75c8ad76c2fc8d75fabbff08934"
    },
    "index" : 2,
    "addedDate" : 1735269800926,
    "metadata" : [ ]
  }, {
    "asset" : {
      "assetID" : "d3b9aa5c2985dd4eda9fdfcb0c6f3346f045d554"
    },
    "index" : 3,
    "addedDate" : 1735269807804,
    "metadata" : [ ]
  }, {
    "asset" : {
      "assetID" : "85ac87971f93203d13b222010a05ddc6ef64c0a2"
    },
    "index" : 1,
    "addedDate" : 1735269794004,
    "metadata" : [ ]
  }, {
    "asset" : {
      "assetID" : "5da56e80367d11ec8868eeeeac1e3d3886e5c0a7"
    },
    "index" : 0,
    "addedDate" : 1735269787417,
    "metadata" : [ ]
  }, {
    "asset" : {
      "assetID" : "5eefefb6367d11ecbc25eeeeac1e29620bff675c"
    },
    "index" : 4,
    "addedDate" : 1735269819360,
    "metadata" : [ ]
  }, {
    "asset" : {
      "assetID" : "5f0d89cd367d11ec8ef9eeeeac1e99aa71ce535e"
    },
    "index" : 5,
    "addedDate" : 1735269837532,
    "metadata" : [ ]
  } ],
  "fileName" : "557b433271464b93a039bddc9bec4db3.json",
  "name" : "June",
  "english" : true,
  "publicTitle" : "June",
  "collectionUri" : "2025-doctrine-and-covenants-resources-june"
}