{
  "parentCollectionID" : "bd59191796027fc53f46f5811862b4ff2baaa3b2",
  "parentCollectionPath" : "Mobile Media Library/English - Video/Topics",
  "collectionType" : "assets",
  "path" : "Mobile Media Library/English - Video/Topics/Succession of Prophets and Apostles",
  "collectionID" : "55c1c39d75704352ab14c6100a31a655",
  "language" : "eng",
  "type" : "DEFAULT",
  "lastUpdatedDate" : "2020-09-20T12:00:31.075-06:00",
  "links" : [ {
    "rel" : "details",
    "href" : "https://titanapi.churchofjesuschrist.org/assetsearch/api/v2/collection/details/collectionID/55c1c39d75704352ab14c6100a31a655"
  } ],
  "coverImages" : [ {
    "asset" : {
      "assetID" : "3c320ec2c36be65b51297dabf86dad98f6ecfa99"
    }
  } ],
  "related" : [ ],
  "metadata" : [ {
    "key" : "description",
    "value" : "Leaders accept the call to serve in the Lord’s modern Church as Jesus’s chose and ordained His disciples. Elder Bednar, Elder Holland, and others speak of the lifelong nature of an Apostolic call to the Quorum of The Twelve and its scriptural origins.",
    "language" : "eng"
  }, {
    "key" : "collectionUri",
    "value" : "succession-of-prophets-and-apostles-topic",
    "language" : "eng"
  }, {
    "key" : "publicTitle",
    "value" : "Succession of Prophets and Apostles",
    "language" : "eng"
  }, {
    "key" : "orderIndex",
    "value" : "95"
  } ],
  "children" : [ ],
  "assets" : [ {
    "asset" : {
      "assetID" : "273712ecd6c959441b981996561c9b26270404b0"
    },
    "addedDate" : 1577244236576,
    "metadata" : [ ]
  }, {
    "asset" : {
      "assetID" : "a7890affa4f5f87f7e3d513c0101679b2cc1bfcb"
    },
    "addedDate" : 1577244282052,
    "metadata" : [ ]
  }, {
    "asset" : {
      "assetID" : "041fb309556f80ecb84d8e3a0f13367ec90f6a3d"
    },
    "addedDate" : 1577244098698,
    "metadata" : [ ]
  }, {
    "asset" : {
      "assetID" : "7559add33341f3f16c482cba460a7d875f5a1c67"
    },
    "addedDate" : 1583409921633,
    "metadata" : [ ]
  }, {
    "asset" : {
      "assetID" : "e74f27614c31f1e9ccd748a2d65f4dff72cf0f0e"
    },
    "addedDate" : 1577244028072,
    "metadata" : [ ]
  }, {
    "asset" : {
      "assetID" : "c65427d4ad5440efb3db495a1daf170197ac1847"
    },
    "addedDate" : 1583410275950,
    "metadata" : [ ]
  }, {
    "asset" : {
      "assetID" : "b3b75458d43a11eb846deeeeac1ebbdb9b22ad8d"
    },
    "addedDate" : 1632956867600,
    "metadata" : [ ]
  }, {
    "asset" : {
      "assetID" : "dc6c8553366d11eca4deeeeeac1e54b677bf3c50"
    },
    "addedDate" : 1664388060654,
    "metadata" : [ ]
  } ],
  "fileName" : "55c1c39d75704352ab14c6100a31a655.json",
  "name" : "Succession of Prophets and Apostles",
  "english" : true,
  "publicTitle" : "Succession of Prophets and Apostles",
  "description" : "Leaders accept the call to serve in the Lord’s modern Church as Jesus’s chose and ordained His disciples. Elder Bednar, Elder Holland, and others speak of the lifelong nature of an Apostolic call to the Quorum of The Twelve and its scriptural origins.",
  "collectionUri" : "succession-of-prophets-and-apostles-topic"
}