{
  "parentCollectionID" : "d2d2da1cddab5d737c0a09954f14f1930caca4b5",
  "parentCollectionPath" : "Mobile Media Library/English - Video/Life Help/Addressing Pornography/Parents-Addressing Pornography",
  "collectionType" : "assets",
  "path" : "Mobile Media Library/English - Video/Life Help/Addressing Pornography/Parents-Addressing Pornography/Respond with Love",
  "collectionID" : "55e3f238b8de7661ffdd738cda0ce4d46685d6df",
  "language" : "eng",
  "type" : "DEFAULT",
  "lastUpdatedDate" : "2020-12-07T10:29:16.210-07:00",
  "links" : [ {
    "rel" : "details",
    "href" : "https://titanapi.churchofjesuschrist.org/assetsearch/api/v2/collection/details/collectionID/55e3f238b8de7661ffdd738cda0ce4d46685d6df"
  } ],
  "coverImages" : [ {
    "asset" : {
      "assetID" : "383cfa41145c53d6b1884b3a6899cdb139c962e8"
    }
  } ],
  "related" : [ ],
  "metadata" : [ {
    "key" : "collectionUri",
    "value" : "respond-with-love",
    "language" : "eng"
  }, {
    "key" : "publicTitle",
    "value" : "Respond with Love",
    "language" : "eng"
  } ],
  "children" : [ ],
  "assets" : [ {
    "asset" : {
      "assetID" : "1f56cc1ebb0a0121346a149bc6673a23793895fd"
    },
    "index" : 2,
    "addedDate" : 1539205828467,
    "metadata" : [ ]
  }, {
    "asset" : {
      "assetID" : "4fe2cd6fd8bee1479cb7739214d72b8c87f1c4bd"
    },
    "index" : 1,
    "addedDate" : 1539205495338,
    "metadata" : [ ]
  }, {
    "asset" : {
      "assetID" : "888471c009f04054f6df27a4382ea75c5d8d49e6"
    },
    "index" : 4,
    "addedDate" : 1539205512607,
    "metadata" : [ ]
  }, {
    "asset" : {
      "assetID" : "ba4f5f9c4cb9e33e4fd5b134a92f3ef91664598d"
    },
    "index" : 3,
    "addedDate" : 1539205784638,
    "metadata" : [ ]
  }, {
    "asset" : {
      "assetID" : "ce7b346462bba0ca6725c74ea7827b6b80cd1b6f"
    },
    "index" : 0,
    "addedDate" : 1539205841512,
    "metadata" : [ ]
  }, {
    "asset" : {
      "assetID" : "c29257064263d64d7655eb9a1e057c0d902df712"
    },
    "index" : 5,
    "addedDate" : 1539205767368,
    "metadata" : [ ]
  } ],
  "fileName" : "55e3f238b8de7661ffdd738cda0ce4d46685d6df.json",
  "name" : "Respond with Love",
  "english" : true,
  "publicTitle" : "Respond with Love",
  "collectionUri" : "respond-with-love"
}