{
  "parentCollectionID" : "b91d19b3a88f45129e9ec20d8c175bfa",
  "parentCollectionPath" : "Mobile Media Library/English - Video/Scriptural Reenactments and Teachings/Book of Mormon Videos",
  "collectionType" : "assets",
  "path" : "Mobile Media Library/English - Video/Scriptural Reenactments and Teachings/Book of Mormon Videos/3 Nephi 17",
  "collectionID" : "562c65a6c3e44272bc4f972fe3344f81",
  "language" : "eng",
  "type" : "DEFAULT",
  "lastUpdatedDate" : "2023-12-15T16:03:17.781-07:00",
  "links" : [ {
    "rel" : "details",
    "href" : "https://titanapi.churchofjesuschrist.org/assetsearch/api/v2/collection/details/collectionID/562c65a6c3e44272bc4f972fe3344f81"
  } ],
  "coverImages" : [ {
    "asset" : {
      "assetID" : "6bbe153bf72611ec856eeeeeac1ec070f39b32d3"
    }
  } ],
  "related" : [ ],
  "metadata" : [ {
    "key" : "orderIndex",
    "value" : "41"
  }, {
    "key" : "channel",
    "value" : "mobile",
    "language" : "eng"
  }, {
    "key" : "collectionUri",
    "value" : "3-nephi-17",
    "language" : "eng"
  }, {
    "key" : "publicTitle",
    "value" : "3 Nephi 17",
    "language" : "eng"
  } ],
  "children" : [ ],
  "assets" : [ {
    "asset" : {
      "assetID" : "2125b7d2093511edb917eeeeac1ebcfbf41456e4"
    },
    "index" : 0,
    "addedDate" : 1664490030688,
    "metadata" : [ ]
  }, {
    "asset" : {
      "assetID" : "9f850eee0eaa11ed80e1eeeeac1e11b622853dd1"
    },
    "index" : 2,
    "addedDate" : 1664490115885,
    "metadata" : [ ]
  }, {
    "asset" : {
      "assetID" : "a0e0592a0eaa11edabb2eeeeac1e6b7c06e3fd6d"
    },
    "index" : 1,
    "addedDate" : 1664490049999,
    "metadata" : [ ]
  } ],
  "fileName" : "562c65a6c3e44272bc4f972fe3344f81.json",
  "name" : "3 Nephi 17",
  "english" : true,
  "publicTitle" : "3 Nephi 17",
  "collectionUri" : "3-nephi-17"
}