{
  "parentCollectionID" : "18d6cbd720a17cdd47c2b4f1a8846c098ba9a1fc",
  "parentCollectionPath" : "Mobile Media Library/English - Video/Broadcasts/Youth Events",
  "collectionType" : "assets",
  "path" : "Mobile Media Library/English - Video/Broadcasts/Youth Events/Face to Face with Elder and Sister Bednar",
  "collectionID" : "5830b300d242447a9acad91785745bed",
  "language" : "eng",
  "type" : "DEFAULT",
  "lastUpdatedDate" : "2020-07-08T21:13:26.815-06:00",
  "links" : [ {
    "rel" : "details",
    "href" : "https://titanapi.churchofjesuschrist.org/assetsearch/api/v2/collection/details/collectionID/5830b300d242447a9acad91785745bed"
  } ],
  "coverImages" : [ {
    "asset" : {
      "assetID" : "3a817a23f712e7e5db075517d7de780a5f5ca9fd"
    }
  } ],
  "related" : [ ],
  "metadata" : [ {
    "key" : "orderIndex",
    "value" : "19"
  }, {
    "key" : "collectionUri",
    "value" : "face-to-face-elder-bednar-sister-bednar",
    "language" : "eng"
  }, {
    "key" : "publicTitle",
    "value" : "Face to Face with Elder and Sister Bednar",
    "language" : "eng"
  } ],
  "children" : [ ],
  "assets" : [ {
    "asset" : {
      "assetID" : "9def9b4ab83910f6353269518ae5a5500bb2bc09"
    },
    "index" : 1,
    "addedDate" : 1590121793737,
    "metadata" : [ ]
  }, {
    "asset" : {
      "assetID" : "6eac97dff649cecde876d6547ea1bc94ba6469e3"
    },
    "index" : 0,
    "addedDate" : 1590120320033,
    "metadata" : [ ]
  }, {
    "asset" : {
      "assetID" : "68a5e35d013d9bda04d2af4e376de9cfe42bba99"
    },
    "index" : 10,
    "addedDate" : 1594419583839,
    "metadata" : [ ]
  }, {
    "asset" : {
      "assetID" : "93954f68fe2f04b9c8cfc94b6b5b6a90fdade43f"
    },
    "index" : 4,
    "addedDate" : 1592433100605,
    "metadata" : [ ]
  }, {
    "asset" : {
      "assetID" : "4f8b05628b6fe263e87580964e68305d18f9e944"
    },
    "index" : 8,
    "addedDate" : 1592433100887,
    "metadata" : [ ]
  }, {
    "asset" : {
      "assetID" : "2a7b68ca5a7afd309b4360217edf20572e3d929f"
    },
    "index" : 10,
    "addedDate" : 1594413133730,
    "metadata" : [ ]
  }, {
    "asset" : {
      "assetID" : "21f01ea8e64c78222a29e26c3bdb310f17549711"
    },
    "index" : 6,
    "addedDate" : 1592433101247,
    "metadata" : [ ]
  }, {
    "asset" : {
      "assetID" : "aea50059dbb59afebb05cbdba4173bac9af259d6"
    },
    "index" : 7,
    "addedDate" : 1592433101012,
    "metadata" : [ ]
  }, {
    "asset" : {
      "assetID" : "0461cc5ff8d87489e89366ee298110a0c05974a6"
    },
    "index" : 5,
    "addedDate" : 1592433100621,
    "metadata" : [ ]
  }, {
    "asset" : {
      "assetID" : "5a5686ce4f84649c051eea16c9c1e4ce3478b62a"
    },
    "index" : 9,
    "addedDate" : 1592433100887,
    "metadata" : [ ]
  }, {
    "asset" : {
      "assetID" : "a7bf1f6ab8e54bb88a2752d43403732121a74b8a"
    },
    "index" : 2,
    "addedDate" : 1592433099980,
    "metadata" : [ ]
  }, {
    "asset" : {
      "assetID" : "e9efe406143911eca4aceeeeac1e0759eec9d6e9"
    },
    "index" : 11,
    "addedDate" : 1646189791055,
    "metadata" : [ ]
  } ],
  "fileName" : "5830b300d242447a9acad91785745bed.json",
  "name" : "Face to Face with Elder and Sister Bednar",
  "english" : true,
  "publicTitle" : "Face to Face with Elder and Sister Bednar",
  "collectionUri" : "face-to-face-elder-bednar-sister-bednar"
}