{
  "parentCollectionID" : "dbc8661f4dd648388ea8ac29dc415976",
  "parentCollectionPath" : "Mobile Media Library/English - Video/Callings and Trainings",
  "collectionType" : "collections",
  "path" : "Mobile Media Library/English - Video/Callings and Trainings/Children and Youth Program",
  "collectionID" : "5968ed0345d04727a22d2adcf97222df",
  "language" : "eng",
  "type" : "DEFAULT",
  "lastUpdatedDate" : "2021-03-29T11:09:55.751-06:00",
  "links" : [ {
    "rel" : "details",
    "href" : "https://titanapi.churchofjesuschrist.org/assetsearch/api/v2/collection/details/collectionID/5968ed0345d04727a22d2adcf97222df"
  } ],
  "coverImages" : [ {
    "asset" : {
      "assetID" : "fcd45e54c0a31dc6c25c2a440eba6239b85ec059"
    }
  } ],
  "related" : [ ],
  "metadata" : [ {
    "key" : "collectionUri",
    "value" : "children-and-youth-program",
    "language" : "eng"
  }, {
    "key" : "publicTitle",
    "value" : "Children and Youth Program",
    "language" : "eng"
  }, {
    "key" : "orderIndex",
    "value" : "0"
  } ],
  "children" : [ {
    "path" : "Mobile Media Library/English - Video/Callings and Trainings/Children and Youth Program/For Children",
    "collectionID" : "e37ca41b2a2647dd9613a16130bd9b8c",
    "type" : "DEFAULT",
    "lastUpdatedDate" : "2022-03-23T21:15:45.143-06:00",
    "links" : [ {
      "rel" : "details",
      "href" : "https://titanapi.churchofjesuschrist.org/assetsearch/api/v2/collection/details/collectionID/e37ca41b2a2647dd9613a16130bd9b8c"
    } ],
    "fileName" : "e37ca41b2a2647dd9613a16130bd9b8c.json"
  }, {
    "path" : "Mobile Media Library/English - Video/Callings and Trainings/Children and Youth Program/For Youth",
    "collectionID" : "89abec79949742cb9008bb8574c7c90c",
    "type" : "DEFAULT",
    "lastUpdatedDate" : "2022-03-23T21:15:31.141-06:00",
    "links" : [ {
      "rel" : "details",
      "href" : "https://titanapi.churchofjesuschrist.org/assetsearch/api/v2/collection/details/collectionID/89abec79949742cb9008bb8574c7c90c"
    } ],
    "fileName" : "89abec79949742cb9008bb8574c7c90c.json"
  } ],
  "assets" : [ ],
  "fileName" : "5968ed0345d04727a22d2adcf97222df.json",
  "name" : "Children and Youth Program",
  "english" : true,
  "publicTitle" : "Children and Youth Program",
  "collectionUri" : "children-and-youth-program"
}