{
  "parentCollectionID" : "947da7183a51ff85dfdac16ddf289bb0ace2b6b8",
  "parentCollectionPath" : "Mobile Media Library/English - Video/Broadcasts",
  "collectionType" : "assets",
  "path" : "Mobile Media Library/English - Video/Broadcasts/Love, Share, Invite",
  "collectionID" : "598dac17fe984b15b4ec5d2ca7cfb25d",
  "language" : "eng",
  "type" : "DEFAULT",
  "lastUpdatedDate" : "2021-08-26T14:42:18.531-06:00",
  "links" : [ {
    "rel" : "details",
    "href" : "https://titanapi.churchofjesuschrist.org/assetsearch/api/v2/collection/details/collectionID/598dac17fe984b15b4ec5d2ca7cfb25d"
  } ],
  "coverImages" : [ {
    "asset" : {
      "assetID" : "66b672b834b599f3facf9ab3b8c00e94ef1b5439"
    }
  } ],
  "related" : [ ],
  "metadata" : [ {
    "key" : "orderIndex",
    "value" : "7"
  }, {
    "key" : "description",
    "value" : "Sharing the gospel can be as simple as loving God and our neighbors, sharing with them, and inviting them to be with us. Learn more at https://www.churchofjesuschrist.org/share.",
    "language" : "eng"
  }, {
    "key" : "collectionUri",
    "value" : "love-share-invite",
    "language" : "eng"
  }, {
    "key" : "publicTitle",
    "value" : "Love, Share, Invite",
    "language" : "eng"
  } ],
  "children" : [ ],
  "assets" : [ {
    "asset" : {
      "assetID" : "4d1aa4fad46111ebaf3ceeeeac1e7931e298e6bb"
    },
    "index" : 0,
    "addedDate" : 1629910395724,
    "metadata" : [ ]
  } ],
  "fileName" : "598dac17fe984b15b4ec5d2ca7cfb25d.json",
  "name" : "Love, Share, Invite",
  "english" : true,
  "publicTitle" : "Love, Share, Invite",
  "description" : "Sharing the gospel can be as simple as loving God and our neighbors, sharing with them, and inviting them to be with us. Learn more at https://www.churchofjesuschrist.org/share.",
  "collectionUri" : "love-share-invite"
}