{
  "parentCollectionID" : "6109651b42f34f49b5930bfbe1197caa",
  "parentCollectionPath" : "Mobile Media Library/English - Video/People/Latter-day Prophets",
  "collectionType" : "assets",
  "path" : "Mobile Media Library/English - Video/People/Latter-day Prophets/Wilford Woodruff",
  "collectionID" : "59e31fdac9e7434788202e6586f53415",
  "language" : "eng",
  "type" : "DEFAULT",
  "lastUpdatedDate" : "2020-03-17T15:05:00.126-06:00",
  "links" : [ {
    "rel" : "details",
    "href" : "https://titanapi.churchofjesuschrist.org/assetsearch/api/v2/collection/details/collectionID/59e31fdac9e7434788202e6586f53415"
  } ],
  "coverImages" : [ {
    "asset" : {
      "assetID" : "e674e38ee2a82240a0020e07d23d0092734b1cfb"
    }
  } ],
  "related" : [ ],
  "metadata" : [ {
    "key" : "collectionUri",
    "value" : "wilford-woodruff",
    "language" : "eng"
  }, {
    "key" : "publicTitle",
    "value" : "Wilford Woodruff",
    "language" : "eng"
  }, {
    "key" : "orderIndex",
    "value" : "13"
  } ],
  "children" : [ ],
  "assets" : [ {
    "asset" : {
      "assetID" : "5c0ccea82b5b861aef086bc6ea23b2bd0f8751b3"
    },
    "addedDate" : 1576533558610,
    "metadata" : [ ]
  }, {
    "asset" : {
      "assetID" : "7c84a89b15ae8899acd17533687b12334648fef7"
    },
    "addedDate" : 1576533558610,
    "metadata" : [ ]
  }, {
    "asset" : {
      "assetID" : "2525e4416531a4c7f0aede5d521f7262aed4b69b"
    },
    "addedDate" : 1576533558610,
    "metadata" : [ ]
  }, {
    "asset" : {
      "assetID" : "e20369949370cdd325550339e21d1354d136bae0"
    },
    "addedDate" : 1576533558610,
    "metadata" : [ ]
  }, {
    "asset" : {
      "assetID" : "717e7ed98e1bf111e25816e1ec70fe23ba68c2fe"
    },
    "addedDate" : 1576533558610,
    "metadata" : [ ]
  }, {
    "asset" : {
      "assetID" : "64a478d5851c65fee6b44f060ce462c349662d04"
    },
    "addedDate" : 1576533558610,
    "metadata" : [ ]
  }, {
    "asset" : {
      "assetID" : "d2eea3f0c426072fd95de348c12dd3f1e5cc924b"
    },
    "addedDate" : 1576533558610,
    "metadata" : [ ]
  }, {
    "asset" : {
      "assetID" : "be485e6573b117c1f2fe1d1c9349bf485ef779b0"
    },
    "addedDate" : 1576533558610,
    "metadata" : [ ]
  }, {
    "asset" : {
      "assetID" : "a60323d714c58c9a506bb5e20b5ff4448d48e258"
    },
    "addedDate" : 1576533558593,
    "metadata" : [ ]
  }, {
    "asset" : {
      "assetID" : "2259e34eb38c021fd31d1600a63ad75ca699e262"
    },
    "addedDate" : 1576533558610,
    "metadata" : [ ]
  } ],
  "fileName" : "59e31fdac9e7434788202e6586f53415.json",
  "name" : "Wilford Woodruff",
  "english" : true,
  "publicTitle" : "Wilford Woodruff",
  "collectionUri" : "wilford-woodruff"
}