{
  "parentCollectionID" : "a341dd20a0a648239e545d7a84dbe3e5",
  "parentCollectionPath" : "Mobile Media Library/English - Video/Life Help",
  "collectionType" : "collections",
  "path" : "Mobile Media Library/English - Video/Life Help/Self-Reliance Services and PEF",
  "collectionID" : "5a3ba1ceff2116bd34479c93c2c013de8ce70591",
  "language" : "eng",
  "type" : "DEFAULT",
  "lastUpdatedDate" : "2020-08-25T15:26:07.030-06:00",
  "links" : [ {
    "rel" : "details",
    "href" : "https://titanapi.churchofjesuschrist.org/assetsearch/api/v2/collection/details/collectionID/5a3ba1ceff2116bd34479c93c2c013de8ce70591"
  } ],
  "coverImages" : [ {
    "asset" : {
      "assetID" : "e02298ce0f61852e2138a421cae3365e6a76c0b9"
    }
  } ],
  "related" : [ ],
  "metadata" : [ {
    "key" : "description",
    "value" : "Learning new skills, gaining greater education, finding better work, establishing a career, or starting a business can all help one become self-reliant. The Perpetual Education Fund provides pathways to achieve them.",
    "language" : "eng"
  }, {
    "key" : "collectionUri",
    "value" : "pef-self-reliance",
    "language" : "eng"
  }, {
    "key" : "publicTitle",
    "value" : "Self-Reliance Services and PEF",
    "language" : "eng"
  }, {
    "key" : "orderIndex",
    "value" : "11"
  } ],
  "children" : [ {
    "path" : "Mobile Media Library/English - Video/Life Help/Self-Reliance Services and PEF/Find a Better Job",
    "collectionID" : "5eb1c2c42f8308ed70ebf916ae78ecac55ceb469",
    "type" : "DEFAULT",
    "lastUpdatedDate" : "2019-10-28T16:40:50.643-06:00",
    "links" : [ {
      "rel" : "details",
      "href" : "https://titanapi.churchofjesuschrist.org/assetsearch/api/v2/collection/details/collectionID/5eb1c2c42f8308ed70ebf916ae78ecac55ceb469"
    } ],
    "fileName" : "5eb1c2c42f8308ed70ebf916ae78ecac55ceb469.json"
  }, {
    "path" : "Mobile Media Library/English - Video/Life Help/Self-Reliance Services and PEF/Self-Reliance: My Foundation",
    "collectionID" : "c0c5f76ced4d61d23a94b69f136869f2ca41991a",
    "type" : "DEFAULT",
    "lastUpdatedDate" : "2019-10-28T16:40:50.643-06:00",
    "links" : [ {
      "rel" : "details",
      "href" : "https://titanapi.churchofjesuschrist.org/assetsearch/api/v2/collection/details/collectionID/c0c5f76ced4d61d23a94b69f136869f2ca41991a"
    } ],
    "fileName" : "c0c5f76ced4d61d23a94b69f136869f2ca41991a.json"
  }, {
    "path" : "Mobile Media Library/English - Video/Life Help/Self-Reliance Services and PEF/Personal Finances",
    "collectionID" : "c058e5106b8e8d62008116bb1c25d6983599e78f",
    "type" : "DEFAULT",
    "lastUpdatedDate" : "2019-10-28T16:40:50.643-06:00",
    "links" : [ {
      "rel" : "details",
      "href" : "https://titanapi.churchofjesuschrist.org/assetsearch/api/v2/collection/details/collectionID/c058e5106b8e8d62008116bb1c25d6983599e78f"
    } ],
    "fileName" : "c058e5106b8e8d62008116bb1c25d6983599e78f.json"
  }, {
    "path" : "Mobile Media Library/English - Video/Life Help/Self-Reliance Services and PEF/My Plan for Returned Missionaries",
    "collectionID" : "5d98489857a35c479de71b2b558cd29f7bf3ce9a",
    "type" : "DEFAULT",
    "lastUpdatedDate" : "2019-10-28T16:40:50.643-06:00",
    "links" : [ {
      "rel" : "details",
      "href" : "https://titanapi.churchofjesuschrist.org/assetsearch/api/v2/collection/details/collectionID/5d98489857a35c479de71b2b558cd29f7bf3ce9a"
    } ],
    "fileName" : "5d98489857a35c479de71b2b558cd29f7bf3ce9a.json"
  }, {
    "path" : "Mobile Media Library/English - Video/Life Help/Self-Reliance Services and PEF/Starting and Growing My Business (US and Canada Only)",
    "collectionID" : "aaaa6e4cc365ed3bceffb8530ff25a2102fa8578",
    "type" : "DEFAULT",
    "lastUpdatedDate" : "2019-10-28T16:40:50.643-06:00",
    "links" : [ {
      "rel" : "details",
      "href" : "https://titanapi.churchofjesuschrist.org/assetsearch/api/v2/collection/details/collectionID/aaaa6e4cc365ed3bceffb8530ff25a2102fa8578"
    } ],
    "fileName" : "aaaa6e4cc365ed3bceffb8530ff25a2102fa8578.json"
  }, {
    "path" : "Mobile Media Library/English - Video/Life Help/Self-Reliance Services and PEF/My Job Search",
    "collectionID" : "ca03a6e7eb5d776516e6f7c03c726f8d6ddf6202",
    "type" : "DEFAULT",
    "lastUpdatedDate" : "2019-10-28T16:40:50.643-06:00",
    "links" : [ {
      "rel" : "details",
      "href" : "https://titanapi.churchofjesuschrist.org/assetsearch/api/v2/collection/details/collectionID/ca03a6e7eb5d776516e6f7c03c726f8d6ddf6202"
    } ],
    "fileName" : "ca03a6e7eb5d776516e6f7c03c726f8d6ddf6202.json"
  }, {
    "path" : "Mobile Media Library/English - Video/Life Help/Self-Reliance Services and PEF/Perpetual Education Fund",
    "collectionID" : "e61d20fc3bc7471accee726b88e42a751a98f033",
    "type" : "DEFAULT",
    "lastUpdatedDate" : "2020-07-20T16:44:16.759-06:00",
    "links" : [ {
      "rel" : "details",
      "href" : "https://titanapi.churchofjesuschrist.org/assetsearch/api/v2/collection/details/collectionID/e61d20fc3bc7471accee726b88e42a751a98f033"
    } ],
    "fileName" : "e61d20fc3bc7471accee726b88e42a751a98f033.json"
  }, {
    "path" : "Mobile Media Library/English - Video/Life Help/Self-Reliance Services and PEF/Education for Better Work",
    "collectionID" : "c673d5ed57bf0830c574779a3125f5b769192493",
    "type" : "DEFAULT",
    "lastUpdatedDate" : "2019-10-28T16:40:50.643-06:00",
    "links" : [ {
      "rel" : "details",
      "href" : "https://titanapi.churchofjesuschrist.org/assetsearch/api/v2/collection/details/collectionID/c673d5ed57bf0830c574779a3125f5b769192493"
    } ],
    "fileName" : "c673d5ed57bf0830c574779a3125f5b769192493.json"
  }, {
    "path" : "Mobile Media Library/English - Video/Life Help/Self-Reliance Services and PEF/Self-Reliance Leader Guide",
    "collectionID" : "400f71f7e9e0f6a886452666fc1100cb7b7c1b9a",
    "type" : "DEFAULT",
    "lastUpdatedDate" : "2019-10-28T16:40:50.643-06:00",
    "links" : [ {
      "rel" : "details",
      "href" : "https://titanapi.churchofjesuschrist.org/assetsearch/api/v2/collection/details/collectionID/400f71f7e9e0f6a886452666fc1100cb7b7c1b9a"
    } ],
    "fileName" : "400f71f7e9e0f6a886452666fc1100cb7b7c1b9a.json"
  }, {
    "path" : "Mobile Media Library/English - Video/Life Help/Self-Reliance Services and PEF/Starting and Growing My Business",
    "collectionID" : "f43fa47de38893a5eeeda10b226e687b07ac1fb9",
    "type" : "DEFAULT",
    "lastUpdatedDate" : "2019-10-28T16:40:50.643-06:00",
    "links" : [ {
      "rel" : "details",
      "href" : "https://titanapi.churchofjesuschrist.org/assetsearch/api/v2/collection/details/collectionID/f43fa47de38893a5eeeda10b226e687b07ac1fb9"
    } ],
    "fileName" : "f43fa47de38893a5eeeda10b226e687b07ac1fb9.json"
  }, {
    "path" : "Mobile Media Library/English - Video/Life Help/Self-Reliance Services and PEF/Self-Reliance: Testimonials and Stories",
    "collectionID" : "2933a4d97bab9d3d4c850c8cd9c4007ce9994b5b",
    "type" : "DEFAULT",
    "lastUpdatedDate" : "2020-12-08T22:34:26.499-07:00",
    "links" : [ {
      "rel" : "details",
      "href" : "https://titanapi.churchofjesuschrist.org/assetsearch/api/v2/collection/details/collectionID/2933a4d97bab9d3d4c850c8cd9c4007ce9994b5b"
    } ],
    "fileName" : "2933a4d97bab9d3d4c850c8cd9c4007ce9994b5b.json"
  }, {
    "path" : "Mobile Media Library/English - Video/Life Help/Self-Reliance Services and PEF/Self-Reliance: My Path",
    "collectionID" : "9483fe8d6ab29782621f714f9409ab2489958b8b",
    "type" : "DEFAULT",
    "lastUpdatedDate" : "2019-10-28T16:40:50.643-06:00",
    "links" : [ {
      "rel" : "details",
      "href" : "https://titanapi.churchofjesuschrist.org/assetsearch/api/v2/collection/details/collectionID/9483fe8d6ab29782621f714f9409ab2489958b8b"
    } ],
    "fileName" : "9483fe8d6ab29782621f714f9409ab2489958b8b.json"
  } ],
  "assets" : [ ],
  "fileName" : "5a3ba1ceff2116bd34479c93c2c013de8ce70591.json",
  "name" : "Self-Reliance Services and PEF",
  "english" : true,
  "publicTitle" : "Self-Reliance Services and PEF",
  "description" : "Learning new skills, gaining greater education, finding better work, establishing a career, or starting a business can all help one become self-reliant. The Perpetual Education Fund provides pathways to achieve them.",
  "collectionUri" : "pef-self-reliance"
}