{
  "parentCollectionID" : "d5e8644312c74774b43cca21ad6ca6a0",
  "parentCollectionPath" : "Mobile Media Library/English - Video/People/Latter-day Apostles",
  "collectionType" : "assets",
  "path" : "Mobile Media Library/English - Video/People/Latter-day Apostles/M. Russell Ballard",
  "collectionID" : "5b1b275ba4166c67390943cafbb434b15943ee2c",
  "language" : "eng",
  "type" : "DEFAULT",
  "lastUpdatedDate" : "2019-10-28T16:40:50.643-06:00",
  "links" : [ {
    "rel" : "details",
    "href" : "https://titanapi.churchofjesuschrist.org/assetsearch/api/v2/collection/details/collectionID/5b1b275ba4166c67390943cafbb434b15943ee2c"
  } ],
  "coverImages" : [ {
    "asset" : {
      "assetID" : "829e02de7f02f065a59c0265f73c23bf89e86fe0"
    }
  } ],
  "related" : [ ],
  "metadata" : [ {
    "key" : "collectionUri",
    "value" : "m-russell-ballard-video-collection",
    "language" : "eng"
  }, {
    "key" : "publicTitle",
    "value" : "M. Russell Ballard",
    "language" : "eng"
  }, {
    "key" : "orderIndex",
    "value" : "16"
  } ],
  "children" : [ ],
  "assets" : [ {
    "asset" : {
      "assetID" : "20ddda79eec5e5e52806036adc5998df795ae8ea"
    },
    "index" : 13,
    "addedDate" : 1579143581226,
    "metadata" : [ ]
  }, {
    "asset" : {
      "assetID" : "17c5ac6bca5a9fefb8c1a467dc673e99a1ebcc94"
    },
    "index" : 18,
    "addedDate" : 1702327486116,
    "metadata" : [ ]
  }, {
    "asset" : {
      "assetID" : "2527a88845f00c16918144c28aeb604ad2181584"
    },
    "index" : 11,
    "addedDate" : 1540481412981,
    "metadata" : [ ]
  }, {
    "asset" : {
      "assetID" : "f22cc61f94658f7e729ea5135742a879f5db9b34"
    },
    "index" : 12,
    "addedDate" : 1576803736967,
    "metadata" : [ ]
  }, {
    "asset" : {
      "assetID" : "36be61ce73e41d3dff92d689244c000af9fbfff0"
    },
    "index" : 8,
    "addedDate" : 1540324822618,
    "metadata" : [ ]
  }, {
    "asset" : {
      "assetID" : "53dc65e60ea45876189d9abc4d933cb50c20d1e5"
    },
    "index" : 2,
    "addedDate" : 1540324506799,
    "metadata" : [ ]
  }, {
    "asset" : {
      "assetID" : "7008e6141e5757f9905a4e43fcd3a110f4be11fc"
    },
    "index" : 7,
    "addedDate" : 1540324776876,
    "metadata" : [ ]
  }, {
    "asset" : {
      "assetID" : "7225ee13c161f016e0fc60482c1fb3ff0459455f"
    },
    "index" : 10,
    "addedDate" : 1540324856153,
    "metadata" : [ ]
  }, {
    "asset" : {
      "assetID" : "f980a5d6f0f84eb01c307b9f2e0780e059c580be"
    },
    "index" : 14,
    "addedDate" : 1579144516969,
    "metadata" : [ ]
  }, {
    "asset" : {
      "assetID" : "76d8adf6d091d41ae1bcdba863319ca0b55a553c"
    },
    "index" : 3,
    "addedDate" : 1540324559971,
    "metadata" : [ ]
  }, {
    "asset" : {
      "assetID" : "ae6d53d365bf7a70ce3c28df30790a8f735962d3"
    },
    "index" : 4,
    "addedDate" : 1540324576694,
    "metadata" : [ ]
  }, {
    "asset" : {
      "assetID" : "e4ab2db863966b668972edda7591c066f84d9864"
    },
    "index" : 6,
    "addedDate" : 1540324759366,
    "metadata" : [ ]
  }, {
    "asset" : {
      "assetID" : "e605d01b72e1f31553b59b16e68aac41f3fbc498"
    },
    "index" : 5,
    "addedDate" : 1540324594786,
    "metadata" : [ ]
  }, {
    "asset" : {
      "assetID" : "3d876fc584e2b3c71dc6a74cf0d35024584bf255"
    },
    "index" : 9,
    "addedDate" : 1540324837382,
    "metadata" : [ ]
  }, {
    "asset" : {
      "assetID" : "5f2d73096072e3013972bea4a43ef6c173efd790"
    },
    "index" : 15,
    "addedDate" : 1592433101043,
    "metadata" : [ ]
  }, {
    "asset" : {
      "assetID" : "c4d55f1df8f4a05bb6397e63f37bfa46bf475f5b"
    },
    "index" : 16,
    "addedDate" : 1632956870518,
    "metadata" : [ ]
  }, {
    "asset" : {
      "assetID" : "ca71bb840d90838edf0bd75d5f456def175a518b"
    },
    "index" : 17,
    "addedDate" : 1632956871424,
    "metadata" : [ ]
  }, {
    "asset" : {
      "assetID" : "CE7028576345474BB72D0662F2663D8EED6CC0AD"
    },
    "index" : 0,
    "addedDate" : 1595185860391,
    "metadata" : [ ]
  }, {
    "asset" : {
      "assetID" : "51ED97F1FF9AA0C5CC6E9D30BAA39F9A50007F9E"
    },
    "index" : 1,
    "addedDate" : 1595458342172,
    "metadata" : [ ]
  } ],
  "fileName" : "5b1b275ba4166c67390943cafbb434b15943ee2c.json",
  "name" : "M. Russell Ballard",
  "english" : true,
  "publicTitle" : "M. Russell Ballard",
  "collectionUri" : "m-russell-ballard-video-collection"
}