{
  "parentCollectionID" : "38b9e81d44343bf4204296241568235d6e8e77c6",
  "parentCollectionPath" : "Mobile Media Library/English - Featured",
  "collectionType" : "assets",
  "path" : "Mobile Media Library/English - Featured/Book of Mormon Stories New",
  "collectionID" : "5ba548e13d564ca39b7db637d1ab0440",
  "language" : "eng",
  "type" : "DEFAULT",
  "lastUpdatedDate" : "2024-08-19T17:14:55.390-06:00",
  "links" : [ {
    "rel" : "details",
    "href" : "https://titanapi.churchofjesuschrist.org/assetsearch/api/v2/collection/details/collectionID/5ba548e13d564ca39b7db637d1ab0440"
  } ],
  "coverImages" : [ {
    "asset" : {
      "assetID" : "muqa2xhacmo3c5h2kgujvux6h9r4rp1d3cji4sru"
    }
  } ],
  "related" : [ ],
  "metadata" : [ {
    "key" : "orderIndex",
    "value" : "15"
  }, {
    "key" : "channel",
    "value" : "mobile",
    "language" : "eng"
  }, {
    "key" : "collectionUri",
    "value" : "book-of-mormon-stories-2024-features",
    "language" : "eng"
  }, {
    "key" : "publicTitle",
    "value" : "Book of Mormon Stories",
    "language" : "eng"
  } ],
  "children" : [ ],
  "assets" : [ {
    "asset" : {
      "assetID" : "054ce1ca857011ee86a8eeeeac1e5dcc4ec1b482"
    },
    "index" : 1,
    "addedDate" : 1704919700756,
    "metadata" : [ ]
  }, {
    "asset" : {
      "assetID" : "0ee1463c857011eeb962eeeeac1e66d49a027b0b"
    },
    "index" : 4,
    "addedDate" : 1704919727278,
    "metadata" : [ ]
  }, {
    "asset" : {
      "assetID" : "110c8ab0857011ee8b3eeeeeac1e67584d96eb6e"
    },
    "index" : 5,
    "addedDate" : 1704919735762,
    "metadata" : [ ]
  }, {
    "asset" : {
      "assetID" : "4a2b311b857011eebd07eeeeac1e3303238523dd"
    },
    "index" : 0,
    "addedDate" : 1704919495447,
    "metadata" : [ ]
  }, {
    "asset" : {
      "assetID" : "4c11a461857011ee9350eeeeac1e4bfa14796f97"
    },
    "index" : 2,
    "addedDate" : 1704919709185,
    "metadata" : [ ]
  }, {
    "asset" : {
      "assetID" : "4d809db5857011eeadc9eeeeac1e1a555d44e903"
    },
    "index" : 3,
    "addedDate" : 1704919718412,
    "metadata" : [ ]
  }, {
    "asset" : {
      "assetID" : "9ae6003e857011eeba45eeeeac1e2709b7948c06"
    },
    "index" : 6,
    "addedDate" : 1704919743381,
    "metadata" : [ ]
  }, {
    "asset" : {
      "assetID" : "9b71ec8d857011ee81c8eeeeac1ef784a3aacb09"
    },
    "index" : 7,
    "addedDate" : 1704919750852,
    "metadata" : [ ]
  }, {
    "asset" : {
      "assetID" : "9c015b58857011eeb3d0eeeeac1e5b88beae732c"
    },
    "index" : 8,
    "addedDate" : 1704919757898,
    "metadata" : [ ]
  }, {
    "asset" : {
      "assetID" : "9ccb6216857011ee8357eeeeac1efea2565564d7"
    },
    "index" : 9,
    "addedDate" : 1704919766013,
    "metadata" : [ ]
  }, {
    "asset" : {
      "assetID" : "9d5be244857011eeaf99eeeeac1e385286b1d927"
    },
    "index" : 10,
    "addedDate" : 1704919773729,
    "metadata" : [ ]
  }, {
    "asset" : {
      "assetID" : "9e08eb24857011ee833eeeeeac1e8a9a018cf4bf"
    },
    "index" : 13,
    "addedDate" : 1704919789965,
    "metadata" : [ ]
  }, {
    "asset" : {
      "assetID" : "9f0dff15857011ee9350eeeeac1e4bfae2c9a77e"
    },
    "index" : 11,
    "addedDate" : 1704919781092,
    "metadata" : [ ]
  }, {
    "asset" : {
      "assetID" : "9fb11cde857011ee8c7feeeeac1e3751aa5c68e7"
    },
    "index" : 26,
    "addedDate" : 1704919813449,
    "metadata" : [ ]
  }, {
    "asset" : {
      "assetID" : "a11eb6a1857011ee87efeeeeac1e4686a76e51f4"
    },
    "index" : 14,
    "addedDate" : 1704919797304,
    "metadata" : [ ]
  }, {
    "asset" : {
      "assetID" : "a2e9647f857011ee8c7feeeeac1e3751710f2d51"
    },
    "index" : 15,
    "addedDate" : 1704919805244,
    "metadata" : [ ]
  }, {
    "asset" : {
      "assetID" : "e56f0310d68b11ee8560eeeeac1e2aa59a6f2f0a"
    },
    "index" : 12,
    "addedDate" : 1710444716778,
    "metadata" : [ ]
  }, {
    "asset" : {
      "assetID" : "e7b6a924d68b11ee8088eeeeac1e435d715672f8"
    },
    "index" : 17,
    "addedDate" : 1710444731095,
    "metadata" : [ ]
  }, {
    "asset" : {
      "assetID" : "eaf61cb9d68b11ee9bbfeeeeac1ef3d3b8bd4207"
    },
    "index" : 21,
    "addedDate" : 1710444738531,
    "metadata" : [ ]
  }, {
    "asset" : {
      "assetID" : "eb43ee8fd68b11ee8b4beeeeac1e45fc6fa2645a"
    },
    "index" : 22,
    "addedDate" : 1710444744980,
    "metadata" : [ ]
  }, {
    "asset" : {
      "assetID" : "ecb9c5aed68b11eeb4abeeeeac1ea935e0db5760"
    },
    "index" : 24,
    "addedDate" : 1710444751689,
    "metadata" : [ ]
  }, {
    "asset" : {
      "assetID" : "eec8a882d68b11ee9c1ceeeeac1e71e3354e1339"
    },
    "index" : 27,
    "addedDate" : 1710444758594,
    "metadata" : [ ]
  }, {
    "asset" : {
      "assetID" : "f039c4abd68b11eea07ceeeeac1e9193e0b6d42d"
    },
    "index" : 32,
    "addedDate" : 1724108484353,
    "metadata" : [ ]
  }, {
    "asset" : {
      "assetID" : "fba7f1f5d72a11eeb450eeeeac1ea922d9ccc803"
    },
    "index" : 28,
    "addedDate" : 1710444767057,
    "metadata" : [ ]
  }, {
    "asset" : {
      "assetID" : "45ce1968e07e11eeb174eeeeac1e9139b9b344b0"
    },
    "index" : 16,
    "addedDate" : 1710444724504,
    "metadata" : [ ]
  }, {
    "asset" : {
      "assetID" : "e287290de18611ee8ee5eeeeac1ebaf77e1b610d"
    },
    "index" : 25,
    "addedDate" : 1724108439552,
    "metadata" : [ ]
  }, {
    "asset" : {
      "assetID" : "e29e0c6ae18611ee864deeeeac1ea2d33f18b4f9"
    },
    "index" : 23,
    "addedDate" : 1724108425890,
    "metadata" : [ ]
  }, {
    "asset" : {
      "assetID" : "e29dbe4be18611eea74aeeeeac1ed54715554a37"
    },
    "index" : 18,
    "addedDate" : 1724108391645,
    "metadata" : [ ]
  }, {
    "asset" : {
      "assetID" : "99ccacc7f69d11ee9ae6eeeeac1e481597215e4d"
    },
    "index" : 35,
    "addedDate" : 1724108642278,
    "metadata" : [ ]
  }, {
    "asset" : {
      "assetID" : "982899bff69d11eeb907eeeeac1ef02767cafa93"
    },
    "index" : 34,
    "addedDate" : 1724108631745,
    "metadata" : [ ]
  }, {
    "asset" : {
      "assetID" : "985464aaf69d11eea57beeeeac1e29eeb06c0a2d"
    },
    "index" : 20,
    "addedDate" : 1724108413221,
    "metadata" : [ ]
  }, {
    "asset" : {
      "assetID" : "984fd0c9f69d11ee99efeeeeac1e22e1880236c5"
    },
    "index" : 29,
    "addedDate" : 1724108575979,
    "metadata" : [ ]
  }, {
    "asset" : {
      "assetID" : "725af3f20bee11efa58deeeeac1e3c6dc37c3500"
    },
    "index" : 36,
    "addedDate" : 1724108651211,
    "metadata" : [ ]
  }, {
    "asset" : {
      "assetID" : "7d8b7c410bee11efa110eeeeac1e84668a2de210"
    },
    "index" : 30,
    "addedDate" : 1724108584468,
    "metadata" : [ ]
  }, {
    "asset" : {
      "assetID" : "864279120bee11efa110eeeeac1e8466cebc2fa4"
    },
    "index" : 33,
    "addedDate" : 1724108624054,
    "metadata" : [ ]
  }, {
    "asset" : {
      "assetID" : "8d0e6ec90bee11ef960deeeeac1ec3dcd95841cf"
    },
    "index" : 19,
    "addedDate" : 1724108403335,
    "metadata" : [ ]
  }, {
    "asset" : {
      "assetID" : "b03662d329ad11efbaabeeeeac1e7fbedec5b2c8"
    },
    "index" : 42,
    "addedDate" : 1724108738288,
    "metadata" : [ ]
  }, {
    "asset" : {
      "assetID" : "b0c0535429ad11efa538eeeeac1eefb607965928"
    },
    "index" : 40,
    "addedDate" : 1724108711747,
    "metadata" : [ ]
  }, {
    "asset" : {
      "assetID" : "b28582f129ad11ef9080eeeeac1e75d6230db53c"
    },
    "index" : 38,
    "addedDate" : 1724108694790,
    "metadata" : [ ]
  }, {
    "asset" : {
      "assetID" : "b30401c329ad11efb648eeeeac1ee8fb80f1f6ef"
    },
    "index" : 41,
    "addedDate" : 1724108721166,
    "metadata" : [ ]
  }, {
    "asset" : {
      "assetID" : "a87bc00229b011ef9df9eeeeac1e80303edbf089"
    },
    "index" : 31,
    "addedDate" : 1724108592211,
    "metadata" : [ ]
  }, {
    "asset" : {
      "assetID" : "56c0d99f395411ef84d9eeeeac1ecef6d6905c73"
    },
    "index" : 43,
    "addedDate" : 1724108754620,
    "metadata" : [ ]
  }, {
    "asset" : {
      "assetID" : "57e2eb71395411efa5ddeeeeac1e09e9ba603cca"
    },
    "index" : 39,
    "addedDate" : 1724108702197,
    "metadata" : [ ]
  }, {
    "asset" : {
      "assetID" : "5bded130395411ef8effeeeeac1e4c57855fc5de"
    },
    "index" : 37,
    "addedDate" : 1724108665328,
    "metadata" : [ ]
  }, {
    "asset" : {
      "assetID" : "px7b6zqx0o67o438fqwwr9a1zce6rvze6ocq1hxf"
    },
    "index" : 44,
    "addedDate" : 1730316221019,
    "metadata" : [ ]
  } ],
  "fileName" : "5ba548e13d564ca39b7db637d1ab0440.json",
  "name" : "Book of Mormon Stories New",
  "english" : true,
  "publicTitle" : "Book of Mormon Stories",
  "collectionUri" : "book-of-mormon-stories-2024-features"
}