{
  "parentCollectionID" : "6109651b42f34f49b5930bfbe1197caa",
  "parentCollectionPath" : "Mobile Media Library/English - Video/People/Latter-day Prophets",
  "collectionType" : "assets",
  "path" : "Mobile Media Library/English - Video/People/Latter-day Prophets/Harold B. Lee",
  "collectionID" : "5bd379ad1a1d481baeb96a19f88f2dd8",
  "language" : "eng",
  "type" : "DEFAULT",
  "lastUpdatedDate" : "2020-03-17T15:04:55.469-06:00",
  "links" : [ {
    "rel" : "details",
    "href" : "https://titanapi.churchofjesuschrist.org/assetsearch/api/v2/collection/details/collectionID/5bd379ad1a1d481baeb96a19f88f2dd8"
  } ],
  "coverImages" : [ {
    "asset" : {
      "assetID" : "62cfa807cb87fef57841df4661f5d8d77e3791ef"
    }
  } ],
  "related" : [ ],
  "metadata" : [ {
    "key" : "collectionUri",
    "value" : "harold-b-lee",
    "language" : "eng"
  }, {
    "key" : "publicTitle",
    "value" : "Harold B. Lee",
    "language" : "eng"
  }, {
    "key" : "orderIndex",
    "value" : "6"
  } ],
  "children" : [ ],
  "assets" : [ {
    "asset" : {
      "assetID" : "2a4d93f5cf849c33eebd52cc29c0230c2831aa71"
    },
    "addedDate" : 1576533420906,
    "metadata" : [ ]
  }, {
    "asset" : {
      "assetID" : "0e761f1f5302b0254a615ae0d3a48ae58874edec"
    },
    "addedDate" : 1576533420906,
    "metadata" : [ ]
  }, {
    "asset" : {
      "assetID" : "08ae158ad2aac30be8e6388d463ea07d52457bcf"
    },
    "addedDate" : 1576533420906,
    "metadata" : [ ]
  }, {
    "asset" : {
      "assetID" : "dbb0e3acd7fcd6eca72ad535882999b1b1ac5db2"
    },
    "addedDate" : 1576533420906,
    "metadata" : [ ]
  }, {
    "asset" : {
      "assetID" : "72571810a28018e0aa1e2c4d53e156747891fc7e"
    },
    "addedDate" : 1576533420873,
    "metadata" : [ ]
  }, {
    "asset" : {
      "assetID" : "e382e41815f24ac5a5a5929c2088dc60f7d7d529"
    },
    "addedDate" : 1576533420906,
    "metadata" : [ ]
  }, {
    "asset" : {
      "assetID" : "4f0e92a8956c8388c0650b57a6970455c6cf5bac"
    },
    "addedDate" : 1576533420873,
    "metadata" : [ ]
  }, {
    "asset" : {
      "assetID" : "93ebbd7ba419050835a205c8fca5db46d0d1b7a7"
    },
    "addedDate" : 1576533420890,
    "metadata" : [ ]
  }, {
    "asset" : {
      "assetID" : "f5844dfe05d88a48c62f4a588452b3e5eb8bac36"
    },
    "addedDate" : 1632956883782,
    "metadata" : [ ]
  } ],
  "fileName" : "5bd379ad1a1d481baeb96a19f88f2dd8.json",
  "name" : "Harold B. Lee",
  "english" : true,
  "publicTitle" : "Harold B. Lee",
  "collectionUri" : "harold-b-lee"
}