{
  "parentCollectionID" : "b43d757eb019f6607ea99cf31d4f98fd0466720b",
  "parentCollectionPath" : "Mobile Media Library/English - Video/Videos for Children",
  "collectionType" : "assets",
  "path" : "Mobile Media Library/English - Video/Videos for Children/Doctrine and Covenants Stories (Classic)",
  "collectionID" : "5c1de78ee8f16e1e3788514dbc8f04a97b2840bc",
  "language" : "eng",
  "type" : "DEFAULT",
  "lastUpdatedDate" : "2025-01-06T11:51:10.849-07:00",
  "links" : [ {
    "rel" : "details",
    "href" : "https://titanapi.churchofjesuschrist.org/assetsearch/api/v2/collection/details/collectionID/5c1de78ee8f16e1e3788514dbc8f04a97b2840bc"
  } ],
  "coverImages" : [ {
    "asset" : {
      "assetID" : "b5558755c62a6094c777e96e38fcf3c01338678d"
    }
  } ],
  "related" : [ ],
  "metadata" : [ {
    "key" : "orderIndex",
    "value" : "2"
  }, {
    "key" : "channel",
    "value" : "mobile",
    "language" : "eng"
  }, {
    "key" : "description",
    "value" : "Color illustrations of the Prophet Joseph Smith accompany paraphrased stories and revelations of the early Church and its history.",
    "language" : "eng"
  }, {
    "key" : "collectionUri",
    "value" : "primary-doctrine-and-covenants-stories-classic",
    "language" : "eng"
  }, {
    "key" : "publicTitle",
    "value" : "Doctrine and Covenants Stories (Classic)",
    "language" : "eng"
  } ],
  "children" : [ ],
  "assets" : [ {
    "asset" : {
      "assetID" : "4d32778befa411eb87a7eeeeac1e081b7f0b8e1f"
    },
    "index" : 30,
    "addedDate" : 1635391652673,
    "metadata" : [ ]
  }, {
    "asset" : {
      "assetID" : "06f5e5b5367411ec8ef9eeeeac1e99aa96327cac"
    },
    "index" : 1,
    "addedDate" : 1664399367523,
    "metadata" : [ ]
  }, {
    "asset" : {
      "assetID" : "56e51161367d11ec8aafeeeeac1e5e36a0fe291b"
    },
    "index" : 2,
    "addedDate" : 1635391651438,
    "metadata" : [ ]
  }, {
    "asset" : {
      "assetID" : "5863c233367d11ecb675eeeeac1e6a69c481d9b5"
    },
    "index" : 4,
    "addedDate" : 1664400450515,
    "metadata" : [ ]
  }, {
    "asset" : {
      "assetID" : "593c6f14367d11ecbcf7eeeeac1e744ee07c29db"
    },
    "index" : 6,
    "addedDate" : 1664478675026,
    "metadata" : [ ]
  }, {
    "asset" : {
      "assetID" : "59b659b8367d11ecb890eeeeac1e0eb44d05eb2f"
    },
    "index" : 7,
    "addedDate" : 1664399266306,
    "metadata" : [ ]
  }, {
    "asset" : {
      "assetID" : "57e54377367d11eca0a3eeeeac1ed903274ec2db"
    },
    "index" : 3,
    "addedDate" : 1664400331869,
    "metadata" : [ ]
  }, {
    "asset" : {
      "assetID" : "5a20b452367d11ec89b6eeeeac1e02ba41e700f2"
    },
    "index" : 8,
    "addedDate" : 1664397597787,
    "metadata" : [ ]
  }, {
    "asset" : {
      "assetID" : "5ac83f05367d11ecbc25eeeeac1e29628a1f778a"
    },
    "index" : 9,
    "addedDate" : 1664398144686,
    "metadata" : [ ]
  }, {
    "asset" : {
      "assetID" : "58d2629e367d11eca4deeeeeac1e54b68c2b0a0d"
    },
    "index" : 5,
    "addedDate" : 1664399308040,
    "metadata" : [ ]
  }, {
    "asset" : {
      "assetID" : "5b3d960c367d11ec8ef9eeeeac1e99aa4abfebe0"
    },
    "index" : 10,
    "addedDate" : 1664394864352,
    "metadata" : [ ]
  }, {
    "asset" : {
      "assetID" : "5bade423367d11ec95e0eeeeac1ece45e000f73f"
    },
    "index" : 12,
    "addedDate" : 1635391651673,
    "metadata" : [ ]
  }, {
    "asset" : {
      "assetID" : "5c5547b0367d11eca29deeeeac1e03f9ad2e136a"
    },
    "index" : 14,
    "addedDate" : 1635391651845,
    "metadata" : [ ]
  }, {
    "asset" : {
      "assetID" : "5c6dd8d9367d11ec8193eeeeac1ebf6265993d13"
    },
    "index" : 15,
    "addedDate" : 1635391651923,
    "metadata" : [ ]
  }, {
    "asset" : {
      "assetID" : "5c855852367d11ec8aafeeeeac1e5e36630e11c1"
    },
    "index" : 16,
    "addedDate" : 1635391652017,
    "metadata" : [ ]
  }, {
    "asset" : {
      "assetID" : "5d1870a4367d11ecb675eeeeac1e6a690e97bb26"
    },
    "index" : 18,
    "addedDate" : 1664397009680,
    "metadata" : [ ]
  }, {
    "asset" : {
      "assetID" : "5b880cdb367d11ecbd0feeeeac1efb1d9e9979d7"
    },
    "index" : 11,
    "addedDate" : 1664399422005,
    "metadata" : [ ]
  }, {
    "asset" : {
      "assetID" : "5d8aba8f367d11eca4deeeeeac1e54b6e19fa8ac"
    },
    "index" : 19,
    "addedDate" : 1635391652157,
    "metadata" : [ ]
  }, {
    "asset" : {
      "assetID" : "5da56e80367d11ec8868eeeeac1e3d3886e5c0a7"
    },
    "index" : 20,
    "addedDate" : 1635391652220,
    "metadata" : [ ]
  }, {
    "asset" : {
      "assetID" : "5dba5615367d11ecbcf7eeeeac1e744e804b03ca"
    },
    "index" : 21,
    "addedDate" : 1664398209780,
    "metadata" : [ ]
  }, {
    "asset" : {
      "assetID" : "5c358b10367d11ecac35eeeeac1e7c597ebb1d9c"
    },
    "index" : 13,
    "addedDate" : 1635391651782,
    "metadata" : [ ]
  }, {
    "asset" : {
      "assetID" : "5e4dbc29367d11ecb890eeeeac1e0eb4a8170304"
    },
    "index" : 23,
    "addedDate" : 1635391652376,
    "metadata" : [ ]
  }, {
    "asset" : {
      "assetID" : "5dcf3d83367d11ec83ebeeeeac1e20b3e7a23f26"
    },
    "index" : 22,
    "addedDate" : 1635391652313,
    "metadata" : [ ]
  }, {
    "asset" : {
      "assetID" : "5eefefb6367d11ecbc25eeeeac1e29620bff675c"
    },
    "index" : 25,
    "addedDate" : 1664398284130,
    "metadata" : [ ]
  }, {
    "asset" : {
      "assetID" : "5fdf0ab1367d11eca29deeeeac1e03f99fa771c8"
    },
    "index" : 31,
    "addedDate" : 1635391652769,
    "metadata" : [ ]
  }, {
    "asset" : {
      "assetID" : "5f52a991367d11ecac35eeeeac1e7c5949232739"
    },
    "index" : 29,
    "addedDate" : 1664395094702,
    "metadata" : [ ]
  }, {
    "asset" : {
      "assetID" : "5f21fc7c367d11ecbd0feeeeac1efb1df735e878"
    },
    "index" : 27,
    "addedDate" : 1635391652564,
    "metadata" : [ ]
  }, {
    "asset" : {
      "assetID" : "5ff4196a367d11ec8193eeeeac1ebf626c68fe69"
    },
    "index" : 32,
    "addedDate" : 1635391652862,
    "metadata" : [ ]
  }, {
    "asset" : {
      "assetID" : "5f0d89cd367d11ec8ef9eeeeac1e99aa71ce535e"
    },
    "index" : 26,
    "addedDate" : 1664399154002,
    "metadata" : [ ]
  }, {
    "asset" : {
      "assetID" : "5f3e0fc4367d11ec95e0eeeeac1ece45868ecd1a"
    },
    "index" : 28,
    "addedDate" : 1664481080531,
    "metadata" : [ ]
  }, {
    "asset" : {
      "assetID" : "61be5226367d11ecbcf7eeeeac1e744e535c4102"
    },
    "index" : 38,
    "addedDate" : 1635391653250,
    "metadata" : [ ]
  }, {
    "asset" : {
      "assetID" : "606db613367d11ec8aafeeeeac1e5e3657a13ccb"
    },
    "index" : 33,
    "addedDate" : 1635391652925,
    "metadata" : [ ]
  }, {
    "asset" : {
      "assetID" : "79913ad1078611ec8c47eeeeac1efe0e71402329"
    },
    "index" : 40,
    "addedDate" : 1635391653329,
    "metadata" : [ ]
  }, {
    "asset" : {
      "assetID" : "60b06490367d11eca4deeeeeac1e54b67287286e"
    },
    "index" : 36,
    "addedDate" : 1664397280133,
    "metadata" : [ ]
  }, {
    "asset" : {
      "assetID" : "5cfa6168367d11eca0a3eeeeac1ed903c347410b"
    },
    "index" : 17,
    "addedDate" : 1635391652079,
    "metadata" : [ ]
  }, {
    "asset" : {
      "assetID" : "62c5fdf7367d11ecbc25eeeeac1e2962f930eff4"
    },
    "index" : 43,
    "addedDate" : 1664396898152,
    "metadata" : [ ]
  }, {
    "asset" : {
      "assetID" : "61221221367d11ec8868eeeeac1e3d387b2d3ea5"
    },
    "index" : 37,
    "addedDate" : 1635391653188,
    "metadata" : [ ]
  }, {
    "asset" : {
      "assetID" : "61f40804367d11ec83ebeeeeac1e20b3e681a79a"
    },
    "index" : 39,
    "addedDate" : 1664396959812,
    "metadata" : [ ]
  }, {
    "asset" : {
      "assetID" : "60838829367d11eca0a3eeeeac1ed903a15bfef2"
    },
    "index" : 34,
    "addedDate" : 1635391653020,
    "metadata" : [ ]
  }, {
    "asset" : {
      "assetID" : "6098bdc5367d11ecb675eeeeac1e6a69c3dd3456"
    },
    "index" : 35,
    "addedDate" : 1635391653094,
    "metadata" : [ ]
  }, {
    "asset" : {
      "assetID" : "6a87290e367d11ec8ef9eeeeac1e99aa19fe2802"
    },
    "index" : 44,
    "addedDate" : 1663815750631,
    "metadata" : [ ]
  }, {
    "asset" : {
      "assetID" : "6acc6f9b367d11ec8193eeeeac1ebf627e6d9040"
    },
    "index" : 47,
    "addedDate" : 1635391653657,
    "metadata" : [ ]
  }, {
    "asset" : {
      "assetID" : "6ab6c4a2367d11eca29deeeeac1e03f960ebfe71"
    },
    "index" : 46,
    "addedDate" : 1635391653563,
    "metadata" : [ ]
  }, {
    "asset" : {
      "assetID" : "621c023a367d11ecb890eeeeac1e0eb4e46d58bf"
    },
    "index" : 41,
    "addedDate" : 1635391653407,
    "metadata" : [ ]
  }, {
    "asset" : {
      "assetID" : "5e6b7d63367d11ec89b6eeeeac1e02baf1bce3eb"
    },
    "index" : 24,
    "addedDate" : 1635391652485,
    "metadata" : [ ]
  }, {
    "asset" : {
      "assetID" : "62327074367d11ec89b6eeeeac1e02bafe332608"
    },
    "index" : 42,
    "addedDate" : 1635391653454,
    "metadata" : [ ]
  }, {
    "asset" : {
      "assetID" : "6b61f8da367d11eca0a3eeeeac1ed903b53a34dd"
    },
    "index" : 49,
    "addedDate" : 1635391653735,
    "metadata" : [ ]
  }, {
    "asset" : {
      "assetID" : "6bfd4e81367d11eca4deeeeeac1e54b68c623f1d"
    },
    "index" : 51,
    "addedDate" : 1664397783011,
    "metadata" : [ ]
  }, {
    "asset" : {
      "assetID" : "6be29a76367d11ecb675eeeeac1e6a694b3ff3c7"
    },
    "index" : 50,
    "addedDate" : 1635391653891,
    "metadata" : [ ]
  }, {
    "asset" : {
      "assetID" : "6c1458f2367d11ec8868eeeeac1e3d38883071ea"
    },
    "index" : 52,
    "addedDate" : 1664392199287,
    "metadata" : [ ]
  }, {
    "asset" : {
      "assetID" : "6aa0cc02367d11ecac35eeeeac1e7c59977e3818"
    },
    "index" : 45,
    "addedDate" : 1664394971032,
    "metadata" : [ ]
  }, {
    "asset" : {
      "assetID" : "6c948577367d11ecbcf7eeeeac1e744ef03005b0"
    },
    "index" : 53,
    "addedDate" : 1635391654017,
    "metadata" : [ ]
  }, {
    "asset" : {
      "assetID" : "6d894595367d11ec83ebeeeeac1e20b3725a5b59"
    },
    "index" : 54,
    "addedDate" : 1635391654158,
    "metadata" : [ ]
  }, {
    "asset" : {
      "assetID" : "6e0fda8b367d11ecb890eeeeac1e0eb46eabb235"
    },
    "index" : 55,
    "addedDate" : 1635391654236,
    "metadata" : [ ]
  }, {
    "asset" : {
      "assetID" : "6eb0ae88367d11ecbc25eeeeac1e29629ae83bcf"
    },
    "index" : 57,
    "addedDate" : 1664397133622,
    "metadata" : [ ]
  }, {
    "asset" : {
      "assetID" : "6e244cf5367d11ec89b6eeeeac1e02ba2cce071a"
    },
    "index" : 56,
    "addedDate" : 1664397728981,
    "metadata" : [ ]
  }, {
    "asset" : {
      "assetID" : "6ee2943d367d11ecbd0feeeeac1efb1d435488f3"
    },
    "index" : 59,
    "addedDate" : 1635391654424,
    "metadata" : [ ]
  }, {
    "asset" : {
      "assetID" : "6f103413367d11ecac35eeeeac1e7c59eb52292a"
    },
    "index" : 61,
    "addedDate" : 1635391654502,
    "metadata" : [ ]
  }, {
    "asset" : {
      "assetID" : "6f8340d3367d11eca29deeeeac1e03f97e73bffd"
    },
    "index" : 62,
    "addedDate" : 1635391654580,
    "metadata" : [ ]
  }, {
    "asset" : {
      "assetID" : "6eca29ef367d11ec8ef9eeeeac1e99aa8fe3dee1"
    },
    "index" : 58,
    "addedDate" : 1635391654345,
    "metadata" : [ ]
  }, {
    "asset" : {
      "assetID" : "6ae5eae4367d11ec8aafeeeeac1e5e36fef8dac7"
    },
    "index" : 48,
    "addedDate" : 1664394918568,
    "metadata" : [ ]
  }, {
    "asset" : {
      "assetID" : "701101d5367d11ec8aafeeeeac1e5e36687f6fcf"
    },
    "index" : 63,
    "addedDate" : 1635391654658,
    "metadata" : [ ]
  }, {
    "asset" : {
      "assetID" : "708631fb367d11eca0a3eeeeac1ed903fb3b12cb"
    },
    "index" : 64,
    "addedDate" : 1635391654736,
    "metadata" : [ ]
  }, {
    "asset" : {
      "assetID" : "6ef83ee5367d11ec95e0eeeeac1ece45f49f8de0"
    },
    "index" : 60,
    "addedDate" : 1664482408545,
    "metadata" : [ ]
  }, {
    "asset" : {
      "assetID" : "e7fdc317374a11ecac35eeeeac1e7c5912621095"
    },
    "index" : 0,
    "addedDate" : 1664399098421,
    "metadata" : [ ]
  } ],
  "fileName" : "5c1de78ee8f16e1e3788514dbc8f04a97b2840bc.json",
  "name" : "Doctrine and Covenants Stories (Classic)",
  "english" : true,
  "publicTitle" : "Doctrine and Covenants Stories (Classic)",
  "description" : "Color illustrations of the Prophet Joseph Smith accompany paraphrased stories and revelations of the early Church and its history.",
  "collectionUri" : "primary-doctrine-and-covenants-stories-classic"
}