{
  "parentCollectionID" : "b43d757eb019f6607ea99cf31d4f98fd0466720b",
  "parentCollectionPath" : "Mobile Media Library/English - Video/Videos for Children",
  "collectionType" : "assets",
  "path" : "Mobile Media Library/English - Video/Videos for Children/Growing Faith",
  "collectionID" : "5c478c78c3444f3fbead011d27254c4c",
  "language" : "eng",
  "type" : "DEFAULT",
  "lastUpdatedDate" : "2024-08-29T08:52:34.041-06:00",
  "links" : [ {
    "rel" : "details",
    "href" : "https://titanapi.churchofjesuschrist.org/assetsearch/api/v2/collection/details/collectionID/5c478c78c3444f3fbead011d27254c4c"
  } ],
  "coverImages" : [ {
    "asset" : {
      "assetID" : "7fd88f97c869cbddd5b898a1aa065c502e7b9d53"
    }
  } ],
  "related" : [ ],
  "metadata" : [ {
    "key" : "orderIndex",
    "value" : "7"
  }, {
    "key" : "channel",
    "value" : "mobile",
    "language" : "eng"
  }, {
    "key" : "collectionUri",
    "value" : "growing-faith",
    "language" : "eng"
  }, {
    "key" : "publicTitle",
    "value" : "Growing Faith",
    "language" : "eng"
  } ],
  "children" : [ ],
  "assets" : [ {
    "asset" : {
      "assetID" : "F9B54677EA1B3BA596849ACBA500C4D342FBE8C5"
    },
    "index" : 3,
    "addedDate" : 1648011314713,
    "metadata" : [ ]
  }, {
    "asset" : {
      "assetID" : "67e5b5fb5e8d11ec9a90eeeeac1e181ad8df10cc"
    },
    "index" : 4,
    "addedDate" : 1648011358910,
    "metadata" : [ ]
  }, {
    "asset" : {
      "assetID" : "715a58498db311ec8827eeeeac1ee76dfe10956b"
    },
    "index" : 0,
    "addedDate" : 1648011391782,
    "metadata" : [ ]
  }, {
    "asset" : {
      "assetID" : "9df227d2d52d11ec9cd7eeeeac1ed76794454e32"
    },
    "index" : 5,
    "addedDate" : 1656722516768,
    "metadata" : [ ]
  }, {
    "asset" : {
      "assetID" : "b2924291e82011eca19ceeeeac1edba0b16a5630"
    },
    "index" : 1,
    "addedDate" : 1661266474999,
    "metadata" : [ ]
  }, {
    "asset" : {
      "assetID" : "5e9dc24e7d7b11ed99eceeeeac1ed2e0b1cf1acf"
    },
    "index" : 6,
    "addedDate" : 1679533469984,
    "metadata" : [ ]
  }, {
    "asset" : {
      "assetID" : "1bcdfd1af0fd11ed8ae1eeeeac1e8d38df86e3e3"
    },
    "index" : 2,
    "addedDate" : 1690411839665,
    "metadata" : [ ]
  }, {
    "asset" : {
      "assetID" : "2301b9d911e611eeb5cdeeeeac1e68d03fbfc697"
    },
    "index" : 7,
    "addedDate" : 1700177109907,
    "metadata" : [ ]
  }, {
    "asset" : {
      "assetID" : "83355702d00c11ee95b8eeeeac1ef2b44fd7662e"
    },
    "index" : 8,
    "addedDate" : 1712204759554,
    "metadata" : [ ]
  }, {
    "asset" : {
      "assetID" : "3eae6c321ec611efa4220289f5631d8f9f90b390"
    },
    "index" : 9,
    "addedDate" : 1724094924050,
    "metadata" : [ ]
  }, {
    "asset" : {
      "assetID" : "097d03945f0f11ef9b450286e0573c63af29d64a"
    },
    "index" : 10,
    "addedDate" : 1730317645400,
    "metadata" : [ ]
  }, {
    "asset" : {
      "assetID" : "b3c4a629963011efb4e50289f5631d8fd8efc2c2"
    },
    "index" : 11,
    "addedDate" : 1736975941564,
    "metadata" : [ ]
  } ],
  "fileName" : "5c478c78c3444f3fbead011d27254c4c.json",
  "name" : "Growing Faith",
  "english" : true,
  "publicTitle" : "Growing Faith",
  "collectionUri" : "growing-faith"
}