{
  "parentCollectionID" : "18d6cbd720a17cdd47c2b4f1a8846c098ba9a1fc",
  "parentCollectionPath" : "Mobile Media Library/English - Video/Broadcasts/Youth Events",
  "collectionType" : "assets",
  "path" : "Mobile Media Library/English - Video/Broadcasts/Youth Events/Face to Face with Musical Artists",
  "collectionID" : "5e63cf3b55a14fe899c73afa1a248c13",
  "language" : "eng",
  "type" : "DEFAULT",
  "lastUpdatedDate" : "2020-05-22T05:01:16.334-06:00",
  "links" : [ {
    "rel" : "details",
    "href" : "https://titanapi.churchofjesuschrist.org/assetsearch/api/v2/collection/details/collectionID/5e63cf3b55a14fe899c73afa1a248c13"
  } ],
  "coverImages" : [ {
    "asset" : {
      "assetID" : "0c94726c4299ab7e5821fe39fe9476849d4cc5c6"
    }
  } ],
  "related" : [ ],
  "metadata" : [ {
    "key" : "orderIndex",
    "value" : "13"
  }, {
    "key" : "collectionUri",
    "value" : "face-to-face-musical-artists",
    "language" : "eng"
  }, {
    "key" : "publicTitle",
    "value" : "Face to Face with Musical Artists",
    "language" : "eng"
  } ],
  "children" : [ ],
  "assets" : [ {
    "asset" : {
      "assetID" : "d243af7c644db5c76174d048a70e1b04fdac1f10"
    },
    "addedDate" : 1590119972446,
    "metadata" : [ ]
  } ],
  "fileName" : "5e63cf3b55a14fe899c73afa1a248c13.json",
  "name" : "Face to Face with Musical Artists",
  "english" : true,
  "publicTitle" : "Face to Face with Musical Artists",
  "collectionUri" : "face-to-face-musical-artists"
}