{
  "parentCollectionID" : "48eb64cd47be48c4a98d23fe2c7ede21",
  "parentCollectionPath" : "Mobile Media Library/English - Video/Scriptural Reenactments and Teachings/Book of Mormon Teaching Videos",
  "collectionType" : "assets",
  "path" : "Mobile Media Library/English - Video/Scriptural Reenactments and Teachings/Book of Mormon Teaching Videos/Introduction - 2 Nephi",
  "collectionID" : "5e9280191afb455d9858e323ef7242b4",
  "language" : "eng",
  "type" : "DEFAULT",
  "lastUpdatedDate" : "2022-09-07T10:13:15.098-06:00",
  "links" : [ {
    "rel" : "details",
    "href" : "https://titanapi.churchofjesuschrist.org/assetsearch/api/v2/collection/details/collectionID/5e9280191afb455d9858e323ef7242b4"
  } ],
  "coverImages" : [ {
    "asset" : {
      "assetID" : "1d9f192f3de35c8431efab2a342dd5d711088773"
    }
  } ],
  "related" : [ ],
  "metadata" : [ {
    "key" : "orderIndex",
    "value" : "1"
  }, {
    "key" : "channel",
    "value" : "mobile",
    "language" : "eng"
  }, {
    "key" : "collectionUri",
    "value" : "introduction-2-nephi-book-of-mormon",
    "language" : "eng"
  }, {
    "key" : "publicTitle",
    "value" : "Introduction - 2 Nephi",
    "language" : "eng"
  } ],
  "children" : [ ],
  "assets" : [ {
    "asset" : {
      "assetID" : "ed0ea750b20b7db02c3e5a65b951a331703727ae"
    },
    "addedDate" : 1662561146486,
    "metadata" : [ ]
  }, {
    "asset" : {
      "assetID" : "4016f79bf89de6179533ce26489e6e301fa4e446"
    },
    "addedDate" : 1662561146523,
    "metadata" : [ ]
  }, {
    "asset" : {
      "assetID" : "da2551165c0fed10dcef0c3de4f7002c4ae9a022"
    },
    "addedDate" : 1662561146406,
    "metadata" : [ ]
  }, {
    "asset" : {
      "assetID" : "04ba17a8ed9123fde2ec8c48324e8ef0e2549c84"
    },
    "addedDate" : 1662561146373,
    "metadata" : [ ]
  }, {
    "asset" : {
      "assetID" : "4e426e1752e3cbc41eb97b859cd59dea4cb9d651"
    },
    "addedDate" : 1662561146506,
    "metadata" : [ ]
  }, {
    "asset" : {
      "assetID" : "04217326b5bcd1b1b323a691cbda90d21b498ab4"
    },
    "addedDate" : 1662561146490,
    "metadata" : [ ]
  }, {
    "asset" : {
      "assetID" : "bc3b15911d7d5f990f9042ff6422e24de7c3c5cb"
    },
    "addedDate" : 1662561146513,
    "metadata" : [ ]
  }, {
    "asset" : {
      "assetID" : "d3f8644c4452df71e1085b8d96a7163ed212c868"
    },
    "addedDate" : 1662561146433,
    "metadata" : [ ]
  }, {
    "asset" : {
      "assetID" : "d7934342460e7776aac8c8d96ecbacc2b4af692d"
    },
    "addedDate" : 1662561146510,
    "metadata" : [ ]
  }, {
    "asset" : {
      "assetID" : "06dd7c1883610bc4d97145cee964fcea0f85fe29"
    },
    "addedDate" : 1662561146413,
    "metadata" : [ ]
  }, {
    "asset" : {
      "assetID" : "955146cfaaf1b9dfea452c7af5909fed97b44451"
    },
    "addedDate" : 1662561146403,
    "metadata" : [ ]
  }, {
    "asset" : {
      "assetID" : "536f7e3723f31b4482a21eb4a7e32fbbb0214878"
    },
    "addedDate" : 1662561146476,
    "metadata" : [ ]
  }, {
    "asset" : {
      "assetID" : "f0b382c2d866205f29ea675d5bdc45b81aa8f60a"
    },
    "addedDate" : 1662561146500,
    "metadata" : [ ]
  }, {
    "asset" : {
      "assetID" : "95f9dd68bbadff7546883795637755d5d3080b85"
    },
    "addedDate" : 1662561146396,
    "metadata" : [ ]
  }, {
    "asset" : {
      "assetID" : "2cf73f5121843109188867bc84103e6b8f969e08"
    },
    "addedDate" : 1662561146416,
    "metadata" : [ ]
  }, {
    "asset" : {
      "assetID" : "23271c013993e69e2af83bbf63bd8a31fba77fe9"
    },
    "addedDate" : 1662561146440,
    "metadata" : [ ]
  }, {
    "asset" : {
      "assetID" : "e7d9bbdf59c0461d9373f1d7d40b5e2529150f16"
    },
    "addedDate" : 1662561146386,
    "metadata" : [ ]
  }, {
    "asset" : {
      "assetID" : "e648dbb8821cec602ce42d7d80f1764b777565d3"
    },
    "addedDate" : 1662561146450,
    "metadata" : [ ]
  }, {
    "asset" : {
      "assetID" : "f7bf80d74571f14fdf9fc77e1fdaf712a9abce20"
    },
    "addedDate" : 1662561146486,
    "metadata" : [ ]
  }, {
    "asset" : {
      "assetID" : "ee6c55e584334cb9f6204bfa30fe0f5965365456"
    },
    "addedDate" : 1662561146390,
    "metadata" : [ ]
  }, {
    "asset" : {
      "assetID" : "949ea7c1378402c9c8e91acd99a32319520b9b48"
    },
    "addedDate" : 1662561146516,
    "metadata" : [ ]
  }, {
    "asset" : {
      "assetID" : "6c67a421922733aa41966623c61b89b7da2457a0"
    },
    "addedDate" : 1662561146423,
    "metadata" : [ ]
  }, {
    "asset" : {
      "assetID" : "8185e8e02181918f1a24dceda51672820b264421"
    },
    "addedDate" : 1662561146493,
    "metadata" : [ ]
  }, {
    "asset" : {
      "assetID" : "c2b5668709b22fbc5f1ab629f29cb07bdf9b602d"
    },
    "addedDate" : 1662561146456,
    "metadata" : [ ]
  }, {
    "asset" : {
      "assetID" : "5a0be58cf349be268e96b4e6795021f1a602f82c"
    },
    "addedDate" : 1662561146413,
    "metadata" : [ ]
  }, {
    "asset" : {
      "assetID" : "4f4f9f64ca0510c397d4c84111d10f0d8102be25"
    },
    "addedDate" : 1662561146516,
    "metadata" : [ ]
  }, {
    "asset" : {
      "assetID" : "2f28776f4f958ddccff2bf4827d7b72c2d692f3c"
    },
    "addedDate" : 1662561146466,
    "metadata" : [ ]
  }, {
    "asset" : {
      "assetID" : "611c171d48ccfc54373e2fce22aaaaad96a9a114"
    },
    "addedDate" : 1662561146460,
    "metadata" : [ ]
  }, {
    "asset" : {
      "assetID" : "8558ea5ae0afc39818fd933b21a49649999da85a"
    },
    "addedDate" : 1662561146530,
    "metadata" : [ ]
  }, {
    "asset" : {
      "assetID" : "8bc4f655dd6d165a04bb831e003664a0554cebad"
    },
    "addedDate" : 1662561146383,
    "metadata" : [ ]
  }, {
    "asset" : {
      "assetID" : "d5fd7fe6c2330660f2c1d98f4a642fd94f1e0020"
    },
    "addedDate" : 1662561146470,
    "metadata" : [ ]
  }, {
    "asset" : {
      "assetID" : "76e86afe34e733710ea04346a06029505bd214ea"
    },
    "addedDate" : 1662561146460,
    "metadata" : [ ]
  }, {
    "asset" : {
      "assetID" : "eae31c61af573a960b2bbc97e0a78a7f6ebe204d"
    },
    "addedDate" : 1662561146530,
    "metadata" : [ ]
  }, {
    "asset" : {
      "assetID" : "db309a2c9f289a756da21fd7b6e0fd701db57386"
    },
    "addedDate" : 1662561146473,
    "metadata" : [ ]
  }, {
    "asset" : {
      "assetID" : "11c13b213d73ea9f6dc4c8da14af571120f05179"
    },
    "addedDate" : 1662561146400,
    "metadata" : [ ]
  }, {
    "asset" : {
      "assetID" : "fe33ef8769ea292870204a4be34821c8bbbe117c"
    },
    "addedDate" : 1662561146446,
    "metadata" : [ ]
  }, {
    "asset" : {
      "assetID" : "a614faf82328bde55434462852b0fd45c1b37e2b"
    },
    "addedDate" : 1662561146430,
    "metadata" : [ ]
  }, {
    "asset" : {
      "assetID" : "bf5572f675589bfe1b6d4823d186684f2cdcfa56"
    },
    "addedDate" : 1662561146380,
    "metadata" : [ ]
  }, {
    "asset" : {
      "assetID" : "c804515f94dbb37ce3924a9b3e6cf2db008c741e"
    },
    "addedDate" : 1662561146443,
    "metadata" : [ ]
  }, {
    "asset" : {
      "assetID" : "e2e52e730e422126d345ce6a4e2b122730dac886"
    },
    "addedDate" : 1662561146480,
    "metadata" : [ ]
  }, {
    "asset" : {
      "assetID" : "f16e0208f64d591f8c38a933bca89605aedf1bc4"
    },
    "addedDate" : 1662561146440,
    "metadata" : [ ]
  }, {
    "asset" : {
      "assetID" : "9900a439907473618b4af26e24218cf314d8b32f"
    },
    "addedDate" : 1662561146480,
    "metadata" : [ ]
  }, {
    "asset" : {
      "assetID" : "c8eab7ed356d596e75285675ed620d17d64f6254"
    },
    "addedDate" : 1662561146426,
    "metadata" : [ ]
  }, {
    "asset" : {
      "assetID" : "ca2c887a4f237a3606e6d4a30a9f26c3d94e5abf"
    },
    "addedDate" : 1662561146503,
    "metadata" : [ ]
  }, {
    "asset" : {
      "assetID" : "80fb640806258f244defe8d164e8f41ac75a14f1"
    },
    "addedDate" : 1662561146520,
    "metadata" : [ ]
  }, {
    "asset" : {
      "assetID" : "254308bf0a682130f32e139b4e35c26bc4315bfb"
    },
    "addedDate" : 1662561146500,
    "metadata" : [ ]
  }, {
    "asset" : {
      "assetID" : "1d801ece8568b892eaed79b1110a35609d0b9d49"
    },
    "addedDate" : 1662561146400,
    "metadata" : [ ]
  }, {
    "asset" : {
      "assetID" : "43c13542930388e18207296695f5f8dc048185ab"
    },
    "addedDate" : 1662561146410,
    "metadata" : [ ]
  }, {
    "asset" : {
      "assetID" : "1beb4e77ce60d09e25d87e7b9d3684c5d3879013"
    },
    "addedDate" : 1662561146496,
    "metadata" : [ ]
  }, {
    "asset" : {
      "assetID" : "43f43a1c0f9543db055f69f05fd0e17a7bbac4db"
    },
    "addedDate" : 1662561146420,
    "metadata" : [ ]
  }, {
    "asset" : {
      "assetID" : "3cf2b00d546c98e75585cc3fcd12eb3896412e9e"
    },
    "addedDate" : 1662561146493,
    "metadata" : [ ]
  }, {
    "asset" : {
      "assetID" : "3d9d68f080a4fa65952d325ed0a9369f8105ab10"
    },
    "addedDate" : 1662561146393,
    "metadata" : [ ]
  }, {
    "asset" : {
      "assetID" : "a0ee13a55e6937b0ccd89fa87250cd553c395837"
    },
    "addedDate" : 1662561146526,
    "metadata" : [ ]
  } ],
  "fileName" : "5e9280191afb455d9858e323ef7242b4.json",
  "name" : "Introduction - 2 Nephi",
  "english" : true,
  "publicTitle" : "Introduction - 2 Nephi",
  "collectionUri" : "introduction-2-nephi-book-of-mormon"
}