{
  "parentCollectionID" : "c38b5072fbac4486af3dda9ced95cb56",
  "parentCollectionPath" : "Mobile Media Library/English - Video/Callings and Trainings/Missionary/Missionary Teaching",
  "collectionType" : "assets",
  "path" : "Mobile Media Library/English - Video/Callings and Trainings/Missionary/Missionary Teaching/Basic Beliefs-Missionary Teaching",
  "collectionID" : "5ee8466ae64c4cd58bde3d3a384b8a79",
  "language" : "eng",
  "type" : "DEFAULT",
  "lastUpdatedDate" : "2020-04-15T19:13:48.858-06:00",
  "links" : [ {
    "rel" : "details",
    "href" : "https://titanapi.churchofjesuschrist.org/assetsearch/api/v2/collection/details/collectionID/5ee8466ae64c4cd58bde3d3a384b8a79"
  } ],
  "coverImages" : [ {
    "asset" : {
      "assetID" : "320a57b5a867912dc89bc2330eee1e53ebf138d8"
    }
  } ],
  "related" : [ ],
  "metadata" : [ {
    "key" : "collectionUri",
    "value" : "basic-beliefs-missionary-teaching",
    "language" : "eng"
  }, {
    "key" : "publicTitle",
    "value" : "Basic Beliefs—Missionary Teaching",
    "language" : "eng"
  } ],
  "children" : [ ],
  "assets" : [ {
    "asset" : {
      "assetID" : "800671dd1337d81b359ac43753d674a21f303381"
    },
    "addedDate" : 1586488341340,
    "metadata" : [ ]
  }, {
    "asset" : {
      "assetID" : "bebb4096d1407027ed3b4f1baab339c2ffd25b65"
    },
    "addedDate" : 1586488509337,
    "metadata" : [ ]
  }, {
    "asset" : {
      "assetID" : "db5f9bc1361c6662bacbe644d51b54d50fdf0a1d"
    },
    "addedDate" : 1586488994340,
    "metadata" : [ ]
  }, {
    "asset" : {
      "assetID" : "2d55be29a07d439ca2dce44a53de59589cb497e1"
    },
    "addedDate" : 1586488930550,
    "metadata" : [ ]
  }, {
    "asset" : {
      "assetID" : "794ec8fbeac6c0d67c2f32a96a41e0eb3f4257a4"
    },
    "addedDate" : 1586488314866,
    "metadata" : [ ]
  }, {
    "asset" : {
      "assetID" : "7b8e5077ae88a2661c9aa4d43a83f589becc95fc"
    },
    "addedDate" : 1586488335404,
    "metadata" : [ ]
  }, {
    "asset" : {
      "assetID" : "6a7db7dc3d4a90353072a6ec81a007171b9f9f94"
    },
    "addedDate" : 1586488320969,
    "metadata" : [ ]
  }, {
    "asset" : {
      "assetID" : "bc60c6693ae3423248f91db3342fc854f83fdfc9"
    },
    "addedDate" : 1586488304929,
    "metadata" : [ ]
  }, {
    "asset" : {
      "assetID" : "35489cbc7450bdba9175394d324d4cb818879808"
    },
    "addedDate" : 1592433099354,
    "metadata" : [ ]
  }, {
    "asset" : {
      "assetID" : "2E976B72B32B51E707BFFDF72B2984F03CED1A66"
    },
    "addedDate" : 1586488346606,
    "metadata" : [ ]
  }, {
    "asset" : {
      "assetID" : "381f78232763127de1527ccfc4a7ab4d28a78b9a"
    },
    "addedDate" : 1586488294887,
    "metadata" : [ ]
  }, {
    "asset" : {
      "assetID" : "a746af076e70c7f76b16e95a5a74cc139964ae0f"
    },
    "addedDate" : 1586488328945,
    "metadata" : [ ]
  }, {
    "asset" : {
      "assetID" : "0ED8E30712D3CD3652945E6D0C040F429E1C7390"
    },
    "addedDate" : 1586488851343,
    "metadata" : [ ]
  } ],
  "fileName" : "5ee8466ae64c4cd58bde3d3a384b8a79.json",
  "name" : "Basic Beliefs-Missionary Teaching",
  "english" : true,
  "publicTitle" : "Basic Beliefs—Missionary Teaching",
  "collectionUri" : "basic-beliefs-missionary-teaching"
}