{
  "parentCollectionID" : "bd59191796027fc53f46f5811862b4ff2baaa3b2",
  "parentCollectionPath" : "Mobile Media Library/English - Video/Topics",
  "collectionType" : "assets",
  "path" : "Mobile Media Library/English - Video/Topics/Perspective",
  "collectionID" : "5efdaba3534845deb9c0552fc919b378",
  "language" : "eng",
  "type" : "DEFAULT",
  "lastUpdatedDate" : "2020-09-20T12:19:17.675-06:00",
  "links" : [ {
    "rel" : "details",
    "href" : "https://titanapi.churchofjesuschrist.org/assetsearch/api/v2/collection/details/collectionID/5efdaba3534845deb9c0552fc919b378"
  } ],
  "coverImages" : [ {
    "asset" : {
      "assetID" : "ad2753982a661aeac622c6c5a7c521a86c304a02"
    }
  } ],
  "related" : [ ],
  "metadata" : [ {
    "key" : "description",
    "value" : "As Latter-day Saints, we see mortal life with an eternal perspective. This collection shows how we strive for Christlike perfection while accepting that perfection is a process that will continue after death.",
    "language" : "eng"
  }, {
    "key" : "collectionUri",
    "value" : "perspective-topic",
    "language" : "eng"
  }, {
    "key" : "publicTitle",
    "value" : "Perspective",
    "language" : "eng"
  }, {
    "key" : "orderIndex",
    "value" : "71"
  } ],
  "children" : [ ],
  "assets" : [ {
    "asset" : {
      "assetID" : "338c803340e52609f63fa54e9e3bf010d607c958"
    },
    "addedDate" : 1577151063315,
    "metadata" : [ ]
  }, {
    "asset" : {
      "assetID" : "976721f95ccf55d5ab9975c77816ef38ae292ff3"
    },
    "addedDate" : 1592433099808,
    "metadata" : [ ]
  }, {
    "asset" : {
      "assetID" : "9772e938727e7cec91926aa3327eb95779e9eb16"
    },
    "addedDate" : 1577150963624,
    "metadata" : [ ]
  }, {
    "asset" : {
      "assetID" : "dfe67d8a807bba1ad9bcb60f2e0392d0e39e99dc"
    },
    "addedDate" : 1592396742422,
    "metadata" : [ ]
  }, {
    "asset" : {
      "assetID" : "c3aa8cbca3a51a66435a4062b264906e6d633988"
    },
    "addedDate" : 1592952635751,
    "metadata" : [ ]
  }, {
    "asset" : {
      "assetID" : "5490f85804e830c4946004838a74ff054443587b"
    },
    "addedDate" : 1592433100637,
    "metadata" : [ ]
  }, {
    "asset" : {
      "assetID" : "1c446d5fd57a71a635f3feef89ac547ab40dd1db"
    },
    "addedDate" : 1577151029529,
    "metadata" : [ ]
  }, {
    "asset" : {
      "assetID" : "66a2a2a476d2bd0122778f90061f22e31e03ba4b"
    },
    "addedDate" : 1577151049434,
    "metadata" : [ ]
  }, {
    "asset" : {
      "assetID" : "bdb0e32123c350bc07862665c22296904d79d2a7"
    },
    "addedDate" : 1577151109653,
    "metadata" : [ ]
  }, {
    "asset" : {
      "assetID" : "414fe3c6cb2d2d5038a7f4ec5315057cbeb532e7"
    },
    "addedDate" : 1577151072913,
    "metadata" : [ ]
  }, {
    "asset" : {
      "assetID" : "1bf42bda8bbcfacaa0d15bd84e5f8f120bee5f5b"
    },
    "addedDate" : 1577151097109,
    "metadata" : [ ]
  }, {
    "asset" : {
      "assetID" : "ea8d5b01a898fb4b5c097a0ea4a4b0e2d32940c4"
    },
    "addedDate" : 1577150981783,
    "metadata" : [ ]
  }, {
    "asset" : {
      "assetID" : "24a2e2dadf8194d0048f544cde1522cc9441b76a"
    },
    "addedDate" : 1592433101247,
    "metadata" : [ ]
  } ],
  "fileName" : "5efdaba3534845deb9c0552fc919b378.json",
  "name" : "Perspective",
  "english" : true,
  "publicTitle" : "Perspective",
  "description" : "As Latter-day Saints, we see mortal life with an eternal perspective. This collection shows how we strive for Christlike perfection while accepting that perfection is a process that will continue after death.",
  "collectionUri" : "perspective-topic"
}