{
  "parentCollectionID" : "e041f4a37ad44d728a4fd81ac601b4a0",
  "parentCollectionPath" : "Mobile Media Library/English - Video/Life Help/Physical Health",
  "collectionType" : "assets",
  "path" : "Mobile Media Library/English - Video/Life Help/Physical Health/Word of Wisdom",
  "collectionID" : "5fecc12a2b574cc09f2be8cbae7f78c9",
  "language" : "eng",
  "type" : "DEFAULT",
  "lastUpdatedDate" : "2024-08-12T04:35:00.327-06:00",
  "links" : [ {
    "rel" : "details",
    "href" : "https://titanapi.churchofjesuschrist.org/assetsearch/api/v2/collection/details/collectionID/5fecc12a2b574cc09f2be8cbae7f78c9"
  } ],
  "coverImages" : [ {
    "asset" : {
      "assetID" : "8e2100a76a956fd82d6cdcc20c56f330b7e5e841"
    }
  } ],
  "related" : [ ],
  "metadata" : [ {
    "key" : "orderIndex",
    "value" : "2"
  }, {
    "key" : "collectionUri",
    "value" : "word-of-wisdom",
    "language" : "eng"
  }, {
    "key" : "publicTitle",
    "value" : "Word of Wisdom",
    "language" : "eng"
  } ],
  "children" : [ ],
  "assets" : [ {
    "asset" : {
      "assetID" : "3a8816ac423e885cfdb5a66f1621cd288bcf2ee8"
    },
    "index" : 9,
    "addedDate" : 1723458813414,
    "metadata" : [ ]
  }, {
    "asset" : {
      "assetID" : "91c62d451da8a8b5738caf4f1553152caccc775d"
    },
    "index" : 2,
    "addedDate" : 1723151998275,
    "metadata" : [ ]
  }, {
    "asset" : {
      "assetID" : "cb47933cfe18b09e759570f993c42d2c40758f90"
    },
    "index" : 7,
    "addedDate" : 1723152063620,
    "metadata" : [ ]
  }, {
    "asset" : {
      "assetID" : "d439cdd47eb3020b4c134deaeb33f24a69786407"
    },
    "index" : 5,
    "addedDate" : 1723152036664,
    "metadata" : [ ]
  }, {
    "asset" : {
      "assetID" : "88b0f3275d3a42caf1dc304fd3e7737103a30316"
    },
    "index" : 4,
    "addedDate" : 1723152024951,
    "metadata" : [ ]
  }, {
    "asset" : {
      "assetID" : "cd0bc41e380a3428735d564e61907241fd647740"
    },
    "index" : 10,
    "addedDate" : 1723207370048,
    "metadata" : [ ]
  }, {
    "asset" : {
      "assetID" : "341FB0B9B763C64F388D098D196C6B0AA15C21BC"
    },
    "index" : 3,
    "addedDate" : 1723152010846,
    "metadata" : [ ]
  }, {
    "asset" : {
      "assetID" : "74804C703EA53A7DCB5DFB78BE48440CB09BCF81"
    },
    "index" : 0,
    "addedDate" : 1723151963112,
    "metadata" : [ ]
  }, {
    "asset" : {
      "assetID" : "d221fb3f01ca11ec80e5eeeeac1e3718445e074c"
    },
    "index" : 6,
    "addedDate" : 1723152049620,
    "metadata" : [ ]
  }, {
    "asset" : {
      "assetID" : "8f29c81b14bc11ec9645eeeeac1eed4867afd91e"
    },
    "index" : 1,
    "addedDate" : 1723151978709,
    "metadata" : [ ]
  } ],
  "fileName" : "5fecc12a2b574cc09f2be8cbae7f78c9.json",
  "name" : "Word of Wisdom",
  "english" : true,
  "publicTitle" : "Word of Wisdom",
  "collectionUri" : "word-of-wisdom"
}