{
  "parentCollectionID" : "aaaa6e4cc365ed3bceffb8530ff25a2102fa8578",
  "parentCollectionPath" : "Mobile Media Library/English - Video/Life Help/Self-Reliance Services and PEF/Starting and Growing My Business (US and Canada Only)",
  "collectionType" : "assets",
  "path" : "Mobile Media Library/English - Video/Life Help/Self-Reliance Services and PEF/Starting and Growing My Business (US and Canada Only)/Chapter 2: Solving Unmet Customer Needs",
  "collectionID" : "608dbf314be9bbbff1a7322bb28f70eb66066196",
  "language" : "eng",
  "type" : "DEFAULT",
  "lastUpdatedDate" : "2020-05-20T16:13:05.095-06:00",
  "links" : [ {
    "rel" : "details",
    "href" : "https://titanapi.churchofjesuschrist.org/assetsearch/api/v2/collection/details/collectionID/608dbf314be9bbbff1a7322bb28f70eb66066196"
  } ],
  "coverImages" : [ {
    "asset" : {
      "assetID" : "ce4522ee1fe1397af04ff4c4bb56a4af883b2ba8"
    }
  } ],
  "related" : [ ],
  "metadata" : [ {
    "key" : "collectionUri",
    "value" : "chapter-2-solving-unmet-customer-needs",
    "language" : "eng"
  }, {
    "key" : "publicTitle",
    "value" : "Chapter 2: Solving Unmet Customer Needs",
    "language" : "eng"
  } ],
  "children" : [ ],
  "assets" : [ {
    "asset" : {
      "assetID" : "2e1526638b7831defe60c67db9bf0f72222e0098"
    },
    "addedDate" : 1590011475385,
    "metadata" : [ ]
  }, {
    "asset" : {
      "assetID" : "a4e4dca19c4d5f9ae40ae085ba5b8244d48359d9"
    },
    "addedDate" : 1590012731523,
    "metadata" : [ ]
  }, {
    "asset" : {
      "assetID" : "e548782bd1c5a2308a768d3039ffee5df332c78e"
    },
    "addedDate" : 1590010689638,
    "metadata" : [ ]
  } ],
  "fileName" : "608dbf314be9bbbff1a7322bb28f70eb66066196.json",
  "name" : "Chapter 2: Solving Unmet Customer Needs",
  "english" : true,
  "publicTitle" : "Chapter 2: Solving Unmet Customer Needs",
  "collectionUri" : "chapter-2-solving-unmet-customer-needs"
}