{
  "parentCollectionID" : "39befd6445634a19a8521ffe3e3dd6c2",
  "parentCollectionPath" : "Mobile Media Library/English - Video/Callings and Trainings/Leadership/General Conference Leadership Meetings",
  "collectionType" : "assets",
  "path" : "Mobile Media Library/English - Video/Callings and Trainings/Leadership/General Conference Leadership Meetings/April 2015: Sabbath Day Observance",
  "collectionID" : "60c92c8faf1047199c213a449d5ddefe",
  "language" : "eng",
  "type" : "DEFAULT",
  "lastUpdatedDate" : "2019-12-20T15:46:00.532-07:00",
  "links" : [ {
    "rel" : "details",
    "href" : "https://titanapi.churchofjesuschrist.org/assetsearch/api/v2/collection/details/collectionID/60c92c8faf1047199c213a449d5ddefe"
  } ],
  "coverImages" : [ {
    "asset" : {
      "assetID" : "7f5fb74cc3a576c3a6886b1a40d12d8e55b59c21"
    }
  } ],
  "related" : [ ],
  "metadata" : [ {
    "key" : "collectionUri",
    "value" : "april-2015-sabbath-day-observance",
    "language" : "eng"
  }, {
    "key" : "publicTitle",
    "value" : "April 2015: Sabbath Day Observance",
    "language" : "eng"
  }, {
    "key" : "orderIndex",
    "value" : "3"
  } ],
  "children" : [ ],
  "assets" : [ {
    "asset" : {
      "assetID" : "bb0e92e490f983cfb1007ca4cea4f1e027f02147"
    },
    "addedDate" : 1576882002990,
    "metadata" : [ ]
  } ],
  "fileName" : "60c92c8faf1047199c213a449d5ddefe.json",
  "name" : "April 2015: Sabbath Day Observance",
  "english" : true,
  "publicTitle" : "April 2015: Sabbath Day Observance",
  "collectionUri" : "april-2015-sabbath-day-observance"
}