{
  "parentCollectionID" : "91771842fbbb7d811f5a115ac78e403ba6e5d528",
  "parentCollectionPath" : "Mobile Media Library/English - Video/Inspiration",
  "collectionType" : "assets",
  "path" : "Mobile Media Library/English - Video/Inspiration/Saints Channel Studio",
  "collectionID" : "619066086d57d9dca5476b53573dbb5dfd4838d0",
  "language" : "eng",
  "type" : "DEFAULT",
  "lastUpdatedDate" : "2021-02-03T15:38:51.224-07:00",
  "links" : [ {
    "rel" : "details",
    "href" : "https://titanapi.churchofjesuschrist.org/assetsearch/api/v2/collection/details/collectionID/619066086d57d9dca5476b53573dbb5dfd4838d0"
  } ],
  "coverImages" : [ {
    "asset" : {
      "assetID" : "35b196436c9bf9340e2a01c9474054712b2cfaf5"
    }
  } ],
  "related" : [ ],
  "metadata" : [ {
    "key" : "orderIndex",
    "value" : "12"
  }, {
    "key" : "description",
    "value" : "This video collection of various studio performers offers gospel-themed music accompanied by acoustic guitars and piano. Recorded in Latin, country, bluegrass, and popular folk traditions in both solo and multi-singer format.",
    "language" : "eng"
  }, {
    "key" : "collectionUri",
    "value" : "saints-channel-studio",
    "language" : "eng"
  }, {
    "key" : "publicTitle",
    "value" : "Saints Channel Studio",
    "language" : "eng"
  } ],
  "children" : [ ],
  "assets" : [ {
    "asset" : {
      "assetID" : "0373a2cbb0788f2f2fed3e3dfd6e9fa096004895"
    },
    "index" : 41,
    "addedDate" : 1582067698354,
    "metadata" : [ ]
  }, {
    "asset" : {
      "assetID" : "04add95d46a06febe18b3d7a6100775c04734643"
    },
    "index" : 27,
    "addedDate" : 1529353408023,
    "metadata" : [ ]
  }, {
    "asset" : {
      "assetID" : "05a626fd28c27b087b495c690bbf72873cda4dc3"
    },
    "index" : 31,
    "addedDate" : 1529353341049,
    "metadata" : [ ]
  }, {
    "asset" : {
      "assetID" : "10abffe8f137003611996855fdf6571068ea6af4"
    },
    "index" : 42,
    "addedDate" : 1582025142917,
    "metadata" : [ ]
  }, {
    "asset" : {
      "assetID" : "11eb76df68d2b7b9edf8284339e13e2229c23b08"
    },
    "index" : 20,
    "addedDate" : 1529332817093,
    "metadata" : [ ]
  }, {
    "asset" : {
      "assetID" : "13716c96c904c4c74959cc6e4eb8ea12846dc059"
    },
    "index" : 34,
    "addedDate" : 1582022661378,
    "metadata" : [ ]
  }, {
    "asset" : {
      "assetID" : "17c528c014df7852502c390b0a2e915827754b98"
    },
    "index" : 7,
    "addedDate" : 1529332563027,
    "metadata" : [ ]
  }, {
    "asset" : {
      "assetID" : "1909de845cfdacfb9d9f68b67450fe10008ccf9b"
    },
    "index" : 39,
    "addedDate" : 1582023134092,
    "metadata" : [ ]
  }, {
    "asset" : {
      "assetID" : "2149d2a7bd58d6a84f89c409c614aca941a17ce7"
    },
    "index" : 38,
    "addedDate" : 1582024083246,
    "metadata" : [ ]
  }, {
    "asset" : {
      "assetID" : "218f0e1bcb91f5228cb81c92ead551d0bc21052b"
    },
    "index" : 51,
    "addedDate" : 1595218258792,
    "metadata" : [ ]
  }, {
    "asset" : {
      "assetID" : "3ea84dfe28fd7fa3db4d99ba08152a1b5644a091"
    },
    "index" : 11,
    "addedDate" : 1529332666053,
    "metadata" : [ ]
  }, {
    "asset" : {
      "assetID" : "41de9cfaae89cb035ac702b24ebfc8cb5563feb7"
    },
    "index" : 48,
    "addedDate" : 1582068779033,
    "metadata" : [ ]
  }, {
    "asset" : {
      "assetID" : "45f966a07b1e34590d46b06603b2a55babb66834"
    },
    "index" : 10,
    "addedDate" : 1529332650045,
    "metadata" : [ ]
  }, {
    "asset" : {
      "assetID" : "4f614b0d333d60b31a3145f04205b55d0022b790"
    },
    "index" : 17,
    "addedDate" : 1529347458025,
    "metadata" : [ ]
  }, {
    "asset" : {
      "assetID" : "54c1496a9976174a88fafcd98e3de7c6108468f8"
    },
    "index" : 19,
    "addedDate" : 1529332833070,
    "metadata" : [ ]
  }, {
    "asset" : {
      "assetID" : "6845a52642702da126ff64d7316ee189fad4254d"
    },
    "index" : 33,
    "addedDate" : 1529353376039,
    "metadata" : [ ]
  }, {
    "asset" : {
      "assetID" : "6872d9640d3952fca403f6cea489e2331ccf8941"
    },
    "index" : 28,
    "addedDate" : 1529353063071,
    "metadata" : [ ]
  }, {
    "asset" : {
      "assetID" : "71ce3dde042c9c5b490b888f1879c177fe8d0f20"
    },
    "index" : 40,
    "addedDate" : 1582067437210,
    "metadata" : [ ]
  }, {
    "asset" : {
      "assetID" : "72abd6090d3966393c9a39b2b48089c772860fbf"
    },
    "index" : 46,
    "addedDate" : 1632956850598,
    "metadata" : [ ]
  }, {
    "asset" : {
      "assetID" : "799cc9d448f7422fecb6dadea51fd4987dd2851a"
    },
    "index" : 26,
    "addedDate" : 1529353366008,
    "metadata" : [ ]
  }, {
    "asset" : {
      "assetID" : "7fb43ca58f7bf2f6f20270364dcf40fc49cb0b9d"
    },
    "index" : 8,
    "addedDate" : 1529507756078,
    "metadata" : [ ]
  }, {
    "asset" : {
      "assetID" : "821705403fc6a7614f7666ad3fb9d345d66ad963"
    },
    "index" : 36,
    "addedDate" : 1529353387018,
    "metadata" : [ ]
  }, {
    "asset" : {
      "assetID" : "8630c6a1cc22c77b0855f7eb5475063f381b5f11"
    },
    "index" : 24,
    "addedDate" : 1529347423019,
    "metadata" : [ ]
  }, {
    "asset" : {
      "assetID" : "86b090f6ff8f559a3e2af44424585ba2155460bb"
    },
    "index" : 30,
    "addedDate" : 1529353298034,
    "metadata" : [ ]
  }, {
    "asset" : {
      "assetID" : "8e92ae566a39a3f32b9448a68f4a3e3d33ebb691"
    },
    "index" : 21,
    "addedDate" : 1529332806016,
    "metadata" : [ ]
  }, {
    "asset" : {
      "assetID" : "9d28a0c57bfadd09e335a998fc3a6b139fbc476c"
    },
    "index" : 35,
    "addedDate" : 1529353284063,
    "metadata" : [ ]
  }, {
    "asset" : {
      "assetID" : "a5b61a1714d38fd773ebb17b596181443a4617eb"
    },
    "index" : 29,
    "addedDate" : 1529332767011,
    "metadata" : [ ]
  }, {
    "asset" : {
      "assetID" : "a72a56e70c6103e9c9769053823b25d1c3b22041"
    },
    "index" : 13,
    "addedDate" : 1529507740040,
    "metadata" : [ ]
  }, {
    "asset" : {
      "assetID" : "b02d07ce9cb1a3fce3bd35ce2267283253c739c0"
    },
    "index" : 18,
    "addedDate" : 1529347447002,
    "metadata" : [ ]
  }, {
    "asset" : {
      "assetID" : "377edbb2619554080ac33a3cef65d9fa17d535c2"
    },
    "index" : 55,
    "addedDate" : 1582021103737,
    "metadata" : [ ]
  }, {
    "asset" : {
      "assetID" : "bd862d25dc936e4e8fde0452d2a33ca98ea35cea"
    },
    "index" : 25,
    "addedDate" : 1529353397094,
    "metadata" : [ ]
  }, {
    "asset" : {
      "assetID" : "be452699fbf9871432b28aaf42a1fd853fcd58c1"
    },
    "index" : 12,
    "addedDate" : 1529332681011,
    "metadata" : [ ]
  }, {
    "asset" : {
      "assetID" : "be929ec5938f107967474dd3b1866002a27784d6"
    },
    "index" : 43,
    "addedDate" : 1582024376596,
    "metadata" : [ ]
  }, {
    "asset" : {
      "assetID" : "2655ff671bcb959a29c2d923c60507370af76a3e"
    },
    "index" : 53,
    "addedDate" : 1582021430281,
    "metadata" : [ ]
  }, {
    "asset" : {
      "assetID" : "d2d6de6ddd37727b35f1157e96b697e94414abf0"
    },
    "index" : 15,
    "addedDate" : 1529332738014,
    "metadata" : [ ]
  }, {
    "asset" : {
      "assetID" : "d5f9b2e40f193d73a74a0a79c23eeb90637e0fb2"
    },
    "index" : 52,
    "addedDate" : 1582025683015,
    "metadata" : [ ]
  }, {
    "asset" : {
      "assetID" : "e2c6a2ed924c29c10f1ea4ab2c046f0f538f3574"
    },
    "index" : 47,
    "addedDate" : 1582024614818,
    "metadata" : [ ]
  }, {
    "asset" : {
      "assetID" : "e9477eb375c371388959575da44b5f5f976a69e8"
    },
    "index" : 23,
    "addedDate" : 1529347436000,
    "metadata" : [ ]
  }, {
    "asset" : {
      "assetID" : "ebd42b5c277c761e62292248e08fe5c679a471d0"
    },
    "index" : 37,
    "addedDate" : 1529353355006,
    "metadata" : [ ]
  }, {
    "asset" : {
      "assetID" : "ff41c8af4b806cc9d97fbcf82fb83877769ae81d"
    },
    "index" : 22,
    "addedDate" : 1529331771020,
    "metadata" : [ ]
  }, {
    "asset" : {
      "assetID" : "f582e192badbe0aa84fb7b682b6f44c4cf2a8717"
    },
    "index" : 9,
    "addedDate" : 1529332586048,
    "metadata" : [ ]
  }, {
    "asset" : {
      "assetID" : "e124d66162dabcb7cfdb8a6ce7b0e743d7778046"
    },
    "index" : 32,
    "addedDate" : 1529353089030,
    "metadata" : [ ]
  }, {
    "asset" : {
      "assetID" : "f3bcf5c9667a9fa3802a01274252d0bc0b9cabb4"
    },
    "index" : 14,
    "addedDate" : 1529347371055,
    "metadata" : [ ]
  }, {
    "asset" : {
      "assetID" : "d56bf39eaf3176f93a04b4d4974246dbfd4ab556"
    },
    "index" : 16,
    "addedDate" : 1529347409082,
    "metadata" : [ ]
  }, {
    "asset" : {
      "assetID" : "7634c29c02c2be5e711c74e261b726754d4f6be7"
    },
    "index" : 49,
    "addedDate" : 1582019766774,
    "metadata" : [ ]
  }, {
    "asset" : {
      "assetID" : "927d16b77b6f8149923ea2537a41f40004559afa"
    },
    "index" : 59,
    "addedDate" : 1591821320959,
    "metadata" : [ ]
  }, {
    "asset" : {
      "assetID" : "1ac09474f6cc6d2df3459ccf72041eab54e69874"
    },
    "index" : 60,
    "addedDate" : 1648245125876,
    "metadata" : [ ]
  }, {
    "asset" : {
      "assetID" : "106e9fbad1cc468f260eaddaaf39ce6b954809e4"
    },
    "index" : 45,
    "addedDate" : 1582022255439,
    "metadata" : [ ]
  }, {
    "asset" : {
      "assetID" : "e5c4267973560b856292df05302b0c0b07e1dbbb"
    },
    "index" : 56,
    "addedDate" : 1592620454622,
    "metadata" : [ ]
  }, {
    "asset" : {
      "assetID" : "6de1e65a51751125372b9f5aaea09cf842402dfb"
    },
    "index" : 50,
    "addedDate" : 1595218258854,
    "metadata" : [ ]
  }, {
    "asset" : {
      "assetID" : "3776e1292b9ff43e814c8cb44cc80f9658a53744"
    },
    "index" : 44,
    "addedDate" : 1582020681987,
    "metadata" : [ ]
  }, {
    "asset" : {
      "assetID" : "ab14d81e9656140feb1e89f6cd2ece9b5df2e6b1"
    },
    "index" : 57,
    "addedDate" : 1578106776980,
    "metadata" : [ ]
  }, {
    "asset" : {
      "assetID" : "20be64c2fe5abd75eda0dc77cc09962ee2fc3766"
    },
    "index" : 58,
    "addedDate" : 1582020384996,
    "metadata" : [ ]
  }, {
    "asset" : {
      "assetID" : "120d6c551d67fa6c592f047394f1bdcaf58573d8"
    },
    "index" : 54,
    "addedDate" : 1595218258135,
    "metadata" : [ ]
  }, {
    "asset" : {
      "assetID" : "1394F07742966350C9EE16C755387163E532068A"
    },
    "index" : 59,
    "addedDate" : 1615323689851,
    "metadata" : [ ]
  }, {
    "asset" : {
      "assetID" : "B73D6F4288316296E1342F7DEAC7806363A91C24"
    },
    "index" : 58,
    "addedDate" : 1615323678367,
    "metadata" : [ ]
  }, {
    "asset" : {
      "assetID" : "03EF122EE242A847AF276CAA4E0D6751600B4ED4"
    },
    "index" : 57,
    "addedDate" : 1615323665638,
    "metadata" : [ ]
  }, {
    "asset" : {
      "assetID" : "1CA763C36ACFCEA0018ACDADD08FC51B971470D8"
    },
    "index" : 54,
    "addedDate" : 1615323631096,
    "metadata" : [ ]
  }, {
    "asset" : {
      "assetID" : "4B9C7452CD3CF554CD5271CE23E9E6D1F4621062"
    },
    "index" : 3,
    "addedDate" : 1605197777435,
    "metadata" : [ ]
  }, {
    "asset" : {
      "assetID" : "C931DAA72BBC792346B7E8FD7A7D1630ABD23DEC"
    },
    "index" : 55,
    "addedDate" : 1615323641371,
    "metadata" : [ ]
  }, {
    "asset" : {
      "assetID" : "3B923021203ABFCDAD05DBBFBA8F4AEB4DF51749"
    },
    "index" : 56,
    "addedDate" : 1615323654107,
    "metadata" : [ ]
  } ],
  "fileName" : "619066086d57d9dca5476b53573dbb5dfd4838d0.json",
  "name" : "Saints Channel Studio",
  "english" : true,
  "publicTitle" : "Saints Channel Studio",
  "description" : "This video collection of various studio performers offers gospel-themed music accompanied by acoustic guitars and piano. Recorded in Latin, country, bluegrass, and popular folk traditions in both solo and multi-singer format.",
  "collectionUri" : "saints-channel-studio"
}