{
  "parentCollectionID" : "a362cf32612a48c380d0013df943b987",
  "parentCollectionPath" : "Mobile Media Library/English - Video/Teaching and Lessons/Come, Follow Me/2023 New Testament Media Resources",
  "collectionType" : "assets",
  "path" : "Mobile Media Library/English - Video/Teaching and Lessons/Come, Follow Me/2023 New Testament Media Resources/August 7–August 13. Romans 1-6: \"The Power of God Unto Salvation\"",
  "collectionID" : "62d6e71d861d41eab4cc1acda1237fa9",
  "language" : "eng",
  "type" : "DEFAULT",
  "lastUpdatedDate" : "2022-12-01T15:32:57.131-07:00",
  "links" : [ {
    "rel" : "details",
    "href" : "https://titanapi.churchofjesuschrist.org/assetsearch/api/v2/collection/details/collectionID/62d6e71d861d41eab4cc1acda1237fa9"
  } ],
  "coverImages" : [ {
    "asset" : {
      "assetID" : "54cce36d6d959f66d2a879d19f96059e2b944461"
    }
  } ],
  "related" : [ ],
  "metadata" : [ {
    "key" : "orderIndex",
    "value" : "31"
  }, {
    "key" : "collectionUri",
    "value" : "cfm-2023-videos-august-7-13",
    "language" : "eng"
  }, {
    "key" : "publicTitle",
    "value" : "August 7–August 13. Romans 1-6: \"The Power of God Unto Salvation\"",
    "language" : "eng"
  } ],
  "children" : [ ],
  "assets" : [ {
    "asset" : {
      "assetID" : "810552d75557a4623f1ead9508f75570ca21998d"
    },
    "index" : 0,
    "addedDate" : 1650044635901,
    "metadata" : [ ]
  } ],
  "fileName" : "62d6e71d861d41eab4cc1acda1237fa9.json",
  "name" : "August 7–August 13. Romans 1-6: \"The Power of God Unto Salvation\"",
  "english" : true,
  "publicTitle" : "August 7–August 13. Romans 1-6: \"The Power of God Unto Salvation\"",
  "collectionUri" : "cfm-2023-videos-august-7-13"
}