{
  "parentCollectionID" : "6109651b42f34f49b5930bfbe1197caa",
  "parentCollectionPath" : "Mobile Media Library/English - Video/People/Latter-day Prophets",
  "collectionType" : "assets",
  "path" : "Mobile Media Library/English - Video/People/Latter-day Prophets/Brigham Young",
  "collectionID" : "631a1ff58faf42558030988eda0c0632",
  "language" : "eng",
  "type" : "DEFAULT",
  "lastUpdatedDate" : "2020-03-17T15:05:01.113-06:00",
  "links" : [ {
    "rel" : "details",
    "href" : "https://titanapi.churchofjesuschrist.org/assetsearch/api/v2/collection/details/collectionID/631a1ff58faf42558030988eda0c0632"
  } ],
  "coverImages" : [ {
    "asset" : {
      "assetID" : "1a3dda0a5ace48b0caf6ef135ca687b0e7567413"
    }
  } ],
  "related" : [ ],
  "metadata" : [ {
    "key" : "collectionUri",
    "value" : "brigham-young",
    "language" : "eng"
  }, {
    "key" : "publicTitle",
    "value" : "Brigham Young",
    "language" : "eng"
  }, {
    "key" : "orderIndex",
    "value" : "15"
  } ],
  "children" : [ ],
  "assets" : [ {
    "asset" : {
      "assetID" : "95bad5a1c6fbc4d5f908d0fcbb26e4d746a2ea26"
    },
    "addedDate" : 1576533341016,
    "metadata" : [ ]
  }, {
    "asset" : {
      "assetID" : "aa787562dbec6ba65130255ed260c85f310a4b90"
    },
    "addedDate" : 1576533341016,
    "metadata" : [ ]
  }, {
    "asset" : {
      "assetID" : "97df730fbea2ab4f9c0caf61a68abed317e42144"
    },
    "addedDate" : 1576533341030,
    "metadata" : [ ]
  }, {
    "asset" : {
      "assetID" : "ec7dbee4e844195227966262e21c3165d977c6e4"
    },
    "addedDate" : 1576533341030,
    "metadata" : [ ]
  }, {
    "asset" : {
      "assetID" : "aaa855b72c9db4bd9f5c264be699c62f86f9b2bb"
    },
    "addedDate" : 1576533341016,
    "metadata" : [ ]
  }, {
    "asset" : {
      "assetID" : "ea61b02e381488e3cd139e2a4434b8fd7db80c27"
    },
    "addedDate" : 1576533341030,
    "metadata" : [ ]
  }, {
    "asset" : {
      "assetID" : "370ea4e6122747bc7b171093690358f4ccdfc809"
    },
    "addedDate" : 1576533341030,
    "metadata" : [ ]
  }, {
    "asset" : {
      "assetID" : "2116665d5d0ccd9dca7f9bd374ef5786131ebc95"
    },
    "addedDate" : 1576533341030,
    "metadata" : [ ]
  }, {
    "asset" : {
      "assetID" : "b4b19c38e2191f8d583a8de8debb2b24c2601ddc"
    },
    "addedDate" : 1576714415603,
    "metadata" : [ ]
  }, {
    "asset" : {
      "assetID" : "4b0191a8b8f89e1e8ff92d85a3d179653a01e66a"
    },
    "addedDate" : 1576533341016,
    "metadata" : [ ]
  }, {
    "asset" : {
      "assetID" : "24b8f125eb3249b958e023c9b72afb095b4324b3"
    },
    "addedDate" : 1576533341030,
    "metadata" : [ ]
  } ],
  "fileName" : "631a1ff58faf42558030988eda0c0632.json",
  "name" : "Brigham Young",
  "english" : true,
  "publicTitle" : "Brigham Young",
  "collectionUri" : "brigham-young"
}