{
  "parentCollectionID" : "dbcc9bebdfb649ee9540b710f81a7b11",
  "parentCollectionPath" : "Mobile Media Library/English - Video/Teaching and Lessons/Seminary and Institute/Seminary/Old Testament Visual Resources",
  "collectionType" : "assets",
  "path" : "Mobile Media Library/English - Video/Teaching and Lessons/Seminary and Institute/Seminary/Old Testament Visual Resources/Old Testament-Lesson 41-60",
  "collectionID" : "632b41495e4e4af386cb5de31c28cfb7",
  "language" : "eng",
  "type" : "DEFAULT",
  "lastUpdatedDate" : "2019-12-19T14:07:56.494-07:00",
  "links" : [ {
    "rel" : "details",
    "href" : "https://titanapi.churchofjesuschrist.org/assetsearch/api/v2/collection/details/collectionID/632b41495e4e4af386cb5de31c28cfb7"
  } ],
  "coverImages" : [ {
    "asset" : {
      "assetID" : "f3c36f63b292f5ff73578a50a9bb67b6aea067ba"
    }
  } ],
  "related" : [ ],
  "metadata" : [ {
    "key" : "collectionUri",
    "value" : "old-testament-lesson-41-60",
    "language" : "eng"
  }, {
    "key" : "publicTitle",
    "value" : "Old Testament—Lesson 41-60",
    "language" : "eng"
  }, {
    "key" : "orderIndex",
    "value" : "3"
  } ],
  "children" : [ ],
  "assets" : [ {
    "asset" : {
      "assetID" : "87da59d9d51c6033eadcc4c013cf2c0184cbb3de"
    },
    "addedDate" : 1578714240485,
    "metadata" : [ ]
  }, {
    "asset" : {
      "assetID" : "3b687ce8cb09e41356e5e0c3e67155a0ecf2fe13"
    },
    "addedDate" : 1578714333653,
    "metadata" : [ ]
  }, {
    "asset" : {
      "assetID" : "e360b83a0171fd7ca388cc6691c49408f1c1c772"
    },
    "addedDate" : 1578714046638,
    "metadata" : [ ]
  }, {
    "asset" : {
      "assetID" : "ec5cce72b7329c8ca341da12ba226c9adeacfe26"
    },
    "addedDate" : 1578713961825,
    "metadata" : [ ]
  }, {
    "asset" : {
      "assetID" : "1853bbd69080dbf0ca381ee1dc67f689aedbcf3f"
    },
    "addedDate" : 1578713943022,
    "metadata" : [ ]
  }, {
    "asset" : {
      "assetID" : "cf5e96a418ca188c26aa1e42dc925c7a1490cb17"
    },
    "addedDate" : 1578714347936,
    "metadata" : [ ]
  }, {
    "asset" : {
      "assetID" : "b02adb243dabe67ff13e8da81633384b50cae0fc"
    },
    "addedDate" : 1578714029770,
    "metadata" : [ ]
  }, {
    "asset" : {
      "assetID" : "b59204b2e20db06bfbaf71e0fe026cfd44627ed6"
    },
    "addedDate" : 1578714193882,
    "metadata" : [ ]
  }, {
    "asset" : {
      "assetID" : "1a3e645e7080a9789f8b3d7d6619dba4d7dd7169"
    },
    "addedDate" : 1632956824658,
    "metadata" : [ ]
  }, {
    "asset" : {
      "assetID" : "392794643b9b53a1e15b4956a5511649b47fbe0e"
    },
    "addedDate" : 1632956833056,
    "metadata" : [ ]
  }, {
    "asset" : {
      "assetID" : "d941988757352e44ea682c609125149926071080"
    },
    "addedDate" : 1578714141882,
    "metadata" : [ ]
  }, {
    "asset" : {
      "assetID" : "8ee06ce516ac857576fb85378e555f347de4ac2c"
    },
    "addedDate" : 1582851122468,
    "metadata" : [ ]
  }, {
    "asset" : {
      "assetID" : "88c02e5e50a9be4d90155a282a90b95c1fdfee04"
    },
    "addedDate" : 1592396732651,
    "metadata" : [ ]
  }, {
    "asset" : {
      "assetID" : "50926278e477970483c9b2612ffb627a7ae48f30"
    },
    "addedDate" : 1578714377451,
    "metadata" : [ ]
  }, {
    "asset" : {
      "assetID" : "e4faa22055e083957ff669e69fa1753eca4b1c82"
    },
    "addedDate" : 1596245652181,
    "metadata" : [ ]
  }, {
    "asset" : {
      "assetID" : "67327d842bdc3dc696964c6c5ae0eca5e41d948e"
    },
    "addedDate" : 1632956846800,
    "metadata" : [ ]
  }, {
    "asset" : {
      "assetID" : "24b9a73f4eecf8d213e2b76a6e32be53e516303f"
    },
    "addedDate" : 1578714359395,
    "metadata" : [ ]
  }, {
    "asset" : {
      "assetID" : "a3f1e9c90b74620c6491d10db268ad111fcb1a80"
    },
    "addedDate" : 1578714099928,
    "metadata" : [ ]
  }, {
    "asset" : {
      "assetID" : "a2bcfbe34d896c7088595fd1e1902dd02899319d"
    },
    "addedDate" : 1578714276192,
    "metadata" : [ ]
  }, {
    "asset" : {
      "assetID" : "e590e202f84807f5bdb5a3f8567e641a057e0c2e"
    },
    "addedDate" : 1592433099166,
    "metadata" : [ ]
  }, {
    "asset" : {
      "assetID" : "eb894240cf22e51b58274d825045ba711086ef01"
    },
    "addedDate" : 1632956876803,
    "metadata" : [ ]
  }, {
    "asset" : {
      "assetID" : "f264569c44f511ecbb10eeeeac1e44553af65797"
    },
    "addedDate" : 1642136230129,
    "metadata" : [ ]
  } ],
  "fileName" : "632b41495e4e4af386cb5de31c28cfb7.json",
  "name" : "Old Testament-Lesson 41-60",
  "english" : true,
  "publicTitle" : "Old Testament—Lesson 41-60",
  "collectionUri" : "old-testament-lesson-41-60"
}