{
  "parentCollectionID" : "0e22f7439564f2b0e7eeca06cca014d23569bcae",
  "parentCollectionPath" : "Mobile Media Library/English - Video/Teaching and Lessons/Seminary and Institute/Online Seminary/D&C Online Seminary Reference",
  "collectionType" : "assets",
  "path" : "Mobile Media Library/English - Video/Teaching and Lessons/Seminary and Institute/Online Seminary/D&C Online Seminary Reference/Unit 22 (D&C)",
  "collectionID" : "6334a3ad9e8cf367a45d634c7151682ae1cb012a",
  "language" : "eng",
  "type" : "DEFAULT",
  "lastUpdatedDate" : "2020-04-15T22:24:07.586-06:00",
  "links" : [ {
    "rel" : "details",
    "href" : "https://titanapi.churchofjesuschrist.org/assetsearch/api/v2/collection/details/collectionID/6334a3ad9e8cf367a45d634c7151682ae1cb012a"
  } ],
  "coverImages" : [ {
    "asset" : {
      "assetID" : "0d64f0fc67141341b16a69696ef9bb1de35dd119"
    }
  } ],
  "related" : [ ],
  "metadata" : [ {
    "key" : "collectionUri",
    "value" : "unit-22-dc",
    "language" : "eng"
  }, {
    "key" : "publicTitle",
    "value" : "Unit 22 (D&C)",
    "language" : "eng"
  }, {
    "key" : "orderIndex",
    "value" : "16"
  } ],
  "children" : [ ],
  "assets" : [ {
    "asset" : {
      "assetID" : "50b276e0651aab569bf7884a38fbca234f41ad96"
    },
    "addedDate" : 1587077752243,
    "metadata" : [ ]
  }, {
    "asset" : {
      "assetID" : "540c244c095d3b279dd7a160d1445809c120db67"
    },
    "addedDate" : 1587077693030,
    "metadata" : [ ]
  }, {
    "asset" : {
      "assetID" : "bb153286e76c058570cb124e7eb58c818188c936"
    },
    "addedDate" : 1485449237015,
    "metadata" : [ ]
  }, {
    "asset" : {
      "assetID" : "d47609d92a5df31f49a4839090d746bfdd9ac4cc"
    },
    "addedDate" : 1485449197083,
    "metadata" : [ ]
  } ],
  "fileName" : "6334a3ad9e8cf367a45d634c7151682ae1cb012a.json",
  "name" : "Unit 22 (D&C)",
  "english" : true,
  "publicTitle" : "Unit 22 (D&C)",
  "collectionUri" : "unit-22-dc"
}