{
  "parentCollectionID" : "c673d5ed57bf0830c574779a3125f5b769192493",
  "parentCollectionPath" : "Mobile Media Library/English - Video/Life Help/Self-Reliance Services and PEF/Education for Better Work",
  "collectionType" : "assets",
  "path" : "Mobile Media Library/English - Video/Life Help/Self-Reliance Services and PEF/Education for Better Work/Chapter 1: What type of work will help me become self-reliant?",
  "collectionID" : "6352dee1d36fc7f73c837f8e0a3f8966aadd8100",
  "language" : "eng",
  "type" : "DEFAULT",
  "lastUpdatedDate" : "2019-10-28T16:40:50.643-06:00",
  "links" : [ {
    "rel" : "details",
    "href" : "https://titanapi.churchofjesuschrist.org/assetsearch/api/v2/collection/details/collectionID/6352dee1d36fc7f73c837f8e0a3f8966aadd8100"
  } ],
  "coverImages" : [ {
    "asset" : {
      "assetID" : "909e4e2c79f3b1d0075a8f10200e837186f281d7"
    }
  } ],
  "related" : [ ],
  "metadata" : [ {
    "key" : "collectionUri",
    "value" : "chapter-1-what-type-of-work-will-help-me-become-self-reliant",
    "language" : "eng"
  }, {
    "key" : "publicTitle",
    "value" : "Chapter 1: What type of work will help me become self-reliant?",
    "language" : "eng"
  } ],
  "children" : [ ],
  "assets" : [ {
    "asset" : {
      "assetID" : "042e73a7f2a5a6d6a46aff496d7b7fb0378fa113"
    },
    "addedDate" : 1496343459013,
    "metadata" : [ ]
  }, {
    "asset" : {
      "assetID" : "2281cb1f25f63b9847c9333645a139a2b2dad023"
    },
    "addedDate" : 1479312278033,
    "metadata" : [ ]
  }, {
    "asset" : {
      "assetID" : "82f14533cec45909433ccca2e816b5b5bd37ade1"
    },
    "addedDate" : 1479312280064,
    "metadata" : [ ]
  }, {
    "asset" : {
      "assetID" : "46c25f0f23e727c60c6124b839d400f6d26560c9"
    },
    "addedDate" : 1479312280010,
    "metadata" : [ ]
  }, {
    "asset" : {
      "assetID" : "7accbbedd9ccbb77c8ec75c8ca72e491784a5cf2"
    },
    "addedDate" : 1479312279056,
    "metadata" : [ ]
  }, {
    "asset" : {
      "assetID" : "20a723d9cb42c5c7dee8263202b27fc384793762"
    },
    "addedDate" : 1479312279002,
    "metadata" : [ ]
  } ],
  "fileName" : "6352dee1d36fc7f73c837f8e0a3f8966aadd8100.json",
  "name" : "Chapter 1: What type of work will help me become self-reliant?",
  "english" : true,
  "publicTitle" : "Chapter 1: What type of work will help me become self-reliant?",
  "collectionUri" : "chapter-1-what-type-of-work-will-help-me-become-self-reliant"
}