{
  "parentCollectionID" : "abbd100579a8256ea4c294d1be4c812738f75e71",
  "parentCollectionPath" : "Mobile Media Library/English - Video/Community Outreach/Deseret Industries",
  "collectionType" : "assets",
  "path" : "Mobile Media Library/English - Video/Community Outreach/Deseret Industries/DI: Success Stories",
  "collectionID" : "648166d41fa8e5887a578c2b8299ff1838efaa4e",
  "language" : "eng",
  "type" : "DEFAULT",
  "lastUpdatedDate" : "2019-11-06T13:12:22.246-07:00",
  "links" : [ {
    "rel" : "details",
    "href" : "https://titanapi.churchofjesuschrist.org/assetsearch/api/v2/collection/details/collectionID/648166d41fa8e5887a578c2b8299ff1838efaa4e"
  } ],
  "coverImages" : [ {
    "asset" : {
      "assetID" : "0ebabfa2c72839a7f08ef64a6abf82d331a95327"
    }
  } ],
  "related" : [ ],
  "metadata" : [ {
    "key" : "collectionUri",
    "value" : "di-success-stories",
    "language" : "eng"
  }, {
    "key" : "publicTitle",
    "value" : "DI: Success Stories",
    "language" : "eng"
  } ],
  "children" : [ ],
  "assets" : [ {
    "asset" : {
      "assetID" : "f725897a9d6fe25dac48ab59c793b2442f23cba9"
    },
    "addedDate" : 1504029828055,
    "metadata" : [ ]
  }, {
    "asset" : {
      "assetID" : "1b9e70e4e55d4b3907df6e59a235646ada1dbb1e"
    },
    "addedDate" : 1504029779075,
    "metadata" : [ ]
  }, {
    "asset" : {
      "assetID" : "0bfc54b9d3cbee0f6cb7c90cdc81d093cd206325"
    },
    "addedDate" : 1478531048013,
    "metadata" : [ ]
  }, {
    "asset" : {
      "assetID" : "b9600619e821210e2a104ad96394cedc46c5852b"
    },
    "addedDate" : 1504030123038,
    "metadata" : [ ]
  }, {
    "asset" : {
      "assetID" : "31a39b39da4dc35c83c4b5d6badf7259ba7505cb"
    },
    "addedDate" : 1632956831663,
    "metadata" : [ ]
  }, {
    "asset" : {
      "assetID" : "f67d9b5d55d89d5e3dae89301d076f5fc6c18c71"
    },
    "addedDate" : 1504029973097,
    "metadata" : [ ]
  }, {
    "asset" : {
      "assetID" : "1ccc557c2318e77c7a789ad86a6cfc53fb6b2efa"
    },
    "addedDate" : 1504030036068,
    "metadata" : [ ]
  }, {
    "asset" : {
      "assetID" : "42dffa3f9a420d7e5baef911c4d58ad13c04e9b0"
    },
    "addedDate" : 1504029951040,
    "metadata" : [ ]
  }, {
    "asset" : {
      "assetID" : "93236faee0c7e71962f1391efc4efe794e790a4c"
    },
    "addedDate" : 1504029982021,
    "metadata" : [ ]
  }, {
    "asset" : {
      "assetID" : "8641b59515b7d612a38c1a39fbc8c08ebc12185c"
    },
    "addedDate" : 1504030828093,
    "metadata" : [ ]
  }, {
    "asset" : {
      "assetID" : "4c4068a4fd1fcd652cdc235a0a97284d21f4bb97"
    },
    "addedDate" : 1504030103074,
    "metadata" : [ ]
  }, {
    "asset" : {
      "assetID" : "714ac2484675d28f1ad4986b88568e1727ef217d"
    },
    "addedDate" : 1537213837409,
    "metadata" : [ ]
  }, {
    "asset" : {
      "assetID" : "fca20af0d315ac9c71239a65d63edb54f095eed5"
    },
    "addedDate" : 1494517482013,
    "metadata" : [ ]
  }, {
    "asset" : {
      "assetID" : "a25c18c366225f207ef38263775f6420556c8fc6"
    },
    "addedDate" : 1494531645067,
    "metadata" : [ ]
  }, {
    "asset" : {
      "assetID" : "cc601134e16a7fc5db039d2d7646df9b34ba52f4"
    },
    "addedDate" : 1478531048014,
    "metadata" : [ ]
  }, {
    "asset" : {
      "assetID" : "96711bd7fb21094f8a41334ba2ececd3455cfcff"
    },
    "addedDate" : 1632956858218,
    "metadata" : [ ]
  }, {
    "asset" : {
      "assetID" : "06f4649f953a24e34cfd0d490ff60961ce450023"
    },
    "addedDate" : 1494949591024,
    "metadata" : [ ]
  }, {
    "asset" : {
      "assetID" : "dc1ad483a8e530e1be984d39b89f76942c3e5d9b"
    },
    "addedDate" : 1517863778033,
    "metadata" : [ ]
  }, {
    "asset" : {
      "assetID" : "a5f7c81bf1b2b3d4f92ca84ecc36830dd3ac91b1"
    },
    "addedDate" : 1504029978024,
    "metadata" : [ ]
  }, {
    "asset" : {
      "assetID" : "0fc98fbcd193ada4407e0e1e2a88218824dfb216"
    },
    "addedDate" : 1504030152019,
    "metadata" : [ ]
  }, {
    "asset" : {
      "assetID" : "7cf60cbc963cdd32bbbbe9414f6e37fcc8b0f8ff"
    },
    "addedDate" : 1499978880057,
    "metadata" : [ ]
  }, {
    "asset" : {
      "assetID" : "b3f616de93cf927c2d11118ee249404bddf71b4c"
    },
    "addedDate" : 1537213825229,
    "metadata" : [ ]
  }, {
    "asset" : {
      "assetID" : "5248ea5e5b7b0043c7827421ea4dd20c1cfe6d8d"
    },
    "addedDate" : 1504029879006,
    "metadata" : [ ]
  }, {
    "asset" : {
      "assetID" : "305128637042a54807190b5885ae5dc770a3f517"
    },
    "addedDate" : 1478531048014,
    "metadata" : [ ]
  }, {
    "asset" : {
      "assetID" : "0837ee5a85e14d78b67545225c8d1760ae39195b"
    },
    "addedDate" : 1494531440025,
    "metadata" : [ ]
  }, {
    "asset" : {
      "assetID" : "de9341e669ecc6ddae4228d4ce602fbf7b58cc08"
    },
    "addedDate" : 1504029907072,
    "metadata" : [ ]
  }, {
    "asset" : {
      "assetID" : "64d17e3feb27668c99525fc466aff67e62d5a4bf"
    },
    "addedDate" : 1632956846206,
    "metadata" : [ ]
  }, {
    "asset" : {
      "assetID" : "a9d2f545c3564cc829721541742ae0b380a9baed"
    },
    "addedDate" : 1632956865934,
    "metadata" : [ ]
  }, {
    "asset" : {
      "assetID" : "43208f8e522400b03eee3338712c67325eb77a37"
    },
    "addedDate" : 1595218258057,
    "metadata" : [ ]
  }, {
    "asset" : {
      "assetID" : "609f5763d1d8fce2c48d8611a6be394fa8513827"
    },
    "addedDate" : 1595218253915,
    "metadata" : [ ]
  }, {
    "asset" : {
      "assetID" : "b20f369980b34158204a60ea46ae71d53bca2967"
    },
    "addedDate" : 1562196391715,
    "metadata" : [ ]
  }, {
    "asset" : {
      "assetID" : "4d52c2b089e0e0989c1501716b7f297a570615d8"
    },
    "addedDate" : 1632956841036,
    "metadata" : [ ]
  }, {
    "asset" : {
      "assetID" : "c2a2aeaf003fea58209a55f8ea4cdf1da3a66c1d"
    },
    "addedDate" : 1632956870221,
    "metadata" : [ ]
  }, {
    "asset" : {
      "assetID" : "a36d93388cd8a342250e6a164ef48c53b93d0de2"
    },
    "addedDate" : 1632956862901,
    "metadata" : [ ]
  }, {
    "asset" : {
      "assetID" : "5bfa5badcabf1ccc016e74cd04eeaa10c7417ce7"
    },
    "addedDate" : 1632956844314,
    "metadata" : [ ]
  }, {
    "asset" : {
      "assetID" : "3256A36646B467DB79DE76056B6090CF88C99202"
    },
    "addedDate" : 1573096221707,
    "metadata" : [ ]
  }, {
    "asset" : {
      "assetID" : "8EBBD2541CB6A6D3F6E679A80D2D6608242E1C33"
    },
    "addedDate" : 1573096342242,
    "metadata" : [ ]
  } ],
  "fileName" : "648166d41fa8e5887a578c2b8299ff1838efaa4e.json",
  "name" : "DI: Success Stories",
  "english" : true,
  "publicTitle" : "DI: Success Stories",
  "collectionUri" : "di-success-stories"
}