{
  "parentCollectionID" : "7b30ad437749ed8fe0ce058adeb807abf79987f0",
  "parentCollectionPath" : "Mobile Media Library/English - Video/Callings and Trainings/Leadership/Organization Training Videos",
  "collectionType" : "assets",
  "path" : "Mobile Media Library/English - Video/Callings and Trainings/Leadership/Organization Training Videos/Young Women Organization Training",
  "collectionID" : "64dee01e790610b8865abb87b704520145b546e3",
  "language" : "eng",
  "type" : "DEFAULT",
  "lastUpdatedDate" : "2019-10-28T16:40:50.643-06:00",
  "links" : [ {
    "rel" : "details",
    "href" : "https://titanapi.churchofjesuschrist.org/assetsearch/api/v2/collection/details/collectionID/64dee01e790610b8865abb87b704520145b546e3"
  } ],
  "coverImages" : [ {
    "asset" : {
      "assetID" : "4392565223128815e2dc2bbad74acf3d7a17c00f"
    }
  } ],
  "related" : [ ],
  "metadata" : [ {
    "key" : "collectionUri",
    "value" : "young-women-organization-training",
    "language" : "eng"
  }, {
    "key" : "publicTitle",
    "value" : "Young Women Organization Training",
    "language" : "eng"
  } ],
  "children" : [ ],
  "assets" : [ {
    "asset" : {
      "assetID" : "e87679fcf6fc8b4cc9ac9144fbf7bcbb7ab84f54"
    },
    "addedDate" : 1487876465031,
    "metadata" : [ ]
  }, {
    "asset" : {
      "assetID" : "b5c772a6fca7a3dc0a91deb0ffccbc763b42fc50"
    },
    "addedDate" : 1487876453013,
    "metadata" : [ ]
  } ],
  "fileName" : "64dee01e790610b8865abb87b704520145b546e3.json",
  "name" : "Young Women Organization Training",
  "english" : true,
  "publicTitle" : "Young Women Organization Training",
  "collectionUri" : "young-women-organization-training"
}