{
  "parentCollectionID" : "abfe9e9e0ee3bddb9949a6290ab2936023670247",
  "parentCollectionPath" : "Mobile Media Library/English - Video/Videos for Youth",
  "collectionType" : "collections",
  "path" : "Mobile Media Library/English - Video/Videos for Youth/Inspirational Videos",
  "collectionID" : "65b127a0e7c944c59ae2164b1d10d749",
  "language" : "eng",
  "type" : "DEFAULT",
  "lastUpdatedDate" : "2024-02-13T14:38:43.397-07:00",
  "links" : [ {
    "rel" : "details",
    "href" : "https://titanapi.churchofjesuschrist.org/assetsearch/api/v2/collection/details/collectionID/65b127a0e7c944c59ae2164b1d10d749"
  } ],
  "coverImages" : [ {
    "asset" : {
      "assetID" : "fcdfb572d574824efd486b96d7bc1787beaa8398"
    }
  } ],
  "related" : [ ],
  "metadata" : [ {
    "key" : "orderIndex",
    "value" : "2"
  }, {
    "key" : "channel",
    "value" : "mobile",
    "language" : "eng"
  }, {
    "key" : "collectionUri",
    "value" : "inspirational-youth-videos",
    "language" : "eng"
  }, {
    "key" : "publicTitle",
    "value" : "Inspirational Videos",
    "language" : "eng"
  } ],
  "children" : [ {
    "path" : "Mobile Media Library/English - Video/Videos for Youth/Inspirational Videos/Taking Charge of Technology",
    "collectionID" : "393ebad2e3374ba885ed41466aaacb89",
    "type" : "DEFAULT",
    "lastUpdatedDate" : "2024-02-13T14:23:28.853-07:00",
    "links" : [ {
      "rel" : "details",
      "href" : "https://titanapi.churchofjesuschrist.org/assetsearch/api/v2/collection/details/collectionID/393ebad2e3374ba885ed41466aaacb89"
    } ],
    "fileName" : "393ebad2e3374ba885ed41466aaacb89.json"
  }, {
    "path" : "Mobile Media Library/English - Video/Videos for Youth/Inspirational Videos/Hear Him for Youth",
    "collectionID" : "623cb410a1814ee8859917aef633eef3",
    "type" : "DEFAULT",
    "lastUpdatedDate" : "2023-09-13T12:24:13.965-06:00",
    "links" : [ {
      "rel" : "details",
      "href" : "https://titanapi.churchofjesuschrist.org/assetsearch/api/v2/collection/details/collectionID/623cb410a1814ee8859917aef633eef3"
    } ],
    "fileName" : "623cb410a1814ee8859917aef633eef3.json"
  }, {
    "path" : "Mobile Media Library/English - Video/Videos for Youth/Inspirational Videos/Youth Videos",
    "collectionID" : "c6e50d752a734588ba5ebb7843d3579c",
    "type" : "DEFAULT",
    "lastUpdatedDate" : "2023-09-11T07:55:15.296-06:00",
    "links" : [ {
      "rel" : "details",
      "href" : "https://titanapi.churchofjesuschrist.org/assetsearch/api/v2/collection/details/collectionID/c6e50d752a734588ba5ebb7843d3579c"
    } ],
    "fileName" : "c6e50d752a734588ba5ebb7843d3579c.json"
  }, {
    "path" : "Mobile Media Library/English - Video/Videos for Youth/Inspirational Videos/Youth Animated Videos",
    "collectionID" : "c30abb84ddce4d5794f8cc7f2d169271",
    "type" : "DEFAULT",
    "lastUpdatedDate" : "2023-09-11T07:55:03.221-06:00",
    "links" : [ {
      "rel" : "details",
      "href" : "https://titanapi.churchofjesuschrist.org/assetsearch/api/v2/collection/details/collectionID/c30abb84ddce4d5794f8cc7f2d169271"
    } ],
    "fileName" : "c30abb84ddce4d5794f8cc7f2d169271.json"
  } ],
  "assets" : [ ],
  "fileName" : "65b127a0e7c944c59ae2164b1d10d749.json",
  "name" : "Inspirational Videos",
  "english" : true,
  "publicTitle" : "Inspirational Videos",
  "collectionUri" : "inspirational-youth-videos"
}