{
  "parentCollectionID" : "a01588644c89094e215960b27e36d4b8b29d438d",
  "parentCollectionPath" : "Mobile Media Library/English - Video/Callings and Trainings/Leadership/Leadership Training Library/Leadership Principles",
  "collectionType" : "assets",
  "path" : "Mobile Media Library/English - Video/Callings and Trainings/Leadership/Leadership Training Library/Leadership Principles/Teach the Gospel",
  "collectionID" : "662fa05f5905b5e8298a3a824605c822efa176c7",
  "language" : "eng",
  "type" : "DEFAULT",
  "lastUpdatedDate" : "2019-10-28T16:40:50.643-06:00",
  "links" : [ {
    "rel" : "details",
    "href" : "https://titanapi.churchofjesuschrist.org/assetsearch/api/v2/collection/details/collectionID/662fa05f5905b5e8298a3a824605c822efa176c7"
  } ],
  "coverImages" : [ {
    "asset" : {
      "assetID" : "968932fb0ebfd1150586153e77a4872c6c7f7b01"
    }
  } ],
  "related" : [ ],
  "metadata" : [ {
    "key" : "collectionUri",
    "value" : "ltl-teach-the-gospel",
    "language" : "eng"
  }, {
    "key" : "publicTitle",
    "value" : "Teach the Gospel",
    "language" : "eng"
  } ],
  "children" : [ ],
  "assets" : [ {
    "asset" : {
      "assetID" : "00ffbda9842a9660311e719060ddfed668a845e2"
    },
    "addedDate" : 1529072538025,
    "metadata" : [ ]
  }, {
    "asset" : {
      "assetID" : "6515014c3e4a12007857bdc6f182092b4f57353d"
    },
    "addedDate" : 1529072551095,
    "metadata" : [ ]
  } ],
  "fileName" : "662fa05f5905b5e8298a3a824605c822efa176c7.json",
  "name" : "Teach the Gospel",
  "english" : true,
  "publicTitle" : "Teach the Gospel",
  "collectionUri" : "ltl-teach-the-gospel"
}