{
  "parentCollectionID" : "bd59191796027fc53f46f5811862b4ff2baaa3b2",
  "parentCollectionPath" : "Mobile Media Library/English - Video/Topics",
  "collectionType" : "assets",
  "path" : "Mobile Media Library/English - Video/Topics/Relief Society (About)",
  "collectionID" : "66b01b0cc83e478e84c699c47e32ec31",
  "language" : "eng",
  "type" : "DEFAULT",
  "lastUpdatedDate" : "2021-09-02T10:08:32.009-06:00",
  "links" : [ {
    "rel" : "details",
    "href" : "https://titanapi.churchofjesuschrist.org/assetsearch/api/v2/collection/details/collectionID/66b01b0cc83e478e84c699c47e32ec31"
  } ],
  "coverImages" : [ {
    "asset" : {
      "assetID" : "c2399d322e344389439bc4991662b31c1e1fd4ca"
    }
  } ],
  "related" : [ ],
  "metadata" : [ {
    "key" : "description",
    "value" : "The related media for the 170-year-old women’s organization of the Church declares the nobility of women, their promise as mothers in Israel and sisters in Zion, and the sacred work of their ministry.",
    "language" : "eng"
  }, {
    "key" : "collectionUri",
    "value" : "relief-society-about-topic",
    "language" : "eng"
  }, {
    "key" : "publicTitle",
    "value" : "Relief Society (About)",
    "language" : "eng"
  }, {
    "key" : "orderIndex",
    "value" : "81"
  } ],
  "children" : [ ],
  "assets" : [ {
    "asset" : {
      "assetID" : "0d550fedfcb5f247e0a658d62a618eac31620f26"
    },
    "addedDate" : 1584415913709,
    "metadata" : [ ]
  }, {
    "asset" : {
      "assetID" : "43b46584f60ad493af9c4a1d251439a302bd9de8"
    },
    "addedDate" : 1584735731921,
    "metadata" : [ ]
  }, {
    "asset" : {
      "assetID" : "45f78dbc46d95a65d78ffa573ac349674804e34f"
    },
    "addedDate" : 1584416397720,
    "metadata" : [ ]
  }, {
    "asset" : {
      "assetID" : "550d335cd5281d5a58b5d73d773a45e2bc8a6e7f"
    },
    "addedDate" : 1584415942716,
    "metadata" : [ ]
  }, {
    "asset" : {
      "assetID" : "668ac6af12c338efa1a71e08919fe377ca2c124e"
    },
    "addedDate" : 1576897390286,
    "metadata" : [ ]
  }, {
    "asset" : {
      "assetID" : "2329ac79e6f1ba3151fa4b6ec3c50968a009023d"
    },
    "addedDate" : 1584415983119,
    "metadata" : [ ]
  }, {
    "asset" : {
      "assetID" : "88712a0ca060a738970dab4cd659fa12ae01a941"
    },
    "addedDate" : 1584735977613,
    "metadata" : [ ]
  }, {
    "asset" : {
      "assetID" : "e5ecb6ab30f55b598a58fad6af6a9e4207923561"
    },
    "addedDate" : 1584735947035,
    "metadata" : [ ]
  }, {
    "asset" : {
      "assetID" : "6f9467305a34296765e1ecafe223b9193b9b3636"
    },
    "addedDate" : 1584416335945,
    "metadata" : [ ]
  }, {
    "asset" : {
      "assetID" : "5da5de9ac3865761c55595bd4c162142870b3d7a"
    },
    "addedDate" : 1584736118157,
    "metadata" : [ ]
  }, {
    "asset" : {
      "assetID" : "a0ed9ffdf51ae9d7d41ea9402809bf17ced753b5"
    },
    "addedDate" : 1584735707920,
    "metadata" : [ ]
  }, {
    "asset" : {
      "assetID" : "af875c7f12a9484a050f6dad83e7ecdf55f84ed4"
    },
    "addedDate" : 1584416360241,
    "metadata" : [ ]
  }, {
    "asset" : {
      "assetID" : "4823d50f26d11a6cadec0632071722f97906ea16"
    },
    "addedDate" : 1584735681650,
    "metadata" : [ ]
  }, {
    "asset" : {
      "assetID" : "a531d639a4116a17e0bbbbe45686a9d2bcbcf784"
    },
    "addedDate" : 1584740854436,
    "metadata" : [ ]
  }, {
    "asset" : {
      "assetID" : "87712e7cc54916fffddc3877a2f8ae368e95af91"
    },
    "addedDate" : 1592433099369,
    "metadata" : [ ]
  }, {
    "asset" : {
      "assetID" : "424b58e676040f73763a56c29b05be8029608e11"
    },
    "addedDate" : 1632956834852,
    "metadata" : [ ]
  } ],
  "fileName" : "66b01b0cc83e478e84c699c47e32ec31.json",
  "name" : "Relief Society (About)",
  "english" : true,
  "publicTitle" : "Relief Society (About)",
  "description" : "The related media for the 170-year-old women’s organization of the Church declares the nobility of women, their promise as mothers in Israel and sisters in Zion, and the sacred work of their ministry.",
  "collectionUri" : "relief-society-about-topic"
}