{
  "parentCollectionID" : "18d6cbd720a17cdd47c2b4f1a8846c098ba9a1fc",
  "parentCollectionPath" : "Mobile Media Library/English - Video/Broadcasts/Youth Events",
  "collectionType" : "assets",
  "path" : "Mobile Media Library/English - Video/Broadcasts/Youth Events/Face to Face for YSA: with Elder Jeffrey R. Holland, Sister Carole M. Stephens, and Elder Donald L. Hallstrom",
  "collectionID" : "66bd6effa9e64b06af3725c7517262db",
  "language" : "eng",
  "type" : "DEFAULT",
  "lastUpdatedDate" : "2023-01-24T14:06:03.673-07:00",
  "links" : [ {
    "rel" : "details",
    "href" : "https://titanapi.churchofjesuschrist.org/assetsearch/api/v2/collection/details/collectionID/66bd6effa9e64b06af3725c7517262db"
  } ],
  "coverImages" : [ {
    "asset" : {
      "assetID" : "f7a3b6460158bb7e6423018840ac9fa0f598dc08"
    }
  } ],
  "related" : [ ],
  "metadata" : [ {
    "key" : "orderIndex",
    "value" : "16"
  }, {
    "key" : "collectionUri",
    "value" : "face-to-face-ysa-holland-stephens-hallstrom",
    "language" : "eng"
  }, {
    "key" : "publicTitle",
    "value" : "Face to Face for YSA: with Elder Jeffrey R. Holland, Sister Carole M. Stephens, and Elder Donald L. Hallstrom",
    "language" : "eng"
  } ],
  "children" : [ ],
  "assets" : [ {
    "asset" : {
      "assetID" : "22b9605488d04caf14cfcce2f057af6145e0daa6"
    },
    "addedDate" : 1592433100293,
    "metadata" : [ ]
  } ],
  "fileName" : "66bd6effa9e64b06af3725c7517262db.json",
  "name" : "Face to Face for YSA: with Elder Jeffrey R. Holland, Sister Carole M. Stephens, and Elder Donald L. Hallstrom",
  "english" : true,
  "publicTitle" : "Face to Face for YSA: with Elder Jeffrey R. Holland, Sister Carole M. Stephens, and Elder Donald L. Hallstrom",
  "collectionUri" : "face-to-face-ysa-holland-stephens-hallstrom"
}