{
  "parentCollectionID" : "785d520b0d1ee16f41d51ac1f1d37b03e9117f16",
  "parentCollectionPath" : "Mobile Media Library/English - Video/Callings and Trainings/Primary",
  "collectionType" : "assets",
  "path" : "Mobile Media Library/English - Video/Callings and Trainings/Primary/For Little Friends",
  "collectionID" : "66ca39b0a6fefc86bbfe6a5d06ede2befaee1ab3",
  "language" : "eng",
  "type" : "DEFAULT",
  "lastUpdatedDate" : "2019-10-28T16:40:50.643-06:00",
  "links" : [ {
    "rel" : "details",
    "href" : "https://titanapi.churchofjesuschrist.org/assetsearch/api/v2/collection/details/collectionID/66ca39b0a6fefc86bbfe6a5d06ede2befaee1ab3"
  } ],
  "coverImages" : [ {
    "asset" : {
      "assetID" : "abf617ab04b43b46878a39fbef36295fa71c50bf"
    }
  } ],
  "related" : [ ],
  "metadata" : [ {
    "key" : "collectionUri",
    "value" : "primary-for-little-friends",
    "language" : "eng"
  }, {
    "key" : "publicTitle",
    "value" : "For Little Friends",
    "language" : "eng"
  }, {
    "key" : "orderIndex",
    "value" : "6"
  } ],
  "children" : [ ],
  "assets" : [ {
    "asset" : {
      "assetID" : "14fba5b22868adf6721eec8c937b2d9a0b7aa611"
    },
    "addedDate" : 1479320390089,
    "metadata" : [ ]
  }, {
    "asset" : {
      "assetID" : "21500107580e5bc20b87b91f5fb3dbd082bd02c6"
    },
    "addedDate" : 1479320388050,
    "metadata" : [ ]
  }, {
    "asset" : {
      "assetID" : "3008a572079e55308b5058cdee4ad396c9f70297"
    },
    "addedDate" : 1479320398014,
    "metadata" : [ ]
  }, {
    "asset" : {
      "assetID" : "35e3bfd8cfbbbadaaee3388cf86a8b752e7c319c"
    },
    "addedDate" : 1479320386070,
    "metadata" : [ ]
  }, {
    "asset" : {
      "assetID" : "3a26d7bd5105ffb2c94e49efc6f8769792971072"
    },
    "addedDate" : 1479320396084,
    "metadata" : [ ]
  }, {
    "asset" : {
      "assetID" : "6a1d3ee0671af5ec3418525bb04d240cbcba693b"
    },
    "addedDate" : 1479320390024,
    "metadata" : [ ]
  }, {
    "asset" : {
      "assetID" : "74776a8e5936d4bf9f3d6fd2bba47064d9318078"
    },
    "addedDate" : 1479320403049,
    "metadata" : [ ]
  }, {
    "asset" : {
      "assetID" : "7ba3ce28df82341db1f65acdac1df61296b375cb"
    },
    "addedDate" : 1479320394072,
    "metadata" : [ ]
  }, {
    "asset" : {
      "assetID" : "8f8a28cd3ecb978bcd6afdf6db68542b9ed30409"
    },
    "addedDate" : 1479320396018,
    "metadata" : [ ]
  }, {
    "asset" : {
      "assetID" : "9933a790cb12bedde7d9c84abcfa3b8e8e499be4"
    },
    "addedDate" : 1479320387090,
    "metadata" : [ ]
  }, {
    "asset" : {
      "assetID" : "9d7b6581611bd08f56315c3f127d824e1ab6ae98"
    },
    "addedDate" : 1479320385094,
    "metadata" : [ ]
  }, {
    "asset" : {
      "assetID" : "a0659621f8a886acb9151280120e8aff65294474"
    },
    "addedDate" : 1479320391053,
    "metadata" : [ ]
  }, {
    "asset" : {
      "assetID" : "a525e744dc4ad7bfaf632126cf16f0ba947bee45"
    },
    "addedDate" : 1479320398075,
    "metadata" : [ ]
  }, {
    "asset" : {
      "assetID" : "a83c32ae52b1f1b9cab32c2a18b9be410ca5a39a"
    },
    "addedDate" : 1479320399034,
    "metadata" : [ ]
  }, {
    "asset" : {
      "assetID" : "afed30dbf67efe48b1fa6ad3dcd43925755c2958"
    },
    "addedDate" : 1479320393040,
    "metadata" : [ ]
  }, {
    "asset" : {
      "assetID" : "c7030117dff6b18d95a46686bbe957b7800f735a"
    },
    "addedDate" : 1479320399090,
    "metadata" : [ ]
  }, {
    "asset" : {
      "assetID" : "c78ca731bc177ccbfd03ee7d8eb5ff8d684dcb84"
    },
    "addedDate" : 1479320400055,
    "metadata" : [ ]
  }, {
    "asset" : {
      "assetID" : "c8bc6b36518e3366a88a41b380b84dabe8dc1e75"
    },
    "addedDate" : 1479320401016,
    "metadata" : [ ]
  }, {
    "asset" : {
      "assetID" : "ca5ed973a02f2a2e67a24211e50e7c20a678c552"
    },
    "addedDate" : 1479320389066,
    "metadata" : [ ]
  }, {
    "asset" : {
      "assetID" : "cc115b65fc2f892cd7229e238bab0f0ca8bb7b2b"
    },
    "addedDate" : 1479320392079,
    "metadata" : [ ]
  }, {
    "asset" : {
      "assetID" : "d2e2abf40454e28064933ea688d8cf52b3688dbf"
    },
    "addedDate" : 1479320389004,
    "metadata" : [ ]
  }, {
    "asset" : {
      "assetID" : "eb45ab504c1e70d21da966a2f616c85e4cad2f16"
    },
    "addedDate" : 1479320401077,
    "metadata" : [ ]
  }, {
    "asset" : {
      "assetID" : "e669cdcd4cf3d164b80a7e9d2dd275c1566ef852"
    },
    "addedDate" : 1479320402046,
    "metadata" : [ ]
  }, {
    "asset" : {
      "assetID" : "f330bc9bc658e7a2096b39f1b97bf10d2dc234d6"
    },
    "addedDate" : 1479320397046,
    "metadata" : [ ]
  }, {
    "asset" : {
      "assetID" : "de000fa9b5fc3ec01e83445cc3815bb79c79e28c"
    },
    "addedDate" : 1479320392017,
    "metadata" : [ ]
  }, {
    "asset" : {
      "assetID" : "dfdbbfe061e92156381349df84ab463af5e1709f"
    },
    "addedDate" : 1479320394009,
    "metadata" : [ ]
  }, {
    "asset" : {
      "assetID" : "f9381f8d043ecf9b6b23d06816a88733771ec988"
    },
    "addedDate" : 1479320395038,
    "metadata" : [ ]
  } ],
  "fileName" : "66ca39b0a6fefc86bbfe6a5d06ede2befaee1ab3.json",
  "name" : "For Little Friends",
  "english" : true,
  "publicTitle" : "For Little Friends",
  "collectionUri" : "primary-for-little-friends"
}