{
  "parentCollectionID" : "bd59191796027fc53f46f5811862b4ff2baaa3b2",
  "parentCollectionPath" : "Mobile Media Library/English - Video/Topics",
  "collectionType" : "assets",
  "path" : "Mobile Media Library/English - Video/Topics/Sexual Purity",
  "collectionID" : "66ebeb9c337b44f19b3e6010e5de8241",
  "language" : "eng",
  "type" : "DEFAULT",
  "lastUpdatedDate" : "2020-09-20T12:09:39.559-06:00",
  "links" : [ {
    "rel" : "details",
    "href" : "https://titanapi.churchofjesuschrist.org/assetsearch/api/v2/collection/details/collectionID/66ebeb9c337b44f19b3e6010e5de8241"
  } ],
  "coverImages" : [ {
    "asset" : {
      "assetID" : "850b04c706529b58c252d0b4580cebd76c7bb3ff"
    }
  } ],
  "related" : [ ],
  "metadata" : [ {
    "key" : "description",
    "value" : "Sister Elaine S. Dalton and Elder David A. Bednar share concepts of virtue and chastity along with other people’s thoughts on modesty and moral cleanliness.",
    "language" : "eng"
  }, {
    "key" : "collectionUri",
    "value" : "sexual-purity-topic",
    "language" : "eng"
  }, {
    "key" : "publicTitle",
    "value" : "Sexual Purity",
    "language" : "eng"
  }, {
    "key" : "orderIndex",
    "value" : "91"
  } ],
  "children" : [ ],
  "assets" : [ {
    "asset" : {
      "assetID" : "85ac87971f93203d13b222010a05ddc6ef64c0a2"
    },
    "addedDate" : 1583963588097,
    "metadata" : [ ]
  }, {
    "asset" : {
      "assetID" : "1edadf27c31acd70d96a91dbffd36ee3639e5124"
    },
    "addedDate" : 1583963817966,
    "metadata" : [ ]
  } ],
  "fileName" : "66ebeb9c337b44f19b3e6010e5de8241.json",
  "name" : "Sexual Purity",
  "english" : true,
  "publicTitle" : "Sexual Purity",
  "description" : "Sister Elaine S. Dalton and Elder David A. Bednar share concepts of virtue and chastity along with other people’s thoughts on modesty and moral cleanliness.",
  "collectionUri" : "sexual-purity-topic"
}