{
  "parentCollectionID" : "bd59191796027fc53f46f5811862b4ff2baaa3b2",
  "parentCollectionPath" : "Mobile Media Library/English - Video/Topics",
  "collectionType" : "assets",
  "path" : "Mobile Media Library/English - Video/Topics/Race and Priesthood",
  "collectionID" : "673793e06bd96a51a009d2b8b285bdfcf79cf957",
  "language" : "eng",
  "type" : "DEFAULT",
  "lastUpdatedDate" : "2022-09-07T15:38:54.836-06:00",
  "links" : [ {
    "rel" : "details",
    "href" : "https://titanapi.churchofjesuschrist.org/assetsearch/api/v2/collection/details/collectionID/673793e06bd96a51a009d2b8b285bdfcf79cf957"
  } ],
  "coverImages" : [ {
    "asset" : {
      "assetID" : "b04f2d92c01530495a9f5a1ab87d527d6e0af0dc"
    }
  } ],
  "related" : [ ],
  "metadata" : [ {
    "key" : "channel",
    "value" : "mobile",
    "language" : "eng"
  }, {
    "key" : "description",
    "value" : "These media pieces affirm the 1978 revelation on the priesthood and its invitation to all God’s children for inclusion, unity, belonging, and kindness, while also celebrating the diversity of people and cultures.",
    "language" : "eng"
  }, {
    "key" : "collectionUri",
    "value" : "race-and-priesthood-topic",
    "language" : "eng"
  }, {
    "key" : "publicTitle",
    "value" : "Race and Priesthood",
    "language" : "eng"
  }, {
    "key" : "orderIndex",
    "value" : "79"
  } ],
  "children" : [ ],
  "assets" : [ {
    "asset" : {
      "assetID" : "3d6fc780e9d19446c932c824afd482d4c19aadfa"
    },
    "index" : 5,
    "addedDate" : 1479855128068,
    "metadata" : [ ]
  }, {
    "asset" : {
      "assetID" : "98b8f6c6480a16cee78023b6a9f5ec9b45238c58"
    },
    "index" : 6,
    "addedDate" : 1479855129075,
    "metadata" : [ ]
  }, {
    "asset" : {
      "assetID" : "02952cac57934844b22f73f2fc3881b5c1950e38"
    },
    "index" : 8,
    "addedDate" : 1479855414041,
    "metadata" : [ ]
  }, {
    "asset" : {
      "assetID" : "2fd7faca88ef7b5331ca25c2abec393aa120533c"
    },
    "index" : 10,
    "addedDate" : 1528483410094,
    "metadata" : [ ]
  }, {
    "asset" : {
      "assetID" : "4a83a31b27e28b4d6e981862def066c563feda31"
    },
    "index" : 9,
    "addedDate" : 1528483408023,
    "metadata" : [ ]
  }, {
    "asset" : {
      "assetID" : "f92f908a6a32b5c507bbf9e33aa77aaecca22b9b"
    },
    "index" : 1,
    "addedDate" : 1479855126042,
    "metadata" : [ ]
  }, {
    "asset" : {
      "assetID" : "71635d22ead04bc8f9653b882d83eb4fc353cc63"
    },
    "index" : 4,
    "addedDate" : 1479855128005,
    "metadata" : [ ]
  }, {
    "asset" : {
      "assetID" : "235359668000b113f97a50e5a4d963af523032a8"
    },
    "index" : 2,
    "addedDate" : 1479855126094,
    "metadata" : [ ]
  }, {
    "asset" : {
      "assetID" : "e82e6fb22f7478b5411d7ef763c1d54e4c17470d"
    },
    "index" : 3,
    "addedDate" : 1479855127054,
    "metadata" : [ ]
  }, {
    "asset" : {
      "assetID" : "e37974b001f6e526f4e74c00fba0e7d932786d11"
    },
    "index" : 13,
    "addedDate" : 1706026776563,
    "metadata" : [ ]
  }, {
    "asset" : {
      "assetID" : "ae5147dfe57c149e24a968ff8c8883ff58f83816"
    },
    "index" : 0,
    "addedDate" : 1479855125086,
    "metadata" : [ ]
  }, {
    "asset" : {
      "assetID" : "9a771fcb3b0b17543b6a7f34fee0f1743ba34dd5"
    },
    "index" : 7,
    "addedDate" : 1479855130030,
    "metadata" : [ ]
  }, {
    "asset" : {
      "assetID" : "2917c285ed2fba2a422dc30d8d67861549d12634"
    },
    "index" : 14,
    "addedDate" : 1706026776689,
    "metadata" : [ ]
  }, {
    "asset" : {
      "assetID" : "5683d9d5a6a3e6e36ad4aa19be3e522065f42ca2"
    },
    "index" : 12,
    "addedDate" : 1592433101231,
    "metadata" : [ ]
  }, {
    "asset" : {
      "assetID" : "4dd90c3a3b466180a4cbfdd5ed8d0997159c0ea1"
    },
    "index" : 11,
    "addedDate" : 1592356671002,
    "metadata" : [ ]
  } ],
  "fileName" : "673793e06bd96a51a009d2b8b285bdfcf79cf957.json",
  "name" : "Race and Priesthood",
  "english" : true,
  "publicTitle" : "Race and Priesthood",
  "description" : "These media pieces affirm the 1978 revelation on the priesthood and its invitation to all God’s children for inclusion, unity, belonging, and kindness, while also celebrating the diversity of people and cultures.",
  "collectionUri" : "race-and-priesthood-topic"
}