{
  "parentCollectionID" : "0e22f7439564f2b0e7eeca06cca014d23569bcae",
  "parentCollectionPath" : "Mobile Media Library/English - Video/Teaching and Lessons/Seminary and Institute/Online Seminary/D&C Online Seminary Reference",
  "collectionType" : "assets",
  "path" : "Mobile Media Library/English - Video/Teaching and Lessons/Seminary and Institute/Online Seminary/D&C Online Seminary Reference/Unit 20 (D&C)",
  "collectionID" : "675318afc25b4f69b94803ace9f79c60f8b22268",
  "language" : "eng",
  "type" : "DEFAULT",
  "lastUpdatedDate" : "2020-04-15T22:24:05.413-06:00",
  "links" : [ {
    "rel" : "details",
    "href" : "https://titanapi.churchofjesuschrist.org/assetsearch/api/v2/collection/details/collectionID/675318afc25b4f69b94803ace9f79c60f8b22268"
  } ],
  "coverImages" : [ {
    "asset" : {
      "assetID" : "055190cf53a2023df21f984922e66ec113086747"
    }
  } ],
  "related" : [ ],
  "metadata" : [ {
    "key" : "collectionUri",
    "value" : "unit-20-dc",
    "language" : "eng"
  }, {
    "key" : "publicTitle",
    "value" : "Unit 20 (D&C)",
    "language" : "eng"
  }, {
    "key" : "orderIndex",
    "value" : "14"
  } ],
  "children" : [ ],
  "assets" : [ {
    "asset" : {
      "assetID" : "7a6b4728302e60352b84bb2657b04a326dd131e3"
    },
    "addedDate" : 1485448652072,
    "metadata" : [ ]
  }, {
    "asset" : {
      "assetID" : "897444be765d2d82c8912b9cfe37da94cd96d0e6"
    },
    "addedDate" : 1485448717004,
    "metadata" : [ ]
  }, {
    "asset" : {
      "assetID" : "60429a401153301a9b0cb6416e2d82ad6d6aa61f"
    },
    "addedDate" : 1587077463059,
    "metadata" : [ ]
  }, {
    "asset" : {
      "assetID" : "5657d18e58cdaa1822cdfe7834186edf34291de6"
    },
    "addedDate" : 1485448629093,
    "metadata" : [ ]
  }, {
    "asset" : {
      "assetID" : "931f6972fa59b56d06eeb3b33d7785e77df2509e"
    },
    "addedDate" : 1587077380114,
    "metadata" : [ ]
  }, {
    "asset" : {
      "assetID" : "72fc2d3c6122df2a1b6fa2f738c8874f4ba4a343"
    },
    "addedDate" : 1485448592044,
    "metadata" : [ ]
  }, {
    "asset" : {
      "assetID" : "88ba25293fc9f558a080f15f9b0dbb0f967bae42"
    },
    "addedDate" : 1485448738009,
    "metadata" : [ ]
  }, {
    "asset" : {
      "assetID" : "5ecffcbde269a421f2cec09bcf4614026eb407e5"
    },
    "addedDate" : 1592433100387,
    "metadata" : [ ]
  } ],
  "fileName" : "675318afc25b4f69b94803ace9f79c60f8b22268.json",
  "name" : "Unit 20 (D&C)",
  "english" : true,
  "publicTitle" : "Unit 20 (D&C)",
  "collectionUri" : "unit-20-dc"
}