{
  "parentCollectionID" : "bd59191796027fc53f46f5811862b4ff2baaa3b2",
  "parentCollectionPath" : "Mobile Media Library/English - Video/Topics",
  "collectionType" : "assets",
  "path" : "Mobile Media Library/English - Video/Topics/Refugees",
  "collectionID" : "68157f7032728147c13681d791120d23a50cd52e",
  "language" : "eng",
  "type" : "DEFAULT",
  "lastUpdatedDate" : "2020-09-20T12:14:45.179-06:00",
  "links" : [ {
    "rel" : "details",
    "href" : "https://titanapi.churchofjesuschrist.org/assetsearch/api/v2/collection/details/collectionID/68157f7032728147c13681d791120d23a50cd52e"
  } ],
  "coverImages" : [ {
    "asset" : {
      "assetID" : "4cea2da08846f985e507a57b7aceda0de30aaed4"
    }
  } ],
  "related" : [ ],
  "metadata" : [ {
    "key" : "description",
    "value" : "This collection discusses the background and Churchwide humanitarian response to the plight of refugees from war, civil unrest, or armed conflict. Need for food, shelter, childcare, and hope are met and demonstrated in places like Lebanon, Iraq, Syria, and parts of Africa.",
    "language" : "eng"
  }, {
    "key" : "collectionUri",
    "value" : "refugees-topic",
    "language" : "eng"
  }, {
    "key" : "publicTitle",
    "value" : "Refugees",
    "language" : "eng"
  }, {
    "key" : "orderIndex",
    "value" : "80"
  } ],
  "children" : [ ],
  "assets" : [ {
    "asset" : {
      "assetID" : "9c5980a974063e3f38a8d90a789a2303cf761b04"
    },
    "addedDate" : 1479856722025,
    "metadata" : [ ]
  }, {
    "asset" : {
      "assetID" : "e412a9fe641cf46a2d1aceff287c6b6b6e84f0bb"
    },
    "addedDate" : 1479856720021,
    "metadata" : [ ]
  }, {
    "asset" : {
      "assetID" : "3cf1327e15027647f96f9d66a4433aa560d90cd9"
    },
    "addedDate" : 1479856846063,
    "metadata" : [ ]
  }, {
    "asset" : {
      "assetID" : "9da035b21f9509b9b97afd2da8df1a1b2f163f55"
    },
    "addedDate" : 1479856720070,
    "metadata" : [ ]
  }, {
    "asset" : {
      "assetID" : "894c62845900646afc7e4761272296f7d0fe44d9"
    },
    "addedDate" : 1479856723082,
    "metadata" : [ ]
  }, {
    "asset" : {
      "assetID" : "abad65053ed77b39a83798e698e423f44ecaa3d0"
    },
    "addedDate" : 1479856721072,
    "metadata" : [ ]
  }, {
    "asset" : {
      "assetID" : "807f7c8e4d1ee71bec703c2b5dcdc50a68ae8e2e"
    },
    "addedDate" : 1479856756092,
    "metadata" : [ ]
  }, {
    "asset" : {
      "assetID" : "c3f0f75421c51e21ed00777c2ad3be11ddaf37a6"
    },
    "addedDate" : 1592433099182,
    "metadata" : [ ]
  }, {
    "asset" : {
      "assetID" : "433b10ad94fbe03c504150b582aa47545b69c705"
    },
    "addedDate" : 1632956834899,
    "metadata" : [ ]
  }, {
    "asset" : {
      "assetID" : "6f9467305a34296765e1ecafe223b9193b9b3636"
    },
    "addedDate" : 1592433100324,
    "metadata" : [ ]
  }, {
    "asset" : {
      "assetID" : "c935ee04056abc8c53239a1bd708e0521b3f9e68"
    },
    "addedDate" : 1592433099980,
    "metadata" : [ ]
  }, {
    "asset" : {
      "assetID" : "af875c7f12a9484a050f6dad83e7ecdf55f84ed4"
    },
    "addedDate" : 1592433099683,
    "metadata" : [ ]
  }, {
    "asset" : {
      "assetID" : "c3de4c0d1be3073a90e57efdecafe507673db5ff"
    },
    "addedDate" : 1592433101028,
    "metadata" : [ ]
  }, {
    "asset" : {
      "assetID" : "71a56be3efe968264790a8e85e1335041fbc01f6"
    },
    "addedDate" : 1632956850207,
    "metadata" : [ ]
  }, {
    "asset" : {
      "assetID" : "a4a9ccd4b314b19441f6fe739d065ca543784138"
    },
    "addedDate" : 1592433100449,
    "metadata" : [ ]
  }, {
    "asset" : {
      "assetID" : "e4c193a0983a11ed9cd8eeeeac1eea8c78e7f223"
    },
    "index" : 15,
    "addedDate" : 1676047326589,
    "metadata" : [ ]
  } ],
  "fileName" : "68157f7032728147c13681d791120d23a50cd52e.json",
  "name" : "Refugees",
  "english" : true,
  "publicTitle" : "Refugees",
  "description" : "This collection discusses the background and Churchwide humanitarian response to the plight of refugees from war, civil unrest, or armed conflict. Need for food, shelter, childcare, and hope are met and demonstrated in places like Lebanon, Iraq, Syria, and parts of Africa.",
  "collectionUri" : "refugees-topic"
}