{
  "parentCollectionID" : "82aa484a719f4db2893e75ebefe44d97",
  "parentCollectionPath" : "Mobile Media Library/English - Video/Community Outreach/Humanitarian Efforts",
  "collectionType" : "assets",
  "path" : "Mobile Media Library/English - Video/Community Outreach/Humanitarian Efforts/Vision",
  "collectionID" : "68c68e92a5f04a19894693dfac9935fa",
  "language" : "eng",
  "type" : "DEFAULT",
  "lastUpdatedDate" : "2019-12-17T18:03:33.363-07:00",
  "links" : [ {
    "rel" : "details",
    "href" : "https://titanapi.churchofjesuschrist.org/assetsearch/api/v2/collection/details/collectionID/68c68e92a5f04a19894693dfac9935fa"
  } ],
  "coverImages" : [ {
    "asset" : {
      "assetID" : "b5423307673bf37a021b76ff699cdb5432136417"
    }
  } ],
  "related" : [ ],
  "metadata" : [ {
    "key" : "collectionUri",
    "value" : "vision-video-collection",
    "language" : "eng"
  }, {
    "key" : "publicTitle",
    "value" : "Vision",
    "language" : "eng"
  } ],
  "children" : [ ],
  "assets" : [ {
    "asset" : {
      "assetID" : "805475ee1355d3e8e13156a1fab83eedf3c0e109"
    },
    "addedDate" : 1576657138157,
    "metadata" : [ ]
  } ],
  "fileName" : "68c68e92a5f04a19894693dfac9935fa.json",
  "name" : "Vision",
  "english" : true,
  "publicTitle" : "Vision",
  "collectionUri" : "vision-video-collection"
}