{
  "parentCollectionID" : "78e52700041380c54bc698db2b0fb2cb8ff0ee9d",
  "parentCollectionPath" : "Mobile Media Library/English - Video/Teaching and Lessons",
  "collectionType" : "assets",
  "path" : "Mobile Media Library/English - Video/Teaching and Lessons/Teaching, No Greater Call",
  "collectionID" : "6bccda71abf34992aca55d99ac607f02",
  "language" : "eng",
  "type" : "DEFAULT",
  "lastUpdatedDate" : "2020-05-22T19:35:53.756-06:00",
  "links" : [ {
    "rel" : "details",
    "href" : "https://titanapi.churchofjesuschrist.org/assetsearch/api/v2/collection/details/collectionID/6bccda71abf34992aca55d99ac607f02"
  } ],
  "coverImages" : [ {
    "asset" : {
      "assetID" : "09f1f8c42ba0421a18df0297064bfb036034ca3f"
    }
  } ],
  "related" : [ ],
  "metadata" : [ {
    "key" : "orderIndex",
    "value" : "5"
  } ],
  "children" : [ ],
  "assets" : [ {
    "asset" : {
      "assetID" : "2747077ff2bd72416247cfbaea50c15d0e34ccef"
    },
    "addedDate" : 1578603816316,
    "metadata" : [ ]
  }, {
    "asset" : {
      "assetID" : "20177020e451b5763114ffed41b06643c06ba89c"
    },
    "addedDate" : 1578603816333,
    "metadata" : [ ]
  }, {
    "asset" : {
      "assetID" : "0a9ff20d5375018eaeb95a1b1b104efa2d4b4165"
    },
    "addedDate" : 1578603816333,
    "metadata" : [ ]
  }, {
    "asset" : {
      "assetID" : "c564ba7bdafb7baf07b409bd52d91d067ebbb196"
    },
    "addedDate" : 1578603816253,
    "metadata" : [ ]
  }, {
    "asset" : {
      "assetID" : "b926254388f7e85cf3f2b725e03b42ff5e31ae32"
    },
    "addedDate" : 1578603816316,
    "metadata" : [ ]
  }, {
    "asset" : {
      "assetID" : "131a7650cb8fc55161d11b923f77aeb780961430"
    },
    "addedDate" : 1578603816270,
    "metadata" : [ ]
  }, {
    "asset" : {
      "assetID" : "65d4c29ea43a1803418ec4ca1071a8f73f78a2b2"
    },
    "addedDate" : 1578603816333,
    "metadata" : [ ]
  }, {
    "asset" : {
      "assetID" : "2f1b3b41747a5a63186fca1d62e9710fe20fadc2"
    },
    "addedDate" : 1578603816270,
    "metadata" : [ ]
  }, {
    "asset" : {
      "assetID" : "161e44a7c9e1a6d8f6419c6616a69faf18276910"
    },
    "addedDate" : 1578603816253,
    "metadata" : [ ]
  }, {
    "asset" : {
      "assetID" : "4edbf2db525af7f912b6c18912fae5481a10ad68"
    },
    "addedDate" : 1578603816270,
    "metadata" : [ ]
  }, {
    "asset" : {
      "assetID" : "71fd47648ca75ff37a2c4e5728dd0a3ef3632045"
    },
    "addedDate" : 1578603816253,
    "metadata" : [ ]
  }, {
    "asset" : {
      "assetID" : "ebb743ae1075b8936d05b86ea63afc0b7b7ce591"
    },
    "addedDate" : 1578603816333,
    "metadata" : [ ]
  }, {
    "asset" : {
      "assetID" : "3c3e649a9c0166602380eb7b4c8a33bbe216d89e"
    },
    "addedDate" : 1578603816300,
    "metadata" : [ ]
  }, {
    "asset" : {
      "assetID" : "0b899cf19d1166aceb62846c5e345241449ed981"
    },
    "addedDate" : 1578603816286,
    "metadata" : [ ]
  }, {
    "asset" : {
      "assetID" : "eb68a4a91c36f9746e5a6e6dfe5c4240fe7f86a8"
    },
    "addedDate" : 1578603816316,
    "metadata" : [ ]
  }, {
    "asset" : {
      "assetID" : "7b2fe9938ec3f6d90c6058a139a754a2bc70294b"
    },
    "addedDate" : 1578603816300,
    "metadata" : [ ]
  }, {
    "asset" : {
      "assetID" : "a49863979a8d8242101d8dda96f380c8c9fdd827"
    },
    "addedDate" : 1578603816270,
    "metadata" : [ ]
  }, {
    "asset" : {
      "assetID" : "3510baae2bee9c1dd5bb1e5103b37129a08907c4"
    },
    "addedDate" : 1578603816286,
    "metadata" : [ ]
  }, {
    "asset" : {
      "assetID" : "e7a3ee7f210185cb4dc06457207e69545f1cf6f7"
    },
    "addedDate" : 1578603816286,
    "metadata" : [ ]
  }, {
    "asset" : {
      "assetID" : "32310e3a2748853d14a5615a508fdf3d2b8ee6f6"
    },
    "addedDate" : 1578603816316,
    "metadata" : [ ]
  }, {
    "asset" : {
      "assetID" : "d29b350120a8d3a6f59b2f48c37c995a4174c7a2"
    },
    "addedDate" : 1578603816286,
    "metadata" : [ ]
  }, {
    "asset" : {
      "assetID" : "240f4d7ed851cb660c4d5de0619bce7bb0bd43ad"
    },
    "addedDate" : 1578603816300,
    "metadata" : [ ]
  }, {
    "asset" : {
      "assetID" : "ff75deceae70729c1b254e1ae7413849cf5a9905"
    },
    "addedDate" : 1578603816300,
    "metadata" : [ ]
  }, {
    "asset" : {
      "assetID" : "8461a6feb3306ca23f996462c50634b922552745"
    },
    "addedDate" : 1578603816316,
    "metadata" : [ ]
  }, {
    "asset" : {
      "assetID" : "ac3dc602c39152bdcb25f5804222f94df1dcbdec"
    },
    "addedDate" : 1578603816270,
    "metadata" : [ ]
  }, {
    "asset" : {
      "assetID" : "7f2dcedc613257aff4aac44b5544633c88f41b18"
    },
    "addedDate" : 1578603816333,
    "metadata" : [ ]
  } ],
  "fileName" : "6bccda71abf34992aca55d99ac607f02.json",
  "name" : "Teaching, No Greater Call",
  "english" : true
}