{
  "parentCollectionID" : "2522df7151b8147db418b7ee0f4276d207d8c7f2",
  "parentCollectionPath" : "Mobile Media Library/English - Video/Life Help/Addressing Pornography/Spouses-Addressing Pornography",
  "collectionType" : "assets",
  "path" : "Mobile Media Library/English - Video/Life Help/Addressing Pornography/Spouses-Addressing Pornography/Principle 2: Respond to Strong Emotions",
  "collectionID" : "6c428cbd04514fa2bf614b15b639d2cb3263bb30",
  "language" : "eng",
  "type" : "DEFAULT",
  "lastUpdatedDate" : "2020-12-07T10:26:13.036-07:00",
  "links" : [ {
    "rel" : "details",
    "href" : "https://titanapi.churchofjesuschrist.org/assetsearch/api/v2/collection/details/collectionID/6c428cbd04514fa2bf614b15b639d2cb3263bb30"
  } ],
  "coverImages" : [ {
    "asset" : {
      "assetID" : "2ba0ce5f3bb0b17910ceffc17069567dc2864806"
    }
  } ],
  "related" : [ ],
  "metadata" : [ {
    "key" : "collectionUri",
    "value" : "principle-2-respond-to-strong-emotions",
    "language" : "eng"
  }, {
    "key" : "publicTitle",
    "value" : "Respond to Strong Emotions",
    "language" : "eng"
  } ],
  "children" : [ ],
  "assets" : [ {
    "asset" : {
      "assetID" : "43ba63e0f04af1de075addc23b1cf48709ab303a"
    },
    "index" : 2,
    "addedDate" : 1539206149941,
    "metadata" : [ ]
  }, {
    "asset" : {
      "assetID" : "5879d07bff05604e50635586ff95b26396d139b0"
    },
    "index" : 3,
    "addedDate" : 1539206132248,
    "metadata" : [ ]
  }, {
    "asset" : {
      "assetID" : "70b7bf5fffca01baf3dd6bedef441e2b40db4a27"
    },
    "index" : 0,
    "addedDate" : 1539206177223,
    "metadata" : [ ]
  }, {
    "asset" : {
      "assetID" : "f5073bee076c9fdec8637681577881abb54901be"
    },
    "index" : 1,
    "addedDate" : 1539206162704,
    "metadata" : [ ]
  } ],
  "fileName" : "6c428cbd04514fa2bf614b15b639d2cb3263bb30.json",
  "name" : "Principle 2: Respond to Strong Emotions",
  "english" : true,
  "publicTitle" : "Respond to Strong Emotions",
  "collectionUri" : "principle-2-respond-to-strong-emotions"
}