{
  "parentCollectionID" : "c38b5072fbac4486af3dda9ced95cb56",
  "parentCollectionPath" : "Mobile Media Library/English - Video/Callings and Trainings/Missionary/Missionary Teaching",
  "collectionType" : "assets",
  "path" : "Mobile Media Library/English - Video/Callings and Trainings/Missionary/Missionary Teaching/Inspirational Messages-Missionary Teaching",
  "collectionID" : "6c9320a9846a45bdb82a1a65538c2712",
  "language" : "eng",
  "type" : "DEFAULT",
  "lastUpdatedDate" : "2020-04-15T19:14:12.555-06:00",
  "links" : [ {
    "rel" : "details",
    "href" : "https://titanapi.churchofjesuschrist.org/assetsearch/api/v2/collection/details/collectionID/6c9320a9846a45bdb82a1a65538c2712"
  } ],
  "coverImages" : [ {
    "asset" : {
      "assetID" : "77f369e95b7bf6d5c2d267ba54911777d87b90fb"
    }
  } ],
  "related" : [ ],
  "metadata" : [ {
    "key" : "collectionUri",
    "value" : "inspirational-messages-missionary-teaching",
    "language" : "eng"
  }, {
    "key" : "publicTitle",
    "value" : "Inspirational Messages—Missionary Teaching",
    "language" : "eng"
  } ],
  "children" : [ ],
  "assets" : [ {
    "asset" : {
      "assetID" : "d6dcd44da3c6e729bc5b8db138b106ea506cee21"
    },
    "addedDate" : 1586489025230,
    "metadata" : [ ]
  }, {
    "asset" : {
      "assetID" : "3cf028dc4df9cb953863af08c66034cfddabf842"
    },
    "addedDate" : 1586488695761,
    "metadata" : [ ]
  }, {
    "asset" : {
      "assetID" : "697cd972fb402e13e99b568a8c4994bf859f7f4c"
    },
    "addedDate" : 1586488717505,
    "metadata" : [ ]
  }, {
    "asset" : {
      "assetID" : "9005098d2e7a4c167f9dbff0318b8357a6142723"
    },
    "addedDate" : 1620094523486,
    "metadata" : [ ]
  }, {
    "asset" : {
      "assetID" : "bce4711a26860d5a6ad07a5580b805ea357ec564"
    },
    "addedDate" : 1660951492556,
    "metadata" : [ ]
  }, {
    "asset" : {
      "assetID" : "903811E797E4D202C4585527EADAFF9406FB8B3F"
    },
    "addedDate" : 1586488671987,
    "metadata" : [ ]
  }, {
    "asset" : {
      "assetID" : "424e1911854899344b0a6420f6463c000f510ad3"
    },
    "addedDate" : 1586488679544,
    "metadata" : [ ]
  }, {
    "asset" : {
      "assetID" : "a85cc2c95e5fb4cd4b3110a0dbea3b793b5b88c8"
    },
    "addedDate" : 1586488725467,
    "metadata" : [ ]
  }, {
    "asset" : {
      "assetID" : "dfb60b444ad5965a4452e21fc15b770dd0b0d86e"
    },
    "addedDate" : 1632956875612,
    "metadata" : [ ]
  }, {
    "asset" : {
      "assetID" : "b92d8cb26a1c7db6d23528e6f379cad4d12a9871"
    },
    "addedDate" : 1592433100590,
    "metadata" : [ ]
  } ],
  "fileName" : "6c9320a9846a45bdb82a1a65538c2712.json",
  "name" : "Inspirational Messages-Missionary Teaching",
  "english" : true,
  "publicTitle" : "Inspirational Messages—Missionary Teaching",
  "collectionUri" : "inspirational-messages-missionary-teaching"
}