{
  "parentCollectionID" : "6109651b42f34f49b5930bfbe1197caa",
  "parentCollectionPath" : "Mobile Media Library/English - Video/People/Latter-day Prophets",
  "collectionType" : "assets",
  "path" : "Mobile Media Library/English - Video/People/Latter-day Prophets/Spencer W. Kimball",
  "collectionID" : "6cd02d05c98f405b87fe400cdc0c0ce0",
  "language" : "eng",
  "type" : "DEFAULT",
  "lastUpdatedDate" : "2020-03-17T15:04:54.738-06:00",
  "links" : [ {
    "rel" : "details",
    "href" : "https://titanapi.churchofjesuschrist.org/assetsearch/api/v2/collection/details/collectionID/6cd02d05c98f405b87fe400cdc0c0ce0"
  } ],
  "coverImages" : [ {
    "asset" : {
      "assetID" : "e2467f8f977e60a6f248b5771ae653f0cb325479"
    }
  } ],
  "related" : [ ],
  "metadata" : [ {
    "key" : "collectionUri",
    "value" : "spencer-w-kimball",
    "language" : "eng"
  }, {
    "key" : "publicTitle",
    "value" : "Spencer W. Kimball",
    "language" : "eng"
  }, {
    "key" : "orderIndex",
    "value" : "5"
  } ],
  "children" : [ ],
  "assets" : [ {
    "asset" : {
      "assetID" : "cfaff28f4bf0bf9c4b11bd65c13cd682bd1b793a"
    },
    "addedDate" : 1576533535753,
    "metadata" : [ ]
  }, {
    "asset" : {
      "assetID" : "14682f4f42136ef1334d6f2f57eea5c07114b4c5"
    },
    "addedDate" : 1576533535753,
    "metadata" : [ ]
  }, {
    "asset" : {
      "assetID" : "0b67d4c38b4dbebd11b9a2364e307ec61aa734e0"
    },
    "addedDate" : 1579035439970,
    "metadata" : [ ]
  }, {
    "asset" : {
      "assetID" : "206c2b88ab93f15979afcd51be352243b53e5fc4"
    },
    "addedDate" : 1579035439970,
    "metadata" : [ ]
  }, {
    "asset" : {
      "assetID" : "93308329f295b88449b88f8bdaaad696890114ca"
    },
    "addedDate" : 1576533535753,
    "metadata" : [ ]
  }, {
    "asset" : {
      "assetID" : "8314cb51e5ea90449e4eceb70951c08b4686182c"
    },
    "addedDate" : 1576533535753,
    "metadata" : [ ]
  }, {
    "asset" : {
      "assetID" : "4593a3e2f2b91af33cf81ed7e3d99f70bee1fd24"
    },
    "addedDate" : 1579035439970,
    "metadata" : [ ]
  }, {
    "asset" : {
      "assetID" : "4cebce7546fe95e97e2fc71ac8e96f169b6f2c8d"
    },
    "addedDate" : 1576533535753,
    "metadata" : [ ]
  }, {
    "asset" : {
      "assetID" : "1c06c98a01b567b315f3492130b053aaa6f91882"
    },
    "addedDate" : 1576533535753,
    "metadata" : [ ]
  }, {
    "asset" : {
      "assetID" : "73df91d4371c6fd1aa5cfd1c9fa67639045369af"
    },
    "addedDate" : 1576533535753,
    "metadata" : [ ]
  }, {
    "asset" : {
      "assetID" : "a7704441d73bf895251493222d0883f538e0074a"
    },
    "addedDate" : 1576533535770,
    "metadata" : [ ]
  }, {
    "asset" : {
      "assetID" : "da09324406d7300694d4596e7c8c3341d7f3026c"
    },
    "addedDate" : 1576533535770,
    "metadata" : [ ]
  }, {
    "asset" : {
      "assetID" : "34bce6db6cb4796e61ab9dd950fccba80d4c38ac"
    },
    "addedDate" : 1576533535753,
    "metadata" : [ ]
  }, {
    "asset" : {
      "assetID" : "e35aa58d7a6b60e6432fc688775409ef057037e1"
    },
    "addedDate" : 1579035439953,
    "metadata" : [ ]
  } ],
  "fileName" : "6cd02d05c98f405b87fe400cdc0c0ce0.json",
  "name" : "Spencer W. Kimball",
  "english" : true,
  "publicTitle" : "Spencer W. Kimball",
  "collectionUri" : "spencer-w-kimball"
}