{
  "parentCollectionID" : "e60f922e58584686ad44d42a17a6dd66",
  "parentCollectionPath" : "Mobile Media Library/English - Video/People/Latter-day General Authorities and Officers",
  "collectionType" : "assets",
  "path" : "Mobile Media Library/English - Video/People/Latter-day General Authorities and Officers/John H. Groberg",
  "collectionID" : "6e9ac4b8ee800226706b39da715d959ccaeb881e",
  "language" : "eng",
  "type" : "DEFAULT",
  "lastUpdatedDate" : "2019-10-28T16:40:50.643-06:00",
  "links" : [ {
    "rel" : "details",
    "href" : "https://titanapi.churchofjesuschrist.org/assetsearch/api/v2/collection/details/collectionID/6e9ac4b8ee800226706b39da715d959ccaeb881e"
  } ],
  "coverImages" : [ {
    "asset" : {
      "assetID" : "f55949faad00f96afdc1ee8e6179732d16637a25"
    }
  } ],
  "related" : [ ],
  "metadata" : [ {
    "key" : "collectionUri",
    "value" : "john-h-groberg",
    "language" : "eng"
  }, {
    "key" : "publicTitle",
    "value" : "John H. Groberg",
    "language" : "eng"
  } ],
  "children" : [ ],
  "assets" : [ {
    "asset" : {
      "assetID" : "cbda95e768190b05b1a1b9b6eaa74d9f777c8a20"
    },
    "addedDate" : 1540474205736,
    "metadata" : [ ]
  } ],
  "fileName" : "6e9ac4b8ee800226706b39da715d959ccaeb881e.json",
  "name" : "John H. Groberg",
  "english" : true,
  "publicTitle" : "John H. Groberg",
  "collectionUri" : "john-h-groberg"
}