{
  "parentCollectionID" : "bd59191796027fc53f46f5811862b4ff2baaa3b2",
  "parentCollectionPath" : "Mobile Media Library/English - Video/Topics",
  "collectionType" : "assets",
  "path" : "Mobile Media Library/English - Video/Topics/Dress and Appearance",
  "collectionID" : "6ebf97b0379a4d0e9bb9c13477b3c41f",
  "language" : "eng",
  "type" : "DEFAULT",
  "lastUpdatedDate" : "2020-09-20T12:43:51.253-06:00",
  "links" : [ {
    "rel" : "details",
    "href" : "https://titanapi.churchofjesuschrist.org/assetsearch/api/v2/collection/details/collectionID/6ebf97b0379a4d0e9bb9c13477b3c41f"
  } ],
  "coverImages" : [ {
    "asset" : {
      "assetID" : "f6cd4f8f94ce157e4afa2012fe45b78dc7b17fa9"
    }
  } ],
  "related" : [ ],
  "metadata" : [ {
    "key" : "description",
    "value" : "Latter-day Saint youth share the influential spiritual side of modest clothing and its relationship to their outlook, moral conduct, and behavior.",
    "language" : "eng"
  }, {
    "key" : "collectionUri",
    "value" : "dress-and-appearance-topic",
    "language" : "eng"
  }, {
    "key" : "publicTitle",
    "value" : "Dress and Appearance",
    "language" : "eng"
  }, {
    "key" : "orderIndex",
    "value" : "29"
  } ],
  "children" : [ ],
  "assets" : [ {
    "asset" : {
      "assetID" : "a02774018fe36cce847682830e804a673bc9be64"
    },
    "addedDate" : 1576802699956,
    "metadata" : [ ]
  }, {
    "asset" : {
      "assetID" : "85ac87971f93203d13b222010a05ddc6ef64c0a2"
    },
    "addedDate" : 1592433100574,
    "metadata" : [ ]
  } ],
  "fileName" : "6ebf97b0379a4d0e9bb9c13477b3c41f.json",
  "name" : "Dress and Appearance",
  "english" : true,
  "publicTitle" : "Dress and Appearance",
  "description" : "Latter-day Saint youth share the influential spiritual side of modest clothing and its relationship to their outlook, moral conduct, and behavior.",
  "collectionUri" : "dress-and-appearance-topic"
}