{
  "parentCollectionID" : "b91d19b3a88f45129e9ec20d8c175bfa",
  "parentCollectionPath" : "Mobile Media Library/English - Video/Scriptural Reenactments and Teachings/Book of Mormon Videos",
  "collectionType" : "assets",
  "path" : "Mobile Media Library/English - Video/Scriptural Reenactments and Teachings/Book of Mormon Videos/2 Nephi 1-4",
  "collectionID" : "70106b24c2c94f7f93e85264295f1166",
  "language" : "eng",
  "type" : "DEFAULT",
  "lastUpdatedDate" : "2023-09-11T15:54:13.141-06:00",
  "links" : [ {
    "rel" : "details",
    "href" : "https://titanapi.churchofjesuschrist.org/assetsearch/api/v2/collection/details/collectionID/70106b24c2c94f7f93e85264295f1166"
  } ],
  "coverImages" : [ {
    "asset" : {
      "assetID" : "6663faf76f1341aaf305c61adf24c091d93464c5"
    }
  } ],
  "related" : [ ],
  "metadata" : [ {
    "key" : "orderIndex",
    "value" : "11"
  }, {
    "key" : "channel",
    "value" : "mobile",
    "language" : "eng"
  }, {
    "key" : "collectionUri",
    "value" : "2-nephi-1-4",
    "language" : "eng"
  }, {
    "key" : "publicTitle",
    "value" : "2 Nephi 1-4",
    "language" : "eng"
  } ],
  "children" : [ ],
  "assets" : [ {
    "asset" : {
      "assetID" : "B7B5832C3A9494AD94593E2CBA89C32A5CCDC33F"
    },
    "index" : 0,
    "addedDate" : 1662565063126,
    "metadata" : [ ]
  }, {
    "asset" : {
      "assetID" : "E84CC7B47828924AA51D4625C4E96F319F4568F8"
    },
    "index" : 1,
    "addedDate" : 1662565063123,
    "metadata" : [ ]
  }, {
    "asset" : {
      "assetID" : "153184E1EB915349BE2E0654CFC0924D5C7EF95D"
    },
    "index" : 2,
    "addedDate" : 1662565063136,
    "metadata" : [ ]
  }, {
    "asset" : {
      "assetID" : "14D28C8A70A5C86E56BDCBAFD558148EE56BC683"
    },
    "index" : 3,
    "addedDate" : 1662565063140,
    "metadata" : [ ]
  }, {
    "asset" : {
      "assetID" : "3DFEC26BB8B0CDE77D755FCC83B2DCA4AB69185B"
    },
    "index" : 4,
    "addedDate" : 1662565063140,
    "metadata" : [ ]
  }, {
    "asset" : {
      "assetID" : "72D59B2A5E832293899F9D3E1E67983087EDF675"
    },
    "index" : 5,
    "addedDate" : 1662565063116,
    "metadata" : [ ]
  } ],
  "fileName" : "70106b24c2c94f7f93e85264295f1166.json",
  "name" : "2 Nephi 1-4",
  "english" : true,
  "publicTitle" : "2 Nephi 1-4",
  "collectionUri" : "2-nephi-1-4"
}