{
  "parentCollectionID" : "e60f922e58584686ad44d42a17a6dd66",
  "parentCollectionPath" : "Mobile Media Library/English - Video/People/Latter-day General Authorities and Officers",
  "collectionType" : "assets",
  "path" : "Mobile Media Library/English - Video/People/Latter-day General Authorities and Officers/Bonnie L. Oscarson",
  "collectionID" : "703aa7137c307d878ddb0a75bd7ca29105d0d138",
  "language" : "eng",
  "type" : "DEFAULT",
  "lastUpdatedDate" : "2019-10-28T16:40:50.643-06:00",
  "links" : [ {
    "rel" : "details",
    "href" : "https://titanapi.churchofjesuschrist.org/assetsearch/api/v2/collection/details/collectionID/703aa7137c307d878ddb0a75bd7ca29105d0d138"
  } ],
  "coverImages" : [ {
    "asset" : {
      "assetID" : "4f4ec5c5c09240cabf76fcf717145bbedeaa5f24"
    }
  } ],
  "related" : [ ],
  "metadata" : [ {
    "key" : "collectionUri",
    "value" : "bonnie-l-oscarson-video-collection",
    "language" : "eng"
  }, {
    "key" : "publicTitle",
    "value" : "Bonnie L. Oscarson",
    "language" : "eng"
  } ],
  "children" : [ ],
  "assets" : [ {
    "asset" : {
      "assetID" : "9ef82aa588d2890eaa60f4e3da4e91e9cf857a8c"
    },
    "addedDate" : 1596164172087,
    "metadata" : [ ]
  }, {
    "asset" : {
      "assetID" : "beaab54b881917d0bb4e4ed0900a10c489db97a2"
    },
    "addedDate" : 1592433100512,
    "metadata" : [ ]
  }, {
    "asset" : {
      "assetID" : "ac549998d5034c8255764da41d66a5ec2d60cfcd"
    },
    "addedDate" : 1595218256572,
    "metadata" : [ ]
  } ],
  "fileName" : "703aa7137c307d878ddb0a75bd7ca29105d0d138.json",
  "name" : "Bonnie L. Oscarson",
  "english" : true,
  "publicTitle" : "Bonnie L. Oscarson",
  "collectionUri" : "bonnie-l-oscarson-video-collection"
}