{
  "parentCollectionID" : "ba758d05db044db7bf5ab221c6d94543",
  "parentCollectionPath" : "Mobile Media Library/English - Video/Scriptural Reenactments and Teachings/Doctrine and Covenants Teaching Videos",
  "collectionType" : "assets",
  "path" : "Mobile Media Library/English - Video/Scriptural Reenactments and Teachings/Doctrine and Covenants Teaching Videos/Overview - Section 39",
  "collectionID" : "70d468b24e6e416bb87e3666e51875d2",
  "language" : "eng",
  "type" : "DEFAULT",
  "lastUpdatedDate" : "2022-09-07T12:34:17.884-06:00",
  "links" : [ {
    "rel" : "details",
    "href" : "https://titanapi.churchofjesuschrist.org/assetsearch/api/v2/collection/details/collectionID/70d468b24e6e416bb87e3666e51875d2"
  } ],
  "coverImages" : [ {
    "asset" : {
      "assetID" : "4b936bffdfa806bfde8d294921e9670814ae9e46"
    }
  } ],
  "related" : [ ],
  "metadata" : [ {
    "key" : "orderIndex",
    "value" : "1"
  }, {
    "key" : "channel",
    "value" : "mobile",
    "language" : "eng"
  }, {
    "key" : "collectionUri",
    "value" : "overview-section-39",
    "language" : "eng"
  }, {
    "key" : "publicTitle",
    "value" : "Overview - Section 39",
    "language" : "eng"
  } ],
  "children" : [ ],
  "assets" : [ {
    "asset" : {
      "assetID" : "cbe18c1fd0db3bd72a488a7f1e8d831615a3fcf3"
    },
    "addedDate" : 1662568985870,
    "metadata" : [ ]
  }, {
    "asset" : {
      "assetID" : "192340b5e581678d5f4d66796620db219b4dfef1"
    },
    "addedDate" : 1662568985830,
    "metadata" : [ ]
  }, {
    "asset" : {
      "assetID" : "c7a90df14b39191bafdcd1865a088fe34b862803"
    },
    "addedDate" : 1662568985826,
    "metadata" : [ ]
  }, {
    "asset" : {
      "assetID" : "5d2a36191fec180464bbfb7a80c4dd4624e19de0"
    },
    "addedDate" : 1662568985896,
    "metadata" : [ ]
  }, {
    "asset" : {
      "assetID" : "fa4e01f5cda079c2832722ee604c4f4f0f9f03b7"
    },
    "addedDate" : 1662568985900,
    "metadata" : [ ]
  }, {
    "asset" : {
      "assetID" : "8b8fea9187bdc0c73564727dc12f9b52be5f0751"
    },
    "addedDate" : 1662568985880,
    "metadata" : [ ]
  }, {
    "asset" : {
      "assetID" : "7b03d79f4a365732c6108cf2a9f7bb5422c5d601"
    },
    "addedDate" : 1662568985843,
    "metadata" : [ ]
  }, {
    "asset" : {
      "assetID" : "fd7dcfeca736982d9e9eb203d55ad8d7eee8f571"
    },
    "addedDate" : 1662568985866,
    "metadata" : [ ]
  }, {
    "asset" : {
      "assetID" : "5a832379b5df8365ce77caba58c521e711e49265"
    },
    "addedDate" : 1662568985890,
    "metadata" : [ ]
  }, {
    "asset" : {
      "assetID" : "b5538cbb449cc24d73223d5f143d4a3bcfe6eabe"
    },
    "addedDate" : 1662568985833,
    "metadata" : [ ]
  }, {
    "asset" : {
      "assetID" : "a9542ce8607bbd3a0c24e544e89c8546c735b8d4"
    },
    "addedDate" : 1662568985890,
    "metadata" : [ ]
  }, {
    "asset" : {
      "assetID" : "bab814362164e43ea6191e8cfcd22266b1b7b908"
    },
    "addedDate" : 1662568985840,
    "metadata" : [ ]
  }, {
    "asset" : {
      "assetID" : "fb891c915a2971338b9f3eed7c473d716a278a7d"
    },
    "addedDate" : 1662568985836,
    "metadata" : [ ]
  }, {
    "asset" : {
      "assetID" : "0b42215a00ccf1687670c5c2c9e8c62ea1f71249"
    },
    "addedDate" : 1662568985856,
    "metadata" : [ ]
  }, {
    "asset" : {
      "assetID" : "030ace222f2acf2dc4417f8adbb10850721a79f9"
    },
    "addedDate" : 1662568985886,
    "metadata" : [ ]
  }, {
    "asset" : {
      "assetID" : "f279de54c00d556cec6f8a20bc9f34ca1d2cdd9c"
    },
    "addedDate" : 1662568985886,
    "metadata" : [ ]
  }, {
    "asset" : {
      "assetID" : "4099787660d65cfb6b04fd6fea338593f2ad13fe"
    },
    "addedDate" : 1662568985860,
    "metadata" : [ ]
  }, {
    "asset" : {
      "assetID" : "2a1843fb3a133e99c7f841500928d5a0fc723d54"
    },
    "addedDate" : 1662568985880,
    "metadata" : [ ]
  }, {
    "asset" : {
      "assetID" : "a90e957ebffa02d95f358ebba514a52e2b76399d"
    },
    "addedDate" : 1662568985840,
    "metadata" : [ ]
  }, {
    "asset" : {
      "assetID" : "01a70281b89b26b0fd3c33727e94876459afa8d6"
    },
    "addedDate" : 1662568985850,
    "metadata" : [ ]
  }, {
    "asset" : {
      "assetID" : "285edfc27a4775a4a4c94f361a6ac249158be175"
    },
    "addedDate" : 1662568985863,
    "metadata" : [ ]
  }, {
    "asset" : {
      "assetID" : "bf81c479ffadf4f928bd3eee65b6da493508da94"
    },
    "addedDate" : 1662568985850,
    "metadata" : [ ]
  }, {
    "asset" : {
      "assetID" : "b51ed3a17df81530ca688e6f40e5ec7bf8c684b8"
    },
    "addedDate" : 1662568985896,
    "metadata" : [ ]
  }, {
    "asset" : {
      "assetID" : "fa7b32fae31d64531a619cefd4f2784569bad7fb"
    },
    "addedDate" : 1662568985876,
    "metadata" : [ ]
  } ],
  "fileName" : "70d468b24e6e416bb87e3666e51875d2.json",
  "name" : "Overview - Section 39",
  "english" : true,
  "publicTitle" : "Overview - Section 39",
  "collectionUri" : "overview-section-39"
}