{
  "parentCollectionID" : "a362cf32612a48c380d0013df943b987",
  "parentCollectionPath" : "Mobile Media Library/English - Video/Teaching and Lessons/Come, Follow Me/2023 New Testament Media Resources",
  "collectionType" : "assets",
  "path" : "Mobile Media Library/English - Video/Teaching and Lessons/Come, Follow Me/2023 New Testament Media Resources/February 27–March 5. Matthew 8; Mark 2-4; Luke 7: \"Thy Faith Hath Saved Thee\"",
  "collectionID" : "71036887ebb346f58aa555fec74ca0c7",
  "language" : "eng",
  "type" : "DEFAULT",
  "lastUpdatedDate" : "2022-12-01T14:25:03.507-07:00",
  "links" : [ {
    "rel" : "details",
    "href" : "https://titanapi.churchofjesuschrist.org/assetsearch/api/v2/collection/details/collectionID/71036887ebb346f58aa555fec74ca0c7"
  } ],
  "coverImages" : [ {
    "asset" : {
      "assetID" : "6b048373823d623ce10bddd9541ef7f8dac3c059"
    }
  } ],
  "related" : [ ],
  "metadata" : [ {
    "key" : "orderIndex",
    "value" : "10"
  }, {
    "key" : "collectionUri",
    "value" : "cfm-2023-videos-february-27-march-5",
    "language" : "eng"
  }, {
    "key" : "publicTitle",
    "value" : "February 27–March 5. Matthew 8; Mark 2-4; Luke 7: \"Thy Faith Hath Saved Thee\"",
    "language" : "eng"
  } ],
  "children" : [ ],
  "assets" : [ {
    "asset" : {
      "assetID" : "b7b9aa15389925a2b5ba1a5c878c3cb5236dde5c"
    },
    "index" : 4,
    "addedDate" : 1650043260703,
    "metadata" : [ ]
  }, {
    "asset" : {
      "assetID" : "cb0176047543c2050d36fe9b8ef5cf4a5d7d8957"
    },
    "index" : 2,
    "addedDate" : 1650043276126,
    "metadata" : [ ]
  }, {
    "asset" : {
      "assetID" : "59b0970264f03a52812e4d3b86013c8660f5fd67"
    },
    "index" : 6,
    "addedDate" : 1650043249681,
    "metadata" : [ ]
  }, {
    "asset" : {
      "assetID" : "3819fa4eb2b280c2c0da1b3d8d2322746e8bdd40"
    },
    "index" : 3,
    "addedDate" : 1650043286265,
    "metadata" : [ ]
  }, {
    "asset" : {
      "assetID" : "1da121d0b26bb9bc880fbb4c71fcbc8de28cc50d"
    },
    "index" : 5,
    "addedDate" : 1650043228678,
    "metadata" : [ ]
  }, {
    "asset" : {
      "assetID" : "822f2f16367111eca29deeeeac1e03f9dfd4ec68"
    },
    "index" : 0,
    "addedDate" : 1652116577777,
    "metadata" : [ ]
  }, {
    "asset" : {
      "assetID" : "7f8077e0367311ecbc25eeeeac1e2962f2a76a39"
    },
    "index" : 1,
    "addedDate" : 1650043239669,
    "metadata" : [ ]
  } ],
  "fileName" : "71036887ebb346f58aa555fec74ca0c7.json",
  "name" : "February 27–March 5. Matthew 8; Mark 2-4; Luke 7: \"Thy Faith Hath Saved Thee\"",
  "english" : true,
  "publicTitle" : "February 27–March 5. Matthew 8; Mark 2-4; Luke 7: \"Thy Faith Hath Saved Thee\"",
  "collectionUri" : "cfm-2023-videos-february-27-march-5"
}