{
  "parentCollectionID" : "785d520b0d1ee16f41d51ac1f1d37b03e9117f16",
  "parentCollectionPath" : "Mobile Media Library/English - Video/Callings and Trainings/Primary",
  "collectionType" : "assets",
  "path" : "Mobile Media Library/English - Video/Callings and Trainings/Primary/Teaching Primary",
  "collectionID" : "7146db1743a24d5db343e381f1184355",
  "language" : "eng",
  "type" : "DEFAULT",
  "lastUpdatedDate" : "2021-01-05T08:07:19.663-07:00",
  "links" : [ {
    "rel" : "details",
    "href" : "https://titanapi.churchofjesuschrist.org/assetsearch/api/v2/collection/details/collectionID/7146db1743a24d5db343e381f1184355"
  } ],
  "coverImages" : [ {
    "asset" : {
      "assetID" : "0b2df32cb416866e0dc61f3931e3d678c10cdab8"
    }
  } ],
  "related" : [ ],
  "metadata" : [ {
    "key" : "collectionUri",
    "value" : "teaching-primary",
    "language" : "eng"
  }, {
    "key" : "publicTitle",
    "value" : "Teaching Primary",
    "language" : "eng"
  }, {
    "key" : "orderIndex",
    "value" : "17"
  } ],
  "children" : [ ],
  "assets" : [ {
    "asset" : {
      "assetID" : "6E361424020DEEA9F60463C06E4AAECA7DC06280"
    },
    "index" : 0,
    "addedDate" : 1609804835026,
    "metadata" : [ ]
  } ],
  "fileName" : "7146db1743a24d5db343e381f1184355.json",
  "name" : "Teaching Primary",
  "english" : true,
  "publicTitle" : "Teaching Primary",
  "collectionUri" : "teaching-primary"
}