{
  "parentCollectionID" : "b91d19b3a88f45129e9ec20d8c175bfa",
  "parentCollectionPath" : "Mobile Media Library/English - Video/Scriptural Reenactments and Teachings/Book of Mormon Videos",
  "collectionType" : "collections",
  "path" : "Mobile Media Library/English - Video/Scriptural Reenactments and Teachings/Book of Mormon Videos/2 Nephi–Enos Full Length Version",
  "collectionID" : "71478924d77a45df9b1e2de0524f06e5",
  "language" : "eng",
  "type" : "DEFAULT",
  "lastUpdatedDate" : "2024-03-27T19:08:28.317-06:00",
  "links" : [ {
    "rel" : "details",
    "href" : "https://titanapi.churchofjesuschrist.org/assetsearch/api/v2/collection/details/collectionID/71478924d77a45df9b1e2de0524f06e5"
  } ],
  "coverImages" : [ ],
  "related" : [ ],
  "metadata" : [ {
    "key" : "orderIndex",
    "value" : "10"
  }, {
    "key" : "description",
    "value" : "2 Nephi–Enos Full Length Version",
    "language" : "eng"
  }, {
    "key" : "collectionUri",
    "value" : "2-nephi-enos-full-length",
    "language" : "eng"
  } ],
  "children" : [ ],
  "assets" : [ ],
  "fileName" : "71478924d77a45df9b1e2de0524f06e5.json",
  "name" : "2 Nephi–Enos Full Length Version",
  "english" : true,
  "description" : "2 Nephi–Enos Full Length Version",
  "collectionUri" : "2-nephi-enos-full-length"
}