{
  "parentCollectionID" : "c058e5106b8e8d62008116bb1c25d6983599e78f",
  "parentCollectionPath" : "Mobile Media Library/English - Video/Life Help/Self-Reliance Services and PEF/Personal Finances",
  "collectionType" : "assets",
  "path" : "Mobile Media Library/English - Video/Life Help/Self-Reliance Services and PEF/Personal Finances/Chapter 3: Tithes and Offerings",
  "collectionID" : "71aacee0a8a9abd98982ed89b0c1fd3e76ab6bf3",
  "language" : "eng",
  "type" : "DEFAULT",
  "lastUpdatedDate" : "2019-10-28T16:40:50.643-06:00",
  "links" : [ {
    "rel" : "details",
    "href" : "https://titanapi.churchofjesuschrist.org/assetsearch/api/v2/collection/details/collectionID/71aacee0a8a9abd98982ed89b0c1fd3e76ab6bf3"
  } ],
  "coverImages" : [ {
    "asset" : {
      "assetID" : "1922c3f2199ac3e3f8e236003d0c51c5dd473f34"
    }
  } ],
  "related" : [ ],
  "metadata" : [ {
    "key" : "collectionUri",
    "value" : "chapter-3-tithes-and-offerings",
    "language" : "eng"
  }, {
    "key" : "publicTitle",
    "value" : "Chapter 3: Tithes and Offerings",
    "language" : "eng"
  } ],
  "children" : [ ],
  "assets" : [ {
    "asset" : {
      "assetID" : "5c10fa7b3ee798ff938cf31c450620b43118ac12"
    },
    "addedDate" : 1632956844392,
    "metadata" : [ ]
  } ],
  "fileName" : "71aacee0a8a9abd98982ed89b0c1fd3e76ab6bf3.json",
  "name" : "Chapter 3: Tithes and Offerings",
  "english" : true,
  "publicTitle" : "Chapter 3: Tithes and Offerings",
  "collectionUri" : "chapter-3-tithes-and-offerings"
}