{
  "sourceCollectionId" : "1beb114a0f9d4943b42efb5831170d96",
  "parentCollectionID" : "22e3232e384c8650311b2940336759a89b8d6f8b",
  "parentCollectionPath" : "Mobile Media Library",
  "collectionType" : "assets",
  "path" : "Mobile Media Library/Japanese - GS Banner - Videos Only",
  "collectionID" : "72663b9b229844788268550186e005e7",
  "language" : "jpn",
  "type" : "DEFAULT",
  "lastUpdatedDate" : "2025-01-27T13:52:50.156-07:00",
  "links" : [ {
    "rel" : "details",
    "href" : "https://titanapi.churchofjesuschrist.org/assetsearch/api/v2/collection/details/collectionID/72663b9b229844788268550186e005e7"
  } ],
  "coverImages" : [ ],
  "related" : [ ],
  "metadata" : [ {
    "key" : "orderIndex",
    "value" : "43"
  }, {
    "key" : "channel",
    "value" : "mobile",
    "language" : "jpn"
  }, {
    "key" : "collectionUri",
    "value" : "gospel-stream-banner",
    "language" : "jpn"
  }, {
    "key" : "publicTitle",
    "value" : "Gospel Stream Banner",
    "language" : "jpn"
  } ],
  "children" : [ ],
  "assets" : [ {
    "asset" : {
      "assetID" : "e5d28a1a3173d1265c8931b809e75d0f6229c861"
    },
    "index" : 5,
    "addedDate" : 1736303785008,
    "metadata" : [ ]
  }, {
    "asset" : {
      "assetID" : "df90f6a7bc366d52cf39c574c61bcc6e2e5d319c"
    },
    "index" : 1,
    "addedDate" : 1738010793844,
    "metadata" : [ ]
  }, {
    "asset" : {
      "assetID" : "a29d36d2b1e0c804933477ebdf3ec5537525fe5a"
    },
    "index" : 2,
    "addedDate" : 1737376459709,
    "metadata" : [ ]
  }, {
    "asset" : {
      "assetID" : "7ab9fdcb7f6b11ef9c8c0626c361eb55ee3cac99"
    },
    "index" : 0,
    "addedDate" : 1738010440644,
    "metadata" : [ ]
  }, {
    "asset" : {
      "assetID" : "ev1qmwvjkq9gog3lnu6edzswemnkchxykb37nmwt"
    },
    "index" : 7,
    "addedDate" : 1737375773110,
    "metadata" : [ ]
  }, {
    "asset" : {
      "assetID" : "4rb11g3slab2wpmolwy0l96jjjjwcali8valbiqe"
    },
    "index" : 4,
    "addedDate" : 1736011552064,
    "metadata" : [ ]
  } ],
  "fileName" : "72663b9b229844788268550186e005e7.json",
  "name" : "Japanese - GS Banner - Videos Only",
  "english" : false,
  "publicTitle" : "Gospel Stream Banner",
  "collectionUri" : "gospel-stream-banner"
}