{
  "parentCollectionID" : "a08651c1a25c01cb1e6d666bb33cb8ccf521862e",
  "parentCollectionPath" : "Mobile Media Library/English - Video/Teaching and Lessons/Seminary and Institute/Online Seminary/Old Testament Online Seminary Reference",
  "collectionType" : "assets",
  "path" : "Mobile Media Library/English - Video/Teaching and Lessons/Seminary and Institute/Online Seminary/Old Testament Online Seminary Reference/Lessons 1-40",
  "collectionID" : "739655c735262b3a73c047a91677b21f7a312d47",
  "language" : "eng",
  "type" : "DEFAULT",
  "lastUpdatedDate" : "2019-10-28T16:40:50.643-06:00",
  "links" : [ {
    "rel" : "details",
    "href" : "https://titanapi.churchofjesuschrist.org/assetsearch/api/v2/collection/details/collectionID/739655c735262b3a73c047a91677b21f7a312d47"
  } ],
  "coverImages" : [ {
    "asset" : {
      "assetID" : "bb0e503cc67dbf8073c45e8ee4130028ee7ec05f"
    }
  } ],
  "related" : [ ],
  "metadata" : [ {
    "key" : "collectionUri",
    "value" : "lessons-1-40",
    "language" : "eng"
  }, {
    "key" : "publicTitle",
    "value" : "Lessons 1-40",
    "language" : "eng"
  } ],
  "children" : [ ],
  "assets" : [ {
    "asset" : {
      "assetID" : "0574a5b4ff480eda69f1f7d64a8fa733def6bc2a"
    },
    "addedDate" : 1485452029011,
    "metadata" : [ ]
  }, {
    "asset" : {
      "assetID" : "e3077e5c6b94e8b034423fbe12943226f1325cb6"
    },
    "addedDate" : 1485451958088,
    "metadata" : [ ]
  }, {
    "asset" : {
      "assetID" : "f3578473d1b95ba35a43ac9f6029ff7e528b8acd"
    },
    "addedDate" : 1485452003020,
    "metadata" : [ ]
  }, {
    "asset" : {
      "assetID" : "3db55827068c052e1657aee106e3ef7099c72b3d"
    },
    "addedDate" : 1485452075018,
    "metadata" : [ ]
  }, {
    "asset" : {
      "assetID" : "bb153286e76c058570cb124e7eb58c818188c936"
    },
    "addedDate" : 1587093270979,
    "metadata" : [ ]
  }, {
    "asset" : {
      "assetID" : "330015128406139c18ac10fbfa36cdbf16224d05"
    },
    "addedDate" : 1485451920071,
    "metadata" : [ ]
  }, {
    "asset" : {
      "assetID" : "7daea94c4ad476af1d80d5d082b23d646964bcaa"
    },
    "addedDate" : 1485451941045,
    "metadata" : [ ]
  }, {
    "asset" : {
      "assetID" : "6ed496bbd54b62cac1119e75d156c482220cf728"
    },
    "addedDate" : 1485451860037,
    "metadata" : [ ]
  }, {
    "asset" : {
      "assetID" : "cef97b5c7716b1059d17cf2106b01734eeca013a"
    },
    "addedDate" : 1485451877073,
    "metadata" : [ ]
  }, {
    "asset" : {
      "assetID" : "e322c322717fdd1179dbee5975224aeb966302ac"
    },
    "addedDate" : 1485451811052,
    "metadata" : [ ]
  }, {
    "asset" : {
      "assetID" : "5cefc08da029d0c6ff14df16a13659eb8125e7b8"
    },
    "addedDate" : 1485451898064,
    "metadata" : [ ]
  }, {
    "asset" : {
      "assetID" : "7ffc13f536dd0ce27b7b7818d80cb356df82ac33"
    },
    "addedDate" : 1485452051027,
    "metadata" : [ ]
  }, {
    "asset" : {
      "assetID" : "d1edafe88e2a432feb105e02ec6da15ff8bc31b9"
    },
    "addedDate" : 1632956873826,
    "metadata" : [ ]
  } ],
  "fileName" : "739655c735262b3a73c047a91677b21f7a312d47.json",
  "name" : "Lessons 1-40",
  "english" : true,
  "publicTitle" : "Lessons 1-40",
  "collectionUri" : "lessons-1-40"
}