{
  "parentCollectionID" : "4da6a5e612768eada390a3e0f6c0e386a015447a",
  "parentCollectionPath" : "Mobile Media Library/English - Video/Scriptural Reenactments and Teachings",
  "collectionType" : "collections",
  "path" : "Mobile Media Library/English - Video/Scriptural Reenactments and Teachings/Bible Videos - The Life of Jesus Christ",
  "collectionID" : "7415b72b4f0d454a96ed4ccda89194b8",
  "language" : "eng",
  "type" : "DEFAULT",
  "lastUpdatedDate" : "2022-09-07T13:04:57.641-06:00",
  "links" : [ {
    "rel" : "details",
    "href" : "https://titanapi.churchofjesuschrist.org/assetsearch/api/v2/collection/details/collectionID/7415b72b4f0d454a96ed4ccda89194b8"
  } ],
  "coverImages" : [ {
    "asset" : {
      "assetID" : "9890c304d3e92d464c7686ee0f3238d950544b4d"
    }
  } ],
  "related" : [ ],
  "metadata" : [ {
    "key" : "orderIndex",
    "value" : "1"
  }, {
    "key" : "channel",
    "value" : "mobile",
    "language" : "eng"
  }, {
    "key" : "collectionUri",
    "value" : "bible-videos-the-life-of-jesus-christ",
    "language" : "eng"
  }, {
    "key" : "publicTitle",
    "value" : "Bible Videos - The Life of Jesus Christ",
    "language" : "eng"
  } ],
  "children" : [ {
    "path" : "Mobile Media Library/English - Video/Scriptural Reenactments and Teachings/Bible Videos - The Life of Jesus Christ/Nativity",
    "collectionID" : "4befdca1f5cb4ddaacfbed705c653187",
    "type" : "DEFAULT",
    "lastUpdatedDate" : "2022-09-07T13:05:11.555-06:00",
    "links" : [ {
      "rel" : "details",
      "href" : "https://titanapi.churchofjesuschrist.org/assetsearch/api/v2/collection/details/collectionID/4befdca1f5cb4ddaacfbed705c653187"
    } ],
    "fileName" : "4befdca1f5cb4ddaacfbed705c653187.json"
  }, {
    "path" : "Mobile Media Library/English - Video/Scriptural Reenactments and Teachings/Bible Videos - The Life of Jesus Christ/Miracles",
    "collectionID" : "620e63f5c1544b94990c5b51d08e40a0",
    "type" : "DEFAULT",
    "lastUpdatedDate" : "2022-09-07T13:05:22.965-06:00",
    "links" : [ {
      "rel" : "details",
      "href" : "https://titanapi.churchofjesuschrist.org/assetsearch/api/v2/collection/details/collectionID/620e63f5c1544b94990c5b51d08e40a0"
    } ],
    "fileName" : "620e63f5c1544b94990c5b51d08e40a0.json"
  }, {
    "path" : "Mobile Media Library/English - Video/Scriptural Reenactments and Teachings/Bible Videos - The Life of Jesus Christ/Teachings",
    "collectionID" : "5d2083fa5d564fe88ff964276bd4cba4",
    "type" : "DEFAULT",
    "lastUpdatedDate" : "2022-09-07T13:05:33.641-06:00",
    "links" : [ {
      "rel" : "details",
      "href" : "https://titanapi.churchofjesuschrist.org/assetsearch/api/v2/collection/details/collectionID/5d2083fa5d564fe88ff964276bd4cba4"
    } ],
    "fileName" : "5d2083fa5d564fe88ff964276bd4cba4.json"
  }, {
    "path" : "Mobile Media Library/English - Video/Scriptural Reenactments and Teachings/Bible Videos - The Life of Jesus Christ/Final Events",
    "collectionID" : "00b01a73c6fe4b218464982d5be32a8e",
    "type" : "DEFAULT",
    "lastUpdatedDate" : "2023-04-10T09:13:51.257-06:00",
    "links" : [ {
      "rel" : "details",
      "href" : "https://titanapi.churchofjesuschrist.org/assetsearch/api/v2/collection/details/collectionID/00b01a73c6fe4b218464982d5be32a8e"
    } ],
    "fileName" : "00b01a73c6fe4b218464982d5be32a8e.json"
  }, {
    "path" : "Mobile Media Library/English - Video/Scriptural Reenactments and Teachings/Bible Videos - The Life of Jesus Christ/Acts of the Apostles",
    "collectionID" : "5ff93d7906724720bdd417f4f01db4cf",
    "type" : "DEFAULT",
    "lastUpdatedDate" : "2022-09-07T13:05:59.269-06:00",
    "links" : [ {
      "rel" : "details",
      "href" : "https://titanapi.churchofjesuschrist.org/assetsearch/api/v2/collection/details/collectionID/5ff93d7906724720bdd417f4f01db4cf"
    } ],
    "fileName" : "5ff93d7906724720bdd417f4f01db4cf.json"
  }, {
    "path" : "Mobile Media Library/English - Video/Scriptural Reenactments and Teachings/Bible Videos - The Life of Jesus Christ/Children’s Bible Videos",
    "collectionID" : "537ae9ab6431453db7a4aa50919665a9",
    "type" : "DEFAULT",
    "lastUpdatedDate" : "2022-09-07T13:06:11.792-06:00",
    "links" : [ {
      "rel" : "details",
      "href" : "https://titanapi.churchofjesuschrist.org/assetsearch/api/v2/collection/details/collectionID/537ae9ab6431453db7a4aa50919665a9"
    } ],
    "fileName" : "537ae9ab6431453db7a4aa50919665a9.json"
  } ],
  "assets" : [ ],
  "fileName" : "7415b72b4f0d454a96ed4ccda89194b8.json",
  "name" : "Bible Videos - The Life of Jesus Christ",
  "english" : true,
  "publicTitle" : "Bible Videos - The Life of Jesus Christ",
  "collectionUri" : "bible-videos-the-life-of-jesus-christ"
}