{
  "sourceCollectionId" : "1beb114a0f9d4943b42efb5831170d96",
  "parentCollectionID" : "22e3232e384c8650311b2940336759a89b8d6f8b",
  "parentCollectionPath" : "Mobile Media Library",
  "collectionType" : "assets",
  "path" : "Mobile Media Library/ASL  - GS Banner - Videos Only",
  "collectionID" : "76074fb13ab14e79931cc932e9437da2",
  "language" : "ase",
  "type" : "DEFAULT",
  "lastUpdatedDate" : "2025-01-27T13:54:51.501-07:00",
  "links" : [ {
    "rel" : "details",
    "href" : "https://titanapi.churchofjesuschrist.org/assetsearch/api/v2/collection/details/collectionID/76074fb13ab14e79931cc932e9437da2"
  } ],
  "coverImages" : [ ],
  "related" : [ ],
  "metadata" : [ {
    "key" : "orderIndex",
    "value" : "68"
  }, {
    "key" : "channel",
    "value" : "mobile",
    "language" : "ase"
  }, {
    "key" : "collectionUri",
    "value" : "gospel-stream-banner",
    "language" : "ase"
  }, {
    "key" : "publicTitle",
    "value" : "Gospel Stream Banner",
    "language" : "ase"
  } ],
  "children" : [ ],
  "assets" : [ {
    "asset" : {
      "assetID" : "418F85839BC0C422226F1EB6FCE823B0CA0B2892"
    },
    "index" : 4,
    "addedDate" : 1738061600877,
    "metadata" : [ ]
  }, {
    "asset" : {
      "assetID" : "c280c940dbce11eea061eeeeac1e25ef14f4e7fa"
    },
    "index" : 2,
    "addedDate" : 1736304233208,
    "metadata" : [ ]
  }, {
    "asset" : {
      "assetID" : "7a9a8ee47f6b11ef9c8c0626c361eb55e33ab54a"
    },
    "index" : 0,
    "addedDate" : 1738010492395,
    "metadata" : [ ]
  }, {
    "asset" : {
      "assetID" : "b5iiw6kc2awnr9o5zhip72vhix83ukb990yk89b3"
    },
    "index" : 3,
    "addedDate" : 1737375869671,
    "metadata" : [ ]
  }, {
    "asset" : {
      "assetID" : "jb2qx3b76r69xmwrs4e4j0nm2t2fzpvhyro2ca6q"
    },
    "index" : 1,
    "addedDate" : 1736012252880,
    "metadata" : [ ]
  } ],
  "fileName" : "76074fb13ab14e79931cc932e9437da2.json",
  "name" : "ASL  - GS Banner - Videos Only",
  "english" : false,
  "publicTitle" : "Gospel Stream Banner",
  "collectionUri" : "gospel-stream-banner"
}