{
  "parentCollectionID" : "c5155f5ae32e8abb842ce7ca876306b81861eb78",
  "parentCollectionPath" : "Mobile Media Library/English - Video/Callings and Trainings/Leadership/Leadership Training Library/Aaronic Priesthood",
  "collectionType" : "assets",
  "path" : "Mobile Media Library/English - Video/Callings and Trainings/Leadership/Leadership Training Library/Aaronic Priesthood/8.3 Ward Aaronic Priesthood Leadership",
  "collectionID" : "766754b94197b2242214b476b9502ddaa2c2c463",
  "language" : "eng",
  "type" : "DEFAULT",
  "lastUpdatedDate" : "2019-10-28T16:40:50.643-06:00",
  "links" : [ {
    "rel" : "details",
    "href" : "https://titanapi.churchofjesuschrist.org/assetsearch/api/v2/collection/details/collectionID/766754b94197b2242214b476b9502ddaa2c2c463"
  } ],
  "coverImages" : [ {
    "asset" : {
      "assetID" : "633a27564bd6fa959f19f6cbb9c39124fbd44e4c"
    }
  } ],
  "related" : [ ],
  "metadata" : [ {
    "key" : "collectionUri",
    "value" : "83-ward-aaronic-priesthood-leadership",
    "language" : "eng"
  }, {
    "key" : "publicTitle",
    "value" : "8.3 Ward Aaronic Priesthood Leadership",
    "language" : "eng"
  } ],
  "children" : [ ],
  "assets" : [ {
    "asset" : {
      "assetID" : "1d732adc8747eb4b5650852592cfc063de66f528"
    },
    "addedDate" : 1529075832063,
    "metadata" : [ ]
  }, {
    "asset" : {
      "assetID" : "69e879b6634cd72d19dd34c7d892923d1a737204"
    },
    "addedDate" : 1529075927092,
    "metadata" : [ ]
  }, {
    "asset" : {
      "assetID" : "50494e2625ad5609e8bd508a657afd6395e0d9a4"
    },
    "addedDate" : 1529075863009,
    "metadata" : [ ]
  } ],
  "fileName" : "766754b94197b2242214b476b9502ddaa2c2c463.json",
  "name" : "8.3 Ward Aaronic Priesthood Leadership",
  "english" : true,
  "publicTitle" : "8.3 Ward Aaronic Priesthood Leadership",
  "collectionUri" : "83-ward-aaronic-priesthood-leadership"
}