{
  "parentCollectionID" : "0e22f7439564f2b0e7eeca06cca014d23569bcae",
  "parentCollectionPath" : "Mobile Media Library/English - Video/Teaching and Lessons/Seminary and Institute/Online Seminary/D&C Online Seminary Reference",
  "collectionType" : "assets",
  "path" : "Mobile Media Library/English - Video/Teaching and Lessons/Seminary and Institute/Online Seminary/D&C Online Seminary Reference/Unit 18 (D&C)",
  "collectionID" : "771bff2b51781e2278248c45beb3b3b351cf9711",
  "language" : "eng",
  "type" : "DEFAULT",
  "lastUpdatedDate" : "2020-04-15T22:24:03.999-06:00",
  "links" : [ {
    "rel" : "details",
    "href" : "https://titanapi.churchofjesuschrist.org/assetsearch/api/v2/collection/details/collectionID/771bff2b51781e2278248c45beb3b3b351cf9711"
  } ],
  "coverImages" : [ {
    "asset" : {
      "assetID" : "d2d2b81e96c064bede7ae0e0ff9582d78f2e6f23"
    }
  } ],
  "related" : [ ],
  "metadata" : [ {
    "key" : "collectionUri",
    "value" : "unit-18-dc",
    "language" : "eng"
  }, {
    "key" : "publicTitle",
    "value" : "Unit 18 (D&C)",
    "language" : "eng"
  }, {
    "key" : "orderIndex",
    "value" : "12"
  } ],
  "children" : [ ],
  "assets" : [ {
    "asset" : {
      "assetID" : "7df6f4085dfc3529f546770dd254d8a225347c45"
    },
    "index" : 6,
    "addedDate" : 1731436281456,
    "metadata" : [ ]
  }, {
    "asset" : {
      "assetID" : "8645d71996eb32cd2efba447849191d5dc9a97d0"
    },
    "index" : 2,
    "addedDate" : 1485447979016,
    "metadata" : [ ]
  }, {
    "asset" : {
      "assetID" : "df36f82c61c45dc8d80404bf1ac8febaa1c5a635"
    },
    "index" : 1,
    "addedDate" : 1485447959082,
    "metadata" : [ ]
  }, {
    "asset" : {
      "assetID" : "4804640c820abdacd0308fa2b6f49ab445b9480b"
    },
    "index" : 3,
    "addedDate" : 1485448055041,
    "metadata" : [ ]
  }, {
    "asset" : {
      "assetID" : "727b1051dd114dce090c5b14faaef42280d7fd03"
    },
    "index" : 5,
    "addedDate" : 1485448157020,
    "metadata" : [ ]
  }, {
    "asset" : {
      "assetID" : "e676024aae09ca615dfc53791c70d5de68ff7460"
    },
    "index" : 4,
    "addedDate" : 1485448114029,
    "metadata" : [ ]
  }, {
    "asset" : {
      "assetID" : "02d75210db37382df92e4b3c324538566f550a50"
    },
    "index" : 0,
    "addedDate" : 1485447940076,
    "metadata" : [ ]
  } ],
  "fileName" : "771bff2b51781e2278248c45beb3b3b351cf9711.json",
  "name" : "Unit 18 (D&C)",
  "english" : true,
  "publicTitle" : "Unit 18 (D&C)",
  "collectionUri" : "unit-18-dc"
}