{
  "parentCollectionID" : "11768d7b23484806960587a13d704f15",
  "parentCollectionPath" : "Mobile Media Library/English - Video/Scriptural Reenactments and Teachings/New Testament Teaching Videos",
  "collectionType" : "assets",
  "path" : "Mobile Media Library/English - Video/Scriptural Reenactments and Teachings/New Testament Teaching Videos/Acts - 1 Corinthians",
  "collectionID" : "773deed4ffd84ae0be688199f70959de",
  "language" : "eng",
  "type" : "DEFAULT",
  "lastUpdatedDate" : "2022-09-07T13:16:26.051-06:00",
  "links" : [ {
    "rel" : "details",
    "href" : "https://titanapi.churchofjesuschrist.org/assetsearch/api/v2/collection/details/collectionID/773deed4ffd84ae0be688199f70959de"
  } ],
  "coverImages" : [ {
    "asset" : {
      "assetID" : "750c90cf255698f66b15ee25e65bb0534b0fe9f0"
    }
  } ],
  "related" : [ ],
  "metadata" : [ {
    "key" : "orderIndex",
    "value" : "3"
  }, {
    "key" : "channel",
    "value" : "mobile",
    "language" : "eng"
  }, {
    "key" : "collectionUri",
    "value" : "acts-1corinthians",
    "language" : "eng"
  }, {
    "key" : "publicTitle",
    "value" : "Acts - 1 Corinthians",
    "language" : "eng"
  } ],
  "children" : [ ],
  "assets" : [ {
    "asset" : {
      "assetID" : "8176dbb726b952c165577bc5529282c44568a197"
    },
    "addedDate" : 1662578021660,
    "metadata" : [ ]
  }, {
    "asset" : {
      "assetID" : "87944f42f9c465301e1f7523451541b43f971ded"
    },
    "addedDate" : 1662578021620,
    "metadata" : [ ]
  }, {
    "asset" : {
      "assetID" : "13c0fa03c1f9df5b4bc26470924693793929e208"
    },
    "addedDate" : 1662578021676,
    "metadata" : [ ]
  }, {
    "asset" : {
      "assetID" : "5c1d8ce09fad05b8fc6129384b3df2df8fbea051"
    },
    "addedDate" : 1662578021633,
    "metadata" : [ ]
  }, {
    "asset" : {
      "assetID" : "3b18b76256452ac4ea309ca7ea754a9b18ef46cb"
    },
    "addedDate" : 1662578021680,
    "metadata" : [ ]
  }, {
    "asset" : {
      "assetID" : "2415eb6fb3529a64d9b7e86da62a2de2f8d4be03"
    },
    "addedDate" : 1662578021656,
    "metadata" : [ ]
  }, {
    "asset" : {
      "assetID" : "c3de24c960efa8fcdd077430f4c673f30681f14a"
    },
    "addedDate" : 1662578021663,
    "metadata" : [ ]
  }, {
    "asset" : {
      "assetID" : "9629aeb7318fc2036b4f0651c17de98843a6d0e6"
    },
    "addedDate" : 1662578021656,
    "metadata" : [ ]
  }, {
    "asset" : {
      "assetID" : "c8dcfc2357770c5ba86328311361964731eed0e3"
    },
    "addedDate" : 1662578021686,
    "metadata" : [ ]
  }, {
    "asset" : {
      "assetID" : "a2a377faf73639c4e1658baddbdb78f898e15709"
    },
    "addedDate" : 1662578021643,
    "metadata" : [ ]
  }, {
    "asset" : {
      "assetID" : "d3e87e28e41d0addd855612427df0b888fb6e82d"
    },
    "addedDate" : 1662578021613,
    "metadata" : [ ]
  }, {
    "asset" : {
      "assetID" : "eeb18c398af6a0387575e86ebac59e1b50dacdd6"
    },
    "addedDate" : 1662578021666,
    "metadata" : [ ]
  }, {
    "asset" : {
      "assetID" : "c710c8660ad4a5fc61577bddd3a794c1aea9bda0"
    },
    "addedDate" : 1662578021670,
    "metadata" : [ ]
  }, {
    "asset" : {
      "assetID" : "88737fb555b9831583cc68f36f223265b71cb534"
    },
    "addedDate" : 1662578021670,
    "metadata" : [ ]
  }, {
    "asset" : {
      "assetID" : "8ec6e02a1c1abb59ac4ea35ef1bde8de7b3a40f6"
    },
    "addedDate" : 1662578021660,
    "metadata" : [ ]
  }, {
    "asset" : {
      "assetID" : "2e36cac6ff3112f8d46b62ff0d48179e1272c6e4"
    },
    "addedDate" : 1662578021650,
    "metadata" : [ ]
  }, {
    "asset" : {
      "assetID" : "07c55f205e87205c003a40be2839104a9d36acf6"
    },
    "addedDate" : 1662578021663,
    "metadata" : [ ]
  }, {
    "asset" : {
      "assetID" : "75f0c9859f7ce0bf7a4c9ea5f9e439f4f571496e"
    },
    "addedDate" : 1662578021680,
    "metadata" : [ ]
  }, {
    "asset" : {
      "assetID" : "c4905c4e0c53356255bda848794b87e05b68568b"
    },
    "addedDate" : 1662578021630,
    "metadata" : [ ]
  }, {
    "asset" : {
      "assetID" : "37eb8363a5dbcd17b5f4e19389bab2cb5bd491a6"
    },
    "addedDate" : 1662578021630,
    "metadata" : [ ]
  }, {
    "asset" : {
      "assetID" : "1fd71f11080cff87aae7c15795f995db907b32a9"
    },
    "addedDate" : 1662578021683,
    "metadata" : [ ]
  }, {
    "asset" : {
      "assetID" : "4de083157f3d9309c432d37d52490e202e8c911c"
    },
    "addedDate" : 1662578021673,
    "metadata" : [ ]
  }, {
    "asset" : {
      "assetID" : "c23093046fbe6c2c803ac78984f99bf3ddef7f5a"
    },
    "addedDate" : 1662578021633,
    "metadata" : [ ]
  }, {
    "asset" : {
      "assetID" : "c65427d4ad5440efb3db495a1daf170197ac1847"
    },
    "addedDate" : 1662578021626,
    "metadata" : [ ]
  }, {
    "asset" : {
      "assetID" : "a7692cd962c6f2040389b2e27e5bf9d144aa3039"
    },
    "addedDate" : 1662578021630,
    "metadata" : [ ]
  }, {
    "asset" : {
      "assetID" : "13698a8424bbac93f75b3a47933d949946d05831"
    },
    "addedDate" : 1662578021616,
    "metadata" : [ ]
  }, {
    "asset" : {
      "assetID" : "8b5a83cd5f98b44f40d8c4544d2ecbd607a96396"
    },
    "addedDate" : 1662578021623,
    "metadata" : [ ]
  }, {
    "asset" : {
      "assetID" : "36fb1a7e58ea667bd8412eff2b40346faf2586b2"
    },
    "addedDate" : 1662578021650,
    "metadata" : [ ]
  }, {
    "asset" : {
      "assetID" : "4c1c8aa52dc1d370a6de786f71d8d7bc788daa36"
    },
    "addedDate" : 1662578021653,
    "metadata" : [ ]
  }, {
    "asset" : {
      "assetID" : "409e8f182943630f58869d90d122bf4ebbb48230"
    },
    "addedDate" : 1662578021626,
    "metadata" : [ ]
  }, {
    "asset" : {
      "assetID" : "87f17a93a2a8c4822899bc912e216c20327bf1ee"
    },
    "addedDate" : 1662578021616,
    "metadata" : [ ]
  }, {
    "asset" : {
      "assetID" : "86f6360db8bb9084dc32080c4a606aa29a0a7bf1"
    },
    "addedDate" : 1662578021646,
    "metadata" : [ ]
  }, {
    "asset" : {
      "assetID" : "b82763aa26b8cbd2626914cdc4e4110c6695e2f0"
    },
    "addedDate" : 1662578021646,
    "metadata" : [ ]
  }, {
    "asset" : {
      "assetID" : "735d81110274a35ef84d5c76a1f7ceda1a83918e"
    },
    "addedDate" : 1662578021620,
    "metadata" : [ ]
  }, {
    "asset" : {
      "assetID" : "e8b181d19eac7f71a26509cc45d87bd18d8bb712"
    },
    "addedDate" : 1662578021653,
    "metadata" : [ ]
  }, {
    "asset" : {
      "assetID" : "b7cf3208b7b3ca0409098c4af1ae1da3abac9e37"
    },
    "addedDate" : 1662578021623,
    "metadata" : [ ]
  }, {
    "asset" : {
      "assetID" : "6ad4016de1c50fee3f379f5c42c8e32e73286f2b"
    },
    "addedDate" : 1662578021636,
    "metadata" : [ ]
  }, {
    "asset" : {
      "assetID" : "138141bac990b765ffdda68096de544ba4af9445"
    },
    "addedDate" : 1662578021673,
    "metadata" : [ ]
  }, {
    "asset" : {
      "assetID" : "b9b95f3b6371861b4bb529c61d7253033b40dfe7"
    },
    "addedDate" : 1662578021650,
    "metadata" : [ ]
  } ],
  "fileName" : "773deed4ffd84ae0be688199f70959de.json",
  "name" : "Acts - 1 Corinthians",
  "english" : true,
  "publicTitle" : "Acts - 1 Corinthians",
  "collectionUri" : "acts-1corinthians"
}