{
  "parentCollectionID" : "48bf4502c61b21234c27defe6561bca91dbd53f3",
  "parentCollectionPath" : "Mobile Media Library/English - Video/Broadcasts/Christmas Devotionals",
  "collectionType" : "assets",
  "path" : "Mobile Media Library/English - Video/Broadcasts/Christmas Devotionals/2011 First Presidency's Christmas Devotional",
  "collectionID" : "780f8e3a892244794684f36fcc94771d3d43863a",
  "language" : "eng",
  "type" : "DEFAULT",
  "lastUpdatedDate" : "2023-12-01T15:05:13.495-07:00",
  "links" : [ {
    "rel" : "details",
    "href" : "https://titanapi.churchofjesuschrist.org/assetsearch/api/v2/collection/details/collectionID/780f8e3a892244794684f36fcc94771d3d43863a"
  } ],
  "coverImages" : [ {
    "asset" : {
      "assetID" : "1fc18a5ed419ca30fd4d0ae702574f4965511cf7"
    }
  } ],
  "related" : [ ],
  "metadata" : [ {
    "key" : "orderIndex",
    "value" : "14"
  }, {
    "key" : "channel",
    "value" : "mobile",
    "language" : "eng"
  }, {
    "key" : "collectionUri",
    "value" : "2011-first-presidencys-christmas-devotional",
    "language" : "eng"
  }, {
    "key" : "publicTitle",
    "value" : "2011 First Presidency's Christmas Devotional",
    "language" : "eng"
  } ],
  "children" : [ ],
  "assets" : [ {
    "asset" : {
      "assetID" : "2011-12-0001-joy-to-the-world-eng"
    },
    "addedDate" : 1478542108014,
    "metadata" : [ ]
  }, {
    "asset" : {
      "assetID" : "2011-12-0002-the-first-noel-eng"
    },
    "addedDate" : 1478542108014,
    "metadata" : [ ]
  }, {
    "asset" : {
      "assetID" : "vb4xzg7rxcmlnsvie9mc9h1cahd0i8gcrxurtysw"
    },
    "addedDate" : 1478542108014,
    "metadata" : [ ]
  }, {
    "asset" : {
      "assetID" : "zb9ksx6qeri7gpkzkyqdcrnocp0qv866rbhyfw7a"
    },
    "addedDate" : 1478542108014,
    "metadata" : [ ]
  }, {
    "asset" : {
      "assetID" : "2011-12-0041-silent-night-eng"
    },
    "addedDate" : 1478542108014,
    "metadata" : [ ]
  }, {
    "asset" : {
      "assetID" : "15t7jxrukvhgdpxtx74ujbjdi117vz707wobwotn"
    },
    "addedDate" : 1478542108015,
    "metadata" : [ ]
  }, {
    "asset" : {
      "assetID" : "b92bbc57b8c4a12f078689e11a98f1355df8f82b"
    },
    "addedDate" : 1478542108014,
    "metadata" : [ ]
  } ],
  "fileName" : "780f8e3a892244794684f36fcc94771d3d43863a.json",
  "name" : "2011 First Presidency's Christmas Devotional",
  "english" : true,
  "publicTitle" : "2011 First Presidency's Christmas Devotional",
  "collectionUri" : "2011-first-presidencys-christmas-devotional"
}