{
  "parentCollectionID" : "7fcbe5b8b1e61cfa52489f9c6a7f5f5001bc67ad",
  "parentCollectionPath" : "Mobile Media Library/English - Video/Community Outreach",
  "collectionType" : "assets",
  "path" : "Mobile Media Library/English - Video/Community Outreach/How It's Made",
  "collectionID" : "7840296772e248508e9b4980ebd878a0",
  "language" : "eng",
  "type" : "DEFAULT",
  "lastUpdatedDate" : "2024-08-15T11:29:22.897-06:00",
  "links" : [ {
    "rel" : "details",
    "href" : "https://titanapi.churchofjesuschrist.org/assetsearch/api/v2/collection/details/collectionID/7840296772e248508e9b4980ebd878a0"
  } ],
  "coverImages" : [ {
    "asset" : {
      "assetID" : "6ae54f37cb8384bdfbbde20308af9ec29d9d2040"
    }
  } ],
  "related" : [ ],
  "metadata" : [ {
    "key" : "description",
    "value" : "With a keen eye for a kid’s sense of learning, viewers get to see the many steps taken to produce foods such as bread, pasta, cheese, peanut butter, grapes, and more.",
    "language" : "eng"
  }, {
    "key" : "collectionUri",
    "value" : "how-its-made",
    "language" : "eng"
  }, {
    "key" : "publicTitle",
    "value" : "How It's Made",
    "language" : "eng"
  } ],
  "children" : [ ],
  "assets" : [ {
    "asset" : {
      "assetID" : "4B695FE7985456D05C4E4E60ED76C4A6DD139ABF"
    },
    "index" : 5,
    "addedDate" : 1559672896398,
    "metadata" : [ ]
  }, {
    "asset" : {
      "assetID" : "FEE1C87654A642143CDE68AE564E5E371AB9FAC7"
    },
    "index" : 6,
    "addedDate" : 1559672933851,
    "metadata" : [ ]
  }, {
    "asset" : {
      "assetID" : "4969D38605FBDB850618FCE6D4C641C665927336"
    },
    "index" : 7,
    "addedDate" : 1559672979207,
    "metadata" : [ ]
  }, {
    "asset" : {
      "assetID" : "413BBAAAC0A07C554625D8B697748AFA1D420AB5"
    },
    "index" : 8,
    "addedDate" : 1559673060411,
    "metadata" : [ ]
  }, {
    "asset" : {
      "assetID" : "0377D8C6866EBF08CE0FF5D02682ED5C316A42CA"
    },
    "index" : 3,
    "addedDate" : 1559672806664,
    "metadata" : [ ]
  }, {
    "asset" : {
      "assetID" : "3F8287EE9DD90A13A9C058D440F7B2CE64ED9883"
    },
    "index" : 4,
    "addedDate" : 1559672857663,
    "metadata" : [ ]
  }, {
    "asset" : {
      "assetID" : "e7d5ylrvl02gejls7se2wq3q0udpbbdyl4il8g3d"
    },
    "index" : 0,
    "addedDate" : 1723742889701,
    "metadata" : [ ]
  }, {
    "asset" : {
      "assetID" : "gbl198xy92s1ky0iaflzl8rczmprs4vz0sai5y70"
    },
    "index" : 2,
    "addedDate" : 1723742904784,
    "metadata" : [ ]
  }, {
    "asset" : {
      "assetID" : "z5llvy51qvsrfdg3sukkeqsf6xa410mpma9ihoi0"
    },
    "index" : 1,
    "addedDate" : 1723742921181,
    "metadata" : [ ]
  } ],
  "fileName" : "7840296772e248508e9b4980ebd878a0.json",
  "name" : "How It's Made",
  "english" : true,
  "publicTitle" : "How It's Made",
  "description" : "With a keen eye for a kid’s sense of learning, viewers get to see the many steps taken to produce foods such as bread, pasta, cheese, peanut butter, grapes, and more.",
  "collectionUri" : "how-its-made"
}