{
  "parentCollectionID" : "dbc8661f4dd648388ea8ac29dc415976",
  "parentCollectionPath" : "Mobile Media Library/English - Video/Callings and Trainings",
  "collectionType" : "collections",
  "path" : "Mobile Media Library/English - Video/Callings and Trainings/Primary",
  "collectionID" : "785d520b0d1ee16f41d51ac1f1d37b03e9117f16",
  "language" : "eng",
  "type" : "DEFAULT",
  "lastUpdatedDate" : "2025-01-14T12:01:39.441-07:00",
  "links" : [ {
    "rel" : "details",
    "href" : "https://titanapi.churchofjesuschrist.org/assetsearch/api/v2/collection/details/collectionID/785d520b0d1ee16f41d51ac1f1d37b03e9117f16"
  } ],
  "coverImages" : [ {
    "asset" : {
      "assetID" : "8dfbc428f88bcb5183bc6e203ad7115d7e3244e7"
    }
  } ],
  "related" : [ ],
  "metadata" : [ {
    "key" : "orderIndex",
    "value" : "6"
  }, {
    "key" : "channel",
    "value" : "mobile",
    "language" : "eng"
  }, {
    "key" : "description",
    "value" : "Serving children in the Church with options for music, scripture stories, enhanced relationships, and compassion for disabilities and special needs.",
    "language" : "eng"
  }, {
    "key" : "collectionUri",
    "value" : "primary",
    "language" : "eng"
  }, {
    "key" : "publicTitle",
    "value" : "Primary",
    "language" : "eng"
  } ],
  "children" : [ {
    "path" : "Mobile Media Library/English - Video/Callings and Trainings/Primary/Children's Music Videos",
    "collectionID" : "45b6a5660b03486b8e8b8e4c2aabae4e",
    "type" : "DEFAULT",
    "lastUpdatedDate" : "2019-12-18T10:55:54.959-07:00",
    "links" : [ {
      "rel" : "details",
      "href" : "https://titanapi.churchofjesuschrist.org/assetsearch/api/v2/collection/details/collectionID/45b6a5660b03486b8e8b8e4c2aabae4e"
    } ],
    "fileName" : "45b6a5660b03486b8e8b8e4c2aabae4e.json"
  }, {
    "path" : "Mobile Media Library/English - Video/Callings and Trainings/Primary/Meet the Apostles",
    "collectionID" : "ffa9dad822dc456f9e6ff82c7c60f60e",
    "type" : "DEFAULT",
    "lastUpdatedDate" : "2020-06-05T13:31:13.089-06:00",
    "links" : [ {
      "rel" : "details",
      "href" : "https://titanapi.churchofjesuschrist.org/assetsearch/api/v2/collection/details/collectionID/ffa9dad822dc456f9e6ff82c7c60f60e"
    } ],
    "fileName" : "ffa9dad822dc456f9e6ff82c7c60f60e.json"
  }, {
    "path" : "Mobile Media Library/English - Video/Callings and Trainings/Primary/Scripture Stories for Young Readers",
    "collectionID" : "a7530ee9615e47d18165998d3b6bf6e4",
    "type" : "DEFAULT",
    "lastUpdatedDate" : "2020-12-16T12:28:36.202-07:00",
    "links" : [ {
      "rel" : "details",
      "href" : "https://titanapi.churchofjesuschrist.org/assetsearch/api/v2/collection/details/collectionID/a7530ee9615e47d18165998d3b6bf6e4"
    } ],
    "fileName" : "a7530ee9615e47d18165998d3b6bf6e4.json"
  }, {
    "path" : "Mobile Media Library/English - Video/Callings and Trainings/Primary/Teaching Primary",
    "collectionID" : "7146db1743a24d5db343e381f1184355",
    "type" : "DEFAULT",
    "lastUpdatedDate" : "2021-01-05T08:07:19.663-07:00",
    "links" : [ {
      "rel" : "details",
      "href" : "https://titanapi.churchofjesuschrist.org/assetsearch/api/v2/collection/details/collectionID/7146db1743a24d5db343e381f1184355"
    } ],
    "fileName" : "7146db1743a24d5db343e381f1184355.json"
  }, {
    "path" : "Mobile Media Library/English - Video/Callings and Trainings/Primary/Doctrine and Covenants Stories",
    "collectionID" : "f262d04a087746339754d9c8ea009d99",
    "type" : "DEFAULT",
    "lastUpdatedDate" : "2025-01-14T12:00:15.187-07:00",
    "links" : [ {
      "rel" : "details",
      "href" : "https://titanapi.churchofjesuschrist.org/assetsearch/api/v2/collection/details/collectionID/f262d04a087746339754d9c8ea009d99"
    } ],
    "fileName" : "f262d04a087746339754d9c8ea009d99.json"
  }, {
    "path" : "Mobile Media Library/English - Video/Callings and Trainings/Primary/New Testament Stories",
    "collectionID" : "3fbea69261e3baed80fb297331951b6dfd24cc1d",
    "type" : "DEFAULT",
    "lastUpdatedDate" : "2019-10-28T16:40:50.643-06:00",
    "links" : [ {
      "rel" : "details",
      "href" : "https://titanapi.churchofjesuschrist.org/assetsearch/api/v2/collection/details/collectionID/3fbea69261e3baed80fb297331951b6dfd24cc1d"
    } ],
    "fileName" : "3fbea69261e3baed80fb297331951b6dfd24cc1d.json"
  }, {
    "path" : "Mobile Media Library/English - Video/Callings and Trainings/Primary/Teaching",
    "collectionID" : "bfc2f2c4047353a22a338b25407f3ef12bb2b09a",
    "type" : "DEFAULT",
    "lastUpdatedDate" : "2019-10-28T16:40:50.643-06:00",
    "links" : [ {
      "rel" : "details",
      "href" : "https://titanapi.churchofjesuschrist.org/assetsearch/api/v2/collection/details/collectionID/bfc2f2c4047353a22a338b25407f3ef12bb2b09a"
    } ],
    "fileName" : "bfc2f2c4047353a22a338b25407f3ef12bb2b09a.json"
  }, {
    "path" : "Mobile Media Library/English - Video/Callings and Trainings/Primary/Primary Inspirational Videos",
    "collectionID" : "5f49297d71429ffa20112c7a60d2c478269d2a71",
    "type" : "DEFAULT",
    "lastUpdatedDate" : "2019-10-28T16:40:50.643-06:00",
    "links" : [ {
      "rel" : "details",
      "href" : "https://titanapi.churchofjesuschrist.org/assetsearch/api/v2/collection/details/collectionID/5f49297d71429ffa20112c7a60d2c478269d2a71"
    } ],
    "fileName" : "5f49297d71429ffa20112c7a60d2c478269d2a71.json"
  }, {
    "path" : "Mobile Media Library/English - Video/Callings and Trainings/Primary/ASL Primary Songs",
    "collectionID" : "69a166fb6992d1b4a348296913cb6cfe52f4359b",
    "type" : "DEFAULT",
    "lastUpdatedDate" : "2020-04-02T22:20:53.633-06:00",
    "links" : [ {
      "rel" : "details",
      "href" : "https://titanapi.churchofjesuschrist.org/assetsearch/api/v2/collection/details/collectionID/69a166fb6992d1b4a348296913cb6cfe52f4359b"
    } ],
    "fileName" : "69a166fb6992d1b4a348296913cb6cfe52f4359b.json"
  }, {
    "path" : "Mobile Media Library/English - Video/Callings and Trainings/Primary/Serving Children with Disabilities",
    "collectionID" : "c5428f0e17003beba710a08386800b4d9ce90794",
    "type" : "DEFAULT",
    "lastUpdatedDate" : "2019-10-28T16:40:50.643-06:00",
    "links" : [ {
      "rel" : "details",
      "href" : "https://titanapi.churchofjesuschrist.org/assetsearch/api/v2/collection/details/collectionID/c5428f0e17003beba710a08386800b4d9ce90794"
    } ],
    "fileName" : "c5428f0e17003beba710a08386800b4d9ce90794.json"
  }, {
    "path" : "Mobile Media Library/English - Video/Callings and Trainings/Primary/Sing-Along Videos",
    "collectionID" : "3d4040b58ba164723b84ff65379dc96e8c451f3a",
    "type" : "DEFAULT",
    "lastUpdatedDate" : "2019-10-28T16:40:50.643-06:00",
    "links" : [ {
      "rel" : "details",
      "href" : "https://titanapi.churchofjesuschrist.org/assetsearch/api/v2/collection/details/collectionID/3d4040b58ba164723b84ff65379dc96e8c451f3a"
    } ],
    "fileName" : "3d4040b58ba164723b84ff65379dc96e8c451f3a.json"
  }, {
    "path" : "Mobile Media Library/English - Video/Callings and Trainings/Primary/Doctrine and Covenants Stories (Classic)",
    "collectionID" : "c0a455f7d2b400f7c7c429fd4fa947bc1edcd81b",
    "type" : "DEFAULT",
    "lastUpdatedDate" : "2025-01-14T11:58:22.792-07:00",
    "links" : [ {
      "rel" : "details",
      "href" : "https://titanapi.churchofjesuschrist.org/assetsearch/api/v2/collection/details/collectionID/c0a455f7d2b400f7c7c429fd4fa947bc1edcd81b"
    } ],
    "fileName" : "c0a455f7d2b400f7c7c429fd4fa947bc1edcd81b.json"
  }, {
    "path" : "Mobile Media Library/English - Video/Callings and Trainings/Primary/For Little Friends",
    "collectionID" : "66ca39b0a6fefc86bbfe6a5d06ede2befaee1ab3",
    "type" : "DEFAULT",
    "lastUpdatedDate" : "2019-10-28T16:40:50.643-06:00",
    "links" : [ {
      "rel" : "details",
      "href" : "https://titanapi.churchofjesuschrist.org/assetsearch/api/v2/collection/details/collectionID/66ca39b0a6fefc86bbfe6a5d06ede2befaee1ab3"
    } ],
    "fileName" : "66ca39b0a6fefc86bbfe6a5d06ede2befaee1ab3.json"
  }, {
    "path" : "Mobile Media Library/English - Video/Callings and Trainings/Primary/Old Testament Stories",
    "collectionID" : "bda40e554ecd3cbc6f9908a6446db7ef7e685322",
    "type" : "DEFAULT",
    "lastUpdatedDate" : "2019-10-28T16:40:50.643-06:00",
    "links" : [ {
      "rel" : "details",
      "href" : "https://titanapi.churchofjesuschrist.org/assetsearch/api/v2/collection/details/collectionID/bda40e554ecd3cbc6f9908a6446db7ef7e685322"
    } ],
    "fileName" : "bda40e554ecd3cbc6f9908a6446db7ef7e685322.json"
  }, {
    "path" : "Mobile Media Library/English - Video/Callings and Trainings/Primary/Book of Mormon Stories",
    "collectionID" : "d236a8dee54f72a13ad38fd93f70e6ab42412c0c",
    "type" : "DEFAULT",
    "lastUpdatedDate" : "2022-05-02T17:19:30.482-06:00",
    "links" : [ {
      "rel" : "details",
      "href" : "https://titanapi.churchofjesuschrist.org/assetsearch/api/v2/collection/details/collectionID/d236a8dee54f72a13ad38fd93f70e6ab42412c0c"
    } ],
    "fileName" : "d236a8dee54f72a13ad38fd93f70e6ab42412c0c.json"
  }, {
    "path" : "Mobile Media Library/English - Video/Callings and Trainings/Primary/One In A Million",
    "collectionID" : "aa222ee0cee08f9313ac92ce7d0c86b785401e06",
    "type" : "DEFAULT",
    "lastUpdatedDate" : "2019-10-28T16:40:50.643-06:00",
    "links" : [ {
      "rel" : "details",
      "href" : "https://titanapi.churchofjesuschrist.org/assetsearch/api/v2/collection/details/collectionID/aa222ee0cee08f9313ac92ce7d0c86b785401e06"
    } ],
    "fileName" : "aa222ee0cee08f9313ac92ce7d0c86b785401e06.json"
  } ],
  "assets" : [ ],
  "fileName" : "785d520b0d1ee16f41d51ac1f1d37b03e9117f16.json",
  "name" : "Primary",
  "english" : true,
  "publicTitle" : "Primary",
  "description" : "Serving children in the Church with options for music, scripture stories, enhanced relationships, and compassion for disabilities and special needs.",
  "collectionUri" : "primary"
}