{
  "parentCollectionID" : "8d8905cef700b03cb3afaabc032a3af882139e59",
  "parentCollectionPath" : "Mobile Media Library/English - Video",
  "collectionType" : "collections",
  "path" : "Mobile Media Library/English - Video/Teaching and Lessons",
  "collectionID" : "78e52700041380c54bc698db2b0fb2cb8ff0ee9d",
  "language" : "eng",
  "type" : "DEFAULT",
  "lastUpdatedDate" : "2025-01-28T10:42:16.343-07:00",
  "links" : [ {
    "rel" : "details",
    "href" : "https://titanapi.churchofjesuschrist.org/assetsearch/api/v2/collection/details/collectionID/78e52700041380c54bc698db2b0fb2cb8ff0ee9d"
  } ],
  "coverImages" : [ {
    "asset" : {
      "assetID" : "81fe8ab009819c8b2668dd670c4bf0b3036718e3"
    }
  } ],
  "related" : [ ],
  "metadata" : [ {
    "key" : "orderIndex",
    "value" : "16"
  }, {
    "key" : "description",
    "value" : "Find supporting media for the foundational gospel principles taught in Sunday School, Relief Society, seminary, institute, priesthood quorums, and missionary lessons, beginning with lessons prepared from the teaching guide Come, Follow Me.",
    "language" : "eng"
  }, {
    "key" : "collectionUri",
    "value" : "lessons",
    "language" : "eng"
  }, {
    "key" : "publicTitle",
    "value" : "Teaching and Lessons",
    "language" : "eng"
  } ],
  "children" : [ {
    "path" : "Mobile Media Library/English - Video/Teaching and Lessons/Gospel Lessons for LDS Service Members",
    "collectionID" : "89a7f2a27f474b53a3b4906a49e0493c",
    "type" : "DEFAULT",
    "lastUpdatedDate" : "2020-08-25T15:06:48.796-06:00",
    "links" : [ {
      "rel" : "details",
      "href" : "https://titanapi.churchofjesuschrist.org/assetsearch/api/v2/collection/details/collectionID/89a7f2a27f474b53a3b4906a49e0493c"
    } ],
    "fileName" : "89a7f2a27f474b53a3b4906a49e0493c.json"
  }, {
    "path" : "Mobile Media Library/English - Video/Teaching and Lessons/Relief Society and Elders Quorum Lessons",
    "collectionID" : "dd52d231fc1f459b91d55294fd1dbfc8",
    "type" : "DEFAULT",
    "lastUpdatedDate" : "2024-05-06T11:12:27.041-06:00",
    "links" : [ {
      "rel" : "details",
      "href" : "https://titanapi.churchofjesuschrist.org/assetsearch/api/v2/collection/details/collectionID/dd52d231fc1f459b91d55294fd1dbfc8"
    } ],
    "fileName" : "dd52d231fc1f459b91d55294fd1dbfc8.json"
  }, {
    "path" : "Mobile Media Library/English - Video/Teaching and Lessons/Teaching, No Greater Call",
    "collectionID" : "6bccda71abf34992aca55d99ac607f02",
    "type" : "DEFAULT",
    "lastUpdatedDate" : "2020-05-22T19:35:53.756-06:00",
    "links" : [ {
      "rel" : "details",
      "href" : "https://titanapi.churchofjesuschrist.org/assetsearch/api/v2/collection/details/collectionID/6bccda71abf34992aca55d99ac607f02"
    } ],
    "fileName" : "6bccda71abf34992aca55d99ac607f02.json"
  }, {
    "path" : "Mobile Media Library/English - Video/Teaching and Lessons/Come, Follow Me",
    "collectionID" : "09fefd85cd9706e770b3a16619c14d605904ea98",
    "type" : "DEFAULT",
    "lastUpdatedDate" : "2022-03-31T11:40:57.653-06:00",
    "links" : [ {
      "rel" : "details",
      "href" : "https://titanapi.churchofjesuschrist.org/assetsearch/api/v2/collection/details/collectionID/09fefd85cd9706e770b3a16619c14d605904ea98"
    } ],
    "fileName" : "09fefd85cd9706e770b3a16619c14d605904ea98.json"
  }, {
    "path" : "Mobile Media Library/English - Video/Teaching and Lessons/Seminary and Institute",
    "collectionID" : "d8c07472cd7e42368ac8f916b0291046",
    "type" : "DEFAULT",
    "lastUpdatedDate" : "2020-08-25T15:05:45.990-06:00",
    "links" : [ {
      "rel" : "details",
      "href" : "https://titanapi.churchofjesuschrist.org/assetsearch/api/v2/collection/details/collectionID/d8c07472cd7e42368ac8f916b0291046"
    } ],
    "fileName" : "d8c07472cd7e42368ac8f916b0291046.json"
  }, {
    "path" : "Mobile Media Library/English - Video/Teaching and Lessons/Teaching in the Savior's Way",
    "collectionID" : "46d7cbc8226c424d9977f43d8d743e32",
    "type" : "DEFAULT",
    "lastUpdatedDate" : "2020-08-25T15:05:13.023-06:00",
    "links" : [ {
      "rel" : "details",
      "href" : "https://titanapi.churchofjesuschrist.org/assetsearch/api/v2/collection/details/collectionID/46d7cbc8226c424d9977f43d8d743e32"
    } ],
    "fileName" : "46d7cbc8226c424d9977f43d8d743e32.json"
  } ],
  "assets" : [ ],
  "fileName" : "78e52700041380c54bc698db2b0fb2cb8ff0ee9d.json",
  "name" : "Teaching and Lessons",
  "english" : true,
  "publicTitle" : "Teaching and Lessons",
  "description" : "Find supporting media for the foundational gospel principles taught in Sunday School, Relief Society, seminary, institute, priesthood quorums, and missionary lessons, beginning with lessons prepared from the teaching guide Come, Follow Me.",
  "collectionUri" : "lessons"
}