{
  "parentCollectionID" : "a341dd20a0a648239e545d7a84dbe3e5",
  "parentCollectionPath" : "Mobile Media Library/English - Video/Life Help",
  "collectionType" : "assets",
  "path" : "Mobile Media Library/English - Video/Life Help/Personal Finance",
  "collectionID" : "7a4138cb0f1a48058b15374ccaad9c22",
  "language" : "eng",
  "type" : "DEFAULT",
  "lastUpdatedDate" : "2024-10-01T14:17:18.116-06:00",
  "links" : [ {
    "rel" : "details",
    "href" : "https://titanapi.churchofjesuschrist.org/assetsearch/api/v2/collection/details/collectionID/7a4138cb0f1a48058b15374ccaad9c22"
  } ],
  "coverImages" : [ {
    "asset" : {
      "assetID" : "159e261948b72cdc92f3f03bc633508d753f8140"
    }
  } ],
  "related" : [ ],
  "metadata" : [ {
    "key" : "orderIndex",
    "value" : "14"
  }, {
    "key" : "channel",
    "value" : "mobile",
    "language" : "eng"
  }, {
    "key" : "collectionUri",
    "value" : "personal-finance",
    "language" : "eng"
  }, {
    "key" : "publicTitle",
    "value" : "Personal Finance",
    "language" : "eng"
  } ],
  "children" : [ ],
  "assets" : [ {
    "asset" : {
      "assetID" : "1f01b4326de3a44668956a9a28f7d7cc5b95a2dd"
    },
    "index" : 6,
    "addedDate" : 1726863519135,
    "metadata" : [ ]
  }, {
    "asset" : {
      "assetID" : "1b419f14d67765d374909344c538f33523f344d4"
    },
    "index" : 14,
    "addedDate" : 1727189709603,
    "metadata" : [ ]
  }, {
    "asset" : {
      "assetID" : "73a39b16332132bf09a166520d7efd6bd4427b96"
    },
    "index" : 7,
    "addedDate" : 1726863556508,
    "metadata" : [ ]
  }, {
    "asset" : {
      "assetID" : "126243438cb7bb5ae46b7b61737ea82b21a69a85"
    },
    "index" : 9,
    "addedDate" : 1726863733551,
    "metadata" : [ ]
  }, {
    "asset" : {
      "assetID" : "a74a06b3524109c55061c58483fdf09c16bd3651"
    },
    "index" : 0,
    "addedDate" : 1726862885818,
    "metadata" : [ ]
  }, {
    "asset" : {
      "assetID" : "d85f7ea12a99aa55933fed8de6b88cac9ed25324"
    },
    "index" : 15,
    "addedDate" : 1727189983551,
    "metadata" : [ ]
  }, {
    "asset" : {
      "assetID" : "dc1b9e17730cf0f278ae2216e7c233749e861df7"
    },
    "index" : 5,
    "addedDate" : 1726863454040,
    "metadata" : [ ]
  }, {
    "asset" : {
      "assetID" : "e30b601736bbe215f6d1dec5bb6eb6a002f90ef4"
    },
    "index" : 8,
    "addedDate" : 1726863693693,
    "metadata" : [ ]
  }, {
    "asset" : {
      "assetID" : "fde896842697fee42880e2f2362751c0b0910db3"
    },
    "index" : 13,
    "addedDate" : 1727202928741,
    "metadata" : [ ]
  }, {
    "asset" : {
      "assetID" : "934c9519d9afcb99c517327f2684deaa24e7d56b"
    },
    "index" : 11,
    "addedDate" : 1726863875477,
    "metadata" : [ ]
  }, {
    "asset" : {
      "assetID" : "tkrjwh7je5sc0zraj7x9u7fvt33kd8r2ve1rhhf4"
    },
    "index" : 2,
    "addedDate" : 1726863257074,
    "metadata" : [ ]
  }, {
    "asset" : {
      "assetID" : "g027lepzxs3a2bv56gtjiiynhbrkf9bxjyffdj8v"
    },
    "index" : 1,
    "addedDate" : 1726863049136,
    "metadata" : [ ]
  }, {
    "asset" : {
      "assetID" : "82dxuvoo6cgp98r0g5xjhzdp96nmr4jekj3qcymz"
    },
    "index" : 3,
    "addedDate" : 1726863328730,
    "metadata" : [ ]
  }, {
    "asset" : {
      "assetID" : "44f1684f39a847615e6fcdb3f8017698475a5ae6"
    },
    "index" : 10,
    "addedDate" : 1726863857201,
    "metadata" : [ ]
  }, {
    "asset" : {
      "assetID" : "b63bf39d29a48a509e0a39c6407102f2b1fae7bc"
    },
    "index" : 4,
    "addedDate" : 1726863357185,
    "metadata" : [ ]
  }, {
    "asset" : {
      "assetID" : "8e9621f93c647a0e92392b0fbf35df8c61055051"
    },
    "index" : 12,
    "addedDate" : 1726863892381,
    "metadata" : [ ]
  } ],
  "fileName" : "7a4138cb0f1a48058b15374ccaad9c22.json",
  "name" : "Personal Finance",
  "english" : true,
  "publicTitle" : "Personal Finance",
  "collectionUri" : "personal-finance"
}