{
  "parentCollectionID" : "c0c5f76ced4d61d23a94b69f136869f2ca41991a",
  "parentCollectionPath" : "Mobile Media Library/English - Video/Life Help/Self-Reliance Services and PEF/Self-Reliance: My Foundation",
  "collectionType" : "assets",
  "path" : "Mobile Media Library/English - Video/Life Help/Self-Reliance Services and PEF/Self-Reliance: My Foundation/Principle 13: Of Regrets and Resolutions",
  "collectionID" : "7bc260c09ad93a85aeae0e3abd36732f071fe855",
  "language" : "eng",
  "type" : "DEFAULT",
  "lastUpdatedDate" : "2019-10-28T16:40:50.643-06:00",
  "links" : [ {
    "rel" : "details",
    "href" : "https://titanapi.churchofjesuschrist.org/assetsearch/api/v2/collection/details/collectionID/7bc260c09ad93a85aeae0e3abd36732f071fe855"
  } ],
  "coverImages" : [ {
    "asset" : {
      "assetID" : "7518a437348c6fa8edb4bc781abcc332437fabd7"
    }
  } ],
  "related" : [ ],
  "metadata" : [ {
    "key" : "collectionUri",
    "value" : "principle-13-live-a-balanced-life",
    "language" : "eng"
  }, {
    "key" : "publicTitle",
    "value" : "Principle 13: Of Regrets and Resolutions",
    "language" : "eng"
  } ],
  "children" : [ ],
  "assets" : [ {
    "asset" : {
      "assetID" : "5238ca97e3f8b0b02a353934b86c8df631404de2"
    },
    "addedDate" : 1590011936452,
    "metadata" : [ ]
  } ],
  "fileName" : "7bc260c09ad93a85aeae0e3abd36732f071fe855.json",
  "name" : "Principle 13: Of Regrets and Resolutions",
  "english" : true,
  "publicTitle" : "Principle 13: Of Regrets and Resolutions",
  "collectionUri" : "principle-13-live-a-balanced-life"
}