{
  "parentCollectionID" : "39befd6445634a19a8521ffe3e3dd6c2",
  "parentCollectionPath" : "Mobile Media Library/English - Video/Callings and Trainings/Leadership/General Conference Leadership Meetings",
  "collectionType" : "collections",
  "path" : "Mobile Media Library/English - Video/Callings and Trainings/Leadership/General Conference Leadership Meetings/October 2015: Sabbath Day Observance",
  "collectionID" : "7c453b6f99db4f899585edef1d98b069",
  "language" : "eng",
  "type" : "DEFAULT",
  "lastUpdatedDate" : "2019-12-20T15:46:18.027-07:00",
  "links" : [ {
    "rel" : "details",
    "href" : "https://titanapi.churchofjesuschrist.org/assetsearch/api/v2/collection/details/collectionID/7c453b6f99db4f899585edef1d98b069"
  } ],
  "coverImages" : [ {
    "asset" : {
      "assetID" : "d88cd8ba379f3e63e6d173954355ef6e8b62956e"
    }
  } ],
  "related" : [ ],
  "metadata" : [ {
    "key" : "collectionUri",
    "value" : "october-2015-sabbath-day-observance",
    "language" : "eng"
  }, {
    "key" : "publicTitle",
    "value" : "October 2015: Sabbath Day Observance",
    "language" : "eng"
  }, {
    "key" : "orderIndex",
    "value" : "4"
  } ],
  "children" : [ ],
  "assets" : [ ],
  "fileName" : "7c453b6f99db4f899585edef1d98b069.json",
  "name" : "October 2015: Sabbath Day Observance",
  "english" : true,
  "publicTitle" : "October 2015: Sabbath Day Observance",
  "collectionUri" : "october-2015-sabbath-day-observance"
}