{
  "parentCollectionID" : "8cfd45d9b1d9ecc1774e6b77f9ad83fd54dbc236",
  "parentCollectionPath" : "Mobile Media Library/English - Video/Church History/Prophets of the Restoration",
  "collectionType" : "assets",
  "path" : "Mobile Media Library/English - Video/Church History/Prophets of the Restoration/Joseph Smith-Prophets of the Restoration",
  "collectionID" : "7c5c0cda6f5c1a1fcec46f31df654f8ba98f417e",
  "language" : "eng",
  "type" : "DEFAULT",
  "lastUpdatedDate" : "2019-10-28T16:40:50.643-06:00",
  "links" : [ {
    "rel" : "details",
    "href" : "https://titanapi.churchofjesuschrist.org/assetsearch/api/v2/collection/details/collectionID/7c5c0cda6f5c1a1fcec46f31df654f8ba98f417e"
  } ],
  "coverImages" : [ {
    "asset" : {
      "assetID" : "b4b12c856c805f92334114267c73af0757d1f267"
    }
  } ],
  "related" : [ ],
  "metadata" : [ {
    "key" : "collectionUri",
    "value" : "jospeh-smith-prophets-of-the-restoration",
    "language" : "eng"
  }, {
    "key" : "publicTitle",
    "value" : "Joseph Smith—Prophets of the Restoration",
    "language" : "eng"
  } ],
  "children" : [ ],
  "assets" : [ {
    "asset" : {
      "assetID" : "d5e1c98033d8f1528fa002df6eddaceed4c49853"
    },
    "addedDate" : 1478798294099,
    "metadata" : [ ]
  }, {
    "asset" : {
      "assetID" : "63bc41e2d2eb488ce0f2f96e91c21c95764099b3"
    },
    "addedDate" : 1478797752037,
    "metadata" : [ ]
  }, {
    "asset" : {
      "assetID" : "ef59920e09c69b9ac262e056d1bb5bf0df911243"
    },
    "addedDate" : 1478797644030,
    "metadata" : [ ]
  }, {
    "asset" : {
      "assetID" : "a8b130901f4566c5d2e6a382b16152910a37e66f"
    },
    "addedDate" : 1478797648038,
    "metadata" : [ ]
  }, {
    "asset" : {
      "assetID" : "7a2e8d68e2fecf9dfc21e92f2dfd656cbc6219fd"
    },
    "addedDate" : 1478797748026,
    "metadata" : [ ]
  }, {
    "asset" : {
      "assetID" : "eea62c82aad6f94d521a00e1af2733881fa0b2fb"
    },
    "addedDate" : 1478797641072,
    "metadata" : [ ]
  }, {
    "asset" : {
      "assetID" : "917f30c3427b19237b024383096d3457a5d63318"
    },
    "addedDate" : 1478797750037,
    "metadata" : [ ]
  }, {
    "asset" : {
      "assetID" : "d16afeb41331b9f38a700c19cefeb9407d4ed21c"
    },
    "addedDate" : 1478798240024,
    "metadata" : [ ]
  }, {
    "asset" : {
      "assetID" : "66eb0f6fc3b528935421a120b1b3335e01d195b7"
    },
    "addedDate" : 1478797650052,
    "metadata" : [ ]
  }, {
    "asset" : {
      "assetID" : "27d58dbe7e5511a3d37bd6cc5925280449908e94"
    },
    "addedDate" : 1478798297009,
    "metadata" : [ ]
  }, {
    "asset" : {
      "assetID" : "07ea219c05f11fbe9baeba4352356a361245ec0f"
    },
    "addedDate" : 1478798235060,
    "metadata" : [ ]
  }, {
    "asset" : {
      "assetID" : "cd98ad4c249d58cdf8dfc53af687c9a7bc378be6"
    },
    "addedDate" : 1478798242060,
    "metadata" : [ ]
  }, {
    "asset" : {
      "assetID" : "833c502640b4de003449db09dc31ef112f15c7e4"
    },
    "addedDate" : 1478798319011,
    "metadata" : [ ]
  }, {
    "asset" : {
      "assetID" : "b43f64586f7642eba2f303d4f0b1bb76cf89a2f3"
    },
    "addedDate" : 1478798233038,
    "metadata" : [ ]
  }, {
    "asset" : {
      "assetID" : "ecc5f7b667ffe7c996e309fd5cb392d1314eff99"
    },
    "addedDate" : 1478797646037,
    "metadata" : [ ]
  }, {
    "asset" : {
      "assetID" : "f9283e70254e3c4909c006c720bdab5149621bae"
    },
    "addedDate" : 1478798237097,
    "metadata" : [ ]
  } ],
  "fileName" : "7c5c0cda6f5c1a1fcec46f31df654f8ba98f417e.json",
  "name" : "Joseph Smith-Prophets of the Restoration",
  "english" : true,
  "publicTitle" : "Joseph Smith—Prophets of the Restoration",
  "collectionUri" : "jospeh-smith-prophets-of-the-restoration"
}