{
  "parentCollectionID" : "b43d757eb019f6607ea99cf31d4f98fd0466720b",
  "parentCollectionPath" : "Mobile Media Library/English - Video/Videos for Children",
  "collectionType" : "assets",
  "path" : "Mobile Media Library/English - Video/Videos for Children/Come Learn With Me: Old Testament",
  "collectionID" : "7c70f61c15954e578b81d9edadb6d274",
  "language" : "eng",
  "type" : "DEFAULT",
  "lastUpdatedDate" : "2024-07-31T14:04:48.603-06:00",
  "links" : [ {
    "rel" : "details",
    "href" : "https://titanapi.churchofjesuschrist.org/assetsearch/api/v2/collection/details/collectionID/7c70f61c15954e578b81d9edadb6d274"
  } ],
  "coverImages" : [ {
    "asset" : {
      "assetID" : "8a46165df677d17a1da0ce00c869ee3ea2c93430"
    }
  } ],
  "related" : [ ],
  "metadata" : [ {
    "key" : "orderIndex",
    "value" : "19"
  }, {
    "key" : "channel",
    "value" : "mobile",
    "language" : "eng"
  }, {
    "key" : "collectionUri",
    "value" : "come-learn-with-me-old-testament",
    "language" : "eng"
  }, {
    "key" : "publicTitle",
    "value" : "Come Learn With Me: Old Testament",
    "language" : "eng"
  } ],
  "children" : [ ],
  "assets" : [ {
    "asset" : {
      "assetID" : "113825312ae511ec99eeeeeeac1ea2202c535513"
    },
    "index" : 5,
    "addedDate" : 1694310756230,
    "metadata" : [ ]
  }, {
    "asset" : {
      "assetID" : "0e5993982ae511ec9229eeeeac1e27965904f14d"
    },
    "index" : 4,
    "addedDate" : 1694310444274,
    "metadata" : [ ]
  }, {
    "asset" : {
      "assetID" : "0bb440012ae511ecb34aeeeeac1e8d8a114c4519"
    },
    "index" : 0,
    "addedDate" : 1694310266593,
    "metadata" : [ ]
  }, {
    "asset" : {
      "assetID" : "12049cfd2ae511ec86faeeeeac1e09d2836bde18"
    },
    "index" : 6,
    "addedDate" : 1694310773458,
    "metadata" : [ ]
  }, {
    "asset" : {
      "assetID" : "0d4f2b522ae511ec8e61eeeeac1ed923c3d12d09"
    },
    "index" : 2,
    "addedDate" : 1694310355402,
    "metadata" : [ ]
  }, {
    "asset" : {
      "assetID" : "0db2a7dc2ae511ec9645eeeeac1eed48ed104f31"
    },
    "index" : 3,
    "addedDate" : 1694310415870,
    "metadata" : [ ]
  }, {
    "asset" : {
      "assetID" : "0ca0e9fe2ae511ecbd09eeeeac1ec23d0edefbdf"
    },
    "index" : 1,
    "addedDate" : 1694310317948,
    "metadata" : [ ]
  }, {
    "asset" : {
      "assetID" : "b108df3da55311ecab7beeeeac1e0719b5b8dd6e"
    },
    "index" : 9,
    "addedDate" : 1694311006767,
    "metadata" : [ ]
  }, {
    "asset" : {
      "assetID" : "b048eaa3a55311eca58aeeeeac1e987bb4e4573c"
    },
    "index" : 8,
    "addedDate" : 1694310821043,
    "metadata" : [ ]
  }, {
    "asset" : {
      "assetID" : "b2f2fc03a55311ec976deeeeac1e39cdf9c1b97d"
    },
    "index" : 7,
    "addedDate" : 1694310815823,
    "metadata" : [ ]
  }, {
    "asset" : {
      "assetID" : "b416bb79a55311ec8f01eeeeac1eee0ea2428ac5"
    },
    "index" : 25,
    "addedDate" : 1694311167314,
    "metadata" : [ ]
  }, {
    "asset" : {
      "assetID" : "b5d97a28a55311eca189eeeeac1e1e475264fc0e"
    },
    "index" : 24,
    "addedDate" : 1694311167172,
    "metadata" : [ ]
  }, {
    "asset" : {
      "assetID" : "9ac85cb0a55811ecbd27eeeeac1edd55bc142cd8"
    },
    "index" : 23,
    "addedDate" : 1694311167033,
    "metadata" : [ ]
  }, {
    "asset" : {
      "assetID" : "ddacb2bea9ff11ec8f90eeeeac1eb6572d3740d3"
    },
    "addedDate" : 1694312960940,
    "metadata" : [ ]
  }, {
    "asset" : {
      "assetID" : "e3163242a9ff11ec8f37eeeeac1e071f90c1aebd"
    },
    "addedDate" : 1694312960940,
    "metadata" : [ ]
  }, {
    "asset" : {
      "assetID" : "dd3deb6ca9ff11ec9974eeeeac1ef8b4318feb61"
    },
    "addedDate" : 1694312960930,
    "metadata" : [ ]
  }, {
    "asset" : {
      "assetID" : "e720bdfba9ff11ecb848eeeeac1e8465238ca7b5"
    },
    "addedDate" : 1694312960930,
    "metadata" : [ ]
  }, {
    "asset" : {
      "assetID" : "df4cf53ca9ff11eca698eeeeac1eb6af5fc93da5"
    },
    "addedDate" : 1694312960936,
    "metadata" : [ ]
  }, {
    "asset" : {
      "assetID" : "e4d658c5a9ff11ec9da5eeeeac1eb1daae60cebf"
    },
    "addedDate" : 1694312960933,
    "metadata" : [ ]
  }, {
    "asset" : {
      "assetID" : "e0ad96a3a9ff11ecad08eeeeac1e93a724c0c0a8"
    },
    "addedDate" : 1694312960966,
    "metadata" : [ ]
  }, {
    "asset" : {
      "assetID" : "151f3b93bc1b11ec9810eeeeac1e870b1392d594"
    },
    "index" : 18,
    "addedDate" : 1694311166402,
    "metadata" : [ ]
  }, {
    "asset" : {
      "assetID" : "16161eb0bc1b11ec9d1ceeeeac1eb53d84f54132"
    },
    "index" : 17,
    "addedDate" : 1694311166264,
    "metadata" : [ ]
  }, {
    "asset" : {
      "assetID" : "1777f8a1bc1b11ecb04beeeeac1e083910b03f0f"
    },
    "index" : 15,
    "addedDate" : 1694311165999,
    "metadata" : [ ]
  }, {
    "asset" : {
      "assetID" : "2ab0a024bc1b11ec8fb4eeeeac1eb0b9c3ab5621"
    },
    "index" : 22,
    "addedDate" : 1694311166891,
    "metadata" : [ ]
  }, {
    "asset" : {
      "assetID" : "2ce7a461bc1b11eca77eeeeeac1ea52407a8126d"
    },
    "index" : 20,
    "addedDate" : 1694311166625,
    "metadata" : [ ]
  }, {
    "asset" : {
      "assetID" : "2eb02f64bc1b11ec8c52eeeeac1e00b8ed5a41f9"
    },
    "index" : 21,
    "addedDate" : 1694311166763,
    "metadata" : [ ]
  }, {
    "asset" : {
      "assetID" : "2e8d3e06bc1b11ec8180eeeeac1e859fd3f14189"
    },
    "index" : 13,
    "addedDate" : 1694311165748,
    "metadata" : [ ]
  }, {
    "asset" : {
      "assetID" : "307b5273bc1b11ec9acceeeeac1e630f81927d9d"
    },
    "index" : 19,
    "addedDate" : 1694311166499,
    "metadata" : [ ]
  }, {
    "asset" : {
      "assetID" : "35d7d9a1bc1b11ecaa21eeeeac1ebc3d1b9142f4"
    },
    "index" : 16,
    "addedDate" : 1694311166135,
    "metadata" : [ ]
  }, {
    "asset" : {
      "assetID" : "3a4c98dabc1b11ecb263eeeeac1e1cb2172ce80c"
    },
    "index" : 12,
    "addedDate" : 1694311165623,
    "metadata" : [ ]
  }, {
    "asset" : {
      "assetID" : "3be5fd91bc1b11ec95caeeeeac1eb43392ba64fa"
    },
    "index" : 11,
    "addedDate" : 1694311165482,
    "metadata" : [ ]
  }, {
    "asset" : {
      "assetID" : "3d44f15abc1b11ec99f1eeeeac1e4847d5e9c622"
    },
    "index" : 10,
    "addedDate" : 1694311165142,
    "metadata" : [ ]
  }, {
    "asset" : {
      "assetID" : "50eca0c7c19711ecb747eeeeac1e12547afd121e"
    },
    "index" : 14,
    "addedDate" : 1694311165874,
    "metadata" : [ ]
  }, {
    "asset" : {
      "assetID" : "a6c01b3bdd3711ecb57deeeeac1e90a8d9ab7b03"
    },
    "addedDate" : 1694312960963,
    "metadata" : [ ]
  }, {
    "asset" : {
      "assetID" : "a908d2b7dd3711ec93efeeeeac1e5a0b1f68d1e0"
    },
    "addedDate" : 1694312960963,
    "metadata" : [ ]
  }, {
    "asset" : {
      "assetID" : "ad214130dd3711ec8ef5eeeeac1edf2a7129c77a"
    },
    "addedDate" : 1694312960960,
    "metadata" : [ ]
  }, {
    "asset" : {
      "assetID" : "b6a5ee53dd3711ec94adeeeeac1e0a06c0e1e090"
    },
    "addedDate" : 1694312960956,
    "metadata" : [ ]
  }, {
    "asset" : {
      "assetID" : "c10d5acedd3711eca9a7eeeeac1e0ef14a44578f"
    },
    "addedDate" : 1694312960956,
    "metadata" : [ ]
  }, {
    "asset" : {
      "assetID" : "c23622ccdd3711ec9688eeeeac1eb062574d1422"
    },
    "addedDate" : 1694312960953,
    "metadata" : [ ]
  }, {
    "asset" : {
      "assetID" : "c0a37561dd3711ec990eeeeeac1e22433e97c9b9"
    },
    "addedDate" : 1694312960950,
    "metadata" : [ ]
  }, {
    "asset" : {
      "assetID" : "c387f72fdd3711eca744eeeeac1e396030d1bce7"
    },
    "addedDate" : 1694312960946,
    "metadata" : [ ]
  }, {
    "asset" : {
      "assetID" : "c4d055addd3711ec9688eeeeac1eb06241c6f8a4"
    },
    "addedDate" : 1694312960946,
    "metadata" : [ ]
  }, {
    "asset" : {
      "assetID" : "be8835efdd3711eca921eeeeac1e760ec122c725"
    },
    "addedDate" : 1694312960936,
    "metadata" : [ ]
  }, {
    "asset" : {
      "assetID" : "bd1bfc4ddd3711ec90efeeeeac1ee7e67b6da1b7"
    },
    "addedDate" : 1694312960923,
    "metadata" : [ ]
  }, {
    "asset" : {
      "assetID" : "c2b5657add3711ecafc3eeeeac1e38d17f1e4ba6"
    },
    "addedDate" : 1694312960966,
    "metadata" : [ ]
  }, {
    "asset" : {
      "assetID" : "f4dc0209ddc411ecbb6deeeeac1e1e17f2822bac"
    },
    "addedDate" : 1694312960943,
    "metadata" : [ ]
  }, {
    "asset" : {
      "assetID" : "ef4dfefca99911edbd31eeeeac1e9e4bc32ef8dc"
    },
    "index" : 26,
    "addedDate" : 1694312944707,
    "metadata" : [ ]
  }, {
    "asset" : {
      "assetID" : "f5883bfaa99911edb60beeeeac1ea469d5a9f16d"
    },
    "index" : 27,
    "addedDate" : 1694312945048,
    "metadata" : [ ]
  }, {
    "asset" : {
      "assetID" : "fe801251a99911edb31ceeeeac1ede8526370eb2"
    },
    "index" : 28,
    "addedDate" : 1694312945146,
    "metadata" : [ ]
  } ],
  "fileName" : "7c70f61c15954e578b81d9edadb6d274.json",
  "name" : "Come Learn With Me: Old Testament",
  "english" : true,
  "publicTitle" : "Come Learn With Me: Old Testament",
  "collectionUri" : "come-learn-with-me-old-testament"
}