{
  "parentCollectionID" : "e60f922e58584686ad44d42a17a6dd66",
  "parentCollectionPath" : "Mobile Media Library/English - Video/People/Latter-day General Authorities and Officers",
  "collectionType" : "assets",
  "path" : "Mobile Media Library/English - Video/People/Latter-day General Authorities and Officers/Marlin K. Jensen",
  "collectionID" : "7d4a10b73ccee7f36e222a3f88d699e9a4329f55",
  "language" : "eng",
  "type" : "DEFAULT",
  "lastUpdatedDate" : "2019-10-28T16:40:50.643-06:00",
  "links" : [ {
    "rel" : "details",
    "href" : "https://titanapi.churchofjesuschrist.org/assetsearch/api/v2/collection/details/collectionID/7d4a10b73ccee7f36e222a3f88d699e9a4329f55"
  } ],
  "coverImages" : [ {
    "asset" : {
      "assetID" : "932faa882a407f3f51c9231a0cae4e09ef048189"
    }
  } ],
  "related" : [ ],
  "metadata" : [ {
    "key" : "collectionUri",
    "value" : "marlin-k-jensen",
    "language" : "eng"
  }, {
    "key" : "publicTitle",
    "value" : "Marlin K. Jensen",
    "language" : "eng"
  } ],
  "children" : [ ],
  "assets" : [ {
    "asset" : {
      "assetID" : "83dec046e5034687e5a5aed48320e82bcc0323cf"
    },
    "addedDate" : 1540476458958,
    "metadata" : [ ]
  } ],
  "fileName" : "7d4a10b73ccee7f36e222a3f88d699e9a4329f55.json",
  "name" : "Marlin K. Jensen",
  "english" : true,
  "publicTitle" : "Marlin K. Jensen",
  "collectionUri" : "marlin-k-jensen"
}