{
  "parentCollectionID" : "b91d19b3a88f45129e9ec20d8c175bfa",
  "parentCollectionPath" : "Mobile Media Library/English - Video/Scriptural Reenactments and Teachings/Book of Mormon Videos",
  "collectionType" : "assets",
  "path" : "Mobile Media Library/English - Video/Scriptural Reenactments and Teachings/Book of Mormon Videos/Helaman 5",
  "collectionID" : "7d51ea97d98646e7b054ab92f65f1d4c",
  "language" : "eng",
  "type" : "DEFAULT",
  "lastUpdatedDate" : "2024-08-28T11:04:34.397-06:00",
  "links" : [ {
    "rel" : "details",
    "href" : "https://titanapi.churchofjesuschrist.org/assetsearch/api/v2/collection/details/collectionID/7d51ea97d98646e7b054ab92f65f1d4c"
  } ],
  "coverImages" : [ {
    "asset" : {
      "assetID" : "6f3f399174207ea5618a32a184a0ec5fd756df3d"
    }
  } ],
  "related" : [ ],
  "metadata" : [ {
    "key" : "orderIndex",
    "value" : "33"
  }, {
    "key" : "channel",
    "value" : "mobile",
    "language" : "eng"
  }, {
    "key" : "collectionUri",
    "value" : "helaman-5",
    "language" : "eng"
  }, {
    "key" : "publicTitle",
    "value" : "Helaman 5",
    "language" : "eng"
  } ],
  "children" : [ ],
  "assets" : [ {
    "asset" : {
      "assetID" : "d06d9371b54f11ee9e61eeeeac1e836336173835"
    },
    "index" : 0,
    "addedDate" : 1724240757353,
    "metadata" : [ ]
  }, {
    "asset" : {
      "assetID" : "egvxj7oximry0to5gpzlhumtajb6jbiiaizz8uib"
    },
    "index" : 1,
    "addedDate" : 1724864045269,
    "metadata" : [ ]
  }, {
    "asset" : {
      "assetID" : "39xzkm8ug57me5ff62v3xmd8c7yx3mzowsp4m16t"
    },
    "index" : 2,
    "addedDate" : 1724864062125,
    "metadata" : [ ]
  } ],
  "fileName" : "7d51ea97d98646e7b054ab92f65f1d4c.json",
  "name" : "Helaman 5",
  "english" : true,
  "publicTitle" : "Helaman 5",
  "collectionUri" : "helaman-5"
}