{
  "parentCollectionID" : "c0c5f76ced4d61d23a94b69f136869f2ca41991a",
  "parentCollectionPath" : "Mobile Media Library/English - Video/Life Help/Self-Reliance Services and PEF/Self-Reliance: My Foundation",
  "collectionType" : "assets",
  "path" : "Mobile Media Library/English - Video/Life Help/Self-Reliance Services and PEF/Self-Reliance: My Foundation/Principle 02: Use Time Wisely",
  "collectionID" : "7e3b2708836452e283c6b99dd02eef909db0f1ef",
  "language" : "eng",
  "type" : "DEFAULT",
  "lastUpdatedDate" : "2024-12-02T10:51:22.868-07:00",
  "links" : [ {
    "rel" : "details",
    "href" : "https://titanapi.churchofjesuschrist.org/assetsearch/api/v2/collection/details/collectionID/7e3b2708836452e283c6b99dd02eef909db0f1ef"
  } ],
  "coverImages" : [ {
    "asset" : {
      "assetID" : "1b4fcf66684959684a8167741635f8ee5d8ff02f"
    }
  } ],
  "related" : [ ],
  "metadata" : [ {
    "key" : "collectionUri",
    "value" : "principle-2-use-time-wisely",
    "language" : "eng"
  }, {
    "key" : "publicTitle",
    "value" : "Principle 02: Use Time Wisely",
    "language" : "eng"
  } ],
  "children" : [ ],
  "assets" : [ {
    "asset" : {
      "assetID" : "214ee9ae0275e2bf6223514285b9a5c93b09ef42"
    },
    "addedDate" : 1478716430086,
    "metadata" : [ ]
  } ],
  "fileName" : "7e3b2708836452e283c6b99dd02eef909db0f1ef.json",
  "name" : "Principle 02: Use Time Wisely",
  "english" : true,
  "publicTitle" : "Principle 02: Use Time Wisely",
  "collectionUri" : "principle-2-use-time-wisely"
}