{
  "parentCollectionID" : "c0c5f76ced4d61d23a94b69f136869f2ca41991a",
  "parentCollectionPath" : "Mobile Media Library/English - Video/Life Help/Self-Reliance Services and PEF/Self-Reliance: My Foundation",
  "collectionType" : "assets",
  "path" : "Mobile Media Library/English - Video/Life Help/Self-Reliance Services and PEF/Self-Reliance: My Foundation/Principle 08: Communicate: Petition and Listen",
  "collectionID" : "7e9c549cfda0ce24c2e6d5e68ebed1034aec5cb0",
  "language" : "eng",
  "type" : "DEFAULT",
  "lastUpdatedDate" : "2019-10-28T16:40:50.643-06:00",
  "links" : [ {
    "rel" : "details",
    "href" : "https://titanapi.churchofjesuschrist.org/assetsearch/api/v2/collection/details/collectionID/7e9c549cfda0ce24c2e6d5e68ebed1034aec5cb0"
  } ],
  "coverImages" : [ {
    "asset" : {
      "assetID" : "14f730c1815805c181ba42f285364911a5dc04ca"
    }
  } ],
  "related" : [ ],
  "metadata" : [ {
    "key" : "collectionUri",
    "value" : "principle-8-communicate-petition-and-listen",
    "language" : "eng"
  }, {
    "key" : "publicTitle",
    "value" : "Principle 08: Communicate: Petition and Listen",
    "language" : "eng"
  } ],
  "children" : [ ],
  "assets" : [ {
    "asset" : {
      "assetID" : "42c61435a7341c17eea52d911825cbb9e284bdaa"
    },
    "addedDate" : 1478722509065,
    "metadata" : [ ]
  } ],
  "fileName" : "7e9c549cfda0ce24c2e6d5e68ebed1034aec5cb0.json",
  "name" : "Principle 08: Communicate: Petition and Listen",
  "english" : true,
  "publicTitle" : "Principle 08: Communicate: Petition and Listen",
  "collectionUri" : "principle-8-communicate-petition-and-listen"
}