{
  "parentCollectionID" : "b43d757eb019f6607ea99cf31d4f98fd0466720b",
  "parentCollectionPath" : "Mobile Media Library/English - Video/Videos for Children",
  "collectionType" : "assets",
  "path" : "Mobile Media Library/English - Video/Videos for Children/ASL Primary Songs",
  "collectionID" : "7f934fed05e276561866b166be3901f5a79fe95b",
  "language" : "eng",
  "type" : "DEFAULT",
  "lastUpdatedDate" : "2022-06-23T12:45:57.408-06:00",
  "links" : [ {
    "rel" : "details",
    "href" : "https://titanapi.churchofjesuschrist.org/assetsearch/api/v2/collection/details/collectionID/7f934fed05e276561866b166be3901f5a79fe95b"
  } ],
  "coverImages" : [ {
    "asset" : {
      "assetID" : "b67eed268f2bcd678ac716629ae328d3f412dd93"
    }
  } ],
  "related" : [ ],
  "metadata" : [ {
    "key" : "orderIndex",
    "value" : "14"
  }, {
    "key" : "description",
    "value" : "Enjoy these videos of children signing in American Sign Language along to songs from the Children's Songbook.",
    "language" : "eng"
  }, {
    "key" : "collectionUri",
    "value" : "asl-primary-songs",
    "language" : "eng"
  }, {
    "key" : "publicTitle",
    "value" : "ASL Primary Songs",
    "language" : "eng"
  } ],
  "children" : [ ],
  "assets" : [ {
    "asset" : {
      "assetID" : "c38ad60d8fe11120146f9857360bfce36cb97e57"
    },
    "addedDate" : 1580494141293,
    "metadata" : [ ]
  }, {
    "asset" : {
      "assetID" : "419C1B9F217FB6200E779FE531C5038FB20DBFC0"
    },
    "index" : 56,
    "addedDate" : 1643222453044,
    "metadata" : [ ]
  }, {
    "asset" : {
      "assetID" : "5b27e75f90fd11eca3beeeeeac1e1e7a11aff8dc"
    },
    "addedDate" : 1645602426259,
    "metadata" : [ ]
  }, {
    "asset" : {
      "assetID" : "a7848c0990fd11ecadf9eeeeac1ed77be9695a64"
    },
    "addedDate" : 1645602426728,
    "metadata" : [ ]
  }, {
    "asset" : {
      "assetID" : "ca58690790fd11ec8035eeeeac1e4b6297a123d5"
    },
    "addedDate" : 1645670479304,
    "metadata" : [ ]
  }, {
    "asset" : {
      "assetID" : "da14b28c941b11eca567eeeeac1ee3b3feb7e26b"
    },
    "addedDate" : 1645602427119,
    "metadata" : [ ]
  }, {
    "asset" : {
      "assetID" : "2fdadbfb941c11ec8df1eeeeac1ed64b008011df"
    },
    "addedDate" : 1645602425192,
    "metadata" : [ ]
  }, {
    "asset" : {
      "assetID" : "63126e85941c11ec99c6eeeeac1eb0d34bc9d292"
    },
    "addedDate" : 1645602425900,
    "metadata" : [ ]
  }, {
    "asset" : {
      "assetID" : "b069c6a6941c11ecaccfeeeeac1ea7f0338536b4"
    },
    "addedDate" : 1645602424676,
    "metadata" : [ ]
  }, {
    "asset" : {
      "assetID" : "f4797c06941c11ec9bf2eeeeac1e09af23e636f0"
    },
    "addedDate" : 1645602424864,
    "metadata" : [ ]
  }, {
    "asset" : {
      "assetID" : "2882e343941d11ecb9e7eeeeac1e43a9e83fdf83"
    },
    "addedDate" : 1645670479663,
    "metadata" : [ ]
  }, {
    "asset" : {
      "assetID" : "6f7e1967941d11ec9bf2eeeeac1e09afb3905bbe"
    },
    "addedDate" : 1645602426306,
    "metadata" : [ ]
  }, {
    "asset" : {
      "assetID" : "b28f2307941d11ecb29ceeeeac1ee2034dd2cfc5"
    },
    "addedDate" : 1645670479554,
    "metadata" : [ ]
  }, {
    "asset" : {
      "assetID" : "def84eb7941d11ec99c6eeeeac1eb0d300c2dc85"
    },
    "addedDate" : 1645602425004,
    "metadata" : [ ]
  }, {
    "asset" : {
      "assetID" : "21763f32941e11ec9a66eeeeac1eb825a2487e0f"
    },
    "addedDate" : 1645602425317,
    "metadata" : [ ]
  }, {
    "asset" : {
      "assetID" : "686a9dab941e11ec8035eeeeac1e4b620a1b63d7"
    },
    "addedDate" : 1645602425724,
    "metadata" : [ ]
  }, {
    "asset" : {
      "assetID" : "a2ef911d941e11eca6dfeeeeac1e6f0abd85ad0d"
    },
    "addedDate" : 1645670479710,
    "metadata" : [ ]
  }, {
    "asset" : {
      "assetID" : "f05ba4a9941e11ecb29ceeeeac1ee2033de97118"
    },
    "addedDate" : 1645602425473,
    "metadata" : [ ]
  }, {
    "asset" : {
      "assetID" : "25f67ab4941f11ec9a66eeeeac1eb82588f47f98"
    },
    "addedDate" : 1645602424507,
    "metadata" : [ ]
  }, {
    "asset" : {
      "assetID" : "5e3e28cc941f11eca83ceeeeac1eafb1af4127f7"
    },
    "addedDate" : 1645602426884,
    "metadata" : [ ]
  }, {
    "asset" : {
      "assetID" : "9a637f6e941f11eca6dfeeeeac1e6f0a79f5ccad"
    },
    "addedDate" : 1645602426681,
    "metadata" : [ ]
  }, {
    "asset" : {
      "assetID" : "c87fd2ea941f11ecaccfeeeeac1ea7f0d606711c"
    },
    "addedDate" : 1645602426994,
    "metadata" : [ ]
  }, {
    "asset" : {
      "assetID" : "fde9aebb941f11ecaccfeeeeac1ea7f063d7afaa"
    },
    "addedDate" : 1645602424340,
    "metadata" : [ ]
  }, {
    "asset" : {
      "assetID" : "2f91a0dc942011ec8035eeeeac1e4b62b1075161"
    },
    "addedDate" : 1645602426541,
    "metadata" : [ ]
  }, {
    "asset" : {
      "assetID" : "63ff6f85942011ecb9e7eeeeac1e43a916b276ef"
    },
    "addedDate" : 1645602427041,
    "metadata" : [ ]
  }, {
    "asset" : {
      "assetID" : "a759630a942011ec9bf2eeeeac1e09afad67d62e"
    },
    "addedDate" : 1645602425786,
    "metadata" : [ ]
  }, {
    "asset" : {
      "assetID" : "d8a9710a942011ecb29ceeeeac1ee203e4683186"
    },
    "addedDate" : 1645670479757,
    "metadata" : [ ]
  }, {
    "asset" : {
      "assetID" : "11fdcd5e942111ec90e6eeeeac1ee4eea80bb08e"
    },
    "addedDate" : 1645602427181,
    "metadata" : [ ]
  }, {
    "asset" : {
      "assetID" : "44c4c99f942111eca6dfeeeeac1e6f0a698efd08"
    },
    "addedDate" : 1645602425978,
    "metadata" : [ ]
  }, {
    "asset" : {
      "assetID" : "7ce0a028942111ec99c6eeeeac1eb0d3e68c1c42"
    },
    "addedDate" : 1645602424817,
    "metadata" : [ ]
  }, {
    "asset" : {
      "assetID" : "b8305d50942111eca6dfeeeeac1e6f0ae1ee3db5"
    },
    "addedDate" : 1645602425239,
    "metadata" : [ ]
  }, {
    "asset" : {
      "assetID" : "eb5e25db942111ec9bf2eeeeac1e09afd3f1153a"
    },
    "addedDate" : 1645602426462,
    "metadata" : [ ]
  }, {
    "asset" : {
      "assetID" : "31e1c0d9942211ec99c6eeeeac1eb0d35fd00c1b"
    },
    "addedDate" : 1645602426806,
    "metadata" : [ ]
  }, {
    "asset" : {
      "assetID" : "79faf5ed942211eca83ceeeeac1eafb12f549bb3"
    },
    "addedDate" : 1645602426634,
    "metadata" : [ ]
  }, {
    "asset" : {
      "assetID" : "ab3be290942211ec90e6eeeeac1ee4ee555db124"
    },
    "addedDate" : 1645602424567,
    "metadata" : [ ]
  }, {
    "asset" : {
      "assetID" : "d9d6465c942211ecb29ceeeeac1ee203fe974cc7"
    },
    "addedDate" : 1645670479397,
    "metadata" : [ ]
  }, {
    "asset" : {
      "assetID" : "180fdcb7942311ecb9e7eeeeac1e43a973eba414"
    },
    "addedDate" : 1645602426119,
    "metadata" : [ ]
  }, {
    "asset" : {
      "assetID" : "4d7e9469942311ec8eb8eeeeac1e2da388b2c826"
    },
    "addedDate" : 1645602426384,
    "metadata" : [ ]
  }, {
    "asset" : {
      "assetID" : "84665e2d942311ecb29ceeeeac1ee20390a0afc0"
    },
    "addedDate" : 1645670479476,
    "metadata" : [ ]
  }, {
    "asset" : {
      "assetID" : "d0a4f998942311ecb9e7eeeeac1e43a928edafad"
    },
    "addedDate" : 1645602425129,
    "metadata" : [ ]
  }, {
    "asset" : {
      "assetID" : "a6190c1d942611ec9bf2eeeeac1e09af63675b80"
    },
    "addedDate" : 1645602424012,
    "metadata" : [ ]
  }, {
    "asset" : {
      "assetID" : "cf642f0e942611ec8df1eeeeac1ed64bff9c5dfc"
    },
    "addedDate" : 1645602424231,
    "metadata" : [ ]
  }, {
    "asset" : {
      "assetID" : "fddfe72e942611ec9bf2eeeeac1e09afd19eeb51"
    },
    "addedDate" : 1645602424277,
    "metadata" : [ ]
  }, {
    "asset" : {
      "assetID" : "2faf5dd2942711eca567eeeeac1ee3b3ef5e2367"
    },
    "addedDate" : 1645670479194,
    "metadata" : [ ]
  }, {
    "asset" : {
      "assetID" : "663c363a942711ec99c6eeeeac1eb0d32bd35c4c"
    },
    "addedDate" : 1645602424614,
    "metadata" : [ ]
  }, {
    "asset" : {
      "assetID" : "9c93a661942711ec90e6eeeeac1ee4eedde64371"
    },
    "addedDate" : 1645602424137,
    "metadata" : [ ]
  }, {
    "asset" : {
      "assetID" : "cb0e52cd942711eca0b8eeeeac1ef0e62b66c900"
    },
    "addedDate" : 1645602426181,
    "metadata" : [ ]
  }, {
    "asset" : {
      "assetID" : "f639cea3942711eca6dfeeeeac1e6f0adfdadbf5"
    },
    "addedDate" : 1645602424942,
    "metadata" : [ ]
  }, {
    "asset" : {
      "assetID" : "22f2e966942811ec9301eeeeac1e4a38ce49dd3f"
    },
    "addedDate" : 1645602424460,
    "metadata" : [ ]
  }, {
    "asset" : {
      "assetID" : "527fc2ea942811ec8eb8eeeeac1e2da3a7870480"
    },
    "addedDate" : 1645602424739,
    "metadata" : [ ]
  }, {
    "asset" : {
      "assetID" : "7ed7fe75942811ec9a66eeeeac1eb82511ceae5d"
    },
    "addedDate" : 1645602425067,
    "metadata" : [ ]
  }, {
    "asset" : {
      "assetID" : "d891f7ce942811ecb29ceeeeac1ee20355ca762c"
    },
    "addedDate" : 1645602425645,
    "metadata" : [ ]
  }, {
    "asset" : {
      "assetID" : "03782cef942911ec8df1eeeeac1ed64be31a6658"
    },
    "addedDate" : 1645602425536,
    "metadata" : [ ]
  }, {
    "asset" : {
      "assetID" : "30f1906f942911ecb29ceeeeac1ee20378bef8bc"
    },
    "addedDate" : 1645602424414,
    "metadata" : [ ]
  }, {
    "asset" : {
      "assetID" : "5d601296942911ec9a66eeeeac1eb825c2133c2c"
    },
    "addedDate" : 1645602425395,
    "metadata" : [ ]
  }, {
    "asset" : {
      "assetID" : "8297d6c4942911eca6dfeeeeac1e6f0a72c4816c"
    },
    "addedDate" : 1645602425583,
    "metadata" : [ ]
  }, {
    "asset" : {
      "assetID" : "acf79767942911ec9a66eeeeac1eb8259c049fed"
    },
    "addedDate" : 1645602426041,
    "metadata" : [ ]
  } ],
  "fileName" : "7f934fed05e276561866b166be3901f5a79fe95b.json",
  "name" : "ASL Primary Songs",
  "english" : true,
  "publicTitle" : "ASL Primary Songs",
  "description" : "Enjoy these videos of children signing in American Sign Language along to songs from the Children's Songbook.",
  "collectionUri" : "asl-primary-songs"
}