{
  "sourceCollectionId" : "c2199b453b7e41a4aeff18aa3446722b",
  "parentCollectionID" : "22e3232e384c8650311b2940336759a89b8d6f8b",
  "parentCollectionPath" : "Mobile Media Library",
  "collectionType" : "collections",
  "path" : "Mobile Media Library/Dutch - Audio",
  "collectionID" : "800078e1c5044bd994237c3dcff28ace",
  "language" : "nld",
  "type" : "DEFAULT",
  "lastUpdatedDate" : "2022-03-28T10:28:32.809-06:00",
  "links" : [ {
    "rel" : "details",
    "href" : "https://titanapi.churchofjesuschrist.org/assetsearch/api/v2/collection/details/collectionID/800078e1c5044bd994237c3dcff28ace"
  } ],
  "coverImages" : [ {
    "asset" : {
      "assetID" : "cff86be91539e8cfcf96d57e80f4427f722dce2c"
    }
  } ],
  "related" : [ ],
  "metadata" : [ {
    "key" : "collectionUri",
    "value" : "audio",
    "language" : "nld"
  }, {
    "key" : "orderIndex",
    "value" : "75"
  } ],
  "children" : [ ],
  "assets" : [ ],
  "fileName" : "800078e1c5044bd994237c3dcff28ace.json",
  "name" : "Dutch - Audio",
  "english" : false,
  "collectionUri" : "audio"
}