{
  "parentCollectionID" : "b91d19b3a88f45129e9ec20d8c175bfa",
  "parentCollectionPath" : "Mobile Media Library/English - Video/Scriptural Reenactments and Teachings/Book of Mormon Videos",
  "collectionType" : "assets",
  "path" : "Mobile Media Library/English - Video/Scriptural Reenactments and Teachings/Book of Mormon Videos/Alma 17–19",
  "collectionID" : "81c1218d11a240af9bcb8641b1cc317e",
  "language" : "eng",
  "type" : "DEFAULT",
  "lastUpdatedDate" : "2023-09-11T17:25:12.619-06:00",
  "links" : [ {
    "rel" : "details",
    "href" : "https://titanapi.churchofjesuschrist.org/assetsearch/api/v2/collection/details/collectionID/81c1218d11a240af9bcb8641b1cc317e"
  } ],
  "coverImages" : [ {
    "asset" : {
      "assetID" : "13b24f5d67f66b75091771f3b7812a08ef51b2d8"
    }
  } ],
  "related" : [ ],
  "metadata" : [ {
    "key" : "orderIndex",
    "value" : "27"
  }, {
    "key" : "channel",
    "value" : "mobile",
    "language" : "eng"
  }, {
    "key" : "collectionUri",
    "value" : "alma-17-19",
    "language" : "eng"
  }, {
    "key" : "publicTitle",
    "value" : "Alma 17–19",
    "language" : "eng"
  } ],
  "children" : [ ],
  "assets" : [ {
    "asset" : {
      "assetID" : "CE9211E4D1F56C682D0B8A221941CDA17411CA24"
    },
    "index" : 0,
    "addedDate" : 1662565787646,
    "metadata" : [ ]
  }, {
    "asset" : {
      "assetID" : "A62B90B2A6CA7D3AC5EBCDD3ED4C29A2AD97F6DF"
    },
    "index" : 6,
    "addedDate" : 1662565787640,
    "metadata" : [ ]
  }, {
    "asset" : {
      "assetID" : "73995D1D0D469913EA55C204C39770D35A7467A0"
    },
    "index" : 5,
    "addedDate" : 1662565787643,
    "metadata" : [ ]
  }, {
    "asset" : {
      "assetID" : "BCEE087D7612295C4793CA31448DFBFB8BD17E5D"
    },
    "index" : 4,
    "addedDate" : 1662565787636,
    "metadata" : [ ]
  }, {
    "asset" : {
      "assetID" : "FAE497465531D0C84CEFB1452563DE96D3FA8C71"
    },
    "index" : 3,
    "addedDate" : 1662565787640,
    "metadata" : [ ]
  }, {
    "asset" : {
      "assetID" : "03488FE203C0D90FA499F62E0339C61CF3A008C8"
    },
    "index" : 2,
    "addedDate" : 1662565787653,
    "metadata" : [ ]
  }, {
    "asset" : {
      "assetID" : "763DC68A9577F44DE70647E1D98CEFAAE4F44993"
    },
    "index" : 1,
    "addedDate" : 1662565787653,
    "metadata" : [ ]
  } ],
  "fileName" : "81c1218d11a240af9bcb8641b1cc317e.json",
  "name" : "Alma 17–19",
  "english" : true,
  "publicTitle" : "Alma 17–19",
  "collectionUri" : "alma-17-19"
}