{
  "parentCollectionID" : "c5cde50556d450cc98d6bd809ff970b5160cb941",
  "parentCollectionPath" : "Mobile Media Library/English - Video/Teaching and Lessons/Seminary and Institute/Online Seminary",
  "collectionType" : "assets",
  "path" : "Mobile Media Library/English - Video/Teaching and Lessons/Seminary and Institute/Online Seminary/Priesthood and Parent Resources",
  "collectionID" : "825682feb2c2b90c8e6f12ff056e7fff635b4bec",
  "language" : "eng",
  "type" : "DEFAULT",
  "lastUpdatedDate" : "2019-10-28T16:40:50.643-06:00",
  "links" : [ {
    "rel" : "details",
    "href" : "https://titanapi.churchofjesuschrist.org/assetsearch/api/v2/collection/details/collectionID/825682feb2c2b90c8e6f12ff056e7fff635b4bec"
  } ],
  "coverImages" : [ {
    "asset" : {
      "assetID" : "337efe7daa0f18e33d7ec29f1f29f618d9985665"
    }
  } ],
  "related" : [ ],
  "metadata" : [ {
    "key" : "collectionUri",
    "value" : "priesthood-and-parent-resources",
    "language" : "eng"
  }, {
    "key" : "publicTitle",
    "value" : "Priesthood and Parent Resources",
    "language" : "eng"
  }, {
    "key" : "orderIndex",
    "value" : "4"
  } ],
  "children" : [ ],
  "assets" : [ {
    "asset" : {
      "assetID" : "2e5206956a33b2d4bb9703e60066a06f02d2393b"
    },
    "addedDate" : 1485444514094,
    "metadata" : [ ]
  }, {
    "asset" : {
      "assetID" : "b7b0b71dce6fc708d4b2b387e45bf680fc4e2c01"
    },
    "addedDate" : 1485444476091,
    "metadata" : [ ]
  }, {
    "asset" : {
      "assetID" : "131a42605e406905bd42a6621a70eaaa96195853"
    },
    "addedDate" : 1485444423069,
    "metadata" : [ ]
  }, {
    "asset" : {
      "assetID" : "ff1afc524b2894e121984c570e1923eaa89288fd"
    },
    "addedDate" : 1485444496011,
    "metadata" : [ ]
  }, {
    "asset" : {
      "assetID" : "c370c48b3f410dbd3f305920a9834ec43d938794"
    },
    "addedDate" : 1485444377080,
    "metadata" : [ ]
  }, {
    "asset" : {
      "assetID" : "2c3bc9027c9f9a6e088be12e9f6e5354252c04b3"
    },
    "addedDate" : 1485444406002,
    "metadata" : [ ]
  }, {
    "asset" : {
      "assetID" : "05c0f3964aa02456809ad6193ca43511ff8ca115"
    },
    "addedDate" : 1485444443023,
    "metadata" : [ ]
  }, {
    "asset" : {
      "assetID" : "6cdf59ff6d2d0266aab159f8b9efef395cfa5c0f"
    },
    "addedDate" : 1485444462090,
    "metadata" : [ ]
  }, {
    "asset" : {
      "assetID" : "91bef291389fba579b80ed19db276efd5511daa8"
    },
    "addedDate" : 1485444490055,
    "metadata" : [ ]
  }, {
    "asset" : {
      "assetID" : "01c45598b8e33043e489f20eb8bbe6c8586c1705"
    },
    "addedDate" : 1485444367001,
    "metadata" : [ ]
  }, {
    "asset" : {
      "assetID" : "0238252be0480ba99d17c234de8f7504e9a6f853"
    },
    "addedDate" : 1485444432020,
    "metadata" : [ ]
  }, {
    "asset" : {
      "assetID" : "0198373d4e5e266d3ffb51a2b8429ef8e1129296"
    },
    "addedDate" : 1485444470015,
    "metadata" : [ ]
  } ],
  "fileName" : "825682feb2c2b90c8e6f12ff056e7fff635b4bec.json",
  "name" : "Priesthood and Parent Resources",
  "english" : true,
  "publicTitle" : "Priesthood and Parent Resources",
  "collectionUri" : "priesthood-and-parent-resources"
}