{
  "parentCollectionID" : "7fcbe5b8b1e61cfa52489f9c6a7f5f5001bc67ad",
  "parentCollectionPath" : "Mobile Media Library/English - Video/Community Outreach",
  "collectionType" : "collections",
  "path" : "Mobile Media Library/English - Video/Community Outreach/Humanitarian Efforts",
  "collectionID" : "82aa484a719f4db2893e75ebefe44d97",
  "language" : "eng",
  "type" : "DEFAULT",
  "lastUpdatedDate" : "2023-03-23T13:51:33.595-06:00",
  "links" : [ {
    "rel" : "details",
    "href" : "https://titanapi.churchofjesuschrist.org/assetsearch/api/v2/collection/details/collectionID/82aa484a719f4db2893e75ebefe44d97"
  } ],
  "coverImages" : [ {
    "asset" : {
      "assetID" : "6e42799d327839237c217dc87ad1cc1b380b0f31"
    }
  } ],
  "related" : [ ],
  "metadata" : [ {
    "key" : "collectionUri",
    "value" : "latter-day-saint-charities",
    "language" : "eng"
  }, {
    "key" : "publicTitle",
    "value" : "Latter-day Saint Charities",
    "language" : "eng"
  }, {
    "key" : "description",
    "value" : "This worldwide organization is revealed in media vignettes covering emergency response, food and clothing distribution, maternal and newborn care, immunization programs, clean water and food production, and more.",
    "language" : "eng"
  } ],
  "children" : [ {
    "path" : "Mobile Media Library/English - Video/Community Outreach/Humanitarian Efforts/Humanitarian Visitor Center Films",
    "collectionID" : "a0f6767a7bae4e53bcf055d3a2cf7a06",
    "type" : "DEFAULT",
    "lastUpdatedDate" : "2019-12-17T18:01:33.699-07:00",
    "links" : [ {
      "rel" : "details",
      "href" : "https://titanapi.churchofjesuschrist.org/assetsearch/api/v2/collection/details/collectionID/a0f6767a7bae4e53bcf055d3a2cf7a06"
    } ],
    "fileName" : "a0f6767a7bae4e53bcf055d3a2cf7a06.json"
  }, {
    "path" : "Mobile Media Library/English - Video/Community Outreach/Humanitarian Efforts/Emergency Response",
    "collectionID" : "eee8e8af3cd84cd399500bc39561d63f",
    "type" : "DEFAULT",
    "lastUpdatedDate" : "2020-03-19T19:19:29.674-06:00",
    "links" : [ {
      "rel" : "details",
      "href" : "https://titanapi.churchofjesuschrist.org/assetsearch/api/v2/collection/details/collectionID/eee8e8af3cd84cd399500bc39561d63f"
    } ],
    "fileName" : "eee8e8af3cd84cd399500bc39561d63f.json"
  }, {
    "path" : "Mobile Media Library/English - Video/Community Outreach/Humanitarian Efforts/Wheelchairs",
    "collectionID" : "4c6e2a9ca22145a6879b778aad687a5d",
    "type" : "DEFAULT",
    "lastUpdatedDate" : "2019-12-17T18:02:21.505-07:00",
    "links" : [ {
      "rel" : "details",
      "href" : "https://titanapi.churchofjesuschrist.org/assetsearch/api/v2/collection/details/collectionID/4c6e2a9ca22145a6879b778aad687a5d"
    } ],
    "fileName" : "4c6e2a9ca22145a6879b778aad687a5d.json"
  }, {
    "path" : "Mobile Media Library/English - Video/Community Outreach/Humanitarian Efforts/Community Projects",
    "collectionID" : "30e9f09d4e77400d939f72e313dc9018",
    "type" : "DEFAULT",
    "lastUpdatedDate" : "2019-12-17T18:02:32.195-07:00",
    "links" : [ {
      "rel" : "details",
      "href" : "https://titanapi.churchofjesuschrist.org/assetsearch/api/v2/collection/details/collectionID/30e9f09d4e77400d939f72e313dc9018"
    } ],
    "fileName" : "30e9f09d4e77400d939f72e313dc9018.json"
  }, {
    "path" : "Mobile Media Library/English - Video/Community Outreach/Humanitarian Efforts/Maternal and Newborn Care",
    "collectionID" : "105e5222e2944a29a18af01824f196e0",
    "type" : "DEFAULT",
    "lastUpdatedDate" : "2020-03-19T19:20:03.603-06:00",
    "links" : [ {
      "rel" : "details",
      "href" : "https://titanapi.churchofjesuschrist.org/assetsearch/api/v2/collection/details/collectionID/105e5222e2944a29a18af01824f196e0"
    } ],
    "fileName" : "105e5222e2944a29a18af01824f196e0.json"
  }, {
    "path" : "Mobile Media Library/English - Video/Community Outreach/Humanitarian Efforts/Clean Water",
    "collectionID" : "8f3b183ae3b6472093f8ce192a21a5d9",
    "type" : "DEFAULT",
    "lastUpdatedDate" : "2020-03-19T19:19:11.623-06:00",
    "links" : [ {
      "rel" : "details",
      "href" : "https://titanapi.churchofjesuschrist.org/assetsearch/api/v2/collection/details/collectionID/8f3b183ae3b6472093f8ce192a21a5d9"
    } ],
    "fileName" : "8f3b183ae3b6472093f8ce192a21a5d9.json"
  }, {
    "path" : "Mobile Media Library/English - Video/Community Outreach/Humanitarian Efforts/Benson Food",
    "collectionID" : "a9bbe2626d4c438f9c551d04335a2b86",
    "type" : "DEFAULT",
    "lastUpdatedDate" : "2020-03-19T19:18:57.496-06:00",
    "links" : [ {
      "rel" : "details",
      "href" : "https://titanapi.churchofjesuschrist.org/assetsearch/api/v2/collection/details/collectionID/a9bbe2626d4c438f9c551d04335a2b86"
    } ],
    "fileName" : "a9bbe2626d4c438f9c551d04335a2b86.json"
  }, {
    "path" : "Mobile Media Library/English - Video/Community Outreach/Humanitarian Efforts/Vision",
    "collectionID" : "68c68e92a5f04a19894693dfac9935fa",
    "type" : "DEFAULT",
    "lastUpdatedDate" : "2019-12-17T18:03:33.363-07:00",
    "links" : [ {
      "rel" : "details",
      "href" : "https://titanapi.churchofjesuschrist.org/assetsearch/api/v2/collection/details/collectionID/68c68e92a5f04a19894693dfac9935fa"
    } ],
    "fileName" : "68c68e92a5f04a19894693dfac9935fa.json"
  }, {
    "path" : "Mobile Media Library/English - Video/Community Outreach/Humanitarian Efforts/Give Back Series - Humanitarian Projects",
    "collectionID" : "4543eff02dfb4a2cbf3ab77551391f6c",
    "type" : "DEFAULT",
    "lastUpdatedDate" : "2023-03-23T14:20:03.665-06:00",
    "links" : [ {
      "rel" : "details",
      "href" : "https://titanapi.churchofjesuschrist.org/assetsearch/api/v2/collection/details/collectionID/4543eff02dfb4a2cbf3ab77551391f6c"
    } ],
    "fileName" : "4543eff02dfb4a2cbf3ab77551391f6c.json"
  }, {
    "path" : "Mobile Media Library/English - Video/Community Outreach/Humanitarian Efforts/Fostering Global Relationships",
    "collectionID" : "eaa6922ec0a54a1fbae215a46d664ef7",
    "type" : "DEFAULT",
    "lastUpdatedDate" : "2023-03-23T14:20:44.700-06:00",
    "links" : [ {
      "rel" : "details",
      "href" : "https://titanapi.churchofjesuschrist.org/assetsearch/api/v2/collection/details/collectionID/eaa6922ec0a54a1fbae215a46d664ef7"
    } ],
    "fileName" : "eaa6922ec0a54a1fbae215a46d664ef7.json"
  }, {
    "path" : "Mobile Media Library/English - Video/Community Outreach/Humanitarian Efforts/Immunizations",
    "collectionID" : "9cbaff34e1734d459bb199dee107e4d0",
    "type" : "DEFAULT",
    "lastUpdatedDate" : "2019-12-17T18:04:14.836-07:00",
    "links" : [ {
      "rel" : "details",
      "href" : "https://titanapi.churchofjesuschrist.org/assetsearch/api/v2/collection/details/collectionID/9cbaff34e1734d459bb199dee107e4d0"
    } ],
    "fileName" : "9cbaff34e1734d459bb199dee107e4d0.json"
  }, {
    "path" : "Mobile Media Library/English - Video/Community Outreach/Humanitarian Efforts/Behind the Scenes - The Church's Humanitarian Efforts",
    "collectionID" : "ec790f0952c24ac9bfbc242f913f0c37",
    "type" : "DEFAULT",
    "lastUpdatedDate" : "2023-03-23T14:16:58.389-06:00",
    "links" : [ {
      "rel" : "details",
      "href" : "https://titanapi.churchofjesuschrist.org/assetsearch/api/v2/collection/details/collectionID/ec790f0952c24ac9bfbc242f913f0c37"
    } ],
    "fileName" : "ec790f0952c24ac9bfbc242f913f0c37.json"
  }, {
    "path" : "Mobile Media Library/English - Video/Community Outreach/Humanitarian Efforts/You Can Do Something",
    "collectionID" : "90d3019e67f846bc861d546057124570",
    "type" : "DEFAULT",
    "lastUpdatedDate" : "2020-03-19T19:20:35.206-06:00",
    "links" : [ {
      "rel" : "details",
      "href" : "https://titanapi.churchofjesuschrist.org/assetsearch/api/v2/collection/details/collectionID/90d3019e67f846bc861d546057124570"
    } ],
    "fileName" : "90d3019e67f846bc861d546057124570.json"
  } ],
  "assets" : [ ],
  "fileName" : "82aa484a719f4db2893e75ebefe44d97.json",
  "name" : "Humanitarian Efforts",
  "english" : true,
  "publicTitle" : "Latter-day Saint Charities",
  "description" : "This worldwide organization is revealed in media vignettes covering emergency response, food and clothing distribution, maternal and newborn care, immunization programs, clean water and food production, and more.",
  "collectionUri" : "latter-day-saint-charities"
}