{
  "sourceCollectionId" : "38b9e81d44343bf4204296241568235d6e8e77c6",
  "parentCollectionID" : "22e3232e384c8650311b2940336759a89b8d6f8b",
  "parentCollectionPath" : "Mobile Media Library",
  "collectionType" : "collections",
  "path" : "Mobile Media Library/Tongan - Featured",
  "collectionID" : "82f6c659169048f4afa5a3a28664237b",
  "language" : "ton",
  "type" : "DEFAULT",
  "lastUpdatedDate" : "2024-03-15T11:51:06.670-06:00",
  "links" : [ {
    "rel" : "details",
    "href" : "https://titanapi.churchofjesuschrist.org/assetsearch/api/v2/collection/details/collectionID/82f6c659169048f4afa5a3a28664237b"
  } ],
  "coverImages" : [ {
    "asset" : {
      "assetID" : "5c5b75ddcf2269030e0462f3d042f36cce3d87c7"
    }
  } ],
  "related" : [ ],
  "metadata" : [ {
    "key" : "orderIndex",
    "value" : "106"
  }, {
    "key" : "collectionUri",
    "value" : "featured",
    "language" : "ton"
  }, {
    "key" : "publicTitle",
    "value" : "ʻOku ʻOatu",
    "language" : "ton"
  } ],
  "children" : [ {
    "path" : "Mobile Media Library/Tongan - Featured/Recent Inspirational Messages",
    "collectionID" : "b76dae8423874d219bbb06953ff2cc72",
    "type" : "DEFAULT",
    "lastUpdatedDate" : "2023-06-21T13:13:14.626-06:00",
    "links" : [ {
      "rel" : "details",
      "href" : "https://titanapi.churchofjesuschrist.org/assetsearch/api/v2/collection/details/collectionID/b76dae8423874d219bbb06953ff2cc72"
    } ],
    "fileName" : "b76dae8423874d219bbb06953ff2cc72.json"
  }, {
    "path" : "Mobile Media Library/Tongan - Featured/Just Added",
    "collectionID" : "ba2880bf86034aff842ca027c546e6da",
    "type" : "DEFAULT",
    "lastUpdatedDate" : "2023-06-24T17:25:11.823-06:00",
    "links" : [ {
      "rel" : "details",
      "href" : "https://titanapi.churchofjesuschrist.org/assetsearch/api/v2/collection/details/collectionID/ba2880bf86034aff842ca027c546e6da"
    } ],
    "fileName" : "ba2880bf86034aff842ca027c546e6da.json"
  }, {
    "path" : "Mobile Media Library/Tongan - Featured/General Conference Feature",
    "collectionID" : "def3eec6efcd4962b5620780896631e9",
    "type" : "DEFAULT",
    "lastUpdatedDate" : "2024-10-28T14:45:28.361-06:00",
    "links" : [ {
      "rel" : "details",
      "href" : "https://titanapi.churchofjesuschrist.org/assetsearch/api/v2/collection/details/collectionID/def3eec6efcd4962b5620780896631e9"
    } ],
    "fileName" : "def3eec6efcd4962b5620780896631e9.json"
  } ],
  "assets" : [ ],
  "fileName" : "82f6c659169048f4afa5a3a28664237b.json",
  "name" : "Tongan - Featured",
  "english" : false,
  "publicTitle" : "ʻOku ʻOatu",
  "collectionUri" : "featured"
}