{
  "sourceCollectionId" : "c2199b453b7e41a4aeff18aa3446722b",
  "parentCollectionID" : "22e3232e384c8650311b2940336759a89b8d6f8b",
  "parentCollectionPath" : "Mobile Media Library",
  "collectionType" : "collections",
  "path" : "Mobile Media Library/Samoan - Audio",
  "collectionID" : "852f8cf5a197457b8e8e93f50d8a7a78",
  "language" : "smo",
  "type" : "DEFAULT",
  "lastUpdatedDate" : "2022-03-28T10:33:38.569-06:00",
  "links" : [ {
    "rel" : "details",
    "href" : "https://titanapi.churchofjesuschrist.org/assetsearch/api/v2/collection/details/collectionID/852f8cf5a197457b8e8e93f50d8a7a78"
  } ],
  "coverImages" : [ {
    "asset" : {
      "assetID" : "cff86be91539e8cfcf96d57e80f4427f722dce2c"
    }
  } ],
  "related" : [ ],
  "metadata" : [ {
    "key" : "collectionUri",
    "value" : "audio",
    "language" : "smo"
  }, {
    "key" : "orderIndex",
    "value" : "95"
  } ],
  "children" : [ ],
  "assets" : [ ],
  "fileName" : "852f8cf5a197457b8e8e93f50d8a7a78.json",
  "name" : "Samoan - Audio",
  "english" : false,
  "collectionUri" : "audio"
}