{
  "parentCollectionID" : "a341dd20a0a648239e545d7a84dbe3e5",
  "parentCollectionPath" : "Mobile Media Library/English - Video/Life Help",
  "collectionType" : "assets",
  "path" : "Mobile Media Library/English - Video/Life Help/Suicide",
  "collectionID" : "85643048be7e44328f5c1aa298edd94e",
  "language" : "eng",
  "type" : "DEFAULT",
  "lastUpdatedDate" : "2023-03-20T10:13:26.981-06:00",
  "links" : [ {
    "rel" : "details",
    "href" : "https://titanapi.churchofjesuschrist.org/assetsearch/api/v2/collection/details/collectionID/85643048be7e44328f5c1aa298edd94e"
  } ],
  "coverImages" : [ {
    "asset" : {
      "assetID" : "b61fbada9fc33b73f5f3f6dc1302c65110c577f1"
    }
  } ],
  "related" : [ ],
  "metadata" : [ {
    "key" : "collectionUri",
    "value" : "suicide-life-help",
    "language" : "eng"
  }, {
    "key" : "publicTitle",
    "value" : "Suicide",
    "language" : "eng"
  }, {
    "key" : "orderIndex",
    "value" : "12"
  } ],
  "children" : [ ],
  "assets" : [ {
    "asset" : {
      "assetID" : "05345587e1c6185c2d3685f3dc0499bae5658ccb"
    },
    "index" : 37,
    "addedDate" : 1596594506748,
    "metadata" : [ ]
  }, {
    "asset" : {
      "assetID" : "0e4d4cca29a3116da7435ab62f4d7c429a55e30b"
    },
    "index" : 29,
    "addedDate" : 1596594199011,
    "metadata" : [ ]
  }, {
    "asset" : {
      "assetID" : "15ea4770c703affc5bf741b3443b106b0ceabc84"
    },
    "index" : 25,
    "addedDate" : 1596594048693,
    "metadata" : [ ]
  }, {
    "asset" : {
      "assetID" : "1dc455e719d83c7c323287658a3a73b0f78eef2f"
    },
    "index" : 1,
    "addedDate" : 1596581873575,
    "metadata" : [ ]
  }, {
    "asset" : {
      "assetID" : "1f239a7ee2f534fe8334b24c1e9647104d23d713"
    },
    "index" : 9,
    "addedDate" : 1596582070276,
    "metadata" : [ ]
  }, {
    "asset" : {
      "assetID" : "9e75dedd3a169541eedc373ea8406a8ae758aa9d"
    },
    "index" : 17,
    "addedDate" : 1596591033547,
    "metadata" : [ ]
  }, {
    "asset" : {
      "assetID" : "c1ba04c685315eb273776b0994eb31797c938fda"
    },
    "index" : 28,
    "addedDate" : 1596594183042,
    "metadata" : [ ]
  }, {
    "asset" : {
      "assetID" : "413a00c3ef61751d318f3cd318df72f50bf86a40"
    },
    "index" : 33,
    "addedDate" : 1596594423113,
    "metadata" : [ ]
  }, {
    "asset" : {
      "assetID" : "442e82452dcb740254fd568e647149de0e680289"
    },
    "index" : 39,
    "addedDate" : 1596594542372,
    "metadata" : [ ]
  }, {
    "asset" : {
      "assetID" : "50ab2e6f96f3d20a803afd396db373c3e51ba0ca"
    },
    "index" : 2,
    "addedDate" : 1596581946980,
    "metadata" : [ ]
  }, {
    "asset" : {
      "assetID" : "4e4409c60d0a7200c3c5f3c8ec907c02f654d547"
    },
    "index" : 43,
    "addedDate" : 1596594716954,
    "metadata" : [ ]
  }, {
    "asset" : {
      "assetID" : "5b01886f05fb8d85a60c981dd374589044d59604"
    },
    "index" : 30,
    "addedDate" : 1596594217134,
    "metadata" : [ ]
  }, {
    "asset" : {
      "assetID" : "5c8a22fa99b966c036eacd5b2386d18354916cec"
    },
    "index" : 10,
    "addedDate" : 1596582089647,
    "metadata" : [ ]
  }, {
    "asset" : {
      "assetID" : "632f0ec104a122f07e8f443b8d2efde8aafd1d04"
    },
    "index" : 35,
    "addedDate" : 1596594456396,
    "metadata" : [ ]
  }, {
    "asset" : {
      "assetID" : "67ab7d62b81196573e15d42a7879bf01cb626104"
    },
    "index" : 24,
    "addedDate" : 1596594013661,
    "metadata" : [ ]
  }, {
    "asset" : {
      "assetID" : "f4ea9846e2e1816655dbae7218e5c537f87696be"
    },
    "index" : 18,
    "addedDate" : 1596591054696,
    "metadata" : [ ]
  }, {
    "asset" : {
      "assetID" : "270d803f73fcc603a9fe752068d02d265e2caa17"
    },
    "index" : 42,
    "addedDate" : 1596594630053,
    "metadata" : [ ]
  }, {
    "asset" : {
      "assetID" : "e2016f71a9bcab907e216a612cc803ea5b653eaf"
    },
    "index" : 16,
    "addedDate" : 1596590970703,
    "metadata" : [ ]
  }, {
    "asset" : {
      "assetID" : "84c700187a7927adbe9f5f00966fb2e996a1a3da"
    },
    "index" : 34,
    "addedDate" : 1596594440579,
    "metadata" : [ ]
  }, {
    "asset" : {
      "assetID" : "9054efa35fcfd0d0e2a943a3fc14bc0820e68142"
    },
    "index" : 38,
    "addedDate" : 1596594524669,
    "metadata" : [ ]
  }, {
    "asset" : {
      "assetID" : "f73b8136752e12902983106d8484b10a287e5de9"
    },
    "index" : 44,
    "addedDate" : 1596594739965,
    "metadata" : [ ]
  }, {
    "asset" : {
      "assetID" : "954f014a826f2dce1715819acc150fd3275e2f28"
    },
    "index" : 41,
    "addedDate" : 1596594607445,
    "metadata" : [ ]
  }, {
    "asset" : {
      "assetID" : "95764a7a3530d101c72ea46abce8fcdcdf228c2d"
    },
    "index" : 32,
    "addedDate" : 1596594386960,
    "metadata" : [ ]
  }, {
    "asset" : {
      "assetID" : "af9d5871ca335cfcfa4b6633fd44993b48228318"
    },
    "index" : 36,
    "addedDate" : 1596594480539,
    "metadata" : [ ]
  }, {
    "asset" : {
      "assetID" : "29cdd49ec94effbfcd625b7c551b1274f6e09ed7"
    },
    "index" : 20,
    "addedDate" : 1596593918870,
    "metadata" : [ ]
  }, {
    "asset" : {
      "assetID" : "f79cae7df4ba917b010c352394207d4c26e191c6"
    },
    "index" : 7,
    "addedDate" : 1596582032428,
    "metadata" : [ ]
  }, {
    "asset" : {
      "assetID" : "e6e0174bb95c5f68b7c580e65562f3cb4b3678f8"
    },
    "index" : 13,
    "addedDate" : 1596582772904,
    "metadata" : [ ]
  }, {
    "asset" : {
      "assetID" : "b70f63bca3f6f4970ace42d4a69fb18acc68480c"
    },
    "index" : 23,
    "addedDate" : 1596593998134,
    "metadata" : [ ]
  }, {
    "asset" : {
      "assetID" : "0e59b2844c7b4ec146407501759478fbb10a259d"
    },
    "index" : 8,
    "addedDate" : 1596582050573,
    "metadata" : [ ]
  }, {
    "asset" : {
      "assetID" : "f99b3c8dc259ce3ed91818fdf626467338201e19"
    },
    "index" : 22,
    "addedDate" : 1596593959752,
    "metadata" : [ ]
  }, {
    "asset" : {
      "assetID" : "815a0b56ff78688c94e27633d1e6f39bd11bdfe5"
    },
    "index" : 14,
    "addedDate" : 1596582795380,
    "metadata" : [ ]
  }, {
    "asset" : {
      "assetID" : "49a597fccd38ba0c8d960e4b89cc0f4db431865d"
    },
    "index" : 6,
    "addedDate" : 1596582016682,
    "metadata" : [ ]
  }, {
    "asset" : {
      "assetID" : "2dc02c16fa8d0806264038efb3c1ebc5396a102c"
    },
    "index" : 21,
    "addedDate" : 1596593937434,
    "metadata" : [ ]
  }, {
    "asset" : {
      "assetID" : "c882c4a362d5881f4c92962b9c404d4ec46b6756"
    },
    "index" : 40,
    "addedDate" : 1596594588186,
    "metadata" : [ ]
  }, {
    "asset" : {
      "assetID" : "f24869f171d2dfe19251e0e62162be5669b7a373"
    },
    "index" : 26,
    "addedDate" : 1596594079438,
    "metadata" : [ ]
  }, {
    "asset" : {
      "assetID" : "27e17f69bbded90d6613d0def18ece9e820d467c"
    },
    "index" : 27,
    "addedDate" : 1596594141433,
    "metadata" : [ ]
  }, {
    "asset" : {
      "assetID" : "2a4ab6f8bd2a0751dd58806fe37276c41c0faff8"
    },
    "index" : 12,
    "addedDate" : 1596582738027,
    "metadata" : [ ]
  }, {
    "asset" : {
      "assetID" : "ecdef20789756010a7233e43b5534d974e527ca9"
    },
    "index" : 15,
    "addedDate" : 1596590743395,
    "metadata" : [ ]
  }, {
    "asset" : {
      "assetID" : "99bd26144e0a407c77be18d175458c3c0cef279c"
    },
    "index" : 4,
    "addedDate" : 1596581987339,
    "metadata" : [ ]
  }, {
    "asset" : {
      "assetID" : "a8e7b2ec19a660c7c3fd6e9dfab3c4ff72e15cc7"
    },
    "index" : 5,
    "addedDate" : 1596582001853,
    "metadata" : [ ]
  }, {
    "asset" : {
      "assetID" : "ac5bdca2112fbebc0681735d0135ebcb89b93781"
    },
    "index" : 31,
    "addedDate" : 1596594237449,
    "metadata" : [ ]
  }, {
    "asset" : {
      "assetID" : "5bc76c0c4d3065b5e63248b2e70413388101763c"
    },
    "index" : 19,
    "addedDate" : 1596593897965,
    "metadata" : [ ]
  }, {
    "asset" : {
      "assetID" : "f5010f1089973e38ffbe584d085ba8fcd8a64048"
    },
    "index" : 11,
    "addedDate" : 1596582109398,
    "metadata" : [ ]
  }, {
    "asset" : {
      "assetID" : "255015c3d0b62b693e53bd32aa149eda87806489"
    },
    "index" : 3,
    "addedDate" : 1596581969619,
    "metadata" : [ ]
  }, {
    "asset" : {
      "assetID" : "820990a2b6ee11ed99aeeeeeac1ec890021337e9"
    },
    "index" : 0,
    "addedDate" : 1679328711505,
    "metadata" : [ ]
  } ],
  "fileName" : "85643048be7e44328f5c1aa298edd94e.json",
  "name" : "Suicide",
  "english" : true,
  "publicTitle" : "Suicide",
  "collectionUri" : "suicide-life-help"
}