{
  "parentCollectionID" : "d5e8644312c74774b43cca21ad6ca6a0",
  "parentCollectionPath" : "Mobile Media Library/English - Video/People/Latter-day Apostles",
  "collectionType" : "assets",
  "path" : "Mobile Media Library/English - Video/People/Latter-day Apostles/James E. Faust",
  "collectionID" : "8668f71c6bf630b0312dcb69635d3997e9de09b4",
  "language" : "eng",
  "type" : "DEFAULT",
  "lastUpdatedDate" : "2019-10-28T16:40:50.643-06:00",
  "links" : [ {
    "rel" : "details",
    "href" : "https://titanapi.churchofjesuschrist.org/assetsearch/api/v2/collection/details/collectionID/8668f71c6bf630b0312dcb69635d3997e9de09b4"
  } ],
  "coverImages" : [ {
    "asset" : {
      "assetID" : "35b624dc2f92c00a719db96963449c4ed734448d"
    }
  } ],
  "related" : [ ],
  "metadata" : [ {
    "key" : "collectionUri",
    "value" : "james-e-faust-video-collection",
    "language" : "eng"
  }, {
    "key" : "publicTitle",
    "value" : "James E. Faust",
    "language" : "eng"
  }, {
    "key" : "orderIndex",
    "value" : "12"
  } ],
  "children" : [ ],
  "assets" : [ {
    "asset" : {
      "assetID" : "016a126c9638e8e23c5dd1f8221f40847d831ea6"
    },
    "addedDate" : 1540473913253,
    "metadata" : [ ]
  }, {
    "asset" : {
      "assetID" : "0617c4bf5776972deabac60c64ecdbe0193688ad"
    },
    "addedDate" : 1540473969955,
    "metadata" : [ ]
  }, {
    "asset" : {
      "assetID" : "14ad7eb1cf03b7b1bdeff91451bbf3d1bc9a8ce1"
    },
    "addedDate" : 1540474027268,
    "metadata" : [ ]
  }, {
    "asset" : {
      "assetID" : "1dc455e719d83c7c323287658a3a73b0f78eef2f"
    },
    "addedDate" : 1540473886730,
    "metadata" : [ ]
  }, {
    "asset" : {
      "assetID" : "28ca537e6474b97afd9d6e404737083f26bce4d6"
    },
    "addedDate" : 1540474012237,
    "metadata" : [ ]
  }, {
    "asset" : {
      "assetID" : "2acf1a6e407fb71657f09f8eab93f2e7ef5e5fbb"
    },
    "addedDate" : 1540473948048,
    "metadata" : [ ]
  }, {
    "asset" : {
      "assetID" : "290eed723aaa61741f063e666da7d6cd05dae3ca"
    },
    "addedDate" : 1540473804722,
    "metadata" : [ ]
  }, {
    "asset" : {
      "assetID" : "63920e65c939a581ab2e6c8c0f8d795f86c20a5e"
    },
    "addedDate" : 1540473836338,
    "metadata" : [ ]
  }, {
    "asset" : {
      "assetID" : "82c8ec075be6ac659074010e92646399e72c1130"
    },
    "addedDate" : 1540473820513,
    "metadata" : [ ]
  }, {
    "asset" : {
      "assetID" : "a37467df99cad66ffde9e081aa246001129c8462"
    },
    "addedDate" : 1540473851478,
    "metadata" : [ ]
  }, {
    "asset" : {
      "assetID" : "ae8eacba45a625b4576f5c5a75803c7fff12fcef"
    },
    "addedDate" : 1540473785598,
    "metadata" : [ ]
  }, {
    "asset" : {
      "assetID" : "bc5580ab553e90e535be63a8de7300a10047b47b"
    },
    "addedDate" : 1540473868877,
    "metadata" : [ ]
  }, {
    "asset" : {
      "assetID" : "bf1855169974bff8fa821c425fc5074eecf58a02"
    },
    "addedDate" : 1540473931203,
    "metadata" : [ ]
  }, {
    "asset" : {
      "assetID" : "f644a0bf1e01a4db7a58f63ee3b510bdf8414e08"
    },
    "addedDate" : 1540473771421,
    "metadata" : [ ]
  }, {
    "asset" : {
      "assetID" : "49dc881ea0f94ea2d9810eb16eaa9ec5516e1898"
    },
    "addedDate" : 1592433100152,
    "metadata" : [ ]
  } ],
  "fileName" : "8668f71c6bf630b0312dcb69635d3997e9de09b4.json",
  "name" : "James E. Faust",
  "english" : true,
  "publicTitle" : "James E. Faust",
  "collectionUri" : "james-e-faust-video-collection"
}