{
  "parentCollectionID" : "d5e8644312c74774b43cca21ad6ca6a0",
  "parentCollectionPath" : "Mobile Media Library/English - Video/People/Latter-day Apostles",
  "collectionType" : "assets",
  "path" : "Mobile Media Library/English - Video/People/Latter-day Apostles/Marvin J. Ashton",
  "collectionID" : "86dff0cf2e416b1a34ddedf9b0924d508bb160e4",
  "language" : "eng",
  "type" : "DEFAULT",
  "lastUpdatedDate" : "2019-10-28T16:40:50.643-06:00",
  "links" : [ {
    "rel" : "details",
    "href" : "https://titanapi.churchofjesuschrist.org/assetsearch/api/v2/collection/details/collectionID/86dff0cf2e416b1a34ddedf9b0924d508bb160e4"
  } ],
  "coverImages" : [ {
    "asset" : {
      "assetID" : "da37be5bf5e6d5d35eb77f9ac69f2e7e00c95547"
    }
  } ],
  "related" : [ ],
  "metadata" : [ {
    "key" : "collectionUri",
    "value" : "marvin-j-ashton-video-collection",
    "language" : "eng"
  }, {
    "key" : "publicTitle",
    "value" : "Marvin J. Ashton",
    "language" : "eng"
  }, {
    "key" : "orderIndex",
    "value" : "18"
  } ],
  "children" : [ ],
  "assets" : [ {
    "asset" : {
      "assetID" : "40a2f31bde37cfeded95f6c0e788cac4d4f9f250"
    },
    "addedDate" : 1540324390035,
    "metadata" : [ ]
  }, {
    "asset" : {
      "assetID" : "98b7345391f7cb9e135174458e91a02055390471"
    },
    "addedDate" : 1540324420152,
    "metadata" : [ ]
  }, {
    "asset" : {
      "assetID" : "a9ad5b1b809f90c3d341cd047713d458115687e7"
    },
    "addedDate" : 1540324406000,
    "metadata" : [ ]
  }, {
    "asset" : {
      "assetID" : "ca743904255e40304c12372d14b6da5e4c499027"
    },
    "addedDate" : 1540324437153,
    "metadata" : [ ]
  } ],
  "fileName" : "86dff0cf2e416b1a34ddedf9b0924d508bb160e4.json",
  "name" : "Marvin J. Ashton",
  "english" : true,
  "publicTitle" : "Marvin J. Ashton",
  "collectionUri" : "marvin-j-ashton-video-collection"
}