{
  "parentCollectionID" : "e60f922e58584686ad44d42a17a6dd66",
  "parentCollectionPath" : "Mobile Media Library/English - Video/People/Latter-day General Authorities and Officers",
  "collectionType" : "assets",
  "path" : "Mobile Media Library/English - Video/People/Latter-day General Authorities and Officers/W. Rolfe Kerr",
  "collectionID" : "86ecff8e8501c6f76f55e146eb56b0edca086758",
  "language" : "eng",
  "type" : "DEFAULT",
  "lastUpdatedDate" : "2019-10-28T16:40:50.643-06:00",
  "links" : [ {
    "rel" : "details",
    "href" : "https://titanapi.churchofjesuschrist.org/assetsearch/api/v2/collection/details/collectionID/86ecff8e8501c6f76f55e146eb56b0edca086758"
  } ],
  "coverImages" : [ {
    "asset" : {
      "assetID" : "dfb0fe1c71a44c696217730b7d79efbdce8a64e1"
    }
  } ],
  "related" : [ ],
  "metadata" : [ {
    "key" : "collectionUri",
    "value" : "w-rolfe-kerr",
    "language" : "eng"
  }, {
    "key" : "publicTitle",
    "value" : "W. Rolfe Kerr",
    "language" : "eng"
  } ],
  "children" : [ ],
  "assets" : [ {
    "asset" : {
      "assetID" : "b32350b339ac83647568a5004bb229da256f0b49"
    },
    "addedDate" : 1592433099557,
    "metadata" : [ ]
  } ],
  "fileName" : "86ecff8e8501c6f76f55e146eb56b0edca086758.json",
  "name" : "W. Rolfe Kerr",
  "english" : true,
  "publicTitle" : "W. Rolfe Kerr",
  "collectionUri" : "w-rolfe-kerr"
}