{
  "parentCollectionID" : "41e345722a1b0d6491203b5df044f34552d780a9",
  "parentCollectionPath" : "Mobile Media Library/English - Video/Family History/(Unpublished) Getting Started",
  "collectionType" : "assets",
  "path" : "Mobile Media Library/English - Video/Family History/(Unpublished) Getting Started/(Unpublished) Inspirational Videos about Family history",
  "collectionID" : "87be7eaf4ea492a0120032527f51b7f2184ed9bc",
  "language" : "eng",
  "type" : "DEFAULT",
  "lastUpdatedDate" : "2019-10-28T16:40:50.643-06:00",
  "links" : [ {
    "rel" : "details",
    "href" : "https://titanapi.churchofjesuschrist.org/assetsearch/api/v2/collection/details/collectionID/87be7eaf4ea492a0120032527f51b7f2184ed9bc"
  } ],
  "coverImages" : [ {
    "asset" : {
      "assetID" : "fa586a6f678937ca07d32b10c3592eb4b4794154"
    }
  } ],
  "related" : [ ],
  "metadata" : [ {
    "key" : "collectionUri",
    "value" : "inspirational-videos-about-family-history",
    "language" : "eng"
  } ],
  "children" : [ ],
  "assets" : [ {
    "asset" : {
      "assetID" : "d7564aab6601e5210c86e84b4b99c94bb7b4a323"
    },
    "addedDate" : 1517520040023,
    "metadata" : [ ]
  }, {
    "asset" : {
      "assetID" : "9b9a910a8384e44782b7bf8e08c3cefd02692ca2"
    },
    "addedDate" : 1632956861432,
    "metadata" : [ ]
  } ],
  "fileName" : "87be7eaf4ea492a0120032527f51b7f2184ed9bc.json",
  "name" : "(Unpublished) Inspirational Videos about Family history",
  "english" : true,
  "collectionUri" : "inspirational-videos-about-family-history"
}