{
  "parentCollectionID" : "f7129f67d14d2d334ff5fe0c9ee0674b272a1e3e",
  "parentCollectionPath" : "Mobile Media Library/English - Video/Church History",
  "collectionType" : "assets",
  "path" : "Mobile Media Library/English - Video/Church History/Historic Sites Virtual Tours",
  "collectionID" : "885c9f79dbab4851ac810ae9dc275287",
  "language" : "eng",
  "type" : "DEFAULT",
  "lastUpdatedDate" : "2022-02-10T09:48:14.468-07:00",
  "links" : [ {
    "rel" : "details",
    "href" : "https://titanapi.churchofjesuschrist.org/assetsearch/api/v2/collection/details/collectionID/885c9f79dbab4851ac810ae9dc275287"
  } ],
  "coverImages" : [ {
    "asset" : {
      "assetID" : "dbf16c8b1bf211ec8887eeeeac1e5b9a75ef7663"
    }
  } ],
  "related" : [ ],
  "metadata" : [ {
    "key" : "orderIndex",
    "value" : "3"
  }, {
    "key" : "collectionUri",
    "value" : "historic-sites-virtual-tours",
    "language" : "eng"
  }, {
    "key" : "publicTitle",
    "value" : "Historic Sites Virtual Tours",
    "language" : "eng"
  } ],
  "children" : [ ],
  "assets" : [ {
    "asset" : {
      "assetID" : "af042455ac400dee4fe7834e8a6fa3887454cf56"
    },
    "index" : 14,
    "addedDate" : 1730945748893,
    "metadata" : [ ]
  }, {
    "asset" : {
      "assetID" : "ba1d37e0ffaa11ebba6ceeeeac1e0e9adbdfd975"
    },
    "index" : 8,
    "addedDate" : 1631208673848,
    "metadata" : [ ]
  }, {
    "asset" : {
      "assetID" : "bdbb945dffaa11eb80e5eeeeac1e3718d3df7a35"
    },
    "index" : 7,
    "addedDate" : 1631208714298,
    "metadata" : [ ]
  }, {
    "asset" : {
      "assetID" : "c2bfe97affaa11eb99c6eeeeac1e03b24906591e"
    },
    "index" : 9,
    "addedDate" : 1631208761013,
    "metadata" : [ ]
  }, {
    "asset" : {
      "assetID" : "e3f3e21c7b1a11ec82d6eeeeac1e33e8150d8723"
    },
    "index" : 1,
    "addedDate" : 1644511556069,
    "metadata" : [ ]
  }, {
    "asset" : {
      "assetID" : "eac41d797b1a11eca9f8eeeeac1e3637b24f3351"
    },
    "index" : 2,
    "addedDate" : 1644511568389,
    "metadata" : [ ]
  }, {
    "asset" : {
      "assetID" : "f256225f7b1a11ec855feeeeac1e1786758990bb"
    },
    "index" : 6,
    "addedDate" : 1644511614005,
    "metadata" : [ ]
  }, {
    "asset" : {
      "assetID" : "ebb684d07d4711ec8291eeeeac1e97e996b8bf7e"
    },
    "index" : 0,
    "addedDate" : 1644511542346,
    "metadata" : [ ]
  }, {
    "asset" : {
      "assetID" : "f9a9887f7d4711ec9409eeeeac1e095467795c02"
    },
    "index" : 4,
    "addedDate" : 1644511629915,
    "metadata" : [ ]
  }, {
    "asset" : {
      "assetID" : "fe4d1ff47d4711eca746eeeeac1e4d78ec8f01f5"
    },
    "index" : 3,
    "addedDate" : 1644511583103,
    "metadata" : [ ]
  }, {
    "asset" : {
      "assetID" : "0894cee57d4811ec85e7eeeeac1eb2ee5557db33"
    },
    "index" : 5,
    "addedDate" : 1644511597127,
    "metadata" : [ ]
  }, {
    "asset" : {
      "assetID" : "a416ac9a895c11eebc70eeeeac1e0f78a5bc3a8f"
    },
    "index" : 10,
    "addedDate" : 1721335865249,
    "metadata" : [ ]
  }, {
    "asset" : {
      "assetID" : "a354e33b895c11eeaca5eeeeac1e2fe2bbbf7e3b"
    },
    "index" : 12,
    "addedDate" : 1721336295406,
    "metadata" : [ ]
  }, {
    "asset" : {
      "assetID" : "f651b320895c11eebea0eeeeac1e9758d9d7745a"
    },
    "index" : 13,
    "addedDate" : 1721336321582,
    "metadata" : [ ]
  }, {
    "asset" : {
      "assetID" : "f8a58e2e895c11ee9cd1eeeeac1e44a075c93522"
    },
    "index" : 11,
    "addedDate" : 1721336171473,
    "metadata" : [ ]
  } ],
  "fileName" : "885c9f79dbab4851ac810ae9dc275287.json",
  "name" : "Historic Sites Virtual Tours",
  "english" : true,
  "publicTitle" : "Historic Sites Virtual Tours",
  "collectionUri" : "historic-sites-virtual-tours"
}