{
  "parentCollectionID" : "5df2d559e9a0ec162b1989775b3ce92541617b1d",
  "parentCollectionPath" : "Mobile Media Library/English - Video/Teaching and Lessons/Seminary and Institute/Online Seminary/New Testament Online Seminary Reference",
  "collectionType" : "assets",
  "path" : "Mobile Media Library/English - Video/Teaching and Lessons/Seminary and Institute/Online Seminary/New Testament Online Seminary Reference/New Testament Online Seminary Reference Lessons 1-40",
  "collectionID" : "88645e6c2eea3b53fbc2f387cc37a3ac272de066",
  "language" : "eng",
  "type" : "DEFAULT",
  "lastUpdatedDate" : "2019-10-28T16:40:50.643-06:00",
  "links" : [ {
    "rel" : "details",
    "href" : "https://titanapi.churchofjesuschrist.org/assetsearch/api/v2/collection/details/collectionID/88645e6c2eea3b53fbc2f387cc37a3ac272de066"
  } ],
  "coverImages" : [ {
    "asset" : {
      "assetID" : "10e0378dd8b34f908f0cdc444d7196046df91de0"
    }
  } ],
  "related" : [ ],
  "metadata" : [ {
    "key" : "collectionUri",
    "value" : "new-testament-online-seminary-reference-lessons-1-40",
    "language" : "eng"
  }, {
    "key" : "publicTitle",
    "value" : "New Testament Online Seminary Reference Lessons 1-40",
    "language" : "eng"
  } ],
  "children" : [ ],
  "assets" : [ {
    "asset" : {
      "assetID" : "a889436d8779b82092ff4eb0b4b0e1c28e113d43"
    },
    "addedDate" : 1578982668868,
    "metadata" : [ ]
  } ],
  "fileName" : "88645e6c2eea3b53fbc2f387cc37a3ac272de066.json",
  "name" : "New Testament Online Seminary Reference Lessons 1-40",
  "english" : true,
  "publicTitle" : "New Testament Online Seminary Reference Lessons 1-40",
  "collectionUri" : "new-testament-online-seminary-reference-lessons-1-40"
}