{
  "parentCollectionID" : "38b9e81d44343bf4204296241568235d6e8e77c6",
  "parentCollectionPath" : "Mobile Media Library/English - Featured",
  "collectionType" : "collections",
  "path" : "Mobile Media Library/English - Featured/Preview Staging",
  "collectionID" : "888e0441c8524dce88951a0925828d53",
  "language" : "eng",
  "type" : "DEFAULT",
  "lastUpdatedDate" : "2024-09-25T10:08:25.484-06:00",
  "links" : [ {
    "rel" : "details",
    "href" : "https://titanapi.churchofjesuschrist.org/assetsearch/api/v2/collection/details/collectionID/888e0441c8524dce88951a0925828d53"
  } ],
  "coverImages" : [ {
    "asset" : {
      "assetID" : "e5d38a2544c711edb4ebeeeeac1e4f5ae0ce15ef"
    }
  } ],
  "related" : [ ],
  "metadata" : [ {
    "key" : "orderIndex",
    "value" : "18"
  }, {
    "key" : "collectionUri",
    "value" : "preview-staging",
    "language" : "eng"
  } ],
  "children" : [ ],
  "assets" : [ ],
  "fileName" : "888e0441c8524dce88951a0925828d53.json",
  "name" : "Preview Staging",
  "english" : true,
  "collectionUri" : "preview-staging"
}