{
  "parentCollectionID" : "b91d19b3a88f45129e9ec20d8c175bfa",
  "parentCollectionPath" : "Mobile Media Library/English - Video/Scriptural Reenactments and Teachings/Book of Mormon Videos",
  "collectionType" : "collections",
  "path" : "Mobile Media Library/English - Video/Scriptural Reenactments and Teachings/Book of Mormon Videos/3 Nephi 1",
  "collectionID" : "88b86fb6e0b44cbeb931e90568b40975",
  "language" : "eng",
  "type" : "DEFAULT",
  "lastUpdatedDate" : "2024-08-20T14:47:00.581-06:00",
  "links" : [ {
    "rel" : "details",
    "href" : "https://titanapi.churchofjesuschrist.org/assetsearch/api/v2/collection/details/collectionID/88b86fb6e0b44cbeb931e90568b40975"
  } ],
  "coverImages" : [ ],
  "related" : [ ],
  "metadata" : [ {
    "key" : "collectionUri",
    "value" : "3-nephi-1",
    "language" : "eng"
  }, {
    "key" : "orderIndex",
    "value" : "36"
  } ],
  "children" : [ ],
  "assets" : [ ],
  "fileName" : "88b86fb6e0b44cbeb931e90568b40975.json",
  "name" : "3 Nephi 1",
  "english" : true,
  "collectionUri" : "3-nephi-1"
}