{
  "parentCollectionID" : "7bc7dd51a8b3215ea5ce00efd4926544bf0429b2",
  "parentCollectionPath" : "Mobile Media Library/English - Video/Family History/(Unpublished) Temple and Family History Consultants",
  "collectionType" : "assets",
  "path" : "Mobile Media Library/English - Video/Family History/(Unpublished) Temple and Family History Consultants/(Unpublished) From Church Leaders for Temple and Family History Consultants",
  "collectionID" : "88bcca663ec5e2b0396344f5e526ed02367a6837",
  "language" : "eng",
  "type" : "DEFAULT",
  "lastUpdatedDate" : "2019-10-28T16:40:50.643-06:00",
  "links" : [ {
    "rel" : "details",
    "href" : "https://titanapi.churchofjesuschrist.org/assetsearch/api/v2/collection/details/collectionID/88bcca663ec5e2b0396344f5e526ed02367a6837"
  } ],
  "coverImages" : [ {
    "asset" : {
      "assetID" : "1af5a56845cc8259960951044fe3774606fa957f"
    }
  } ],
  "related" : [ ],
  "metadata" : [ {
    "key" : "collectionUri",
    "value" : "from-church-leaders-for-temple-and-family-history-consultants",
    "language" : "eng"
  } ],
  "children" : [ ],
  "assets" : [ {
    "asset" : {
      "assetID" : "191860983f1ea30009acd021b3c8de77822cd9b9"
    },
    "addedDate" : 1524161071093,
    "metadata" : [ ]
  }, {
    "asset" : {
      "assetID" : "3bfbc5926db20de0871d4fd5c8315508bdb2c826"
    },
    "addedDate" : 1632956833666,
    "metadata" : [ ]
  }, {
    "asset" : {
      "assetID" : "4e78dd371948372ffc12a0e0b89a85d0f5aed20c"
    },
    "addedDate" : 1517523209011,
    "metadata" : [ ]
  }, {
    "asset" : {
      "assetID" : "747284ff514c724237088568b8d6b5d16ec13272"
    },
    "addedDate" : 1524160969015,
    "metadata" : [ ]
  }, {
    "asset" : {
      "assetID" : "d9c06e952f3514cf80768e72eb072d2e8cf367bb"
    },
    "addedDate" : 1524160987095,
    "metadata" : [ ]
  }, {
    "asset" : {
      "assetID" : "f16e8b9989ec1722d2c3a0faa912a79c099f850d"
    },
    "addedDate" : 1524161032061,
    "metadata" : [ ]
  }, {
    "asset" : {
      "assetID" : "f90d0b9229d814f2bed721d233eb2e55b11d3dd0"
    },
    "addedDate" : 1524154152009,
    "metadata" : [ ]
  }, {
    "asset" : {
      "assetID" : "f42ac8fc0b73f64d15826d203b4fbb033919fe12"
    },
    "addedDate" : 1524161011023,
    "metadata" : [ ]
  }, {
    "asset" : {
      "assetID" : "b3a0225182075f9c92961c19aedbfb85d838359c"
    },
    "addedDate" : 1524161052087,
    "metadata" : [ ]
  }, {
    "asset" : {
      "assetID" : "c037de3ca46d21a9d6b2b917035d0c886bc78bfd"
    },
    "addedDate" : 1517523203081,
    "metadata" : [ ]
  }, {
    "asset" : {
      "assetID" : "e3fed7325197f6e8a2a7a154c07dac34d0113aa3"
    },
    "addedDate" : 1533847526019,
    "metadata" : [ ]
  } ],
  "fileName" : "88bcca663ec5e2b0396344f5e526ed02367a6837.json",
  "name" : "(Unpublished) From Church Leaders for Temple and Family History Consultants",
  "english" : true,
  "collectionUri" : "from-church-leaders-for-temple-and-family-history-consultants"
}