{
  "parentCollectionID" : "18d6cbd720a17cdd47c2b4f1a8846c098ba9a1fc",
  "parentCollectionPath" : "Mobile Media Library/English - Video/Broadcasts/Youth Events",
  "collectionType" : "assets",
  "path" : "Mobile Media Library/English - Video/Broadcasts/Youth Events/October 2024 Youth Worldwide Broadcast - Celebration of Light",
  "collectionID" : "8b59d31c02634f53bc7e1c8916d2ab52",
  "language" : "eng",
  "type" : "DEFAULT",
  "lastUpdatedDate" : "2024-10-23T11:32:16.176-06:00",
  "links" : [ {
    "rel" : "details",
    "href" : "https://titanapi.churchofjesuschrist.org/assetsearch/api/v2/collection/details/collectionID/8b59d31c02634f53bc7e1c8916d2ab52"
  } ],
  "coverImages" : [ {
    "asset" : {
      "assetID" : "c75415df90bd11ef81e3022e7e432ed9fa86b521"
    }
  } ],
  "related" : [ ],
  "metadata" : [ {
    "key" : "channel",
    "value" : "mobile",
    "language" : "eng"
  }, {
    "key" : "orderIndex",
    "value" : "2"
  }, {
    "key" : "collectionUri",
    "value" : "october-2024-youth-worldwide-broadcast-celebration-of-light",
    "language" : "eng"
  }, {
    "key" : "publicTitle",
    "value" : "October 2024 Youth Worldwide Broadcast - Celebration of Light",
    "language" : "eng"
  } ],
  "children" : [ ],
  "assets" : [ {
    "asset" : {
      "assetID" : "1e5b9d2a8d8211efaa19022e7e432ed94d65b38d"
    },
    "index" : 0,
    "addedDate" : 1729704020940,
    "metadata" : [ ]
  } ],
  "fileName" : "8b59d31c02634f53bc7e1c8916d2ab52.json",
  "name" : "October 2024 Youth Worldwide Broadcast - Celebration of Light",
  "english" : true,
  "publicTitle" : "October 2024 Youth Worldwide Broadcast - Celebration of Light",
  "collectionUri" : "october-2024-youth-worldwide-broadcast-celebration-of-light"
}