{
  "parentCollectionID" : "947da7183a51ff85dfdac16ddf289bb0ace2b6b8",
  "parentCollectionPath" : "Mobile Media Library/English - Video/Broadcasts",
  "collectionType" : "assets",
  "path" : "Mobile Media Library/English - Video/Broadcasts/Worldwide Day of Testimony",
  "collectionID" : "8c09e89995c34e6086ac08d2dda82e15",
  "language" : "eng",
  "type" : "DEFAULT",
  "lastUpdatedDate" : "2024-03-11T15:41:31.504-06:00",
  "links" : [ {
    "rel" : "details",
    "href" : "https://titanapi.churchofjesuschrist.org/assetsearch/api/v2/collection/details/collectionID/8c09e89995c34e6086ac08d2dda82e15"
  } ],
  "coverImages" : [ {
    "asset" : {
      "assetID" : "ce8408d17750b3ff5894bdc809a911f9006b084e"
    }
  } ],
  "related" : [ ],
  "metadata" : [ {
    "key" : "orderIndex",
    "value" : "16"
  }, {
    "key" : "collectionUri",
    "value" : "broadcasts-worldwide-day-of-testimony",
    "language" : "eng"
  }, {
    "key" : "publicTitle",
    "value" : "Worldwide Day of Testimony",
    "language" : "eng"
  } ],
  "children" : [ ],
  "assets" : [ {
    "asset" : {
      "assetID" : "f2c6222266bc11ee8eabeeeeac1ee0a0440eca54"
    },
    "index" : 0,
    "addedDate" : 1710193288225,
    "metadata" : [ ]
  } ],
  "fileName" : "8c09e89995c34e6086ac08d2dda82e15.json",
  "name" : "Worldwide Day of Testimony",
  "english" : true,
  "publicTitle" : "Worldwide Day of Testimony",
  "collectionUri" : "broadcasts-worldwide-day-of-testimony"
}