{
  "parentCollectionID" : "94adf8f69c53e833afab86382366e4f36a4fe289",
  "parentCollectionPath" : "Mobile Media Library/English - Video/Callings and Trainings/Leadership/Leadership Training Library/Elders",
  "collectionType" : "assets",
  "path" : "Mobile Media Library/English - Video/Callings and Trainings/Leadership/Leadership Training Library/Elders/7.3 Ward Melchizedek Priesthood Leadership",
  "collectionID" : "8c31ac1797c5192c27aecd5630b58aa8d9cf2e4a",
  "language" : "eng",
  "type" : "DEFAULT",
  "lastUpdatedDate" : "2019-10-28T16:40:50.643-06:00",
  "links" : [ {
    "rel" : "details",
    "href" : "https://titanapi.churchofjesuschrist.org/assetsearch/api/v2/collection/details/collectionID/8c31ac1797c5192c27aecd5630b58aa8d9cf2e4a"
  } ],
  "coverImages" : [ {
    "asset" : {
      "assetID" : "ef7f871cb31e82e79b7bae0600d2ba7aa8dbc3c2"
    }
  } ],
  "related" : [ ],
  "metadata" : [ {
    "key" : "collectionUri",
    "value" : "ltl-73-ward-melchizedek-priesthood-leadership",
    "language" : "eng"
  }, {
    "key" : "publicTitle",
    "value" : "7.3 Ward Melchizedek Priesthood Leadership",
    "language" : "eng"
  } ],
  "children" : [ ],
  "assets" : [ {
    "asset" : {
      "assetID" : "aeed0d150175574f4ce9d3a8820aba192bc99d5e"
    },
    "addedDate" : 1529074507077,
    "metadata" : [ ]
  }, {
    "asset" : {
      "assetID" : "a1f4eef711594a5eb74ec6fc9dc3420ad535c6f5"
    },
    "addedDate" : 1529074463069,
    "metadata" : [ ]
  }, {
    "asset" : {
      "assetID" : "c5ab9d98a4a10a36189be5f4493b8c035b51a888"
    },
    "addedDate" : 1529074491045,
    "metadata" : [ ]
  } ],
  "fileName" : "8c31ac1797c5192c27aecd5630b58aa8d9cf2e4a.json",
  "name" : "7.3 Ward Melchizedek Priesthood Leadership",
  "english" : true,
  "publicTitle" : "7.3 Ward Melchizedek Priesthood Leadership",
  "collectionUri" : "ltl-73-ward-melchizedek-priesthood-leadership"
}