{
  "parentCollectionID" : "4da6a5e612768eada390a3e0f6c0e386a015447a",
  "parentCollectionPath" : "Mobile Media Library/English - Video/Scriptural Reenactments and Teachings",
  "collectionType" : "collections",
  "path" : "Mobile Media Library/English - Video/Scriptural Reenactments and Teachings/Scripture Stories for Young Readers",
  "collectionID" : "8c9da04b1c474f14945591ea4efe87e5",
  "language" : "eng",
  "type" : "DEFAULT",
  "lastUpdatedDate" : "2022-09-07T08:17:27.350-06:00",
  "links" : [ {
    "rel" : "details",
    "href" : "https://titanapi.churchofjesuschrist.org/assetsearch/api/v2/collection/details/collectionID/8c9da04b1c474f14945591ea4efe87e5"
  } ],
  "coverImages" : [ {
    "asset" : {
      "assetID" : "f750498004de76e81794fdbb6eb4235a6495dd70"
    }
  } ],
  "related" : [ ],
  "metadata" : [ {
    "key" : "orderIndex",
    "value" : "3"
  }, {
    "key" : "channel",
    "value" : "mobile",
    "language" : "eng"
  }, {
    "key" : "collectionUri",
    "value" : "scripture-stories-for-young-readers",
    "language" : "eng"
  }, {
    "key" : "publicTitle",
    "value" : "Scripture Stories for Young Readers",
    "language" : "eng"
  } ],
  "children" : [ {
    "path" : "Mobile Media Library/English - Video/Scriptural Reenactments and Teachings/Scripture Stories for Young Readers/Book of Mormon Scripture Stories",
    "collectionID" : "e2c173ec19a9415f84a1236384b3fb6c",
    "type" : "DEFAULT",
    "lastUpdatedDate" : "2022-09-07T08:17:09.480-06:00",
    "links" : [ {
      "rel" : "details",
      "href" : "https://titanapi.churchofjesuschrist.org/assetsearch/api/v2/collection/details/collectionID/e2c173ec19a9415f84a1236384b3fb6c"
    } ],
    "fileName" : "e2c173ec19a9415f84a1236384b3fb6c.json"
  }, {
    "path" : "Mobile Media Library/English - Video/Scriptural Reenactments and Teachings/Scripture Stories for Young Readers/New Testament Scripture Stories",
    "collectionID" : "b9c5ea23bdc04a89b1c00f69964c954a",
    "type" : "DEFAULT",
    "lastUpdatedDate" : "2022-09-07T08:16:55.619-06:00",
    "links" : [ {
      "rel" : "details",
      "href" : "https://titanapi.churchofjesuschrist.org/assetsearch/api/v2/collection/details/collectionID/b9c5ea23bdc04a89b1c00f69964c954a"
    } ],
    "fileName" : "b9c5ea23bdc04a89b1c00f69964c954a.json"
  }, {
    "path" : "Mobile Media Library/English - Video/Scriptural Reenactments and Teachings/Scripture Stories for Young Readers/Doctrine and Covenants Scripture Stories",
    "collectionID" : "ce6601b7ed924870bdbf35efb9ee0736",
    "type" : "DEFAULT",
    "lastUpdatedDate" : "2022-09-07T08:16:41.137-06:00",
    "links" : [ {
      "rel" : "details",
      "href" : "https://titanapi.churchofjesuschrist.org/assetsearch/api/v2/collection/details/collectionID/ce6601b7ed924870bdbf35efb9ee0736"
    } ],
    "fileName" : "ce6601b7ed924870bdbf35efb9ee0736.json"
  }, {
    "path" : "Mobile Media Library/English - Video/Scriptural Reenactments and Teachings/Scripture Stories for Young Readers/Old Testament Scripture Stories",
    "collectionID" : "c10830a695924fbc9e2a0a482077d9f7",
    "type" : "DEFAULT",
    "lastUpdatedDate" : "2022-09-07T08:16:28.108-06:00",
    "links" : [ {
      "rel" : "details",
      "href" : "https://titanapi.churchofjesuschrist.org/assetsearch/api/v2/collection/details/collectionID/c10830a695924fbc9e2a0a482077d9f7"
    } ],
    "fileName" : "c10830a695924fbc9e2a0a482077d9f7.json"
  } ],
  "assets" : [ ],
  "fileName" : "8c9da04b1c474f14945591ea4efe87e5.json",
  "name" : "Scripture Stories for Young Readers",
  "english" : true,
  "publicTitle" : "Scripture Stories for Young Readers",
  "collectionUri" : "scripture-stories-for-young-readers"
}