{
  "parentCollectionID" : "a01588644c89094e215960b27e36d4b8b29d438d",
  "parentCollectionPath" : "Mobile Media Library/English - Video/Callings and Trainings/Leadership/Leadership Training Library/Leadership Principles",
  "collectionType" : "assets",
  "path" : "Mobile Media Library/English - Video/Callings and Trainings/Leadership/Leadership Training Library/Leadership Principles/Minister to Others",
  "collectionID" : "8cd0063bb349c7373ad407925bb6b7d134c187d4",
  "language" : "eng",
  "type" : "DEFAULT",
  "lastUpdatedDate" : "2019-10-28T16:40:50.643-06:00",
  "links" : [ {
    "rel" : "details",
    "href" : "https://titanapi.churchofjesuschrist.org/assetsearch/api/v2/collection/details/collectionID/8cd0063bb349c7373ad407925bb6b7d134c187d4"
  } ],
  "coverImages" : [ {
    "asset" : {
      "assetID" : "37e2c6bd556dc7a5e2fc2b833e7ee80f3530f5eb"
    }
  } ],
  "related" : [ ],
  "metadata" : [ {
    "key" : "collectionUri",
    "value" : "ltl-minister-to-others",
    "language" : "eng"
  }, {
    "key" : "publicTitle",
    "value" : "Minister to Others",
    "language" : "eng"
  } ],
  "children" : [ ],
  "assets" : [ {
    "asset" : {
      "assetID" : "80e2d44ca10efac3880e2121c83594886d732cbd"
    },
    "addedDate" : 1529071813037,
    "metadata" : [ ]
  }, {
    "asset" : {
      "assetID" : "b267e809fd8a866de582f1c42490fa30f8422e90"
    },
    "addedDate" : 1529071712063,
    "metadata" : [ ]
  }, {
    "asset" : {
      "assetID" : "abbd84cd1b1658b63d4162fab71ac0046fac8897"
    },
    "addedDate" : 1529071690072,
    "metadata" : [ ]
  }, {
    "asset" : {
      "assetID" : "279a1ecf0a77af3f23fa90b33a7bf174d9f0fed1"
    },
    "addedDate" : 1529071829005,
    "metadata" : [ ]
  }, {
    "asset" : {
      "assetID" : "3d4b5a1edcdbd8a5def87678c47b88b6fd6deb3f"
    },
    "addedDate" : 1531760395098,
    "metadata" : [ ]
  }, {
    "asset" : {
      "assetID" : "24a1a1ff8a09598913a84ec2aff4dfda70813452"
    },
    "addedDate" : 1632956827154,
    "metadata" : [ ]
  } ],
  "fileName" : "8cd0063bb349c7373ad407925bb6b7d134c187d4.json",
  "name" : "Minister to Others",
  "english" : true,
  "publicTitle" : "Minister to Others",
  "collectionUri" : "ltl-minister-to-others"
}