{
  "parentCollectionID" : "f7129f67d14d2d334ff5fe0c9ee0674b272a1e3e",
  "parentCollectionPath" : "Mobile Media Library/English - Video/Church History",
  "collectionType" : "collections",
  "path" : "Mobile Media Library/English - Video/Church History/Prophets of the Restoration",
  "collectionID" : "8cfd45d9b1d9ecc1774e6b77f9ad83fd54dbc236",
  "language" : "eng",
  "type" : "DEFAULT",
  "lastUpdatedDate" : "2020-08-26T14:29:48.557-06:00",
  "links" : [ {
    "rel" : "details",
    "href" : "https://titanapi.churchofjesuschrist.org/assetsearch/api/v2/collection/details/collectionID/8cfd45d9b1d9ecc1774e6b77f9ad83fd54dbc236"
  } ],
  "coverImages" : [ {
    "asset" : {
      "assetID" : "b890f6c6d0983ad16e916f808c31215c976d2590"
    }
  } ],
  "related" : [ ],
  "metadata" : [ {
    "key" : "description",
    "value" : "Many beloved prophets of the last 200 years are profiled—from Joseph Smith and Brigham Young to Spencer W. Kimball, Gordon B. Hinckley, and Thomas S. Monson.",
    "language" : "eng"
  }, {
    "key" : "collectionUri",
    "value" : "prophets-of-the-restoration",
    "language" : "eng"
  }, {
    "key" : "publicTitle",
    "value" : "Prophets of the Restoration",
    "language" : "eng"
  }, {
    "key" : "orderIndex",
    "value" : "9"
  } ],
  "children" : [ {
    "path" : "Mobile Media Library/English - Video/Church History/Prophets of the Restoration/Brigham Young-Prophets of the Restoration",
    "collectionID" : "17914bf6aabc8a6dc29ca77e04d34c7febdaf67c",
    "type" : "DEFAULT",
    "lastUpdatedDate" : "2019-10-28T16:40:50.643-06:00",
    "links" : [ {
      "rel" : "details",
      "href" : "https://titanapi.churchofjesuschrist.org/assetsearch/api/v2/collection/details/collectionID/17914bf6aabc8a6dc29ca77e04d34c7febdaf67c"
    } ],
    "fileName" : "17914bf6aabc8a6dc29ca77e04d34c7febdaf67c.json"
  }, {
    "path" : "Mobile Media Library/English - Video/Church History/Prophets of the Restoration/Lorenzo Snow-Prophets of the Restoration",
    "collectionID" : "6fd906523bdc31f355474fd2bbe8187fd5ba3cf9",
    "type" : "DEFAULT",
    "lastUpdatedDate" : "2019-10-28T16:40:50.643-06:00",
    "links" : [ {
      "rel" : "details",
      "href" : "https://titanapi.churchofjesuschrist.org/assetsearch/api/v2/collection/details/collectionID/6fd906523bdc31f355474fd2bbe8187fd5ba3cf9"
    } ],
    "fileName" : "6fd906523bdc31f355474fd2bbe8187fd5ba3cf9.json"
  }, {
    "path" : "Mobile Media Library/English - Video/Church History/Prophets of the Restoration/John Taylor-Prophets of the Restoration",
    "collectionID" : "27e9964d90fcc09184fbed4531edf6beaa1b22c8",
    "type" : "DEFAULT",
    "lastUpdatedDate" : "2019-10-28T16:40:50.643-06:00",
    "links" : [ {
      "rel" : "details",
      "href" : "https://titanapi.churchofjesuschrist.org/assetsearch/api/v2/collection/details/collectionID/27e9964d90fcc09184fbed4531edf6beaa1b22c8"
    } ],
    "fileName" : "27e9964d90fcc09184fbed4531edf6beaa1b22c8.json"
  }, {
    "path" : "Mobile Media Library/English - Video/Church History/Prophets of the Restoration/Ezra Taft Benson-Prophets of the Restoration",
    "collectionID" : "35d644b288a6dffd1e285babb20d591dbc5e4e02",
    "type" : "DEFAULT",
    "lastUpdatedDate" : "2019-10-28T16:40:50.643-06:00",
    "links" : [ {
      "rel" : "details",
      "href" : "https://titanapi.churchofjesuschrist.org/assetsearch/api/v2/collection/details/collectionID/35d644b288a6dffd1e285babb20d591dbc5e4e02"
    } ],
    "fileName" : "35d644b288a6dffd1e285babb20d591dbc5e4e02.json"
  }, {
    "path" : "Mobile Media Library/English - Video/Church History/Prophets of the Restoration/Thomas S. Monson-Prophets of the Restoration",
    "collectionID" : "2bb098b4496178d8cf491627d1247f2baa7dcc2b",
    "type" : "DEFAULT",
    "lastUpdatedDate" : "2019-10-28T16:40:50.643-06:00",
    "links" : [ {
      "rel" : "details",
      "href" : "https://titanapi.churchofjesuschrist.org/assetsearch/api/v2/collection/details/collectionID/2bb098b4496178d8cf491627d1247f2baa7dcc2b"
    } ],
    "fileName" : "2bb098b4496178d8cf491627d1247f2baa7dcc2b.json"
  }, {
    "path" : "Mobile Media Library/English - Video/Church History/Prophets of the Restoration/Harold B. Lee-Prophets of the Restoration",
    "collectionID" : "9252fac320dabebd839188132040ed4b682b8fe6",
    "type" : "DEFAULT",
    "lastUpdatedDate" : "2019-10-28T16:40:50.643-06:00",
    "links" : [ {
      "rel" : "details",
      "href" : "https://titanapi.churchofjesuschrist.org/assetsearch/api/v2/collection/details/collectionID/9252fac320dabebd839188132040ed4b682b8fe6"
    } ],
    "fileName" : "9252fac320dabebd839188132040ed4b682b8fe6.json"
  }, {
    "path" : "Mobile Media Library/English - Video/Church History/Prophets of the Restoration/Spencer W. Kimball-Prophets of the Restoration",
    "collectionID" : "e129b80f4849bb15628fa6e604ea0be446a441bb",
    "type" : "DEFAULT",
    "lastUpdatedDate" : "2019-10-28T16:40:50.643-06:00",
    "links" : [ {
      "rel" : "details",
      "href" : "https://titanapi.churchofjesuschrist.org/assetsearch/api/v2/collection/details/collectionID/e129b80f4849bb15628fa6e604ea0be446a441bb"
    } ],
    "fileName" : "e129b80f4849bb15628fa6e604ea0be446a441bb.json"
  }, {
    "path" : "Mobile Media Library/English - Video/Church History/Prophets of the Restoration/Gordon B. Hinckley-Prophets of the Restoration",
    "collectionID" : "506ae7e82ebc90469e1c48e87c72fb4c954357c8",
    "type" : "DEFAULT",
    "lastUpdatedDate" : "2019-10-28T16:40:50.643-06:00",
    "links" : [ {
      "rel" : "details",
      "href" : "https://titanapi.churchofjesuschrist.org/assetsearch/api/v2/collection/details/collectionID/506ae7e82ebc90469e1c48e87c72fb4c954357c8"
    } ],
    "fileName" : "506ae7e82ebc90469e1c48e87c72fb4c954357c8.json"
  }, {
    "path" : "Mobile Media Library/English - Video/Church History/Prophets of the Restoration/Howard W. Hunter-Prophets of the Restoration",
    "collectionID" : "a3d3c66da1ed3622789afefa1ec90c24dccbafbc",
    "type" : "DEFAULT",
    "lastUpdatedDate" : "2019-10-28T16:40:50.643-06:00",
    "links" : [ {
      "rel" : "details",
      "href" : "https://titanapi.churchofjesuschrist.org/assetsearch/api/v2/collection/details/collectionID/a3d3c66da1ed3622789afefa1ec90c24dccbafbc"
    } ],
    "fileName" : "a3d3c66da1ed3622789afefa1ec90c24dccbafbc.json"
  }, {
    "path" : "Mobile Media Library/English - Video/Church History/Prophets of the Restoration/Heber J. Grant-Prophets of the Restoration",
    "collectionID" : "2fc31a4d8d23b022b08e0144e68fe65523a9be05",
    "type" : "DEFAULT",
    "lastUpdatedDate" : "2019-10-28T16:40:50.643-06:00",
    "links" : [ {
      "rel" : "details",
      "href" : "https://titanapi.churchofjesuschrist.org/assetsearch/api/v2/collection/details/collectionID/2fc31a4d8d23b022b08e0144e68fe65523a9be05"
    } ],
    "fileName" : "2fc31a4d8d23b022b08e0144e68fe65523a9be05.json"
  }, {
    "path" : "Mobile Media Library/English - Video/Church History/Prophets of the Restoration/Wilford Woodruff-Prophets of the Restoration",
    "collectionID" : "b9076771d6c3fc2382e9f3f95f79bfbeda9ef1ea",
    "type" : "DEFAULT",
    "lastUpdatedDate" : "2019-10-28T16:40:50.643-06:00",
    "links" : [ {
      "rel" : "details",
      "href" : "https://titanapi.churchofjesuschrist.org/assetsearch/api/v2/collection/details/collectionID/b9076771d6c3fc2382e9f3f95f79bfbeda9ef1ea"
    } ],
    "fileName" : "b9076771d6c3fc2382e9f3f95f79bfbeda9ef1ea.json"
  }, {
    "path" : "Mobile Media Library/English - Video/Church History/Prophets of the Restoration/Joseph Fielding Smith-Prophets of the Restoration",
    "collectionID" : "8ff1e657a074153bc7ae9ceaef9eeeebba445d7d",
    "type" : "DEFAULT",
    "lastUpdatedDate" : "2019-10-28T16:40:50.643-06:00",
    "links" : [ {
      "rel" : "details",
      "href" : "https://titanapi.churchofjesuschrist.org/assetsearch/api/v2/collection/details/collectionID/8ff1e657a074153bc7ae9ceaef9eeeebba445d7d"
    } ],
    "fileName" : "8ff1e657a074153bc7ae9ceaef9eeeebba445d7d.json"
  }, {
    "path" : "Mobile Media Library/English - Video/Church History/Prophets of the Restoration/David O. McKay-Prophets of the Restoration",
    "collectionID" : "b43ff1b8a2f2890295a62c47467c0aca7f25d73f",
    "type" : "DEFAULT",
    "lastUpdatedDate" : "2019-10-28T16:40:50.643-06:00",
    "links" : [ {
      "rel" : "details",
      "href" : "https://titanapi.churchofjesuschrist.org/assetsearch/api/v2/collection/details/collectionID/b43ff1b8a2f2890295a62c47467c0aca7f25d73f"
    } ],
    "fileName" : "b43ff1b8a2f2890295a62c47467c0aca7f25d73f.json"
  }, {
    "path" : "Mobile Media Library/English - Video/Church History/Prophets of the Restoration/George Albert Smith-Prophets of the Restoration",
    "collectionID" : "4b0031e42cc21abd7d166d78e74ee41db4f10cca",
    "type" : "DEFAULT",
    "lastUpdatedDate" : "2019-10-28T16:40:50.643-06:00",
    "links" : [ {
      "rel" : "details",
      "href" : "https://titanapi.churchofjesuschrist.org/assetsearch/api/v2/collection/details/collectionID/4b0031e42cc21abd7d166d78e74ee41db4f10cca"
    } ],
    "fileName" : "4b0031e42cc21abd7d166d78e74ee41db4f10cca.json"
  }, {
    "path" : "Mobile Media Library/English - Video/Church History/Prophets of the Restoration/Joseph F. Smith-Prophets of the Restoration",
    "collectionID" : "186cfd491050ec58681cb16bae15924c6e7efc9f",
    "type" : "DEFAULT",
    "lastUpdatedDate" : "2019-10-28T16:40:50.643-06:00",
    "links" : [ {
      "rel" : "details",
      "href" : "https://titanapi.churchofjesuschrist.org/assetsearch/api/v2/collection/details/collectionID/186cfd491050ec58681cb16bae15924c6e7efc9f"
    } ],
    "fileName" : "186cfd491050ec58681cb16bae15924c6e7efc9f.json"
  }, {
    "path" : "Mobile Media Library/English - Video/Church History/Prophets of the Restoration/Joseph Smith-Prophets of the Restoration",
    "collectionID" : "7c5c0cda6f5c1a1fcec46f31df654f8ba98f417e",
    "type" : "DEFAULT",
    "lastUpdatedDate" : "2019-10-28T16:40:50.643-06:00",
    "links" : [ {
      "rel" : "details",
      "href" : "https://titanapi.churchofjesuschrist.org/assetsearch/api/v2/collection/details/collectionID/7c5c0cda6f5c1a1fcec46f31df654f8ba98f417e"
    } ],
    "fileName" : "7c5c0cda6f5c1a1fcec46f31df654f8ba98f417e.json"
  } ],
  "assets" : [ ],
  "fileName" : "8cfd45d9b1d9ecc1774e6b77f9ad83fd54dbc236.json",
  "name" : "Prophets of the Restoration",
  "english" : true,
  "publicTitle" : "Prophets of the Restoration",
  "description" : "Many beloved prophets of the last 200 years are profiled—from Joseph Smith and Brigham Young to Spencer W. Kimball, Gordon B. Hinckley, and Thomas S. Monson.",
  "collectionUri" : "prophets-of-the-restoration"
}