{
  "parentCollectionID" : "c5155f5ae32e8abb842ce7ca876306b81861eb78",
  "parentCollectionPath" : "Mobile Media Library/English - Video/Callings and Trainings/Leadership/Leadership Training Library/Aaronic Priesthood",
  "collectionType" : "assets",
  "path" : "Mobile Media Library/English - Video/Callings and Trainings/Leadership/Leadership Training Library/Aaronic Priesthood/8.7 Preparing for Full-Time Missions",
  "collectionID" : "8d3cfe5878173a6c899b40dc19cfcf7f13043512",
  "language" : "eng",
  "type" : "DEFAULT",
  "lastUpdatedDate" : "2019-10-28T16:40:50.643-06:00",
  "links" : [ {
    "rel" : "details",
    "href" : "https://titanapi.churchofjesuschrist.org/assetsearch/api/v2/collection/details/collectionID/8d3cfe5878173a6c899b40dc19cfcf7f13043512"
  } ],
  "coverImages" : [ {
    "asset" : {
      "assetID" : "fb95ef6c43568eb365592e9bd3495b751de2f84d"
    }
  } ],
  "related" : [ ],
  "metadata" : [ {
    "key" : "collectionUri",
    "value" : "aaronic-priesthood-87-preparing-for-full-time-missions",
    "language" : "eng"
  }, {
    "key" : "publicTitle",
    "value" : "8.7 Preparing for Full—Time Missions",
    "language" : "eng"
  } ],
  "children" : [ ],
  "assets" : [ {
    "asset" : {
      "assetID" : "90489e77c28344588b4ab74d434c9720aeea741b"
    },
    "addedDate" : 1529076111031,
    "metadata" : [ ]
  } ],
  "fileName" : "8d3cfe5878173a6c899b40dc19cfcf7f13043512.json",
  "name" : "8.7 Preparing for Full-Time Missions",
  "english" : true,
  "publicTitle" : "8.7 Preparing for Full—Time Missions",
  "collectionUri" : "aaronic-priesthood-87-preparing-for-full-time-missions"
}