{
  "parentCollectionID" : "bd59191796027fc53f46f5811862b4ff2baaa3b2",
  "parentCollectionPath" : "Mobile Media Library/English - Video/Topics",
  "collectionType" : "assets",
  "path" : "Mobile Media Library/English - Video/Topics/Sing-Along Videos",
  "collectionID" : "8da0e0cee70f948aa75af65cb71304feb462cc30",
  "language" : "eng",
  "type" : "DEFAULT",
  "lastUpdatedDate" : "2020-09-20T12:09:57.013-06:00",
  "links" : [ {
    "rel" : "details",
    "href" : "https://titanapi.churchofjesuschrist.org/assetsearch/api/v2/collection/details/collectionID/8da0e0cee70f948aa75af65cb71304feb462cc30"
  } ],
  "coverImages" : [ {
    "asset" : {
      "assetID" : "91d40be61043ecaef7f0c970f0eb5fe79633b434"
    }
  } ],
  "related" : [ ],
  "metadata" : [ {
    "key" : "description",
    "value" : "Scripture-based steps for following Jesus, celebrating His birth, hearing the prophet’s voice, and being baptized are set to music in this collection of sing-along videos for primary-age children.",
    "language" : "eng"
  }, {
    "key" : "collectionUri",
    "value" : "sing-along-videos-topic",
    "language" : "eng"
  }, {
    "key" : "publicTitle",
    "value" : "Sing-Along Videos",
    "language" : "eng"
  }, {
    "key" : "orderIndex",
    "value" : "92"
  } ],
  "children" : [ ],
  "assets" : [ {
    "asset" : {
      "assetID" : "2a5ed4ac17818c4ab47afea1bd6d9acd1c7cebf4"
    },
    "addedDate" : 1479847049065,
    "metadata" : [ ]
  }, {
    "asset" : {
      "assetID" : "968fb44a42db940ba3cef53df46d2af3de4ee44a"
    },
    "addedDate" : 1479846895049,
    "metadata" : [ ]
  }, {
    "asset" : {
      "assetID" : "b0907c0f1995f1d05246dd59b4524fbb67e9e2cb"
    },
    "addedDate" : 1479846928016,
    "metadata" : [ ]
  }, {
    "asset" : {
      "assetID" : "2c9ea3979f55e66658c9e96e63e522cbd7b7621d"
    },
    "addedDate" : 1479846534048,
    "metadata" : [ ]
  }, {
    "asset" : {
      "assetID" : "0f59b9a6ae23d9042936645e579f14e4586c058b"
    },
    "addedDate" : 1479846878020,
    "metadata" : [ ]
  }, {
    "asset" : {
      "assetID" : "14521e3e5b1cc4fe0827b5de40b7343a1e6e84db"
    },
    "addedDate" : 1479846704043,
    "metadata" : [ ]
  }, {
    "asset" : {
      "assetID" : "023add97d04ebe4c5aedaa61c4d300de275078e0"
    },
    "addedDate" : 1479846792070,
    "metadata" : [ ]
  }, {
    "asset" : {
      "assetID" : "578f87b98102fc580b68e9e78bbbb3e2098c5608"
    },
    "addedDate" : 1479846809016,
    "metadata" : [ ]
  }, {
    "asset" : {
      "assetID" : "c15b865064eda9cd5a847e1363b702338b0edbc8"
    },
    "addedDate" : 1479846845066,
    "metadata" : [ ]
  }, {
    "asset" : {
      "assetID" : "11020b187e60af06bee835325679ff8464cc0e60"
    },
    "addedDate" : 1479846739056,
    "metadata" : [ ]
  }, {
    "asset" : {
      "assetID" : "257693a2071723a2f948ae3382d2bbefc98db32b"
    },
    "addedDate" : 1479846775069,
    "metadata" : [ ]
  }, {
    "asset" : {
      "assetID" : "c8d00de91fb8d6b052976550b1636cc79eb7adf1"
    },
    "addedDate" : 1479846827088,
    "metadata" : [ ]
  }, {
    "asset" : {
      "assetID" : "d53772de5f659720ef56d1417e5f3528334200cd"
    },
    "addedDate" : 1479846912048,
    "metadata" : [ ]
  }, {
    "asset" : {
      "assetID" : "a94c79ff0ca2594a39ab777e99351c61e103358f"
    },
    "addedDate" : 1479846963003,
    "metadata" : [ ]
  }, {
    "asset" : {
      "assetID" : "e7fa54ba49ee316f4f9610005dda33ef64e4c043"
    },
    "addedDate" : 1479846759050,
    "metadata" : [ ]
  }, {
    "asset" : {
      "assetID" : "dcca557db40d7961585af741ae64c9b5cb77e080"
    },
    "addedDate" : 1479846638018,
    "metadata" : [ ]
  }, {
    "asset" : {
      "assetID" : "03da360b967d5d798fd38230c2b6f151d5cf3f99"
    },
    "addedDate" : 1479846721071,
    "metadata" : [ ]
  }, {
    "asset" : {
      "assetID" : "2442f733a39bd6a4986312e00b1d9f21ab1113db"
    },
    "addedDate" : 1479846671095,
    "metadata" : [ ]
  }, {
    "asset" : {
      "assetID" : "4e1becaa930417d4158d4b796cc73beaf1a5f946"
    },
    "addedDate" : 1479847066011,
    "metadata" : [ ]
  }, {
    "asset" : {
      "assetID" : "84ec381431310c774c2a70b9bed8e2d615524360"
    },
    "addedDate" : 1479847032001,
    "metadata" : [ ]
  }, {
    "asset" : {
      "assetID" : "285de8f50f53e8d02e9061463e375751101dd456"
    },
    "addedDate" : 1479846753053,
    "metadata" : [ ]
  }, {
    "asset" : {
      "assetID" : "a0e2455d8703ffc7849657a1af4fde0bf40f1ba6"
    },
    "addedDate" : 1479846687088,
    "metadata" : [ ]
  }, {
    "asset" : {
      "assetID" : "2013-06-1041-missionary-song-medley-eng"
    },
    "addedDate" : 1479846980080,
    "metadata" : [ ]
  }, {
    "asset" : {
      "assetID" : "f1f1e6c1be8acf301916e7e0ae2612b6bf4068e9"
    },
    "addedDate" : 1479846655022,
    "metadata" : [ ]
  }, {
    "asset" : {
      "assetID" : "807bb63108766b3ab6cd8790b740c9d001118d3a"
    },
    "addedDate" : 1479846945033,
    "metadata" : [ ]
  }, {
    "asset" : {
      "assetID" : "d8409a2377f8f7879f70cdb5dbebba484a855cb7"
    },
    "addedDate" : 1479846997083,
    "metadata" : [ ]
  }, {
    "asset" : {
      "assetID" : "434b181359a1ec0ab7324fd833076efbd2793ba7"
    },
    "addedDate" : 1479847015058,
    "metadata" : [ ]
  }, {
    "asset" : {
      "assetID" : "4e52223982f1f29b731a77e7632cfc730aa97290"
    },
    "addedDate" : 1583962237122,
    "metadata" : [ ]
  } ],
  "fileName" : "8da0e0cee70f948aa75af65cb71304feb462cc30.json",
  "name" : "Sing-Along Videos",
  "english" : true,
  "publicTitle" : "Sing-Along Videos",
  "description" : "Scripture-based steps for following Jesus, celebrating His birth, hearing the prophet’s voice, and being baptized are set to music in this collection of sing-along videos for primary-age children.",
  "collectionUri" : "sing-along-videos-topic"
}