{
  "parentCollectionID" : "e60f922e58584686ad44d42a17a6dd66",
  "parentCollectionPath" : "Mobile Media Library/English - Video/People/Latter-day General Authorities and Officers",
  "collectionType" : "assets",
  "path" : "Mobile Media Library/English - Video/People/Latter-day General Authorities and Officers/Lynn G. Robbins",
  "collectionID" : "8da15d781cdda981f94ab6e69eb6e8983269ae13",
  "language" : "eng",
  "type" : "DEFAULT",
  "lastUpdatedDate" : "2019-10-28T16:40:50.643-06:00",
  "links" : [ {
    "rel" : "details",
    "href" : "https://titanapi.churchofjesuschrist.org/assetsearch/api/v2/collection/details/collectionID/8da15d781cdda981f94ab6e69eb6e8983269ae13"
  } ],
  "coverImages" : [ {
    "asset" : {
      "assetID" : "68785d204972e7385b5c99d866ac9902c07b1415"
    }
  } ],
  "related" : [ ],
  "metadata" : [ {
    "key" : "collectionUri",
    "value" : "lynn-g-robbins",
    "language" : "eng"
  }, {
    "key" : "publicTitle",
    "value" : "Lynn G. Robbins",
    "language" : "eng"
  } ],
  "children" : [ ],
  "assets" : [ {
    "asset" : {
      "assetID" : "543a2fad7a227bb242b139207936b12e27f94acd"
    },
    "addedDate" : 1592433100981,
    "metadata" : [ ]
  }, {
    "asset" : {
      "assetID" : "db9ccc6a96955fd2feb6636606341ce9ebefc11d"
    },
    "addedDate" : 1632956874857,
    "metadata" : [ ]
  } ],
  "fileName" : "8da15d781cdda981f94ab6e69eb6e8983269ae13.json",
  "name" : "Lynn G. Robbins",
  "english" : true,
  "publicTitle" : "Lynn G. Robbins",
  "collectionUri" : "lynn-g-robbins"
}