{
  "sourceCollectionId" : "9469dcd2e95b0f73fd237301b21fecbd372d2e60",
  "parentCollectionID" : "22e3232e384c8650311b2940336759a89b8d6f8b",
  "parentCollectionPath" : "Mobile Media Library",
  "collectionType" : "collections",
  "path" : "Mobile Media Library/Cantonese - Images",
  "collectionID" : "8eb23ec520274285ab21d199d04e2723566d0d2c",
  "language" : "yue",
  "type" : "DEFAULT",
  "lastUpdatedDate" : "2024-01-29T19:19:24.668-07:00",
  "links" : [ {
    "rel" : "details",
    "href" : "https://titanapi.churchofjesuschrist.org/assetsearch/api/v2/collection/details/collectionID/8eb23ec520274285ab21d199d04e2723566d0d2c"
  } ],
  "coverImages" : [ {
    "asset" : {
      "assetID" : "6a577129ad6d2231ee1715db32ddf72721fdb049"
    }
  } ],
  "related" : [ ],
  "metadata" : [ {
    "key" : "orderIndex",
    "value" : "65"
  }, {
    "key" : "collectionUri",
    "value" : "images",
    "language" : "yue"
  }, {
    "key" : "publicTitle",
    "value" : "影像",
    "language" : "yue"
  } ],
  "children" : [ {
    "path" : "Mobile Media Library/Cantonese - Images/Old Testament Stories",
    "collectionID" : "06e920c1ab24404bb49b2914196177f0",
    "type" : "DEFAULT",
    "lastUpdatedDate" : "2022-12-13T11:24:40.762-07:00",
    "links" : [ {
      "rel" : "details",
      "href" : "https://titanapi.churchofjesuschrist.org/assetsearch/api/v2/collection/details/collectionID/06e920c1ab24404bb49b2914196177f0"
    } ],
    "fileName" : "06e920c1ab24404bb49b2914196177f0.json"
  }, {
    "path" : "Mobile Media Library/Cantonese - Images/Book of Mormon Videos Images",
    "collectionID" : "2c77838006ac48908ca1bda89e930326",
    "type" : "DEFAULT",
    "lastUpdatedDate" : "2023-09-18T10:41:59.782-06:00",
    "links" : [ {
      "rel" : "details",
      "href" : "https://titanapi.churchofjesuschrist.org/assetsearch/api/v2/collection/details/collectionID/2c77838006ac48908ca1bda89e930326"
    } ],
    "fileName" : "2c77838006ac48908ca1bda89e930326.json"
  }, {
    "path" : "Mobile Media Library/Cantonese - Images/Easter",
    "collectionID" : "e7940576396b4c588015ffe79cf2c19f",
    "type" : "DEFAULT",
    "lastUpdatedDate" : "2023-09-18T11:54:53.950-06:00",
    "links" : [ {
      "rel" : "details",
      "href" : "https://titanapi.churchofjesuschrist.org/assetsearch/api/v2/collection/details/collectionID/e7940576396b4c588015ffe79cf2c19f"
    } ],
    "fileName" : "e7940576396b4c588015ffe79cf2c19f.json"
  }, {
    "path" : "Mobile Media Library/Cantonese - Images/Everyday People",
    "collectionID" : "3348707e21a243bdb0094fdede849095",
    "type" : "DEFAULT",
    "lastUpdatedDate" : "2023-09-22T12:33:46.964-06:00",
    "links" : [ {
      "rel" : "details",
      "href" : "https://titanapi.churchofjesuschrist.org/assetsearch/api/v2/collection/details/collectionID/3348707e21a243bdb0094fdede849095"
    } ],
    "fileName" : "3348707e21a243bdb0094fdede849095.json"
  }, {
    "path" : "Mobile Media Library/Cantonese - Images/Gospel Art",
    "collectionID" : "6bb5d3c2e30444ea983952f793ad66f3",
    "type" : "DEFAULT",
    "lastUpdatedDate" : "2023-09-22T13:40:09.153-06:00",
    "links" : [ {
      "rel" : "details",
      "href" : "https://titanapi.churchofjesuschrist.org/assetsearch/api/v2/collection/details/collectionID/6bb5d3c2e30444ea983952f793ad66f3"
    } ],
    "fileName" : "6bb5d3c2e30444ea983952f793ad66f3.json"
  }, {
    "path" : "Mobile Media Library/Cantonese - Images/Seminary and Institute",
    "collectionID" : "97be021c59e949f288eb97fbe849653b",
    "type" : "DEFAULT",
    "lastUpdatedDate" : "2023-09-22T13:49:48.333-06:00",
    "links" : [ {
      "rel" : "details",
      "href" : "https://titanapi.churchofjesuschrist.org/assetsearch/api/v2/collection/details/collectionID/97be021c59e949f288eb97fbe849653b"
    } ],
    "fileName" : "97be021c59e949f288eb97fbe849653b.json"
  }, {
    "path" : "Mobile Media Library/Cantonese - Images/Church Leaders",
    "collectionID" : "c62d97099ae048ad82eabca6ef11992b",
    "type" : "DEFAULT",
    "lastUpdatedDate" : "2023-09-18T11:16:38.988-06:00",
    "links" : [ {
      "rel" : "details",
      "href" : "https://titanapi.churchofjesuschrist.org/assetsearch/api/v2/collection/details/collectionID/c62d97099ae048ad82eabca6ef11992b"
    } ],
    "fileName" : "c62d97099ae048ad82eabca6ef11992b.json"
  }, {
    "path" : "Mobile Media Library/Cantonese - Images/Primary",
    "collectionID" : "0ca9cd4c6c394af6b978d43aa7d8be6f",
    "type" : "DEFAULT",
    "lastUpdatedDate" : "2023-09-22T13:47:03.113-06:00",
    "links" : [ {
      "rel" : "details",
      "href" : "https://titanapi.churchofjesuschrist.org/assetsearch/api/v2/collection/details/collectionID/0ca9cd4c6c394af6b978d43aa7d8be6f"
    } ],
    "fileName" : "0ca9cd4c6c394af6b978d43aa7d8be6f.json"
  } ],
  "assets" : [ ],
  "fileName" : "8eb23ec520274285ab21d199d04e2723566d0d2c.json",
  "name" : "Cantonese - Images",
  "english" : false,
  "publicTitle" : "影像",
  "collectionUri" : "images"
}