{
  "parentCollectionID" : "94adf8f69c53e833afab86382366e4f36a4fe289",
  "parentCollectionPath" : "Mobile Media Library/English - Video/Callings and Trainings/Leadership/Leadership Training Library/Elders",
  "collectionType" : "assets",
  "path" : "Mobile Media Library/English - Video/Callings and Trainings/Leadership/Leadership Training Library/Elders/7.8 Quorum and Group Meetings",
  "collectionID" : "8ec12453e7a75b4e8eee03c943e373c55717fbbb",
  "language" : "eng",
  "type" : "DEFAULT",
  "lastUpdatedDate" : "2019-10-28T16:40:50.643-06:00",
  "links" : [ {
    "rel" : "details",
    "href" : "https://titanapi.churchofjesuschrist.org/assetsearch/api/v2/collection/details/collectionID/8ec12453e7a75b4e8eee03c943e373c55717fbbb"
  } ],
  "coverImages" : [ {
    "asset" : {
      "assetID" : "c53b6f9e0d370454025b4164ef1290f58ae78b54"
    }
  } ],
  "related" : [ ],
  "metadata" : [ {
    "key" : "collectionUri",
    "value" : "78-quorum-and-group-meetings",
    "language" : "eng"
  }, {
    "key" : "publicTitle",
    "value" : "7.8 Quorum and Group Meetings",
    "language" : "eng"
  } ],
  "children" : [ ],
  "assets" : [ {
    "asset" : {
      "assetID" : "54837a1a165bfd2917a393fb932af7f5a70e0e90"
    },
    "addedDate" : 1529074860089,
    "metadata" : [ ]
  } ],
  "fileName" : "8ec12453e7a75b4e8eee03c943e373c55717fbbb.json",
  "name" : "7.8 Quorum and Group Meetings",
  "english" : true,
  "publicTitle" : "7.8 Quorum and Group Meetings",
  "collectionUri" : "78-quorum-and-group-meetings"
}