{
  "parentCollectionID" : "48bf4502c61b21234c27defe6561bca91dbd53f3",
  "parentCollectionPath" : "Mobile Media Library/English - Video/Broadcasts/Christmas Devotionals",
  "collectionType" : "assets",
  "path" : "Mobile Media Library/English - Video/Broadcasts/Christmas Devotionals/2014 First Presidency's Christmas Devotional",
  "collectionID" : "8ef6a2cb38e87c7b7d5659186cc226db7bf9f57a",
  "language" : "eng",
  "type" : "DEFAULT",
  "lastUpdatedDate" : "2024-09-19T11:24:44.530-06:00",
  "links" : [ {
    "rel" : "details",
    "href" : "https://titanapi.churchofjesuschrist.org/assetsearch/api/v2/collection/details/collectionID/8ef6a2cb38e87c7b7d5659186cc226db7bf9f57a"
  } ],
  "coverImages" : [ {
    "asset" : {
      "assetID" : "19f4814e414650bc774c5407343d3b9cc4236613"
    }
  } ],
  "related" : [ ],
  "metadata" : [ {
    "key" : "orderIndex",
    "value" : "11"
  }, {
    "key" : "channel",
    "value" : "mobile",
    "language" : "eng"
  }, {
    "key" : "collectionUri",
    "value" : "2014-first-presidencys-christmas-devotional",
    "language" : "eng"
  }, {
    "key" : "publicTitle",
    "value" : "2014 First Presidency's Christmas Devotional",
    "language" : "eng"
  } ],
  "children" : [ ],
  "assets" : [ {
    "asset" : {
      "assetID" : "08ededc005cbd90920be6bf08cc6b0e13812791e"
    },
    "addedDate" : 1726766713663,
    "metadata" : [ ]
  }, {
    "asset" : {
      "assetID" : "yzzvc1qt53th20g8k42adcp9f3hwzy51iez6kvu9"
    },
    "addedDate" : 1478542113002,
    "metadata" : [ ]
  }, {
    "asset" : {
      "assetID" : "301e19f2e4dea9d1027409b9c7ee4789e23b2bff"
    },
    "addedDate" : 1478542113002,
    "metadata" : [ ]
  }, {
    "asset" : {
      "assetID" : "4554b6f582d33a6ff4374528e4127772ed127dfc"
    },
    "addedDate" : 1726766713663,
    "metadata" : [ ]
  }, {
    "asset" : {
      "assetID" : "ani0pq77bh4paibiz283hwmgaw2jlq53n5yj1sxs"
    },
    "addedDate" : 1478542113002,
    "metadata" : [ ]
  }, {
    "asset" : {
      "assetID" : "71df138c73a73d3b25ac528057f7b7ec9d139573"
    },
    "addedDate" : 1726766713660,
    "metadata" : [ ]
  }, {
    "asset" : {
      "assetID" : "2014-12-0041-silent-night-eng"
    },
    "addedDate" : 1478542113002,
    "metadata" : [ ]
  }, {
    "asset" : {
      "assetID" : "jttmyjpvk2eeowlh0tzv0aymz0zksa8tpzuok460"
    },
    "addedDate" : 1478542113002,
    "metadata" : [ ]
  }, {
    "asset" : {
      "assetID" : "2014-12-0011-still-still-still-eng"
    },
    "addedDate" : 1478542113002,
    "metadata" : [ ]
  }, {
    "asset" : {
      "assetID" : "2014-12-0031-the-first-noel-eng"
    },
    "addedDate" : 1478542113002,
    "metadata" : [ ]
  }, {
    "asset" : {
      "assetID" : "2014-12-0021-o-come-all-ye-faithful-eng"
    },
    "addedDate" : 1478542113002,
    "metadata" : [ ]
  }, {
    "asset" : {
      "assetID" : "xtemxsuyyi2xon1p107xw45tmtae9leym9pbxh6l"
    },
    "addedDate" : 1478542113002,
    "metadata" : [ ]
  }, {
    "asset" : {
      "assetID" : "fc09aed8206696107cfabb962da4e5cd9b36b63a"
    },
    "addedDate" : 1726766713663,
    "metadata" : [ ]
  }, {
    "asset" : {
      "assetID" : "dtgiysuc89p7sivn6lynoex5euqv11pe2fdy31sb"
    },
    "addedDate" : 1632956826375,
    "metadata" : [ ]
  } ],
  "fileName" : "8ef6a2cb38e87c7b7d5659186cc226db7bf9f57a.json",
  "name" : "2014 First Presidency's Christmas Devotional",
  "english" : true,
  "publicTitle" : "2014 First Presidency's Christmas Devotional",
  "collectionUri" : "2014-first-presidencys-christmas-devotional"
}