{
  "parentCollectionID" : "e60f922e58584686ad44d42a17a6dd66",
  "parentCollectionPath" : "Mobile Media Library/English - Video/People/Latter-day General Authorities and Officers",
  "collectionType" : "assets",
  "path" : "Mobile Media Library/English - Video/People/Latter-day General Authorities and Officers/Allan F. Packer",
  "collectionID" : "8f0ff7f01c7a7517f7c690747ee79e0fba375c1d",
  "language" : "eng",
  "type" : "DEFAULT",
  "lastUpdatedDate" : "2019-10-28T16:40:50.643-06:00",
  "links" : [ {
    "rel" : "details",
    "href" : "https://titanapi.churchofjesuschrist.org/assetsearch/api/v2/collection/details/collectionID/8f0ff7f01c7a7517f7c690747ee79e0fba375c1d"
  } ],
  "coverImages" : [ {
    "asset" : {
      "assetID" : "a4d5513a83277a82095bb8195759c79da0a95bad"
    }
  } ],
  "related" : [ ],
  "metadata" : [ {
    "key" : "collectionUri",
    "value" : "allan-f-packer-video-collection",
    "language" : "eng"
  }, {
    "key" : "publicTitle",
    "value" : "Allan F. Packer",
    "language" : "eng"
  } ],
  "children" : [ ],
  "assets" : [ {
    "asset" : {
      "assetID" : "861b52c7c1b3aee4404b8306b13398233a1aa071"
    },
    "addedDate" : 1539894393848,
    "metadata" : [ ]
  } ],
  "fileName" : "8f0ff7f01c7a7517f7c690747ee79e0fba375c1d.json",
  "name" : "Allan F. Packer",
  "english" : true,
  "publicTitle" : "Allan F. Packer",
  "collectionUri" : "allan-f-packer-video-collection"
}