{
  "sourceCollectionId" : "1beb114a0f9d4943b42efb5831170d96",
  "parentCollectionID" : "22e3232e384c8650311b2940336759a89b8d6f8b",
  "parentCollectionPath" : "Mobile Media Library",
  "collectionType" : "assets",
  "path" : "Mobile Media Library/Korean - GS Banner - Videos Only",
  "collectionID" : "8f1b3f088bbd4f9da6d7cd2416c64920",
  "language" : "kor",
  "type" : "DEFAULT",
  "lastUpdatedDate" : "2025-01-27T13:53:17.552-07:00",
  "links" : [ {
    "rel" : "details",
    "href" : "https://titanapi.churchofjesuschrist.org/assetsearch/api/v2/collection/details/collectionID/8f1b3f088bbd4f9da6d7cd2416c64920"
  } ],
  "coverImages" : [ ],
  "related" : [ ],
  "metadata" : [ {
    "key" : "orderIndex",
    "value" : "48"
  }, {
    "key" : "channel",
    "value" : "mobile",
    "language" : "kor"
  }, {
    "key" : "collectionUri",
    "value" : "gospel-stream-banner",
    "language" : "kor"
  }, {
    "key" : "publicTitle",
    "value" : "Gospel Stream Banner",
    "language" : "kor"
  } ],
  "children" : [ ],
  "assets" : [ {
    "asset" : {
      "assetID" : "b9deccd1a6d6788a4c5f86bb11c2787184924dbc"
    },
    "index" : 5,
    "addedDate" : 1736303736738,
    "metadata" : [ ]
  }, {
    "asset" : {
      "assetID" : "1e2f1af09e6edc503f1cc4ec6868137ed90205e9"
    },
    "index" : 2,
    "addedDate" : 1737376475297,
    "metadata" : [ ]
  }, {
    "asset" : {
      "assetID" : "2ab349be19f91d2f18254856b158edcd724e5bd0"
    },
    "index" : 1,
    "addedDate" : 1738010805850,
    "metadata" : [ ]
  }, {
    "asset" : {
      "assetID" : "7b9395187f6b11ef9c8c0626c361eb554b637776"
    },
    "index" : 0,
    "addedDate" : 1738010451114,
    "metadata" : [ ]
  }, {
    "asset" : {
      "assetID" : "ovqrc2mnbkfphitzgob7jait5plw73y636j576wn"
    },
    "index" : 7,
    "addedDate" : 1737375705626,
    "metadata" : [ ]
  }, {
    "asset" : {
      "assetID" : "jcn1y41aacn1q1c5hansmdw85fm5kww9db0o3xzp"
    },
    "index" : 4,
    "addedDate" : 1736011640745,
    "metadata" : [ ]
  } ],
  "fileName" : "8f1b3f088bbd4f9da6d7cd2416c64920.json",
  "name" : "Korean - GS Banner - Videos Only",
  "english" : false,
  "publicTitle" : "Gospel Stream Banner",
  "collectionUri" : "gospel-stream-banner"
}