{
  "parentCollectionID" : "6109651b42f34f49b5930bfbe1197caa",
  "parentCollectionPath" : "Mobile Media Library/English - Video/People/Latter-day Prophets",
  "collectionType" : "assets",
  "path" : "Mobile Media Library/English - Video/People/Latter-day Prophets/Howard W. Hunter",
  "collectionID" : "8f3a44e31eea499381e4b5160ae58a0a",
  "language" : "eng",
  "type" : "DEFAULT",
  "lastUpdatedDate" : "2020-03-17T15:04:53.461-06:00",
  "links" : [ {
    "rel" : "details",
    "href" : "https://titanapi.churchofjesuschrist.org/assetsearch/api/v2/collection/details/collectionID/8f3a44e31eea499381e4b5160ae58a0a"
  } ],
  "coverImages" : [ {
    "asset" : {
      "assetID" : "29f40f1fb4a4d1686209473b4626f2b9502469b1"
    }
  } ],
  "related" : [ ],
  "metadata" : [ {
    "key" : "collectionUri",
    "value" : "howard-w-hunter",
    "language" : "eng"
  }, {
    "key" : "publicTitle",
    "value" : "Howard W. Hunter",
    "language" : "eng"
  }, {
    "key" : "orderIndex",
    "value" : "3"
  } ],
  "children" : [ ],
  "assets" : [ {
    "asset" : {
      "assetID" : "0e43b0dd7d3ea9b1c88bd4ce14650c17bce28bca"
    },
    "addedDate" : 1576533449143,
    "metadata" : [ ]
  }, {
    "asset" : {
      "assetID" : "53f1e2e240cb04560c3fba58f1d2a6a10f7ed81e"
    },
    "addedDate" : 1576533449160,
    "metadata" : [ ]
  }, {
    "asset" : {
      "assetID" : "d29842a5aab1a007d5be2719fea4212184874a8c"
    },
    "addedDate" : 1576533449143,
    "metadata" : [ ]
  }, {
    "asset" : {
      "assetID" : "31570e9bb5fc23c3ff01d830b0c532b05b1e74d3"
    },
    "addedDate" : 1579035291260,
    "metadata" : [ ]
  }, {
    "asset" : {
      "assetID" : "e1597170cc849cccaaa5c2e22ca9f3e8f1c969f3"
    },
    "addedDate" : 1576533449160,
    "metadata" : [ ]
  }, {
    "asset" : {
      "assetID" : "26b6a84b215a727523df4d3a74660a21b11770d6"
    },
    "addedDate" : 1576533449143,
    "metadata" : [ ]
  }, {
    "asset" : {
      "assetID" : "f07435a59ce0de7d769473f9cc3a99f1cdebfffc"
    },
    "addedDate" : 1576533449143,
    "metadata" : [ ]
  }, {
    "asset" : {
      "assetID" : "5bc29a35575f34dac2a9ef184b24552bf4f2ee90"
    },
    "addedDate" : 1579035291243,
    "metadata" : [ ]
  }, {
    "asset" : {
      "assetID" : "49dfa8d5fec644350353566d3978d5f27264d6de"
    },
    "addedDate" : 1576533449160,
    "metadata" : [ ]
  }, {
    "asset" : {
      "assetID" : "756772a8f5ccbade4351c9f73cd0f20a22afd5ec"
    },
    "addedDate" : 1579035291260,
    "metadata" : [ ]
  }, {
    "asset" : {
      "assetID" : "8cb1294486dd85cb8a30917892c1b9823f2165d6"
    },
    "addedDate" : 1579035291260,
    "metadata" : [ ]
  }, {
    "asset" : {
      "assetID" : "8f7e7f2aedee1f4c4f7209ae8c89f80c54efed65"
    },
    "addedDate" : 1579035291260,
    "metadata" : [ ]
  }, {
    "asset" : {
      "assetID" : "9b43f6a56704cb53667652bd2926102cd7bcee73"
    },
    "addedDate" : 1576533449160,
    "metadata" : [ ]
  }, {
    "asset" : {
      "assetID" : "529811101b13f7b36ae0a0ef1c3cf04d594affb4"
    },
    "addedDate" : 1576533449160,
    "metadata" : [ ]
  }, {
    "asset" : {
      "assetID" : "dcc4600e64ec30003115a9bec167145aeba19fab"
    },
    "addedDate" : 1576533449160,
    "metadata" : [ ]
  }, {
    "asset" : {
      "assetID" : "a993496e6c5a4ef82ec8e3c6dbb38018275a7889"
    },
    "addedDate" : 1579035291260,
    "metadata" : [ ]
  }, {
    "asset" : {
      "assetID" : "b052c95b0b4ae1b7df18392c28bdb5fe0a756521"
    },
    "addedDate" : 1579035291260,
    "metadata" : [ ]
  }, {
    "asset" : {
      "assetID" : "7510d074fb6ecedfdcba15307c354c03a2572bcf"
    },
    "addedDate" : 1576533449160,
    "metadata" : [ ]
  } ],
  "fileName" : "8f3a44e31eea499381e4b5160ae58a0a.json",
  "name" : "Howard W. Hunter",
  "english" : true,
  "publicTitle" : "Howard W. Hunter",
  "collectionUri" : "howard-w-hunter"
}