{
  "parentCollectionID" : "82aa484a719f4db2893e75ebefe44d97",
  "parentCollectionPath" : "Mobile Media Library/English - Video/Community Outreach/Humanitarian Efforts",
  "collectionType" : "assets",
  "path" : "Mobile Media Library/English - Video/Community Outreach/Humanitarian Efforts/Clean Water",
  "collectionID" : "8f3b183ae3b6472093f8ce192a21a5d9",
  "language" : "eng",
  "type" : "DEFAULT",
  "lastUpdatedDate" : "2020-03-19T19:19:11.623-06:00",
  "links" : [ {
    "rel" : "details",
    "href" : "https://titanapi.churchofjesuschrist.org/assetsearch/api/v2/collection/details/collectionID/8f3b183ae3b6472093f8ce192a21a5d9"
  } ],
  "coverImages" : [ {
    "asset" : {
      "assetID" : "197c9e3f152e1d69372a0ae02accac16cecee629"
    }
  } ],
  "related" : [ ],
  "metadata" : [ {
    "key" : "collectionUri",
    "value" : "clean-water-community-outreach",
    "language" : "eng"
  }, {
    "key" : "publicTitle",
    "value" : "Clean Water",
    "language" : "eng"
  } ],
  "children" : [ ],
  "assets" : [ {
    "asset" : {
      "assetID" : "9272b2d7b85026ca3e72dd3c65e98ad7bced3903"
    },
    "addedDate" : 1576631745506,
    "metadata" : [ ]
  }, {
    "asset" : {
      "assetID" : "d5c6c0483cdf6a0cac78a46644e78c57a84d6a29"
    },
    "addedDate" : 1576631745506,
    "metadata" : [ ]
  }, {
    "asset" : {
      "assetID" : "d83ba7a7bf7d91c2fa250ddb96307724798d3f4a"
    },
    "addedDate" : 1576631745506,
    "metadata" : [ ]
  }, {
    "asset" : {
      "assetID" : "dcad737398759a6fad11d9d508ca5fa3be3d9cee"
    },
    "addedDate" : 1576631745490,
    "metadata" : [ ]
  } ],
  "fileName" : "8f3b183ae3b6472093f8ce192a21a5d9.json",
  "name" : "Clean Water",
  "english" : true,
  "publicTitle" : "Clean Water",
  "collectionUri" : "clean-water-community-outreach"
}