{
  "parentCollectionID" : "8d8905cef700b03cb3afaabc032a3af882139e59",
  "parentCollectionPath" : "Mobile Media Library/English - Video",
  "collectionType" : "collections",
  "path" : "Mobile Media Library/English - Video/Holidays",
  "collectionID" : "90094c1ba0324fd8a16e16550a50fde1",
  "language" : "eng",
  "type" : "DEFAULT",
  "lastUpdatedDate" : "2024-12-20T10:52:50.436-07:00",
  "links" : [ {
    "rel" : "details",
    "href" : "https://titanapi.churchofjesuschrist.org/assetsearch/api/v2/collection/details/collectionID/90094c1ba0324fd8a16e16550a50fde1"
  } ],
  "coverImages" : [ {
    "asset" : {
      "assetID" : "35a6461ba57a4148ca7dc223b09daadd5f233a1b"
    }
  } ],
  "related" : [ ],
  "metadata" : [ {
    "key" : "orderIndex",
    "value" : "8"
  }, {
    "key" : "channel",
    "value" : "mobile",
    "language" : "eng"
  }, {
    "key" : "description",
    "value" : "Celebrate the holidays with videos from The Church of Jesus Christ of Latter-day Saints including the yearly Christmas and Easter messages, variations of the Christmas story and Nativity, and more.",
    "language" : "eng"
  }, {
    "key" : "collectionUri",
    "value" : "holidays",
    "language" : "eng"
  }, {
    "key" : "publicTitle",
    "value" : "Holidays",
    "language" : "eng"
  } ],
  "children" : [ {
    "path" : "Mobile Media Library/English - Video/Holidays/Christmas Messages",
    "collectionID" : "fb07754ae4c242849d1dd628c24815b9",
    "type" : "DEFAULT",
    "lastUpdatedDate" : "2024-12-20T10:52:41.877-07:00",
    "links" : [ {
      "rel" : "details",
      "href" : "https://titanapi.churchofjesuschrist.org/assetsearch/api/v2/collection/details/collectionID/fb07754ae4c242849d1dd628c24815b9"
    } ],
    "fileName" : "fb07754ae4c242849d1dd628c24815b9.json"
  }, {
    "path" : "Mobile Media Library/English - Video/Holidays/Christmas Music",
    "collectionID" : "2ca8d0f920f34f5190ce581b82aa6b16",
    "type" : "DEFAULT",
    "lastUpdatedDate" : "2022-09-08T12:52:37.069-06:00",
    "links" : [ {
      "rel" : "details",
      "href" : "https://titanapi.churchofjesuschrist.org/assetsearch/api/v2/collection/details/collectionID/2ca8d0f920f34f5190ce581b82aa6b16"
    } ],
    "fileName" : "2ca8d0f920f34f5190ce581b82aa6b16.json"
  }, {
    "path" : "Mobile Media Library/English - Video/Holidays/The Christmas Story",
    "collectionID" : "05786485ad634afaa64ea6254789155f",
    "type" : "DEFAULT",
    "lastUpdatedDate" : "2022-09-08T12:53:27.677-06:00",
    "links" : [ {
      "rel" : "details",
      "href" : "https://titanapi.churchofjesuschrist.org/assetsearch/api/v2/collection/details/collectionID/05786485ad634afaa64ea6254789155f"
    } ],
    "fileName" : "05786485ad634afaa64ea6254789155f.json"
  }, {
    "path" : "Mobile Media Library/English - Video/Holidays/Easter",
    "collectionID" : "9712cd01bf874615ad483c0847cedd7a",
    "type" : "DEFAULT",
    "lastUpdatedDate" : "2024-03-30T23:14:21.927-06:00",
    "links" : [ {
      "rel" : "details",
      "href" : "https://titanapi.churchofjesuschrist.org/assetsearch/api/v2/collection/details/collectionID/9712cd01bf874615ad483c0847cedd7a"
    } ],
    "fileName" : "9712cd01bf874615ad483c0847cedd7a.json"
  }, {
    "path" : "Mobile Media Library/English - Video/Holidays/Mother's Day",
    "collectionID" : "9e9730e7c74d474f89247ec525a8d7e0",
    "type" : "DEFAULT",
    "lastUpdatedDate" : "2024-04-23T13:59:08.339-06:00",
    "links" : [ {
      "rel" : "details",
      "href" : "https://titanapi.churchofjesuschrist.org/assetsearch/api/v2/collection/details/collectionID/9e9730e7c74d474f89247ec525a8d7e0"
    } ],
    "fileName" : "9e9730e7c74d474f89247ec525a8d7e0.json"
  }, {
    "path" : "Mobile Media Library/English - Video/Holidays/Father's Day",
    "collectionID" : "d043cd5c99684f9ca33d28f5a5128ef8",
    "type" : "DEFAULT",
    "lastUpdatedDate" : "2024-06-03T08:38:48.122-06:00",
    "links" : [ {
      "rel" : "details",
      "href" : "https://titanapi.churchofjesuschrist.org/assetsearch/api/v2/collection/details/collectionID/d043cd5c99684f9ca33d28f5a5128ef8"
    } ],
    "fileName" : "d043cd5c99684f9ca33d28f5a5128ef8.json"
  } ],
  "assets" : [ ],
  "fileName" : "90094c1ba0324fd8a16e16550a50fde1.json",
  "name" : "Holidays",
  "english" : true,
  "publicTitle" : "Holidays",
  "description" : "Celebrate the holidays with videos from The Church of Jesus Christ of Latter-day Saints including the yearly Christmas and Easter messages, variations of the Christmas story and Nativity, and more.",
  "collectionUri" : "holidays"
}