{
  "parentCollectionID" : "afdd28f5621dd7014e3ed9a55095262fbd7c75ff",
  "parentCollectionPath" : "Mobile Media Library/English - Video/Callings and Trainings/Leadership/Leadership Training Library/Sunday School",
  "collectionType" : "assets",
  "path" : "Mobile Media Library/English - Video/Callings and Trainings/Leadership/Leadership Training Library/Sunday School/12.1 Purposes of Sunday School",
  "collectionID" : "905a7c6fb6c6f6ddf4459917b20c26a883f671e9",
  "language" : "eng",
  "type" : "DEFAULT",
  "lastUpdatedDate" : "2019-10-28T16:40:50.643-06:00",
  "links" : [ {
    "rel" : "details",
    "href" : "https://titanapi.churchofjesuschrist.org/assetsearch/api/v2/collection/details/collectionID/905a7c6fb6c6f6ddf4459917b20c26a883f671e9"
  } ],
  "coverImages" : [ {
    "asset" : {
      "assetID" : "4689e8040adbe7568c58db281ff8481465ca4a67"
    }
  } ],
  "related" : [ ],
  "metadata" : [ {
    "key" : "collectionUri",
    "value" : "121-purposes-of-sunday-school",
    "language" : "eng"
  }, {
    "key" : "publicTitle",
    "value" : "12.1 Purposes of Sunday School",
    "language" : "eng"
  } ],
  "children" : [ ],
  "assets" : [ {
    "asset" : {
      "assetID" : "34cdba25dffc64f0537cc96b4b88217502d37c24"
    },
    "addedDate" : 1529080965023,
    "metadata" : [ ]
  } ],
  "fileName" : "905a7c6fb6c6f6ddf4459917b20c26a883f671e9.json",
  "name" : "12.1 Purposes of Sunday School",
  "english" : true,
  "publicTitle" : "12.1 Purposes of Sunday School",
  "collectionUri" : "121-purposes-of-sunday-school"
}