{
  "parentCollectionID" : "044045876ab9442f99495d7e4213611b",
  "parentCollectionPath" : "Mobile Media Library/English - Video/Videos for Youth/Youth Music",
  "collectionType" : "assets",
  "path" : "Mobile Media Library/English - Video/Videos for Youth/Youth Music/2023 Youth Music Festival",
  "collectionID" : "9140d3b8604e45ad94bf22ef4e16bfb1",
  "language" : "eng",
  "type" : "DEFAULT",
  "lastUpdatedDate" : "2023-12-04T09:01:27.304-07:00",
  "links" : [ {
    "rel" : "details",
    "href" : "https://titanapi.churchofjesuschrist.org/assetsearch/api/v2/collection/details/collectionID/9140d3b8604e45ad94bf22ef4e16bfb1"
  } ],
  "coverImages" : [ {
    "asset" : {
      "assetID" : "5fa9c093228111eea93feeeeac1e0f3df869929a"
    }
  } ],
  "related" : [ ],
  "metadata" : [ {
    "key" : "orderIndex",
    "value" : "4"
  }, {
    "key" : "channel",
    "value" : "mobile",
    "language" : "eng"
  }, {
    "key" : "collectionUri",
    "value" : "youth-music-festival-2023",
    "language" : "eng"
  }, {
    "key" : "publicTitle",
    "value" : "2023 Youth Music Festival",
    "language" : "eng"
  } ],
  "children" : [ ],
  "assets" : [ {
    "asset" : {
      "assetID" : "84f71b293ae611eeb5a1eeeeac1ea750b15b8da0"
    },
    "index" : 0,
    "addedDate" : 1701272246935,
    "metadata" : [ ]
  } ],
  "fileName" : "9140d3b8604e45ad94bf22ef4e16bfb1.json",
  "name" : "2023 Youth Music Festival",
  "english" : true,
  "publicTitle" : "2023 Youth Music Festival",
  "collectionUri" : "youth-music-festival-2023"
}