{
  "parentCollectionID" : "a362cf32612a48c380d0013df943b987",
  "parentCollectionPath" : "Mobile Media Library/English - Video/Teaching and Lessons/Come, Follow Me/2023 New Testament Media Resources",
  "collectionType" : "assets",
  "path" : "Mobile Media Library/English - Video/Teaching and Lessons/Come, Follow Me/2023 New Testament Media Resources/November 13–November 19. James: \"Be Ye Doers of the Word, and Not Hearers Only\"",
  "collectionID" : "91416b0219a24b59936a277ee4671735",
  "language" : "eng",
  "type" : "DEFAULT",
  "lastUpdatedDate" : "2022-12-01T15:36:29.288-07:00",
  "links" : [ {
    "rel" : "details",
    "href" : "https://titanapi.churchofjesuschrist.org/assetsearch/api/v2/collection/details/collectionID/91416b0219a24b59936a277ee4671735"
  } ],
  "coverImages" : [ {
    "asset" : {
      "assetID" : "cfe22851c00411ecb819eeeeac1efb07e71a61ad"
    }
  } ],
  "related" : [ ],
  "metadata" : [ {
    "key" : "orderIndex",
    "value" : "41"
  }, {
    "key" : "collectionUri",
    "value" : "cfm-2023-videos-november-13-19",
    "language" : "eng"
  }, {
    "key" : "publicTitle",
    "value" : "November 13–November 19. James: \"Be Ye Doers of the Word, and Not Hearers Only\"",
    "language" : "eng"
  } ],
  "children" : [ ],
  "assets" : [ {
    "asset" : {
      "assetID" : "b988793a1ca055d1e9fdd11d9c82a2191d9e7cd8"
    },
    "index" : 0,
    "addedDate" : 1650045242111,
    "metadata" : [ ]
  }, {
    "asset" : {
      "assetID" : "6492bddc384fe93340420b1da5c5278848b2f91f"
    },
    "index" : 2,
    "addedDate" : 1650045312075,
    "metadata" : [ ]
  }, {
    "asset" : {
      "assetID" : "86d6097b37f06a1301a9ab57aaac5713fcdbab9e"
    },
    "index" : 3,
    "addedDate" : 1650045329330,
    "metadata" : [ ]
  }, {
    "asset" : {
      "assetID" : "fecf40a355b6c712d67b077081dcd7cdd7f5d098"
    },
    "index" : 1,
    "addedDate" : 1650045297306,
    "metadata" : [ ]
  } ],
  "fileName" : "91416b0219a24b59936a277ee4671735.json",
  "name" : "November 13–November 19. James: \"Be Ye Doers of the Word, and Not Hearers Only\"",
  "english" : true,
  "publicTitle" : "November 13–November 19. James: \"Be Ye Doers of the Word, and Not Hearers Only\"",
  "collectionUri" : "cfm-2023-videos-november-13-19"
}