{
  "parentCollectionID" : "0e22f7439564f2b0e7eeca06cca014d23569bcae",
  "parentCollectionPath" : "Mobile Media Library/English - Video/Teaching and Lessons/Seminary and Institute/Online Seminary/D&C Online Seminary Reference",
  "collectionType" : "assets",
  "path" : "Mobile Media Library/English - Video/Teaching and Lessons/Seminary and Institute/Online Seminary/D&C Online Seminary Reference/Unit 6 (D&C)",
  "collectionID" : "918a3a4ad0f623cf7d60dd1d7999aeb9c6f2e404",
  "language" : "eng",
  "type" : "DEFAULT",
  "lastUpdatedDate" : "2020-04-15T22:24:16.923-06:00",
  "links" : [ {
    "rel" : "details",
    "href" : "https://titanapi.churchofjesuschrist.org/assetsearch/api/v2/collection/details/collectionID/918a3a4ad0f623cf7d60dd1d7999aeb9c6f2e404"
  } ],
  "coverImages" : [ {
    "asset" : {
      "assetID" : "2ce65b4b827cb41974041108c83279292a70814e"
    }
  } ],
  "related" : [ ],
  "metadata" : [ {
    "key" : "collectionUri",
    "value" : "unit-6-dc",
    "language" : "eng"
  }, {
    "key" : "publicTitle",
    "value" : "Unit 6 (D&C)",
    "language" : "eng"
  }, {
    "key" : "orderIndex",
    "value" : "28"
  } ],
  "children" : [ ],
  "assets" : [ {
    "asset" : {
      "assetID" : "bc8368a43d5baa45ea08026d70140752a5c2e315"
    },
    "addedDate" : 1480957901043,
    "metadata" : [ ]
  }, {
    "asset" : {
      "assetID" : "6718b842d0ea98a4097bdfef358e726799e1f0f0"
    },
    "addedDate" : 1480957836024,
    "metadata" : [ ]
  }, {
    "asset" : {
      "assetID" : "aaa2f1677cd2513b6ca9b0989132fb8ac55217be"
    },
    "addedDate" : 1480957781055,
    "metadata" : [ ]
  }, {
    "asset" : {
      "assetID" : "fd9b3101272d03eec6d7ba20d2a377c530b41e79"
    },
    "addedDate" : 1480957750006,
    "metadata" : [ ]
  }, {
    "asset" : {
      "assetID" : "db65896539b2a975fffcec9e062956ae99c093c1"
    },
    "addedDate" : 1480957863049,
    "metadata" : [ ]
  }, {
    "asset" : {
      "assetID" : "01a70281b89b26b0fd3c33727e94876459afa8d6"
    },
    "addedDate" : 1480957947058,
    "metadata" : [ ]
  } ],
  "fileName" : "918a3a4ad0f623cf7d60dd1d7999aeb9c6f2e404.json",
  "name" : "Unit 6 (D&C)",
  "english" : true,
  "publicTitle" : "Unit 6 (D&C)",
  "collectionUri" : "unit-6-dc"
}