{
  "parentCollectionID" : "b91d19b3a88f45129e9ec20d8c175bfa",
  "parentCollectionPath" : "Mobile Media Library/English - Video/Scriptural Reenactments and Teachings/Book of Mormon Videos",
  "collectionType" : "assets",
  "path" : "Mobile Media Library/English - Video/Scriptural Reenactments and Teachings/Book of Mormon Videos/Ether 1-6, 12-13",
  "collectionID" : "918e0b4ea09546e3a8a65372e97f0d2e",
  "language" : "eng",
  "type" : "DEFAULT",
  "lastUpdatedDate" : "2024-11-25T14:44:51.975-07:00",
  "links" : [ {
    "rel" : "details",
    "href" : "https://titanapi.churchofjesuschrist.org/assetsearch/api/v2/collection/details/collectionID/918e0b4ea09546e3a8a65372e97f0d2e"
  } ],
  "coverImages" : [ {
    "asset" : {
      "assetID" : "f5102e1abcc7b5c28b449949857a4761f42c65a5"
    }
  } ],
  "related" : [ ],
  "metadata" : [ {
    "key" : "channel",
    "value" : "mobile",
    "language" : "eng"
  }, {
    "key" : "orderIndex",
    "value" : "47"
  }, {
    "key" : "collectionUri",
    "value" : "ether-1-6-12-13",
    "language" : "eng"
  }, {
    "key" : "publicTitle",
    "value" : "Ether 1–6, 12–13",
    "language" : "eng"
  } ],
  "children" : [ ],
  "assets" : [ {
    "asset" : {
      "assetID" : "d4613bd1b54f11eeb117eeeeac1edd56d8bcf3ca"
    },
    "index" : 0,
    "addedDate" : 1731087453134,
    "metadata" : [ ]
  }, {
    "asset" : {
      "assetID" : "n9jrnd2uvkkhskxvmc2zdegbcqcjszvl1uplg57b"
    },
    "index" : 3,
    "addedDate" : 1731087353173,
    "metadata" : [ ]
  }, {
    "asset" : {
      "assetID" : "rlgwq7htnj150hz104koqliswty21vo2rsurf317"
    },
    "index" : 6,
    "addedDate" : 1735681552752,
    "metadata" : [ ]
  }, {
    "asset" : {
      "assetID" : "w600twpibr3de2yr2a81uvry7tguva2i4x2x6ph3"
    },
    "index" : 4,
    "addedDate" : 1731087377311,
    "metadata" : [ ]
  }, {
    "asset" : {
      "assetID" : "7cy9sp9eocb30xndqgedclgwkphi3u33844mwruh"
    },
    "index" : 5,
    "addedDate" : 1731087391265,
    "metadata" : [ ]
  }, {
    "asset" : {
      "assetID" : "fg7r9wy3x4ltowsctaebukkas0wy1ye4o0emfp63"
    },
    "index" : 1,
    "addedDate" : 1731092209885,
    "metadata" : [ ]
  }, {
    "asset" : {
      "assetID" : "t3mcvjxhxycj6go1vm9dcr4j267r51qnavld16uu"
    },
    "index" : 2,
    "addedDate" : 1731087339142,
    "metadata" : [ ]
  } ],
  "fileName" : "918e0b4ea09546e3a8a65372e97f0d2e.json",
  "name" : "Ether 1-6, 12-13",
  "english" : true,
  "publicTitle" : "Ether 1–6, 12–13",
  "collectionUri" : "ether-1-6-12-13"
}