{
  "parentCollectionID" : "7dcef444e180851b96f8f79d6392f8963ec6952b",
  "parentCollectionPath" : "Mobile Media Library/English - Video/Broadcasts/General Conference",
  "collectionType" : "assets",
  "path" : "Mobile Media Library/English - Video/Broadcasts/General Conference/October 2014",
  "collectionID" : "91bec46a416e423ca83a03b5b2bd87f8",
  "language" : "eng",
  "type" : "DEFAULT",
  "lastUpdatedDate" : "2024-03-18T16:54:30.480-06:00",
  "links" : [ {
    "rel" : "details",
    "href" : "https://titanapi.churchofjesuschrist.org/assetsearch/api/v2/collection/details/collectionID/91bec46a416e423ca83a03b5b2bd87f8"
  } ],
  "coverImages" : [ {
    "asset" : {
      "assetID" : "6f88884d937b556f38560bb9f40c4f92db4cbb67"
    }
  } ],
  "related" : [ ],
  "metadata" : [ {
    "key" : "orderIndex",
    "value" : "20"
  }, {
    "key" : "channel",
    "value" : "mobile",
    "language" : "eng"
  }, {
    "key" : "collectionUri",
    "value" : "october-2014-general-conference",
    "language" : "eng"
  }, {
    "key" : "publicTitle",
    "value" : "October 2014",
    "language" : "eng"
  } ],
  "children" : [ ],
  "assets" : [ {
    "asset" : {
      "assetID" : "0688e1a8a77aea9ad916716c96ec020c4eaf903b"
    },
    "addedDate" : 1697498157456,
    "metadata" : [ ]
  }, {
    "asset" : {
      "assetID" : "078a60ca166d66b213a3ec236707e1e00f499bf6"
    },
    "addedDate" : 1697498168350,
    "metadata" : [ ]
  }, {
    "asset" : {
      "assetID" : "0ac227d0a01faec2529e1c11c8877158ffef9c75"
    },
    "addedDate" : 1697498120350,
    "metadata" : [ ]
  }, {
    "asset" : {
      "assetID" : "1cb99fb4479949df96f2e706f211162b58eed41b"
    },
    "addedDate" : 1697498131323,
    "metadata" : [ ]
  }, {
    "asset" : {
      "assetID" : "1e208606aec3d01e74cd2aa042150daa9a3d430f"
    },
    "addedDate" : 1697498168350,
    "metadata" : [ ]
  }, {
    "asset" : {
      "assetID" : "2a8c3a518f17d52ea6303a934bff0cffee45a081"
    },
    "addedDate" : 1697498257286,
    "metadata" : [ ]
  }, {
    "asset" : {
      "assetID" : "ed333e0efedb70c314c6f9c18c0ec373ff33bed7"
    },
    "addedDate" : 1697498257283,
    "metadata" : [ ]
  }, {
    "asset" : {
      "assetID" : "3d84606c9ef0b7bcbc3c19f0bd6811f9e2aecae5"
    },
    "addedDate" : 1697498131320,
    "metadata" : [ ]
  }, {
    "asset" : {
      "assetID" : "40783fb2e221b11cc0fcc5de84c4f33ea1e455d9"
    },
    "addedDate" : 1697498120346,
    "metadata" : [ ]
  }, {
    "asset" : {
      "assetID" : "4380e1cee00ba58ce40d512bdadd41447c8101e4"
    },
    "addedDate" : 1697498168350,
    "metadata" : [ ]
  }, {
    "asset" : {
      "assetID" : "450c0c4ca1a58a85c14677cf97cc0c6d4cd3c778"
    },
    "addedDate" : 1697498120333,
    "metadata" : [ ]
  }, {
    "asset" : {
      "assetID" : "467e49c8b1418d034a3bf1aa2e1babb9d6991b75"
    },
    "addedDate" : 1697498157453,
    "metadata" : [ ]
  }, {
    "asset" : {
      "assetID" : "4f66db622cbdf7eb905e3cb4a95649a624082770"
    },
    "addedDate" : 1697498131320,
    "metadata" : [ ]
  }, {
    "asset" : {
      "assetID" : "f32f10c21cf1558792d292d2c41fc9318b793e3b"
    },
    "addedDate" : 1697498146383,
    "metadata" : [ ]
  }, {
    "asset" : {
      "assetID" : "5b944c211028a54fc620d8eab74bd98832c794ad"
    },
    "addedDate" : 1697498168343,
    "metadata" : [ ]
  }, {
    "asset" : {
      "assetID" : "667d346f6d1d1ff52536e699e3bf30d791689a91"
    },
    "addedDate" : 1697498257290,
    "metadata" : [ ]
  }, {
    "asset" : {
      "assetID" : "706c91c57fa034bf4898a1552140075b45eb4e7a"
    },
    "addedDate" : 1697498120336,
    "metadata" : [ ]
  }, {
    "asset" : {
      "assetID" : "fd093c691cfd3082105a77254c7b9ea1d7760d8e"
    },
    "addedDate" : 1697498157463,
    "metadata" : [ ]
  }, {
    "asset" : {
      "assetID" : "824d2fa2ecd304c4b115c26c9dff82af05357ef7"
    },
    "addedDate" : 1697498120340,
    "metadata" : [ ]
  }, {
    "asset" : {
      "assetID" : "8aac1f5107e5c295548324437dd3117e2d59d601"
    },
    "addedDate" : 1697498257286,
    "metadata" : [ ]
  }, {
    "asset" : {
      "assetID" : "8f4469a06476c241590129b030296819c85a17be"
    },
    "addedDate" : 1697498168343,
    "metadata" : [ ]
  }, {
    "asset" : {
      "assetID" : "97cdee6b70c81d414a9ee48ac0f86cfe2823e47e"
    },
    "addedDate" : 1697498120346,
    "metadata" : [ ]
  }, {
    "asset" : {
      "assetID" : "c52eca9466591385701019ea2b47c71767d8d4ca"
    },
    "addedDate" : 1697498146380,
    "metadata" : [ ]
  }, {
    "asset" : {
      "assetID" : "e5afa26f0692397d2e4d887c60f81c59bc10f5e3"
    },
    "addedDate" : 1697498257293,
    "metadata" : [ ]
  }, {
    "asset" : {
      "assetID" : "a451dd594d539e4b683e156ce3aa060f6f24f299"
    },
    "addedDate" : 1697498131326,
    "metadata" : [ ]
  }, {
    "asset" : {
      "assetID" : "bbb2c62b3da4a6a6c3d9440eb83651e3f000d019"
    },
    "addedDate" : 1697498146363,
    "metadata" : [ ]
  }, {
    "asset" : {
      "assetID" : "ccb812565b2ea807b5c1c33c4b70851411073314"
    },
    "addedDate" : 1697498168340,
    "metadata" : [ ]
  }, {
    "asset" : {
      "assetID" : "de7ba4026bcd008cff279cf71cc440a1bc487d7c"
    },
    "addedDate" : 1697498131313,
    "metadata" : [ ]
  }, {
    "asset" : {
      "assetID" : "c35ad3a884f64858c629f0aac6b2d17cbc6b30d7"
    },
    "addedDate" : 1697498168360,
    "metadata" : [ ]
  }, {
    "asset" : {
      "assetID" : "6c73220ed239b5802fa65d08f6c1fe07eea41e25"
    },
    "addedDate" : 1697498157446,
    "metadata" : [ ]
  }, {
    "asset" : {
      "assetID" : "b33f921ab0d7bf395052d3e7a01dd0bb236b6c6a"
    },
    "addedDate" : 1697498257280,
    "metadata" : [ ]
  }, {
    "asset" : {
      "assetID" : "519ff43a5deb9c484f1a821f324c74e296ad70f3"
    },
    "addedDate" : 1697498157460,
    "metadata" : [ ]
  }, {
    "asset" : {
      "assetID" : "f5dd28be958d37ce1e6d0dd2a38881ba2718c61e"
    },
    "addedDate" : 1697498257280,
    "metadata" : [ ]
  }, {
    "asset" : {
      "assetID" : "7ebcd6084054e1e52255f5fa0a95d4b502325f80"
    },
    "addedDate" : 1697498146380,
    "metadata" : [ ]
  }, {
    "asset" : {
      "assetID" : "30b03d9ca3cf71b4fb35b08e7a3ff75a0e6a89a1"
    },
    "addedDate" : 1697498146370,
    "metadata" : [ ]
  }, {
    "asset" : {
      "assetID" : "696ed0b1b8d6b8e12eacd33772c89f208e79f7e9"
    },
    "addedDate" : 1697498146370,
    "metadata" : [ ]
  }, {
    "asset" : {
      "assetID" : "2e780149e922edb06506739920cfe030ee0c20c3"
    },
    "addedDate" : 1697498146366,
    "metadata" : [ ]
  }, {
    "asset" : {
      "assetID" : "46a81bb2ca51fc838d37198a611886ba7477d225"
    },
    "addedDate" : 1697498146383,
    "metadata" : [ ]
  }, {
    "asset" : {
      "assetID" : "4823d50f26d11a6cadec0632071722f97906ea16"
    },
    "addedDate" : 1697498146360,
    "metadata" : [ ]
  }, {
    "asset" : {
      "assetID" : "19bdb315bc539c0fb552f20b593edbb2adcf27fa"
    },
    "addedDate" : 1697498146373,
    "metadata" : [ ]
  }, {
    "asset" : {
      "assetID" : "5b6a2249ad46447bcb8d8ff111f16ee377d5e247"
    },
    "addedDate" : 1697498120330,
    "metadata" : [ ]
  }, {
    "asset" : {
      "assetID" : "5f8b23aa0308a96e7f0ec3f1c6e3a8c37500a173"
    },
    "addedDate" : 1697498120343,
    "metadata" : [ ]
  }, {
    "asset" : {
      "assetID" : "b13d3c3e618627c32a44e9f198ab08d2cedda569"
    },
    "addedDate" : 1697498120336,
    "metadata" : [ ]
  }, {
    "asset" : {
      "assetID" : "7c2936e9c29ef5a5d0c2b1acc1a155a27cc8cf12"
    },
    "addedDate" : 1697498257293,
    "metadata" : [ ]
  }, {
    "asset" : {
      "assetID" : "23aa61e42f42679fd50598176e0b43eff3921900"
    },
    "addedDate" : 1697498168346,
    "metadata" : [ ]
  }, {
    "asset" : {
      "assetID" : "51f215f734aafc7534592b30083fec53044e0455"
    },
    "addedDate" : 1697498120333,
    "metadata" : [ ]
  }, {
    "asset" : {
      "assetID" : "cccd78a40835a7b0dc5c460b196f37af3c7e2a4b"
    },
    "addedDate" : 1697498120343,
    "metadata" : [ ]
  }, {
    "asset" : {
      "assetID" : "8cc3cd58133beefae1cc9f098498917bc6ad249d"
    },
    "addedDate" : 1697498157460,
    "metadata" : [ ]
  }, {
    "asset" : {
      "assetID" : "186188baf0c3c1ae2efdc922b0803143de85b7d5"
    },
    "addedDate" : 1697498131323,
    "metadata" : [ ]
  }, {
    "asset" : {
      "assetID" : "6043fdac5da2e1452ffe1b56fb6bf5820547607d"
    },
    "addedDate" : 1697498120340,
    "metadata" : [ ]
  }, {
    "asset" : {
      "assetID" : "362789612b5e92c2d64e76bce594c5bb384a5590"
    },
    "addedDate" : 1697498168353,
    "metadata" : [ ]
  }, {
    "asset" : {
      "assetID" : "cda66708f43ca2df75be345735f05af4877a38e6"
    },
    "addedDate" : 1697498131310,
    "metadata" : [ ]
  }, {
    "asset" : {
      "assetID" : "c11a4910de5500b998458b0d41de89cac83c0384"
    },
    "addedDate" : 1697498131320,
    "metadata" : [ ]
  }, {
    "asset" : {
      "assetID" : "565320805c967b156f8cb17fb21e121033e222bb"
    },
    "addedDate" : 1697498168356,
    "metadata" : [ ]
  }, {
    "asset" : {
      "assetID" : "9d124b53f8f15c66e107ed18564ab7039499843f"
    },
    "addedDate" : 1697498257293,
    "metadata" : [ ]
  }, {
    "asset" : {
      "assetID" : "d19a2df3b16c0916b5df4b6ee2327bc5ad49e993"
    },
    "addedDate" : 1697498131316,
    "metadata" : [ ]
  }, {
    "asset" : {
      "assetID" : "505a74fe5af04ac58037912715a1a1dd21d844ee"
    },
    "addedDate" : 1697498257290,
    "metadata" : [ ]
  }, {
    "asset" : {
      "assetID" : "d72819594287286db4e8e5fef6f208a2f58c20e7"
    },
    "addedDate" : 1697498157456,
    "metadata" : [ ]
  }, {
    "asset" : {
      "assetID" : "186f561646f94d19fe33eb4ca354273d76921e62"
    },
    "addedDate" : 1697498257276,
    "metadata" : [ ]
  }, {
    "asset" : {
      "assetID" : "ce9e767d83f0233e6e1d0f74b316a03447631dc2"
    },
    "addedDate" : 1697498168340,
    "metadata" : [ ]
  }, {
    "asset" : {
      "assetID" : "f179e3666e7385e2fe9eebf75f67ea5a424b8324"
    },
    "addedDate" : 1697498257290,
    "metadata" : [ ]
  }, {
    "asset" : {
      "assetID" : "6761823e5b20f6b923953b5aab65ac775c25a8b9"
    },
    "addedDate" : 1697498157450,
    "metadata" : [ ]
  }, {
    "asset" : {
      "assetID" : "db9ccc6a96955fd2feb6636606341ce9ebefc11d"
    },
    "addedDate" : 1697498120350,
    "metadata" : [ ]
  }, {
    "asset" : {
      "assetID" : "55ea56bc1ffe15b76de82de9f1c33d4e9e41e0d3"
    },
    "addedDate" : 1697498131330,
    "metadata" : [ ]
  }, {
    "asset" : {
      "assetID" : "f1a055cf983d85d2ab8509df66d549e1b7d435cd"
    },
    "addedDate" : 1697498131316,
    "metadata" : [ ]
  }, {
    "asset" : {
      "assetID" : "9f9c07ab501f92b2afca5e838b0474a0fefe81a3"
    },
    "addedDate" : 1697498157466,
    "metadata" : [ ]
  }, {
    "asset" : {
      "assetID" : "ad139111b1bcbcd6513976f841ed5dfcb35f2dac"
    },
    "addedDate" : 1697498168360,
    "metadata" : [ ]
  }, {
    "asset" : {
      "assetID" : "9670397db6201a27e38a2c55a52c3c8162210bd3"
    },
    "addedDate" : 1697498157456,
    "metadata" : [ ]
  }, {
    "asset" : {
      "assetID" : "b40ef89f5a371d44821adc58df134951852a08a4"
    },
    "addedDate" : 1697498131326,
    "metadata" : [ ]
  } ],
  "fileName" : "91bec46a416e423ca83a03b5b2bd87f8.json",
  "name" : "October 2014",
  "english" : true,
  "publicTitle" : "October 2014",
  "collectionUri" : "october-2014-general-conference"
}