{
  "sourceCollectionId" : "8d8905cef700b03cb3afaabc032a3af882139e59",
  "parentCollectionID" : "22e3232e384c8650311b2940336759a89b8d6f8b",
  "parentCollectionPath" : "Mobile Media Library",
  "collectionType" : "collections",
  "path" : "Mobile Media Library/Thai - Video",
  "collectionID" : "91f9d05231f54c0fa893f908eee17c59",
  "language" : "tha",
  "type" : "DEFAULT",
  "lastUpdatedDate" : "2025-01-28T11:38:23.804-07:00",
  "links" : [ {
    "rel" : "details",
    "href" : "https://titanapi.churchofjesuschrist.org/assetsearch/api/v2/collection/details/collectionID/91f9d05231f54c0fa893f908eee17c59"
  } ],
  "coverImages" : [ {
    "asset" : {
      "assetID" : "5fed24fd67a45d2be64c74442c4f9d0bd5a89d21"
    }
  } ],
  "related" : [ ],
  "metadata" : [ {
    "key" : "orderIndex",
    "value" : "105"
  }, {
    "key" : "channel",
    "value" : "mobile",
    "language" : "tha"
  }, {
    "key" : "description",
    "value" : "ชุดวีดิทัศน์ที่ใหญ่ที่สุดที่สร้างโดยศาสนจักรของพระเยซูคริสต์แห่งวิสุทธิชนยุคสุดท้าย มีวีดิทัศน์สำหรับบทเรียน เยาวชน เด็ก การดลใจ การอบรม และอื่นๆ",
    "language" : "tha"
  }, {
    "key" : "collectionUri",
    "value" : "video",
    "language" : "tha"
  }, {
    "key" : "publicTitle",
    "value" : "วีดิทัศน์",
    "language" : "tha"
  } ],
  "children" : [ {
    "path" : "Mobile Media Library/Thai - Video/Church History",
    "collectionID" : "12fa05d1e1d14772a06bcc4cb168bcba4b9c1d12",
    "type" : "DEFAULT",
    "lastUpdatedDate" : "2022-04-18T00:50:08.796-06:00",
    "links" : [ {
      "rel" : "details",
      "href" : "https://titanapi.churchofjesuschrist.org/assetsearch/api/v2/collection/details/collectionID/12fa05d1e1d14772a06bcc4cb168bcba4b9c1d12"
    } ],
    "fileName" : "12fa05d1e1d14772a06bcc4cb168bcba4b9c1d12.json"
  }, {
    "path" : "Mobile Media Library/Thai - Video/Community Outreach",
    "collectionID" : "95ceb4eaf9a6411ba7900a2a3f0a49c669013af3",
    "type" : "DEFAULT",
    "lastUpdatedDate" : "2022-04-18T00:50:08.796-06:00",
    "links" : [ {
      "rel" : "details",
      "href" : "https://titanapi.churchofjesuschrist.org/assetsearch/api/v2/collection/details/collectionID/95ceb4eaf9a6411ba7900a2a3f0a49c669013af3"
    } ],
    "fileName" : "95ceb4eaf9a6411ba7900a2a3f0a49c669013af3.json"
  }, {
    "path" : "Mobile Media Library/Thai - Video/People",
    "collectionID" : "6a327a2c295c4324a9e005606f984c58c06a01a4",
    "type" : "DEFAULT",
    "lastUpdatedDate" : "2022-04-18T00:50:08.796-06:00",
    "links" : [ {
      "rel" : "details",
      "href" : "https://titanapi.churchofjesuschrist.org/assetsearch/api/v2/collection/details/collectionID/6a327a2c295c4324a9e005606f984c58c06a01a4"
    } ],
    "fileName" : "6a327a2c295c4324a9e005606f984c58c06a01a4.json"
  }, {
    "path" : "Mobile Media Library/Thai - Video/Youth",
    "collectionID" : "0e8520e337d7468b9fa478a615a269eeed601668",
    "type" : "DEFAULT",
    "lastUpdatedDate" : "2022-10-31T08:12:47.096-06:00",
    "links" : [ {
      "rel" : "details",
      "href" : "https://titanapi.churchofjesuschrist.org/assetsearch/api/v2/collection/details/collectionID/0e8520e337d7468b9fa478a615a269eeed601668"
    } ],
    "fileName" : "0e8520e337d7468b9fa478a615a269eeed601668.json"
  }, {
    "path" : "Mobile Media Library/Thai - Video/Broadcasts",
    "collectionID" : "7701af5042a84dcd88a87cd5a0e4d9d3f76ffd12",
    "type" : "DEFAULT",
    "lastUpdatedDate" : "2022-10-31T07:27:36.017-06:00",
    "links" : [ {
      "rel" : "details",
      "href" : "https://titanapi.churchofjesuschrist.org/assetsearch/api/v2/collection/details/collectionID/7701af5042a84dcd88a87cd5a0e4d9d3f76ffd12"
    } ],
    "fileName" : "7701af5042a84dcd88a87cd5a0e4d9d3f76ffd12.json"
  }, {
    "path" : "Mobile Media Library/Thai - Video/Callings and Trainings",
    "collectionID" : "1b3d9f44dce442eda4ed4df16741313073449848",
    "type" : "DEFAULT",
    "lastUpdatedDate" : "2022-04-18T00:50:08.796-06:00",
    "links" : [ {
      "rel" : "details",
      "href" : "https://titanapi.churchofjesuschrist.org/assetsearch/api/v2/collection/details/collectionID/1b3d9f44dce442eda4ed4df16741313073449848"
    } ],
    "fileName" : "1b3d9f44dce442eda4ed4df16741313073449848.json"
  }, {
    "path" : "Mobile Media Library/Thai - Video/Children",
    "collectionID" : "67f053679c174c51bb043b0aaed2c6d6ad870b10",
    "type" : "DEFAULT",
    "lastUpdatedDate" : "2022-04-18T00:50:08.796-06:00",
    "links" : [ {
      "rel" : "details",
      "href" : "https://titanapi.churchofjesuschrist.org/assetsearch/api/v2/collection/details/collectionID/67f053679c174c51bb043b0aaed2c6d6ad870b10"
    } ],
    "fileName" : "67f053679c174c51bb043b0aaed2c6d6ad870b10.json"
  }, {
    "path" : "Mobile Media Library/Thai - Video/Family History",
    "collectionID" : "b63f987cfacd4d6aa11c7a5ed2a34d896e1983d5",
    "type" : "DEFAULT",
    "lastUpdatedDate" : "2022-04-18T00:50:08.796-06:00",
    "links" : [ {
      "rel" : "details",
      "href" : "https://titanapi.churchofjesuschrist.org/assetsearch/api/v2/collection/details/collectionID/b63f987cfacd4d6aa11c7a5ed2a34d896e1983d5"
    } ],
    "fileName" : "b63f987cfacd4d6aa11c7a5ed2a34d896e1983d5.json"
  }, {
    "path" : "Mobile Media Library/Thai - Video/Inspiration",
    "collectionID" : "27044b44c1f6406385e65083d6f817d47f04b1b0",
    "type" : "DEFAULT",
    "lastUpdatedDate" : "2022-04-18T00:50:08.796-06:00",
    "links" : [ {
      "rel" : "details",
      "href" : "https://titanapi.churchofjesuschrist.org/assetsearch/api/v2/collection/details/collectionID/27044b44c1f6406385e65083d6f817d47f04b1b0"
    } ],
    "fileName" : "27044b44c1f6406385e65083d6f817d47f04b1b0.json"
  }, {
    "path" : "Mobile Media Library/Thai - Video/Life Help",
    "collectionID" : "393b17da9b8a49c18d8cd27d93c642ad0ce413a7",
    "type" : "DEFAULT",
    "lastUpdatedDate" : "2023-06-21T13:01:27.027-06:00",
    "links" : [ {
      "rel" : "details",
      "href" : "https://titanapi.churchofjesuschrist.org/assetsearch/api/v2/collection/details/collectionID/393b17da9b8a49c18d8cd27d93c642ad0ce413a7"
    } ],
    "fileName" : "393b17da9b8a49c18d8cd27d93c642ad0ce413a7.json"
  }, {
    "path" : "Mobile Media Library/Thai - Video/Scriptures",
    "collectionID" : "f1052e02b9da4628a41b6674bfbe6469d90e7d6a",
    "type" : "DEFAULT",
    "lastUpdatedDate" : "2022-04-18T00:50:08.796-06:00",
    "links" : [ {
      "rel" : "details",
      "href" : "https://titanapi.churchofjesuschrist.org/assetsearch/api/v2/collection/details/collectionID/f1052e02b9da4628a41b6674bfbe6469d90e7d6a"
    } ],
    "fileName" : "f1052e02b9da4628a41b6674bfbe6469d90e7d6a.json"
  }, {
    "path" : "Mobile Media Library/Thai - Video/Sharing the Gospel",
    "collectionID" : "9ad3975dd4fd4e6695d9093ccdf120bc4ec3fcd1",
    "type" : "DEFAULT",
    "lastUpdatedDate" : "2022-11-02T20:31:09.845-06:00",
    "links" : [ {
      "rel" : "details",
      "href" : "https://titanapi.churchofjesuschrist.org/assetsearch/api/v2/collection/details/collectionID/9ad3975dd4fd4e6695d9093ccdf120bc4ec3fcd1"
    } ],
    "fileName" : "9ad3975dd4fd4e6695d9093ccdf120bc4ec3fcd1.json"
  }, {
    "path" : "Mobile Media Library/Thai - Video/Teaching and Lessons",
    "collectionID" : "341a6bd766a9425ba3daa7aa7cb1f8432f25387a",
    "type" : "DEFAULT",
    "lastUpdatedDate" : "2022-10-31T07:45:13.277-06:00",
    "links" : [ {
      "rel" : "details",
      "href" : "https://titanapi.churchofjesuschrist.org/assetsearch/api/v2/collection/details/collectionID/341a6bd766a9425ba3daa7aa7cb1f8432f25387a"
    } ],
    "fileName" : "341a6bd766a9425ba3daa7aa7cb1f8432f25387a.json"
  }, {
    "path" : "Mobile Media Library/Thai - Video/Topics",
    "collectionID" : "4cb6e314fe3740cc9360490c088533acc79d346d",
    "type" : "DEFAULT",
    "lastUpdatedDate" : "2023-05-25T19:51:08.982-06:00",
    "links" : [ {
      "rel" : "details",
      "href" : "https://titanapi.churchofjesuschrist.org/assetsearch/api/v2/collection/details/collectionID/4cb6e314fe3740cc9360490c088533acc79d346d"
    } ],
    "fileName" : "4cb6e314fe3740cc9360490c088533acc79d346d.json"
  }, {
    "path" : "Mobile Media Library/Thai - Video/Holidays",
    "collectionID" : "98b2e86330ed40da8f8ddf00498d3b89",
    "type" : "DEFAULT",
    "lastUpdatedDate" : "2023-02-22T12:15:25.188-07:00",
    "links" : [ {
      "rel" : "details",
      "href" : "https://titanapi.churchofjesuschrist.org/assetsearch/api/v2/collection/details/collectionID/98b2e86330ed40da8f8ddf00498d3b89"
    } ],
    "fileName" : "98b2e86330ed40da8f8ddf00498d3b89.json"
  } ],
  "assets" : [ ],
  "fileName" : "91f9d05231f54c0fa893f908eee17c59.json",
  "name" : "Thai - Video",
  "english" : false,
  "publicTitle" : "วีดิทัศน์",
  "description" : "ชุดวีดิทัศน์ที่ใหญ่ที่สุดที่สร้างโดยศาสนจักรของพระเยซูคริสต์แห่งวิสุทธิชนยุคสุดท้าย มีวีดิทัศน์สำหรับบทเรียน เยาวชน เด็ก การดลใจ การอบรม และอื่นๆ",
  "collectionUri" : "video"
}