{
  "sourceCollectionId" : "8d8905cef700b03cb3afaabc032a3af882139e59",
  "parentCollectionID" : "22e3232e384c8650311b2940336759a89b8d6f8b",
  "parentCollectionPath" : "Mobile Media Library",
  "collectionType" : "collections",
  "path" : "Mobile Media Library/Cebuano - Video",
  "collectionID" : "92379195cba64bc9b50a094693faee39",
  "language" : "ceb",
  "type" : "DEFAULT",
  "lastUpdatedDate" : "2024-03-14T12:29:47.233-06:00",
  "links" : [ {
    "rel" : "details",
    "href" : "https://titanapi.churchofjesuschrist.org/assetsearch/api/v2/collection/details/collectionID/92379195cba64bc9b50a094693faee39"
  } ],
  "coverImages" : [ {
    "asset" : {
      "assetID" : "5fed24fd67a45d2be64c74442c4f9d0bd5a89d21"
    }
  } ],
  "related" : [ ],
  "metadata" : [ {
    "key" : "orderIndex",
    "value" : "115"
  }, {
    "key" : "collectionUri",
    "value" : "video",
    "language" : "ceb"
  }, {
    "key" : "publicTitle",
    "value" : "Mga Bidyo",
    "language" : "ceb"
  } ],
  "children" : [ {
    "path" : "Mobile Media Library/Cebuano - Video/Teaching and Lessons",
    "collectionID" : "14bbef4fd97b4255bb72ebd2b1ca9525",
    "type" : "DEFAULT",
    "lastUpdatedDate" : "2023-06-02T10:25:04.190-06:00",
    "links" : [ {
      "rel" : "details",
      "href" : "https://titanapi.churchofjesuschrist.org/assetsearch/api/v2/collection/details/collectionID/14bbef4fd97b4255bb72ebd2b1ca9525"
    } ],
    "fileName" : "14bbef4fd97b4255bb72ebd2b1ca9525.json"
  }, {
    "path" : "Mobile Media Library/Cebuano - Video/Life Help",
    "collectionID" : "ca9c67e2a4df47f587ab84ee483c54a5",
    "type" : "DEFAULT",
    "lastUpdatedDate" : "2023-12-12T11:35:00.934-07:00",
    "links" : [ {
      "rel" : "details",
      "href" : "https://titanapi.churchofjesuschrist.org/assetsearch/api/v2/collection/details/collectionID/ca9c67e2a4df47f587ab84ee483c54a5"
    } ],
    "fileName" : "ca9c67e2a4df47f587ab84ee483c54a5.json"
  }, {
    "path" : "Mobile Media Library/Cebuano - Video/Scriptural Reenactments and Teachings",
    "collectionID" : "0b558a563933454f9bcca4d12cbcaa10",
    "type" : "DEFAULT",
    "lastUpdatedDate" : "2023-12-30T00:07:02.135-07:00",
    "links" : [ {
      "rel" : "details",
      "href" : "https://titanapi.churchofjesuschrist.org/assetsearch/api/v2/collection/details/collectionID/0b558a563933454f9bcca4d12cbcaa10"
    } ],
    "fileName" : "0b558a563933454f9bcca4d12cbcaa10.json"
  }, {
    "path" : "Mobile Media Library/Cebuano - Video/Broadcasts",
    "collectionID" : "1a7b97d3c796474596ccffab961b440f",
    "type" : "DEFAULT",
    "lastUpdatedDate" : "2024-03-14T12:30:03.034-06:00",
    "links" : [ {
      "rel" : "details",
      "href" : "https://titanapi.churchofjesuschrist.org/assetsearch/api/v2/collection/details/collectionID/1a7b97d3c796474596ccffab961b440f"
    } ],
    "fileName" : "1a7b97d3c796474596ccffab961b440f.json"
  }, {
    "path" : "Mobile Media Library/Cebuano - Video/Videos for Children",
    "collectionID" : "2f95334f47b347c390afc5ed8cb89533",
    "type" : "DEFAULT",
    "lastUpdatedDate" : "2024-03-07T03:41:53.555-07:00",
    "links" : [ {
      "rel" : "details",
      "href" : "https://titanapi.churchofjesuschrist.org/assetsearch/api/v2/collection/details/collectionID/2f95334f47b347c390afc5ed8cb89533"
    } ],
    "fileName" : "2f95334f47b347c390afc5ed8cb89533.json"
  }, {
    "path" : "Mobile Media Library/Cebuano - Video/Sharing the Gospel",
    "collectionID" : "1c804235c096430992b0b39d7aeb715a",
    "type" : "DEFAULT",
    "lastUpdatedDate" : "2024-10-09T11:35:53.709-06:00",
    "links" : [ {
      "rel" : "details",
      "href" : "https://titanapi.churchofjesuschrist.org/assetsearch/api/v2/collection/details/collectionID/1c804235c096430992b0b39d7aeb715a"
    } ],
    "fileName" : "1c804235c096430992b0b39d7aeb715a.json"
  } ],
  "assets" : [ ],
  "fileName" : "92379195cba64bc9b50a094693faee39.json",
  "name" : "Cebuano - Video",
  "english" : false,
  "publicTitle" : "Mga Bidyo",
  "collectionUri" : "video"
}