{
  "parentCollectionID" : "18d6cbd720a17cdd47c2b4f1a8846c098ba9a1fc",
  "parentCollectionPath" : "Mobile Media Library/English - Video/Broadcasts/Youth Events",
  "collectionType" : "assets",
  "path" : "Mobile Media Library/English - Video/Broadcasts/Youth Events/Worldwide Devotional for Young Adults: A Face to Face Event with Elder Cook",
  "collectionID" : "929e534de5c54fc9a30a40ec691028ec",
  "language" : "eng",
  "type" : "DEFAULT",
  "lastUpdatedDate" : "2021-12-13T16:17:58.039-07:00",
  "links" : [ {
    "rel" : "details",
    "href" : "https://titanapi.churchofjesuschrist.org/assetsearch/api/v2/collection/details/collectionID/929e534de5c54fc9a30a40ec691028ec"
  } ],
  "coverImages" : [ {
    "asset" : {
      "assetID" : "6a0827f137f50274ab2cd37378484166aeb6d44e"
    }
  } ],
  "related" : [ ],
  "metadata" : [ {
    "key" : "orderIndex",
    "value" : "11"
  }, {
    "key" : "collectionUri",
    "value" : "worldwide-devotional-young-adults-face-to-face-elder-cook",
    "language" : "eng"
  }, {
    "key" : "publicTitle",
    "value" : "Worldwide Devotional for Young Adults: A Face to Face Event with Elder Cook",
    "language" : "eng"
  } ],
  "children" : [ ],
  "assets" : [ {
    "asset" : {
      "assetID" : "14c7ac7d5296e658b68ca04dc9749282b0b6a515"
    },
    "index" : 9,
    "addedDate" : 1590121642032,
    "metadata" : [ ]
  }, {
    "asset" : {
      "assetID" : "2b3435028ba0437691c9f131e7875351a2a06e80"
    },
    "index" : 10,
    "addedDate" : 1590121486509,
    "metadata" : [ ]
  }, {
    "asset" : {
      "assetID" : "3cf49532133d73bb3357b592928cc09cf43c3d3a"
    },
    "index" : 11,
    "addedDate" : 1590122378198,
    "metadata" : [ ]
  }, {
    "asset" : {
      "assetID" : "da03ad4a032cc36debf502ac16b465d211d86b15"
    },
    "index" : 2,
    "addedDate" : 1590121642033,
    "metadata" : [ ]
  }, {
    "asset" : {
      "assetID" : "f4004d044de7230064419e87bdd83a0c706fde46"
    },
    "index" : 1,
    "addedDate" : 1590121486504,
    "metadata" : [ ]
  }, {
    "asset" : {
      "assetID" : "f0a9115474eef4d978fb0acc371b6656b627f570"
    },
    "index" : 0,
    "addedDate" : 1590120231002,
    "metadata" : [ ]
  }, {
    "asset" : {
      "assetID" : "fbec3dbdca8cad4fcbe97890408706c5134fbfed"
    },
    "index" : 12,
    "addedDate" : 1590121642018,
    "metadata" : [ ]
  }, {
    "asset" : {
      "assetID" : "5d0960d406a429ce153d47da51f33c14e2dcb76d"
    },
    "index" : 7,
    "addedDate" : 1639437459080,
    "metadata" : [ ]
  } ],
  "fileName" : "929e534de5c54fc9a30a40ec691028ec.json",
  "name" : "Worldwide Devotional for Young Adults: A Face to Face Event with Elder Cook",
  "english" : true,
  "publicTitle" : "Worldwide Devotional for Young Adults: A Face to Face Event with Elder Cook",
  "collectionUri" : "worldwide-devotional-young-adults-face-to-face-elder-cook"
}