{
  "parentCollectionID" : "a362cf32612a48c380d0013df943b987",
  "parentCollectionPath" : "Mobile Media Library/English - Video/Teaching and Lessons/Come, Follow Me/2023 New Testament Media Resources",
  "collectionType" : "assets",
  "path" : "Mobile Media Library/English - Video/Teaching and Lessons/Come, Follow Me/2023 New Testament Media Resources/January 2–January 8. Matthew 1; Luke 1: “Be it unto Me According to Thy Word\"",
  "collectionID" : "93c6d167093e4a41a5b6b86c4179391e",
  "language" : "eng",
  "type" : "DEFAULT",
  "lastUpdatedDate" : "2022-12-01T14:22:40.155-07:00",
  "links" : [ {
    "rel" : "details",
    "href" : "https://titanapi.churchofjesuschrist.org/assetsearch/api/v2/collection/details/collectionID/93c6d167093e4a41a5b6b86c4179391e"
  } ],
  "coverImages" : [ {
    "asset" : {
      "assetID" : "d15a6eb104dba783602e1cfb564e93aef426e26e"
    }
  } ],
  "related" : [ ],
  "metadata" : [ {
    "key" : "orderIndex",
    "value" : "2"
  }, {
    "key" : "collectionUri",
    "value" : "cfm-2023-videos-january-2-8",
    "language" : "eng"
  }, {
    "key" : "publicTitle",
    "value" : "January 2–January 8. Matthew 1; Luke 1: “Be it unto Me According to Thy Word\"",
    "language" : "eng"
  } ],
  "children" : [ ],
  "assets" : [ {
    "asset" : {
      "assetID" : "c8d5a3d852b325608b13938c10a1acc5417cd573"
    },
    "index" : 0,
    "addedDate" : 1650042729795,
    "metadata" : [ ]
  }, {
    "asset" : {
      "assetID" : "434b7834cdd2ebe9684023a3f4cecd5a7bdb400d"
    },
    "index" : 1,
    "addedDate" : 1650042741181,
    "metadata" : [ ]
  }, {
    "asset" : {
      "assetID" : "1f6ca54735d711ecac35eeeeac1e7c59e0bf9b44"
    },
    "index" : 2,
    "addedDate" : 1652116433210,
    "metadata" : [ ]
  }, {
    "asset" : {
      "assetID" : "cd277a3235d811ec89b6eeeeac1e02ba99131a54"
    },
    "index" : 3,
    "addedDate" : 1652116440728,
    "metadata" : [ ]
  }, {
    "asset" : {
      "assetID" : "cc626ac335da11ecb675eeeeac1e6a69f69d504a"
    },
    "index" : 4,
    "addedDate" : 1652116448995,
    "metadata" : [ ]
  }, {
    "asset" : {
      "assetID" : "b5d376f235db11ec8868eeeeac1e3d389c6d8f82"
    },
    "index" : 5,
    "addedDate" : 1652116458128,
    "metadata" : [ ]
  } ],
  "fileName" : "93c6d167093e4a41a5b6b86c4179391e.json",
  "name" : "January 2–January 8. Matthew 1; Luke 1: “Be it unto Me According to Thy Word\"",
  "english" : true,
  "publicTitle" : "January 2–January 8. Matthew 1; Luke 1: “Be it unto Me According to Thy Word\"",
  "collectionUri" : "cfm-2023-videos-january-2-8"
}