{
  "parentCollectionID" : "bd59191796027fc53f46f5811862b4ff2baaa3b2",
  "parentCollectionPath" : "Mobile Media Library/English - Video/Topics",
  "collectionType" : "assets",
  "path" : "Mobile Media Library/English - Video/Topics/Pornography and Addiction",
  "collectionID" : "93d113c8807f4aabf0d19025214628e5ceb070b0",
  "language" : "eng",
  "type" : "DEFAULT",
  "lastUpdatedDate" : "2020-09-20T12:13:14.507-06:00",
  "links" : [ {
    "rel" : "details",
    "href" : "https://titanapi.churchofjesuschrist.org/assetsearch/api/v2/collection/details/collectionID/93d113c8807f4aabf0d19025214628e5ceb070b0"
  } ],
  "coverImages" : [ {
    "asset" : {
      "assetID" : "9ca5cc34970e9dd6ea8356e9dddda3466ba77ef6"
    }
  } ],
  "related" : [ ],
  "metadata" : [ {
    "key" : "description",
    "value" : "These videos address the gospel-centered response to the harm, dangers, and effects of pornography exposure on children, individuals, and families. Treatment, healthy sexuality, strong relationships, access to resources, and intervention through love are all vital to keeping our standards.",
    "language" : "eng"
  }, {
    "key" : "collectionUri",
    "value" : "pornography-and-addiction-topic",
    "language" : "eng"
  }, {
    "key" : "publicTitle",
    "value" : "Pornography",
    "language" : "eng"
  }, {
    "key" : "orderIndex",
    "value" : "75"
  } ],
  "children" : [ ],
  "assets" : [ {
    "asset" : {
      "assetID" : "86da231136f6aa5036e45189667b61ac4b5a1836"
    },
    "addedDate" : 1479852058055,
    "metadata" : [ ]
  }, {
    "asset" : {
      "assetID" : "1f56cc1ebb0a0121346a149bc6673a23793895fd"
    },
    "addedDate" : 1595861122000,
    "metadata" : [ ]
  }, {
    "asset" : {
      "assetID" : "26453aa00b1c2ebfd714217e2935464fe59d7396"
    },
    "addedDate" : 1595861086726,
    "metadata" : [ ]
  }, {
    "asset" : {
      "assetID" : "329de95e045b02c0a429db37ffbfc579b1ce5d91"
    },
    "addedDate" : 1595861158913,
    "metadata" : [ ]
  }, {
    "asset" : {
      "assetID" : "341bcadbce1d0e4672531f5d176465a610829c5a"
    },
    "addedDate" : 1595861086710,
    "metadata" : [ ]
  }, {
    "asset" : {
      "assetID" : "336329e666bc62b80f5b26b7fd1b89aa1bd83bcf"
    },
    "addedDate" : 1479852056031,
    "metadata" : [ ]
  }, {
    "asset" : {
      "assetID" : "a5c11945cbed9b692702b336524df5bbee4b7b29"
    },
    "addedDate" : 1479852059007,
    "metadata" : [ ]
  }, {
    "asset" : {
      "assetID" : "4fe2cd6fd8bee1479cb7739214d72b8c87f1c4bd"
    },
    "addedDate" : 1595861122000,
    "metadata" : [ ]
  }, {
    "asset" : {
      "assetID" : "5d97443f806addafd58ebae2411db74ec4057524"
    },
    "addedDate" : 1595861086710,
    "metadata" : [ ]
  }, {
    "asset" : {
      "assetID" : "7bd2900d21a8b219223ce8ad2464027d0f69d440"
    },
    "addedDate" : 1595861158880,
    "metadata" : [ ]
  }, {
    "asset" : {
      "assetID" : "888471c009f04054f6df27a4382ea75c5d8d49e6"
    },
    "addedDate" : 1595861122000,
    "metadata" : [ ]
  }, {
    "asset" : {
      "assetID" : "8f16b68828814c4a423c474b47f86e2555c79be8"
    },
    "addedDate" : 1595861086710,
    "metadata" : [ ]
  }, {
    "asset" : {
      "assetID" : "a238db282c5bc823c9b7819d169277aa0b208638"
    },
    "addedDate" : 1479852058001,
    "metadata" : [ ]
  }, {
    "asset" : {
      "assetID" : "9a0dd12000ab8fc6b1f2c7f6db2695349add32ca"
    },
    "addedDate" : 1595861158896,
    "metadata" : [ ]
  }, {
    "asset" : {
      "assetID" : "3c127989e4a21ef93c046245b77b0c9f262853e9"
    },
    "addedDate" : 1479852055070,
    "metadata" : [ ]
  }, {
    "asset" : {
      "assetID" : "ba4f5f9c4cb9e33e4fd5b134a92f3ef91664598d"
    },
    "addedDate" : 1595861122000,
    "metadata" : [ ]
  }, {
    "asset" : {
      "assetID" : "ca7206a75e378bbbae1319a227d471ee36c928f9"
    },
    "addedDate" : 1595861086726,
    "metadata" : [ ]
  }, {
    "asset" : {
      "assetID" : "ce7b346462bba0ca6725c74ea7827b6b80cd1b6f"
    },
    "addedDate" : 1595861122000,
    "metadata" : [ ]
  }, {
    "asset" : {
      "assetID" : "d413a6a10481f703a09c03869556cfa211badf57"
    },
    "addedDate" : 1595861086710,
    "metadata" : [ ]
  }, {
    "asset" : {
      "assetID" : "e2e6b9a085762889715750e8e606ada7c1f3b947"
    },
    "addedDate" : 1595861086726,
    "metadata" : [ ]
  }, {
    "asset" : {
      "assetID" : "f2348b1f9133a0fbbb3912d9b05b8b993a8d334a"
    },
    "addedDate" : 1595861158880,
    "metadata" : [ ]
  }, {
    "asset" : {
      "assetID" : "d56b649c6f411511eed66f12361c9ed01c2b839b"
    },
    "addedDate" : 1595861158880,
    "metadata" : [ ]
  }, {
    "asset" : {
      "assetID" : "f59bf859e09cbf6f8d1969651cf49128ac927592"
    },
    "addedDate" : 1595861086726,
    "metadata" : [ ]
  }, {
    "asset" : {
      "assetID" : "4c6a2e3bae53ad6bf392a1b9551de4efb412c576"
    },
    "addedDate" : 1479852055011,
    "metadata" : [ ]
  }, {
    "asset" : {
      "assetID" : "c3a0a28b37ca3ec1752998c5b4d7e0486f0a78a1"
    },
    "addedDate" : 1595861158880,
    "metadata" : [ ]
  }, {
    "asset" : {
      "assetID" : "c29257064263d64d7655eb9a1e057c0d902df712"
    },
    "addedDate" : 1595861122016,
    "metadata" : [ ]
  }, {
    "asset" : {
      "assetID" : "1c528c9025a20e169a60c59fb479eb9fc81f05a9"
    },
    "addedDate" : 1592433100074,
    "metadata" : [ ]
  }, {
    "asset" : {
      "assetID" : "28e29f484c6bce5da1419f86f2352b12ae58a9d6"
    },
    "addedDate" : 1632956827732,
    "metadata" : [ ]
  }, {
    "asset" : {
      "assetID" : "31c4ba3185aefe9137de23044afe918c7d7ba300"
    },
    "addedDate" : 1592433099902,
    "metadata" : [ ]
  }, {
    "asset" : {
      "assetID" : "4b9cddb92e8d41c8be7bfad56e0f010eae04bf51"
    },
    "addedDate" : 1592433100058,
    "metadata" : [ ]
  } ],
  "fileName" : "93d113c8807f4aabf0d19025214628e5ceb070b0.json",
  "name" : "Pornography and Addiction",
  "english" : true,
  "publicTitle" : "Pornography",
  "description" : "These videos address the gospel-centered response to the harm, dangers, and effects of pornography exposure on children, individuals, and families. Treatment, healthy sexuality, strong relationships, access to resources, and intervention through love are all vital to keeping our standards.",
  "collectionUri" : "pornography-and-addiction-topic"
}