{
  "sourceCollectionId" : "1beb114a0f9d4943b42efb5831170d96",
  "parentCollectionID" : "22e3232e384c8650311b2940336759a89b8d6f8b",
  "parentCollectionPath" : "Mobile Media Library",
  "collectionType" : "assets",
  "path" : "Mobile Media Library/Mandarin Traditional - GS Banner - Videos Only",
  "collectionID" : "941dda836bd84ce4a7a78fd811d151c5",
  "language" : "zho",
  "type" : "DEFAULT",
  "lastUpdatedDate" : "2025-01-27T13:54:05.113-07:00",
  "links" : [ {
    "rel" : "details",
    "href" : "https://titanapi.churchofjesuschrist.org/assetsearch/api/v2/collection/details/collectionID/941dda836bd84ce4a7a78fd811d151c5"
  } ],
  "coverImages" : [ ],
  "related" : [ ],
  "metadata" : [ {
    "key" : "orderIndex",
    "value" : "58"
  }, {
    "key" : "channel",
    "value" : "mobile",
    "language" : "zho"
  }, {
    "key" : "collectionUri",
    "value" : "gospel-stream-banner",
    "language" : "zho"
  }, {
    "key" : "publicTitle",
    "value" : "Mandarin Traditional - GS Banner - Videos Only",
    "language" : "zho"
  } ],
  "children" : [ ],
  "assets" : [ {
    "asset" : {
      "assetID" : "00bc15dafc238cdf95dc184777b432581f0b92c8"
    },
    "index" : 1,
    "addedDate" : 1737376487098,
    "metadata" : [ ]
  }, {
    "asset" : {
      "assetID" : "4ab96bb72961229896a95a445d71dbd172a81973"
    },
    "index" : 4,
    "addedDate" : 1736303757862,
    "metadata" : [ ]
  }, {
    "asset" : {
      "assetID" : "bd241b04dbce11eeb625eeeeac1ee969692cf00f"
    },
    "index" : 5,
    "addedDate" : 1736304198076,
    "metadata" : [ ]
  }, {
    "asset" : {
      "assetID" : "7b822ff47f6b11ef9c8c0626c361eb55916e66fc"
    },
    "index" : 0,
    "addedDate" : 1738010480915,
    "metadata" : [ ]
  }, {
    "asset" : {
      "assetID" : "9jju9q5ona5vf4zlqe2w8n2yxiry021v5jqh63fb"
    },
    "index" : 6,
    "addedDate" : 1737375840301,
    "metadata" : [ ]
  }, {
    "asset" : {
      "assetID" : "yoy8c03z4b0qlv70uy03pu8osqv0xsme9hnfcn8m"
    },
    "index" : 3,
    "addedDate" : 1736011913378,
    "metadata" : [ ]
  } ],
  "fileName" : "941dda836bd84ce4a7a78fd811d151c5.json",
  "name" : "Mandarin Traditional - GS Banner - Videos Only",
  "english" : false,
  "publicTitle" : "Mandarin Traditional - GS Banner - Videos Only",
  "collectionUri" : "gospel-stream-banner"
}