{
  "parentCollectionID" : "22e3232e384c8650311b2940336759a89b8d6f8b",
  "parentCollectionPath" : "Mobile Media Library",
  "collectionType" : "collections",
  "path" : "Mobile Media Library/English - Images",
  "collectionID" : "9469dcd2e95b0f73fd237301b21fecbd372d2e60",
  "language" : "eng",
  "type" : "DEFAULT",
  "lastUpdatedDate" : "2021-04-14T09:05:15.237-06:00",
  "links" : [ {
    "rel" : "details",
    "href" : "https://titanapi.churchofjesuschrist.org/assetsearch/api/v2/collection/details/collectionID/9469dcd2e95b0f73fd237301b21fecbd372d2e60"
  } ],
  "coverImages" : [ {
    "asset" : {
      "assetID" : "6a577129ad6d2231ee1715db32ddf72721fdb049"
    }
  } ],
  "related" : [ ],
  "metadata" : [ {
    "key" : "description",
    "value" : "The largest collection of imagery provided by The Church of Jesus Christ of Latter-day Saints, including Gospel art, high-quality images for print, temples, activity pages, images of people living the gospel, and more.",
    "language" : "eng"
  }, {
    "key" : "collectionUri",
    "value" : "images",
    "language" : "eng"
  }, {
    "key" : "publicTitle",
    "value" : "Image Collections",
    "language" : "eng"
  }, {
    "key" : "orderIndex",
    "value" : "4"
  } ],
  "children" : [ {
    "path" : "Mobile Media Library/English - Images/High Quality Images for Print",
    "collectionID" : "0e7a4a56def9439eb21c8e324f6b1a80",
    "type" : "DEFAULT",
    "lastUpdatedDate" : "2020-05-28T19:18:17.796-06:00",
    "links" : [ {
      "rel" : "details",
      "href" : "https://titanapi.churchofjesuschrist.org/assetsearch/api/v2/collection/details/collectionID/0e7a4a56def9439eb21c8e324f6b1a80"
    } ],
    "fileName" : "0e7a4a56def9439eb21c8e324f6b1a80.json"
  }, {
    "path" : "Mobile Media Library/English - Images/Church Places",
    "collectionID" : "e515e0089ef54928ba46278752bce4ae",
    "type" : "DEFAULT",
    "lastUpdatedDate" : "2020-05-28T19:13:17.540-06:00",
    "links" : [ {
      "rel" : "details",
      "href" : "https://titanapi.churchofjesuschrist.org/assetsearch/api/v2/collection/details/collectionID/e515e0089ef54928ba46278752bce4ae"
    } ],
    "fileName" : "e515e0089ef54928ba46278752bce4ae.json"
  }, {
    "path" : "Mobile Media Library/English - Images/Children and Youth",
    "collectionID" : "3e592a31c4df4248a0c3a17b228c4461",
    "type" : "DEFAULT",
    "lastUpdatedDate" : "2022-11-20T22:47:54.736-07:00",
    "links" : [ {
      "rel" : "details",
      "href" : "https://titanapi.churchofjesuschrist.org/assetsearch/api/v2/collection/details/collectionID/3e592a31c4df4248a0c3a17b228c4461"
    } ],
    "fileName" : "3e592a31c4df4248a0c3a17b228c4461.json"
  }, {
    "path" : "Mobile Media Library/English - Images/Church Themes, Proclamations, and Symbols",
    "collectionID" : "bc4e4131b8d64c38802bba015adfc325",
    "type" : "DEFAULT",
    "lastUpdatedDate" : "2025-01-15T15:37:30.115-07:00",
    "links" : [ {
      "rel" : "details",
      "href" : "https://titanapi.churchofjesuschrist.org/assetsearch/api/v2/collection/details/collectionID/bc4e4131b8d64c38802bba015adfc325"
    } ],
    "fileName" : "bc4e4131b8d64c38802bba015adfc325.json"
  }, {
    "path" : "Mobile Media Library/English - Images/Images for Ward Webpages, Events, and Activities",
    "collectionID" : "6314efa423f448c9bd67420a1acc836e",
    "type" : "DEFAULT",
    "lastUpdatedDate" : "2022-03-05T18:39:29.784-07:00",
    "links" : [ {
      "rel" : "details",
      "href" : "https://titanapi.churchofjesuschrist.org/assetsearch/api/v2/collection/details/collectionID/6314efa423f448c9bd67420a1acc836e"
    } ],
    "fileName" : "6314efa423f448c9bd67420a1acc836e.json"
  }, {
    "path" : "Mobile Media Library/English - Images/Jesus Christ",
    "collectionID" : "fa330d3a654afc4b7a77b3b7587f69318afafa9f",
    "type" : "DEFAULT",
    "lastUpdatedDate" : "2020-05-28T19:20:25.744-06:00",
    "links" : [ {
      "rel" : "details",
      "href" : "https://titanapi.churchofjesuschrist.org/assetsearch/api/v2/collection/details/collectionID/fa330d3a654afc4b7a77b3b7587f69318afafa9f"
    } ],
    "fileName" : "fa330d3a654afc4b7a77b3b7587f69318afafa9f.json"
  }, {
    "path" : "Mobile Media Library/English - Images/Gospel Art",
    "collectionID" : "8dbc5e5c514b2b19366f2ba521d3815fe32f8b63",
    "type" : "DEFAULT",
    "lastUpdatedDate" : "2020-05-28T19:17:25.174-06:00",
    "links" : [ {
      "rel" : "details",
      "href" : "https://titanapi.churchofjesuschrist.org/assetsearch/api/v2/collection/details/collectionID/8dbc5e5c514b2b19366f2ba521d3815fe32f8b63"
    } ],
    "fileName" : "8dbc5e5c514b2b19366f2ba521d3815fe32f8b63.json"
  }, {
    "path" : "Mobile Media Library/English - Images/Easter",
    "collectionID" : "063f9cd3a6e737d1baa1213d98cefdc81d1ac8ba",
    "type" : "DEFAULT",
    "lastUpdatedDate" : "2020-05-28T19:16:38.515-06:00",
    "links" : [ {
      "rel" : "details",
      "href" : "https://titanapi.churchofjesuschrist.org/assetsearch/api/v2/collection/details/collectionID/063f9cd3a6e737d1baa1213d98cefdc81d1ac8ba"
    } ],
    "fileName" : "063f9cd3a6e737d1baa1213d98cefdc81d1ac8ba.json"
  }, {
    "path" : "Mobile Media Library/English - Images/Primary",
    "collectionID" : "eb5c299bc22f8ec40bc009e0cb4e7602a58ebdd5",
    "type" : "DEFAULT",
    "lastUpdatedDate" : "2020-05-28T19:23:49.845-06:00",
    "links" : [ {
      "rel" : "details",
      "href" : "https://titanapi.churchofjesuschrist.org/assetsearch/api/v2/collection/details/collectionID/eb5c299bc22f8ec40bc009e0cb4e7602a58ebdd5"
    } ],
    "fileName" : "eb5c299bc22f8ec40bc009e0cb4e7602a58ebdd5.json"
  }, {
    "path" : "Mobile Media Library/English - Images/Inspirational Picture Quotes",
    "collectionID" : "0a6f5c1ab86b0ffa9c51527c9d17d801a0ac6f28",
    "type" : "DEFAULT",
    "lastUpdatedDate" : "2020-05-28T19:19:46.360-06:00",
    "links" : [ {
      "rel" : "details",
      "href" : "https://titanapi.churchofjesuschrist.org/assetsearch/api/v2/collection/details/collectionID/0a6f5c1ab86b0ffa9c51527c9d17d801a0ac6f28"
    } ],
    "fileName" : "0a6f5c1ab86b0ffa9c51527c9d17d801a0ac6f28.json"
  }, {
    "path" : "Mobile Media Library/English - Images/Seminary and Institute",
    "collectionID" : "7cc9ddd92701024b15b40ac9cc8ff20cf7daa80a",
    "type" : "DEFAULT",
    "lastUpdatedDate" : "2020-05-28T19:26:13.939-06:00",
    "links" : [ {
      "rel" : "details",
      "href" : "https://titanapi.churchofjesuschrist.org/assetsearch/api/v2/collection/details/collectionID/7cc9ddd92701024b15b40ac9cc8ff20cf7daa80a"
    } ],
    "fileName" : "7cc9ddd92701024b15b40ac9cc8ff20cf7daa80a.json"
  }, {
    "path" : "Mobile Media Library/English - Images/Church Leaders",
    "collectionID" : "9a451d7a2e6aaf68b23ca86bc550934ebb50e362",
    "type" : "DEFAULT",
    "lastUpdatedDate" : "2020-05-28T19:12:32.178-06:00",
    "links" : [ {
      "rel" : "details",
      "href" : "https://titanapi.churchofjesuschrist.org/assetsearch/api/v2/collection/details/collectionID/9a451d7a2e6aaf68b23ca86bc550934ebb50e362"
    } ],
    "fileName" : "9a451d7a2e6aaf68b23ca86bc550934ebb50e362.json"
  }, {
    "path" : "Mobile Media Library/English - Images/Living the Gospel",
    "collectionID" : "1d5d569ab33dea67f63cbcdcc87bc8756d679194",
    "type" : "DEFAULT",
    "lastUpdatedDate" : "2020-05-28T19:21:42.517-06:00",
    "links" : [ {
      "rel" : "details",
      "href" : "https://titanapi.churchofjesuschrist.org/assetsearch/api/v2/collection/details/collectionID/1d5d569ab33dea67f63cbcdcc87bc8756d679194"
    } ],
    "fileName" : "1d5d569ab33dea67f63cbcdcc87bc8756d679194.json"
  }, {
    "path" : "Mobile Media Library/English - Images/Christmas",
    "collectionID" : "bd3938f5a52ad9a0740cc4e6dd2f63a04f7bdc71",
    "type" : "DEFAULT",
    "lastUpdatedDate" : "2020-05-28T19:11:44.732-06:00",
    "links" : [ {
      "rel" : "details",
      "href" : "https://titanapi.churchofjesuschrist.org/assetsearch/api/v2/collection/details/collectionID/bd3938f5a52ad9a0740cc4e6dd2f63a04f7bdc71"
    } ],
    "fileName" : "bd3938f5a52ad9a0740cc4e6dd2f63a04f7bdc71.json"
  }, {
    "path" : "Mobile Media Library/English - Images/Scriptures",
    "collectionID" : "8d3bb0b2a87e38236f379416dfbc9d3bee8f049e",
    "type" : "DEFAULT",
    "lastUpdatedDate" : "2020-05-28T19:25:56.676-06:00",
    "links" : [ {
      "rel" : "details",
      "href" : "https://titanapi.churchofjesuschrist.org/assetsearch/api/v2/collection/details/collectionID/8d3bb0b2a87e38236f379416dfbc9d3bee8f049e"
    } ],
    "fileName" : "8d3bb0b2a87e38236f379416dfbc9d3bee8f049e.json"
  }, {
    "path" : "Mobile Media Library/English - Images/Things",
    "collectionID" : "ebe9016d63bf24f85c746b43cbd6af1b881e127a",
    "type" : "DEFAULT",
    "lastUpdatedDate" : "2025-01-22T14:44:59.055-07:00",
    "links" : [ {
      "rel" : "details",
      "href" : "https://titanapi.churchofjesuschrist.org/assetsearch/api/v2/collection/details/collectionID/ebe9016d63bf24f85c746b43cbd6af1b881e127a"
    } ],
    "fileName" : "ebe9016d63bf24f85c746b43cbd6af1b881e127a.json"
  }, {
    "path" : "Mobile Media Library/English - Images/Temples",
    "collectionID" : "2a73a834f68146454eded7351f1c4b5a876593da",
    "type" : "DEFAULT",
    "lastUpdatedDate" : "2020-05-28T19:26:29.510-06:00",
    "links" : [ {
      "rel" : "details",
      "href" : "https://titanapi.churchofjesuschrist.org/assetsearch/api/v2/collection/details/collectionID/2a73a834f68146454eded7351f1c4b5a876593da"
    } ],
    "fileName" : "2a73a834f68146454eded7351f1c4b5a876593da.json"
  }, {
    "path" : "Mobile Media Library/English - Images/Relief Society",
    "collectionID" : "a12ea80051ea67452305dc1e02e932ac2f083972",
    "type" : "DEFAULT",
    "lastUpdatedDate" : "2020-05-28T19:25:19.733-06:00",
    "links" : [ {
      "rel" : "details",
      "href" : "https://titanapi.churchofjesuschrist.org/assetsearch/api/v2/collection/details/collectionID/a12ea80051ea67452305dc1e02e932ac2f083972"
    } ],
    "fileName" : "a12ea80051ea67452305dc1e02e932ac2f083972.json"
  }, {
    "path" : "Mobile Media Library/English - Images/Come, Follow Me: Learning and Teaching Resources",
    "collectionID" : "8e52ed1fde104c08bf056f5684f945cf",
    "type" : "DEFAULT",
    "lastUpdatedDate" : "2020-05-28T19:14:20.970-06:00",
    "links" : [ {
      "rel" : "details",
      "href" : "https://titanapi.churchofjesuschrist.org/assetsearch/api/v2/collection/details/collectionID/8e52ed1fde104c08bf056f5684f945cf"
    } ],
    "fileName" : "8e52ed1fde104c08bf056f5684f945cf.json"
  }, {
    "path" : "Mobile Media Library/English - Images/Book of Mormon Videos Images",
    "collectionID" : "34e45933a7b44d51940c29bcd6abf154",
    "type" : "DEFAULT",
    "lastUpdatedDate" : "2023-09-01T00:10:12.065-06:00",
    "links" : [ {
      "rel" : "details",
      "href" : "https://titanapi.churchofjesuschrist.org/assetsearch/api/v2/collection/details/collectionID/34e45933a7b44d51940c29bcd6abf154"
    } ],
    "fileName" : "34e45933a7b44d51940c29bcd6abf154.json"
  }, {
    "path" : "Mobile Media Library/English - Images/Everyday People",
    "collectionID" : "581ec055c97645f793f67f053ce42bfc",
    "type" : "DEFAULT",
    "lastUpdatedDate" : "2020-05-28T19:17:04.358-06:00",
    "links" : [ {
      "rel" : "details",
      "href" : "https://titanapi.churchofjesuschrist.org/assetsearch/api/v2/collection/details/collectionID/581ec055c97645f793f67f053ce42bfc"
    } ],
    "fileName" : "581ec055c97645f793f67f053ce42bfc.json"
  }, {
    "path" : "Mobile Media Library/English - Images/Infographics",
    "collectionID" : "6fe0a9a83bf7447e92546fa8514430e9",
    "type" : "DEFAULT",
    "lastUpdatedDate" : "2020-05-28T19:18:37.291-06:00",
    "links" : [ {
      "rel" : "details",
      "href" : "https://titanapi.churchofjesuschrist.org/assetsearch/api/v2/collection/details/collectionID/6fe0a9a83bf7447e92546fa8514430e9"
    } ],
    "fileName" : "6fe0a9a83bf7447e92546fa8514430e9.json"
  }, {
    "path" : "Mobile Media Library/English - Images/Digital Pass-Along Cards",
    "collectionID" : "c64d57743f9c4a088ca9b24a75f7fc11",
    "type" : "DEFAULT",
    "lastUpdatedDate" : "2021-03-02T21:44:35.677-07:00",
    "links" : [ {
      "rel" : "details",
      "href" : "https://titanapi.churchofjesuschrist.org/assetsearch/api/v2/collection/details/collectionID/c64d57743f9c4a088ca9b24a75f7fc11"
    } ],
    "fileName" : "c64d57743f9c4a088ca9b24a75f7fc11.json"
  }, {
    "path" : "Mobile Media Library/English - Images/Church Initiatives",
    "collectionID" : "7fba38f45c614a85892c28912fd1aee2",
    "type" : "DEFAULT",
    "lastUpdatedDate" : "2025-01-22T11:04:52.009-07:00",
    "links" : [ {
      "rel" : "details",
      "href" : "https://titanapi.churchofjesuschrist.org/assetsearch/api/v2/collection/details/collectionID/7fba38f45c614a85892c28912fd1aee2"
    } ],
    "fileName" : "7fba38f45c614a85892c28912fd1aee2.json"
  } ],
  "assets" : [ ],
  "fileName" : "9469dcd2e95b0f73fd237301b21fecbd372d2e60.json",
  "name" : "English - Images",
  "english" : true,
  "publicTitle" : "Image Collections",
  "description" : "The largest collection of imagery provided by The Church of Jesus Christ of Latter-day Saints, including Gospel art, high-quality images for print, temples, activity pages, images of people living the gospel, and more.",
  "collectionUri" : "images"
}