{
  "parentCollectionID" : "bd59191796027fc53f46f5811862b4ff2baaa3b2",
  "parentCollectionPath" : "Mobile Media Library/English - Video/Topics",
  "collectionType" : "assets",
  "path" : "Mobile Media Library/English - Video/Topics/Individual Worth",
  "collectionID" : "94752b4df43358c3052079e49b3f690cf56e89eb",
  "language" : "eng",
  "type" : "DEFAULT",
  "lastUpdatedDate" : "2022-03-31T11:54:37.650-06:00",
  "links" : [ {
    "rel" : "details",
    "href" : "https://titanapi.churchofjesuschrist.org/assetsearch/api/v2/collection/details/collectionID/94752b4df43358c3052079e49b3f690cf56e89eb"
  } ],
  "coverImages" : [ {
    "asset" : {
      "assetID" : "92c783575b44a13737221face1c79f64f476c739"
    }
  } ],
  "related" : [ ],
  "metadata" : [ {
    "key" : "channel",
    "value" : "mobile",
    "language" : "eng"
  }, {
    "key" : "description",
    "value" : "Self-esteem is found knowing our true identities and developing our own gifts. In this collection, discover that we deserve self-compassion and self-kindness as God’s greatest creations.",
    "language" : "eng"
  }, {
    "key" : "collectionUri",
    "value" : "individual-worth-topic",
    "language" : "eng"
  }, {
    "key" : "publicTitle",
    "value" : "Individual Worth",
    "language" : "eng"
  }, {
    "key" : "orderIndex",
    "value" : "49"
  } ],
  "children" : [ ],
  "assets" : [ {
    "asset" : {
      "assetID" : "6c292b2f882c8453fe2cc30af0c47686621bef21"
    },
    "addedDate" : 1632956847907,
    "metadata" : [ ]
  }, {
    "asset" : {
      "assetID" : "9772e938727e7cec91926aa3327eb95779e9eb16"
    },
    "addedDate" : 1524155038070,
    "metadata" : [ ]
  }, {
    "asset" : {
      "assetID" : "c8a493ded18ee6287ac3612b15a04bc79a88a8cb"
    },
    "addedDate" : 1479747654061,
    "metadata" : [ ]
  }, {
    "asset" : {
      "assetID" : "e9d7459ef21fb5449f6864abaf004942ae46fd5b"
    },
    "addedDate" : 1479747716074,
    "metadata" : [ ]
  }, {
    "asset" : {
      "assetID" : "8f4e3a580ea67311fc8c64887a8b45b8d9434f47"
    },
    "addedDate" : 1479747707006,
    "metadata" : [ ]
  }, {
    "asset" : {
      "assetID" : "4B06CE85C1F5C24AEAB658F284E2E671E9EE2D18"
    },
    "addedDate" : 1555952014545,
    "metadata" : [ ]
  }, {
    "asset" : {
      "assetID" : "a3e2cf35abdc67cf4611e05f91b3ed60958338cd"
    },
    "addedDate" : 1592433100981,
    "metadata" : [ ]
  }, {
    "asset" : {
      "assetID" : "h96dvptdzpxplyeiw3xcuil0nueppl5d4afkp1jr"
    },
    "addedDate" : 1592433100997,
    "metadata" : [ ]
  }, {
    "asset" : {
      "assetID" : "1c222490f388e0ef25dc5234d7076b266edc1a9f"
    },
    "addedDate" : 1632956825187,
    "metadata" : [ ]
  }, {
    "asset" : {
      "assetID" : "a7bf1f6ab8e54bb88a2752d43403732121a74b8a"
    },
    "addedDate" : 1592433099980,
    "metadata" : [ ]
  }, {
    "asset" : {
      "assetID" : "3528a34e4d036089da83bb63edace8d33171c79c"
    },
    "addedDate" : 1592433100574,
    "metadata" : [ ]
  }, {
    "asset" : {
      "assetID" : "B07670A0830F94405F26A6DBB067A99C79183A08"
    },
    "index" : 14,
    "addedDate" : 1597335812557,
    "metadata" : [ ]
  }, {
    "asset" : {
      "assetID" : "457796dbaacf11eca5e7eeeeac1e4f87426a8ac0"
    },
    "addedDate" : 1657832812595,
    "metadata" : [ ]
  }, {
    "asset" : {
      "assetID" : "a11d85df0cf411ec8867eeeeac1e900a4ed6ffd6"
    },
    "addedDate" : 1657832728338,
    "metadata" : [ ]
  } ],
  "fileName" : "94752b4df43358c3052079e49b3f690cf56e89eb.json",
  "name" : "Individual Worth",
  "english" : true,
  "publicTitle" : "Individual Worth",
  "description" : "Self-esteem is found knowing our true identities and developing our own gifts. In this collection, discover that we deserve self-compassion and self-kindness as God’s greatest creations.",
  "collectionUri" : "individual-worth-topic"
}