{
  "parentCollectionID" : "5a3ba1ceff2116bd34479c93c2c013de8ce70591",
  "parentCollectionPath" : "Mobile Media Library/English - Video/Life Help/Self-Reliance Services and PEF",
  "collectionType" : "assets",
  "path" : "Mobile Media Library/English - Video/Life Help/Self-Reliance Services and PEF/Self-Reliance: My Path",
  "collectionID" : "9483fe8d6ab29782621f714f9409ab2489958b8b",
  "language" : "eng",
  "type" : "DEFAULT",
  "lastUpdatedDate" : "2019-10-28T16:40:50.643-06:00",
  "links" : [ {
    "rel" : "details",
    "href" : "https://titanapi.churchofjesuschrist.org/assetsearch/api/v2/collection/details/collectionID/9483fe8d6ab29782621f714f9409ab2489958b8b"
  } ],
  "coverImages" : [ {
    "asset" : {
      "assetID" : "340ae780086301eec437c56eeb382384e93db0b1"
    }
  } ],
  "related" : [ ],
  "metadata" : [ {
    "key" : "collectionUri",
    "value" : "self-reliance-my-path",
    "language" : "eng"
  }, {
    "key" : "publicTitle",
    "value" : "Self-Reliance: My Path",
    "language" : "eng"
  } ],
  "children" : [ ],
  "assets" : [ {
    "asset" : {
      "assetID" : "74a2b160c732e7613bf30411d455e9d00c3673a6"
    },
    "addedDate" : 1478714784000,
    "metadata" : [ ]
  }, {
    "asset" : {
      "assetID" : "01ab8657e5ad425dcdeb450858e2c71ad04dd4ac"
    },
    "addedDate" : 1490649907082,
    "metadata" : [ ]
  }, {
    "asset" : {
      "assetID" : "3b30ce96fcca2e7ccb484bbbee6c53a8c192334a"
    },
    "addedDate" : 1490649923071,
    "metadata" : [ ]
  } ],
  "fileName" : "9483fe8d6ab29782621f714f9409ab2489958b8b.json",
  "name" : "Self-Reliance: My Path",
  "english" : true,
  "publicTitle" : "Self-Reliance: My Path",
  "collectionUri" : "self-reliance-my-path"
}