{
  "parentCollectionID" : "45da0b3642d96d4326b77bd113aa93d376590856",
  "parentCollectionPath" : "Mobile Media Library/English - Video/Broadcasts/Young Adult and Youth Devotionals",
  "collectionType" : "assets",
  "path" : "Mobile Media Library/English - Video/Broadcasts/Young Adult and Youth Devotionals/Worldwide Devotional Full Sessions",
  "collectionID" : "951fc19a58ee4fa9bc6ea207fcf2b557",
  "language" : "eng",
  "type" : "DEFAULT",
  "lastUpdatedDate" : "2024-02-28T22:22:07.804-07:00",
  "links" : [ {
    "rel" : "details",
    "href" : "https://titanapi.churchofjesuschrist.org/assetsearch/api/v2/collection/details/collectionID/951fc19a58ee4fa9bc6ea207fcf2b557"
  } ],
  "coverImages" : [ {
    "asset" : {
      "assetID" : "7a2d4851dba411ecbf04eeeeac1e1f66973e677f"
    }
  } ],
  "related" : [ ],
  "metadata" : [ {
    "key" : "channel",
    "value" : "mobile",
    "language" : "eng"
  }, {
    "key" : "orderIndex",
    "value" : "1"
  }, {
    "key" : "collectionUri",
    "value" : "worldwide-devotional-full-sessions",
    "language" : "eng"
  }, {
    "key" : "publicTitle",
    "value" : "Worldwide Devotional Full Sessions",
    "language" : "eng"
  } ],
  "children" : [ ],
  "assets" : [ {
    "asset" : {
      "assetID" : "1135fde4260fc8986bf37bcc51826dd1aa46b6ed"
    },
    "index" : 18,
    "addedDate" : 1576624666686,
    "metadata" : [ ]
  }, {
    "asset" : {
      "assetID" : "1e43d508ee1c584ba26f26b66f13ce5eed6418a3"
    },
    "index" : 17,
    "addedDate" : 1648245588388,
    "metadata" : [ ]
  }, {
    "asset" : {
      "assetID" : "3005b192c85ac911bbc8d64fca6178bd3db149e2"
    },
    "index" : 21,
    "addedDate" : 1576624637000,
    "metadata" : [ ]
  }, {
    "asset" : {
      "assetID" : "71b4a5fe6bdc5f3baeda1372f31b18e37f856fd2"
    },
    "index" : 22,
    "addedDate" : 1576624637013,
    "metadata" : [ ]
  }, {
    "asset" : {
      "assetID" : "724a02e42b9add924d7b88ad183bd6d2e9b55c20"
    },
    "index" : 20,
    "addedDate" : 1579234165944,
    "metadata" : [ ]
  }, {
    "asset" : {
      "assetID" : "9772e938727e7cec91926aa3327eb95779e9eb16"
    },
    "index" : 27,
    "addedDate" : 1702676680191,
    "metadata" : [ ]
  }, {
    "asset" : {
      "assetID" : "b7d83ba9fbbb22ef86e044991fae556abd9b8c14"
    },
    "index" : 19,
    "addedDate" : 1579234176999,
    "metadata" : [ ]
  }, {
    "asset" : {
      "assetID" : "f0a9115474eef4d978fb0acc371b6656b627f570"
    },
    "index" : 16,
    "addedDate" : 1583543332033,
    "metadata" : [ ]
  }, {
    "asset" : {
      "assetID" : "FF2EC5AC6EB5F0397617FD7E7707E1DE0714B108"
    },
    "index" : 15,
    "addedDate" : 1576624694600,
    "metadata" : [ ]
  }, {
    "asset" : {
      "assetID" : "d22be8573fe834f0960e5dbc7b0c34486367c776"
    },
    "index" : 25,
    "addedDate" : 1595218255666,
    "metadata" : [ ]
  }, {
    "asset" : {
      "assetID" : "2b86bf4e37339fcdf6a0d4b050395600a79c52e8"
    },
    "index" : 23,
    "addedDate" : 1579234154303,
    "metadata" : [ ]
  }, {
    "asset" : {
      "assetID" : "86f466d5aaec838d28657c700a47ed82ff7003bd"
    },
    "index" : 26,
    "addedDate" : 1579234142486,
    "metadata" : [ ]
  }, {
    "asset" : {
      "assetID" : "962a926f08b27ebe54464052ee6553a96ddbc1da"
    },
    "index" : 24,
    "addedDate" : 1595218256869,
    "metadata" : [ ]
  }, {
    "asset" : {
      "assetID" : "375D34D09B4BCCD72358F7DACB729FD1F5623988"
    },
    "index" : 14,
    "addedDate" : 1579234187541,
    "metadata" : [ ]
  }, {
    "asset" : {
      "assetID" : "0AC880F5ADFE3B0F2C5FD940A1585C4C4BBB1C68"
    },
    "index" : 13,
    "addedDate" : 1579057229968,
    "metadata" : [ ]
  }, {
    "asset" : {
      "assetID" : "4DB384DF3B9CE00C60CD848DE835BF80A38B7F92"
    },
    "index" : 12,
    "addedDate" : 1590528848333,
    "metadata" : [ ]
  }, {
    "asset" : {
      "assetID" : "F4D59D34577580486B02B708A9AA5AB506EDF64F"
    },
    "index" : 10,
    "addedDate" : 1610689499994,
    "metadata" : [ ]
  }, {
    "asset" : {
      "assetID" : "B2A8EF13AE4020CA4F4268396702874BCAFAD15C"
    },
    "index" : 11,
    "addedDate" : 1610774218727,
    "metadata" : [ ]
  }, {
    "asset" : {
      "assetID" : "58EE8555F0EC961A63F59E972A7E6B872EEE3EEC"
    },
    "index" : 9,
    "addedDate" : 1623788533543,
    "metadata" : [ ]
  }, {
    "asset" : {
      "assetID" : "de404d2018e75240ac399e54fa4d1607caf0abcd"
    },
    "index" : 8,
    "addedDate" : 1647961804066,
    "metadata" : [ ]
  }, {
    "asset" : {
      "assetID" : "d539077b6d9d11ecae56eeeeac1eb20fd952aac8"
    },
    "index" : 6,
    "addedDate" : 1647961810313,
    "metadata" : [ ]
  }, {
    "asset" : {
      "assetID" : "f1e11d4371c911ecb00ceeeeac1e3d649b87d511"
    },
    "index" : 7,
    "addedDate" : 1647961796579,
    "metadata" : [ ]
  }, {
    "asset" : {
      "assetID" : "947c631bd4bd11ec884beeeeac1e1b61d62f6ae6"
    },
    "index" : 5,
    "addedDate" : 1657209752169,
    "metadata" : [ ]
  }, {
    "asset" : {
      "assetID" : "5770b0732ed811eda047eeeeac1e54b6a514079e"
    },
    "index" : 4,
    "addedDate" : 1666595098471,
    "metadata" : [ ]
  }, {
    "asset" : {
      "assetID" : "138157118fcb11ed9f6beeeeac1e5bd0a679c8e9"
    },
    "index" : 3,
    "addedDate" : 1676047478537,
    "metadata" : [ ]
  }, {
    "asset" : {
      "assetID" : "113337e6f84311edb2b2eeeeac1ecde5482c9ab1"
    },
    "index" : 2,
    "addedDate" : 1686956984196,
    "metadata" : [ ]
  }, {
    "asset" : {
      "assetID" : "da634e6d865411eeb9d4eeeeac1e6c04027ea171"
    },
    "index" : 1,
    "addedDate" : 1709184106700,
    "metadata" : [ ]
  }, {
    "asset" : {
      "assetID" : "51fba1c6ced711ee8b17eeeeac1ef9a8e54751d9"
    },
    "index" : 0,
    "addedDate" : 1708981935158,
    "metadata" : [ ]
  } ],
  "fileName" : "951fc19a58ee4fa9bc6ea207fcf2b557.json",
  "name" : "Worldwide Devotional Full Sessions",
  "english" : true,
  "publicTitle" : "Worldwide Devotional Full Sessions",
  "collectionUri" : "worldwide-devotional-full-sessions"
}