{
  "parentCollectionID" : "7dcef444e180851b96f8f79d6392f8963ec6952b",
  "parentCollectionPath" : "Mobile Media Library/English - Video/Broadcasts/General Conference",
  "collectionType" : "assets",
  "path" : "Mobile Media Library/English - Video/Broadcasts/General Conference/October 2023",
  "collectionID" : "97bc9e191c04455996e6cb7180e6afa5",
  "language" : "eng",
  "type" : "DEFAULT",
  "lastUpdatedDate" : "2023-10-06T16:46:25.906-06:00",
  "links" : [ {
    "rel" : "details",
    "href" : "https://titanapi.churchofjesuschrist.org/assetsearch/api/v2/collection/details/collectionID/97bc9e191c04455996e6cb7180e6afa5"
  } ],
  "coverImages" : [ {
    "asset" : {
      "assetID" : "e2f76414518811ee8bf5eeeeac1e13362f48d898"
    }
  } ],
  "related" : [ ],
  "metadata" : [ {
    "key" : "orderIndex",
    "value" : "2"
  }, {
    "key" : "channel",
    "value" : "mobile",
    "language" : "eng"
  }, {
    "key" : "description",
    "value" : "October 2023 general conference",
    "language" : "eng"
  }, {
    "key" : "collectionUri",
    "value" : "october-2023-general-conference",
    "language" : "eng"
  }, {
    "key" : "publicTitle",
    "value" : "October 2023",
    "language" : "eng"
  } ],
  "children" : [ ],
  "assets" : [ {
    "asset" : {
      "assetID" : "5bfeb5d35fb611ee899deeeeac1e3d2223bae2cc"
    },
    "index" : 2,
    "addedDate" : 1696544470881,
    "metadata" : [ ]
  }, {
    "asset" : {
      "assetID" : "030706775fb711eea0f9eeeeac1e8c70a605453c"
    },
    "index" : 1,
    "addedDate" : 1696544470783,
    "metadata" : [ ]
  }, {
    "asset" : {
      "assetID" : "feb5f7a85fbd11ee9f3feeeeac1e81db9e56d085"
    },
    "index" : 3,
    "addedDate" : 1696544470969,
    "metadata" : [ ]
  }, {
    "asset" : {
      "assetID" : "bd4e63055fbe11eebf21eeeeac1e324c8846b7a3"
    },
    "index" : 5,
    "addedDate" : 1696544471160,
    "metadata" : [ ]
  }, {
    "asset" : {
      "assetID" : "86d3efa85fc011ee9f4eeeeeac1edf59b37344f6"
    },
    "index" : 12,
    "addedDate" : 1696544472113,
    "metadata" : [ ]
  }, {
    "asset" : {
      "assetID" : "952e19a05fc011eebcebeeeeac1e8a5408839af6"
    },
    "index" : 4,
    "addedDate" : 1696544471063,
    "metadata" : [ ]
  }, {
    "asset" : {
      "assetID" : "c67611215fc011eebcebeeeeac1e8a5426edb2c9"
    },
    "index" : 7,
    "addedDate" : 1696544471425,
    "metadata" : [ ]
  }, {
    "asset" : {
      "assetID" : "c6e01d8b5fc011ee868eeeeeac1e067764bfdbdc"
    },
    "index" : 10,
    "addedDate" : 1696544471816,
    "metadata" : [ ]
  }, {
    "asset" : {
      "assetID" : "479f6ad95fc511ee8833eeeeac1e37f885cb6b43"
    },
    "index" : 8,
    "addedDate" : 1696544471559,
    "metadata" : [ ]
  }, {
    "asset" : {
      "assetID" : "e5934a7d5fc711ee95cceeeeac1e299f4df3bbfd"
    },
    "index" : 0,
    "addedDate" : 1696544470693,
    "metadata" : [ ]
  }, {
    "asset" : {
      "assetID" : "0c344a265fca11eeb2c0eeeeac1ec72fdd13bfc5"
    },
    "index" : 9,
    "addedDate" : 1696544471691,
    "metadata" : [ ]
  }, {
    "asset" : {
      "assetID" : "2e1ca6e55fd011ee9c50eeeeac1e2ea5dcb4db4d"
    },
    "index" : 11,
    "addedDate" : 1696544471979,
    "metadata" : [ ]
  }, {
    "asset" : {
      "assetID" : "89f22b6c5fdb11ee8023eeeeac1e3588bbe46e36"
    },
    "index" : 17,
    "addedDate" : 1696544472672,
    "metadata" : [ ]
  }, {
    "asset" : {
      "assetID" : "d22dfdae5fdb11ee868eeeeeac1e0677cb8c71ec"
    },
    "index" : 18,
    "addedDate" : 1696544472817,
    "metadata" : [ ]
  }, {
    "asset" : {
      "assetID" : "f4f465c35fde11ee9b71eeeeac1e02ef28a49bc8"
    },
    "index" : 24,
    "addedDate" : 1696544473661,
    "metadata" : [ ]
  }, {
    "asset" : {
      "assetID" : "0dacacd25fdf11ee8744eeeeac1e0d366eda3e7b"
    },
    "index" : 23,
    "addedDate" : 1696544473505,
    "metadata" : [ ]
  }, {
    "asset" : {
      "assetID" : "93dae2c05fe111ee9f4eeeeeac1edf59b7b9f7ce"
    },
    "index" : 6,
    "addedDate" : 1696544471294,
    "metadata" : [ ]
  }, {
    "asset" : {
      "assetID" : "0f98c89f5fe311eebcebeeeeac1e8a545310555b"
    },
    "index" : 15,
    "addedDate" : 1696544472457,
    "metadata" : [ ]
  }, {
    "asset" : {
      "assetID" : "4264ab895fe411ee814ceeeeac1ef2ec51f5a2b7"
    },
    "index" : 22,
    "addedDate" : 1696544473364,
    "metadata" : [ ]
  }, {
    "asset" : {
      "assetID" : "b21ff5655ff111eeac46eeeeac1e55e91ef75e74"
    },
    "index" : 14,
    "addedDate" : 1696544472332,
    "metadata" : [ ]
  }, {
    "asset" : {
      "assetID" : "2d9623d15ff311ee87daeeeeac1e81d65b0029d6"
    },
    "index" : 16,
    "addedDate" : 1696544472582,
    "metadata" : [ ]
  }, {
    "asset" : {
      "assetID" : "00c1e4b75ff411ee982beeeeac1e5692cfd61a83"
    },
    "index" : 21,
    "addedDate" : 1696544473223,
    "metadata" : [ ]
  }, {
    "asset" : {
      "assetID" : "4390bf965ff511ee9f78eeeeac1e2e9a6960da16"
    },
    "index" : 19,
    "addedDate" : 1696544472958,
    "metadata" : [ ]
  }, {
    "asset" : {
      "assetID" : "cf3028145ff511eeabe5eeeeac1ee25b96654fad"
    },
    "index" : 13,
    "addedDate" : 1696544472202,
    "metadata" : [ ]
  }, {
    "asset" : {
      "assetID" : "ec26fbdb5ff811eebd0ceeeeac1e26be1ba763aa"
    },
    "index" : 25,
    "addedDate" : 1696544473802,
    "metadata" : [ ]
  }, {
    "asset" : {
      "assetID" : "f34027285ff811ee87c3eeeeac1e2efbd4fc9015"
    },
    "index" : 20,
    "addedDate" : 1696544473083,
    "metadata" : [ ]
  }, {
    "asset" : {
      "assetID" : "12ac55ca5ffe11eebffceeeeac1ee0bc9caff381"
    },
    "index" : 33,
    "addedDate" : 1696544474832,
    "metadata" : [ ]
  }, {
    "asset" : {
      "assetID" : "5c5c8651600311eea2eeeeeeac1e9cd4fb93948c"
    },
    "index" : 29,
    "addedDate" : 1696544474286,
    "metadata" : [ ]
  }, {
    "asset" : {
      "assetID" : "8e045ba1600411eebabdeeeeac1e0d0a53757d85"
    },
    "index" : 30,
    "addedDate" : 1696544474427,
    "metadata" : [ ]
  }, {
    "asset" : {
      "assetID" : "4e46780f600811ee83cceeeeac1e68128c0f6a90"
    },
    "index" : 27,
    "addedDate" : 1696544474036,
    "metadata" : [ ]
  }, {
    "asset" : {
      "assetID" : "5c24e241600811ee9eaeeeeeac1e925fc2c4fb77"
    },
    "index" : 26,
    "addedDate" : 1696544473906,
    "metadata" : [ ]
  }, {
    "asset" : {
      "assetID" : "61066d0b600811eeabe5eeeeac1ee25b2a787bad"
    },
    "index" : 34,
    "addedDate" : 1696544474974,
    "metadata" : [ ]
  }, {
    "asset" : {
      "assetID" : "6e10e586600811ee84e2eeeeac1e37ca531a3def"
    },
    "index" : 28,
    "addedDate" : 1696544474162,
    "metadata" : [ ]
  }, {
    "asset" : {
      "assetID" : "7dc8a3a4600811eebabdeeeeac1e0d0a606d60a3"
    },
    "index" : 32,
    "addedDate" : 1696544474684,
    "metadata" : [ ]
  }, {
    "asset" : {
      "assetID" : "98894868600911eebabdeeeeac1e0d0a379b466f"
    },
    "index" : 31,
    "addedDate" : 1696544474584,
    "metadata" : [ ]
  }, {
    "asset" : {
      "assetID" : "50996c98607b11ee9625eeeeac1e11718907d7e2"
    },
    "index" : 38,
    "addedDate" : 1696544475507,
    "metadata" : [ ]
  }, {
    "asset" : {
      "assetID" : "86da38bf608111ee851aeeeeac1e3795e92cbc27"
    },
    "index" : 39,
    "addedDate" : 1696544475660,
    "metadata" : [ ]
  }, {
    "asset" : {
      "assetID" : "05206fbc608611ee9d04eeeeac1e02df377a29d9"
    },
    "index" : 43,
    "addedDate" : 1696544537583,
    "metadata" : [ ]
  }, {
    "asset" : {
      "assetID" : "2cb2c9a9608711ee8193eeeeac1ec73492d30801"
    },
    "index" : 41,
    "addedDate" : 1696544475944,
    "metadata" : [ ]
  }, {
    "asset" : {
      "assetID" : "28cc55d0608911eebe26eeeeac1ef2cc74c0d255"
    },
    "index" : 44,
    "addedDate" : 1696544537739,
    "metadata" : [ ]
  }, {
    "asset" : {
      "assetID" : "05979ea8608a11ee8ee7eeeeac1edf7d9d97e2d1"
    },
    "index" : 46,
    "addedDate" : 1696544538026,
    "metadata" : [ ]
  }, {
    "asset" : {
      "assetID" : "6853a6d7608a11eebe26eeeeac1ef2cc117b353f"
    },
    "index" : 36,
    "addedDate" : 1696544475235,
    "metadata" : [ ]
  }, {
    "asset" : {
      "assetID" : "797aac61608a11eeac46eeeeac1e55e91bdf5634"
    },
    "index" : 42,
    "addedDate" : 1696544537442,
    "metadata" : [ ]
  }, {
    "asset" : {
      "assetID" : "7e5902e4608a11eea881eeeeac1e32726b28547d"
    },
    "index" : 37,
    "addedDate" : 1696544475365,
    "metadata" : [ ]
  }, {
    "asset" : {
      "assetID" : "86f3ec24608a11ee94bfeeeeac1e13172556c9aa"
    },
    "index" : 45,
    "addedDate" : 1696544537879,
    "metadata" : [ ]
  }, {
    "asset" : {
      "assetID" : "94ec2000608a11ee8c81eeeeac1e10c9be8596f9"
    },
    "index" : 47,
    "addedDate" : 1696544538204,
    "metadata" : [ ]
  }, {
    "asset" : {
      "assetID" : "efaffc80608c11eebec3eeeeac1e8d8ff2ea9dfc"
    },
    "index" : 40,
    "addedDate" : 1696544475785,
    "metadata" : [ ]
  }, {
    "asset" : {
      "assetID" : "83f43867609811eea2eeeeeeac1e9cd4db0998cd"
    },
    "index" : 35,
    "addedDate" : 1696544475076,
    "metadata" : [ ]
  }, {
    "asset" : {
      "assetID" : "491e40d6609f11ee87c3eeeeac1e2efb1e475245"
    },
    "index" : 51,
    "addedDate" : 1696544538739,
    "metadata" : [ ]
  }, {
    "asset" : {
      "assetID" : "958e8db860a211eea978eeeeac1ef95b44296e97"
    },
    "index" : 54,
    "addedDate" : 1696544539194,
    "metadata" : [ ]
  }, {
    "asset" : {
      "assetID" : "f6d77dd560a211eebffceeeeac1ee0bcd02352b0"
    },
    "index" : 50,
    "addedDate" : 1696544538598,
    "metadata" : [ ]
  }, {
    "asset" : {
      "assetID" : "1ac37a2660a611eeac46eeeeac1e55e92efffcc5"
    },
    "index" : 56,
    "addedDate" : 1696544539489,
    "metadata" : [ ]
  }, {
    "asset" : {
      "assetID" : "7a0d3ec960a611ee9f78eeeeac1e2e9aa01af7a2"
    },
    "index" : 57,
    "addedDate" : 1696544539620,
    "metadata" : [ ]
  }, {
    "asset" : {
      "assetID" : "a30dcd6160b211eea449eeeeac1e924bb7382f51"
    },
    "index" : 59,
    "addedDate" : 1696544539865,
    "metadata" : [ ]
  }, {
    "asset" : {
      "assetID" : "41c83be560b611eea883eeeeac1e325e0265a4b6"
    },
    "index" : 53,
    "addedDate" : 1696544539022,
    "metadata" : [ ]
  }, {
    "asset" : {
      "assetID" : "70cdbfaa60c511eea11feeeeac1e37b038f38889"
    },
    "index" : 60,
    "addedDate" : 1696544539991,
    "metadata" : [ ]
  }, {
    "asset" : {
      "assetID" : "79adc84e60c511eeb413eeeeac1ed5a31def243a"
    },
    "index" : 55,
    "addedDate" : 1696544539353,
    "metadata" : [ ]
  }, {
    "asset" : {
      "assetID" : "7e203da260c511ee85b3eeeeac1e7ed08aee8dab"
    },
    "index" : 52,
    "addedDate" : 1696544538880,
    "metadata" : [ ]
  }, {
    "asset" : {
      "assetID" : "8193e08c60c511eeae0eeeeeac1e81d5267677c5"
    },
    "index" : 49,
    "addedDate" : 1696544538476,
    "metadata" : [ ]
  }, {
    "asset" : {
      "assetID" : "835ce0c060c511eeb8efeeeeac1e9cc3b1e0a21e"
    },
    "index" : 58,
    "addedDate" : 1696544539725,
    "metadata" : [ ]
  }, {
    "asset" : {
      "assetID" : "ed15045260c711eeaee7eeeeac1e7c429b803f83"
    },
    "index" : 48,
    "addedDate" : 1696544538365,
    "metadata" : [ ]
  } ],
  "fileName" : "97bc9e191c04455996e6cb7180e6afa5.json",
  "name" : "October 2023",
  "english" : true,
  "publicTitle" : "October 2023",
  "description" : "October 2023 general conference",
  "collectionUri" : "october-2023-general-conference"
}