{
  "sourceCollectionId" : "38b9e81d44343bf4204296241568235d6e8e77c6",
  "parentCollectionID" : "22e3232e384c8650311b2940336759a89b8d6f8b",
  "parentCollectionPath" : "Mobile Media Library",
  "collectionType" : "collections",
  "path" : "Mobile Media Library/Italian - Featured",
  "collectionID" : "9a59989bd3ce4292ad647258864f540a",
  "language" : "ita",
  "type" : "DEFAULT",
  "lastUpdatedDate" : "2024-07-22T13:54:41.324-06:00",
  "links" : [ {
    "rel" : "details",
    "href" : "https://titanapi.churchofjesuschrist.org/assetsearch/api/v2/collection/details/collectionID/9a59989bd3ce4292ad647258864f540a"
  } ],
  "coverImages" : [ {
    "asset" : {
      "assetID" : "5c5b75ddcf2269030e0462f3d042f36cce3d87c7"
    }
  } ],
  "related" : [ ],
  "metadata" : [ {
    "key" : "orderIndex",
    "value" : "27"
  }, {
    "key" : "channel",
    "value" : "mobile",
    "language" : "ita"
  }, {
    "key" : "collectionUri",
    "value" : "featured",
    "language" : "ita"
  }, {
    "key" : "publicTitle",
    "value" : "In evidenza",
    "language" : "ita"
  } ],
  "children" : [ {
    "path" : "Mobile Media Library/Italian - Featured/Recent Inspirational Messages",
    "collectionID" : "bb3ec30bb9784a37bbb16c7d2b05488c",
    "type" : "DEFAULT",
    "lastUpdatedDate" : "2023-06-20T15:01:19.663-06:00",
    "links" : [ {
      "rel" : "details",
      "href" : "https://titanapi.churchofjesuschrist.org/assetsearch/api/v2/collection/details/collectionID/bb3ec30bb9784a37bbb16c7d2b05488c"
    } ],
    "fileName" : "bb3ec30bb9784a37bbb16c7d2b05488c.json"
  }, {
    "path" : "Mobile Media Library/Italian - Featured/Just Added",
    "collectionID" : "1712f2fa9d5641bdabc079fe7d4052aa",
    "type" : "DEFAULT",
    "lastUpdatedDate" : "2025-01-04T10:22:33.553-07:00",
    "links" : [ {
      "rel" : "details",
      "href" : "https://titanapi.churchofjesuschrist.org/assetsearch/api/v2/collection/details/collectionID/1712f2fa9d5641bdabc079fe7d4052aa"
    } ],
    "fileName" : "1712f2fa9d5641bdabc079fe7d4052aa.json"
  }, {
    "path" : "Mobile Media Library/Italian - Featured/General Conference Feature",
    "collectionID" : "1fee405d0e26424ca8a005165c69bd6b",
    "type" : "DEFAULT",
    "lastUpdatedDate" : "2024-10-25T13:43:07.831-06:00",
    "links" : [ {
      "rel" : "details",
      "href" : "https://titanapi.churchofjesuschrist.org/assetsearch/api/v2/collection/details/collectionID/1fee405d0e26424ca8a005165c69bd6b"
    } ],
    "fileName" : "1fee405d0e26424ca8a005165c69bd6b.json"
  }, {
    "path" : "Mobile Media Library/Italian - Featured/Worldwide Day of Testimony",
    "collectionID" : "132d8ead584540caa7d1ce7dc1e05072",
    "type" : "DEFAULT",
    "lastUpdatedDate" : "2023-10-17T11:43:28.367-06:00",
    "links" : [ {
      "rel" : "details",
      "href" : "https://titanapi.churchofjesuschrist.org/assetsearch/api/v2/collection/details/collectionID/132d8ead584540caa7d1ce7dc1e05072"
    } ],
    "fileName" : "132d8ead584540caa7d1ce7dc1e05072.json"
  }, {
    "path" : "Mobile Media Library/Italian - Featured/Newsroom Feature",
    "collectionID" : "28f9c83eb3ec46b5b2d560265e0989a6",
    "type" : "DEFAULT",
    "lastUpdatedDate" : "2023-11-21T19:49:54.231-07:00",
    "links" : [ {
      "rel" : "details",
      "href" : "https://titanapi.churchofjesuschrist.org/assetsearch/api/v2/collection/details/collectionID/28f9c83eb3ec46b5b2d560265e0989a6"
    } ],
    "fileName" : "28f9c83eb3ec46b5b2d560265e0989a6.json"
  }, {
    "path" : "Mobile Media Library/Italian - Featured/Seminary and Institute Invitation",
    "collectionID" : "9febfb51d575406d8abd5889bfd5cf0b",
    "type" : "DEFAULT",
    "lastUpdatedDate" : "2023-11-20T15:53:38.463-07:00",
    "links" : [ {
      "rel" : "details",
      "href" : "https://titanapi.churchofjesuschrist.org/assetsearch/api/v2/collection/details/collectionID/9febfb51d575406d8abd5889bfd5cf0b"
    } ],
    "fileName" : "9febfb51d575406d8abd5889bfd5cf0b.json"
  }, {
    "path" : "Mobile Media Library/Italian - Featured/This Week in Come Follow Me",
    "collectionID" : "e3ab0a75749048bfaf6dded3549b321f",
    "type" : "DEFAULT",
    "lastUpdatedDate" : "2025-01-27T14:02:22.468-07:00",
    "links" : [ {
      "rel" : "details",
      "href" : "https://titanapi.churchofjesuschrist.org/assetsearch/api/v2/collection/details/collectionID/e3ab0a75749048bfaf6dded3549b321f"
    } ],
    "fileName" : "e3ab0a75749048bfaf6dded3549b321f.json"
  } ],
  "assets" : [ ],
  "fileName" : "9a59989bd3ce4292ad647258864f540a.json",
  "name" : "Italian - Featured",
  "english" : false,
  "publicTitle" : "In evidenza",
  "collectionUri" : "featured"
}