{
  "parentCollectionID" : "40c5006ffe5757e9f0d51c921eadb29b3caefafb",
  "parentCollectionPath" : "Mobile Media Library/English - Video/Callings and Trainings/Military and Chaplains/Chaplain Seminars and Trainings",
  "collectionType" : "assets",
  "path" : "Mobile Media Library/English - Video/Callings and Trainings/Military and Chaplains/Chaplain Seminars and Trainings/Chaplain Seminars and Training 2013-2015",
  "collectionID" : "9afd89b06b0b4c7b9e3ed1f76c743077",
  "language" : "eng",
  "type" : "DEFAULT",
  "lastUpdatedDate" : "2023-10-12T16:53:16.740-06:00",
  "links" : [ {
    "rel" : "details",
    "href" : "https://titanapi.churchofjesuschrist.org/assetsearch/api/v2/collection/details/collectionID/9afd89b06b0b4c7b9e3ed1f76c743077"
  } ],
  "coverImages" : [ {
    "asset" : {
      "assetID" : "ac369fe9572654e2b9b4ffc20526ca77c1577c03"
    }
  } ],
  "related" : [ ],
  "metadata" : [ {
    "key" : "orderIndex",
    "value" : "6"
  }, {
    "key" : "collectionUri",
    "value" : "chaplain-seminar-and-training-2013-2015",
    "language" : "eng"
  }, {
    "key" : "publicTitle",
    "value" : "Chaplain Seminars and Trainings 2013-2015",
    "language" : "eng"
  } ],
  "children" : [ ],
  "assets" : [ {
    "asset" : {
      "assetID" : "07b885d529e0deaa4e6b575b75c402f022dfcaa0"
    },
    "addedDate" : 1586394159405,
    "metadata" : [ ]
  }, {
    "asset" : {
      "assetID" : "08dc5a25832353bf3910b752fd5b6a0d635d8f9b"
    },
    "addedDate" : 1586395697077,
    "metadata" : [ ]
  }, {
    "asset" : {
      "assetID" : "096cc2a53bb0a23ac4bfaab22d75ac5af9a9240f"
    },
    "addedDate" : 1586395519482,
    "metadata" : [ ]
  }, {
    "asset" : {
      "assetID" : "0d8ac9bea43385618b0fe9449de586b4d6fb5347"
    },
    "addedDate" : 1586394626825,
    "metadata" : [ ]
  }, {
    "asset" : {
      "assetID" : "0dc422905837532880c7e2b5b65f46e3ef89c6ed"
    },
    "addedDate" : 1586395175194,
    "metadata" : [ ]
  }, {
    "asset" : {
      "assetID" : "0e27d1af8ea07d045e840e500c28fdfc782ba3be"
    },
    "addedDate" : 1586394133861,
    "metadata" : [ ]
  }, {
    "asset" : {
      "assetID" : "168a09aa3e2ab74bf86a1ddb58afec57a02cfd26"
    },
    "addedDate" : 1586395435918,
    "metadata" : [ ]
  }, {
    "asset" : {
      "assetID" : "284e11736af0580a33d2190873b195495c134563"
    },
    "addedDate" : 1586367910776,
    "metadata" : [ ]
  }, {
    "asset" : {
      "assetID" : "2b56696c9f53540eb4db22ac7361e08c4c6ab542"
    },
    "addedDate" : 1586390228476,
    "metadata" : [ ]
  }, {
    "asset" : {
      "assetID" : "2e087456cf2ce89f8c3ab658c4cbe1e2c07f454d"
    },
    "addedDate" : 1586394716583,
    "metadata" : [ ]
  }, {
    "asset" : {
      "assetID" : "36e5608b6f12b1c243e4dd8411eb85d29883cba3"
    },
    "addedDate" : 1586390292061,
    "metadata" : [ ]
  }, {
    "asset" : {
      "assetID" : "370746baa8292659387ec87fb27c954470b03b61"
    },
    "addedDate" : 1586394184571,
    "metadata" : [ ]
  }, {
    "asset" : {
      "assetID" : "3c510579474cd25aa1443eef2659dae6aab74c19"
    },
    "addedDate" : 1586367910776,
    "metadata" : [ ]
  }, {
    "asset" : {
      "assetID" : "3e7af2c0db5e59b779fc034e27fe750e10aa1835"
    },
    "addedDate" : 1586367910840,
    "metadata" : [ ]
  }, {
    "asset" : {
      "assetID" : "42bfd1cf483c9e89ce4bc02a2e1dc1220e507032"
    },
    "addedDate" : 1586367910823,
    "metadata" : [ ]
  }, {
    "asset" : {
      "assetID" : "5182d5a7107b0acad932c860f10d9aab73bf1620"
    },
    "addedDate" : 1586390393152,
    "metadata" : [ ]
  }, {
    "asset" : {
      "assetID" : "5771657a32ae778a8f1d521e95afa358fbca4fca"
    },
    "addedDate" : 1586395199370,
    "metadata" : [ ]
  }, {
    "asset" : {
      "assetID" : "605fa8ec97f399f520356d55a5577920fee22bd6"
    },
    "addedDate" : 1586367910806,
    "metadata" : [ ]
  }, {
    "asset" : {
      "assetID" : "60a8a149406e89b4ef17db78579b64af9b78e60e"
    },
    "addedDate" : 1586367910776,
    "metadata" : [ ]
  }, {
    "asset" : {
      "assetID" : "67328c8a6f6904ae0e3097af3173f2a0b367df84"
    },
    "addedDate" : 1586367910823,
    "metadata" : [ ]
  }, {
    "asset" : {
      "assetID" : "68f640e118e2cab4c0fcc9eee6345daf64cde0dc"
    },
    "addedDate" : 1586367910853,
    "metadata" : [ ]
  }, {
    "asset" : {
      "assetID" : "6c8526099d8f6fc0ce826a1b7c429e4d517a18eb"
    },
    "addedDate" : 1586394656356,
    "metadata" : [ ]
  }, {
    "asset" : {
      "assetID" : "71248b8b3badbbd089899728a224d718266fc57c"
    },
    "addedDate" : 1586367910853,
    "metadata" : [ ]
  }, {
    "asset" : {
      "assetID" : "77aac9a3ac25de3e09689f43bc4d040815cd9c67"
    },
    "addedDate" : 1586395090024,
    "metadata" : [ ]
  }, {
    "asset" : {
      "assetID" : "7979f6a91c74a47ff66de69deff0f70b859458b4"
    },
    "addedDate" : 1586394688034,
    "metadata" : [ ]
  }, {
    "asset" : {
      "assetID" : "7b62ae41cf5a05d2ad1228cc4c4bed8907a1568c"
    },
    "addedDate" : 1586367910806,
    "metadata" : [ ]
  }, {
    "asset" : {
      "assetID" : "873c346b0c88ea59a74dd7ec516ebc79171171e0"
    },
    "addedDate" : 1586395490791,
    "metadata" : [ ]
  }, {
    "asset" : {
      "assetID" : "88c2e717ece9a1cab9470916a588fd9cb3e97e66"
    },
    "addedDate" : 1586394518621,
    "metadata" : [ ]
  }, {
    "asset" : {
      "assetID" : "943150e52b1d7456ab178e7ca9e2d741d7f86ab6"
    },
    "addedDate" : 1586367910793,
    "metadata" : [ ]
  }, {
    "asset" : {
      "assetID" : "9658175ad9584de7152d04027a8a699254c54b23"
    },
    "addedDate" : 1586394872401,
    "metadata" : [ ]
  }, {
    "asset" : {
      "assetID" : "9b1773223f9c92627287b6cf17ef39afe109ea89"
    },
    "addedDate" : 1586395668918,
    "metadata" : [ ]
  }, {
    "asset" : {
      "assetID" : "9efac0226253870249cffa492e90a5ba11561702"
    },
    "addedDate" : 1586390332022,
    "metadata" : [ ]
  }, {
    "asset" : {
      "assetID" : "9fad9e60b73d39760fa26d184884b4e792e03ed9"
    },
    "addedDate" : 1586394746371,
    "metadata" : [ ]
  }, {
    "asset" : {
      "assetID" : "a1681ce9dbf9ff0dd9d424ff20dfd6675bc64053"
    },
    "addedDate" : 1586394598721,
    "metadata" : [ ]
  }, {
    "asset" : {
      "assetID" : "a819389e15f423fa55bc82407cded217ba0de55d"
    },
    "addedDate" : 1586395464112,
    "metadata" : [ ]
  }, {
    "asset" : {
      "assetID" : "a81f0ac0e35928a9836a1cfa9d56078fc2adb9e5"
    },
    "addedDate" : 1586367910840,
    "metadata" : [ ]
  }, {
    "asset" : {
      "assetID" : "a95714187f505feb5c1c6598b208f77d16fa9ec8"
    },
    "addedDate" : 1586395300747,
    "metadata" : [ ]
  }, {
    "asset" : {
      "assetID" : "a9906a39acfe1bb0cdb796ed593300b59248fa79"
    },
    "addedDate" : 1586395231700,
    "metadata" : [ ]
  }, {
    "asset" : {
      "assetID" : "b5bdb7e3f1e384986d623e2951859ae8afba01e6"
    },
    "addedDate" : 1586395547781,
    "metadata" : [ ]
  }, {
    "asset" : {
      "assetID" : "b79ddbb020107897876c5104064ff2ead01650c6"
    },
    "addedDate" : 1586395797895,
    "metadata" : [ ]
  }, {
    "asset" : {
      "assetID" : "be8c206faf2c93035f9141bc5b06360536d57ef2"
    },
    "addedDate" : 1586395767753,
    "metadata" : [ ]
  }, {
    "asset" : {
      "assetID" : "c5fd9c13bb9b33615a5f54116232391ea97ec6f7"
    },
    "addedDate" : 1586395146830,
    "metadata" : [ ]
  }, {
    "asset" : {
      "assetID" : "da4f0a39b45d3618ed03cf2ff5925192258f9073"
    },
    "addedDate" : 1586367910793,
    "metadata" : [ ]
  }, {
    "asset" : {
      "assetID" : "dbe23bd8f3c794375a0eecec0124d0248b6f8589"
    },
    "addedDate" : 1586394558944,
    "metadata" : [ ]
  }, {
    "asset" : {
      "assetID" : "fd0d1e10ebc689342f5b820567cef191bc588f6c"
    },
    "addedDate" : 1586367910823,
    "metadata" : [ ]
  }, {
    "asset" : {
      "assetID" : "f9870cae7e012da277f0f79d594c9fb13071a8e6"
    },
    "addedDate" : 1586395600139,
    "metadata" : [ ]
  }, {
    "asset" : {
      "assetID" : "e8dcd4fcdac60feaaba70b75de7805c89a781db6"
    },
    "addedDate" : 1586394777341,
    "metadata" : [ ]
  }, {
    "asset" : {
      "assetID" : "f53d5dd8772dc9e286288f41b03c7e416d3a426a"
    },
    "addedDate" : 1586395116080,
    "metadata" : [ ]
  }, {
    "asset" : {
      "assetID" : "fece032736f7a205c6851e4005e23bbb91eb12f4"
    },
    "addedDate" : 1586394469550,
    "metadata" : [ ]
  } ],
  "fileName" : "9afd89b06b0b4c7b9e3ed1f76c743077.json",
  "name" : "Chaplain Seminars and Training 2013-2015",
  "english" : true,
  "publicTitle" : "Chaplain Seminars and Trainings 2013-2015",
  "collectionUri" : "chaplain-seminar-and-training-2013-2015"
}