{
  "parentCollectionID" : "82aa484a719f4db2893e75ebefe44d97",
  "parentCollectionPath" : "Mobile Media Library/English - Video/Community Outreach/Humanitarian Efforts",
  "collectionType" : "assets",
  "path" : "Mobile Media Library/English - Video/Community Outreach/Humanitarian Efforts/Immunizations",
  "collectionID" : "9cbaff34e1734d459bb199dee107e4d0",
  "language" : "eng",
  "type" : "DEFAULT",
  "lastUpdatedDate" : "2019-12-17T18:04:14.836-07:00",
  "links" : [ {
    "rel" : "details",
    "href" : "https://titanapi.churchofjesuschrist.org/assetsearch/api/v2/collection/details/collectionID/9cbaff34e1734d459bb199dee107e4d0"
  } ],
  "coverImages" : [ {
    "asset" : {
      "assetID" : "8f3dc470025399e2bf644f5e9f4cd16f30e4f56e"
    }
  } ],
  "related" : [ ],
  "metadata" : [ {
    "key" : "collectionUri",
    "value" : "immunizations-video-collection",
    "language" : "eng"
  }, {
    "key" : "publicTitle",
    "value" : "Immunizations",
    "language" : "eng"
  } ],
  "children" : [ ],
  "assets" : [ {
    "asset" : {
      "assetID" : "59985043ecae4671a86f086eb1a34a172ac3dfb2"
    },
    "addedDate" : 1632956843422,
    "metadata" : [ ]
  }, {
    "asset" : {
      "assetID" : "D29434A666D0DEBD92E6FE3A722406E78DA08A02"
    },
    "addedDate" : 1583960735031,
    "metadata" : [ ]
  } ],
  "fileName" : "9cbaff34e1734d459bb199dee107e4d0.json",
  "name" : "Immunizations",
  "english" : true,
  "publicTitle" : "Immunizations",
  "collectionUri" : "immunizations-video-collection"
}