{
  "parentCollectionID" : "f43fa47de38893a5eeeda10b226e687b07ac1fb9",
  "parentCollectionPath" : "Mobile Media Library/English - Video/Life Help/Self-Reliance Services and PEF/Starting and Growing My Business",
  "collectionType" : "assets",
  "path" : "Mobile Media Library/English - Video/Life Help/Self-Reliance Services and PEF/Starting and Growing My Business/Chapter 02: What do people want to buy?",
  "collectionID" : "9cd35b25a730c30233ac23f955287c31327452a5",
  "language" : "eng",
  "type" : "DEFAULT",
  "lastUpdatedDate" : "2019-10-28T16:40:50.643-06:00",
  "links" : [ {
    "rel" : "details",
    "href" : "https://titanapi.churchofjesuschrist.org/assetsearch/api/v2/collection/details/collectionID/9cd35b25a730c30233ac23f955287c31327452a5"
  } ],
  "coverImages" : [ {
    "asset" : {
      "assetID" : "1a2116174dc5a98e553a9fc9131fee1296de0de5"
    }
  } ],
  "related" : [ ],
  "metadata" : [ {
    "key" : "collectionUri",
    "value" : "chapter-2-what-do-people-want-to-buy",
    "language" : "eng"
  }, {
    "key" : "publicTitle",
    "value" : "Chapter 02: What do people want to buy?",
    "language" : "eng"
  } ],
  "children" : [ ],
  "assets" : [ {
    "asset" : {
      "assetID" : "465df5bb949b5faa88ee6bc6b112df998bcc4f2d"
    },
    "addedDate" : 1478727357080,
    "metadata" : [ ]
  }, {
    "asset" : {
      "assetID" : "decdbb73cb50fd4771b30eeab915986236859141"
    },
    "addedDate" : 1478727356083,
    "metadata" : [ ]
  }, {
    "asset" : {
      "assetID" : "98f31ea864dcf21217a4557fab1bd47cd914ae51"
    },
    "addedDate" : 1478727356033,
    "metadata" : [ ]
  }, {
    "asset" : {
      "assetID" : "647be3b98fb2f2da1fcb88b6bba30dae1ae3393e"
    },
    "addedDate" : 1478727357032,
    "metadata" : [ ]
  }, {
    "asset" : {
      "assetID" : "df805659222cddac348d0175dd8ffe359870980e"
    },
    "addedDate" : 1506613567093,
    "metadata" : [ ]
  } ],
  "fileName" : "9cd35b25a730c30233ac23f955287c31327452a5.json",
  "name" : "Chapter 02: What do people want to buy?",
  "english" : true,
  "publicTitle" : "Chapter 02: What do people want to buy?",
  "collectionUri" : "chapter-2-what-do-people-want-to-buy"
}