{
  "sourceCollectionId" : "c2199b453b7e41a4aeff18aa3446722b",
  "parentCollectionID" : "22e3232e384c8650311b2940336759a89b8d6f8b",
  "parentCollectionPath" : "Mobile Media Library",
  "collectionType" : "collections",
  "path" : "Mobile Media Library/Korean - Audio",
  "collectionID" : "9d6d64768ef34e51a5dc9f47f8689202",
  "language" : "kor",
  "type" : "DEFAULT",
  "lastUpdatedDate" : "2022-03-28T09:59:03.896-06:00",
  "links" : [ {
    "rel" : "details",
    "href" : "https://titanapi.churchofjesuschrist.org/assetsearch/api/v2/collection/details/collectionID/9d6d64768ef34e51a5dc9f47f8689202"
  } ],
  "coverImages" : [ {
    "asset" : {
      "assetID" : "cff86be91539e8cfcf96d57e80f4427f722dce2c"
    }
  } ],
  "related" : [ ],
  "metadata" : [ {
    "key" : "collectionUri",
    "value" : "audio",
    "language" : "kor"
  }, {
    "key" : "orderIndex",
    "value" : "49"
  } ],
  "children" : [ ],
  "assets" : [ ],
  "fileName" : "9d6d64768ef34e51a5dc9f47f8689202.json",
  "name" : "Korean - Audio",
  "english" : false,
  "collectionUri" : "audio"
}