{
  "parentCollectionID" : "a341dd20a0a648239e545d7a84dbe3e5",
  "parentCollectionPath" : "Mobile Media Library/English - Video/Life Help",
  "collectionType" : "collections",
  "path" : "Mobile Media Library/English - Video/Life Help/Addiction",
  "collectionID" : "9d71612c8cc1451fa00eb30a1a0ec10f",
  "language" : "eng",
  "type" : "DEFAULT",
  "lastUpdatedDate" : "2020-08-25T15:16:44.807-06:00",
  "links" : [ {
    "rel" : "details",
    "href" : "https://titanapi.churchofjesuschrist.org/assetsearch/api/v2/collection/details/collectionID/9d71612c8cc1451fa00eb30a1a0ec10f"
  } ],
  "coverImages" : [ {
    "asset" : {
      "assetID" : "b9f9c5c78f347dd4770bc43e95329b3b4f31dd65"
    }
  } ],
  "related" : [ ],
  "metadata" : [ {
    "key" : "description",
    "value" : "The Addiction Recovery Program and 12 Steps to Change confront and help you break the cycle of self-abuse and dependency. ARP addresses alcoholism and cocaine, meth, and heroin use, as well as pornography and other harmful behaviors, through family intervention and spousal assistance.",
    "language" : "eng"
  }, {
    "key" : "collectionUri",
    "value" : "addiction-video-collection",
    "language" : "eng"
  }, {
    "key" : "publicTitle",
    "value" : "Addiction",
    "language" : "eng"
  }, {
    "key" : "orderIndex",
    "value" : "3"
  } ],
  "children" : [ {
    "path" : "Mobile Media Library/English - Video/Life Help/Addiction/Addiction Recovery Program",
    "collectionID" : "c0362d76cd324ca0bffa914a3ec5aa66",
    "type" : "DEFAULT",
    "lastUpdatedDate" : "2019-12-17T19:06:34.788-07:00",
    "links" : [ {
      "rel" : "details",
      "href" : "https://titanapi.churchofjesuschrist.org/assetsearch/api/v2/collection/details/collectionID/c0362d76cd324ca0bffa914a3ec5aa66"
    } ],
    "fileName" : "c0362d76cd324ca0bffa914a3ec5aa66.json"
  }, {
    "path" : "Mobile Media Library/English - Video/Life Help/Addiction/Family Conversations: Talking about Healthy Sexuality",
    "collectionID" : "4b09ca820f074407839963dae56904a6",
    "type" : "DEFAULT",
    "lastUpdatedDate" : "2019-12-17T19:06:49.915-07:00",
    "links" : [ {
      "rel" : "details",
      "href" : "https://titanapi.churchofjesuschrist.org/assetsearch/api/v2/collection/details/collectionID/4b09ca820f074407839963dae56904a6"
    } ],
    "fileName" : "4b09ca820f074407839963dae56904a6.json"
  }, {
    "path" : "Mobile Media Library/English - Video/Life Help/Addiction/Introduction to the ARP and Spouse and Family Programs",
    "collectionID" : "c9fc720e79c94fc1a283d6611ff0a063",
    "type" : "DEFAULT",
    "lastUpdatedDate" : "2019-12-17T19:07:05.297-07:00",
    "links" : [ {
      "rel" : "details",
      "href" : "https://titanapi.churchofjesuschrist.org/assetsearch/api/v2/collection/details/collectionID/c9fc720e79c94fc1a283d6611ff0a063"
    } ],
    "fileName" : "c9fc720e79c94fc1a283d6611ff0a063.json"
  }, {
    "path" : "Mobile Media Library/English - Video/Life Help/Addiction/Addiction: Spouse and Family Stories",
    "collectionID" : "c7b061a970eb450281682b34b4e1ccf6",
    "type" : "DEFAULT",
    "lastUpdatedDate" : "2019-12-17T19:07:46.146-07:00",
    "links" : [ {
      "rel" : "details",
      "href" : "https://titanapi.churchofjesuschrist.org/assetsearch/api/v2/collection/details/collectionID/c7b061a970eb450281682b34b4e1ccf6"
    } ],
    "fileName" : "c7b061a970eb450281682b34b4e1ccf6.json"
  }, {
    "path" : "Mobile Media Library/English - Video/Life Help/Addiction/12 Steps to Change",
    "collectionID" : "de5a339f1a164a8da5af824e00df6b30",
    "type" : "DEFAULT",
    "lastUpdatedDate" : "2020-07-31T15:35:06.804-06:00",
    "links" : [ {
      "rel" : "details",
      "href" : "https://titanapi.churchofjesuschrist.org/assetsearch/api/v2/collection/details/collectionID/de5a339f1a164a8da5af824e00df6b30"
    } ],
    "fileName" : "de5a339f1a164a8da5af824e00df6b30.json"
  }, {
    "path" : "Mobile Media Library/English - Video/Life Help/Addiction/12 Principles to Change",
    "collectionID" : "6a0c662052304559a0be8ff399d0404a",
    "type" : "DEFAULT",
    "lastUpdatedDate" : "2019-12-17T19:08:15.087-07:00",
    "links" : [ {
      "rel" : "details",
      "href" : "https://titanapi.churchofjesuschrist.org/assetsearch/api/v2/collection/details/collectionID/6a0c662052304559a0be8ff399d0404a"
    } ],
    "fileName" : "6a0c662052304559a0be8ff399d0404a.json"
  }, {
    "path" : "Mobile Media Library/English - Video/Life Help/Addiction/Addiction: Personal Stories",
    "collectionID" : "4e3974f1eb24421eabf44847719688f8",
    "type" : "DEFAULT",
    "lastUpdatedDate" : "2019-12-17T19:08:30.895-07:00",
    "links" : [ {
      "rel" : "details",
      "href" : "https://titanapi.churchofjesuschrist.org/assetsearch/api/v2/collection/details/collectionID/4e3974f1eb24421eabf44847719688f8"
    } ],
    "fileName" : "4e3974f1eb24421eabf44847719688f8.json"
  } ],
  "assets" : [ ],
  "fileName" : "9d71612c8cc1451fa00eb30a1a0ec10f.json",
  "name" : "Addiction",
  "english" : true,
  "publicTitle" : "Addiction",
  "description" : "The Addiction Recovery Program and 12 Steps to Change confront and help you break the cycle of self-abuse and dependency. ARP addresses alcoholism and cocaine, meth, and heroin use, as well as pornography and other harmful behaviors, through family intervention and spousal assistance.",
  "collectionUri" : "addiction-video-collection"
}