{
  "parentCollectionID" : "d2d2da1cddab5d737c0a09954f14f1930caca4b5",
  "parentCollectionPath" : "Mobile Media Library/English - Video/Life Help/Addressing Pornography/Parents-Addressing Pornography",
  "collectionType" : "assets",
  "path" : "Mobile Media Library/English - Video/Life Help/Addressing Pornography/Parents-Addressing Pornography/Protect and Prepare",
  "collectionID" : "9dd31ab17244e0192a2498b9dd128d80ade69c04",
  "language" : "eng",
  "type" : "DEFAULT",
  "lastUpdatedDate" : "2020-12-07T10:28:38.047-07:00",
  "links" : [ {
    "rel" : "details",
    "href" : "https://titanapi.churchofjesuschrist.org/assetsearch/api/v2/collection/details/collectionID/9dd31ab17244e0192a2498b9dd128d80ade69c04"
  } ],
  "coverImages" : [ {
    "asset" : {
      "assetID" : "44e9ecc74438537572c905a148a4a42cd27e884d"
    }
  } ],
  "related" : [ ],
  "metadata" : [ {
    "key" : "collectionUri",
    "value" : "protect-and-prepare",
    "language" : "eng"
  }, {
    "key" : "publicTitle",
    "value" : "Protect and Prepare",
    "language" : "eng"
  } ],
  "children" : [ ],
  "assets" : [ {
    "asset" : {
      "assetID" : "26453aa00b1c2ebfd714217e2935464fe59d7396"
    },
    "index" : 5,
    "addedDate" : 1539205355424,
    "metadata" : [ ]
  }, {
    "asset" : {
      "assetID" : "341bcadbce1d0e4672531f5d176465a610829c5a"
    },
    "index" : 6,
    "addedDate" : 1539205370397,
    "metadata" : [ ]
  }, {
    "asset" : {
      "assetID" : "5d97443f806addafd58ebae2411db74ec4057524"
    },
    "index" : 1,
    "addedDate" : 1539205386519,
    "metadata" : [ ]
  }, {
    "asset" : {
      "assetID" : "8f16b68828814c4a423c474b47f86e2555c79be8"
    },
    "index" : 3,
    "addedDate" : 1539205416027,
    "metadata" : [ ]
  }, {
    "asset" : {
      "assetID" : "ca7206a75e378bbbae1319a227d471ee36c928f9"
    },
    "index" : 0,
    "addedDate" : 1539205452953,
    "metadata" : [ ]
  }, {
    "asset" : {
      "assetID" : "d413a6a10481f703a09c03869556cfa211badf57"
    },
    "index" : 7,
    "addedDate" : 1539205401163,
    "metadata" : [ ]
  }, {
    "asset" : {
      "assetID" : "e2e6b9a085762889715750e8e606ada7c1f3b947"
    },
    "index" : 8,
    "addedDate" : 1539205342498,
    "metadata" : [ ]
  }, {
    "asset" : {
      "assetID" : "f59bf859e09cbf6f8d1969651cf49128ac927592"
    },
    "index" : 2,
    "addedDate" : 1539205432511,
    "metadata" : [ ]
  }, {
    "asset" : {
      "assetID" : "e9e7ad911d70746d5b4df61c163e9120103d109e"
    },
    "index" : 4,
    "addedDate" : 1607112641178,
    "metadata" : [ ]
  } ],
  "fileName" : "9dd31ab17244e0192a2498b9dd128d80ade69c04.json",
  "name" : "Protect and Prepare",
  "english" : true,
  "publicTitle" : "Protect and Prepare",
  "collectionUri" : "protect-and-prepare"
}