{
  "parentCollectionID" : "7dcef444e180851b96f8f79d6392f8963ec6952b",
  "parentCollectionPath" : "Mobile Media Library/English - Video/Broadcasts/General Conference",
  "collectionType" : "assets",
  "path" : "Mobile Media Library/English - Video/Broadcasts/General Conference/April 2014",
  "collectionID" : "9e38d378d357441f8a3a154f56f8e56e",
  "language" : "eng",
  "type" : "DEFAULT",
  "lastUpdatedDate" : "2024-03-18T16:54:40.552-06:00",
  "links" : [ {
    "rel" : "details",
    "href" : "https://titanapi.churchofjesuschrist.org/assetsearch/api/v2/collection/details/collectionID/9e38d378d357441f8a3a154f56f8e56e"
  } ],
  "coverImages" : [ {
    "asset" : {
      "assetID" : "cb3a8f6d7e8973c20b684c605ec63dd7f919ebd9"
    }
  } ],
  "related" : [ ],
  "metadata" : [ {
    "key" : "orderIndex",
    "value" : "21"
  }, {
    "key" : "channel",
    "value" : "mobile",
    "language" : "eng"
  }, {
    "key" : "collectionUri",
    "value" : "April-2014-general-conference",
    "language" : "eng"
  }, {
    "key" : "publicTitle",
    "value" : "April 2014",
    "language" : "eng"
  } ],
  "children" : [ ],
  "assets" : [ {
    "asset" : {
      "assetID" : "0326376c46c3d352ce69c8b002fce00114da1199"
    },
    "addedDate" : 1697498603393,
    "metadata" : [ ]
  }, {
    "asset" : {
      "assetID" : "05efffa947af1c230f2bbff492de229479563064"
    },
    "addedDate" : 1697498623040,
    "metadata" : [ ]
  }, {
    "asset" : {
      "assetID" : "10ef298575377ee426d0a355de24ef9d5f872a28"
    },
    "addedDate" : 1697498752470,
    "metadata" : [ ]
  }, {
    "asset" : {
      "assetID" : "130d98cd544e2a1edbf2eedfe377eb6eaca1007c"
    },
    "addedDate" : 1697498603400,
    "metadata" : [ ]
  }, {
    "asset" : {
      "assetID" : "43b46584f60ad493af9c4a1d251439a302bd9de8"
    },
    "addedDate" : 1697498636783,
    "metadata" : [ ]
  }, {
    "asset" : {
      "assetID" : "214e47cda6870b953d08d1fa7cbbeadb54e1f2e4"
    },
    "addedDate" : 1697498765670,
    "metadata" : [ ]
  }, {
    "asset" : {
      "assetID" : "417fb3b97c0ecf615ade4147c59b151da347341e"
    },
    "addedDate" : 1697498778300,
    "metadata" : [ ]
  }, {
    "asset" : {
      "assetID" : "4546c4b2a51b2f6056907f1b0390a22c564327ab"
    },
    "addedDate" : 1697498752480,
    "metadata" : [ ]
  }, {
    "asset" : {
      "assetID" : "50bdbb653ec1c448a5e1ca63f833b12d7acecd1e"
    },
    "addedDate" : 1697498765650,
    "metadata" : [ ]
  }, {
    "asset" : {
      "assetID" : "7a121fb7d7fe9bfcd38a31e1889268f269ef7f38"
    },
    "addedDate" : 1697498603386,
    "metadata" : [ ]
  }, {
    "asset" : {
      "assetID" : "7d4b3a79ccf6b0d32119ecb9f05c01b8f26a19ae"
    },
    "addedDate" : 1697498636780,
    "metadata" : [ ]
  }, {
    "asset" : {
      "assetID" : "9954491faa07f722dd47787624876eb034b6592a"
    },
    "addedDate" : 1697498765660,
    "metadata" : [ ]
  }, {
    "asset" : {
      "assetID" : "a83bcdc49c36da2d58fb6c6de291bf2b0f5be010"
    },
    "addedDate" : 1697498623056,
    "metadata" : [ ]
  }, {
    "asset" : {
      "assetID" : "b7021dfabe563778f0f9f67d49f5b1ffa98f4e13"
    },
    "addedDate" : 1697498778290,
    "metadata" : [ ]
  }, {
    "asset" : {
      "assetID" : "c6981ceaf0308174082260822da108d8c5aa15bf"
    },
    "addedDate" : 1697498765663,
    "metadata" : [ ]
  }, {
    "asset" : {
      "assetID" : "fd6754f6463957773be60dbde6c61258803db7d8"
    },
    "addedDate" : 1697498765640,
    "metadata" : [ ]
  }, {
    "asset" : {
      "assetID" : "2013-04-4061-come-come-ye-saints-eng"
    },
    "addedDate" : 1697498603393,
    "metadata" : [ ]
  }, {
    "asset" : {
      "assetID" : "6e9a260a0f8fcd779bccc65e4251d59e2835384e"
    },
    "addedDate" : 1697498636783,
    "metadata" : [ ]
  }, {
    "asset" : {
      "assetID" : "7296cc0b705d68dbff1b5fe5dc2e2512aa58d178"
    },
    "addedDate" : 1697498636770,
    "metadata" : [ ]
  }, {
    "asset" : {
      "assetID" : "c2de1a38243ef82a6ddef89788666478f78fa87f"
    },
    "addedDate" : 1697498765673,
    "metadata" : [ ]
  }, {
    "asset" : {
      "assetID" : "696bceeeafac569b4248fba52e093eb74e4b23bf"
    },
    "addedDate" : 1697498623026,
    "metadata" : [ ]
  }, {
    "asset" : {
      "assetID" : "88850e43bcccaf150cd9fcc641ee74e3809091cd"
    },
    "addedDate" : 1697498636786,
    "metadata" : [ ]
  }, {
    "asset" : {
      "assetID" : "9d3c42f79e8b3b34a0fb2882d6a0c01cb4a60215"
    },
    "addedDate" : 1697498623033,
    "metadata" : [ ]
  }, {
    "asset" : {
      "assetID" : "47792b0e3b08c6eb7199da4ed59234dc17e10c63"
    },
    "addedDate" : 1697498636776,
    "metadata" : [ ]
  }, {
    "asset" : {
      "assetID" : "470de400371a242aef2a7f41896cca1cf31187a3"
    },
    "addedDate" : 1697498623030,
    "metadata" : [ ]
  }, {
    "asset" : {
      "assetID" : "e99fd323ac806b77edd1d2f95c75e34565836f00"
    },
    "addedDate" : 1697498636773,
    "metadata" : [ ]
  }, {
    "asset" : {
      "assetID" : "6b7f3bccb0d33cfd1d4f8f2b7940ff3c6d868c7c"
    },
    "addedDate" : 1697498636780,
    "metadata" : [ ]
  }, {
    "asset" : {
      "assetID" : "a97b497f60f02598a4a8a37d4792b217f4f3c4f0"
    },
    "addedDate" : 1697498623033,
    "metadata" : [ ]
  }, {
    "asset" : {
      "assetID" : "349f1340601f402052d4eab55ca53b577ccfaf7d"
    },
    "addedDate" : 1697498603396,
    "metadata" : [ ]
  }, {
    "asset" : {
      "assetID" : "cbaf2ee5e3db3f3213a39e939342a96ca9522a02"
    },
    "addedDate" : 1697498603400,
    "metadata" : [ ]
  }, {
    "asset" : {
      "assetID" : "f2ee2fa01d5425efaf5986601dcbe4282e6a03db"
    },
    "addedDate" : 1697498636776,
    "metadata" : [ ]
  }, {
    "asset" : {
      "assetID" : "1bd8ba3724bf1aed6d8030e672786f806fbb77d0"
    },
    "addedDate" : 1697498603390,
    "metadata" : [ ]
  }, {
    "asset" : {
      "assetID" : "ef026aec1c83354f46b081f88ece2998bbb6fdc7"
    },
    "addedDate" : 1697498623053,
    "metadata" : [ ]
  }, {
    "asset" : {
      "assetID" : "9d80287d7857b1f199d074167b0abb0fcf40eca4"
    },
    "addedDate" : 1697498765670,
    "metadata" : [ ]
  }, {
    "asset" : {
      "assetID" : "a0ed9ffdf51ae9d7d41ea9402809bf17ced753b5"
    },
    "addedDate" : 1697498636780,
    "metadata" : [ ]
  }, {
    "asset" : {
      "assetID" : "dea93425cfdfa1a72818c2191e6eea8ceb6f0ee5"
    },
    "addedDate" : 1697498603396,
    "metadata" : [ ]
  }, {
    "asset" : {
      "assetID" : "bfc2ee360744ee779cae80dd4b9aa78cea62dc3c"
    },
    "addedDate" : 1697498765666,
    "metadata" : [ ]
  }, {
    "asset" : {
      "assetID" : "cb3cf535cfa72e906de43355064d42b70e19b4cb"
    },
    "addedDate" : 1697498752476,
    "metadata" : [ ]
  }, {
    "asset" : {
      "assetID" : "958f85581a389d305549209f51f12377ba052df8"
    },
    "addedDate" : 1697498603380,
    "metadata" : [ ]
  }, {
    "asset" : {
      "assetID" : "fdc83a865f3d4fd6f9860a2cdb77786d2f7e9d2a"
    },
    "addedDate" : 1697498752473,
    "metadata" : [ ]
  }, {
    "asset" : {
      "assetID" : "8537ab2b398aa38bf7a186d794ad649a7f8c6d13"
    },
    "addedDate" : 1697498603403,
    "metadata" : [ ]
  }, {
    "asset" : {
      "assetID" : "472f4301e962c3398dee030438544094eb5966bb"
    },
    "addedDate" : 1697498752486,
    "metadata" : [ ]
  }, {
    "asset" : {
      "assetID" : "ea8e09307d2d612b4f74c6fef329008ad9baabd7"
    },
    "addedDate" : 1697498603386,
    "metadata" : [ ]
  }, {
    "asset" : {
      "assetID" : "c72699ac918ee5a0c81022c9ae2980ca83279149"
    },
    "addedDate" : 1697498778290,
    "metadata" : [ ]
  }, {
    "asset" : {
      "assetID" : "8188717575d33065f707337444c604a8c0041aee"
    },
    "addedDate" : 1697498752473,
    "metadata" : [ ]
  }, {
    "asset" : {
      "assetID" : "b5d862f6c5023071005b5a6175fcd1e2cf6cd82b"
    },
    "addedDate" : 1697498778296,
    "metadata" : [ ]
  }, {
    "asset" : {
      "assetID" : "5341c2da1c763ceaa57803a4ceb8b1e8fd71b472"
    },
    "addedDate" : 1697498623046,
    "metadata" : [ ]
  }, {
    "asset" : {
      "assetID" : "28e5c6b909c76176486569f21a2ebdcb83a592b1"
    },
    "addedDate" : 1697498603400,
    "metadata" : [ ]
  }, {
    "asset" : {
      "assetID" : "05f0779d1d7c02be18bcb37b706e38c0d496d40e"
    },
    "addedDate" : 1697498778293,
    "metadata" : [ ]
  }, {
    "asset" : {
      "assetID" : "ba207780acb9423563a209828fa63d794d378ad5"
    },
    "addedDate" : 1697498603390,
    "metadata" : [ ]
  }, {
    "asset" : {
      "assetID" : "ee7feb0f785264e2da67fdb5221ca86dd524441b"
    },
    "addedDate" : 1697498623053,
    "metadata" : [ ]
  }, {
    "asset" : {
      "assetID" : "946b877c393a6ae2475637c2e3fca1ee3dd89c98"
    },
    "addedDate" : 1697498752490,
    "metadata" : [ ]
  }, {
    "asset" : {
      "assetID" : "aa94a708120f2a55a21c0d74ca9bfd0a8a4b4b3c"
    },
    "addedDate" : 1697498623043,
    "metadata" : [ ]
  }, {
    "asset" : {
      "assetID" : "4f3adf9710957030d0a248d75d650fb5a3b89515"
    },
    "addedDate" : 1697498623030,
    "metadata" : [ ]
  }, {
    "asset" : {
      "assetID" : "a70d22e96c695ec22bb5ce65cddf7a2bbedafa94"
    },
    "addedDate" : 1697498623036,
    "metadata" : [ ]
  }, {
    "asset" : {
      "assetID" : "0dfc4228b5cd41c58279203216f5a87c63e5f8b4"
    },
    "addedDate" : 1697498623040,
    "metadata" : [ ]
  }, {
    "asset" : {
      "assetID" : "625c9f01ec97c2c39efe7d960a35ee5e481af513"
    },
    "addedDate" : 1697498765676,
    "metadata" : [ ]
  }, {
    "asset" : {
      "assetID" : "820e3a4536964bf060bbf34473ac8e79984451ad"
    },
    "addedDate" : 1697498752466,
    "metadata" : [ ]
  }, {
    "asset" : {
      "assetID" : "a7d45b4a748930106d7dd4bf24b934e7e46c06ef"
    },
    "addedDate" : 1697498623043,
    "metadata" : [ ]
  }, {
    "asset" : {
      "assetID" : "06f8e50913775d0a488f4e349b901f26b8e96238"
    },
    "addedDate" : 1697498752483,
    "metadata" : [ ]
  }, {
    "asset" : {
      "assetID" : "b8e9966f24e8745bbd66c321fdcac27b32366b96"
    },
    "addedDate" : 1697498778293,
    "metadata" : [ ]
  }, {
    "asset" : {
      "assetID" : "571fbf857d84379e71a617edbdf9ad258d261692"
    },
    "addedDate" : 1697498765643,
    "metadata" : [ ]
  }, {
    "asset" : {
      "assetID" : "a721162eda8544de8c710f8b5734917566009c84"
    },
    "addedDate" : 1697498765663,
    "metadata" : [ ]
  }, {
    "asset" : {
      "assetID" : "a2404780e12a08aed6188f0890a8b36b260af0b0"
    },
    "addedDate" : 1697498752480,
    "metadata" : [ ]
  }, {
    "asset" : {
      "assetID" : "aae5840998afa732291ad8bf8d4347dafd5a557b"
    },
    "addedDate" : 1697498765650,
    "metadata" : [ ]
  }, {
    "asset" : {
      "assetID" : "8cc52ef3a06625e31db9cccde98e0aa0d23a0c09"
    },
    "addedDate" : 1697498778286,
    "metadata" : [ ]
  }, {
    "asset" : {
      "assetID" : "3c0c6381962d1d2f4641d26742e8a8688c9ce16c"
    },
    "addedDate" : 1697498778280,
    "metadata" : [ ]
  }, {
    "asset" : {
      "assetID" : "25a6e9a59846bdefdc385c27f312ede600077b79"
    },
    "addedDate" : 1697498765656,
    "metadata" : [ ]
  }, {
    "asset" : {
      "assetID" : "f0a7c9f375baf30c1f714919f322ff7806130910"
    },
    "addedDate" : 1697498778300,
    "metadata" : [ ]
  }, {
    "asset" : {
      "assetID" : "e3cd8d8fb623060749f9339bebf45e2917c46afa"
    },
    "addedDate" : 1697498778296,
    "metadata" : [ ]
  }, {
    "asset" : {
      "assetID" : "53a515a6310b0b7098c7c059d770b4986a9d17b3"
    },
    "addedDate" : 1697498778303,
    "metadata" : [ ]
  }, {
    "asset" : {
      "assetID" : "e219fb87ab215bbb803468df7ccbf637acb029e7"
    },
    "addedDate" : 1697498778286,
    "metadata" : [ ]
  }, {
    "asset" : {
      "assetID" : "f6b6689a04692bfca3cd56dcb6330dfb345b9efb"
    },
    "addedDate" : 1697498765660,
    "metadata" : [ ]
  } ],
  "fileName" : "9e38d378d357441f8a3a154f56f8e56e.json",
  "name" : "April 2014",
  "english" : true,
  "publicTitle" : "April 2014",
  "collectionUri" : "April-2014-general-conference"
}