{
  "parentCollectionID" : "d5e8644312c74774b43cca21ad6ca6a0",
  "parentCollectionPath" : "Mobile Media Library/English - Video/People/Latter-day Apostles",
  "collectionType" : "assets",
  "path" : "Mobile Media Library/English - Video/People/Latter-day Apostles/Neil L. Andersen",
  "collectionID" : "9f03bd6d88476ac039f5a23d8b1b2fcc038b2aa6",
  "language" : "eng",
  "type" : "DEFAULT",
  "lastUpdatedDate" : "2019-10-28T16:40:50.643-06:00",
  "links" : [ {
    "rel" : "details",
    "href" : "https://titanapi.churchofjesuschrist.org/assetsearch/api/v2/collection/details/collectionID/9f03bd6d88476ac039f5a23d8b1b2fcc038b2aa6"
  } ],
  "coverImages" : [ {
    "asset" : {
      "assetID" : "4b780bb9693a9b350628eca4ef2dfe0a1a6ec02a"
    }
  } ],
  "related" : [ ],
  "metadata" : [ {
    "key" : "collectionUri",
    "value" : "neil-l-andersen-video-collection",
    "language" : "eng"
  }, {
    "key" : "publicTitle",
    "value" : "Neil L. Andersen",
    "language" : "eng"
  }, {
    "key" : "orderIndex",
    "value" : "20"
  } ],
  "children" : [ ],
  "assets" : [ {
    "asset" : {
      "assetID" : "9c885f4241cc083d63f2c10b48bac96abb8ecab5"
    },
    "index" : 6,
    "addedDate" : 1579243943827,
    "metadata" : [ ]
  }, {
    "asset" : {
      "assetID" : "df6de5c649cafdddc6c53feb065411af069a1289"
    },
    "index" : 11,
    "addedDate" : 1702327882315,
    "metadata" : [ ]
  }, {
    "asset" : {
      "assetID" : "353ed71be8c8659b69664bdafe2ac044b100e29d"
    },
    "index" : 0,
    "addedDate" : 1540324023662,
    "metadata" : [ ]
  }, {
    "asset" : {
      "assetID" : "84abf79c6cc9f64f1895e4674b5db8d539c14976"
    },
    "index" : 3,
    "addedDate" : 1540324228019,
    "metadata" : [ ]
  }, {
    "asset" : {
      "assetID" : "5c32c0d521dad696a19ebc50c2c190c7f3fffc8f"
    },
    "index" : 2,
    "addedDate" : 1540324190653,
    "metadata" : [ ]
  }, {
    "asset" : {
      "assetID" : "deb1c9d371a5b2c811b2d66991d18d23ed2abb9f"
    },
    "index" : 1,
    "addedDate" : 1540324112386,
    "metadata" : [ ]
  }, {
    "asset" : {
      "assetID" : "0013b8e63732897e182ba5f86a13f5e03fcf91e8"
    },
    "index" : 5,
    "addedDate" : 1579144477110,
    "metadata" : [ ]
  }, {
    "asset" : {
      "assetID" : "490eab87a9fc24ba839cce13190970bd763e086c"
    },
    "index" : 4,
    "addedDate" : 1576803742802,
    "metadata" : [ ]
  }, {
    "asset" : {
      "assetID" : "efd831f8e121f8dd42ddabfaadf8df38b3f420e5"
    },
    "index" : 8,
    "addedDate" : 1585222531784,
    "metadata" : [ ]
  }, {
    "asset" : {
      "assetID" : "806b01d52663809487d8ec4e5f79ee22a32dcc1c"
    },
    "index" : 9,
    "addedDate" : 1592433099683,
    "metadata" : [ ]
  }, {
    "asset" : {
      "assetID" : "728738358d226b7e42787b56aa608437e358dc36"
    },
    "index" : 7,
    "addedDate" : 1579243957070,
    "metadata" : [ ]
  }, {
    "asset" : {
      "assetID" : "8537ab2b398aa38bf7a186d794ad649a7f8c6d13"
    },
    "index" : 10,
    "addedDate" : 1632956855107,
    "metadata" : [ ]
  } ],
  "fileName" : "9f03bd6d88476ac039f5a23d8b1b2fcc038b2aa6.json",
  "name" : "Neil L. Andersen",
  "english" : true,
  "publicTitle" : "Neil L. Andersen",
  "collectionUri" : "neil-l-andersen-video-collection"
}