{
  "parentCollectionID" : "b91d19b3a88f45129e9ec20d8c175bfa",
  "parentCollectionPath" : "Mobile Media Library/English - Video/Scriptural Reenactments and Teachings/Book of Mormon Videos",
  "collectionType" : "assets",
  "path" : "Mobile Media Library/English - Video/Scriptural Reenactments and Teachings/Book of Mormon Videos/3 Nephi 11-12",
  "collectionID" : "9f1bc7a048ac4322ae1346f80d41404a",
  "language" : "eng",
  "type" : "DEFAULT",
  "lastUpdatedDate" : "2023-08-24T09:41:40.247-06:00",
  "links" : [ {
    "rel" : "details",
    "href" : "https://titanapi.churchofjesuschrist.org/assetsearch/api/v2/collection/details/collectionID/9f1bc7a048ac4322ae1346f80d41404a"
  } ],
  "coverImages" : [ {
    "asset" : {
      "assetID" : "b5e8e06a756411ec8f02eeeeac1eaad8eb19d0ac"
    }
  } ],
  "related" : [ ],
  "metadata" : [ {
    "key" : "orderIndex",
    "value" : "38"
  }, {
    "key" : "channel",
    "value" : "mobile",
    "language" : "eng"
  }, {
    "key" : "collectionUri",
    "value" : "bmvl-3-nephi-11-12",
    "language" : "eng"
  }, {
    "key" : "publicTitle",
    "value" : "3 Nephi 11–12",
    "language" : "eng"
  } ],
  "children" : [ ],
  "assets" : [ {
    "asset" : {
      "assetID" : "1b3fdc5e093511ed9d15eeeeac1e4e715d7abfa7"
    },
    "index" : 0,
    "addedDate" : 1664488177173,
    "metadata" : [ ]
  }, {
    "asset" : {
      "assetID" : "8824363a2ebb11ed8577eeeeac1ece6904bfa130"
    },
    "index" : 3,
    "addedDate" : 1664488242483,
    "metadata" : [ ]
  }, {
    "asset" : {
      "assetID" : "9fd7de8c2ebb11eda047eeeeac1e54b6bb938619"
    },
    "index" : 2,
    "addedDate" : 1664488218076,
    "metadata" : [ ]
  }, {
    "asset" : {
      "assetID" : "a2098b9f2ebb11ed8139eeeeac1ef9cfa1da1661"
    },
    "index" : 1,
    "addedDate" : 1664488198150,
    "metadata" : [ ]
  } ],
  "fileName" : "9f1bc7a048ac4322ae1346f80d41404a.json",
  "name" : "3 Nephi 11-12",
  "english" : true,
  "publicTitle" : "3 Nephi 11–12",
  "collectionUri" : "bmvl-3-nephi-11-12"
}