{
  "parentCollectionID" : "bd59191796027fc53f46f5811862b4ff2baaa3b2",
  "parentCollectionPath" : "Mobile Media Library/English - Video/Topics",
  "collectionType" : "assets",
  "path" : "Mobile Media Library/English - Video/Topics/Jesus Christ",
  "collectionID" : "9f599226451f80ca7021350d08097d9bd48d5bf4",
  "language" : "eng",
  "type" : "DEFAULT",
  "lastUpdatedDate" : "2022-03-31T11:54:50.487-06:00",
  "links" : [ {
    "rel" : "details",
    "href" : "https://titanapi.churchofjesuschrist.org/assetsearch/api/v2/collection/details/collectionID/9f599226451f80ca7021350d08097d9bd48d5bf4"
  } ],
  "coverImages" : [ {
    "asset" : {
      "assetID" : "25b0422b05378b177fd51570d2bcd12d7f119003"
    }
  } ],
  "related" : [ ],
  "metadata" : [ {
    "key" : "channel",
    "value" : "mobile",
    "language" : "eng"
  }, {
    "key" : "description",
    "value" : "In this collection, learn of the Son of God, who is the Redeemer, the resurrected Savior of the world, and the Promised Messiah, and that “there is none other name under heaven, . . . whereby we must be saved” (Acts 4:12).",
    "language" : "eng"
  }, {
    "key" : "collectionUri",
    "value" : "jesus-christ-topic",
    "language" : "eng"
  }, {
    "key" : "publicTitle",
    "value" : "Jesus Christ",
    "language" : "eng"
  }, {
    "key" : "orderIndex",
    "value" : "50"
  } ],
  "children" : [ ],
  "assets" : [ {
    "asset" : {
      "assetID" : "004d5542d618f51a4540fc2222254853e048d8f3"
    },
    "index" : 8,
    "addedDate" : 1481645544051,
    "metadata" : [ ]
  }, {
    "asset" : {
      "assetID" : "a4b7a19bd15313caa84801ae3c75148a5b84078c"
    },
    "index" : 10,
    "addedDate" : 1481645594029,
    "metadata" : [ ]
  }, {
    "asset" : {
      "assetID" : "3b88fac62075cb3a01ff468b521122798bc5a625"
    },
    "index" : 11,
    "addedDate" : 1481645441086,
    "metadata" : [ ]
  }, {
    "asset" : {
      "assetID" : "e693aa44350c4a92fda7a95721bed1ee2d2fa9d7"
    },
    "index" : 12,
    "addedDate" : 1490978994085,
    "metadata" : [ ]
  }, {
    "asset" : {
      "assetID" : "349ea1e7617eb1193b3e11152b3904fe979d8c44"
    },
    "index" : 13,
    "addedDate" : 1481645571006,
    "metadata" : [ ]
  }, {
    "asset" : {
      "assetID" : "7604449faecaa1e81f007af2100232d4e1bcb04e"
    },
    "index" : 14,
    "addedDate" : 1565668141440,
    "metadata" : [ ]
  }, {
    "asset" : {
      "assetID" : "a5d212fec1f8c15a0d1f0c25d803fd2d9d95b7bd"
    },
    "index" : 15,
    "addedDate" : 1565815136631,
    "metadata" : [ ]
  }, {
    "asset" : {
      "assetID" : "bd624f5273de12be0119801ca8cd8d8086bad36f"
    },
    "index" : 16,
    "addedDate" : 1520367748044,
    "metadata" : [ ]
  }, {
    "asset" : {
      "assetID" : "6fb61dc7e85442a3cb16a0f920eaa109274b14c3"
    },
    "index" : 5,
    "addedDate" : 1597182610190,
    "metadata" : [ ]
  }, {
    "asset" : {
      "assetID" : "2d55be29a07d439ca2dce44a53de59589cb497e1"
    },
    "index" : 2,
    "addedDate" : 1481644762001,
    "metadata" : [ ]
  }, {
    "asset" : {
      "assetID" : "794ec8fbeac6c0d67c2f32a96a41e0eb3f4257a4"
    },
    "index" : 1,
    "addedDate" : 1481644759009,
    "metadata" : [ ]
  }, {
    "asset" : {
      "assetID" : "7b8e5077ae88a2661c9aa4d43a83f589becc95fc"
    },
    "index" : 3,
    "addedDate" : 1481644760038,
    "metadata" : [ ]
  }, {
    "asset" : {
      "assetID" : "8ccdf64a28a934d51895be32b1ee75e27ecac45f"
    },
    "index" : 18,
    "addedDate" : 1565755115421,
    "metadata" : [ ]
  }, {
    "asset" : {
      "assetID" : "35a5f3ba8ef362654113c756c6e76e87e5a9ca4f"
    },
    "index" : 19,
    "addedDate" : 1592433100340,
    "metadata" : [ ]
  }, {
    "asset" : {
      "assetID" : "196595c8b0cd028a8ddf7c25be9ee833da21d396"
    },
    "index" : 20,
    "addedDate" : 1565663455646,
    "metadata" : [ ]
  }, {
    "asset" : {
      "assetID" : "3b37a41f00bb4d194e5916e625932c66d2fdf70b"
    },
    "index" : 21,
    "addedDate" : 1565670592490,
    "metadata" : [ ]
  }, {
    "asset" : {
      "assetID" : "988136784b7bca60ca4da91382019db81638f98b"
    },
    "index" : 22,
    "addedDate" : 1592433099510,
    "metadata" : [ ]
  }, {
    "asset" : {
      "assetID" : "64fbbbac0568654b7bee05995cf6e8dc43ec4763"
    },
    "index" : 23,
    "addedDate" : 1592433099965,
    "metadata" : [ ]
  }, {
    "asset" : {
      "assetID" : "1589b6bab0d6faba8ea194559dd16cc753c67fd1"
    },
    "index" : 24,
    "addedDate" : 1565815248231,
    "metadata" : [ ]
  }, {
    "asset" : {
      "assetID" : "555ba2dcfcecf142fc363de695e2dec5e90dd630"
    },
    "index" : 9,
    "addedDate" : 1632956842721,
    "metadata" : [ ]
  }, {
    "asset" : {
      "assetID" : "2904266fa8e7dfdc0edab6abbfe2d05505c98a94"
    },
    "index" : 25,
    "addedDate" : 1565815917111,
    "metadata" : [ ]
  }, {
    "asset" : {
      "assetID" : "1a752dba29a48523e20b3245097dce7e48469c0e"
    },
    "index" : 26,
    "addedDate" : 1565663634200,
    "metadata" : [ ]
  }, {
    "asset" : {
      "assetID" : "a102c12c062815ee73117829fe229938359650e6"
    },
    "addedDate" : 1654057242526,
    "metadata" : [ ]
  }, {
    "asset" : {
      "assetID" : "52cd9265a901421e55926f47b0bf08fc0dafc141"
    },
    "index" : 27,
    "addedDate" : 1565755072155,
    "metadata" : [ ]
  }, {
    "asset" : {
      "assetID" : "a9671fd03de8e5397123ad071008ff7b0398ae64"
    },
    "index" : 28,
    "addedDate" : 1565756755390,
    "metadata" : [ ]
  }, {
    "asset" : {
      "assetID" : "33b205a23c7e78e4e45c2b26caa343b1f0fd7b14"
    },
    "index" : 29,
    "addedDate" : 1565668864373,
    "metadata" : [ ]
  }, {
    "asset" : {
      "assetID" : "f67e48d135527360a3f6d566f252b242b7147c2e"
    },
    "index" : 30,
    "addedDate" : 1565757041177,
    "metadata" : [ ]
  }, {
    "asset" : {
      "assetID" : "37e87b5dbe0cbe5e5543acb4d28eeff59fa069f2"
    },
    "index" : 31,
    "addedDate" : 1565814995015,
    "metadata" : [ ]
  }, {
    "asset" : {
      "assetID" : "cb2faf16424b7e83f345cb2c9a08488af656fa15"
    },
    "index" : 32,
    "addedDate" : 1565756827649,
    "metadata" : [ ]
  }, {
    "asset" : {
      "assetID" : "61d5b574f7709c77a71a9e243feee51dc1f7af9f"
    },
    "index" : 33,
    "addedDate" : 1565756936230,
    "metadata" : [ ]
  }, {
    "asset" : {
      "assetID" : "ecfbd3a116ecb8174c0c75ce4501da8ca0956628"
    },
    "index" : 34,
    "addedDate" : 1565664030432,
    "metadata" : [ ]
  }, {
    "asset" : {
      "assetID" : "EF24C8523BC650F1F80B158B1A95487FBEFD9010"
    },
    "index" : 35,
    "addedDate" : 1573166269667,
    "metadata" : [ ]
  }, {
    "asset" : {
      "assetID" : "2BB1DBBE9497254965E25E615DFDDCE3214327D6"
    },
    "index" : 6,
    "addedDate" : 1598650907343,
    "metadata" : [ ]
  }, {
    "asset" : {
      "assetID" : "A25402D67EF81834950D57E74020CEE1C83784D8"
    },
    "index" : 7,
    "addedDate" : 1598650907506,
    "metadata" : [ ]
  }, {
    "asset" : {
      "assetID" : "007908348A903F5982E3E701BDEDF40F7B29E636"
    },
    "index" : 0,
    "addedDate" : 1616738711574,
    "metadata" : [ ]
  } ],
  "fileName" : "9f599226451f80ca7021350d08097d9bd48d5bf4.json",
  "name" : "Jesus Christ",
  "english" : true,
  "publicTitle" : "Jesus Christ",
  "description" : "In this collection, learn of the Son of God, who is the Redeemer, the resurrected Savior of the world, and the Promised Messiah, and that “there is none other name under heaven, . . . whereby we must be saved” (Acts 4:12).",
  "collectionUri" : "jesus-christ-topic"
}