{
  "parentCollectionID" : "2766fc224ee41cb8f5eceb607a29985caa1f9094",
  "parentCollectionPath" : "Mobile Media Library/English - Video/Callings and Trainings/Leadership/Leadership Training Library/Mission Leader",
  "collectionType" : "assets",
  "path" : "Mobile Media Library/English - Video/Callings and Trainings/Leadership/Leadership Training Library/Mission Leader/5.1.3 Ward Mission Leader",
  "collectionID" : "9f9f6356074cdeecb61d0fecda6f9f105976dca8",
  "language" : "eng",
  "type" : "DEFAULT",
  "lastUpdatedDate" : "2019-10-28T16:40:50.643-06:00",
  "links" : [ {
    "rel" : "details",
    "href" : "https://titanapi.churchofjesuschrist.org/assetsearch/api/v2/collection/details/collectionID/9f9f6356074cdeecb61d0fecda6f9f105976dca8"
  } ],
  "coverImages" : [ {
    "asset" : {
      "assetID" : "8114ea44e035a4fe3d8fd951fb93f12582e6a7bf"
    }
  } ],
  "related" : [ ],
  "metadata" : [ {
    "key" : "collectionUri",
    "value" : "ltl-513-ward-mission-leader",
    "language" : "eng"
  }, {
    "key" : "publicTitle",
    "value" : "5.1.3 Ward Mission Leader",
    "language" : "eng"
  } ],
  "children" : [ ],
  "assets" : [ {
    "asset" : {
      "assetID" : "14bede8e417d5b1d73ad06b8d45a05d93091688c"
    },
    "addedDate" : 1632956823207,
    "metadata" : [ ]
  } ],
  "fileName" : "9f9f6356074cdeecb61d0fecda6f9f105976dca8.json",
  "name" : "5.1.3 Ward Mission Leader",
  "english" : true,
  "publicTitle" : "5.1.3 Ward Mission Leader",
  "collectionUri" : "ltl-513-ward-mission-leader"
}