{
  "parentCollectionID" : "a01588644c89094e215960b27e36d4b8b29d438d",
  "parentCollectionPath" : "Mobile Media Library/English - Video/Callings and Trainings/Leadership/Leadership Training Library/Leadership Principles",
  "collectionType" : "assets",
  "path" : "Mobile Media Library/English - Video/Callings and Trainings/Leadership/Leadership Training Library/Leadership Principles/Participate in Councils",
  "collectionID" : "a04eb6f8d345a39c71935f6510a269c4300c239e",
  "language" : "eng",
  "type" : "DEFAULT",
  "lastUpdatedDate" : "2019-10-28T16:40:50.643-06:00",
  "links" : [ {
    "rel" : "details",
    "href" : "https://titanapi.churchofjesuschrist.org/assetsearch/api/v2/collection/details/collectionID/a04eb6f8d345a39c71935f6510a269c4300c239e"
  } ],
  "coverImages" : [ {
    "asset" : {
      "assetID" : "9c2458cea1488bc72187265a79f7bc51d683a5dc"
    }
  } ],
  "related" : [ ],
  "metadata" : [ {
    "key" : "collectionUri",
    "value" : "participate-in-councils",
    "language" : "eng"
  }, {
    "key" : "publicTitle",
    "value" : "Participate in Councils",
    "language" : "eng"
  } ],
  "children" : [ ],
  "assets" : [ {
    "asset" : {
      "assetID" : "30173b1c3963f7bf4be04d0d802e0a84b4717e32"
    },
    "addedDate" : 1529072304040,
    "metadata" : [ ]
  }, {
    "asset" : {
      "assetID" : "4abff6ed33c94af336634b2096691b1d8f20d137"
    },
    "addedDate" : 1529072193009,
    "metadata" : [ ]
  }, {
    "asset" : {
      "assetID" : "8e4e45b772e94373d63458855e7796a732f1873b"
    },
    "addedDate" : 1529072325099,
    "metadata" : [ ]
  }, {
    "asset" : {
      "assetID" : "b13c691e2ca5b6fccbca2c4527878ee8fbe5f382"
    },
    "addedDate" : 1529072255073,
    "metadata" : [ ]
  }, {
    "asset" : {
      "assetID" : "77d724d73784edb3e6a71416d7bfcb3cf1db2387"
    },
    "addedDate" : 1529072239015,
    "metadata" : [ ]
  }, {
    "asset" : {
      "assetID" : "49664dfe242cca328d9dabb8f1ff6f67c59ceff6"
    },
    "addedDate" : 1529072283077,
    "metadata" : [ ]
  } ],
  "fileName" : "a04eb6f8d345a39c71935f6510a269c4300c239e.json",
  "name" : "Participate in Councils",
  "english" : true,
  "publicTitle" : "Participate in Councils",
  "collectionUri" : "participate-in-councils"
}