{
  "parentCollectionID" : "5a97abf026244e198d8305dcdf95ab98",
  "parentCollectionPath" : "Mobile Media Library/English - Video/Teaching and Lessons/Come, Follow Me/2024 Book of Mormon Media Resources",
  "collectionType" : "assets",
  "path" : "Mobile Media Library/English - Video/Teaching and Lessons/Come, Follow Me/2024 Book of Mormon Media Resources/November",
  "collectionID" : "a0b6b2f4c3b84c54a94b2ce0497efe05",
  "language" : "eng",
  "type" : "DEFAULT",
  "lastUpdatedDate" : "2023-11-03T11:36:10.175-06:00",
  "links" : [ {
    "rel" : "details",
    "href" : "https://titanapi.churchofjesuschrist.org/assetsearch/api/v2/collection/details/collectionID/a0b6b2f4c3b84c54a94b2ce0497efe05"
  } ],
  "coverImages" : [ {
    "asset" : {
      "assetID" : "5327d261eb286f2f3cef37979d04caa1e94f0563"
    }
  } ],
  "related" : [ ],
  "metadata" : [ {
    "key" : "collectionUri",
    "value" : "2024-book-of-mormon-media-resources-november",
    "language" : "eng"
  }, {
    "key" : "publicTitle",
    "value" : "November",
    "language" : "eng"
  }, {
    "key" : "orderIndex",
    "value" : "11"
  } ],
  "children" : [ ],
  "assets" : [ {
    "asset" : {
      "assetID" : "3426b96e50a7583ebd460d428c9dea71e9c18423"
    },
    "index" : 4,
    "addedDate" : 1699036677725,
    "metadata" : [ ]
  }, {
    "asset" : {
      "assetID" : "65d8d8771185e2c06b55fcde35afef900300198c"
    },
    "index" : 2,
    "addedDate" : 1699036648370,
    "metadata" : [ ]
  }, {
    "asset" : {
      "assetID" : "9d1f15122e4f2f86080269efbd45d1b51845becf"
    },
    "index" : 1,
    "addedDate" : 1699036637997,
    "metadata" : [ ]
  }, {
    "asset" : {
      "assetID" : "6d64522b971f229a053f84f32da0dc0c069ea391"
    },
    "index" : 5,
    "addedDate" : 1699036691712,
    "metadata" : [ ]
  }, {
    "asset" : {
      "assetID" : "418326CD9FD9E867F1B53938D0B2D0914F77DE37"
    },
    "index" : 3,
    "addedDate" : 1699036663456,
    "metadata" : [ ]
  }, {
    "asset" : {
      "assetID" : "B114A5ADEBDE8616BF428BF9DE3C9F9E3B6BB3D7"
    },
    "index" : 0,
    "addedDate" : 1699036627395,
    "metadata" : [ ]
  }, {
    "asset" : {
      "assetID" : "6uy7ad79qj177kkl5p39xsedydja1d7eoqc55eb4"
    },
    "index" : 8,
    "addedDate" : 1730227956982,
    "metadata" : [ ]
  }, {
    "asset" : {
      "assetID" : "r7r0t7fswtzod827x9mu0qopxecpw2az7v578v85"
    },
    "index" : 6,
    "addedDate" : 1730227942528,
    "metadata" : [ ]
  }, {
    "asset" : {
      "assetID" : "t7cf8reblos5yklwnykw5mptfjyauel3umazd6w9"
    },
    "index" : 7,
    "addedDate" : 1730227949440,
    "metadata" : [ ]
  }, {
    "asset" : {
      "assetID" : "ov6z71t311fdl08qp8pqxbfozbmhio8igxs18oib"
    },
    "index" : 9,
    "addedDate" : 1730227963267,
    "metadata" : [ ]
  } ],
  "fileName" : "a0b6b2f4c3b84c54a94b2ce0497efe05.json",
  "name" : "November",
  "english" : true,
  "publicTitle" : "November",
  "collectionUri" : "2024-book-of-mormon-media-resources-november"
}