{
  "parentCollectionID" : "2f7f62716517193f4196c8bf092248e846c01315",
  "parentCollectionPath" : "Mobile Media Library/English - Video/Callings and Trainings/Leadership/Leadership Training Library/Welcome",
  "collectionType" : "assets",
  "path" : "Mobile Media Library/English - Video/Callings and Trainings/Leadership/Leadership Training Library/Welcome/About the Library",
  "collectionID" : "a10e489e3f7dc1a5c082f7e8ccc202d5758cf904",
  "language" : "eng",
  "type" : "DEFAULT",
  "lastUpdatedDate" : "2019-10-28T16:40:50.643-06:00",
  "links" : [ {
    "rel" : "details",
    "href" : "https://titanapi.churchofjesuschrist.org/assetsearch/api/v2/collection/details/collectionID/a10e489e3f7dc1a5c082f7e8ccc202d5758cf904"
  } ],
  "coverImages" : [ {
    "asset" : {
      "assetID" : "c04b24c9f800761e437eb9627451927ad67112db"
    }
  } ],
  "related" : [ ],
  "metadata" : [ {
    "key" : "collectionUri",
    "value" : "welcome-about-the-library",
    "language" : "eng"
  }, {
    "key" : "publicTitle",
    "value" : "About the Library",
    "language" : "eng"
  } ],
  "children" : [ ],
  "assets" : [ {
    "asset" : {
      "assetID" : "e1ed15058a55544010aac2ea6d9ddf0eb203d65b"
    },
    "addedDate" : 1529010604013,
    "metadata" : [ ]
  }, {
    "asset" : {
      "assetID" : "a8c054fc2b70b9be09f156bc444fe29ba60a9697"
    },
    "addedDate" : 1529010563098,
    "metadata" : [ ]
  } ],
  "fileName" : "a10e489e3f7dc1a5c082f7e8ccc202d5758cf904.json",
  "name" : "About the Library",
  "english" : true,
  "publicTitle" : "About the Library",
  "collectionUri" : "welcome-about-the-library"
}