{
  "parentCollectionID" : "a362cf32612a48c380d0013df943b987",
  "parentCollectionPath" : "Mobile Media Library/English - Video/Teaching and Lessons/Come, Follow Me/2023 New Testament Media Resources",
  "collectionType" : "assets",
  "path" : "Mobile Media Library/English - Video/Teaching and Lessons/Come, Follow Me/2023 New Testament Media Resources/December 25–31. Revelation 15-22: \"He That Overcometh Shall Inherit All Things\"",
  "collectionID" : "a13d0e9f99b54bb2900aaab5ab450ed5",
  "language" : "eng",
  "type" : "DEFAULT",
  "lastUpdatedDate" : "2022-12-01T15:37:41.792-07:00",
  "links" : [ {
    "rel" : "details",
    "href" : "https://titanapi.churchofjesuschrist.org/assetsearch/api/v2/collection/details/collectionID/a13d0e9f99b54bb2900aaab5ab450ed5"
  } ],
  "coverImages" : [ {
    "asset" : {
      "assetID" : "e6a1f7c0228c6f6fccbfee8ca89cc89c0bb15d8b"
    }
  } ],
  "related" : [ ],
  "metadata" : [ {
    "key" : "orderIndex",
    "value" : "44"
  }, {
    "key" : "collectionUri",
    "value" : "cfm-2023-videos-december-25-31",
    "language" : "eng"
  }, {
    "key" : "publicTitle",
    "value" : "December 25–31. Revelation 15-22: \"He That Overcometh Shall Inherit All Things\"",
    "language" : "eng"
  } ],
  "children" : [ ],
  "assets" : [ {
    "asset" : {
      "assetID" : "63b37652faab55930183878c44069acdc2aa2de4"
    },
    "index" : 0,
    "addedDate" : 1650045714558,
    "metadata" : [ ]
  }, {
    "asset" : {
      "assetID" : "29314d8810f711ec8c47eeeeac1efe0e3123590a"
    },
    "index" : 2,
    "addedDate" : 1668029003404,
    "metadata" : [ ]
  } ],
  "fileName" : "a13d0e9f99b54bb2900aaab5ab450ed5.json",
  "name" : "December 25–31. Revelation 15-22: \"He That Overcometh Shall Inherit All Things\"",
  "english" : true,
  "publicTitle" : "December 25–31. Revelation 15-22: \"He That Overcometh Shall Inherit All Things\"",
  "collectionUri" : "cfm-2023-videos-december-25-31"
}