{
  "parentCollectionID" : "5eb1c2c42f8308ed70ebf916ae78ecac55ceb469",
  "parentCollectionPath" : "Mobile Media Library/English - Video/Life Help/Self-Reliance Services and PEF/Find a Better Job",
  "collectionType" : "assets",
  "path" : "Mobile Media Library/English - Video/Life Help/Self-Reliance Services and PEF/Find a Better Job/Chapter 01: The Fundamentals",
  "collectionID" : "a1711ecc1698f04bd96d8cd0c70822956bbf213b",
  "language" : "eng",
  "type" : "DEFAULT",
  "lastUpdatedDate" : "2019-10-28T16:40:50.643-06:00",
  "links" : [ {
    "rel" : "details",
    "href" : "https://titanapi.churchofjesuschrist.org/assetsearch/api/v2/collection/details/collectionID/a1711ecc1698f04bd96d8cd0c70822956bbf213b"
  } ],
  "coverImages" : [ {
    "asset" : {
      "assetID" : "92f9dc81f244a55165952653aef6e85f4b41fbaf"
    }
  } ],
  "related" : [ ],
  "metadata" : [ {
    "key" : "collectionUri",
    "value" : "chapter-1-the-fundamentals",
    "language" : "eng"
  }, {
    "key" : "publicTitle",
    "value" : "Chapter 01: The Fundamentals",
    "language" : "eng"
  } ],
  "children" : [ ],
  "assets" : [ {
    "asset" : {
      "assetID" : "55dfcd932c38dbf4ca23cbac5bea5e257b95a434"
    },
    "addedDate" : 1490648886002,
    "metadata" : [ ]
  }, {
    "asset" : {
      "assetID" : "042e73a7f2a5a6d6a46aff496d7b7fb0378fa113"
    },
    "addedDate" : 1490648981098,
    "metadata" : [ ]
  } ],
  "fileName" : "a1711ecc1698f04bd96d8cd0c70822956bbf213b.json",
  "name" : "Chapter 01: The Fundamentals",
  "english" : true,
  "publicTitle" : "Chapter 01: The Fundamentals",
  "collectionUri" : "chapter-1-the-fundamentals"
}