{
  "parentCollectionID" : "40c5006ffe5757e9f0d51c921eadb29b3caefafb",
  "parentCollectionPath" : "Mobile Media Library/English - Video/Callings and Trainings/Military and Chaplains/Chaplain Seminars and Trainings",
  "collectionType" : "assets",
  "path" : "Mobile Media Library/English - Video/Callings and Trainings/Military and Chaplains/Chaplain Seminars and Trainings/Chaplain Seminars and Training 2020",
  "collectionID" : "a3212f6337cd4717b0998851e94a50c8",
  "language" : "eng",
  "type" : "DEFAULT",
  "lastUpdatedDate" : "2021-02-16T09:53:15.437-07:00",
  "links" : [ {
    "rel" : "details",
    "href" : "https://titanapi.churchofjesuschrist.org/assetsearch/api/v2/collection/details/collectionID/a3212f6337cd4717b0998851e94a50c8"
  } ],
  "coverImages" : [ {
    "asset" : {
      "assetID" : "4ca074d4d2d5881e2304ba157e4222dc3364eb93"
    }
  } ],
  "related" : [ ],
  "metadata" : [ {
    "key" : "orderIndex",
    "value" : "3"
  }, {
    "key" : "collectionUri",
    "value" : "chaplain-seminars-and-training-2020",
    "language" : "eng"
  }, {
    "key" : "publicTitle",
    "value" : "Chaplain Seminars and Training 2020",
    "language" : "eng"
  } ],
  "children" : [ ],
  "assets" : [ {
    "asset" : {
      "assetID" : "5451B64F7A598633C823EF60F121B2E278B53FB1"
    },
    "index" : 0,
    "addedDate" : 1611133988035,
    "metadata" : [ ]
  }, {
    "asset" : {
      "assetID" : "ED7C2EF9AD52F4B918EDF96500A093C93B9A2A45"
    },
    "index" : 7,
    "addedDate" : 1611082837350,
    "metadata" : [ ]
  }, {
    "asset" : {
      "assetID" : "33E33D4C375B30645D51CD55D1EA9D42C4FB9CE6"
    },
    "index" : 3,
    "addedDate" : 1610687348357,
    "metadata" : [ ]
  }, {
    "asset" : {
      "assetID" : "3BD62AA1D866857769165D65DD79B018EE7C8E3F"
    },
    "index" : 4,
    "addedDate" : 1610687348633,
    "metadata" : [ ]
  }, {
    "asset" : {
      "assetID" : "C20866CC4C7BE9A97AC1DF269F33386BBEEE3D49"
    },
    "index" : 5,
    "addedDate" : 1610687348907,
    "metadata" : [ ]
  }, {
    "asset" : {
      "assetID" : "7FF66C5771C09E79FE587DF642A8B72480174B45"
    },
    "index" : 2,
    "addedDate" : 1610687348069,
    "metadata" : [ ]
  }, {
    "asset" : {
      "assetID" : "FA787D14AB111765261B52ADCC17A857431F7FF9"
    },
    "index" : 6,
    "addedDate" : 1610687349223,
    "metadata" : [ ]
  }, {
    "asset" : {
      "assetID" : "73657BF939799C244C4F9A2E8491EC8E621EC53B"
    },
    "index" : 1,
    "addedDate" : 1610687347791,
    "metadata" : [ ]
  }, {
    "asset" : {
      "assetID" : "B3E2C999EF5A1040110492981C336A708AC89944"
    },
    "index" : 8,
    "addedDate" : 1614364054279,
    "metadata" : [ ]
  } ],
  "fileName" : "a3212f6337cd4717b0998851e94a50c8.json",
  "name" : "Chaplain Seminars and Training 2020",
  "english" : true,
  "publicTitle" : "Chaplain Seminars and Training 2020",
  "collectionUri" : "chaplain-seminars-and-training-2020"
}