{
  "parentCollectionID" : "c058e5106b8e8d62008116bb1c25d6983599e78f",
  "parentCollectionPath" : "Mobile Media Library/English - Video/Life Help/Self-Reliance Services and PEF/Personal Finances",
  "collectionType" : "assets",
  "path" : "Mobile Media Library/English - Video/Life Help/Self-Reliance Services and PEF/Personal Finances/Chapter 5: Sticking to a Budget",
  "collectionID" : "a3b4a261db44722b1a5a61140e5a765872e4ff1a",
  "language" : "eng",
  "type" : "DEFAULT",
  "lastUpdatedDate" : "2019-10-28T16:40:50.643-06:00",
  "links" : [ {
    "rel" : "details",
    "href" : "https://titanapi.churchofjesuschrist.org/assetsearch/api/v2/collection/details/collectionID/a3b4a261db44722b1a5a61140e5a765872e4ff1a"
  } ],
  "coverImages" : [ {
    "asset" : {
      "assetID" : "b15e54bfcb9e76a1b4e8cd2857a2fee66d080c47"
    }
  } ],
  "related" : [ ],
  "metadata" : [ {
    "key" : "collectionUri",
    "value" : "chapter-5-sticking-to-a-budget",
    "language" : "eng"
  }, {
    "key" : "publicTitle",
    "value" : "Chapter 5: Sticking to a Budget",
    "language" : "eng"
  } ],
  "children" : [ ],
  "assets" : [ {
    "asset" : {
      "assetID" : "324ba7f839d69c14330debf70dc0b5a735f65dcc"
    },
    "addedDate" : 1496343440012,
    "metadata" : [ ]
  }, {
    "asset" : {
      "assetID" : "259586214d825cf8f820534d93ffe8bd4db30930"
    },
    "addedDate" : 1496343468061,
    "metadata" : [ ]
  } ],
  "fileName" : "a3b4a261db44722b1a5a61140e5a765872e4ff1a.json",
  "name" : "Chapter 5: Sticking to a Budget",
  "english" : true,
  "publicTitle" : "Chapter 5: Sticking to a Budget",
  "collectionUri" : "chapter-5-sticking-to-a-budget"
}