{
  "parentCollectionID" : "41e345722a1b0d6491203b5df044f34552d780a9",
  "parentCollectionPath" : "Mobile Media Library/English - Video/Family History/(Unpublished) Getting Started",
  "collectionType" : "assets",
  "path" : "Mobile Media Library/English - Video/Family History/(Unpublished) Getting Started/(Unpublished) From Church Leaders about Family History",
  "collectionID" : "a3ef577f588a9e3cec2f9e901eeaca809921db05",
  "language" : "eng",
  "type" : "DEFAULT",
  "lastUpdatedDate" : "2019-10-28T16:40:50.643-06:00",
  "links" : [ {
    "rel" : "details",
    "href" : "https://titanapi.churchofjesuschrist.org/assetsearch/api/v2/collection/details/collectionID/a3ef577f588a9e3cec2f9e901eeaca809921db05"
  } ],
  "coverImages" : [ {
    "asset" : {
      "assetID" : "28653c9addece776df34a396820128e30914a8c8"
    }
  } ],
  "related" : [ ],
  "metadata" : [ {
    "key" : "collectionUri",
    "value" : "from-church-leaders-about-family-history",
    "language" : "eng"
  } ],
  "children" : [ ],
  "assets" : [ {
    "asset" : {
      "assetID" : "3bfbc5926db20de0871d4fd5c8315508bdb2c826"
    },
    "addedDate" : 1632956833666,
    "metadata" : [ ]
  }, {
    "asset" : {
      "assetID" : "450692ef59ae03350666d1b067e555cf1dd259b4"
    },
    "addedDate" : 1592433099762,
    "metadata" : [ ]
  }, {
    "asset" : {
      "assetID" : "4e78dd371948372ffc12a0e0b89a85d0f5aed20c"
    },
    "addedDate" : 1517519779045,
    "metadata" : [ ]
  }, {
    "asset" : {
      "assetID" : "f90d0b9229d814f2bed721d233eb2e55b11d3dd0"
    },
    "addedDate" : 1524154282063,
    "metadata" : [ ]
  }, {
    "asset" : {
      "assetID" : "c037de3ca46d21a9d6b2b917035d0c886bc78bfd"
    },
    "addedDate" : 1517519897001,
    "metadata" : [ ]
  } ],
  "fileName" : "a3ef577f588a9e3cec2f9e901eeaca809921db05.json",
  "name" : "(Unpublished) From Church Leaders about Family History",
  "english" : true,
  "collectionUri" : "from-church-leaders-about-family-history"
}