{
  "parentCollectionID" : "46d7cbc8226c424d9977f43d8d743e32",
  "parentCollectionPath" : "Mobile Media Library/English - Video/Teaching and Lessons/Teaching in the Savior's Way",
  "collectionType" : "assets",
  "path" : "Mobile Media Library/English - Video/Teaching and Lessons/Teaching in the Savior's Way/Teaching in the Savior's Way",
  "collectionID" : "a3fdecf55df74964b1f01ab90e7b4df3",
  "language" : "eng",
  "type" : "DEFAULT",
  "lastUpdatedDate" : "2022-11-08T13:59:15.850-07:00",
  "links" : [ {
    "rel" : "details",
    "href" : "https://titanapi.churchofjesuschrist.org/assetsearch/api/v2/collection/details/collectionID/a3fdecf55df74964b1f01ab90e7b4df3"
  } ],
  "coverImages" : [ {
    "asset" : {
      "assetID" : "cf381b02556211ed9955eeeeac1ecfcdd74342d2"
    }
  } ],
  "related" : [ ],
  "metadata" : [ {
    "key" : "collectionUri",
    "value" : "teaching-in-the-saviors-way-broadcast",
    "language" : "eng"
  }, {
    "key" : "publicTitle",
    "value" : "Teaching in the Savior's Way",
    "language" : "eng"
  }, {
    "key" : "orderIndex",
    "value" : "1"
  } ],
  "children" : [ ],
  "assets" : [ {
    "asset" : {
      "assetID" : "8c417542e5ee11ecaddfeeeeac1ed778bbe3331a"
    },
    "index" : 0,
    "addedDate" : 1667941207672,
    "metadata" : [ ]
  }, {
    "asset" : {
      "assetID" : "0ecef611e5f711ec8badeeeeac1e53cfa379a571"
    },
    "index" : 1,
    "addedDate" : 1667941210744,
    "metadata" : [ ]
  }, {
    "asset" : {
      "assetID" : "29b015e5e6ce11ec9dc8eeeeac1ed7558ae9f407"
    },
    "index" : 2,
    "addedDate" : 1667941214134,
    "metadata" : [ ]
  }, {
    "asset" : {
      "assetID" : "74538de261d311eda16beeeeac1e9c15f15b3fae"
    },
    "addedDate" : 1670020458080,
    "metadata" : [ ]
  }, {
    "asset" : {
      "assetID" : "7e2f82b361d311edbba3eeeeac1ec46436d2b78b"
    },
    "addedDate" : 1670020458076,
    "metadata" : [ ]
  }, {
    "asset" : {
      "assetID" : "7f39519661d311ed9682eeeeac1e474599e855b5"
    },
    "addedDate" : 1670020458073,
    "metadata" : [ ]
  }, {
    "asset" : {
      "assetID" : "82c1b50461d311ed928deeeeac1e017c434e520e"
    },
    "addedDate" : 1670020458070,
    "metadata" : [ ]
  }, {
    "asset" : {
      "assetID" : "850d2ba761d311ed95d0eeeeac1eef2970d13614"
    },
    "addedDate" : 1670020458076,
    "metadata" : [ ]
  }, {
    "asset" : {
      "assetID" : "8c256c9461d311ed8638eeeeac1e3b8be93fa6f1"
    },
    "addedDate" : 1670020458073,
    "metadata" : [ ]
  } ],
  "fileName" : "a3fdecf55df74964b1f01ab90e7b4df3.json",
  "name" : "Teaching in the Savior's Way",
  "english" : true,
  "publicTitle" : "Teaching in the Savior's Way",
  "collectionUri" : "teaching-in-the-saviors-way-broadcast"
}