{
  "parentCollectionID" : "e30025804dc7443989067c1b234da192",
  "parentCollectionPath" : "Mobile Media Library/English - Video/Broadcasts/Teaching Religion to Youth and Young Adults",
  "collectionType" : "assets",
  "path" : "Mobile Media Library/English - Video/Broadcasts/Teaching Religion to Youth and Young Adults/2020–An Evening with Elder David A. Bednar",
  "collectionID" : "a43e55b417da4f2e942eba0456cc1e26",
  "language" : "eng",
  "type" : "DEFAULT",
  "lastUpdatedDate" : "2023-06-16T16:39:42.120-06:00",
  "links" : [ {
    "rel" : "details",
    "href" : "https://titanapi.churchofjesuschrist.org/assetsearch/api/v2/collection/details/collectionID/a43e55b417da4f2e942eba0456cc1e26"
  } ],
  "coverImages" : [ {
    "asset" : {
      "assetID" : "5050c369f287b1edab7cf28d32d4a89db2a4ba76"
    }
  } ],
  "related" : [ ],
  "metadata" : [ {
    "key" : "orderIndex",
    "value" : "4"
  }, {
    "key" : "collectionUri",
    "value" : "evening-with-a-general-authority-2020",
    "language" : "eng"
  }, {
    "key" : "publicTitle",
    "value" : "2020–An Evening with Elder David A. Bednar",
    "language" : "eng"
  } ],
  "children" : [ ],
  "assets" : [ {
    "asset" : {
      "assetID" : "0705EB24910738D9B6BDBFF0B4654DB7F7A4D1CC"
    },
    "addedDate" : 1584483430949,
    "metadata" : [ ]
  }, {
    "asset" : {
      "assetID" : "7CDCE1AFF2A36B19B1DFB5ECF9C17F8B4465D474"
    },
    "addedDate" : 1584483633428,
    "metadata" : [ ]
  }, {
    "asset" : {
      "assetID" : "737BAC8C3DCF6B2709DECE71E6A9FF516C86E07E"
    },
    "addedDate" : 1584483665807,
    "metadata" : [ ]
  }, {
    "asset" : {
      "assetID" : "7982BFE35A6440E535DB81D29E022EBD06180D38"
    },
    "addedDate" : 1584483699266,
    "metadata" : [ ]
  }, {
    "asset" : {
      "assetID" : "8B24A37F853ABC62E8CBC6391FB27FBD0FFE4251"
    },
    "addedDate" : 1584483734405,
    "metadata" : [ ]
  }, {
    "asset" : {
      "assetID" : "EDFA6CA8DF76B251C6DAE531138E2A9E4452A297"
    },
    "addedDate" : 1584483764471,
    "metadata" : [ ]
  } ],
  "fileName" : "a43e55b417da4f2e942eba0456cc1e26.json",
  "name" : "2020–An Evening with Elder David A. Bednar",
  "english" : true,
  "publicTitle" : "2020–An Evening with Elder David A. Bednar",
  "collectionUri" : "evening-with-a-general-authority-2020"
}