{
  "parentCollectionID" : "91771842fbbb7d811f5a115ac78e403ba6e5d528",
  "parentCollectionPath" : "Mobile Media Library/English - Video/Inspiration",
  "collectionType" : "assets",
  "path" : "Mobile Media Library/English - Video/Inspiration/Try Faith",
  "collectionID" : "a4a2a5cbfef742bebf35dce28c2318ef",
  "language" : "eng",
  "type" : "DEFAULT",
  "lastUpdatedDate" : "2023-09-26T08:48:37.817-06:00",
  "links" : [ {
    "rel" : "details",
    "href" : "https://titanapi.churchofjesuschrist.org/assetsearch/api/v2/collection/details/collectionID/a4a2a5cbfef742bebf35dce28c2318ef"
  } ],
  "coverImages" : [ {
    "asset" : {
      "assetID" : "d41e235949f67eff9313628d4127175c61f3e288"
    }
  } ],
  "related" : [ ],
  "metadata" : [ {
    "key" : "orderIndex",
    "value" : "5"
  }, {
    "key" : "channel",
    "value" : "mobile",
    "language" : "eng"
  }, {
    "key" : "description",
    "value" : "Join us on a transformative journey as we follow the lives of seven individuals, each facing unique personal challenges that hinder their progress.",
    "language" : "eng"
  }, {
    "key" : "collectionUri",
    "value" : "try-faith",
    "language" : "eng"
  }, {
    "key" : "publicTitle",
    "value" : "Try Faith",
    "language" : "eng"
  } ],
  "children" : [ ],
  "assets" : [ {
    "asset" : {
      "assetID" : "b4d375cbaeee11edafb7eeeeac1edd4f8ebfb25e"
    },
    "index" : 8,
    "addedDate" : 1684531469177,
    "metadata" : [ ]
  }, {
    "asset" : {
      "assetID" : "12c75d5cb88511edb05eeeeeac1eec1f13186e6f"
    },
    "index" : 9,
    "addedDate" : 1684531509083,
    "metadata" : [ ]
  }, {
    "asset" : {
      "assetID" : "448ff9acb94d11edba26eeeeac1eccac004a6322"
    },
    "index" : 10,
    "addedDate" : 1684531528075,
    "metadata" : [ ]
  }, {
    "asset" : {
      "assetID" : "a4d19506bdf111edb271eeeeac1e6e771445fe5f"
    },
    "index" : 11,
    "addedDate" : 1684531541025,
    "metadata" : [ ]
  }, {
    "asset" : {
      "assetID" : "34ebf405264d11eebdc7eeeeac1e0f6a18657a1d"
    },
    "index" : 7,
    "addedDate" : 1691693871790,
    "metadata" : [ ]
  }, {
    "asset" : {
      "assetID" : "5cf2a45a2bd811ee838beeeeac1e9e05f0e9d00d"
    },
    "index" : 3,
    "addedDate" : 1694730664805,
    "metadata" : [ ]
  }, {
    "asset" : {
      "assetID" : "5c80f6ce2bd811ee8a20eeeeac1eebb8fb6faed3"
    },
    "index" : 0,
    "addedDate" : 1695739706493,
    "metadata" : [ ]
  }, {
    "asset" : {
      "assetID" : "5fbff52a2bd811ee81c9eeeeac1ede8c88c4d52e"
    },
    "index" : 4,
    "addedDate" : 1694730650905,
    "metadata" : [ ]
  }, {
    "asset" : {
      "assetID" : "632e8f0e2bd811ee83ceeeeeac1e3ab734f6e7ee"
    },
    "index" : 5,
    "addedDate" : 1693542386998,
    "metadata" : [ ]
  }, {
    "asset" : {
      "assetID" : "640abe3b2bd811ee8595eeeeac1e3c93f53f0e35"
    },
    "index" : 1,
    "addedDate" : 1694730609105,
    "metadata" : [ ]
  }, {
    "asset" : {
      "assetID" : "9c5fac062bd811ee9572eeeeac1e159d65e70e09"
    },
    "index" : 6,
    "addedDate" : 1693542381280,
    "metadata" : [ ]
  }, {
    "asset" : {
      "assetID" : "a3d1308a2bd811ee871eeeeeac1e2ea9a209f053"
    },
    "index" : 2,
    "addedDate" : 1694730675988,
    "metadata" : [ ]
  } ],
  "fileName" : "a4a2a5cbfef742bebf35dce28c2318ef.json",
  "name" : "Try Faith",
  "english" : true,
  "publicTitle" : "Try Faith",
  "description" : "Join us on a transformative journey as we follow the lives of seven individuals, each facing unique personal challenges that hinder their progress.",
  "collectionUri" : "try-faith"
}