{
  "parentCollectionID" : "947da7183a51ff85dfdac16ddf289bb0ace2b6b8",
  "parentCollectionPath" : "Mobile Media Library/English - Video/Broadcasts",
  "collectionType" : "collections",
  "path" : "Mobile Media Library/English - Video/Broadcasts/BYU Women’s Conference",
  "collectionID" : "a4cbfba70bf044214729b9339a405bd8c5560688",
  "language" : "eng",
  "type" : "DEFAULT",
  "lastUpdatedDate" : "2024-08-08T13:46:42.143-06:00",
  "links" : [ {
    "rel" : "details",
    "href" : "https://titanapi.churchofjesuschrist.org/assetsearch/api/v2/collection/details/collectionID/a4cbfba70bf044214729b9339a405bd8c5560688"
  } ],
  "coverImages" : [ {
    "asset" : {
      "assetID" : "e6ed517c207ad570f8349657fa0695d45307575a"
    }
  } ],
  "related" : [ ],
  "metadata" : [ {
    "key" : "orderIndex",
    "value" : "14"
  }, {
    "key" : "channel",
    "value" : "mobile",
    "language" : "eng"
  }, {
    "key" : "description",
    "value" : "From roundtable discussions of faith, to individual testimonies, Latter-day Saint women who lead in the Church share their perspectives.",
    "language" : "eng"
  }, {
    "key" : "collectionUri",
    "value" : "byu-womens-conference",
    "language" : "eng"
  }, {
    "key" : "publicTitle",
    "value" : "BYU Women’s Conference",
    "language" : "eng"
  } ],
  "children" : [ {
    "path" : "Mobile Media Library/English - Video/Broadcasts/BYU Women’s Conference/BYU Women's Conference - 2017",
    "collectionID" : "6574c7d8032f45b2bea49eb4d8659bcb",
    "type" : "DEFAULT",
    "lastUpdatedDate" : "2024-08-08T13:45:47.709-06:00",
    "links" : [ {
      "rel" : "details",
      "href" : "https://titanapi.churchofjesuschrist.org/assetsearch/api/v2/collection/details/collectionID/6574c7d8032f45b2bea49eb4d8659bcb"
    } ],
    "fileName" : "6574c7d8032f45b2bea49eb4d8659bcb.json"
  }, {
    "path" : "Mobile Media Library/English - Video/Broadcasts/BYU Women’s Conference/BYU Women's Conference - 2018",
    "collectionID" : "bcf61905db75405f9c0513e01790949e",
    "type" : "DEFAULT",
    "lastUpdatedDate" : "2024-08-08T13:45:54.374-06:00",
    "links" : [ {
      "rel" : "details",
      "href" : "https://titanapi.churchofjesuschrist.org/assetsearch/api/v2/collection/details/collectionID/bcf61905db75405f9c0513e01790949e"
    } ],
    "fileName" : "bcf61905db75405f9c0513e01790949e.json"
  }, {
    "path" : "Mobile Media Library/English - Video/Broadcasts/BYU Women’s Conference/BYU Women's Conference - 2019",
    "collectionID" : "ded42a32740443f0a0d30ccc2cc4dc99",
    "type" : "DEFAULT",
    "lastUpdatedDate" : "2024-08-08T13:46:02.066-06:00",
    "links" : [ {
      "rel" : "details",
      "href" : "https://titanapi.churchofjesuschrist.org/assetsearch/api/v2/collection/details/collectionID/ded42a32740443f0a0d30ccc2cc4dc99"
    } ],
    "fileName" : "ded42a32740443f0a0d30ccc2cc4dc99.json"
  }, {
    "path" : "Mobile Media Library/English - Video/Broadcasts/BYU Women’s Conference/BYU Women's Conference - 2020",
    "collectionID" : "3abc3aa06b494c609a3dc6d0a9f3cf4b",
    "type" : "DEFAULT",
    "lastUpdatedDate" : "2024-08-08T13:46:10.128-06:00",
    "links" : [ {
      "rel" : "details",
      "href" : "https://titanapi.churchofjesuschrist.org/assetsearch/api/v2/collection/details/collectionID/3abc3aa06b494c609a3dc6d0a9f3cf4b"
    } ],
    "fileName" : "3abc3aa06b494c609a3dc6d0a9f3cf4b.json"
  }, {
    "path" : "Mobile Media Library/English - Video/Broadcasts/BYU Women’s Conference/BYU Women's Conference - 2021",
    "collectionID" : "4ee90792a360426290eaddc45e4132ea",
    "type" : "DEFAULT",
    "lastUpdatedDate" : "2024-08-08T13:46:17.188-06:00",
    "links" : [ {
      "rel" : "details",
      "href" : "https://titanapi.churchofjesuschrist.org/assetsearch/api/v2/collection/details/collectionID/4ee90792a360426290eaddc45e4132ea"
    } ],
    "fileName" : "4ee90792a360426290eaddc45e4132ea.json"
  }, {
    "path" : "Mobile Media Library/English - Video/Broadcasts/BYU Women’s Conference/BYU Women's Conference - 2024",
    "collectionID" : "dc28810e4a754697a885d9601c5a68ca",
    "type" : "DEFAULT",
    "lastUpdatedDate" : "2024-09-18T14:00:24.665-06:00",
    "links" : [ {
      "rel" : "details",
      "href" : "https://titanapi.churchofjesuschrist.org/assetsearch/api/v2/collection/details/collectionID/dc28810e4a754697a885d9601c5a68ca"
    } ],
    "fileName" : "dc28810e4a754697a885d9601c5a68ca.json"
  }, {
    "path" : "Mobile Media Library/English - Video/Broadcasts/BYU Women’s Conference/BYU Women's Conference - 2023",
    "collectionID" : "e396515589b44dab8de78b4e25f98bbe",
    "type" : "DEFAULT",
    "lastUpdatedDate" : "2024-08-08T13:46:24.357-06:00",
    "links" : [ {
      "rel" : "details",
      "href" : "https://titanapi.churchofjesuschrist.org/assetsearch/api/v2/collection/details/collectionID/e396515589b44dab8de78b4e25f98bbe"
    } ],
    "fileName" : "e396515589b44dab8de78b4e25f98bbe.json"
  } ],
  "assets" : [ ],
  "fileName" : "a4cbfba70bf044214729b9339a405bd8c5560688.json",
  "name" : "BYU Women’s Conference",
  "english" : true,
  "publicTitle" : "BYU Women’s Conference",
  "description" : "From roundtable discussions of faith, to individual testimonies, Latter-day Saint women who lead in the Church share their perspectives.",
  "collectionUri" : "byu-womens-conference"
}