{
  "parentCollectionID" : "5a97abf026244e198d8305dcdf95ab98",
  "parentCollectionPath" : "Mobile Media Library/English - Video/Teaching and Lessons/Come, Follow Me/2024 Book of Mormon Media Resources",
  "collectionType" : "assets",
  "path" : "Mobile Media Library/English - Video/Teaching and Lessons/Come, Follow Me/2024 Book of Mormon Media Resources/February",
  "collectionID" : "a4d0eec7563e456d8d5bdc76fd2b0e5f",
  "language" : "eng",
  "type" : "DEFAULT",
  "lastUpdatedDate" : "2023-11-03T11:32:03.011-06:00",
  "links" : [ {
    "rel" : "details",
    "href" : "https://titanapi.churchofjesuschrist.org/assetsearch/api/v2/collection/details/collectionID/a4d0eec7563e456d8d5bdc76fd2b0e5f"
  } ],
  "coverImages" : [ {
    "asset" : {
      "assetID" : "b0a817233e09ec240cf77ceff23707cab6e38a76"
    }
  } ],
  "related" : [ ],
  "metadata" : [ {
    "key" : "collectionUri",
    "value" : "2024-book-of-mormon-media-resources-february",
    "language" : "eng"
  }, {
    "key" : "publicTitle",
    "value" : "February",
    "language" : "eng"
  }, {
    "key" : "orderIndex",
    "value" : "2"
  } ],
  "children" : [ ],
  "assets" : [ {
    "asset" : {
      "assetID" : "9005098d2e7a4c167f9dbff0318b8357a6142723"
    },
    "index" : 8,
    "addedDate" : 1699033503391,
    "metadata" : [ ]
  }, {
    "asset" : {
      "assetID" : "94eda59bdae9f2da3f79c3195aaf18af4ff4a0fe"
    },
    "index" : 5,
    "addedDate" : 1699033454587,
    "metadata" : [ ]
  }, {
    "asset" : {
      "assetID" : "fbcb2d0ac5b66056ace90b17bc660eafe2b38bfb"
    },
    "index" : 4,
    "addedDate" : 1699033439593,
    "metadata" : [ ]
  }, {
    "asset" : {
      "assetID" : "2917c285ed2fba2a422dc30d8d67861549d12634"
    },
    "index" : 7,
    "addedDate" : 1699033486684,
    "metadata" : [ ]
  }, {
    "asset" : {
      "assetID" : "8ac4d4f6e40766da9fcccd360d7ac33260acdda6"
    },
    "index" : 0,
    "addedDate" : 1699033408018,
    "metadata" : [ ]
  }, {
    "asset" : {
      "assetID" : "A0112167A100EBCF63D2A80B942C94A6227071B5"
    },
    "index" : 1,
    "addedDate" : 1699033415439,
    "metadata" : [ ]
  }, {
    "asset" : {
      "assetID" : "9B12376FFE5747162F57DA334160873167F613E0"
    },
    "index" : 2,
    "addedDate" : 1699033423440,
    "metadata" : [ ]
  }, {
    "asset" : {
      "assetID" : "33A403914329D27C8AD38AA7C1E69612739AD415"
    },
    "index" : 6,
    "addedDate" : 1699033462883,
    "metadata" : [ ]
  }, {
    "asset" : {
      "assetID" : "AD017B27AB2572DDB39381145B1068C8B70CAF37"
    },
    "index" : 3,
    "addedDate" : 1699033431290,
    "metadata" : [ ]
  }, {
    "asset" : {
      "assetID" : "4F0AC5FED0D60746AC542799080098298A0617BF"
    },
    "index" : 9,
    "addedDate" : 1699033511220,
    "metadata" : [ ]
  }, {
    "asset" : {
      "assetID" : "D5685073E597181318A48536BF254DD245FFAE67"
    },
    "index" : 10,
    "addedDate" : 1699033519797,
    "metadata" : [ ]
  } ],
  "fileName" : "a4d0eec7563e456d8d5bdc76fd2b0e5f.json",
  "name" : "February",
  "english" : true,
  "publicTitle" : "February",
  "collectionUri" : "2024-book-of-mormon-media-resources-february"
}