{
  "parentCollectionID" : "faaf6bef0456c4c1f582be8783973fff6eb7c017",
  "parentCollectionPath" : "Mobile Media Library/English - Video/Callings and Trainings/Leadership/Hasten the Work",
  "collectionType" : "assets",
  "path" : "Mobile Media Library/English - Video/Callings and Trainings/Leadership/Hasten the Work/Special Broadcast: The Work of Salvation",
  "collectionID" : "a55b15d45c318f74e5b613fc48262d239ea4aa91",
  "language" : "eng",
  "type" : "DEFAULT",
  "lastUpdatedDate" : "2019-10-28T16:40:50.643-06:00",
  "links" : [ {
    "rel" : "details",
    "href" : "https://titanapi.churchofjesuschrist.org/assetsearch/api/v2/collection/details/collectionID/a55b15d45c318f74e5b613fc48262d239ea4aa91"
  } ],
  "coverImages" : [ {
    "asset" : {
      "assetID" : "601d06428279200942a75b943c4c91e29d3c49fa"
    }
  } ],
  "related" : [ ],
  "metadata" : [ {
    "key" : "collectionUri",
    "value" : "special-broadcast-the-work-of-salvation",
    "language" : "eng"
  }, {
    "key" : "publicTitle",
    "value" : "Special Broadcast: The Work of Salvation",
    "language" : "eng"
  } ],
  "children" : [ ],
  "assets" : [ {
    "asset" : {
      "assetID" : "mw9n5sn21f7se5aun1zmtc1rpf7c1esibht2muwx"
    },
    "addedDate" : 1497552738078,
    "metadata" : [ ]
  }, {
    "asset" : {
      "assetID" : "wy3npgnv19bvwa4dwxb3q9pwnbs7955i32jrw5dg"
    },
    "addedDate" : 1579665830033,
    "metadata" : [ ]
  }, {
    "asset" : {
      "assetID" : "2013-06-1041-missionary-song-medley-eng"
    },
    "addedDate" : 1497552772017,
    "metadata" : [ ]
  }, {
    "asset" : {
      "assetID" : "39ee35104e5272324ea854b1dd3a2399037e0f10"
    },
    "addedDate" : 1632956833181,
    "metadata" : [ ]
  }, {
    "asset" : {
      "assetID" : "2013-06-1050-elder-russell-m-nelson-eng"
    },
    "addedDate" : 1592396737307,
    "metadata" : [ ]
  }, {
    "asset" : {
      "assetID" : "7kpviuw1cpgq7ovqmvvrps9n3yhlegjbgf6kkz95"
    },
    "addedDate" : 1632956826110,
    "metadata" : [ ]
  }, {
    "asset" : {
      "assetID" : "dhfc5k26dgun9kksx53zo9b58d59h6i5n9yj52li"
    },
    "addedDate" : 1592396737464,
    "metadata" : [ ]
  }, {
    "asset" : {
      "assetID" : "jgrtr7d4p0woefky5g2tm23bn811ky442y681cf7"
    },
    "addedDate" : 1592396737198,
    "metadata" : [ ]
  }, {
    "asset" : {
      "assetID" : "r6unbzc45u35wpwfz2guh11px4xyk6fzikgt48hl"
    },
    "addedDate" : 1632956826235,
    "metadata" : [ ]
  }, {
    "asset" : {
      "assetID" : "ri8svg4pdestr36ugxdp7relfcmqnqgteviy7ng6"
    },
    "addedDate" : 1595218251895,
    "metadata" : [ ]
  }, {
    "asset" : {
      "assetID" : "ju1ahrfeoitjf7dmll512c1uoganszgwltjytjg5"
    },
    "addedDate" : 1595218251942,
    "metadata" : [ ]
  }, {
    "asset" : {
      "assetID" : "8aj4bshkmut8xgn5likkxaazvdni6wim4th8vd4s"
    },
    "addedDate" : 1632956826297,
    "metadata" : [ ]
  }, {
    "asset" : {
      "assetID" : "6ygln9s3ievq33bp4vqei5sz4kkpp0ng4vgaoid4"
    },
    "addedDate" : 1632956826157,
    "metadata" : [ ]
  } ],
  "fileName" : "a55b15d45c318f74e5b613fc48262d239ea4aa91.json",
  "name" : "Special Broadcast: The Work of Salvation",
  "english" : true,
  "publicTitle" : "Special Broadcast: The Work of Salvation",
  "collectionUri" : "special-broadcast-the-work-of-salvation"
}