{
  "parentCollectionID" : "bd59191796027fc53f46f5811862b4ff2baaa3b2",
  "parentCollectionPath" : "Mobile Media Library/English - Video/Topics",
  "collectionType" : "assets",
  "path" : "Mobile Media Library/English - Video/Topics/Patience",
  "collectionID" : "a6935c70d4444346b81b4d6aabe41933",
  "language" : "eng",
  "type" : "DEFAULT",
  "lastUpdatedDate" : "2020-09-20T12:18:26.561-06:00",
  "links" : [ {
    "rel" : "details",
    "href" : "https://titanapi.churchofjesuschrist.org/assetsearch/api/v2/collection/details/collectionID/a6935c70d4444346b81b4d6aabe41933"
  } ],
  "coverImages" : [ {
    "asset" : {
      "assetID" : "d0aa4927fea42f742a91ef2fd2b840a45454c729"
    }
  } ],
  "related" : [ ],
  "metadata" : [ {
    "key" : "description",
    "value" : "The ability to be patient and wait on the Lord through times of confusion, hardship, adversity, or trial is a trait of the faithful as expressed in these gospel sermons.",
    "language" : "eng"
  }, {
    "key" : "collectionUri",
    "value" : "patience-topic",
    "language" : "eng"
  }, {
    "key" : "publicTitle",
    "value" : "Patience",
    "language" : "eng"
  }, {
    "key" : "orderIndex",
    "value" : "69"
  } ],
  "children" : [ ],
  "assets" : [ {
    "asset" : {
      "assetID" : "a80ba1d0fd29ed45c7dbc29dbf7c2c08a4d02563"
    },
    "addedDate" : 1577151716941,
    "metadata" : [ ]
  }, {
    "asset" : {
      "assetID" : "1c6a982b543f46b8c95fafc0e927414a14ba244f"
    },
    "addedDate" : 1577151707819,
    "metadata" : [ ]
  }, {
    "asset" : {
      "assetID" : "7e264c62fecddd3cf38aab78c5c6215e78f3178f"
    },
    "addedDate" : 1592433099619,
    "metadata" : [ ]
  }, {
    "asset" : {
      "assetID" : "96daf2015d1758e05e20c9141c4cee172d47dce9"
    },
    "addedDate" : 1577151737960,
    "metadata" : [ ]
  }, {
    "asset" : {
      "assetID" : "17dbcfdf54d61f71126b33e66dfa206c3a4a640e"
    },
    "index" : 8,
    "addedDate" : 1597179303092,
    "metadata" : [ ]
  }, {
    "asset" : {
      "assetID" : "affbc14b8ec3180fc499e61096621b91ec6b9e54"
    },
    "addedDate" : 1577151687755,
    "metadata" : [ ]
  }, {
    "asset" : {
      "assetID" : "a6c14b89e9443430e113eaf65ab676c61ccadc58"
    },
    "addedDate" : 1577151748625,
    "metadata" : [ ]
  }, {
    "asset" : {
      "assetID" : "0c9236160a5878a47fc06313a620679b2ad582ed"
    },
    "addedDate" : 1577151698279,
    "metadata" : [ ]
  }, {
    "asset" : {
      "assetID" : "bd5a500e81a168ee1936217f36ad537a2f96341c"
    },
    "addedDate" : 1577151728285,
    "metadata" : [ ]
  } ],
  "fileName" : "a6935c70d4444346b81b4d6aabe41933.json",
  "name" : "Patience",
  "english" : true,
  "publicTitle" : "Patience",
  "description" : "The ability to be patient and wait on the Lord through times of confusion, hardship, adversity, or trial is a trait of the faithful as expressed in these gospel sermons.",
  "collectionUri" : "patience-topic"
}