{
  "parentCollectionID" : "c581c00ccb151e14648000429de4bcf8c87716bd",
  "parentCollectionPath" : "Mobile Media Library/English - Video/Callings and Trainings/Leadership/Leadership Training Library/Primary",
  "collectionType" : "assets",
  "path" : "Mobile Media Library/English - Video/Callings and Trainings/Leadership/Leadership Training Library/Primary/11.4 Sunday Primary",
  "collectionID" : "a7047d6babe106e030a97d95a0b0c4f007611d98",
  "language" : "eng",
  "type" : "DEFAULT",
  "lastUpdatedDate" : "2019-10-28T16:40:50.643-06:00",
  "links" : [ {
    "rel" : "details",
    "href" : "https://titanapi.churchofjesuschrist.org/assetsearch/api/v2/collection/details/collectionID/a7047d6babe106e030a97d95a0b0c4f007611d98"
  } ],
  "coverImages" : [ {
    "asset" : {
      "assetID" : "6e804c581b45fc71801b46822b4fa44c8306fc33"
    }
  } ],
  "related" : [ ],
  "metadata" : [ {
    "key" : "collectionUri",
    "value" : "114-sunday-primary",
    "language" : "eng"
  }, {
    "key" : "publicTitle",
    "value" : "11.4 Sunday Primary",
    "language" : "eng"
  } ],
  "children" : [ ],
  "assets" : [ {
    "asset" : {
      "assetID" : "0e07e77c644913c032d42a4b620f33ec066d176f"
    },
    "addedDate" : 1531759476020,
    "metadata" : [ ]
  }, {
    "asset" : {
      "assetID" : "bbfe7a4e8d449d0bb9c677657b8050639cfe21cd"
    },
    "addedDate" : 1529078568092,
    "metadata" : [ ]
  }, {
    "asset" : {
      "assetID" : "281af7f541479abf1dac4ac090929dc56d492e8e"
    },
    "addedDate" : 1529078660053,
    "metadata" : [ ]
  }, {
    "asset" : {
      "assetID" : "a653c452dc912b12d726aab4c0e0922ba94ba636"
    },
    "addedDate" : 1529078646054,
    "metadata" : [ ]
  } ],
  "fileName" : "a7047d6babe106e030a97d95a0b0c4f007611d98.json",
  "name" : "11.4 Sunday Primary",
  "english" : true,
  "publicTitle" : "11.4 Sunday Primary",
  "collectionUri" : "114-sunday-primary"
}