{
  "parentCollectionID" : "c673d5ed57bf0830c574779a3125f5b769192493",
  "parentCollectionPath" : "Mobile Media Library/English - Video/Life Help/Self-Reliance Services and PEF/Education for Better Work",
  "collectionType" : "assets",
  "path" : "Mobile Media Library/English - Video/Life Help/Self-Reliance Services and PEF/Education for Better Work/Chapter 8: Create an Environment for Success",
  "collectionID" : "a73d839fbd1eb534749087f020c813443b223908",
  "language" : "eng",
  "type" : "DEFAULT",
  "lastUpdatedDate" : "2019-10-28T16:40:50.643-06:00",
  "links" : [ {
    "rel" : "details",
    "href" : "https://titanapi.churchofjesuschrist.org/assetsearch/api/v2/collection/details/collectionID/a73d839fbd1eb534749087f020c813443b223908"
  } ],
  "coverImages" : [ {
    "asset" : {
      "assetID" : "7306dc2484c74bfa7d7f21d748c01465eb187579"
    }
  } ],
  "related" : [ ],
  "metadata" : [ {
    "key" : "collectionUri",
    "value" : "chapter-8-create-an-environment-for-success",
    "language" : "eng"
  }, {
    "key" : "publicTitle",
    "value" : "Chapter 8: Create an Environment for Success",
    "language" : "eng"
  } ],
  "children" : [ ],
  "assets" : [ {
    "asset" : {
      "assetID" : "eb93834c6c7e8a661b3650ada744ac31eddaf2b3"
    },
    "addedDate" : 1578706415086,
    "metadata" : [ ]
  } ],
  "fileName" : "a73d839fbd1eb534749087f020c813443b223908.json",
  "name" : "Chapter 8: Create an Environment for Success",
  "english" : true,
  "publicTitle" : "Chapter 8: Create an Environment for Success",
  "collectionUri" : "chapter-8-create-an-environment-for-success"
}