{
  "parentCollectionID" : "785d520b0d1ee16f41d51ac1f1d37b03e9117f16",
  "parentCollectionPath" : "Mobile Media Library/English - Video/Callings and Trainings/Primary",
  "collectionType" : "collections",
  "path" : "Mobile Media Library/English - Video/Callings and Trainings/Primary/Scripture Stories for Young Readers",
  "collectionID" : "a7530ee9615e47d18165998d3b6bf6e4",
  "language" : "eng",
  "type" : "DEFAULT",
  "lastUpdatedDate" : "2020-12-16T12:28:36.202-07:00",
  "links" : [ {
    "rel" : "details",
    "href" : "https://titanapi.churchofjesuschrist.org/assetsearch/api/v2/collection/details/collectionID/a7530ee9615e47d18165998d3b6bf6e4"
  } ],
  "coverImages" : [ {
    "asset" : {
      "assetID" : "15c9b821d56da673ca1b0d0e063630c6263a65d2"
    }
  } ],
  "related" : [ ],
  "metadata" : [ {
    "key" : "collectionUri",
    "value" : "scripture-stories-for-young-readers-primary",
    "language" : "eng"
  }, {
    "key" : "orderIndex",
    "value" : "13"
  } ],
  "children" : [ {
    "path" : "Mobile Media Library/English - Video/Callings and Trainings/Primary/Scripture Stories for Young Readers/Old Testament Stories for Young Readers",
    "collectionID" : "5e364e1ee73748568de6bc982b89b434",
    "type" : "DEFAULT",
    "lastUpdatedDate" : "2020-12-16T12:29:02.545-07:00",
    "links" : [ {
      "rel" : "details",
      "href" : "https://titanapi.churchofjesuschrist.org/assetsearch/api/v2/collection/details/collectionID/5e364e1ee73748568de6bc982b89b434"
    } ],
    "fileName" : "5e364e1ee73748568de6bc982b89b434.json"
  }, {
    "path" : "Mobile Media Library/English - Video/Callings and Trainings/Primary/Scripture Stories for Young Readers/New Testament Stories for Young Readers",
    "collectionID" : "ff732afeed6c4c1ea5df78632d75990a",
    "type" : "DEFAULT",
    "lastUpdatedDate" : "2020-12-16T12:29:28.443-07:00",
    "links" : [ {
      "rel" : "details",
      "href" : "https://titanapi.churchofjesuschrist.org/assetsearch/api/v2/collection/details/collectionID/ff732afeed6c4c1ea5df78632d75990a"
    } ],
    "fileName" : "ff732afeed6c4c1ea5df78632d75990a.json"
  }, {
    "path" : "Mobile Media Library/English - Video/Callings and Trainings/Primary/Scripture Stories for Young Readers/Book of Mormon Stories for Young Readers",
    "collectionID" : "ab89aaed3bc54dc78727187867c681dc",
    "type" : "DEFAULT",
    "lastUpdatedDate" : "2020-12-16T12:29:53.015-07:00",
    "links" : [ {
      "rel" : "details",
      "href" : "https://titanapi.churchofjesuschrist.org/assetsearch/api/v2/collection/details/collectionID/ab89aaed3bc54dc78727187867c681dc"
    } ],
    "fileName" : "ab89aaed3bc54dc78727187867c681dc.json"
  }, {
    "path" : "Mobile Media Library/English - Video/Callings and Trainings/Primary/Scripture Stories for Young Readers/Doctrine and Covenants Stories for Young Readers",
    "collectionID" : "1e3e65c26688402f9a4d53965cc17abc",
    "type" : "DEFAULT",
    "lastUpdatedDate" : "2020-12-16T12:30:19.886-07:00",
    "links" : [ {
      "rel" : "details",
      "href" : "https://titanapi.churchofjesuschrist.org/assetsearch/api/v2/collection/details/collectionID/1e3e65c26688402f9a4d53965cc17abc"
    } ],
    "fileName" : "1e3e65c26688402f9a4d53965cc17abc.json"
  } ],
  "assets" : [ ],
  "fileName" : "a7530ee9615e47d18165998d3b6bf6e4.json",
  "name" : "Scripture Stories for Young Readers",
  "english" : true,
  "collectionUri" : "scripture-stories-for-young-readers-primary"
}