{
  "parentCollectionID" : "8568dd8fdd2d4c9a825fed97eb4fa095",
  "parentCollectionPath" : "Mobile Media Library/English - Video/Teaching and Lessons/Seminary and Institute/Teacher Training - Gospel Teaching and Learning Handbook Video Resources",
  "collectionType" : "assets",
  "path" : "Mobile Media Library/English - Video/Teaching and Lessons/Seminary and Institute/Teacher Training - Gospel Teaching and Learning Handbook Video Resources/Preparing to Teach",
  "collectionID" : "a95860d1c3ba414299f8200243eb28e2",
  "language" : "eng",
  "type" : "DEFAULT",
  "lastUpdatedDate" : "2019-12-19T15:31:15.803-07:00",
  "links" : [ {
    "rel" : "details",
    "href" : "https://titanapi.churchofjesuschrist.org/assetsearch/api/v2/collection/details/collectionID/a95860d1c3ba414299f8200243eb28e2"
  } ],
  "coverImages" : [ {
    "asset" : {
      "assetID" : "829d0579f7180a22333ec0c988ef069fe928fa81"
    }
  } ],
  "related" : [ ],
  "metadata" : [ {
    "key" : "collectionUri",
    "value" : "4-preparing-to-teach",
    "language" : "eng"
  }, {
    "key" : "publicTitle",
    "value" : "Preparing to Teach",
    "language" : "eng"
  }, {
    "key" : "orderIndex",
    "value" : "4"
  } ],
  "children" : [ ],
  "assets" : [ {
    "asset" : {
      "assetID" : "9b58096b7996f9ca13e90afef5d19d49459fe9d9"
    },
    "addedDate" : 1576858358843,
    "metadata" : [ ]
  }, {
    "asset" : {
      "assetID" : "4d516168efe74fa85b6bd16633d415aa665b5e33"
    },
    "addedDate" : 1576858358826,
    "metadata" : [ ]
  }, {
    "asset" : {
      "assetID" : "dcfad05141c0658e4af05cf4f667e8c00cc92755"
    },
    "addedDate" : 1576858358826,
    "metadata" : [ ]
  }, {
    "asset" : {
      "assetID" : "7b8d289e585c745630584617cbf3fc236de72c08"
    },
    "addedDate" : 1576858358826,
    "metadata" : [ ]
  }, {
    "asset" : {
      "assetID" : "5d39928a55937e021ad62e335a6ce9406d8098da"
    },
    "addedDate" : 1576858358826,
    "metadata" : [ ]
  }, {
    "asset" : {
      "assetID" : "667ac711644a22d26eae0f0b9b68da965628115e"
    },
    "addedDate" : 1576858358843,
    "metadata" : [ ]
  }, {
    "asset" : {
      "assetID" : "b28d4c1acc0a0b2ab91b58279c9d3a24494fa80a"
    },
    "addedDate" : 1587159994146,
    "metadata" : [ ]
  }, {
    "asset" : {
      "assetID" : "d53d13f840e81387f70032e8835a42d1bfeabf9c"
    },
    "addedDate" : 1587161470970,
    "metadata" : [ ]
  }, {
    "asset" : {
      "assetID" : "40a981b7d20112e8c993a01727caec12860742e6"
    },
    "addedDate" : 1587159272520,
    "metadata" : [ ]
  }, {
    "asset" : {
      "assetID" : "c95dd8572afc94812a99cd1db882fa839bc7237e"
    },
    "addedDate" : 1587159689244,
    "metadata" : [ ]
  }, {
    "asset" : {
      "assetID" : "4ff872380c0cf705ab495fe3e369dc3b1aac0171"
    },
    "addedDate" : 1587160957577,
    "metadata" : [ ]
  }, {
    "asset" : {
      "assetID" : "f5a292640cd7421f66d9bade9d64f2e2d342a05c"
    },
    "addedDate" : 1587162351763,
    "metadata" : [ ]
  }, {
    "asset" : {
      "assetID" : "f612af5ca2eff216c39427df2f80ab45214bc536"
    },
    "addedDate" : 1587160466020,
    "metadata" : [ ]
  }, {
    "asset" : {
      "assetID" : "09578a81296af7891de52243222ffd2711c770a2"
    },
    "addedDate" : 1587158742982,
    "metadata" : [ ]
  }, {
    "asset" : {
      "assetID" : "e83738578ffa0d66963bf42b85fe2a2811d82fb7"
    },
    "addedDate" : 1587162844540,
    "metadata" : [ ]
  }, {
    "asset" : {
      "assetID" : "9e595e5edf5a2ff98aa708ec678d54a970092004"
    },
    "addedDate" : 1587162722770,
    "metadata" : [ ]
  }, {
    "asset" : {
      "assetID" : "730441c59fd49c96070b02f438c0cab194413561"
    },
    "addedDate" : 1587161218079,
    "metadata" : [ ]
  }, {
    "asset" : {
      "assetID" : "84841f07cb27c4a438718759d56993a6bcc2a524"
    },
    "addedDate" : 1587158997842,
    "metadata" : [ ]
  }, {
    "asset" : {
      "assetID" : "70e5a9efea4b948ba62ea37d2e6f98a1dbc1838e"
    },
    "addedDate" : 1587161793793,
    "metadata" : [ ]
  } ],
  "fileName" : "a95860d1c3ba414299f8200243eb28e2.json",
  "name" : "Preparing to Teach",
  "english" : true,
  "publicTitle" : "Preparing to Teach",
  "collectionUri" : "4-preparing-to-teach"
}