{
  "parentCollectionID" : "82aa484a719f4db2893e75ebefe44d97",
  "parentCollectionPath" : "Mobile Media Library/English - Video/Community Outreach/Humanitarian Efforts",
  "collectionType" : "assets",
  "path" : "Mobile Media Library/English - Video/Community Outreach/Humanitarian Efforts/Benson Food",
  "collectionID" : "a9bbe2626d4c438f9c551d04335a2b86",
  "language" : "eng",
  "type" : "DEFAULT",
  "lastUpdatedDate" : "2020-03-19T19:18:57.496-06:00",
  "links" : [ {
    "rel" : "details",
    "href" : "https://titanapi.churchofjesuschrist.org/assetsearch/api/v2/collection/details/collectionID/a9bbe2626d4c438f9c551d04335a2b86"
  } ],
  "coverImages" : [ {
    "asset" : {
      "assetID" : "aa0803fd9e40b2a7c9e383750c19a2bbe93133e4"
    }
  } ],
  "related" : [ ],
  "metadata" : [ {
    "key" : "collectionUri",
    "value" : "benson-food-community-outreach",
    "language" : "eng"
  }, {
    "key" : "publicTitle",
    "value" : "Benson Food",
    "language" : "eng"
  } ],
  "children" : [ ],
  "assets" : [ {
    "asset" : {
      "assetID" : "3cf5cbfb50214ad06913f21f05b00b7152f1acdd"
    },
    "addedDate" : 1576631719646,
    "metadata" : [ ]
  }, {
    "asset" : {
      "assetID" : "e5fe127ce42b7871d7a96d2f5c4495f0b7ebae8b"
    },
    "addedDate" : 1576631719646,
    "metadata" : [ ]
  }, {
    "asset" : {
      "assetID" : "1d4f185cb0872c2e3ad4bee8e6deba7ffb942d95"
    },
    "addedDate" : 1576631719646,
    "metadata" : [ ]
  }, {
    "asset" : {
      "assetID" : "1ed1422582ebf0edc7e703409a913cd8d1bce223"
    },
    "addedDate" : 1576631719646,
    "metadata" : [ ]
  }, {
    "asset" : {
      "assetID" : "da98e4491aad5cd04611de253ea7aa20b8759d8e"
    },
    "addedDate" : 1576631719646,
    "metadata" : [ ]
  }, {
    "asset" : {
      "assetID" : "9d5c0bd8668e1463142d950a20a6871e7b0973b8"
    },
    "addedDate" : 1576631719646,
    "metadata" : [ ]
  }, {
    "asset" : {
      "assetID" : "dd83410920389a8ef153492c6c62346f18ba2848"
    },
    "addedDate" : 1632956875237,
    "metadata" : [ ]
  }, {
    "asset" : {
      "assetID" : "AE9E7326BBD8FA3DF3CD27C06EB2A11BBBB8AEF0"
    },
    "addedDate" : 1576631719646,
    "metadata" : [ ]
  } ],
  "fileName" : "a9bbe2626d4c438f9c551d04335a2b86.json",
  "name" : "Benson Food",
  "english" : true,
  "publicTitle" : "Benson Food",
  "collectionUri" : "benson-food-community-outreach"
}