{
  "parentCollectionID" : "785d520b0d1ee16f41d51ac1f1d37b03e9117f16",
  "parentCollectionPath" : "Mobile Media Library/English - Video/Callings and Trainings/Primary",
  "collectionType" : "assets",
  "path" : "Mobile Media Library/English - Video/Callings and Trainings/Primary/One In A Million",
  "collectionID" : "aa222ee0cee08f9313ac92ce7d0c86b785401e06",
  "language" : "eng",
  "type" : "DEFAULT",
  "lastUpdatedDate" : "2019-10-28T16:40:50.643-06:00",
  "links" : [ {
    "rel" : "details",
    "href" : "https://titanapi.churchofjesuschrist.org/assetsearch/api/v2/collection/details/collectionID/aa222ee0cee08f9313ac92ce7d0c86b785401e06"
  } ],
  "coverImages" : [ {
    "asset" : {
      "assetID" : "882e50bf57779e15b5edc3e4bda91fbf1ed7c27d"
    }
  } ],
  "related" : [ ],
  "metadata" : [ {
    "key" : "collectionUri",
    "value" : "primary-one-in-a-million",
    "language" : "eng"
  }, {
    "key" : "publicTitle",
    "value" : "One In A Million",
    "language" : "eng"
  }, {
    "key" : "orderIndex",
    "value" : "11"
  } ],
  "children" : [ ],
  "assets" : [ {
    "asset" : {
      "assetID" : "94e64295d95dab38fcabe576e0b40a86335da984"
    },
    "addedDate" : 1479320231099,
    "metadata" : [ ]
  }, {
    "asset" : {
      "assetID" : "b61be25870ea150367cc997d24fd35769f6d06bc"
    },
    "addedDate" : 1479320230015,
    "metadata" : [ ]
  }, {
    "asset" : {
      "assetID" : "8c1281225c79ce6bc616558c906ff4cef9e9f8c7"
    },
    "addedDate" : 1479320225084,
    "metadata" : [ ]
  }, {
    "asset" : {
      "assetID" : "8ca051137835c368139302160ac0f52be11369e8"
    },
    "addedDate" : 1479320231038,
    "metadata" : [ ]
  }, {
    "asset" : {
      "assetID" : "7da359db7ce6ed32dc47ad77bd661595f9336c6c"
    },
    "addedDate" : 1479320235060,
    "metadata" : [ ]
  }, {
    "asset" : {
      "assetID" : "4130671305824bba249d696fa864aac65a76acda"
    },
    "addedDate" : 1479320229052,
    "metadata" : [ ]
  }, {
    "asset" : {
      "assetID" : "1e1289c42b32cf2c3184c76c14b677a94f09dcea"
    },
    "addedDate" : 1479320226049,
    "metadata" : [ ]
  }, {
    "asset" : {
      "assetID" : "377615f3685a2a191059cb4b7ffd698a683daee8"
    },
    "addedDate" : 1479320228090,
    "metadata" : [ ]
  }, {
    "asset" : {
      "assetID" : "24e884a26390fd33e63cfbcf8f5ef731893231e6"
    },
    "addedDate" : 1479320211024,
    "metadata" : [ ]
  }, {
    "asset" : {
      "assetID" : "7e7359a132cdb90df53889af085d5a49e9bf0416"
    },
    "addedDate" : 1479320233022,
    "metadata" : [ ]
  }, {
    "asset" : {
      "assetID" : "5fdbbbdfb8afe5fed2ab7fa3e0f974155577f717"
    },
    "addedDate" : 1479320234099,
    "metadata" : [ ]
  }, {
    "asset" : {
      "assetID" : "1bc39b5f2e7bb35e24c9e050c95e2e22d834ef63"
    },
    "addedDate" : 1479320227009,
    "metadata" : [ ]
  }, {
    "asset" : {
      "assetID" : "4f3dde2c30e8fcfd63043f160eadcb5bcf235e64"
    },
    "addedDate" : 1479320228029,
    "metadata" : [ ]
  }, {
    "asset" : {
      "assetID" : "15edf65ff9f67fb58d0088c9df19fc88c69aa66b"
    },
    "addedDate" : 1479320227070,
    "metadata" : [ ]
  }, {
    "asset" : {
      "assetID" : "c6f91f934db24012937515a23ecb6fc55526451f"
    },
    "addedDate" : 1479320233079,
    "metadata" : [ ]
  }, {
    "asset" : {
      "assetID" : "54be49422a0819f7bffbc39f551a70d037d7a9ce"
    },
    "addedDate" : 1479320232063,
    "metadata" : [ ]
  }, {
    "asset" : {
      "assetID" : "de1d500b717eeea49d5a81cbaabec3630d5fd434"
    },
    "addedDate" : 1479320234041,
    "metadata" : [ ]
  }, {
    "asset" : {
      "assetID" : "88867ce5cd6f33fa74f5ae95199cbe37e28c3bd5"
    },
    "addedDate" : 1582601919164,
    "metadata" : [ ]
  }, {
    "asset" : {
      "assetID" : "342dfe1c48487998bf13d25b91f93e079cbc35b3"
    },
    "addedDate" : 1582601519582,
    "metadata" : [ ]
  }, {
    "asset" : {
      "assetID" : "5c104a32ba84058e2edf71817a99fc5cc731b776"
    },
    "addedDate" : 1582597053205,
    "metadata" : [ ]
  }, {
    "asset" : {
      "assetID" : "ae5d58233acbc2b7a1ab1789b9b4fc59c0a6397e"
    },
    "addedDate" : 1582601684886,
    "metadata" : [ ]
  }, {
    "asset" : {
      "assetID" : "35e21bb3d00f0d20679a9064881b6eda117a9772"
    },
    "addedDate" : 1582603334369,
    "metadata" : [ ]
  }, {
    "asset" : {
      "assetID" : "b655b4d76ddb10f0da702696af2bd514a6f685b6"
    },
    "addedDate" : 1582602632732,
    "metadata" : [ ]
  }, {
    "asset" : {
      "assetID" : "04962529c1ff73a28a13c6200b458975795687e3"
    },
    "addedDate" : 1582601009558,
    "metadata" : [ ]
  }, {
    "asset" : {
      "assetID" : "4f4e2fadcd7807ec46ef2532d9aa523376ebb1f5"
    },
    "addedDate" : 1582603150742,
    "metadata" : [ ]
  }, {
    "asset" : {
      "assetID" : "91d833e66a6aa38222e499d0d3048d3efb61636a"
    },
    "addedDate" : 1582599438194,
    "metadata" : [ ]
  }, {
    "asset" : {
      "assetID" : "9a9f91d9cf0f43798cda67fb800a502deee7e192"
    },
    "addedDate" : 1582602928057,
    "metadata" : [ ]
  }, {
    "asset" : {
      "assetID" : "7c842843f46744b976df6099943320bbf919caaf"
    },
    "addedDate" : 1582598959231,
    "metadata" : [ ]
  }, {
    "asset" : {
      "assetID" : "40604521dff96a2f3cf762fd09611be4597a9970"
    },
    "addedDate" : 1582603738829,
    "metadata" : [ ]
  }, {
    "asset" : {
      "assetID" : "81db17829f3ae592a21488b5017b47abc8b52c09"
    },
    "addedDate" : 1582603934614,
    "metadata" : [ ]
  }, {
    "asset" : {
      "assetID" : "7d62c7e700d59b0b58fc9948071c9cc309f00350"
    },
    "addedDate" : 1582604569967,
    "metadata" : [ ]
  }, {
    "asset" : {
      "assetID" : "3c80abe8749df3644ce0348e151b7f617773d6e2"
    },
    "addedDate" : 1582597770216,
    "metadata" : [ ]
  }, {
    "asset" : {
      "assetID" : "aa2e4dc72b4916c1887fe227540158a9ec4e4e49"
    },
    "addedDate" : 1632956866087,
    "metadata" : [ ]
  }, {
    "asset" : {
      "assetID" : "49a05e6925810f6dc32d78571ed251ab9ce15981"
    },
    "addedDate" : 1582597500296,
    "metadata" : [ ]
  }, {
    "asset" : {
      "assetID" : "5541fde966efce8b8a613164ab11c85aa3bf1c5f"
    },
    "addedDate" : 1582596659794,
    "metadata" : [ ]
  }, {
    "asset" : {
      "assetID" : "e57497c578256e8a50c44e0733bf6f353ab5216a"
    },
    "addedDate" : 1582604067936,
    "metadata" : [ ]
  }, {
    "asset" : {
      "assetID" : "78f3a9a02f1573f2ad0b50abe57007c6e469e53f"
    },
    "addedDate" : 1582602138664,
    "metadata" : [ ]
  }, {
    "asset" : {
      "assetID" : "12ccb50e942a216cc8ea61cf1c4bcbbaecd01950"
    },
    "addedDate" : 1582601278094,
    "metadata" : [ ]
  }, {
    "asset" : {
      "assetID" : "c789a1e6003f33dc9c97dbebdc68098587057829"
    },
    "addedDate" : 1582602285840,
    "metadata" : [ ]
  }, {
    "asset" : {
      "assetID" : "3880b7605ed4692d516802f74032e22cdeae29da"
    },
    "addedDate" : 1582604697206,
    "metadata" : [ ]
  }, {
    "asset" : {
      "assetID" : "9f7b891ade3010a896a11f3903b1577c64346d60"
    },
    "addedDate" : 1582603511905,
    "metadata" : [ ]
  }, {
    "asset" : {
      "assetID" : "b4cb643b3a0ae5d040466a22f002ae9d04febaf9"
    },
    "addedDate" : 1632956867772,
    "metadata" : [ ]
  } ],
  "fileName" : "aa222ee0cee08f9313ac92ce7d0c86b785401e06.json",
  "name" : "One In A Million",
  "english" : true,
  "publicTitle" : "One In A Million",
  "collectionUri" : "primary-one-in-a-million"
}