{
  "parentCollectionID" : "7dcef444e180851b96f8f79d6392f8963ec6952b",
  "parentCollectionPath" : "Mobile Media Library/English - Video/Broadcasts/General Conference",
  "collectionType" : "assets",
  "path" : "Mobile Media Library/English - Video/Broadcasts/General Conference/October 2024",
  "collectionID" : "aa2e3cb1e11e4762bb7f31d89e1c90e8",
  "language" : "eng",
  "type" : "DEFAULT",
  "lastUpdatedDate" : "2024-10-25T13:30:16.941-06:00",
  "links" : [ {
    "rel" : "details",
    "href" : "https://titanapi.churchofjesuschrist.org/assetsearch/api/v2/collection/details/collectionID/aa2e3cb1e11e4762bb7f31d89e1c90e8"
  } ],
  "coverImages" : [ {
    "asset" : {
      "assetID" : "4kjpahrj015593n6vfw57sjoo6w9clo2ensncxm1"
    }
  } ],
  "related" : [ ],
  "metadata" : [ {
    "key" : "orderIndex",
    "value" : "0"
  }, {
    "key" : "channel",
    "value" : "mobile",
    "language" : "eng"
  }, {
    "key" : "collectionUri",
    "value" : "october-2024-general-conference",
    "language" : "eng"
  }, {
    "key" : "publicTitle",
    "value" : "October 2024",
    "language" : "eng"
  } ],
  "children" : [ ],
  "assets" : [ {
    "asset" : {
      "assetID" : "0d71d40076b011efb2bf0626c361eb55f31e2b35"
    },
    "index" : 11,
    "addedDate" : 1729119606807,
    "metadata" : [ ]
  }, {
    "asset" : {
      "assetID" : "0ea02cb276ae11efb2bf0626c361eb55b479ae1e"
    },
    "index" : 1,
    "addedDate" : 1729119514472,
    "metadata" : [ ]
  }, {
    "asset" : {
      "assetID" : "0d72be6276b011ef8f08022e7e432ed9301f5a44"
    },
    "index" : 13,
    "addedDate" : 1729119626345,
    "metadata" : [ ]
  }, {
    "asset" : {
      "assetID" : "0d72703e76b011ef8f08022e7e432ed9285c9ded"
    },
    "index" : 7,
    "addedDate" : 1729119570901,
    "metadata" : [ ]
  }, {
    "asset" : {
      "assetID" : "0d72975276b011efb2bf0626c361eb55c2229168"
    },
    "index" : 3,
    "addedDate" : 1729119534048,
    "metadata" : [ ]
  }, {
    "asset" : {
      "assetID" : "0d730c8376b011ef8f08022e7e432ed9965307b7"
    },
    "index" : 6,
    "addedDate" : 1729119558977,
    "metadata" : [ ]
  }, {
    "asset" : {
      "assetID" : "0d73339476b011efb2bf0626c361eb55e2ecd628"
    },
    "index" : 4,
    "addedDate" : 1729119542114,
    "metadata" : [ ]
  }, {
    "asset" : {
      "assetID" : "0d72975076b011ef8f08022e7e432ed9d2e83d68"
    },
    "index" : 5,
    "addedDate" : 1729119551490,
    "metadata" : [ ]
  }, {
    "asset" : {
      "assetID" : "0d72493176b011efb2bf0626c361eb5536a45148"
    },
    "index" : 10,
    "addedDate" : 1729119592321,
    "metadata" : [ ]
  }, {
    "asset" : {
      "assetID" : "0d72975176b011ef8f08022e7e432ed93898e321"
    },
    "index" : 8,
    "addedDate" : 1729119578874,
    "metadata" : [ ]
  }, {
    "asset" : {
      "assetID" : "0d72703f76b011ef8f08022e7e432ed989b0df52"
    },
    "index" : 9,
    "addedDate" : 1729119584956,
    "metadata" : [ ]
  }, {
    "asset" : {
      "assetID" : "0d730c8376b011efb2bf0626c361eb5559beedb0"
    },
    "index" : 2,
    "addedDate" : 1729119523918,
    "metadata" : [ ]
  }, {
    "asset" : {
      "assetID" : "0a038f9576ad11ef8f08022e7e432ed94009be38"
    },
    "index" : 0,
    "addedDate" : 1729119504480,
    "metadata" : [ ]
  }, {
    "asset" : {
      "assetID" : "2a5ee08876af11efb2bf0626c361eb55a97aac9e"
    },
    "index" : 14,
    "addedDate" : 1729119661176,
    "metadata" : [ ]
  }, {
    "asset" : {
      "assetID" : "08d34b27779211efb2bf0626c361eb55056c489c"
    },
    "index" : 16,
    "addedDate" : 1729119681082,
    "metadata" : [ ]
  }, {
    "asset" : {
      "assetID" : "08d40e7b779211efb2bf0626c361eb55101daaf8"
    },
    "index" : 20,
    "addedDate" : 1729119725398,
    "metadata" : [ ]
  }, {
    "asset" : {
      "assetID" : "6a5d6ddf779311ef8f08022e7e432ed99338bf50"
    },
    "index" : 22,
    "addedDate" : 1729119747788,
    "metadata" : [ ]
  }, {
    "asset" : {
      "assetID" : "08d26129779211ef8f08022e7e432ed9a3cf2668"
    },
    "index" : 24,
    "addedDate" : 1729119766800,
    "metadata" : [ ]
  }, {
    "asset" : {
      "assetID" : "08d2fd06779211efb2bf0626c361eb55a2e0127b"
    },
    "index" : 17,
    "addedDate" : 1729119689675,
    "metadata" : [ ]
  }, {
    "asset" : {
      "assetID" : "6a5e09be779311efb2bf0626c361eb55ff5244d2"
    },
    "index" : 23,
    "addedDate" : 1729119758546,
    "metadata" : [ ]
  }, {
    "asset" : {
      "assetID" : "08d3c058779211efb2bf0626c361eb5584e955e4"
    },
    "index" : 26,
    "addedDate" : 1729119791387,
    "metadata" : [ ]
  }, {
    "asset" : {
      "assetID" : "08d260c5779211efb2bf0626c361eb55803ae603"
    },
    "index" : 21,
    "addedDate" : 1729119735895,
    "metadata" : [ ]
  }, {
    "asset" : {
      "assetID" : "6a5e09bf779311efb2bf0626c361eb55685e018c"
    },
    "index" : 18,
    "addedDate" : 1729119707792,
    "metadata" : [ ]
  }, {
    "asset" : {
      "assetID" : "08d2883a779211ef8f08022e7e432ed9b8d13a2a"
    },
    "index" : 25,
    "addedDate" : 1729119778058,
    "metadata" : [ ]
  }, {
    "asset" : {
      "assetID" : "08d3c059779211efb2bf0626c361eb555f1e8622"
    },
    "index" : 15,
    "addedDate" : 1729119672400,
    "metadata" : [ ]
  }, {
    "asset" : {
      "assetID" : "08d1ebf8779211ef8f08022e7e432ed92d4c6a50"
    },
    "index" : 19,
    "addedDate" : 1729119717982,
    "metadata" : [ ]
  }, {
    "asset" : {
      "assetID" : "16bdd98b7c4611ef8e500626c361eb55c2e7d067"
    },
    "index" : 33,
    "addedDate" : 1729119991593,
    "metadata" : [ ]
  }, {
    "asset" : {
      "assetID" : "16bdb2797c4611ef8e500626c361eb554ef1a069"
    },
    "index" : 29,
    "addedDate" : 1729119939124,
    "metadata" : [ ]
  }, {
    "asset" : {
      "assetID" : "16bad9e47c4611ef87f9022e7e432ed9e3effd64"
    },
    "index" : 30,
    "addedDate" : 1729119966834,
    "metadata" : [ ]
  }, {
    "asset" : {
      "assetID" : "16bb4f167c4611ef87f9022e7e432ed90a2d947f"
    },
    "index" : 32,
    "addedDate" : 1729119983540,
    "metadata" : [ ]
  }, {
    "asset" : {
      "assetID" : "16bb00f57c4611ef87f9022e7e432ed9d06a00a4"
    },
    "index" : 28,
    "addedDate" : 1729119948447,
    "metadata" : [ ]
  }, {
    "asset" : {
      "assetID" : "16bdb27a7c4611ef8e500626c361eb55f3be6593"
    },
    "index" : 35,
    "addedDate" : 1729120007885,
    "metadata" : [ ]
  }, {
    "asset" : {
      "assetID" : "e10d697d7c1e11ef8e500626c361eb5599d6ed4f"
    },
    "index" : 27,
    "addedDate" : 1729119919070,
    "metadata" : [ ]
  }, {
    "asset" : {
      "assetID" : "16bd8b687c4611ef8e500626c361eb55f28878a8"
    },
    "index" : 34,
    "addedDate" : 1729119999732,
    "metadata" : [ ]
  }, {
    "asset" : {
      "assetID" : "16bbc4487c4611ef87f9022e7e432ed9bf00389c"
    },
    "index" : 31,
    "addedDate" : 1729119973295,
    "metadata" : [ ]
  }, {
    "asset" : {
      "assetID" : "16bb9d377c4611ef87f9022e7e432ed94539ad13"
    },
    "index" : 36,
    "addedDate" : 1729120019829,
    "metadata" : [ ]
  }, {
    "asset" : {
      "assetID" : "0d71acef76b011efb2bf0626c361eb55501dafc3"
    },
    "index" : 12,
    "addedDate" : 1729119615499,
    "metadata" : [ ]
  }, {
    "asset" : {
      "assetID" : "d21d28117c4811ef8e500626c361eb550cff91b6"
    },
    "index" : 44,
    "addedDate" : 1729120167253,
    "metadata" : [ ]
  }, {
    "asset" : {
      "assetID" : "02db8ad07c4911ef87f9022e7e432ed94d69b4fa"
    },
    "index" : 38,
    "addedDate" : 1729120103967,
    "metadata" : [ ]
  }, {
    "asset" : {
      "assetID" : "d21d76327c4811ef8e500626c361eb554e620c96"
    },
    "index" : 39,
    "addedDate" : 1729120113780,
    "metadata" : [ ]
  }, {
    "asset" : {
      "assetID" : "d21d0e9f7c4811ef87f9022e7e432ed97ca7a000"
    },
    "index" : 45,
    "addedDate" : 1729120179629,
    "metadata" : [ ]
  }, {
    "asset" : {
      "assetID" : "d21d01007c4811ef8e500626c361eb55bf906263"
    },
    "index" : 41,
    "addedDate" : 1729120132036,
    "metadata" : [ ]
  }, {
    "asset" : {
      "assetID" : "d21d76337c4811ef8e500626c361eb553e07a586"
    },
    "index" : 40,
    "addedDate" : 1729120124776,
    "metadata" : [ ]
  }, {
    "asset" : {
      "assetID" : "d21cd9ef7c4811ef8e500626c361eb553c8c055f"
    },
    "index" : 43,
    "addedDate" : 1729120149580,
    "metadata" : [ ]
  }, {
    "asset" : {
      "assetID" : "d21d0e9e7c4811ef87f9022e7e432ed9c0e5507c"
    },
    "index" : 46,
    "addedDate" : 1729120188302,
    "metadata" : [ ]
  }, {
    "asset" : {
      "assetID" : "d21d0e9d7c4811ef87f9022e7e432ed903f36508"
    },
    "index" : 47,
    "addedDate" : 1729120205227,
    "metadata" : [ ]
  }, {
    "asset" : {
      "assetID" : "d21c4b4c7c4811ef87f9022e7e432ed90dfe59d8"
    },
    "index" : 48,
    "addedDate" : 1729120219244,
    "metadata" : [ ]
  }, {
    "asset" : {
      "assetID" : "d21e60947c4811ef8e500626c361eb5505d59ee9"
    },
    "index" : 49,
    "addedDate" : 1729120228512,
    "metadata" : [ ]
  }, {
    "asset" : {
      "assetID" : "66b58a4d7c4711ef8e500626c361eb5598011fb0"
    },
    "index" : 37,
    "addedDate" : 1729120053243,
    "metadata" : [ ]
  }, {
    "asset" : {
      "assetID" : "06b12e717c4a11ef87f9022e7e432ed9c5d2d33a"
    },
    "index" : 50,
    "addedDate" : 1729120453793,
    "metadata" : [ ]
  }, {
    "asset" : {
      "assetID" : "352271567c4d11ef8e500626c361eb55873e6a21"
    },
    "index" : 51,
    "addedDate" : 1729120465622,
    "metadata" : [ ]
  }, {
    "asset" : {
      "assetID" : "3522bf777c4d11ef8e500626c361eb55c5180f4b"
    },
    "index" : 52,
    "addedDate" : 1729120476336,
    "metadata" : [ ]
  }, {
    "asset" : {
      "assetID" : "3522a6057c4d11ef87f9022e7e432ed9c314a42e"
    },
    "index" : 56,
    "addedDate" : 1729120513424,
    "metadata" : [ ]
  }, {
    "asset" : {
      "assetID" : "3522a6047c4d11ef87f9022e7e432ed968aca162"
    },
    "index" : 60,
    "addedDate" : 1729120736650,
    "metadata" : [ ]
  }, {
    "asset" : {
      "assetID" : "35231b377c4d11ef87f9022e7e432ed9b8a27dce"
    },
    "index" : 62,
    "addedDate" : 1729120758179,
    "metadata" : [ ]
  }, {
    "asset" : {
      "assetID" : "d21c4b4b7c4811ef87f9022e7e432ed974c6cec6"
    },
    "index" : 42,
    "addedDate" : 1729120141930,
    "metadata" : [ ]
  }, {
    "asset" : {
      "assetID" : "352230d27c4d11ef87f9022e7e432ed96ce781b8"
    },
    "index" : 61,
    "addedDate" : 1729120746586,
    "metadata" : [ ]
  }, {
    "asset" : {
      "assetID" : "352334a87c4d11ef8e500626c361eb5559bd8464"
    },
    "index" : 54,
    "addedDate" : 1729120494671,
    "metadata" : [ ]
  }, {
    "asset" : {
      "assetID" : "3523a9d97c4d11ef8e500626c361eb5546d32492"
    },
    "index" : 58,
    "addedDate" : 1729120712480,
    "metadata" : [ ]
  }, {
    "asset" : {
      "assetID" : "3523d0ea7c4d11ef8e500626c361eb55dac9eff4"
    },
    "index" : 59,
    "addedDate" : 1729120721798,
    "metadata" : [ ]
  }, {
    "asset" : {
      "assetID" : "3521d5157c4d11ef8e500626c361eb55fc20535c"
    },
    "index" : 53,
    "addedDate" : 1729120487326,
    "metadata" : [ ]
  }, {
    "asset" : {
      "assetID" : "3522a6067c4d11ef87f9022e7e432ed9193a995f"
    },
    "index" : 55,
    "addedDate" : 1729120503357,
    "metadata" : [ ]
  }, {
    "asset" : {
      "assetID" : "35227ef37c4d11ef87f9022e7e432ed9fa26cf2c"
    },
    "index" : 57,
    "addedDate" : 1729120522522,
    "metadata" : [ ]
  } ],
  "fileName" : "aa2e3cb1e11e4762bb7f31d89e1c90e8.json",
  "name" : "October 2024",
  "english" : true,
  "publicTitle" : "October 2024",
  "collectionUri" : "october-2024-general-conference"
}