{
  "parentCollectionID" : "ca03a6e7eb5d776516e6f7c03c726f8d6ddf6202",
  "parentCollectionPath" : "Mobile Media Library/English - Video/Life Help/Self-Reliance Services and PEF/My Job Search",
  "collectionType" : "assets",
  "path" : "Mobile Media Library/English - Video/Life Help/Self-Reliance Services and PEF/My Job Search/Chapter 4: How do I stand out as the clear choice?",
  "collectionID" : "aaeee5abe7294606ec3746853b49c2a9f2ea969e",
  "language" : "eng",
  "type" : "DEFAULT",
  "lastUpdatedDate" : "2019-10-28T16:40:50.643-06:00",
  "links" : [ {
    "rel" : "details",
    "href" : "https://titanapi.churchofjesuschrist.org/assetsearch/api/v2/collection/details/collectionID/aaeee5abe7294606ec3746853b49c2a9f2ea969e"
  } ],
  "coverImages" : [ {
    "asset" : {
      "assetID" : "955711032c3868ececbc8c80d3353b955d53ff43"
    }
  } ],
  "related" : [ ],
  "metadata" : [ {
    "key" : "collectionUri",
    "value" : "chapter-4-how-do-i-stand-out-as-the-clear-choice",
    "language" : "eng"
  }, {
    "key" : "publicTitle",
    "value" : "Chapter 4: How do I stand out as the clear choice?",
    "language" : "eng"
  } ],
  "children" : [ ],
  "assets" : [ {
    "asset" : {
      "assetID" : "155f8403b86430a843524a1277d5495ab940d1a1"
    },
    "addedDate" : 1479159726071,
    "metadata" : [ ]
  }, {
    "asset" : {
      "assetID" : "39cf336a80a02074e3ac1fd44c08118cdd42195f"
    },
    "addedDate" : 1479159727037,
    "metadata" : [ ]
  } ],
  "fileName" : "aaeee5abe7294606ec3746853b49c2a9f2ea969e.json",
  "name" : "Chapter 4: How do I stand out as the clear choice?",
  "english" : true,
  "publicTitle" : "Chapter 4: How do I stand out as the clear choice?",
  "collectionUri" : "chapter-4-how-do-i-stand-out-as-the-clear-choice"
}