{
  "parentCollectionID" : "8d8905cef700b03cb3afaabc032a3af882139e59",
  "parentCollectionPath" : "Mobile Media Library/English - Video",
  "collectionType" : "collections",
  "path" : "Mobile Media Library/English - Video/Videos for Youth",
  "collectionID" : "abfe9e9e0ee3bddb9949a6290ab2936023670247",
  "language" : "eng",
  "type" : "DEFAULT",
  "lastUpdatedDate" : "2023-09-14T11:57:45.224-06:00",
  "links" : [ {
    "rel" : "details",
    "href" : "https://titanapi.churchofjesuschrist.org/assetsearch/api/v2/collection/details/collectionID/abfe9e9e0ee3bddb9949a6290ab2936023670247"
  } ],
  "coverImages" : [ {
    "asset" : {
      "assetID" : "08087c2bcd4740bda5f7179c2d86959fd5412a3a"
    }
  } ],
  "related" : [ ],
  "metadata" : [ {
    "key" : "channel",
    "value" : "mobile",
    "language" : "eng"
  }, {
    "key" : "orderIndex",
    "value" : "4"
  }, {
    "key" : "description",
    "value" : "The rising generation seeks assurance, guidance, and a sense of belonging in the Church. Find media created specifically to foster the testimonies and build the talents of youth. This collection includes yearly youth themes, For the Strength of Youth standards, and inspirational messages.",
    "language" : "eng"
  }, {
    "key" : "collectionUri",
    "value" : "videos-for-youth",
    "language" : "eng"
  }, {
    "key" : "publicTitle",
    "value" : "Videos for Youth",
    "language" : "eng"
  } ],
  "children" : [ {
    "path" : "Mobile Media Library/English - Video/Videos for Youth/Youth Music",
    "collectionID" : "044045876ab9442f99495d7e4213611b",
    "type" : "DEFAULT",
    "lastUpdatedDate" : "2024-08-06T09:58:57.472-06:00",
    "links" : [ {
      "rel" : "details",
      "href" : "https://titanapi.churchofjesuschrist.org/assetsearch/api/v2/collection/details/collectionID/044045876ab9442f99495d7e4213611b"
    } ],
    "fileName" : "044045876ab9442f99495d7e4213611b.json"
  }, {
    "path" : "Mobile Media Library/English - Video/Videos for Youth/Inspirational Videos",
    "collectionID" : "65b127a0e7c944c59ae2164b1d10d749",
    "type" : "DEFAULT",
    "lastUpdatedDate" : "2024-02-13T14:38:43.397-07:00",
    "links" : [ {
      "rel" : "details",
      "href" : "https://titanapi.churchofjesuschrist.org/assetsearch/api/v2/collection/details/collectionID/65b127a0e7c944c59ae2164b1d10d749"
    } ],
    "fileName" : "65b127a0e7c944c59ae2164b1d10d749.json"
  }, {
    "path" : "Mobile Media Library/English - Video/Videos for Youth/Youth Program, Conferences, and Camps",
    "collectionID" : "438a59a58ecf4b2683bc1adf483d46bd",
    "type" : "DEFAULT",
    "lastUpdatedDate" : "2023-09-11T07:56:00.302-06:00",
    "links" : [ {
      "rel" : "details",
      "href" : "https://titanapi.churchofjesuschrist.org/assetsearch/api/v2/collection/details/collectionID/438a59a58ecf4b2683bc1adf483d46bd"
    } ],
    "fileName" : "438a59a58ecf4b2683bc1adf483d46bd.json"
  } ],
  "assets" : [ ],
  "fileName" : "abfe9e9e0ee3bddb9949a6290ab2936023670247.json",
  "name" : "Videos for Youth",
  "english" : true,
  "publicTitle" : "Videos for Youth",
  "description" : "The rising generation seeks assurance, guidance, and a sense of belonging in the Church. Find media created specifically to foster the testimonies and build the talents of youth. This collection includes yearly youth themes, For the Strength of Youth standards, and inspirational messages.",
  "collectionUri" : "videos-for-youth"
}