{
  "parentCollectionID" : "d5e8644312c74774b43cca21ad6ca6a0",
  "parentCollectionPath" : "Mobile Media Library/English - Video/People/Latter-day Apostles",
  "collectionType" : "assets",
  "path" : "Mobile Media Library/English - Video/People/Latter-day Apostles/David B. Haight",
  "collectionID" : "ac19fbdc142c09dbe3a07771594033b3c883dd64",
  "language" : "eng",
  "type" : "DEFAULT",
  "lastUpdatedDate" : "2019-10-28T16:40:50.643-06:00",
  "links" : [ {
    "rel" : "details",
    "href" : "https://titanapi.churchofjesuschrist.org/assetsearch/api/v2/collection/details/collectionID/ac19fbdc142c09dbe3a07771594033b3c883dd64"
  } ],
  "coverImages" : [ {
    "asset" : {
      "assetID" : "935ff9d75f2e6d17fb0dafeb0cc1d40aca4eaa93"
    }
  } ],
  "related" : [ ],
  "metadata" : [ {
    "key" : "collectionUri",
    "value" : "david-b-haight-video-collection",
    "language" : "eng"
  }, {
    "key" : "publicTitle",
    "value" : "David B. Haight",
    "language" : "eng"
  }, {
    "key" : "orderIndex",
    "value" : "7"
  } ],
  "children" : [ ],
  "assets" : [ {
    "asset" : {
      "assetID" : "9816372ee9efadc86cf6d6170541cd71af06ef17"
    },
    "addedDate" : 1540474312315,
    "metadata" : [ ]
  }, {
    "asset" : {
      "assetID" : "e3251f9f92f50a7340523be9404e50c2e57d37a8"
    },
    "addedDate" : 1540474296882,
    "metadata" : [ ]
  }, {
    "asset" : {
      "assetID" : "e82824e48f55e3d7cfd4bfc1292c30fb1a03126d"
    },
    "addedDate" : 1540474283891,
    "metadata" : [ ]
  } ],
  "fileName" : "ac19fbdc142c09dbe3a07771594033b3c883dd64.json",
  "name" : "David B. Haight",
  "english" : true,
  "publicTitle" : "David B. Haight",
  "collectionUri" : "david-b-haight-video-collection"
}