{
  "parentCollectionID" : "48bf4502c61b21234c27defe6561bca91dbd53f3",
  "parentCollectionPath" : "Mobile Media Library/English - Video/Broadcasts/Christmas Devotionals",
  "collectionType" : "assets",
  "path" : "Mobile Media Library/English - Video/Broadcasts/Christmas Devotionals/2010 First Presidency's Christmas Devotional",
  "collectionID" : "ad2a5f30339cecbade1d97f4af77b6678ca0dbf2",
  "language" : "eng",
  "type" : "DEFAULT",
  "lastUpdatedDate" : "2023-12-01T15:04:52.678-07:00",
  "links" : [ {
    "rel" : "details",
    "href" : "https://titanapi.churchofjesuschrist.org/assetsearch/api/v2/collection/details/collectionID/ad2a5f30339cecbade1d97f4af77b6678ca0dbf2"
  } ],
  "coverImages" : [ {
    "asset" : {
      "assetID" : "f195569aa27d87cfa8cd7ed324e25567ee18a139"
    }
  } ],
  "related" : [ ],
  "metadata" : [ {
    "key" : "orderIndex",
    "value" : "15"
  }, {
    "key" : "channel",
    "value" : "mobile",
    "language" : "eng"
  }, {
    "key" : "collectionUri",
    "value" : "2010-first-presidencys-christmas-devotional",
    "language" : "eng"
  }, {
    "key" : "publicTitle",
    "value" : "2010 First Presidency's Christmas Devotional",
    "language" : "eng"
  } ],
  "children" : [ ],
  "assets" : [ {
    "asset" : {
      "assetID" : "2010-12-011-what-shall-we-give-eng"
    },
    "addedDate" : 1478542121059,
    "metadata" : [ ]
  }, {
    "asset" : {
      "assetID" : "0m9ywgza8tokqxwnqsxg9m78xl8yz7s8xw1g0ffy"
    },
    "addedDate" : 1478542121059,
    "metadata" : [ ]
  }, {
    "asset" : {
      "assetID" : "2010-12-031-silent-night-eng"
    },
    "addedDate" : 1478542121059,
    "metadata" : [ ]
  }, {
    "asset" : {
      "assetID" : "2010-12-002-it-came-upon-the-midnight-clear-eng"
    },
    "addedDate" : 1478542121059,
    "metadata" : [ ]
  }, {
    "asset" : {
      "assetID" : "2010-12-021-oh-come-all-ye-faithful-eng"
    },
    "addedDate" : 1478542121060,
    "metadata" : [ ]
  }, {
    "asset" : {
      "assetID" : "awqzqj0oq8nyl33sq6n8yu5kbnlo38et5hb522fs"
    },
    "addedDate" : 1478542121059,
    "metadata" : [ ]
  }, {
    "asset" : {
      "assetID" : "f8m47m5an4059mkkkvlcxywxkf4pzawqky4bou6s"
    },
    "addedDate" : 1632956825844,
    "metadata" : [ ]
  }, {
    "asset" : {
      "assetID" : "zzfx1253rb15leuxe3ne588av4xa6dte3ouykgmk"
    },
    "addedDate" : 1632956825750,
    "metadata" : [ ]
  } ],
  "fileName" : "ad2a5f30339cecbade1d97f4af77b6678ca0dbf2.json",
  "name" : "2010 First Presidency's Christmas Devotional",
  "english" : true,
  "publicTitle" : "2010 First Presidency's Christmas Devotional",
  "collectionUri" : "2010-first-presidencys-christmas-devotional"
}