{
  "parentCollectionID" : "254364fc402da0464baaadf8be05d614eee37b63",
  "parentCollectionPath" : "Mobile Media Library/English - Video/Church History/Joseph Smith Papers Television Documentary Series Season 1",
  "collectionType" : "assets",
  "path" : "Mobile Media Library/English - Video/Church History/Joseph Smith Papers Television Documentary Series Season 1/Season 1 Episodes 20-29: Joseph Smith Papers Television Documentary",
  "collectionID" : "ad7328f1216afb307cd0baec046e7c0ffacbcf2c",
  "language" : "eng",
  "type" : "DEFAULT",
  "lastUpdatedDate" : "2019-10-28T16:40:50.643-06:00",
  "links" : [ {
    "rel" : "details",
    "href" : "https://titanapi.churchofjesuschrist.org/assetsearch/api/v2/collection/details/collectionID/ad7328f1216afb307cd0baec046e7c0ffacbcf2c"
  } ],
  "coverImages" : [ {
    "asset" : {
      "assetID" : "f983053454082474e88c23090d15d3e5d910574d"
    }
  } ],
  "related" : [ ],
  "metadata" : [ {
    "key" : "collectionUri",
    "value" : "season-1-episodes-20-29-joseph-smith-papers-television-documentary-series",
    "language" : "eng"
  }, {
    "key" : "publicTitle",
    "value" : "Season 1 Episodes 20-29: Joseph Smith Papers Television Documentary",
    "language" : "eng"
  } ],
  "children" : [ ],
  "assets" : [ {
    "asset" : {
      "assetID" : "88ce58f2910dd12ef89dec67085fdf7322e3879c"
    },
    "addedDate" : 1490971699042,
    "metadata" : [ ]
  }, {
    "asset" : {
      "assetID" : "0946141603670080da1075e8c919f781addbe610"
    },
    "addedDate" : 1490971687073,
    "metadata" : [ ]
  }, {
    "asset" : {
      "assetID" : "894931a0849d0fd1449ca5df335ac07d3b0dccea"
    },
    "addedDate" : 1490971655064,
    "metadata" : [ ]
  }, {
    "asset" : {
      "assetID" : "be381307ae42a3498cdccbc2e2153a1b7942beb7"
    },
    "addedDate" : 1490978385099,
    "metadata" : [ ]
  }, {
    "asset" : {
      "assetID" : "4a12d2720655cba16aa6e5b88c66c37065c59039"
    },
    "addedDate" : 1490971681040,
    "metadata" : [ ]
  }, {
    "asset" : {
      "assetID" : "1f0c23f851572879cfcacdba5d948293e4b532d4"
    },
    "addedDate" : 1490971693036,
    "metadata" : [ ]
  }, {
    "asset" : {
      "assetID" : "3ddcef298a1f08ea1a6db93a4f05ea8b42e0cc04"
    },
    "addedDate" : 1490971712064,
    "metadata" : [ ]
  }, {
    "asset" : {
      "assetID" : "fa28b1a19408e7832b8d48caff87402bfaa84f2d"
    },
    "addedDate" : 1490971718006,
    "metadata" : [ ]
  }, {
    "asset" : {
      "assetID" : "d52d6684ebc488a9928cfe74a1c66ce8e4c27bc4"
    },
    "addedDate" : 1490971705084,
    "metadata" : [ ]
  }, {
    "asset" : {
      "assetID" : "93a2d5c5d4969298d391151c7230ffc061e47317"
    },
    "addedDate" : 1490971674051,
    "metadata" : [ ]
  } ],
  "fileName" : "ad7328f1216afb307cd0baec046e7c0ffacbcf2c.json",
  "name" : "Season 1 Episodes 20-29: Joseph Smith Papers Television Documentary",
  "english" : true,
  "publicTitle" : "Season 1 Episodes 20-29: Joseph Smith Papers Television Documentary",
  "collectionUri" : "season-1-episodes-20-29-joseph-smith-papers-television-documentary-series"
}