{
  "parentCollectionID" : "90f45e18a26d43648a41fdc7f306aa54",
  "parentCollectionPath" : "Mobile Media Library/English - Video/Teaching and Lessons/Seminary and Institute/Institute/I Love Institute",
  "collectionType" : "assets",
  "path" : "Mobile Media Library/English - Video/Teaching and Lessons/Seminary and Institute/Institute/I Love Institute/I Love Institute — Shareable Videos",
  "collectionID" : "adc820a78eda4abfa566bc243d2f8289",
  "language" : "eng",
  "type" : "DEFAULT",
  "lastUpdatedDate" : "2024-10-22T13:34:05.173-06:00",
  "links" : [ {
    "rel" : "details",
    "href" : "https://titanapi.churchofjesuschrist.org/assetsearch/api/v2/collection/details/collectionID/adc820a78eda4abfa566bc243d2f8289"
  } ],
  "coverImages" : [ {
    "asset" : {
      "assetID" : "212119a63bf2e742c18aa7e2285cc89acea7fd25"
    }
  } ],
  "related" : [ ],
  "metadata" : [ {
    "key" : "channel",
    "value" : "mobile",
    "language" : "eng"
  }, {
    "key" : "orderIndex",
    "value" : "2"
  }, {
    "key" : "collectionUri",
    "value" : "I-love-institute-shareable",
    "language" : "eng"
  }, {
    "key" : "publicTitle",
    "value" : "I Love Institute Shareable Videos",
    "language" : "eng"
  } ],
  "children" : [ ],
  "assets" : [ {
    "asset" : {
      "assetID" : "8179fbd3dfd411ee8088eeeeac1ee3b9bb7fe222"
    },
    "index" : 5,
    "addedDate" : 1729625502980,
    "metadata" : [ ]
  }, {
    "asset" : {
      "assetID" : "78d8a9eddfd411eebbb1eeeeac1e171e2998e662"
    },
    "index" : 6,
    "addedDate" : 1729625513305,
    "metadata" : [ ]
  }, {
    "asset" : {
      "assetID" : "79ebc799dfd411eeaca8eeeeac1ebba0ddcdcc69"
    },
    "index" : 7,
    "addedDate" : 1729625526894,
    "metadata" : [ ]
  }, {
    "asset" : {
      "assetID" : "7914ef9bdfd411eeb24feeeeac1e84b4d973c6b7"
    },
    "index" : 8,
    "addedDate" : 1729625541858,
    "metadata" : [ ]
  }, {
    "asset" : {
      "assetID" : "7c03ab26dfd411ee8b2aeeeeac1effb9a4f8e95d"
    },
    "index" : 2,
    "addedDate" : 1729625413060,
    "metadata" : [ ]
  }, {
    "asset" : {
      "assetID" : "7cf5370edfd411eeb152eeeeac1ea8623a82c2da"
    },
    "index" : 3,
    "addedDate" : 1729625475421,
    "metadata" : [ ]
  }, {
    "asset" : {
      "assetID" : "788a89ecdfd411eea392eeeeac1ea0b77bdd296a"
    },
    "index" : 4,
    "addedDate" : 1729625490004,
    "metadata" : [ ]
  }, {
    "asset" : {
      "assetID" : "7783a143dfd411ee9c1aeeeeac1e8bf6fd4ecf1d"
    },
    "index" : 0,
    "addedDate" : 1729625373335,
    "metadata" : [ ]
  }, {
    "asset" : {
      "assetID" : "8233d5fcdfd411ee95b2eeeeac1e28cdd423a5bf"
    },
    "index" : 1,
    "addedDate" : 1729625394887,
    "metadata" : [ ]
  } ],
  "fileName" : "adc820a78eda4abfa566bc243d2f8289.json",
  "name" : "I Love Institute — Shareable Videos",
  "english" : true,
  "publicTitle" : "I Love Institute Shareable Videos",
  "collectionUri" : "I-love-institute-shareable"
}