{
  "parentCollectionID" : "afdd28f5621dd7014e3ed9a55095262fbd7c75ff",
  "parentCollectionPath" : "Mobile Media Library/English - Video/Callings and Trainings/Leadership/Leadership Training Library/Sunday School",
  "collectionType" : "assets",
  "path" : "Mobile Media Library/English - Video/Callings and Trainings/Leadership/Leadership Training Library/Sunday School/12.2 Ward Sunday School Leadership",
  "collectionID" : "af88c8596db933603f8c2fe158034284b047f691",
  "language" : "eng",
  "type" : "DEFAULT",
  "lastUpdatedDate" : "2019-10-28T16:40:50.643-06:00",
  "links" : [ {
    "rel" : "details",
    "href" : "https://titanapi.churchofjesuschrist.org/assetsearch/api/v2/collection/details/collectionID/af88c8596db933603f8c2fe158034284b047f691"
  } ],
  "coverImages" : [ {
    "asset" : {
      "assetID" : "d9a3240928df1627807fc2402d26ed8a42391ed7"
    }
  } ],
  "related" : [ ],
  "metadata" : [ {
    "key" : "collectionUri",
    "value" : "122-ward-sunday-school-leadership",
    "language" : "eng"
  }, {
    "key" : "publicTitle",
    "value" : "12.2 Ward Sunday School Leadership",
    "language" : "eng"
  } ],
  "children" : [ ],
  "assets" : [ {
    "asset" : {
      "assetID" : "9747380a7ec4b840eaadd0a5104f28905f2fcf6a"
    },
    "addedDate" : 1529081057050,
    "metadata" : [ ]
  } ],
  "fileName" : "af88c8596db933603f8c2fe158034284b047f691.json",
  "name" : "12.2 Ward Sunday School Leadership",
  "english" : true,
  "publicTitle" : "12.2 Ward Sunday School Leadership",
  "collectionUri" : "122-ward-sunday-school-leadership"
}