{
  "parentCollectionID" : "301d5ba2de654f4fb50dde91fb2dfd3c",
  "parentCollectionPath" : "Mobile Media Library/English - Video/Sharing the Gospel",
  "collectionType" : "assets",
  "path" : "Mobile Media Library/English - Video/Sharing the Gospel/Come and See, Come and Help, Come and Stay",
  "collectionID" : "b019ef4f682b4cc29ebd3fe58319adbf",
  "language" : "eng",
  "type" : "DEFAULT",
  "lastUpdatedDate" : "2024-05-24T13:36:34.099-06:00",
  "links" : [ {
    "rel" : "details",
    "href" : "https://titanapi.churchofjesuschrist.org/assetsearch/api/v2/collection/details/collectionID/b019ef4f682b4cc29ebd3fe58319adbf"
  } ],
  "coverImages" : [ {
    "asset" : {
      "assetID" : "acd87edfc816d7869312c3678ae112e9c0490973"
    }
  } ],
  "related" : [ ],
  "metadata" : [ {
    "key" : "orderIndex",
    "value" : "2"
  }, {
    "key" : "collectionUri",
    "value" : "come-and-see-come-and-help-come-and-stay",
    "language" : "eng"
  }, {
    "key" : "publicTitle",
    "value" : "Come and See, Come and Help, Come and Stay",
    "language" : "eng"
  } ],
  "children" : [ ],
  "assets" : [ {
    "asset" : {
      "assetID" : "9A8DE9736D4B2E47B60C93464E5529BA5126BC1B"
    },
    "index" : 3,
    "addedDate" : 1716578255333,
    "metadata" : [ ]
  }, {
    "asset" : {
      "assetID" : "964520F77536DA69F2879A0EC69AC946A1CF8AEC"
    },
    "index" : 0,
    "addedDate" : 1716578224000,
    "metadata" : [ ]
  }, {
    "asset" : {
      "assetID" : "84E63AF77AA25B459675FCF7A0F5880880E7A1C7"
    },
    "index" : 2,
    "addedDate" : 1716578245375,
    "metadata" : [ ]
  }, {
    "asset" : {
      "assetID" : "C749A7B5A851002279CD1DE139E86FEF46B10DA6"
    },
    "index" : 1,
    "addedDate" : 1716578234098,
    "metadata" : [ ]
  } ],
  "fileName" : "b019ef4f682b4cc29ebd3fe58319adbf.json",
  "name" : "Come and See, Come and Help, Come and Stay",
  "english" : true,
  "publicTitle" : "Come and See, Come and Help, Come and Stay",
  "collectionUri" : "come-and-see-come-and-help-come-and-stay"
}