{
  "parentCollectionID" : "b91d19b3a88f45129e9ec20d8c175bfa",
  "parentCollectionPath" : "Mobile Media Library/English - Video/Scriptural Reenactments and Teachings/Book of Mormon Videos",
  "collectionType" : "assets",
  "path" : "Mobile Media Library/English - Video/Scriptural Reenactments and Teachings/Book of Mormon Videos/3 Nephi 18",
  "collectionID" : "b0b3e057970f480384b940a10d75682b",
  "language" : "eng",
  "type" : "DEFAULT",
  "lastUpdatedDate" : "2023-12-15T16:03:46.972-07:00",
  "links" : [ {
    "rel" : "details",
    "href" : "https://titanapi.churchofjesuschrist.org/assetsearch/api/v2/collection/details/collectionID/b0b3e057970f480384b940a10d75682b"
  } ],
  "coverImages" : [ {
    "asset" : {
      "assetID" : "d2cd9db3756511ec9c93eeeeac1e24295f12fbd5"
    }
  } ],
  "related" : [ ],
  "metadata" : [ {
    "key" : "orderIndex",
    "value" : "42"
  }, {
    "key" : "channel",
    "value" : "mobile",
    "language" : "eng"
  }, {
    "key" : "collectionUri",
    "value" : "3-nephi-18",
    "language" : "eng"
  }, {
    "key" : "publicTitle",
    "value" : "3 Nephi 18",
    "language" : "eng"
  } ],
  "children" : [ ],
  "assets" : [ {
    "asset" : {
      "assetID" : "229e751f093511ed9d15eeeeac1e4e710a07a98b"
    },
    "index" : 0,
    "addedDate" : 1664490357576,
    "metadata" : [ ]
  }, {
    "asset" : {
      "assetID" : "af7a8e102ebb11ed8d0feeeeac1ec993ab4e8f59"
    },
    "index" : 1,
    "addedDate" : 1664490383445,
    "metadata" : [ ]
  }, {
    "asset" : {
      "assetID" : "b34355dd2ebb11edb851eeeeac1e2116806184bc"
    },
    "index" : 2,
    "addedDate" : 1664490405401,
    "metadata" : [ ]
  }, {
    "asset" : {
      "assetID" : "be35eacb2ebb11ed8a60eeeeac1eb1c3a12ce717"
    },
    "index" : 4,
    "addedDate" : 1664490560290,
    "metadata" : [ ]
  }, {
    "asset" : {
      "assetID" : "d3b1a4782ebb11ed9e0beeeeac1e776b4a287317"
    },
    "index" : 3,
    "addedDate" : 1664490501529,
    "metadata" : [ ]
  } ],
  "fileName" : "b0b3e057970f480384b940a10d75682b.json",
  "name" : "3 Nephi 18",
  "english" : true,
  "publicTitle" : "3 Nephi 18",
  "collectionUri" : "3-nephi-18"
}