{
  "parentCollectionID" : "a341dd20a0a648239e545d7a84dbe3e5",
  "parentCollectionPath" : "Mobile Media Library/English - Video/Life Help",
  "collectionType" : "assets",
  "path" : "Mobile Media Library/English - Video/Life Help/Native American Heritage (removed from Life Help)",
  "collectionID" : "b178e6184559493286a4a1b37389cf15",
  "language" : "eng",
  "type" : "DEFAULT",
  "lastUpdatedDate" : "2020-08-14T19:31:17.315-06:00",
  "links" : [ {
    "rel" : "details",
    "href" : "https://titanapi.churchofjesuschrist.org/assetsearch/api/v2/collection/details/collectionID/b178e6184559493286a4a1b37389cf15"
  } ],
  "coverImages" : [ {
    "asset" : {
      "assetID" : "0218a1b613666ce01d48836bbad46e401e0f2211"
    }
  } ],
  "related" : [ ],
  "metadata" : [ {
    "key" : "collectionUri",
    "value" : "native-american-heritage",
    "language" : "eng"
  }, {
    "key" : "orderIndex",
    "value" : "9"
  } ],
  "children" : [ ],
  "assets" : [ {
    "asset" : {
      "assetID" : "4BE42DB7E9D4F8AE2D0E15157CCE796DACBC9739"
    },
    "addedDate" : 1587819954067,
    "metadata" : [ ]
  }, {
    "asset" : {
      "assetID" : "A83C80491CCB8A423BF8358B4A3DA2E7EFE74C23"
    },
    "addedDate" : 1587819973675,
    "metadata" : [ ]
  }, {
    "asset" : {
      "assetID" : "D8498D609451778337289028BC20964438F647EF"
    },
    "addedDate" : 1587820008206,
    "metadata" : [ ]
  }, {
    "asset" : {
      "assetID" : "DCA360061ECF55EC30FF4C28385D3F9CF65D5F77"
    },
    "addedDate" : 1587820024112,
    "metadata" : [ ]
  }, {
    "asset" : {
      "assetID" : "9963AB08A5FF42D68F99DAAB16F680F6C92F0E59"
    },
    "addedDate" : 1587820056921,
    "metadata" : [ ]
  }, {
    "asset" : {
      "assetID" : "1A66C6BC50D7122341C2836A09BC72220AD134CE"
    },
    "addedDate" : 1589862116962,
    "metadata" : [ ]
  }, {
    "asset" : {
      "assetID" : "8081C91529D08D91DC7A045738CE38D72DD44FFE"
    },
    "addedDate" : 1587820111182,
    "metadata" : [ ]
  }, {
    "asset" : {
      "assetID" : "213F932ACDB75F3E82DD5EB240C7FAC3AA2C3EBF"
    },
    "addedDate" : 1587820128606,
    "metadata" : [ ]
  }, {
    "asset" : {
      "assetID" : "7AF3978B43583B122479A267489A3E3663A918E7"
    },
    "addedDate" : 1589921413681,
    "metadata" : [ ]
  }, {
    "asset" : {
      "assetID" : "889AF15A9BDF3A0A0A81FA4FA92EB402C1D38CC4"
    },
    "addedDate" : 1589921464343,
    "metadata" : [ ]
  }, {
    "asset" : {
      "assetID" : "C9B0DCC578F895304CD98481C90C4F06550D84F7"
    },
    "addedDate" : 1589921422118,
    "metadata" : [ ]
  }, {
    "asset" : {
      "assetID" : "C711162D1E2052A3A701FF55EC3009062A26618D"
    },
    "addedDate" : 1589939481152,
    "metadata" : [ ]
  }, {
    "asset" : {
      "assetID" : "C1E046B7A531420F155397FD0016E3DCD759F7BE"
    },
    "addedDate" : 1589939481151,
    "metadata" : [ ]
  }, {
    "asset" : {
      "assetID" : "24584C197D6CEF07E2F43230518CD9CF63B1F369"
    },
    "addedDate" : 1589939481144,
    "metadata" : [ ]
  }, {
    "asset" : {
      "assetID" : "99D3799F282A791380E767B419F475A8B91738EA"
    },
    "addedDate" : 1589939481153,
    "metadata" : [ ]
  }, {
    "asset" : {
      "assetID" : "54BA61CB7167225D7BCF8AC81BB35BE8E30DF9A7"
    },
    "addedDate" : 1589939481184,
    "metadata" : [ ]
  }, {
    "asset" : {
      "assetID" : "F92653A39A13443BE0A183F015181CC655361E5E"
    },
    "addedDate" : 1589939481156,
    "metadata" : [ ]
  }, {
    "asset" : {
      "assetID" : "AE29B5521C2A3F52B3A3B43660215C6F1503B843"
    },
    "addedDate" : 1589921403946,
    "metadata" : [ ]
  } ],
  "fileName" : "b178e6184559493286a4a1b37389cf15.json",
  "name" : "Native American Heritage (removed from Life Help)",
  "english" : true,
  "collectionUri" : "native-american-heritage"
}