{
  "parentCollectionID" : "b91d19b3a88f45129e9ec20d8c175bfa",
  "parentCollectionPath" : "Mobile Media Library/English - Video/Scriptural Reenactments and Teachings/Book of Mormon Videos",
  "collectionType" : "assets",
  "path" : "Mobile Media Library/English - Video/Scriptural Reenactments and Teachings/Book of Mormon Videos/Mosiah 11–18",
  "collectionID" : "b20eb0616f094535bc5658f6f044b58b",
  "language" : "eng",
  "type" : "DEFAULT",
  "lastUpdatedDate" : "2023-12-15T15:48:35.402-07:00",
  "links" : [ {
    "rel" : "details",
    "href" : "https://titanapi.churchofjesuschrist.org/assetsearch/api/v2/collection/details/collectionID/b20eb0616f094535bc5658f6f044b58b"
  } ],
  "coverImages" : [ {
    "asset" : {
      "assetID" : "a0ae32bc03743b2288fd876941b75c8c06c4e1c4"
    }
  } ],
  "related" : [ ],
  "metadata" : [ {
    "key" : "orderIndex",
    "value" : "22"
  }, {
    "key" : "channel",
    "value" : "mobile",
    "language" : "eng"
  }, {
    "key" : "collectionUri",
    "value" : "mosiah-11-18",
    "language" : "eng"
  }, {
    "key" : "publicTitle",
    "value" : "Mosiah 11–18",
    "language" : "eng"
  } ],
  "children" : [ ],
  "assets" : [ {
    "asset" : {
      "assetID" : "8DE38359F6FD2B341849CDC205425CA84FB6CBBC"
    },
    "index" : 0,
    "addedDate" : 1662565553576,
    "metadata" : [ ]
  }, {
    "asset" : {
      "assetID" : "7226CE1CC6D6CE011E8D8ECFE56C97E3801F332A"
    },
    "index" : 1,
    "addedDate" : 1662565553580,
    "metadata" : [ ]
  }, {
    "asset" : {
      "assetID" : "D24D0A244770052A3FAC0918C39DBB6FF73868EC"
    },
    "index" : 2,
    "addedDate" : 1662565553573,
    "metadata" : [ ]
  }, {
    "asset" : {
      "assetID" : "6059812C0F4DEEDA19E0C362D40239702326C3F0"
    },
    "index" : 3,
    "addedDate" : 1662565553586,
    "metadata" : [ ]
  }, {
    "asset" : {
      "assetID" : "E3E85EF3AB8F26857FC49485D816D3A6AF760D0B"
    },
    "index" : 4,
    "addedDate" : 1662565553583,
    "metadata" : [ ]
  }, {
    "asset" : {
      "assetID" : "54A1E41935A66422653F2D0F8E6CC8CCA1D28348"
    },
    "index" : 5,
    "addedDate" : 1662565553570,
    "metadata" : [ ]
  }, {
    "asset" : {
      "assetID" : "20DA1BA735ECD34498022CAA69A9683458B5D72E"
    },
    "index" : 6,
    "addedDate" : 1662565553566,
    "metadata" : [ ]
  }, {
    "asset" : {
      "assetID" : "FA5E15B05524D7264B681FAD315C5221A9EF72CC"
    },
    "index" : 7,
    "addedDate" : 1662565553580,
    "metadata" : [ ]
  } ],
  "fileName" : "b20eb0616f094535bc5658f6f044b58b.json",
  "name" : "Mosiah 11–18",
  "english" : true,
  "publicTitle" : "Mosiah 11–18",
  "collectionUri" : "mosiah-11-18"
}