{
  "parentCollectionID" : "5a97abf026244e198d8305dcdf95ab98",
  "parentCollectionPath" : "Mobile Media Library/English - Video/Teaching and Lessons/Come, Follow Me/2024 Book of Mormon Media Resources",
  "collectionType" : "assets",
  "path" : "Mobile Media Library/English - Video/Teaching and Lessons/Come, Follow Me/2024 Book of Mormon Media Resources/April",
  "collectionID" : "b31e8d1adfb4453589b4422fe2940a50",
  "language" : "eng",
  "type" : "DEFAULT",
  "lastUpdatedDate" : "2023-11-03T11:32:43.581-06:00",
  "links" : [ {
    "rel" : "details",
    "href" : "https://titanapi.churchofjesuschrist.org/assetsearch/api/v2/collection/details/collectionID/b31e8d1adfb4453589b4422fe2940a50"
  } ],
  "coverImages" : [ {
    "asset" : {
      "assetID" : "a8f7eb539c9a85c90b5f6f1838ff60a97aaeb1e7"
    }
  } ],
  "related" : [ ],
  "metadata" : [ {
    "key" : "collectionUri",
    "value" : "2024-book-of-mormon-media-resources-april",
    "language" : "eng"
  }, {
    "key" : "publicTitle",
    "value" : "April",
    "language" : "eng"
  }, {
    "key" : "orderIndex",
    "value" : "4"
  } ],
  "children" : [ ],
  "assets" : [ {
    "asset" : {
      "assetID" : "308af241b7cdf4780b8c20bb5fd06847f96d5a0a"
    },
    "index" : 5,
    "addedDate" : 1699034075889,
    "metadata" : [ ]
  }, {
    "asset" : {
      "assetID" : "312a8f68992e92ec7b6882cc0140f511ca17d441"
    },
    "index" : 9,
    "addedDate" : 1699034143832,
    "metadata" : [ ]
  }, {
    "asset" : {
      "assetID" : "4e8b023cb8f119a789ceac9d232338edbf072f9b"
    },
    "index" : 0,
    "addedDate" : 1699033911756,
    "metadata" : [ ]
  }, {
    "asset" : {
      "assetID" : "9e963dee1f8335a0680e81254985f756af8fd5c2"
    },
    "index" : 3,
    "addedDate" : 1699033946425,
    "metadata" : [ ]
  }, {
    "asset" : {
      "assetID" : "d38ef719b2a9be7a54f1f6cc3c86b185abb7705f"
    },
    "index" : 2,
    "addedDate" : 1699033934925,
    "metadata" : [ ]
  }, {
    "asset" : {
      "assetID" : "2cc08e35fedc4b2279abd38393f53030215001cd"
    },
    "index" : 7,
    "addedDate" : 1699034099078,
    "metadata" : [ ]
  }, {
    "asset" : {
      "assetID" : "73E1E8363DBE6D7843EFFD4981461FDDBCEF0AD6"
    },
    "index" : 4,
    "addedDate" : 1699033955855,
    "metadata" : [ ]
  }, {
    "asset" : {
      "assetID" : "223039600DB8B8869F3D37D3BFC9F9C2849C1EB3"
    },
    "index" : 6,
    "addedDate" : 1699034090734,
    "metadata" : [ ]
  }, {
    "asset" : {
      "assetID" : "311470D26530574D3DC23B3589E559B5A72AD47D"
    },
    "index" : 11,
    "addedDate" : 1699034166005,
    "metadata" : [ ]
  }, {
    "asset" : {
      "assetID" : "f201d974e35aa82a703c3ce188ea17188b55c380"
    },
    "index" : 1,
    "addedDate" : 1699033925402,
    "metadata" : [ ]
  }, {
    "asset" : {
      "assetID" : "C579A82C9B1856FC99E5D1E76F37AD410C67778B"
    },
    "index" : 10,
    "addedDate" : 1699034157819,
    "metadata" : [ ]
  }, {
    "asset" : {
      "assetID" : "12e2dce4373f11ec8ef9eeeeac1e99aa3fc1038c"
    },
    "index" : 12,
    "addedDate" : 1699034176391,
    "metadata" : [ ]
  }, {
    "asset" : {
      "assetID" : "2a4848b6374011ecbc25eeeeac1e296244ecc113"
    },
    "index" : 8,
    "addedDate" : 1699034131190,
    "metadata" : [ ]
  } ],
  "fileName" : "b31e8d1adfb4453589b4422fe2940a50.json",
  "name" : "April",
  "english" : true,
  "publicTitle" : "April",
  "collectionUri" : "2024-book-of-mormon-media-resources-april"
}