{
  "sourceCollectionId" : "1beb114a0f9d4943b42efb5831170d96",
  "parentCollectionID" : "22e3232e384c8650311b2940336759a89b8d6f8b",
  "parentCollectionPath" : "Mobile Media Library",
  "collectionType" : "assets",
  "path" : "Mobile Media Library/Portuguese: GS Banner - Videos Only",
  "collectionID" : "b412a8ec9c9d4ccc82204a05e60ded44",
  "language" : "por",
  "type" : "DEFAULT",
  "lastUpdatedDate" : "2025-01-27T13:49:49.867-07:00",
  "links" : [ {
    "rel" : "details",
    "href" : "https://titanapi.churchofjesuschrist.org/assetsearch/api/v2/collection/details/collectionID/b412a8ec9c9d4ccc82204a05e60ded44"
  } ],
  "coverImages" : [ ],
  "related" : [ ],
  "metadata" : [ {
    "key" : "orderIndex",
    "value" : "16"
  }, {
    "key" : "channel",
    "value" : "mobile",
    "language" : "por"
  }, {
    "key" : "collectionUri",
    "value" : "gospel-stream-banner",
    "language" : "por"
  }, {
    "key" : "publicTitle",
    "value" : "Gospel Stream Banner",
    "language" : "por"
  } ],
  "children" : [ ],
  "assets" : [ {
    "asset" : {
      "assetID" : "63e3705a3e98224c9516a24f03a915d6c309a6e2"
    },
    "index" : 7,
    "addedDate" : 1736303723693,
    "metadata" : [ ]
  }, {
    "asset" : {
      "assetID" : "95c3fc7252689be2a48bf52ffc6ff81bacf44aa0"
    },
    "index" : 1,
    "addedDate" : 1738010744234,
    "metadata" : [ ]
  }, {
    "asset" : {
      "assetID" : "c9f48eae6aae27971fa0e912abea8812bba6b80f"
    },
    "index" : 3,
    "addedDate" : 1737376395226,
    "metadata" : [ ]
  }, {
    "asset" : {
      "assetID" : "E739931F12B6AD6CED74067C5FE3449A07A84B3E"
    },
    "index" : 5,
    "addedDate" : 1736805172812,
    "metadata" : [ ]
  }, {
    "asset" : {
      "assetID" : "7a9efbb57f6b11ef9c8c0626c361eb55887f4158"
    },
    "index" : 0,
    "addedDate" : 1738010358532,
    "metadata" : [ ]
  }, {
    "asset" : {
      "assetID" : "1807c3eda07611ef84d1063a8fac2bb3ca331791"
    },
    "index" : 9,
    "addedDate" : 1737375685129,
    "metadata" : [ ]
  }, {
    "asset" : {
      "assetID" : "s9rzk84290argdasl6rtp9j9dmtyvulacoj3xamk"
    },
    "index" : 6,
    "addedDate" : 1736011176790,
    "metadata" : [ ]
  } ],
  "fileName" : "b412a8ec9c9d4ccc82204a05e60ded44.json",
  "name" : "Portuguese: GS Banner - Videos Only",
  "english" : false,
  "publicTitle" : "Gospel Stream Banner",
  "collectionUri" : "gospel-stream-banner"
}