{
  "parentCollectionID" : "8d8905cef700b03cb3afaabc032a3af882139e59",
  "parentCollectionPath" : "Mobile Media Library/English - Video",
  "collectionType" : "collections",
  "path" : "Mobile Media Library/English - Video/Videos for Children",
  "collectionID" : "b43d757eb019f6607ea99cf31d4f98fd0466720b",
  "language" : "eng",
  "type" : "DEFAULT",
  "lastUpdatedDate" : "2024-09-09T10:22:45.522-06:00",
  "links" : [ {
    "rel" : "details",
    "href" : "https://titanapi.churchofjesuschrist.org/assetsearch/api/v2/collection/details/collectionID/b43d757eb019f6607ea99cf31d4f98fd0466720b"
  } ],
  "coverImages" : [ {
    "asset" : {
      "assetID" : "dzatuxu40so7zd7721dzm7bxidmaq09ee7lrfcpm"
    }
  } ],
  "related" : [ ],
  "metadata" : [ {
    "key" : "channel",
    "value" : "mobile",
    "language" : "eng"
  }, {
    "key" : "orderIndex",
    "value" : "3"
  }, {
    "key" : "description",
    "value" : "Jesus loves children, and this collection of nurturing materials is designed for them. Enjoy media with inspiring music, stories from the scriptures, sing-along videos, and ideas for developing gifts and talents. Find more resources from <a href=\"https://www.churchofjesuschrist.org/friend\">the Friend</a>.",
    "language" : "eng"
  }, {
    "key" : "collectionUri",
    "value" : "children",
    "language" : "eng"
  }, {
    "key" : "publicTitle",
    "value" : "Videos for Children",
    "language" : "eng"
  } ],
  "children" : [ {
    "path" : "Mobile Media Library/English - Video/Videos for Children/Children's Inspirational Videos",
    "collectionID" : "5398c6e6201b43d8b7b026da8a8581b8",
    "type" : "DEFAULT",
    "lastUpdatedDate" : "2022-06-23T12:47:19.333-06:00",
    "links" : [ {
      "rel" : "details",
      "href" : "https://titanapi.churchofjesuschrist.org/assetsearch/api/v2/collection/details/collectionID/5398c6e6201b43d8b7b026da8a8581b8"
    } ],
    "fileName" : "5398c6e6201b43d8b7b026da8a8581b8.json"
  }, {
    "path" : "Mobile Media Library/English - Video/Videos for Children/Meet the Apostles",
    "collectionID" : "8b6b712b5cc54d7bb1323ad443cffd36",
    "type" : "DEFAULT",
    "lastUpdatedDate" : "2023-12-11T13:45:09.099-07:00",
    "links" : [ {
      "rel" : "details",
      "href" : "https://titanapi.churchofjesuschrist.org/assetsearch/api/v2/collection/details/collectionID/8b6b712b5cc54d7bb1323ad443cffd36"
    } ],
    "fileName" : "8b6b712b5cc54d7bb1323ad443cffd36.json"
  }, {
    "path" : "Mobile Media Library/English - Video/Videos for Children/Growing Faith",
    "collectionID" : "5c478c78c3444f3fbead011d27254c4c",
    "type" : "DEFAULT",
    "lastUpdatedDate" : "2024-08-29T08:52:34.041-06:00",
    "links" : [ {
      "rel" : "details",
      "href" : "https://titanapi.churchofjesuschrist.org/assetsearch/api/v2/collection/details/collectionID/5c478c78c3444f3fbead011d27254c4c"
    } ],
    "fileName" : "5c478c78c3444f3fbead011d27254c4c.json"
  }, {
    "path" : "Mobile Media Library/English - Video/Videos for Children/Book of Mormon Stories for Young Readers",
    "collectionID" : "cf97a947e6e84919ad9d6c7242e87d5c",
    "type" : "DEFAULT",
    "lastUpdatedDate" : "2022-10-13T08:52:51.844-06:00",
    "links" : [ {
      "rel" : "details",
      "href" : "https://titanapi.churchofjesuschrist.org/assetsearch/api/v2/collection/details/collectionID/cf97a947e6e84919ad9d6c7242e87d5c"
    } ],
    "fileName" : "cf97a947e6e84919ad9d6c7242e87d5c.json"
  }, {
    "path" : "Mobile Media Library/English - Video/Videos for Children/Doctrine and Covenants Stories for Young Readers",
    "collectionID" : "f6229534310f4026a795319e45cd66a8",
    "type" : "DEFAULT",
    "lastUpdatedDate" : "2022-10-13T08:56:49.418-06:00",
    "links" : [ {
      "rel" : "details",
      "href" : "https://titanapi.churchofjesuschrist.org/assetsearch/api/v2/collection/details/collectionID/f6229534310f4026a795319e45cd66a8"
    } ],
    "fileName" : "f6229534310f4026a795319e45cd66a8.json"
  }, {
    "path" : "Mobile Media Library/English - Video/Videos for Children/New Testament Stories for Young Readers",
    "collectionID" : "14a50ed09a0640fe9ae7baba4acaa14f",
    "type" : "DEFAULT",
    "lastUpdatedDate" : "2022-10-13T08:39:54.891-06:00",
    "links" : [ {
      "rel" : "details",
      "href" : "https://titanapi.churchofjesuschrist.org/assetsearch/api/v2/collection/details/collectionID/14a50ed09a0640fe9ae7baba4acaa14f"
    } ],
    "fileName" : "14a50ed09a0640fe9ae7baba4acaa14f.json"
  }, {
    "path" : "Mobile Media Library/English - Video/Videos for Children/Old Testament Stories for Young Readers",
    "collectionID" : "53fe85e67029438785f5abf9427b3f08",
    "type" : "DEFAULT",
    "lastUpdatedDate" : "2023-11-15T21:58:42.644-07:00",
    "links" : [ {
      "rel" : "details",
      "href" : "https://titanapi.churchofjesuschrist.org/assetsearch/api/v2/collection/details/collectionID/53fe85e67029438785f5abf9427b3f08"
    } ],
    "fileName" : "53fe85e67029438785f5abf9427b3f08.json"
  }, {
    "path" : "Mobile Media Library/English - Video/Videos for Children/Come Learn With Me: New Testament",
    "collectionID" : "8639f6805ea14aea88c20ee202c12917",
    "type" : "DEFAULT",
    "lastUpdatedDate" : "2023-11-16T17:50:17.721-07:00",
    "links" : [ {
      "rel" : "details",
      "href" : "https://titanapi.churchofjesuschrist.org/assetsearch/api/v2/collection/details/collectionID/8639f6805ea14aea88c20ee202c12917"
    } ],
    "fileName" : "8639f6805ea14aea88c20ee202c12917.json"
  }, {
    "path" : "Mobile Media Library/English - Video/Videos for Children/Come Learn With Me: Old Testament",
    "collectionID" : "7c70f61c15954e578b81d9edadb6d274",
    "type" : "DEFAULT",
    "lastUpdatedDate" : "2024-07-31T14:04:48.603-06:00",
    "links" : [ {
      "rel" : "details",
      "href" : "https://titanapi.churchofjesuschrist.org/assetsearch/api/v2/collection/details/collectionID/7c70f61c15954e578b81d9edadb6d274"
    } ],
    "fileName" : "7c70f61c15954e578b81d9edadb6d274.json"
  }, {
    "path" : "Mobile Media Library/English - Video/Videos for Children/Come Learn With Me: Doctrine and Covenants",
    "collectionID" : "8caa324bb07649e88fc2e3109e2ef616",
    "type" : "DEFAULT",
    "lastUpdatedDate" : "2023-11-16T17:50:37.483-07:00",
    "links" : [ {
      "rel" : "details",
      "href" : "https://titanapi.churchofjesuschrist.org/assetsearch/api/v2/collection/details/collectionID/8caa324bb07649e88fc2e3109e2ef616"
    } ],
    "fileName" : "8caa324bb07649e88fc2e3109e2ef616.json"
  }, {
    "path" : "Mobile Media Library/English - Video/Videos for Children/Friend to Friend 2023",
    "collectionID" : "1f6c3af0c7c94d0f89f4dcadac4ebb89",
    "type" : "DEFAULT",
    "lastUpdatedDate" : "2023-09-12T10:31:58.409-06:00",
    "links" : [ {
      "rel" : "details",
      "href" : "https://titanapi.churchofjesuschrist.org/assetsearch/api/v2/collection/details/collectionID/1f6c3af0c7c94d0f89f4dcadac4ebb89"
    } ],
    "fileName" : "1f6c3af0c7c94d0f89f4dcadac4ebb89.json"
  }, {
    "path" : "Mobile Media Library/English - Video/Videos for Children/Friend to Friend 2022",
    "collectionID" : "3d11dde29da142028b6bfff319b7439c",
    "type" : "DEFAULT",
    "lastUpdatedDate" : "2024-01-25T10:14:24.461-07:00",
    "links" : [ {
      "rel" : "details",
      "href" : "https://titanapi.churchofjesuschrist.org/assetsearch/api/v2/collection/details/collectionID/3d11dde29da142028b6bfff319b7439c"
    } ],
    "fileName" : "3d11dde29da142028b6bfff319b7439c.json"
  }, {
    "path" : "Mobile Media Library/English - Video/Videos for Children/Friend to Friend 2021",
    "collectionID" : "3cfbf276c0c44b67bc8db26121826440",
    "type" : "DEFAULT",
    "lastUpdatedDate" : "2023-09-12T10:32:12.316-06:00",
    "links" : [ {
      "rel" : "details",
      "href" : "https://titanapi.churchofjesuschrist.org/assetsearch/api/v2/collection/details/collectionID/3cfbf276c0c44b67bc8db26121826440"
    } ],
    "fileName" : "3cfbf276c0c44b67bc8db26121826440.json"
  }, {
    "path" : "Mobile Media Library/English - Video/Videos for Children/Children and Youth Program",
    "collectionID" : "6d8ffc92ee784644bed46e7819a7d738",
    "type" : "DEFAULT",
    "lastUpdatedDate" : "2023-10-10T16:08:27.642-06:00",
    "links" : [ {
      "rel" : "details",
      "href" : "https://titanapi.churchofjesuschrist.org/assetsearch/api/v2/collection/details/collectionID/6d8ffc92ee784644bed46e7819a7d738"
    } ],
    "fileName" : "6d8ffc92ee784644bed46e7819a7d738.json"
  }, {
    "path" : "Mobile Media Library/English - Video/Videos for Children/Come Learn With Me: Book of Mormon",
    "collectionID" : "c4bec769939a4303b1043548d28f6725",
    "type" : "DEFAULT",
    "lastUpdatedDate" : "2024-07-31T14:04:10.307-06:00",
    "links" : [ {
      "rel" : "details",
      "href" : "https://titanapi.churchofjesuschrist.org/assetsearch/api/v2/collection/details/collectionID/c4bec769939a4303b1043548d28f6725"
    } ],
    "fileName" : "c4bec769939a4303b1043548d28f6725.json"
  }, {
    "path" : "Mobile Media Library/English - Video/Videos for Children/Book of Mormon Stories",
    "collectionID" : "19396fc14d8f4627a7eb2677ad927a88",
    "type" : "DEFAULT",
    "lastUpdatedDate" : "2024-08-19T16:56:20.856-06:00",
    "links" : [ {
      "rel" : "details",
      "href" : "https://titanapi.churchofjesuschrist.org/assetsearch/api/v2/collection/details/collectionID/19396fc14d8f4627a7eb2677ad927a88"
    } ],
    "fileName" : "19396fc14d8f4627a7eb2677ad927a88.json"
  }, {
    "path" : "Mobile Media Library/English - Video/Videos for Children/Friend to Friend 2024",
    "collectionID" : "4e1257e76e824469bc260a11824b4b9c",
    "type" : "DEFAULT",
    "lastUpdatedDate" : "2024-09-11T21:02:11.064-06:00",
    "links" : [ {
      "rel" : "details",
      "href" : "https://titanapi.churchofjesuschrist.org/assetsearch/api/v2/collection/details/collectionID/4e1257e76e824469bc260a11824b4b9c"
    } ],
    "fileName" : "4e1257e76e824469bc260a11824b4b9c.json"
  }, {
    "path" : "Mobile Media Library/English - Video/Videos for Children/How It's Made",
    "collectionID" : "f6b0764fe563420c82fc4f6354ffc0a9",
    "type" : "DEFAULT",
    "lastUpdatedDate" : "2024-03-18T16:47:10.082-06:00",
    "links" : [ {
      "rel" : "details",
      "href" : "https://titanapi.churchofjesuschrist.org/assetsearch/api/v2/collection/details/collectionID/f6b0764fe563420c82fc4f6354ffc0a9"
    } ],
    "fileName" : "f6b0764fe563420c82fc4f6354ffc0a9.json"
  }, {
    "path" : "Mobile Media Library/English - Video/Videos for Children/Doctrine and Covenants Stories",
    "collectionID" : "ad8aee99de754d12813412e5d3548418",
    "type" : "DEFAULT",
    "lastUpdatedDate" : "2025-01-09T18:56:33.634-07:00",
    "links" : [ {
      "rel" : "details",
      "href" : "https://titanapi.churchofjesuschrist.org/assetsearch/api/v2/collection/details/collectionID/ad8aee99de754d12813412e5d3548418"
    } ],
    "fileName" : "ad8aee99de754d12813412e5d3548418.json"
  }, {
    "path" : "Mobile Media Library/English - Video/Videos for Children/One In A Million",
    "collectionID" : "c736a2d178bf9215b8c776fc242054231a5db84d",
    "type" : "DEFAULT",
    "lastUpdatedDate" : "2022-06-23T12:47:31.998-06:00",
    "links" : [ {
      "rel" : "details",
      "href" : "https://titanapi.churchofjesuschrist.org/assetsearch/api/v2/collection/details/collectionID/c736a2d178bf9215b8c776fc242054231a5db84d"
    } ],
    "fileName" : "c736a2d178bf9215b8c776fc242054231a5db84d.json"
  }, {
    "path" : "Mobile Media Library/English - Video/Videos for Children/ASL Primary Songs",
    "collectionID" : "7f934fed05e276561866b166be3901f5a79fe95b",
    "type" : "DEFAULT",
    "lastUpdatedDate" : "2022-06-23T12:45:57.408-06:00",
    "links" : [ {
      "rel" : "details",
      "href" : "https://titanapi.churchofjesuschrist.org/assetsearch/api/v2/collection/details/collectionID/7f934fed05e276561866b166be3901f5a79fe95b"
    } ],
    "fileName" : "7f934fed05e276561866b166be3901f5a79fe95b.json"
  }, {
    "path" : "Mobile Media Library/English - Video/Videos for Children/Children’s Bible Videos",
    "collectionID" : "63d22dd9aeb119f9b41e34d47f861e434b600362",
    "type" : "DEFAULT",
    "lastUpdatedDate" : "2022-03-31T10:37:14.375-06:00",
    "links" : [ {
      "rel" : "details",
      "href" : "https://titanapi.churchofjesuschrist.org/assetsearch/api/v2/collection/details/collectionID/63d22dd9aeb119f9b41e34d47f861e434b600362"
    } ],
    "fileName" : "63d22dd9aeb119f9b41e34d47f861e434b600362.json"
  }, {
    "path" : "Mobile Media Library/English - Video/Videos for Children/Sing-Along Videos",
    "collectionID" : "2cc6b22d4bc885e9c17f1c165359d7b1dfb634d6",
    "type" : "DEFAULT",
    "lastUpdatedDate" : "2024-11-22T13:33:33.852-07:00",
    "links" : [ {
      "rel" : "details",
      "href" : "https://titanapi.churchofjesuschrist.org/assetsearch/api/v2/collection/details/collectionID/2cc6b22d4bc885e9c17f1c165359d7b1dfb634d6"
    } ],
    "fileName" : "2cc6b22d4bc885e9c17f1c165359d7b1dfb634d6.json"
  }, {
    "path" : "Mobile Media Library/English - Video/Videos for Children/Book of Mormon Stories (Classic)",
    "collectionID" : "016f8f18ea000b2a1f455a00ecdf14c7581fe8fd",
    "type" : "DEFAULT",
    "lastUpdatedDate" : "2024-01-12T17:35:31.555-07:00",
    "links" : [ {
      "rel" : "details",
      "href" : "https://titanapi.churchofjesuschrist.org/assetsearch/api/v2/collection/details/collectionID/016f8f18ea000b2a1f455a00ecdf14c7581fe8fd"
    } ],
    "fileName" : "016f8f18ea000b2a1f455a00ecdf14c7581fe8fd.json"
  }, {
    "path" : "Mobile Media Library/English - Video/Videos for Children/For Little Friends",
    "collectionID" : "70d572d7221cdf41e20ca873084a0b664021527e",
    "type" : "DEFAULT",
    "lastUpdatedDate" : "2023-02-22T08:41:28.919-07:00",
    "links" : [ {
      "rel" : "details",
      "href" : "https://titanapi.churchofjesuschrist.org/assetsearch/api/v2/collection/details/collectionID/70d572d7221cdf41e20ca873084a0b664021527e"
    } ],
    "fileName" : "70d572d7221cdf41e20ca873084a0b664021527e.json"
  }, {
    "path" : "Mobile Media Library/English - Video/Videos for Children/Children's Music Videos",
    "collectionID" : "09b6cda9fa3cf20ead1dde3294b4d02ce78dde3d",
    "type" : "DEFAULT",
    "lastUpdatedDate" : "2023-03-13T11:57:58.006-06:00",
    "links" : [ {
      "rel" : "details",
      "href" : "https://titanapi.churchofjesuschrist.org/assetsearch/api/v2/collection/details/collectionID/09b6cda9fa3cf20ead1dde3294b4d02ce78dde3d"
    } ],
    "fileName" : "09b6cda9fa3cf20ead1dde3294b4d02ce78dde3d.json"
  }, {
    "path" : "Mobile Media Library/English - Video/Videos for Children/New Testament Stories",
    "collectionID" : "4bafc0581d2bb7014b92cc8e6a784161b1e046a2",
    "type" : "DEFAULT",
    "lastUpdatedDate" : "2023-12-13T09:36:58.890-07:00",
    "links" : [ {
      "rel" : "details",
      "href" : "https://titanapi.churchofjesuschrist.org/assetsearch/api/v2/collection/details/collectionID/4bafc0581d2bb7014b92cc8e6a784161b1e046a2"
    } ],
    "fileName" : "4bafc0581d2bb7014b92cc8e6a784161b1e046a2.json"
  }, {
    "path" : "Mobile Media Library/English - Video/Videos for Children/Doctrine and Covenants Stories (Classic)",
    "collectionID" : "5c1de78ee8f16e1e3788514dbc8f04a97b2840bc",
    "type" : "DEFAULT",
    "lastUpdatedDate" : "2025-01-06T11:51:10.849-07:00",
    "links" : [ {
      "rel" : "details",
      "href" : "https://titanapi.churchofjesuschrist.org/assetsearch/api/v2/collection/details/collectionID/5c1de78ee8f16e1e3788514dbc8f04a97b2840bc"
    } ],
    "fileName" : "5c1de78ee8f16e1e3788514dbc8f04a97b2840bc.json"
  }, {
    "path" : "Mobile Media Library/English - Video/Videos for Children/Old Testament Stories",
    "collectionID" : "ab6d1069e6042bac6f18858da3ce0a8705719884",
    "type" : "DEFAULT",
    "lastUpdatedDate" : "2023-11-16T17:45:53.309-07:00",
    "links" : [ {
      "rel" : "details",
      "href" : "https://titanapi.churchofjesuschrist.org/assetsearch/api/v2/collection/details/collectionID/ab6d1069e6042bac6f18858da3ce0a8705719884"
    } ],
    "fileName" : "ab6d1069e6042bac6f18858da3ce0a8705719884.json"
  } ],
  "assets" : [ ],
  "fileName" : "b43d757eb019f6607ea99cf31d4f98fd0466720b.json",
  "name" : "Videos for Children",
  "english" : true,
  "publicTitle" : "Videos for Children",
  "description" : "Jesus loves children, and this collection of nurturing materials is designed for them. Enjoy media with inspiring music, stories from the scriptures, sing-along videos, and ideas for developing gifts and talents. Find more resources from <a href=\"https://www.churchofjesuschrist.org/friend\">the Friend</a>.",
  "collectionUri" : "children"
}