{
  "parentCollectionID" : "8cfd45d9b1d9ecc1774e6b77f9ad83fd54dbc236",
  "parentCollectionPath" : "Mobile Media Library/English - Video/Church History/Prophets of the Restoration",
  "collectionType" : "assets",
  "path" : "Mobile Media Library/English - Video/Church History/Prophets of the Restoration/David O. McKay-Prophets of the Restoration",
  "collectionID" : "b43ff1b8a2f2890295a62c47467c0aca7f25d73f",
  "language" : "eng",
  "type" : "DEFAULT",
  "lastUpdatedDate" : "2019-10-28T16:40:50.643-06:00",
  "links" : [ {
    "rel" : "details",
    "href" : "https://titanapi.churchofjesuschrist.org/assetsearch/api/v2/collection/details/collectionID/b43ff1b8a2f2890295a62c47467c0aca7f25d73f"
  } ],
  "coverImages" : [ {
    "asset" : {
      "assetID" : "7e44dab49112f6b368701330c09f15e89cde687c"
    }
  } ],
  "related" : [ ],
  "metadata" : [ {
    "key" : "collectionUri",
    "value" : "david-o-mckay-prophets-of-the-restoration",
    "language" : "eng"
  }, {
    "key" : "publicTitle",
    "value" : "David O. McKay—Prophets of the Restoration",
    "language" : "eng"
  } ],
  "children" : [ ],
  "assets" : [ {
    "asset" : {
      "assetID" : "94f46a7e822075f246d667ddcc165e8383929cfd"
    },
    "addedDate" : 1478799363066,
    "metadata" : [ ]
  }, {
    "asset" : {
      "assetID" : "9a36d59d2b6d9131865e085ed63638866a1c7dcc"
    },
    "addedDate" : 1478799351042,
    "metadata" : [ ]
  }, {
    "asset" : {
      "assetID" : "63655b824e625e944fd82349c550cdb6067203c1"
    },
    "addedDate" : 1478799353068,
    "metadata" : [ ]
  }, {
    "asset" : {
      "assetID" : "4f998fb895db4d19cca65503ce5ff895931556dc"
    },
    "addedDate" : 1478799366017,
    "metadata" : [ ]
  }, {
    "asset" : {
      "assetID" : "d684bd1b4c9012be337ac9712177bd9cebd6b3a0"
    },
    "addedDate" : 1478799355052,
    "metadata" : [ ]
  }, {
    "asset" : {
      "assetID" : "63b21b1c8b62f2f094c2f0ba1f0289d52be89671"
    },
    "addedDate" : 1478799349026,
    "metadata" : [ ]
  }, {
    "asset" : {
      "assetID" : "f76a9251489ee5695d3f1b5de8f235aacb08c303"
    },
    "addedDate" : 1478799359091,
    "metadata" : [ ]
  }, {
    "asset" : {
      "assetID" : "e55eb899f05ac1a804eee6808ec82cc622ad0070"
    },
    "addedDate" : 1478799361044,
    "metadata" : [ ]
  }, {
    "asset" : {
      "assetID" : "2b2abfc3dbda6abe324a1af242b60ae070d8e4dc"
    },
    "addedDate" : 1478799357068,
    "metadata" : [ ]
  }, {
    "asset" : {
      "assetID" : "aa49ca713d37925f979e2b95b90706b9b58c6dcf"
    },
    "addedDate" : 1478799368021,
    "metadata" : [ ]
  } ],
  "fileName" : "b43ff1b8a2f2890295a62c47467c0aca7f25d73f.json",
  "name" : "David O. McKay-Prophets of the Restoration",
  "english" : true,
  "publicTitle" : "David O. McKay—Prophets of the Restoration",
  "collectionUri" : "david-o-mckay-prophets-of-the-restoration"
}