{
  "parentCollectionID" : "044045876ab9442f99495d7e4213611b",
  "parentCollectionPath" : "Mobile Media Library/English - Video/Videos for Youth/Youth Music",
  "collectionType" : "assets",
  "path" : "Mobile Media Library/English - Video/Videos for Youth/Youth Music/Lyric and Track Videos for Youth",
  "collectionID" : "b51e52a0b1cf4fceb3e39800c87a897f",
  "language" : "eng",
  "type" : "DEFAULT",
  "lastUpdatedDate" : "2024-04-04T11:46:59.793-06:00",
  "links" : [ {
    "rel" : "details",
    "href" : "https://titanapi.churchofjesuschrist.org/assetsearch/api/v2/collection/details/collectionID/b51e52a0b1cf4fceb3e39800c87a897f"
  } ],
  "coverImages" : [ {
    "asset" : {
      "assetID" : "23c4fb3a860e5a2a719c8c15e2834d91603844c6"
    }
  } ],
  "related" : [ ],
  "metadata" : [ {
    "key" : "orderIndex",
    "value" : "3"
  }, {
    "key" : "channel",
    "value" : "mobile",
    "language" : "eng"
  }, {
    "key" : "collectionUri",
    "value" : "youth-lyric-and-track-videos",
    "language" : "eng"
  }, {
    "key" : "publicTitle",
    "value" : "Lyric and Track Videos for Youth",
    "language" : "eng"
  } ],
  "children" : [ ],
  "assets" : [ {
    "asset" : {
      "assetID" : "f080113fbc6f11ed8974eeeeac1e6e2322545d46"
    },
    "index" : 4,
    "addedDate" : 1701271816136,
    "metadata" : [ ]
  }, {
    "asset" : {
      "assetID" : "2c442064d26711ed8f0beeeeac1eee906def62b7"
    },
    "index" : 3,
    "addedDate" : 1701271816140,
    "metadata" : [ ]
  }, {
    "asset" : {
      "assetID" : "d5c2625d057611ee8cc5eeeeac1ec7a4f69b5e0e"
    },
    "index" : 5,
    "addedDate" : 1701271816143,
    "metadata" : [ ]
  }, {
    "asset" : {
      "assetID" : "3b74c436272711ee9cedeeeeac1e153ae2422f30"
    },
    "index" : 8,
    "addedDate" : 1701271816130,
    "metadata" : [ ]
  }, {
    "asset" : {
      "assetID" : "676ba7a2321311ee85f9eeeeac1e1af67bfb0a6e"
    },
    "index" : 7,
    "addedDate" : 1701271816123,
    "metadata" : [ ]
  }, {
    "asset" : {
      "assetID" : "f18440ba361a11ee96b1eeeeac1e3a568a7978ce"
    },
    "index" : 6,
    "addedDate" : 1701271816133,
    "metadata" : [ ]
  }, {
    "asset" : {
      "assetID" : "95060993525611ee88fdeeeeac1e2e7c132ac010"
    },
    "index" : 9,
    "addedDate" : 1701271816140,
    "metadata" : [ ]
  }, {
    "asset" : {
      "assetID" : "755cd23662c911ee9c90eeeeac1ec7397daa3211"
    },
    "index" : 11,
    "addedDate" : 1702330748851,
    "metadata" : [ ]
  }, {
    "asset" : {
      "assetID" : "3a661f267d9e11ee938deeeeac1ef60c4fc7c8e2"
    },
    "index" : 10,
    "addedDate" : 1702330748539,
    "metadata" : [ ]
  }, {
    "asset" : {
      "assetID" : "45727da97d9e11eebd63eeeeac1ec1b84162d340"
    },
    "index" : 2,
    "addedDate" : 1711589000570,
    "metadata" : [ ]
  }, {
    "asset" : {
      "assetID" : "6097473fac1d11ee9d0feeeeac1e142efaa86bae"
    },
    "index" : 1,
    "addedDate" : 1711588904777,
    "metadata" : [ ]
  }, {
    "asset" : {
      "assetID" : "6c98bba9e6d711eeb49eeeeeac1e2b06a1336236"
    },
    "index" : 17,
    "addedDate" : 1711588985316,
    "metadata" : [ ]
  }, {
    "asset" : {
      "assetID" : "d6daef34e86411eea078eeeeac1e51b380437ebe"
    },
    "index" : 21,
    "addedDate" : 1711589044212,
    "metadata" : [ ]
  }, {
    "asset" : {
      "assetID" : "d7f1b668e86411ee896ceeeeac1e58bb4e539205"
    },
    "index" : 20,
    "addedDate" : 1711589036269,
    "metadata" : [ ]
  }, {
    "asset" : {
      "assetID" : "de3234f5e86411ee9883eeeeac1eb4926e891373"
    },
    "index" : 15,
    "addedDate" : 1711588949930,
    "metadata" : [ ]
  }, {
    "asset" : {
      "assetID" : "d8391fa9e86411eea98eeeeeac1ef2189efad55f"
    },
    "index" : 13,
    "addedDate" : 1711588943193,
    "metadata" : [ ]
  }, {
    "asset" : {
      "assetID" : "d9af44e9e86411eeaee5eeeeac1e863eda8bb3e7"
    },
    "index" : 18,
    "addedDate" : 1711589007778,
    "metadata" : [ ]
  }, {
    "asset" : {
      "assetID" : "daf88dc8e86411eea251eeeeac1ef01a02bebe35"
    },
    "index" : 19,
    "addedDate" : 1711589029202,
    "metadata" : [ ]
  }, {
    "asset" : {
      "assetID" : "db8368a6e86411eebdf4eeeeac1e1dd7196a4a10"
    },
    "index" : 16,
    "addedDate" : 1711588969854,
    "metadata" : [ ]
  }, {
    "asset" : {
      "assetID" : "ed49e285e86411ee9a55eeeeac1ee1239e0190aa"
    },
    "index" : 14,
    "addedDate" : 1711588929978,
    "metadata" : [ ]
  }, {
    "asset" : {
      "assetID" : "edaebed3e86411eead4aeeeeac1e2c7a0b22b8f2"
    },
    "index" : 12,
    "addedDate" : 1711588923162,
    "metadata" : [ ]
  } ],
  "fileName" : "b51e52a0b1cf4fceb3e39800c87a897f.json",
  "name" : "Lyric and Track Videos for Youth",
  "english" : true,
  "publicTitle" : "Lyric and Track Videos for Youth",
  "collectionUri" : "youth-lyric-and-track-videos"
}