{
  "parentCollectionID" : "e60f922e58584686ad44d42a17a6dd66",
  "parentCollectionPath" : "Mobile Media Library/English - Video/People/Latter-day General Authorities and Officers",
  "collectionType" : "assets",
  "path" : "Mobile Media Library/English - Video/People/Latter-day General Authorities and Officers/Lawrence E. Corbridge",
  "collectionID" : "b5362ba764f124351d086f3609c4cc049b3bdca9",
  "language" : "eng",
  "type" : "DEFAULT",
  "lastUpdatedDate" : "2019-10-28T16:40:50.643-06:00",
  "links" : [ {
    "rel" : "details",
    "href" : "https://titanapi.churchofjesuschrist.org/assetsearch/api/v2/collection/details/collectionID/b5362ba764f124351d086f3609c4cc049b3bdca9"
  } ],
  "coverImages" : [ {
    "asset" : {
      "assetID" : "a6b8b7689d1fb265339f4b2968bea2579c2a6ac2"
    }
  } ],
  "related" : [ ],
  "metadata" : [ {
    "key" : "collectionUri",
    "value" : "lawrence-e-corbridge",
    "language" : "eng"
  }, {
    "key" : "publicTitle",
    "value" : "Lawrence E. Corbridge",
    "language" : "eng"
  } ],
  "children" : [ ],
  "assets" : [ {
    "asset" : {
      "assetID" : "544ac96ce7e278b97b0c0963d12a133a603c35db"
    },
    "addedDate" : 1540328871007,
    "metadata" : [ ]
  } ],
  "fileName" : "b5362ba764f124351d086f3609c4cc049b3bdca9.json",
  "name" : "Lawrence E. Corbridge",
  "english" : true,
  "publicTitle" : "Lawrence E. Corbridge",
  "collectionUri" : "lawrence-e-corbridge"
}