{
  "parentCollectionID" : "20551c99d0a8860165b8088785810d9e36c7701d",
  "parentCollectionPath" : "Mobile Media Library/English - Video/Family History",
  "collectionType" : "assets",
  "path" : "Mobile Media Library/English - Video/Family History/For Leaders and Temple and Family History Callings",
  "collectionID" : "b53fe61d5b9b437db9b925ddfbc2c24f",
  "language" : "eng",
  "type" : "DEFAULT",
  "lastUpdatedDate" : "2020-01-24T09:04:49.453-07:00",
  "links" : [ {
    "rel" : "details",
    "href" : "https://titanapi.churchofjesuschrist.org/assetsearch/api/v2/collection/details/collectionID/b53fe61d5b9b437db9b925ddfbc2c24f"
  } ],
  "coverImages" : [ ],
  "related" : [ ],
  "metadata" : [ {
    "key" : "collectionUri",
    "value" : "for-leaders-and-temple-and-family-history-callings",
    "language" : "eng"
  }, {
    "key" : "publicTitle",
    "value" : "For Leaders and Temple and Family History Callings",
    "language" : "eng"
  } ],
  "children" : [ ],
  "assets" : [ {
    "asset" : {
      "assetID" : "0d6b52e19705032c8513e24d2db90e45aae024bb"
    },
    "addedDate" : 1582697085182,
    "metadata" : [ ]
  }, {
    "asset" : {
      "assetID" : "990f80fcd087b18a050822d2b4f91cc1a049ed19"
    },
    "addedDate" : 1579909981902,
    "metadata" : [ ]
  }, {
    "asset" : {
      "assetID" : "34b1b60bdc893e33fe693d59ea81e261d3a1aeac"
    },
    "addedDate" : 1582692015683,
    "metadata" : [ ]
  }, {
    "asset" : {
      "assetID" : "e12f09292208f074d9678654337c1a5ea4b5a8a1"
    },
    "addedDate" : 1579909752686,
    "metadata" : [ ]
  }, {
    "asset" : {
      "assetID" : "4e8b023cb8f119a789ceac9d232338edbf072f9b"
    },
    "index" : 15,
    "addedDate" : 1603134281459,
    "metadata" : [ ]
  }, {
    "asset" : {
      "assetID" : "74e38668b971e90346a42301f54cbdb29d38d042"
    },
    "addedDate" : 1582692869959,
    "metadata" : [ ]
  }, {
    "asset" : {
      "assetID" : "e0bd982a0680a114d052642c3bcbbd0b416e347f"
    },
    "addedDate" : 1579909937310,
    "metadata" : [ ]
  }, {
    "asset" : {
      "assetID" : "9341301ce0b1835e925f2ad9c238e56c37f7452a"
    },
    "addedDate" : 1582697012730,
    "metadata" : [ ]
  }, {
    "asset" : {
      "assetID" : "9a4131d1947baf4d22898f96b9686bf4cb331fd2"
    },
    "addedDate" : 1579909707907,
    "metadata" : [ ]
  }, {
    "asset" : {
      "assetID" : "267ddcd82f64dd953e0b74aa0256828329c446e1"
    },
    "addedDate" : 1579909873820,
    "metadata" : [ ]
  }, {
    "asset" : {
      "assetID" : "701cdbd2ed0ee1f756c554f0b54d4f29fe6946d5"
    },
    "addedDate" : 1579909840042,
    "metadata" : [ ]
  }, {
    "asset" : {
      "assetID" : "90754bbb3f7b2f32b684a4865b6bd3600939e1b5"
    },
    "addedDate" : 1579909923057,
    "metadata" : [ ]
  }, {
    "asset" : {
      "assetID" : "06781cef565bd7ac0c2e792a5384f75a5de76ab0"
    },
    "addedDate" : 1579910012893,
    "metadata" : [ ]
  }, {
    "asset" : {
      "assetID" : "1c449363b24a061668275c281d3f7381fd954523"
    },
    "addedDate" : 1579909807693,
    "metadata" : [ ]
  }, {
    "asset" : {
      "assetID" : "e3fed7325197f6e8a2a7a154c07dac34d0113aa3"
    },
    "addedDate" : 1579909657954,
    "metadata" : [ ]
  }, {
    "asset" : {
      "assetID" : "920D224F1311AC0F12EB850F1BD89CD2B7267D8F"
    },
    "index" : 15,
    "addedDate" : 1606729573203,
    "metadata" : [ ]
  } ],
  "fileName" : "b53fe61d5b9b437db9b925ddfbc2c24f.json",
  "name" : "For Leaders and Temple and Family History Callings",
  "english" : true,
  "publicTitle" : "For Leaders and Temple and Family History Callings",
  "collectionUri" : "for-leaders-and-temple-and-family-history-callings"
}