{
  "parentCollectionID" : "5eb1c2c42f8308ed70ebf916ae78ecac55ceb469",
  "parentCollectionPath" : "Mobile Media Library/English - Video/Life Help/Self-Reliance Services and PEF/Find a Better Job",
  "collectionType" : "assets",
  "path" : "Mobile Media Library/English - Video/Life Help/Self-Reliance Services and PEF/Find a Better Job/Chapter 06: Nail the Interview Part 1",
  "collectionID" : "b67ae1117257fa934e2cc464b64f45a44e51bef1",
  "language" : "eng",
  "type" : "DEFAULT",
  "lastUpdatedDate" : "2019-10-28T16:40:50.643-06:00",
  "links" : [ {
    "rel" : "details",
    "href" : "https://titanapi.churchofjesuschrist.org/assetsearch/api/v2/collection/details/collectionID/b67ae1117257fa934e2cc464b64f45a44e51bef1"
  } ],
  "coverImages" : [ {
    "asset" : {
      "assetID" : "c4cfba84633bdbb310a513b0926b3abfc2a83043"
    }
  } ],
  "related" : [ ],
  "metadata" : [ {
    "key" : "collectionUri",
    "value" : "chapter-6-nail-the-interview-part-1",
    "language" : "eng"
  }, {
    "key" : "publicTitle",
    "value" : "Chapter 06: Nail the Interview Part 1",
    "language" : "eng"
  } ],
  "children" : [ ],
  "assets" : [ {
    "asset" : {
      "assetID" : "d9f7db5042783c55b0c004fa65f79af15abf8055"
    },
    "addedDate" : 1504121639093,
    "metadata" : [ ]
  } ],
  "fileName" : "b67ae1117257fa934e2cc464b64f45a44e51bef1.json",
  "name" : "Chapter 06: Nail the Interview Part 1",
  "english" : true,
  "publicTitle" : "Chapter 06: Nail the Interview Part 1",
  "collectionUri" : "chapter-6-nail-the-interview-part-1"
}