{
  "sourceCollectionId" : "8d8905cef700b03cb3afaabc032a3af882139e59",
  "parentCollectionID" : "22e3232e384c8650311b2940336759a89b8d6f8b",
  "parentCollectionPath" : "Mobile Media Library",
  "collectionType" : "collections",
  "path" : "Mobile Media Library/Danish - Video",
  "collectionID" : "b72f58e7ae52414fa4b356c571bf1e6d",
  "language" : "dan",
  "type" : "DEFAULT",
  "lastUpdatedDate" : "2023-06-20T11:23:26.824-06:00",
  "links" : [ {
    "rel" : "details",
    "href" : "https://titanapi.churchofjesuschrist.org/assetsearch/api/v2/collection/details/collectionID/b72f58e7ae52414fa4b356c571bf1e6d"
  } ],
  "coverImages" : [ {
    "asset" : {
      "assetID" : "5fed24fd67a45d2be64c74442c4f9d0bd5a89d21"
    }
  } ],
  "related" : [ ],
  "metadata" : [ {
    "key" : "orderIndex",
    "value" : "73"
  }, {
    "key" : "description",
    "value" : "Den største samling af videoer lavet af Jesu Kristi Kirke af Sidste Dages Hellige, herunder videoer til lektioner, unge, børn, inspiration, oplæring og mere.",
    "language" : "dan"
  }, {
    "key" : "collectionUri",
    "value" : "video",
    "language" : "dan"
  }, {
    "key" : "publicTitle",
    "value" : "Videosamlinger",
    "language" : "dan"
  } ],
  "children" : [ {
    "path" : "Mobile Media Library/Danish - Video/Church History",
    "collectionID" : "a8d67aace69744fbbe92edc4819aef13ab98972f",
    "type" : "DEFAULT",
    "lastUpdatedDate" : "2022-04-01T02:30:20.016-06:00",
    "links" : [ {
      "rel" : "details",
      "href" : "https://titanapi.churchofjesuschrist.org/assetsearch/api/v2/collection/details/collectionID/a8d67aace69744fbbe92edc4819aef13ab98972f"
    } ],
    "fileName" : "a8d67aace69744fbbe92edc4819aef13ab98972f.json"
  }, {
    "path" : "Mobile Media Library/Danish - Video/Community Outreach",
    "collectionID" : "38e7e3c802454b53a4d83c53cf8148efdfe5bd57",
    "type" : "DEFAULT",
    "lastUpdatedDate" : "2022-04-01T02:30:20.016-06:00",
    "links" : [ {
      "rel" : "details",
      "href" : "https://titanapi.churchofjesuschrist.org/assetsearch/api/v2/collection/details/collectionID/38e7e3c802454b53a4d83c53cf8148efdfe5bd57"
    } ],
    "fileName" : "38e7e3c802454b53a4d83c53cf8148efdfe5bd57.json"
  }, {
    "path" : "Mobile Media Library/Danish - Video/Family History",
    "collectionID" : "ff41451061a34c19b5bf67617d15853707c5d93d",
    "type" : "DEFAULT",
    "lastUpdatedDate" : "2022-04-01T02:30:20.016-06:00",
    "links" : [ {
      "rel" : "details",
      "href" : "https://titanapi.churchofjesuschrist.org/assetsearch/api/v2/collection/details/collectionID/ff41451061a34c19b5bf67617d15853707c5d93d"
    } ],
    "fileName" : "ff41451061a34c19b5bf67617d15853707c5d93d.json"
  }, {
    "path" : "Mobile Media Library/Danish - Video/Broadcasts",
    "collectionID" : "c68225a95f9e46df96b169529416c5073a32c2ec",
    "type" : "DEFAULT",
    "lastUpdatedDate" : "2022-11-02T10:51:18.078-06:00",
    "links" : [ {
      "rel" : "details",
      "href" : "https://titanapi.churchofjesuschrist.org/assetsearch/api/v2/collection/details/collectionID/c68225a95f9e46df96b169529416c5073a32c2ec"
    } ],
    "fileName" : "c68225a95f9e46df96b169529416c5073a32c2ec.json"
  }, {
    "path" : "Mobile Media Library/Danish - Video/Callings and Trainings",
    "collectionID" : "5913e170c61b4b78add7a3d085b1fe6d1d034377",
    "type" : "DEFAULT",
    "lastUpdatedDate" : "2022-04-01T02:30:20.016-06:00",
    "links" : [ {
      "rel" : "details",
      "href" : "https://titanapi.churchofjesuschrist.org/assetsearch/api/v2/collection/details/collectionID/5913e170c61b4b78add7a3d085b1fe6d1d034377"
    } ],
    "fileName" : "5913e170c61b4b78add7a3d085b1fe6d1d034377.json"
  }, {
    "path" : "Mobile Media Library/Danish - Video/Children",
    "collectionID" : "e9bd4eb0c3d640d28a67c83d520753cd62620707",
    "type" : "DEFAULT",
    "lastUpdatedDate" : "2022-04-01T02:30:20.016-06:00",
    "links" : [ {
      "rel" : "details",
      "href" : "https://titanapi.churchofjesuschrist.org/assetsearch/api/v2/collection/details/collectionID/e9bd4eb0c3d640d28a67c83d520753cd62620707"
    } ],
    "fileName" : "e9bd4eb0c3d640d28a67c83d520753cd62620707.json"
  }, {
    "path" : "Mobile Media Library/Danish - Video/Inspiration",
    "collectionID" : "f741befa7a944a069b793406948a82d859e56f41",
    "type" : "DEFAULT",
    "lastUpdatedDate" : "2022-04-01T02:30:20.016-06:00",
    "links" : [ {
      "rel" : "details",
      "href" : "https://titanapi.churchofjesuschrist.org/assetsearch/api/v2/collection/details/collectionID/f741befa7a944a069b793406948a82d859e56f41"
    } ],
    "fileName" : "f741befa7a944a069b793406948a82d859e56f41.json"
  }, {
    "path" : "Mobile Media Library/Danish - Video/Life Help",
    "collectionID" : "392856656e71408dbda13356b5f1c766c1686f57",
    "type" : "DEFAULT",
    "lastUpdatedDate" : "2023-06-20T11:24:45.823-06:00",
    "links" : [ {
      "rel" : "details",
      "href" : "https://titanapi.churchofjesuschrist.org/assetsearch/api/v2/collection/details/collectionID/392856656e71408dbda13356b5f1c766c1686f57"
    } ],
    "fileName" : "392856656e71408dbda13356b5f1c766c1686f57.json"
  }, {
    "path" : "Mobile Media Library/Danish - Video/People",
    "collectionID" : "6e733922930c43e298279234ffcae8e09bdc484e",
    "type" : "DEFAULT",
    "lastUpdatedDate" : "2022-04-01T02:30:20.016-06:00",
    "links" : [ {
      "rel" : "details",
      "href" : "https://titanapi.churchofjesuschrist.org/assetsearch/api/v2/collection/details/collectionID/6e733922930c43e298279234ffcae8e09bdc484e"
    } ],
    "fileName" : "6e733922930c43e298279234ffcae8e09bdc484e.json"
  }, {
    "path" : "Mobile Media Library/Danish - Video/Scriptures",
    "collectionID" : "d61d8a0f29154af68b8cee0818a839c6f9271dc2",
    "type" : "DEFAULT",
    "lastUpdatedDate" : "2022-11-02T10:50:39.767-06:00",
    "links" : [ {
      "rel" : "details",
      "href" : "https://titanapi.churchofjesuschrist.org/assetsearch/api/v2/collection/details/collectionID/d61d8a0f29154af68b8cee0818a839c6f9271dc2"
    } ],
    "fileName" : "d61d8a0f29154af68b8cee0818a839c6f9271dc2.json"
  }, {
    "path" : "Mobile Media Library/Danish - Video/Sharing the Gospel",
    "collectionID" : "710fe3a6376941bf91e6103d6016300451e57bdd",
    "type" : "DEFAULT",
    "lastUpdatedDate" : "2022-11-02T20:12:08.874-06:00",
    "links" : [ {
      "rel" : "details",
      "href" : "https://titanapi.churchofjesuschrist.org/assetsearch/api/v2/collection/details/collectionID/710fe3a6376941bf91e6103d6016300451e57bdd"
    } ],
    "fileName" : "710fe3a6376941bf91e6103d6016300451e57bdd.json"
  }, {
    "path" : "Mobile Media Library/Danish - Video/Teaching and Lessons",
    "collectionID" : "ab992bf5d3f64fa0b0cc498434ee50816fff43b1",
    "type" : "DEFAULT",
    "lastUpdatedDate" : "2022-11-02T12:15:18.200-06:00",
    "links" : [ {
      "rel" : "details",
      "href" : "https://titanapi.churchofjesuschrist.org/assetsearch/api/v2/collection/details/collectionID/ab992bf5d3f64fa0b0cc498434ee50816fff43b1"
    } ],
    "fileName" : "ab992bf5d3f64fa0b0cc498434ee50816fff43b1.json"
  }, {
    "path" : "Mobile Media Library/Danish - Video/Topics",
    "collectionID" : "ec3e77f93b394a939a5cc3836994c86730a7e321",
    "type" : "DEFAULT",
    "lastUpdatedDate" : "2023-05-24T13:54:46.033-06:00",
    "links" : [ {
      "rel" : "details",
      "href" : "https://titanapi.churchofjesuschrist.org/assetsearch/api/v2/collection/details/collectionID/ec3e77f93b394a939a5cc3836994c86730a7e321"
    } ],
    "fileName" : "ec3e77f93b394a939a5cc3836994c86730a7e321.json"
  }, {
    "path" : "Mobile Media Library/Danish - Video/Youth",
    "collectionID" : "a20853152f3d487fbc3e5775ced265d9fd461e4d",
    "type" : "DEFAULT",
    "lastUpdatedDate" : "2022-11-02T13:49:39.014-06:00",
    "links" : [ {
      "rel" : "details",
      "href" : "https://titanapi.churchofjesuschrist.org/assetsearch/api/v2/collection/details/collectionID/a20853152f3d487fbc3e5775ced265d9fd461e4d"
    } ],
    "fileName" : "a20853152f3d487fbc3e5775ced265d9fd461e4d.json"
  }, {
    "path" : "Mobile Media Library/Danish - Video/Holidays",
    "collectionID" : "9420e3cef21c4a57a7c0809a3806b347",
    "type" : "DEFAULT",
    "lastUpdatedDate" : "2023-02-21T11:48:21.930-07:00",
    "links" : [ {
      "rel" : "details",
      "href" : "https://titanapi.churchofjesuschrist.org/assetsearch/api/v2/collection/details/collectionID/9420e3cef21c4a57a7c0809a3806b347"
    } ],
    "fileName" : "9420e3cef21c4a57a7c0809a3806b347.json"
  } ],
  "assets" : [ ],
  "fileName" : "b72f58e7ae52414fa4b356c571bf1e6d.json",
  "name" : "Danish - Video",
  "english" : false,
  "publicTitle" : "Videosamlinger",
  "description" : "Den største samling af videoer lavet af Jesu Kristi Kirke af Sidste Dages Hellige, herunder videoer til lektioner, unge, børn, inspiration, oplæring og mere.",
  "collectionUri" : "video"
}