{
  "parentCollectionID" : "ba758d05db044db7bf5ab221c6d94543",
  "parentCollectionPath" : "Mobile Media Library/English - Video/Scriptural Reenactments and Teachings/Doctrine and Covenants Teaching Videos",
  "collectionType" : "assets",
  "path" : "Mobile Media Library/English - Video/Scriptural Reenactments and Teachings/Doctrine and Covenants Teaching Videos/Section 120 - Church History",
  "collectionID" : "b7f2b3a5f2a64ab8bbce08778b89ab54",
  "language" : "eng",
  "type" : "DEFAULT",
  "lastUpdatedDate" : "2022-09-07T12:36:07.741-06:00",
  "links" : [ {
    "rel" : "details",
    "href" : "https://titanapi.churchofjesuschrist.org/assetsearch/api/v2/collection/details/collectionID/b7f2b3a5f2a64ab8bbce08778b89ab54"
  } ],
  "coverImages" : [ {
    "asset" : {
      "assetID" : "a716ead07be87942dc1a3daeb2bf82e7d598f0bc"
    }
  } ],
  "related" : [ ],
  "metadata" : [ {
    "key" : "orderIndex",
    "value" : "4"
  }, {
    "key" : "channel",
    "value" : "mobile",
    "language" : "eng"
  }, {
    "key" : "collectionUri",
    "value" : "section-120-church-history",
    "language" : "eng"
  }, {
    "key" : "publicTitle",
    "value" : "Section 120 - Church History",
    "language" : "eng"
  } ],
  "children" : [ ],
  "assets" : [ {
    "asset" : {
      "assetID" : "8c5b1d8e5455925e9fb8db15e8965290e5c8a304"
    },
    "addedDate" : 1662575435310,
    "metadata" : [ ]
  }, {
    "asset" : {
      "assetID" : "9ffdc8641c3b5a6d1815d2f2a50561fe94e23363"
    },
    "addedDate" : 1662575435316,
    "metadata" : [ ]
  }, {
    "asset" : {
      "assetID" : "ef59920e09c69b9ac262e056d1bb5bf0df911243"
    },
    "addedDate" : 1662575435323,
    "metadata" : [ ]
  }, {
    "asset" : {
      "assetID" : "59e7d75543ebf591fb2e5876ea866d5982d90766"
    },
    "addedDate" : 1662575435320,
    "metadata" : [ ]
  }, {
    "asset" : {
      "assetID" : "de75017b909d872d5b2452d38245843aaa34f797"
    },
    "addedDate" : 1662575435313,
    "metadata" : [ ]
  }, {
    "asset" : {
      "assetID" : "6e958ede0c62e67bb1e89e8804199ad928e259b4"
    },
    "addedDate" : 1662575435320,
    "metadata" : [ ]
  }, {
    "asset" : {
      "assetID" : "e8313d770270b3a6252f4d364187b148682ea127"
    },
    "addedDate" : 1662575435330,
    "metadata" : [ ]
  }, {
    "asset" : {
      "assetID" : "e4c259f121b09ebe0b65cd9aec48c5586a544ec8"
    },
    "addedDate" : 1662575435326,
    "metadata" : [ ]
  }, {
    "asset" : {
      "assetID" : "e0018e7536476ea45e569017ec8d48ac946f4817"
    },
    "addedDate" : 1662575435313,
    "metadata" : [ ]
  }, {
    "asset" : {
      "assetID" : "4d67a04b462b2bd252e2eeae999d746c69b30dbf"
    },
    "addedDate" : 1662575435326,
    "metadata" : [ ]
  }, {
    "asset" : {
      "assetID" : "e5ef75f95c3ce812d551423342b4b19eba479cc2"
    },
    "addedDate" : 1662575435323,
    "metadata" : [ ]
  } ],
  "fileName" : "b7f2b3a5f2a64ab8bbce08778b89ab54.json",
  "name" : "Section 120 - Church History",
  "english" : true,
  "publicTitle" : "Section 120 - Church History",
  "collectionUri" : "section-120-church-history"
}