{
  "parentCollectionID" : "8cfd45d9b1d9ecc1774e6b77f9ad83fd54dbc236",
  "parentCollectionPath" : "Mobile Media Library/English - Video/Church History/Prophets of the Restoration",
  "collectionType" : "assets",
  "path" : "Mobile Media Library/English - Video/Church History/Prophets of the Restoration/Wilford Woodruff-Prophets of the Restoration",
  "collectionID" : "b9076771d6c3fc2382e9f3f95f79bfbeda9ef1ea",
  "language" : "eng",
  "type" : "DEFAULT",
  "lastUpdatedDate" : "2019-10-28T16:40:50.643-06:00",
  "links" : [ {
    "rel" : "details",
    "href" : "https://titanapi.churchofjesuschrist.org/assetsearch/api/v2/collection/details/collectionID/b9076771d6c3fc2382e9f3f95f79bfbeda9ef1ea"
  } ],
  "coverImages" : [ {
    "asset" : {
      "assetID" : "34c1c42f24bca28cd2d4b8adc7a9c8ab36d57c61"
    }
  } ],
  "related" : [ ],
  "metadata" : [ {
    "key" : "collectionUri",
    "value" : "wilford-woodruff-prophets-of-the-restoration",
    "language" : "eng"
  }, {
    "key" : "publicTitle",
    "value" : "Wilford Woodruff—Prophets of the Restoration",
    "language" : "eng"
  } ],
  "children" : [ ],
  "assets" : [ {
    "asset" : {
      "assetID" : "5c0ccea82b5b861aef086bc6ea23b2bd0f8751b3"
    },
    "addedDate" : 1478798716058,
    "metadata" : [ ]
  }, {
    "asset" : {
      "assetID" : "7c84a89b15ae8899acd17533687b12334648fef7"
    },
    "addedDate" : 1478798715087,
    "metadata" : [ ]
  }, {
    "asset" : {
      "assetID" : "2525e4416531a4c7f0aede5d521f7262aed4b69b"
    },
    "addedDate" : 1478798714001,
    "metadata" : [ ]
  }, {
    "asset" : {
      "assetID" : "e20369949370cdd325550339e21d1354d136bae0"
    },
    "addedDate" : 1478798718007,
    "metadata" : [ ]
  }, {
    "asset" : {
      "assetID" : "717e7ed98e1bf111e25816e1ec70fe23ba68c2fe"
    },
    "addedDate" : 1478798710097,
    "metadata" : [ ]
  }, {
    "asset" : {
      "assetID" : "64a478d5851c65fee6b44f060ce462c349662d04"
    },
    "addedDate" : 1478798714094,
    "metadata" : [ ]
  }, {
    "asset" : {
      "assetID" : "d2eea3f0c426072fd95de348c12dd3f1e5cc924b"
    },
    "addedDate" : 1478798718071,
    "metadata" : [ ]
  }, {
    "asset" : {
      "assetID" : "be485e6573b117c1f2fe1d1c9349bf485ef779b0"
    },
    "addedDate" : 1478798712096,
    "metadata" : [ ]
  }, {
    "asset" : {
      "assetID" : "a60323d714c58c9a506bb5e20b5ff4448d48e258"
    },
    "addedDate" : 1478798717046,
    "metadata" : [ ]
  }, {
    "asset" : {
      "assetID" : "2259e34eb38c021fd31d1600a63ad75ca699e262"
    },
    "addedDate" : 1478798711093,
    "metadata" : [ ]
  } ],
  "fileName" : "b9076771d6c3fc2382e9f3f95f79bfbeda9ef1ea.json",
  "name" : "Wilford Woodruff-Prophets of the Restoration",
  "english" : true,
  "publicTitle" : "Wilford Woodruff—Prophets of the Restoration",
  "collectionUri" : "wilford-woodruff-prophets-of-the-restoration"
}