{
  "parentCollectionID" : "4da6a5e612768eada390a3e0f6c0e386a015447a",
  "parentCollectionPath" : "Mobile Media Library/English - Video/Scriptural Reenactments and Teachings",
  "collectionType" : "collections",
  "path" : "Mobile Media Library/English - Video/Scriptural Reenactments and Teachings/Book of Mormon Videos",
  "collectionID" : "b91d19b3a88f45129e9ec20d8c175bfa",
  "language" : "eng",
  "type" : "DEFAULT",
  "lastUpdatedDate" : "2024-08-16T16:40:24.955-06:00",
  "links" : [ {
    "rel" : "details",
    "href" : "https://titanapi.churchofjesuschrist.org/assetsearch/api/v2/collection/details/collectionID/b91d19b3a88f45129e9ec20d8c175bfa"
  } ],
  "coverImages" : [ {
    "asset" : {
      "assetID" : "a8813c6a2fa311ed8bb5eeeeac1e4a24dda998bf"
    }
  } ],
  "related" : [ ],
  "metadata" : [ {
    "key" : "orderIndex",
    "value" : "2"
  }, {
    "key" : "channel",
    "value" : "mobile",
    "language" : "eng"
  }, {
    "key" : "description",
    "value" : "Significant portions of the Book of Mormon and its prophets, main characters, and general narrative are dramatized, depicted, and abridged for children and adults.",
    "language" : "eng"
  }, {
    "key" : "collectionUri",
    "value" : "book-of-mormon-videos",
    "language" : "eng"
  }, {
    "key" : "publicTitle",
    "value" : "Book of Mormon Videos",
    "language" : "eng"
  } ],
  "children" : [ {
    "path" : "Mobile Media Library/English - Video/Scriptural Reenactments and Teachings/Book of Mormon Videos/1 Nephi 1–2",
    "collectionID" : "bd7a6ede5a1a4bbbba5b7c60aa8e62f8",
    "type" : "DEFAULT",
    "lastUpdatedDate" : "2024-08-22T14:54:05.530-06:00",
    "links" : [ {
      "rel" : "details",
      "href" : "https://titanapi.churchofjesuschrist.org/assetsearch/api/v2/collection/details/collectionID/bd7a6ede5a1a4bbbba5b7c60aa8e62f8"
    } ],
    "fileName" : "bd7a6ede5a1a4bbbba5b7c60aa8e62f8.json"
  }, {
    "path" : "Mobile Media Library/English - Video/Scriptural Reenactments and Teachings/Book of Mormon Videos/1 Nephi 3–5",
    "collectionID" : "163989513185457bb2b6c307f1f77987",
    "type" : "DEFAULT",
    "lastUpdatedDate" : "2023-09-11T17:23:47.740-06:00",
    "links" : [ {
      "rel" : "details",
      "href" : "https://titanapi.churchofjesuschrist.org/assetsearch/api/v2/collection/details/collectionID/163989513185457bb2b6c307f1f77987"
    } ],
    "fileName" : "163989513185457bb2b6c307f1f77987.json"
  }, {
    "path" : "Mobile Media Library/English - Video/Scriptural Reenactments and Teachings/Book of Mormon Videos/1 Nephi 7",
    "collectionID" : "223fb00710c74bbdb102d77d842cc15d",
    "type" : "DEFAULT",
    "lastUpdatedDate" : "2023-09-11T11:51:28.563-06:00",
    "links" : [ {
      "rel" : "details",
      "href" : "https://titanapi.churchofjesuschrist.org/assetsearch/api/v2/collection/details/collectionID/223fb00710c74bbdb102d77d842cc15d"
    } ],
    "fileName" : "223fb00710c74bbdb102d77d842cc15d.json"
  }, {
    "path" : "Mobile Media Library/English - Video/Scriptural Reenactments and Teachings/Book of Mormon Videos/1 Nephi 8",
    "collectionID" : "fd6f70cd7c4b4ed7a077a7e5697aa076",
    "type" : "DEFAULT",
    "lastUpdatedDate" : "2023-09-11T15:51:25.322-06:00",
    "links" : [ {
      "rel" : "details",
      "href" : "https://titanapi.churchofjesuschrist.org/assetsearch/api/v2/collection/details/collectionID/fd6f70cd7c4b4ed7a077a7e5697aa076"
    } ],
    "fileName" : "fd6f70cd7c4b4ed7a077a7e5697aa076.json"
  }, {
    "path" : "Mobile Media Library/English - Video/Scriptural Reenactments and Teachings/Book of Mormon Videos/1 Nephi 16",
    "collectionID" : "d9855bef20d548df8c39c137b5d76405",
    "type" : "DEFAULT",
    "lastUpdatedDate" : "2023-05-18T13:53:34.838-06:00",
    "links" : [ {
      "rel" : "details",
      "href" : "https://titanapi.churchofjesuschrist.org/assetsearch/api/v2/collection/details/collectionID/d9855bef20d548df8c39c137b5d76405"
    } ],
    "fileName" : "d9855bef20d548df8c39c137b5d76405.json"
  }, {
    "path" : "Mobile Media Library/English - Video/Scriptural Reenactments and Teachings/Book of Mormon Videos/1 Nephi 17–18",
    "collectionID" : "518d378871954672a6d540a33ba880c8",
    "type" : "DEFAULT",
    "lastUpdatedDate" : "2023-09-11T15:52:19.905-06:00",
    "links" : [ {
      "rel" : "details",
      "href" : "https://titanapi.churchofjesuschrist.org/assetsearch/api/v2/collection/details/collectionID/518d378871954672a6d540a33ba880c8"
    } ],
    "fileName" : "518d378871954672a6d540a33ba880c8.json"
  }, {
    "path" : "Mobile Media Library/English - Video/Scriptural Reenactments and Teachings/Book of Mormon Videos/1 Nephi 18",
    "collectionID" : "0b6a7f04e7d84461b22c0fe346995da7",
    "type" : "DEFAULT",
    "lastUpdatedDate" : "2023-09-11T15:53:13.194-06:00",
    "links" : [ {
      "rel" : "details",
      "href" : "https://titanapi.churchofjesuschrist.org/assetsearch/api/v2/collection/details/collectionID/0b6a7f04e7d84461b22c0fe346995da7"
    } ],
    "fileName" : "0b6a7f04e7d84461b22c0fe346995da7.json"
  }, {
    "path" : "Mobile Media Library/English - Video/Scriptural Reenactments and Teachings/Book of Mormon Videos/2 Nephi 1-4",
    "collectionID" : "70106b24c2c94f7f93e85264295f1166",
    "type" : "DEFAULT",
    "lastUpdatedDate" : "2023-09-11T15:54:13.141-06:00",
    "links" : [ {
      "rel" : "details",
      "href" : "https://titanapi.churchofjesuschrist.org/assetsearch/api/v2/collection/details/collectionID/70106b24c2c94f7f93e85264295f1166"
    } ],
    "fileName" : "70106b24c2c94f7f93e85264295f1166.json"
  }, {
    "path" : "Mobile Media Library/English - Video/Scriptural Reenactments and Teachings/Book of Mormon Videos/2 Nephi 5",
    "collectionID" : "f0890fdb119d4590a44b62ed1fc88f74",
    "type" : "DEFAULT",
    "lastUpdatedDate" : "2023-09-11T15:54:32.255-06:00",
    "links" : [ {
      "rel" : "details",
      "href" : "https://titanapi.churchofjesuschrist.org/assetsearch/api/v2/collection/details/collectionID/f0890fdb119d4590a44b62ed1fc88f74"
    } ],
    "fileName" : "f0890fdb119d4590a44b62ed1fc88f74.json"
  }, {
    "path" : "Mobile Media Library/English - Video/Scriptural Reenactments and Teachings/Book of Mormon Videos/2 Nephi 6–10",
    "collectionID" : "9d27ba4514824ed48a7cb8df22caad0e",
    "type" : "DEFAULT",
    "lastUpdatedDate" : "2023-09-11T15:54:54.917-06:00",
    "links" : [ {
      "rel" : "details",
      "href" : "https://titanapi.churchofjesuschrist.org/assetsearch/api/v2/collection/details/collectionID/9d27ba4514824ed48a7cb8df22caad0e"
    } ],
    "fileName" : "9d27ba4514824ed48a7cb8df22caad0e.json"
  }, {
    "path" : "Mobile Media Library/English - Video/Scriptural Reenactments and Teachings/Book of Mormon Videos/2 Nephi 31–32",
    "collectionID" : "2295ec0a7df34e1eadc2083504286955",
    "type" : "DEFAULT",
    "lastUpdatedDate" : "2022-09-07T09:58:53.663-06:00",
    "links" : [ {
      "rel" : "details",
      "href" : "https://titanapi.churchofjesuschrist.org/assetsearch/api/v2/collection/details/collectionID/2295ec0a7df34e1eadc2083504286955"
    } ],
    "fileName" : "2295ec0a7df34e1eadc2083504286955.json"
  }, {
    "path" : "Mobile Media Library/English - Video/Scriptural Reenactments and Teachings/Book of Mormon Videos/2 Nephi 33",
    "collectionID" : "540b96debe6e4027aa23ba2ea0be52de",
    "type" : "DEFAULT",
    "lastUpdatedDate" : "2022-09-07T09:59:18.060-06:00",
    "links" : [ {
      "rel" : "details",
      "href" : "https://titanapi.churchofjesuschrist.org/assetsearch/api/v2/collection/details/collectionID/540b96debe6e4027aa23ba2ea0be52de"
    } ],
    "fileName" : "540b96debe6e4027aa23ba2ea0be52de.json"
  }, {
    "path" : "Mobile Media Library/English - Video/Scriptural Reenactments and Teachings/Book of Mormon Videos/Jacob 2–3",
    "collectionID" : "81e780bbcc5b4993b0e8ada34f44dae6",
    "type" : "DEFAULT",
    "lastUpdatedDate" : "2023-09-11T15:55:27.709-06:00",
    "links" : [ {
      "rel" : "details",
      "href" : "https://titanapi.churchofjesuschrist.org/assetsearch/api/v2/collection/details/collectionID/81e780bbcc5b4993b0e8ada34f44dae6"
    } ],
    "fileName" : "81e780bbcc5b4993b0e8ada34f44dae6.json"
  }, {
    "path" : "Mobile Media Library/English - Video/Scriptural Reenactments and Teachings/Book of Mormon Videos/Jacob 7",
    "collectionID" : "be1591924c374b0380dbdc9baa1078e1",
    "type" : "DEFAULT",
    "lastUpdatedDate" : "2023-12-15T15:49:24.788-07:00",
    "links" : [ {
      "rel" : "details",
      "href" : "https://titanapi.churchofjesuschrist.org/assetsearch/api/v2/collection/details/collectionID/be1591924c374b0380dbdc9baa1078e1"
    } ],
    "fileName" : "be1591924c374b0380dbdc9baa1078e1.json"
  }, {
    "path" : "Mobile Media Library/English - Video/Scriptural Reenactments and Teachings/Book of Mormon Videos/Enos 1",
    "collectionID" : "96f9edb337dc43cb900324b61815e3a4",
    "type" : "DEFAULT",
    "lastUpdatedDate" : "2023-12-15T15:49:11.304-07:00",
    "links" : [ {
      "rel" : "details",
      "href" : "https://titanapi.churchofjesuschrist.org/assetsearch/api/v2/collection/details/collectionID/96f9edb337dc43cb900324b61815e3a4"
    } ],
    "fileName" : "96f9edb337dc43cb900324b61815e3a4.json"
  }, {
    "path" : "Mobile Media Library/English - Video/Scriptural Reenactments and Teachings/Book of Mormon Videos/Mosiah 1–5",
    "collectionID" : "ad4bf125d9f74b738d106072a4f1d097",
    "type" : "DEFAULT",
    "lastUpdatedDate" : "2023-12-15T15:48:59.674-07:00",
    "links" : [ {
      "rel" : "details",
      "href" : "https://titanapi.churchofjesuschrist.org/assetsearch/api/v2/collection/details/collectionID/ad4bf125d9f74b738d106072a4f1d097"
    } ],
    "fileName" : "ad4bf125d9f74b738d106072a4f1d097.json"
  }, {
    "path" : "Mobile Media Library/English - Video/Scriptural Reenactments and Teachings/Book of Mormon Videos/Mosiah 11–18",
    "collectionID" : "b20eb0616f094535bc5658f6f044b58b",
    "type" : "DEFAULT",
    "lastUpdatedDate" : "2023-12-15T15:48:35.402-07:00",
    "links" : [ {
      "rel" : "details",
      "href" : "https://titanapi.churchofjesuschrist.org/assetsearch/api/v2/collection/details/collectionID/b20eb0616f094535bc5658f6f044b58b"
    } ],
    "fileName" : "b20eb0616f094535bc5658f6f044b58b.json"
  }, {
    "path" : "Mobile Media Library/English - Video/Scriptural Reenactments and Teachings/Book of Mormon Videos/Mosiah 27; Alma 36",
    "collectionID" : "18502e71b1f942a387fcee5173176edc",
    "type" : "DEFAULT",
    "lastUpdatedDate" : "2023-09-11T17:24:34.896-06:00",
    "links" : [ {
      "rel" : "details",
      "href" : "https://titanapi.churchofjesuschrist.org/assetsearch/api/v2/collection/details/collectionID/18502e71b1f942a387fcee5173176edc"
    } ],
    "fileName" : "18502e71b1f942a387fcee5173176edc.json"
  }, {
    "path" : "Mobile Media Library/English - Video/Scriptural Reenactments and Teachings/Book of Mormon Videos/Alma 4–7",
    "collectionID" : "4385aff850274d49b8bf5f0d2ae12b17",
    "type" : "DEFAULT",
    "lastUpdatedDate" : "2023-09-11T17:06:48.426-06:00",
    "links" : [ {
      "rel" : "details",
      "href" : "https://titanapi.churchofjesuschrist.org/assetsearch/api/v2/collection/details/collectionID/4385aff850274d49b8bf5f0d2ae12b17"
    } ],
    "fileName" : "4385aff850274d49b8bf5f0d2ae12b17.json"
  }, {
    "path" : "Mobile Media Library/English - Video/Scriptural Reenactments and Teachings/Book of Mormon Videos/Alma 8–15",
    "collectionID" : "2f74d1c734cd4a33ba85ab00c151245c",
    "type" : "DEFAULT",
    "lastUpdatedDate" : "2023-09-11T17:24:53.999-06:00",
    "links" : [ {
      "rel" : "details",
      "href" : "https://titanapi.churchofjesuschrist.org/assetsearch/api/v2/collection/details/collectionID/2f74d1c734cd4a33ba85ab00c151245c"
    } ],
    "fileName" : "2f74d1c734cd4a33ba85ab00c151245c.json"
  }, {
    "path" : "Mobile Media Library/English - Video/Scriptural Reenactments and Teachings/Book of Mormon Videos/Alma 17–19",
    "collectionID" : "81c1218d11a240af9bcb8641b1cc317e",
    "type" : "DEFAULT",
    "lastUpdatedDate" : "2023-09-11T17:25:12.619-06:00",
    "links" : [ {
      "rel" : "details",
      "href" : "https://titanapi.churchofjesuschrist.org/assetsearch/api/v2/collection/details/collectionID/81c1218d11a240af9bcb8641b1cc317e"
    } ],
    "fileName" : "81c1218d11a240af9bcb8641b1cc317e.json"
  }, {
    "path" : "Mobile Media Library/English - Video/Scriptural Reenactments and Teachings/Book of Mormon Videos/Alma 31–34",
    "collectionID" : "7a077b08209a4d2d9582926533bbd499",
    "type" : "DEFAULT",
    "lastUpdatedDate" : "2023-09-11T17:25:49.621-06:00",
    "links" : [ {
      "rel" : "details",
      "href" : "https://titanapi.churchofjesuschrist.org/assetsearch/api/v2/collection/details/collectionID/7a077b08209a4d2d9582926533bbd499"
    } ],
    "fileName" : "7a077b08209a4d2d9582926533bbd499.json"
  }, {
    "path" : "Mobile Media Library/English - Video/Scriptural Reenactments and Teachings/Book of Mormon Videos/Alma 36–42",
    "collectionID" : "fee91d40b81c4806906ad2d5dfa36123",
    "type" : "DEFAULT",
    "lastUpdatedDate" : "2023-09-11T17:26:13.983-06:00",
    "links" : [ {
      "rel" : "details",
      "href" : "https://titanapi.churchofjesuschrist.org/assetsearch/api/v2/collection/details/collectionID/fee91d40b81c4806906ad2d5dfa36123"
    } ],
    "fileName" : "fee91d40b81c4806906ad2d5dfa36123.json"
  }, {
    "path" : "Mobile Media Library/English - Video/Scriptural Reenactments and Teachings/Book of Mormon Videos/Mormon 8–9; Moroni 1, 10; Title Page",
    "collectionID" : "a77636c57d344eb0a71ca148f1e81368",
    "type" : "DEFAULT",
    "lastUpdatedDate" : "2023-09-11T17:26:56.625-06:00",
    "links" : [ {
      "rel" : "details",
      "href" : "https://titanapi.churchofjesuschrist.org/assetsearch/api/v2/collection/details/collectionID/a77636c57d344eb0a71ca148f1e81368"
    } ],
    "fileName" : "a77636c57d344eb0a71ca148f1e81368.json"
  }, {
    "path" : "Mobile Media Library/English - Video/Scriptural Reenactments and Teachings/Book of Mormon Videos/Additional Videos",
    "collectionID" : "d501c3f9ab764b01bd9d4c45ab77cf23",
    "type" : "DEFAULT",
    "lastUpdatedDate" : "2022-09-07T10:05:22.634-06:00",
    "links" : [ {
      "rel" : "details",
      "href" : "https://titanapi.churchofjesuschrist.org/assetsearch/api/v2/collection/details/collectionID/d501c3f9ab764b01bd9d4c45ab77cf23"
    } ],
    "fileName" : "d501c3f9ab764b01bd9d4c45ab77cf23.json"
  }, {
    "path" : "Mobile Media Library/English - Video/Scriptural Reenactments and Teachings/Book of Mormon Videos/3 Nephi 8-11",
    "collectionID" : "0a94f6d59b2a4b26bb75200efe8c7a32",
    "type" : "DEFAULT",
    "lastUpdatedDate" : "2023-12-15T15:56:53.851-07:00",
    "links" : [ {
      "rel" : "details",
      "href" : "https://titanapi.churchofjesuschrist.org/assetsearch/api/v2/collection/details/collectionID/0a94f6d59b2a4b26bb75200efe8c7a32"
    } ],
    "fileName" : "0a94f6d59b2a4b26bb75200efe8c7a32.json"
  }, {
    "path" : "Mobile Media Library/English - Video/Scriptural Reenactments and Teachings/Book of Mormon Videos/3 Nephi 11-12",
    "collectionID" : "9f1bc7a048ac4322ae1346f80d41404a",
    "type" : "DEFAULT",
    "lastUpdatedDate" : "2023-08-24T09:41:40.247-06:00",
    "links" : [ {
      "rel" : "details",
      "href" : "https://titanapi.churchofjesuschrist.org/assetsearch/api/v2/collection/details/collectionID/9f1bc7a048ac4322ae1346f80d41404a"
    } ],
    "fileName" : "9f1bc7a048ac4322ae1346f80d41404a.json"
  }, {
    "path" : "Mobile Media Library/English - Video/Scriptural Reenactments and Teachings/Book of Mormon Videos/3 Nephi 12-14",
    "collectionID" : "8affede60718417181a366ea80cc7517",
    "type" : "DEFAULT",
    "lastUpdatedDate" : "2023-12-15T15:59:39.860-07:00",
    "links" : [ {
      "rel" : "details",
      "href" : "https://titanapi.churchofjesuschrist.org/assetsearch/api/v2/collection/details/collectionID/8affede60718417181a366ea80cc7517"
    } ],
    "fileName" : "8affede60718417181a366ea80cc7517.json"
  }, {
    "path" : "Mobile Media Library/English - Video/Scriptural Reenactments and Teachings/Book of Mormon Videos/3 Nephi 15-16",
    "collectionID" : "94a08949e2b14c118524a12e5ef0f029",
    "type" : "DEFAULT",
    "lastUpdatedDate" : "2023-08-24T09:41:55.303-06:00",
    "links" : [ {
      "rel" : "details",
      "href" : "https://titanapi.churchofjesuschrist.org/assetsearch/api/v2/collection/details/collectionID/94a08949e2b14c118524a12e5ef0f029"
    } ],
    "fileName" : "94a08949e2b14c118524a12e5ef0f029.json"
  }, {
    "path" : "Mobile Media Library/English - Video/Scriptural Reenactments and Teachings/Book of Mormon Videos/3 Nephi 17",
    "collectionID" : "562c65a6c3e44272bc4f972fe3344f81",
    "type" : "DEFAULT",
    "lastUpdatedDate" : "2023-12-15T16:03:17.781-07:00",
    "links" : [ {
      "rel" : "details",
      "href" : "https://titanapi.churchofjesuschrist.org/assetsearch/api/v2/collection/details/collectionID/562c65a6c3e44272bc4f972fe3344f81"
    } ],
    "fileName" : "562c65a6c3e44272bc4f972fe3344f81.json"
  }, {
    "path" : "Mobile Media Library/English - Video/Scriptural Reenactments and Teachings/Book of Mormon Videos/3 Nephi 18",
    "collectionID" : "b0b3e057970f480384b940a10d75682b",
    "type" : "DEFAULT",
    "lastUpdatedDate" : "2023-12-15T16:03:46.972-07:00",
    "links" : [ {
      "rel" : "details",
      "href" : "https://titanapi.churchofjesuschrist.org/assetsearch/api/v2/collection/details/collectionID/b0b3e057970f480384b940a10d75682b"
    } ],
    "fileName" : "b0b3e057970f480384b940a10d75682b.json"
  }, {
    "path" : "Mobile Media Library/English - Video/Scriptural Reenactments and Teachings/Book of Mormon Videos/3 Nephi 19",
    "collectionID" : "8b857443986c4f7dbe6377b1aebe1d14",
    "type" : "DEFAULT",
    "lastUpdatedDate" : "2023-12-15T16:05:58.747-07:00",
    "links" : [ {
      "rel" : "details",
      "href" : "https://titanapi.churchofjesuschrist.org/assetsearch/api/v2/collection/details/collectionID/8b857443986c4f7dbe6377b1aebe1d14"
    } ],
    "fileName" : "8b857443986c4f7dbe6377b1aebe1d14.json"
  }, {
    "path" : "Mobile Media Library/English - Video/Scriptural Reenactments and Teachings/Book of Mormon Videos/3 Nephi 20-23",
    "collectionID" : "9bea61a394f14436ab093b248ef4bbf6",
    "type" : "DEFAULT",
    "lastUpdatedDate" : "2023-08-24T09:44:08.013-06:00",
    "links" : [ {
      "rel" : "details",
      "href" : "https://titanapi.churchofjesuschrist.org/assetsearch/api/v2/collection/details/collectionID/9bea61a394f14436ab093b248ef4bbf6"
    } ],
    "fileName" : "9bea61a394f14436ab093b248ef4bbf6.json"
  }, {
    "path" : "Mobile Media Library/English - Video/Scriptural Reenactments and Teachings/Book of Mormon Videos/3 Nephi 27",
    "collectionID" : "1c3fb2450a77468bb001018b1f5e5715",
    "type" : "DEFAULT",
    "lastUpdatedDate" : "2023-12-15T16:07:52.250-07:00",
    "links" : [ {
      "rel" : "details",
      "href" : "https://titanapi.churchofjesuschrist.org/assetsearch/api/v2/collection/details/collectionID/1c3fb2450a77468bb001018b1f5e5715"
    } ],
    "fileName" : "1c3fb2450a77468bb001018b1f5e5715.json"
  }, {
    "path" : "Mobile Media Library/English - Video/Scriptural Reenactments and Teachings/Book of Mormon Videos/1 Nephi 10–15",
    "collectionID" : "508cadb5d85c4e199bf03bb43a31a047",
    "type" : "DEFAULT",
    "lastUpdatedDate" : "2024-01-17T17:31:31.566-07:00",
    "links" : [ {
      "rel" : "details",
      "href" : "https://titanapi.churchofjesuschrist.org/assetsearch/api/v2/collection/details/collectionID/508cadb5d85c4e199bf03bb43a31a047"
    } ],
    "fileName" : "508cadb5d85c4e199bf03bb43a31a047.json"
  }, {
    "path" : "Mobile Media Library/English - Video/Scriptural Reenactments and Teachings/Book of Mormon Videos/Book of Mormon Video Soundtracks",
    "collectionID" : "eafdd7c586994eb78c206a5671770b4f",
    "type" : "DEFAULT",
    "lastUpdatedDate" : "2025-01-08T18:30:36.234-07:00",
    "links" : [ {
      "rel" : "details",
      "href" : "https://titanapi.churchofjesuschrist.org/assetsearch/api/v2/collection/details/collectionID/eafdd7c586994eb78c206a5671770b4f"
    } ],
    "fileName" : "eafdd7c586994eb78c206a5671770b4f.json"
  }, {
    "path" : "Mobile Media Library/English - Video/Scriptural Reenactments and Teachings/Book of Mormon Videos/1 Nephi Full Length Version",
    "collectionID" : "b949313d49ca4a68a4fc6ea6c999fbce",
    "type" : "DEFAULT",
    "lastUpdatedDate" : "2024-02-13T15:32:23.582-07:00",
    "links" : [ {
      "rel" : "details",
      "href" : "https://titanapi.churchofjesuschrist.org/assetsearch/api/v2/collection/details/collectionID/b949313d49ca4a68a4fc6ea6c999fbce"
    } ],
    "fileName" : "b949313d49ca4a68a4fc6ea6c999fbce.json"
  }, {
    "path" : "Mobile Media Library/English - Video/Scriptural Reenactments and Teachings/Book of Mormon Videos/3 Nephi Full Length Version",
    "collectionID" : "42d44f6816c34ba1b8c5fe3c306c6de7",
    "type" : "DEFAULT",
    "lastUpdatedDate" : "2024-02-13T15:31:58.230-07:00",
    "links" : [ {
      "rel" : "details",
      "href" : "https://titanapi.churchofjesuschrist.org/assetsearch/api/v2/collection/details/collectionID/42d44f6816c34ba1b8c5fe3c306c6de7"
    } ],
    "fileName" : "42d44f6816c34ba1b8c5fe3c306c6de7.json"
  }, {
    "path" : "Mobile Media Library/English - Video/Scriptural Reenactments and Teachings/Book of Mormon Videos/Jacob 5",
    "collectionID" : "636361d7a6094829a6ad0af5ee3125ee",
    "type" : "DEFAULT",
    "lastUpdatedDate" : "2024-07-08T09:49:46.852-06:00",
    "links" : [ {
      "rel" : "details",
      "href" : "https://titanapi.churchofjesuschrist.org/assetsearch/api/v2/collection/details/collectionID/636361d7a6094829a6ad0af5ee3125ee"
    } ],
    "fileName" : "636361d7a6094829a6ad0af5ee3125ee.json"
  }, {
    "path" : "Mobile Media Library/English - Video/Scriptural Reenactments and Teachings/Book of Mormon Videos/2 Nephi–Enos Full Length Version",
    "collectionID" : "71478924d77a45df9b1e2de0524f06e5",
    "type" : "DEFAULT",
    "lastUpdatedDate" : "2024-03-27T19:08:28.317-06:00",
    "links" : [ {
      "rel" : "details",
      "href" : "https://titanapi.churchofjesuschrist.org/assetsearch/api/v2/collection/details/collectionID/71478924d77a45df9b1e2de0524f06e5"
    } ],
    "fileName" : "71478924d77a45df9b1e2de0524f06e5.json"
  }, {
    "path" : "Mobile Media Library/English - Video/Scriptural Reenactments and Teachings/Book of Mormon Videos/Mosiah–Alma Full Length Version",
    "collectionID" : "f908bdf02d03494cb4ac15c079f4ccec",
    "type" : "DEFAULT",
    "lastUpdatedDate" : "2024-03-27T19:09:03.632-06:00",
    "links" : [ {
      "rel" : "details",
      "href" : "https://titanapi.churchofjesuschrist.org/assetsearch/api/v2/collection/details/collectionID/f908bdf02d03494cb4ac15c079f4ccec"
    } ],
    "fileName" : "f908bdf02d03494cb4ac15c079f4ccec.json"
  }, {
    "path" : "Mobile Media Library/English - Video/Scriptural Reenactments and Teachings/Book of Mormon Videos/Mosiah 21–24",
    "collectionID" : "a6541de6373c4db194a25d4a51043219",
    "type" : "DEFAULT",
    "lastUpdatedDate" : "2024-08-16T16:38:21.977-06:00",
    "links" : [ {
      "rel" : "details",
      "href" : "https://titanapi.churchofjesuschrist.org/assetsearch/api/v2/collection/details/collectionID/a6541de6373c4db194a25d4a51043219"
    } ],
    "fileName" : "a6541de6373c4db194a25d4a51043219.json"
  }, {
    "path" : "Mobile Media Library/English - Video/Scriptural Reenactments and Teachings/Book of Mormon Videos/Alma 46",
    "collectionID" : "c7f3f1162c414a7cb5c6d92cac627736",
    "type" : "DEFAULT",
    "lastUpdatedDate" : "2024-08-22T14:55:53.425-06:00",
    "links" : [ {
      "rel" : "details",
      "href" : "https://titanapi.churchofjesuschrist.org/assetsearch/api/v2/collection/details/collectionID/c7f3f1162c414a7cb5c6d92cac627736"
    } ],
    "fileName" : "c7f3f1162c414a7cb5c6d92cac627736.json"
  }, {
    "path" : "Mobile Media Library/English - Video/Scriptural Reenactments and Teachings/Book of Mormon Videos/Alma 53-58",
    "collectionID" : "36c5625f2ef44ae799524a86ae85c85a",
    "type" : "DEFAULT",
    "lastUpdatedDate" : "2024-08-22T15:00:05.826-06:00",
    "links" : [ {
      "rel" : "details",
      "href" : "https://titanapi.churchofjesuschrist.org/assetsearch/api/v2/collection/details/collectionID/36c5625f2ef44ae799524a86ae85c85a"
    } ],
    "fileName" : "36c5625f2ef44ae799524a86ae85c85a.json"
  }, {
    "path" : "Mobile Media Library/English - Video/Scriptural Reenactments and Teachings/Book of Mormon Videos/Alma 23–27",
    "collectionID" : "2183a2cc2fbf4ec88c5c95896627f926",
    "type" : "DEFAULT",
    "lastUpdatedDate" : "2024-08-14T10:43:18.506-06:00",
    "links" : [ {
      "rel" : "details",
      "href" : "https://titanapi.churchofjesuschrist.org/assetsearch/api/v2/collection/details/collectionID/2183a2cc2fbf4ec88c5c95896627f926"
    } ],
    "fileName" : "2183a2cc2fbf4ec88c5c95896627f926.json"
  }, {
    "path" : "Mobile Media Library/English - Video/Scriptural Reenactments and Teachings/Book of Mormon Videos/Helaman 5",
    "collectionID" : "7d51ea97d98646e7b054ab92f65f1d4c",
    "type" : "DEFAULT",
    "lastUpdatedDate" : "2024-08-28T11:04:34.397-06:00",
    "links" : [ {
      "rel" : "details",
      "href" : "https://titanapi.churchofjesuschrist.org/assetsearch/api/v2/collection/details/collectionID/7d51ea97d98646e7b054ab92f65f1d4c"
    } ],
    "fileName" : "7d51ea97d98646e7b054ab92f65f1d4c.json"
  }, {
    "path" : "Mobile Media Library/English - Video/Scriptural Reenactments and Teachings/Book of Mormon Videos/Helaman 13-16; 3 Nephi 1",
    "collectionID" : "29a1a5fe6dc24e48a7efb775487ae657",
    "type" : "DEFAULT",
    "lastUpdatedDate" : "2024-08-28T11:04:52.784-06:00",
    "links" : [ {
      "rel" : "details",
      "href" : "https://titanapi.churchofjesuschrist.org/assetsearch/api/v2/collection/details/collectionID/29a1a5fe6dc24e48a7efb775487ae657"
    } ],
    "fileName" : "29a1a5fe6dc24e48a7efb775487ae657.json"
  }, {
    "path" : "Mobile Media Library/English - Video/Scriptural Reenactments and Teachings/Book of Mormon Videos/3 Nephi 1",
    "collectionID" : "88b86fb6e0b44cbeb931e90568b40975",
    "type" : "DEFAULT",
    "lastUpdatedDate" : "2024-08-20T14:47:00.581-06:00",
    "links" : [ {
      "rel" : "details",
      "href" : "https://titanapi.churchofjesuschrist.org/assetsearch/api/v2/collection/details/collectionID/88b86fb6e0b44cbeb931e90568b40975"
    } ],
    "fileName" : "88b86fb6e0b44cbeb931e90568b40975.json"
  }, {
    "path" : "Mobile Media Library/English - Video/Scriptural Reenactments and Teachings/Book of Mormon Videos/Mormon 1-7",
    "collectionID" : "e5c40388c135400c8eff4159e853db63",
    "type" : "DEFAULT",
    "lastUpdatedDate" : "2024-11-25T14:44:37.382-07:00",
    "links" : [ {
      "rel" : "details",
      "href" : "https://titanapi.churchofjesuschrist.org/assetsearch/api/v2/collection/details/collectionID/e5c40388c135400c8eff4159e853db63"
    } ],
    "fileName" : "e5c40388c135400c8eff4159e853db63.json"
  }, {
    "path" : "Mobile Media Library/English - Video/Scriptural Reenactments and Teachings/Book of Mormon Videos/Ether 1-6, 12-13",
    "collectionID" : "918e0b4ea09546e3a8a65372e97f0d2e",
    "type" : "DEFAULT",
    "lastUpdatedDate" : "2024-11-25T14:44:51.975-07:00",
    "links" : [ {
      "rel" : "details",
      "href" : "https://titanapi.churchofjesuschrist.org/assetsearch/api/v2/collection/details/collectionID/918e0b4ea09546e3a8a65372e97f0d2e"
    } ],
    "fileName" : "918e0b4ea09546e3a8a65372e97f0d2e.json"
  }, {
    "path" : "Mobile Media Library/English - Video/Scriptural Reenactments and Teachings/Book of Mormon Videos/Moroni 7",
    "collectionID" : "cea09aab4eb04b80a44610121ff307ce",
    "type" : "DEFAULT",
    "lastUpdatedDate" : "2024-11-19T09:30:44.007-07:00",
    "links" : [ {
      "rel" : "details",
      "href" : "https://titanapi.churchofjesuschrist.org/assetsearch/api/v2/collection/details/collectionID/cea09aab4eb04b80a44610121ff307ce"
    } ],
    "fileName" : "cea09aab4eb04b80a44610121ff307ce.json"
  }, {
    "path" : "Mobile Media Library/English - Video/Scriptural Reenactments and Teachings/Book of Mormon Videos/Moroni 8",
    "collectionID" : "120b5406e7f744c39f0b0226f6d1c3ac",
    "type" : "DEFAULT",
    "lastUpdatedDate" : "2024-11-19T09:29:23.231-07:00",
    "links" : [ {
      "rel" : "details",
      "href" : "https://titanapi.churchofjesuschrist.org/assetsearch/api/v2/collection/details/collectionID/120b5406e7f744c39f0b0226f6d1c3ac"
    } ],
    "fileName" : "120b5406e7f744c39f0b0226f6d1c3ac.json"
  } ],
  "assets" : [ ],
  "fileName" : "b91d19b3a88f45129e9ec20d8c175bfa.json",
  "name" : "Book of Mormon Videos",
  "english" : true,
  "publicTitle" : "Book of Mormon Videos",
  "description" : "Significant portions of the Book of Mormon and its prophets, main characters, and general narrative are dramatized, depicted, and abridged for children and adults.",
  "collectionUri" : "book-of-mormon-videos"
}