{
  "parentCollectionID" : "91cafd98ca0d872578a3f377a9cbe4c98f0baf34",
  "parentCollectionPath" : "Mobile Media Library/English - Video/Teaching and Lessons/Seminary and Institute/Online Seminary/Book of Mormon Online Seminary Reference",
  "collectionType" : "assets",
  "path" : "Mobile Media Library/English - Video/Teaching and Lessons/Seminary and Institute/Online Seminary/Book of Mormon Online Seminary Reference/Unit 0(BOM)",
  "collectionID" : "b9ff4f1b6af677f5d7a3386385d4d6251ddb7f83",
  "language" : "eng",
  "type" : "DEFAULT",
  "lastUpdatedDate" : "2019-10-28T16:40:50.643-06:00",
  "links" : [ {
    "rel" : "details",
    "href" : "https://titanapi.churchofjesuschrist.org/assetsearch/api/v2/collection/details/collectionID/b9ff4f1b6af677f5d7a3386385d4d6251ddb7f83"
  } ],
  "coverImages" : [ {
    "asset" : {
      "assetID" : "2ed62c2075728db7939bc770fe406c127c89892e"
    }
  } ],
  "related" : [ ],
  "metadata" : [ {
    "key" : "collectionUri",
    "value" : "unit-0bom",
    "language" : "eng"
  }, {
    "key" : "publicTitle",
    "value" : "Unit 0(BOM)",
    "language" : "eng"
  } ],
  "children" : [ ],
  "assets" : [ {
    "asset" : {
      "assetID" : "38b08040ab9c0a05d498e9ceaabe9c0508554cd6"
    },
    "addedDate" : 1485444711077,
    "metadata" : [ ]
  }, {
    "asset" : {
      "assetID" : "192340b5e581678d5f4d66796620db219b4dfef1"
    },
    "addedDate" : 1485444966056,
    "metadata" : [ ]
  }, {
    "asset" : {
      "assetID" : "a741ed7ab3219205dcbd6f6a69fced0e93b25214"
    },
    "addedDate" : 1485444852064,
    "metadata" : [ ]
  }, {
    "asset" : {
      "assetID" : "7feb92417f85da19e9d4dfffc451bcbe23d08595"
    },
    "addedDate" : 1485444945066,
    "metadata" : [ ]
  }, {
    "asset" : {
      "assetID" : "999a0393211344ccb70eb91815039ee8296f81b0"
    },
    "addedDate" : 1485444900026,
    "metadata" : [ ]
  }, {
    "asset" : {
      "assetID" : "96882c060e0c2726557c2961ac7efdcbc1cd3bd7"
    },
    "addedDate" : 1485444729096,
    "metadata" : [ ]
  }, {
    "asset" : {
      "assetID" : "7f8d562cbf9efba30ac203b8e73318d7100220a0"
    },
    "addedDate" : 1485444832058,
    "metadata" : [ ]
  }, {
    "asset" : {
      "assetID" : "a229f9390e9d40325daa7d7495ae451441478749"
    },
    "addedDate" : 1485444927013,
    "metadata" : [ ]
  }, {
    "asset" : {
      "assetID" : "5b8c97436c03650c166e155b294965053e78cf3b"
    },
    "addedDate" : 1485444671053,
    "metadata" : [ ]
  }, {
    "asset" : {
      "assetID" : "0e98c095d4ce1f5793388544a326f8fa003ec9c5"
    },
    "addedDate" : 1485444782092,
    "metadata" : [ ]
  }, {
    "asset" : {
      "assetID" : "b30dad466555dc5d7143a9405b5c3611da68f47b"
    },
    "addedDate" : 1485444815086,
    "metadata" : [ ]
  }, {
    "asset" : {
      "assetID" : "28ff93379fa50aff1b318173276befe9fe09d8da"
    },
    "addedDate" : 1485444752032,
    "metadata" : [ ]
  }, {
    "asset" : {
      "assetID" : "9d7ebe5e86071bb5753da07b66509f49358f8c0d"
    },
    "addedDate" : 1485444878000,
    "metadata" : [ ]
  }, {
    "asset" : {
      "assetID" : "64c611c62ab3bd196535abbf2ac64a684f17c01d"
    },
    "addedDate" : 1485444774097,
    "metadata" : [ ]
  }, {
    "asset" : {
      "assetID" : "982c2db9805ca5cc58e03f5875db2a31f2ffa912"
    },
    "addedDate" : 1485444800012,
    "metadata" : [ ]
  }, {
    "asset" : {
      "assetID" : "d9e689e5f4c7ca922cc934595797c912d620c325"
    },
    "addedDate" : 1485444637034,
    "metadata" : [ ]
  }, {
    "asset" : {
      "assetID" : "6703f5861ff18611e67c76bf4259b9dc899f0224"
    },
    "addedDate" : 1632956846690,
    "metadata" : [ ]
  } ],
  "fileName" : "b9ff4f1b6af677f5d7a3386385d4d6251ddb7f83.json",
  "name" : "Unit 0(BOM)",
  "english" : true,
  "publicTitle" : "Unit 0(BOM)",
  "collectionUri" : "unit-0bom"
}