{
  "parentCollectionID" : "4da6a5e612768eada390a3e0f6c0e386a015447a",
  "parentCollectionPath" : "Mobile Media Library/English - Video/Scriptural Reenactments and Teachings",
  "collectionType" : "collections",
  "path" : "Mobile Media Library/English - Video/Scriptural Reenactments and Teachings/Doctrine and Covenants Teaching Videos",
  "collectionID" : "ba758d05db044db7bf5ab221c6d94543",
  "language" : "eng",
  "type" : "DEFAULT",
  "lastUpdatedDate" : "2022-09-07T12:34:07.443-06:00",
  "links" : [ {
    "rel" : "details",
    "href" : "https://titanapi.churchofjesuschrist.org/assetsearch/api/v2/collection/details/collectionID/ba758d05db044db7bf5ab221c6d94543"
  } ],
  "coverImages" : [ {
    "asset" : {
      "assetID" : "e1b87816e7d51a80258bce3f72a2febe3b3864d3"
    }
  } ],
  "related" : [ ],
  "metadata" : [ {
    "key" : "orderIndex",
    "value" : "9"
  }, {
    "key" : "channel",
    "value" : "mobile",
    "language" : "eng"
  }, {
    "key" : "collectionUri",
    "value" : "doctrine-and-covenants-teaching-videos",
    "language" : "eng"
  }, {
    "key" : "publicTitle",
    "value" : "Doctrine and Covenants Teaching Videos",
    "language" : "eng"
  } ],
  "children" : [ {
    "path" : "Mobile Media Library/English - Video/Scriptural Reenactments and Teachings/Doctrine and Covenants Teaching Videos/Overview - Section 39",
    "collectionID" : "70d468b24e6e416bb87e3666e51875d2",
    "type" : "DEFAULT",
    "lastUpdatedDate" : "2022-09-07T12:34:17.884-06:00",
    "links" : [ {
      "rel" : "details",
      "href" : "https://titanapi.churchofjesuschrist.org/assetsearch/api/v2/collection/details/collectionID/70d468b24e6e416bb87e3666e51875d2"
    } ],
    "fileName" : "70d468b24e6e416bb87e3666e51875d2.json"
  }, {
    "path" : "Mobile Media Library/English - Video/Scriptural Reenactments and Teachings/Doctrine and Covenants Teaching Videos/Section 40 - Section 84",
    "collectionID" : "37084376d4cb47be9032503aac2cc3fd",
    "type" : "DEFAULT",
    "lastUpdatedDate" : "2022-09-07T12:34:43.522-06:00",
    "links" : [ {
      "rel" : "details",
      "href" : "https://titanapi.churchofjesuschrist.org/assetsearch/api/v2/collection/details/collectionID/37084376d4cb47be9032503aac2cc3fd"
    } ],
    "fileName" : "37084376d4cb47be9032503aac2cc3fd.json"
  }, {
    "path" : "Mobile Media Library/English - Video/Scriptural Reenactments and Teachings/Doctrine and Covenants Teaching Videos/Section 85 - Section 119",
    "collectionID" : "26b03e92fdaf4c40aa7d0458508cdf26",
    "type" : "DEFAULT",
    "lastUpdatedDate" : "2022-09-07T12:35:53.205-06:00",
    "links" : [ {
      "rel" : "details",
      "href" : "https://titanapi.churchofjesuschrist.org/assetsearch/api/v2/collection/details/collectionID/26b03e92fdaf4c40aa7d0458508cdf26"
    } ],
    "fileName" : "26b03e92fdaf4c40aa7d0458508cdf26.json"
  }, {
    "path" : "Mobile Media Library/English - Video/Scriptural Reenactments and Teachings/Doctrine and Covenants Teaching Videos/Section 120 - Church History",
    "collectionID" : "b7f2b3a5f2a64ab8bbce08778b89ab54",
    "type" : "DEFAULT",
    "lastUpdatedDate" : "2022-09-07T12:36:07.741-06:00",
    "links" : [ {
      "rel" : "details",
      "href" : "https://titanapi.churchofjesuschrist.org/assetsearch/api/v2/collection/details/collectionID/b7f2b3a5f2a64ab8bbce08778b89ab54"
    } ],
    "fileName" : "b7f2b3a5f2a64ab8bbce08778b89ab54.json"
  } ],
  "assets" : [ ],
  "fileName" : "ba758d05db044db7bf5ab221c6d94543.json",
  "name" : "Doctrine and Covenants Teaching Videos",
  "english" : true,
  "publicTitle" : "Doctrine and Covenants Teaching Videos",
  "collectionUri" : "doctrine-and-covenants-teaching-videos"
}