{
  "parentCollectionID" : "e041f4a37ad44d728a4fd81ac601b4a0",
  "parentCollectionPath" : "Mobile Media Library/English - Video/Life Help/Physical Health",
  "collectionType" : "assets",
  "path" : "Mobile Media Library/English - Video/Life Help/Physical Health/Nutrition and Exercise",
  "collectionID" : "bb935bb3d43e4949b44b8f83d9fdad4e",
  "language" : "eng",
  "type" : "DEFAULT",
  "lastUpdatedDate" : "2024-08-08T15:00:31.958-06:00",
  "links" : [ {
    "rel" : "details",
    "href" : "https://titanapi.churchofjesuschrist.org/assetsearch/api/v2/collection/details/collectionID/bb935bb3d43e4949b44b8f83d9fdad4e"
  } ],
  "coverImages" : [ {
    "asset" : {
      "assetID" : "39cc4e57af8b031e2ab5087db430e03d0ece223d"
    }
  } ],
  "related" : [ ],
  "metadata" : [ {
    "key" : "orderIndex",
    "value" : "3"
  }, {
    "key" : "collectionUri",
    "value" : "nutrition-and-exercise",
    "language" : "eng"
  }, {
    "key" : "publicTitle",
    "value" : "Nutrition and Exercise",
    "language" : "eng"
  } ],
  "children" : [ ],
  "assets" : [ {
    "asset" : {
      "assetID" : "C0FD3AED48635DC3872A3FEB78C64FB4BF2CEFD2"
    },
    "index" : 0,
    "addedDate" : 1723152248934,
    "metadata" : [ ]
  }, {
    "asset" : {
      "assetID" : "90a9e8c085d1e8b9d68644866ea4553f85d50e42"
    },
    "index" : 1,
    "addedDate" : 1723152263398,
    "metadata" : [ ]
  }, {
    "asset" : {
      "assetID" : "7a9e90d5d2b46e326144b0f4807daf81b5818919"
    },
    "index" : 5,
    "addedDate" : 1723152311860,
    "metadata" : [ ]
  }, {
    "asset" : {
      "assetID" : "8e558695190b80107fe93d8f4fb9192e52ed5ebd"
    },
    "index" : 2,
    "addedDate" : 1723152276989,
    "metadata" : [ ]
  }, {
    "asset" : {
      "assetID" : "d5829c0b81e14b9cfcf0ce6d542bd182bc210d59"
    },
    "index" : 4,
    "addedDate" : 1723152301808,
    "metadata" : [ ]
  }, {
    "asset" : {
      "assetID" : "a492c61472dcb2869f6bcc6bf1f2c32c26346f13"
    },
    "index" : 3,
    "addedDate" : 1723152287532,
    "metadata" : [ ]
  } ],
  "fileName" : "bb935bb3d43e4949b44b8f83d9fdad4e.json",
  "name" : "Nutrition and Exercise",
  "english" : true,
  "publicTitle" : "Nutrition and Exercise",
  "collectionUri" : "nutrition-and-exercise"
}