{
  "parentCollectionID" : "bd59191796027fc53f46f5811862b4ff2baaa3b2",
  "parentCollectionPath" : "Mobile Media Library/English - Video/Topics",
  "collectionType" : "assets",
  "path" : "Mobile Media Library/English - Video/Topics/Light of Christ",
  "collectionID" : "bba1464a3bd2420b93712ce3f281ccb6",
  "language" : "eng",
  "type" : "DEFAULT",
  "lastUpdatedDate" : "2022-03-31T11:55:18.173-06:00",
  "links" : [ {
    "rel" : "details",
    "href" : "https://titanapi.churchofjesuschrist.org/assetsearch/api/v2/collection/details/collectionID/bba1464a3bd2420b93712ce3f281ccb6"
  } ],
  "coverImages" : [ {
    "asset" : {
      "assetID" : "d2d2b81e96c064bede7ae0e0ff9582d78f2e6f23"
    }
  } ],
  "related" : [ ],
  "metadata" : [ {
    "key" : "channel",
    "value" : "mobile",
    "language" : "eng"
  }, {
    "key" : "description",
    "value" : "Church leaders and individual personal stories describe the influence of the Light of Christ and the yearning we all have to stand in and bear heavenly light.",
    "language" : "eng"
  }, {
    "key" : "collectionUri",
    "value" : "light-of-christ-topic",
    "language" : "eng"
  }, {
    "key" : "publicTitle",
    "value" : "Light of Christ",
    "language" : "eng"
  }, {
    "key" : "orderIndex",
    "value" : "56"
  } ],
  "children" : [ ],
  "assets" : [ {
    "asset" : {
      "assetID" : "d6dcd44da3c6e729bc5b8db138b106ea506cee21"
    },
    "addedDate" : 1577411140894,
    "metadata" : [ ]
  }, {
    "asset" : {
      "assetID" : "df36f82c61c45dc8d80404bf1ac8febaa1c5a635"
    },
    "addedDate" : 1577410940028,
    "metadata" : [ ]
  }, {
    "asset" : {
      "assetID" : "d775c01656aca922f8b3ee0ab58df9376c93c2d4"
    },
    "addedDate" : 1577411049593,
    "metadata" : [ ]
  }, {
    "asset" : {
      "assetID" : "b0e5c6aea3ff846eba66bbef1185c03f42ec2cab"
    },
    "addedDate" : 1577410863021,
    "metadata" : [ ]
  }, {
    "asset" : {
      "assetID" : "b9a1409a8b3f62422a43dc2a05c33ee15134cbc1"
    },
    "addedDate" : 1595360229431,
    "metadata" : [ ]
  }, {
    "asset" : {
      "assetID" : "be1da0c9374df61ca7955910e2216c87b9193eb6"
    },
    "addedDate" : 1577411086840,
    "metadata" : [ ]
  }, {
    "asset" : {
      "assetID" : "63bfd8c7017d70a900ea514742c9abd9a5426dd1"
    },
    "addedDate" : 1577410982294,
    "metadata" : [ ]
  } ],
  "fileName" : "bba1464a3bd2420b93712ce3f281ccb6.json",
  "name" : "Light of Christ",
  "english" : true,
  "publicTitle" : "Light of Christ",
  "description" : "Church leaders and individual personal stories describe the influence of the Light of Christ and the yearning we all have to stand in and bear heavenly light.",
  "collectionUri" : "light-of-christ-topic"
}