{
  "parentCollectionID" : "947da7183a51ff85dfdac16ddf289bb0ace2b6b8",
  "parentCollectionPath" : "Mobile Media Library/English - Video/Broadcasts",
  "collectionType" : "assets",
  "path" : "Mobile Media Library/English - Video/Broadcasts/President Nelson's 100th Birthday Celebration",
  "collectionID" : "bc76253fa2db40348ade2e3afe73ca73",
  "language" : "eng",
  "type" : "DEFAULT",
  "lastUpdatedDate" : "2024-09-25T10:42:15.507-06:00",
  "links" : [ {
    "rel" : "details",
    "href" : "https://titanapi.churchofjesuschrist.org/assetsearch/api/v2/collection/details/collectionID/bc76253fa2db40348ade2e3afe73ca73"
  } ],
  "coverImages" : [ {
    "asset" : {
      "assetID" : "0becf4c1bd73529d88e9458bfba875cd33f3a52f"
    }
  } ],
  "related" : [ ],
  "metadata" : [ {
    "key" : "channel",
    "value" : "mobile",
    "language" : "eng"
  }, {
    "key" : "orderIndex",
    "value" : "19"
  }, {
    "key" : "collectionUri",
    "value" : "pres-nelsons-100-birthday-celebration",
    "language" : "eng"
  }, {
    "key" : "publicTitle",
    "value" : "President Nelson's 100th Birthday Celebration",
    "language" : "eng"
  } ],
  "children" : [ ],
  "assets" : [ {
    "asset" : {
      "assetID" : "asfrz56hadaqk79jgk6b2fpzi553b87okbqfzprl"
    },
    "index" : 1,
    "addedDate" : 1727211158684,
    "metadata" : [ ]
  }, {
    "asset" : {
      "assetID" : "q4lpiew7f76bz012m41s3qzp6nceeq3o4b761yag"
    },
    "index" : 4,
    "addedDate" : 1727211229003,
    "metadata" : [ ]
  }, {
    "asset" : {
      "assetID" : "cazxe6i1ji6xkx9kb5jonz09oqa1hpk85up8bufx"
    },
    "index" : 3,
    "addedDate" : 1727211209592,
    "metadata" : [ ]
  }, {
    "asset" : {
      "assetID" : "2zomh0rn3xbr7jbtad8tb1l5qdeppy6oh1ugf0qu"
    },
    "index" : 2,
    "addedDate" : 1727211186904,
    "metadata" : [ ]
  }, {
    "asset" : {
      "assetID" : "o901z6ygb6frezbc8g7p0r9jjl6khyp15ph3lckn"
    },
    "index" : 16,
    "addedDate" : 1727211537710,
    "metadata" : [ ]
  }, {
    "asset" : {
      "assetID" : "e8111pv9dy21dl65epd5pa7xnjnacvsgzfkem7qt"
    },
    "index" : 6,
    "addedDate" : 1727211261877,
    "metadata" : [ ]
  }, {
    "asset" : {
      "assetID" : "gusz0sf5jhir1wwfbwhsviryq8xu2york15ym807"
    },
    "index" : 5,
    "addedDate" : 1727211245848,
    "metadata" : [ ]
  }, {
    "asset" : {
      "assetID" : "alo4tbocrsaww73xghgacq49uduxendw2sbtmkwb"
    },
    "index" : 8,
    "addedDate" : 1727211292622,
    "metadata" : [ ]
  }, {
    "asset" : {
      "assetID" : "hmwmplj03fhottaqiicjxktl760lnsxufefyzr6m"
    },
    "index" : 10,
    "addedDate" : 1727211330202,
    "metadata" : [ ]
  }, {
    "asset" : {
      "assetID" : "ic8u2x536mk7riyt2e5duyu2hxfemtiq1hs488fi"
    },
    "index" : 7,
    "addedDate" : 1727211278343,
    "metadata" : [ ]
  }, {
    "asset" : {
      "assetID" : "pplc2j8u2q2nlj3io4rdt0mbbljn0ebqdjeykyvn"
    },
    "index" : 9,
    "addedDate" : 1727211309325,
    "metadata" : [ ]
  }, {
    "asset" : {
      "assetID" : "lchnfwwcfzlx3kibatyctji3luczqozrocqmoakc"
    },
    "index" : 12,
    "addedDate" : 1727211375127,
    "metadata" : [ ]
  }, {
    "asset" : {
      "assetID" : "yg9s7g2rvi6h2sypoxu96htkfotyebzvelbgm6hx"
    },
    "index" : 15,
    "addedDate" : 1727211634555,
    "metadata" : [ ]
  }, {
    "asset" : {
      "assetID" : "l99e6ai1xbta8miyh24f5bythhz69zgrp88avjqw"
    },
    "index" : 11,
    "addedDate" : 1727211355488,
    "metadata" : [ ]
  }, {
    "asset" : {
      "assetID" : "873oq5skiqmlx4icol74tf2c6dmf7idwz6ewff35"
    },
    "index" : 13,
    "addedDate" : 1727211418097,
    "metadata" : [ ]
  }, {
    "asset" : {
      "assetID" : "4li2r3fl8zcfv8ebifi7gi512h2lciwfj0twsu8d"
    },
    "index" : 14,
    "addedDate" : 1727211508331,
    "metadata" : [ ]
  }, {
    "asset" : {
      "assetID" : "qbs0myl0fm6h1sot8wcqbqayc7evdun87i9r9xx9"
    },
    "index" : 0,
    "addedDate" : 1727211080393,
    "metadata" : [ ]
  } ],
  "fileName" : "bc76253fa2db40348ade2e3afe73ca73.json",
  "name" : "President Nelson's 100th Birthday Celebration",
  "english" : true,
  "publicTitle" : "President Nelson's 100th Birthday Celebration",
  "collectionUri" : "pres-nelsons-100-birthday-celebration"
}