{
  "parentCollectionID" : "11768d7b23484806960587a13d704f15",
  "parentCollectionPath" : "Mobile Media Library/English - Video/Scriptural Reenactments and Teachings/New Testament Teaching Videos",
  "collectionType" : "assets",
  "path" : "Mobile Media Library/English - Video/Scriptural Reenactments and Teachings/New Testament Teaching Videos/Luke - John",
  "collectionID" : "bced08f40ca24ae2b1f6cf8ea7f89046",
  "language" : "eng",
  "type" : "DEFAULT",
  "lastUpdatedDate" : "2022-09-07T13:16:12.531-06:00",
  "links" : [ {
    "rel" : "details",
    "href" : "https://titanapi.churchofjesuschrist.org/assetsearch/api/v2/collection/details/collectionID/bced08f40ca24ae2b1f6cf8ea7f89046"
  } ],
  "coverImages" : [ {
    "asset" : {
      "assetID" : "8b45068f5f765eb7e34c6bcdd99e8d604924219e"
    }
  } ],
  "related" : [ ],
  "metadata" : [ {
    "key" : "orderIndex",
    "value" : "2"
  }, {
    "key" : "channel",
    "value" : "mobile",
    "language" : "eng"
  }, {
    "key" : "collectionUri",
    "value" : "luke-john",
    "language" : "eng"
  }, {
    "key" : "publicTitle",
    "value" : "Luke - John",
    "language" : "eng"
  } ],
  "children" : [ ],
  "assets" : [ {
    "asset" : {
      "assetID" : "bf9a13989159095b3077a8fd61b55526e0ff9ca8"
    },
    "addedDate" : 1662577968963,
    "metadata" : [ ]
  }, {
    "asset" : {
      "assetID" : "fa7ec795e3c191e31a24ffd0bed6dc9db482975c"
    },
    "addedDate" : 1662577968943,
    "metadata" : [ ]
  }, {
    "asset" : {
      "assetID" : "a5320738b6ba785a9c59b93ac591c334b0a8aac7"
    },
    "addedDate" : 1662577969000,
    "metadata" : [ ]
  }, {
    "asset" : {
      "assetID" : "4e834e687aee892a80364587334ac8e8d9478348"
    },
    "addedDate" : 1662577968850,
    "metadata" : [ ]
  }, {
    "asset" : {
      "assetID" : "8e90bc2878f3d8acc16981636beebb00064b8855"
    },
    "addedDate" : 1662577968860,
    "metadata" : [ ]
  }, {
    "asset" : {
      "assetID" : "a648374fd2240c313e7461516091913e7e8f34a9"
    },
    "addedDate" : 1662577968870,
    "metadata" : [ ]
  }, {
    "asset" : {
      "assetID" : "575803687fd5115b999d926079207780b41686a5"
    },
    "addedDate" : 1662577968943,
    "metadata" : [ ]
  }, {
    "asset" : {
      "assetID" : "942952098a86c5b0f1fa9297f8184f07d007de9c"
    },
    "addedDate" : 1662577968936,
    "metadata" : [ ]
  }, {
    "asset" : {
      "assetID" : "1a713e61a18c96aba1f7708ed5099ecb1bc104b1"
    },
    "addedDate" : 1662577968940,
    "metadata" : [ ]
  }, {
    "asset" : {
      "assetID" : "9fe9fb76badb38834091856c9808e786674d5597"
    },
    "addedDate" : 1662577968923,
    "metadata" : [ ]
  }, {
    "asset" : {
      "assetID" : "06f2c5cb62d464383ab3ab29c20daf50df7c4dec"
    },
    "addedDate" : 1662577968983,
    "metadata" : [ ]
  }, {
    "asset" : {
      "assetID" : "ac52d5d738f466f5537c6ff3ec2131d86baa733a"
    },
    "addedDate" : 1662577968846,
    "metadata" : [ ]
  }, {
    "asset" : {
      "assetID" : "a1423c3c02e86cee4702a6f975d1e39f39223545"
    },
    "addedDate" : 1662577968903,
    "metadata" : [ ]
  }, {
    "asset" : {
      "assetID" : "7c85d442c4da63667d29c2ea01a05a176ca4320e"
    },
    "addedDate" : 1662577968920,
    "metadata" : [ ]
  }, {
    "asset" : {
      "assetID" : "d5f504137fbaecce75d9329f8143e73f8cd9b4d7"
    },
    "addedDate" : 1662577968923,
    "metadata" : [ ]
  }, {
    "asset" : {
      "assetID" : "36c75fdd12ed9b58f2252e524b9efebf41375a5d"
    },
    "addedDate" : 1662577969020,
    "metadata" : [ ]
  }, {
    "asset" : {
      "assetID" : "c49ede20ab760dfc2272f89ee3449aae0598ee6f"
    },
    "addedDate" : 1662577968950,
    "metadata" : [ ]
  }, {
    "asset" : {
      "assetID" : "2a827b7f36c16511d1ef0f0313c7f2e1aa69168f"
    },
    "addedDate" : 1662577968913,
    "metadata" : [ ]
  }, {
    "asset" : {
      "assetID" : "56c2ccc7700d1c5b5989abdb2ba67da1cda4608a"
    },
    "addedDate" : 1662577968876,
    "metadata" : [ ]
  }, {
    "asset" : {
      "assetID" : "4f02f83dd4a03dc8206a07c95954123ab169755d"
    },
    "addedDate" : 1662577968873,
    "metadata" : [ ]
  }, {
    "asset" : {
      "assetID" : "0a258e6472c9cd45d77d4119577a1b99071aa06b"
    },
    "addedDate" : 1662577968970,
    "metadata" : [ ]
  }, {
    "asset" : {
      "assetID" : "95597f32811ddb1306b04a5ed575922664b4699c"
    },
    "addedDate" : 1662577968956,
    "metadata" : [ ]
  }, {
    "asset" : {
      "assetID" : "963a795d0929b9e1eb542ddd0751ad93aebf3bd7"
    },
    "addedDate" : 1662577969003,
    "metadata" : [ ]
  }, {
    "asset" : {
      "assetID" : "218a13b12b8e9892b46103449a8e74769904d4a0"
    },
    "addedDate" : 1662577968926,
    "metadata" : [ ]
  }, {
    "asset" : {
      "assetID" : "a6683ec51b7f5ba0e430706ece125cd04ba2e90c"
    },
    "addedDate" : 1662577968960,
    "metadata" : [ ]
  }, {
    "asset" : {
      "assetID" : "c68f8b27201dc0711f327f6c54cfbdceb9038c6b"
    },
    "addedDate" : 1662577969006,
    "metadata" : [ ]
  }, {
    "asset" : {
      "assetID" : "c762153404d49bc7fc5a9d0bfead5eea8236ecc2"
    },
    "addedDate" : 1662577969026,
    "metadata" : [ ]
  }, {
    "asset" : {
      "assetID" : "2f7094d6d80fce791fb062d011b16cc88a88bc5d"
    },
    "addedDate" : 1662577968913,
    "metadata" : [ ]
  }, {
    "asset" : {
      "assetID" : "778f970fea510ed78a308e75ec2bc9fee7c2a1a1"
    },
    "addedDate" : 1662577968870,
    "metadata" : [ ]
  }, {
    "asset" : {
      "assetID" : "3017fd0e2972188bd5b6605f1eaf2fc04388e664"
    },
    "addedDate" : 1662577968900,
    "metadata" : [ ]
  }, {
    "asset" : {
      "assetID" : "ad399c067bbd13121943a72a7997e464dc2d4301"
    },
    "addedDate" : 1662577968863,
    "metadata" : [ ]
  }, {
    "asset" : {
      "assetID" : "b6579d43ea583ac25ed38da36d74e6953010d860"
    },
    "addedDate" : 1662577969030,
    "metadata" : [ ]
  }, {
    "asset" : {
      "assetID" : "26d4ed8d74f864aa722e294a96340d2697481d46"
    },
    "addedDate" : 1662577968950,
    "metadata" : [ ]
  }, {
    "asset" : {
      "assetID" : "47616ce2696b3f1fa34b5443e53b58f04cf7513b"
    },
    "addedDate" : 1662577968906,
    "metadata" : [ ]
  }, {
    "asset" : {
      "assetID" : "c5f6efda308d3ff5a0174904582491c3febca9e2"
    },
    "addedDate" : 1662577968983,
    "metadata" : [ ]
  }, {
    "asset" : {
      "assetID" : "cf80c4720ed3c0a08219aca0065bc2d28a4bfef9"
    },
    "addedDate" : 1662577968973,
    "metadata" : [ ]
  }, {
    "asset" : {
      "assetID" : "9a6c85a90f4d8354392bc1989a21517791bd0e7e"
    },
    "addedDate" : 1662577968940,
    "metadata" : [ ]
  }, {
    "asset" : {
      "assetID" : "5e2fa1e057e5ab4297b79cd7a7ab101b4537ec0f"
    },
    "addedDate" : 1662577968973,
    "metadata" : [ ]
  }, {
    "asset" : {
      "assetID" : "52ad85f3e70e03d56f61d0fad40fb7b9a3583e44"
    },
    "addedDate" : 1662577968850,
    "metadata" : [ ]
  }, {
    "asset" : {
      "assetID" : "44639759d36cf87f8bca0f2dbd2f2ff0e549b193"
    },
    "addedDate" : 1662577969013,
    "metadata" : [ ]
  }, {
    "asset" : {
      "assetID" : "6657caeb647527a2d02dccc27dd0d08f85d65ddb"
    },
    "addedDate" : 1662577968916,
    "metadata" : [ ]
  }, {
    "asset" : {
      "assetID" : "bb1e1ff5ad8e1cfb614bfac20ac9f66df6e33556"
    },
    "addedDate" : 1662577968900,
    "metadata" : [ ]
  }, {
    "asset" : {
      "assetID" : "4b9f25eef7cdaf217b7f4db2880beb8488fb8059"
    },
    "addedDate" : 1662577968993,
    "metadata" : [ ]
  }, {
    "asset" : {
      "assetID" : "cfddd67ace32870e9f86b40780a727cdcee7718a"
    },
    "addedDate" : 1662577968866,
    "metadata" : [ ]
  }, {
    "asset" : {
      "assetID" : "3e06aee1083f1a3e468a5d263fef0365b0220b49"
    },
    "addedDate" : 1662577968883,
    "metadata" : [ ]
  }, {
    "asset" : {
      "assetID" : "d96f6c0c39c578dfb92a8399b532e9f7aff6f243"
    },
    "addedDate" : 1662577968880,
    "metadata" : [ ]
  }, {
    "asset" : {
      "assetID" : "a72f02bedd57d16163d31979d124f0949cc70ec0"
    },
    "addedDate" : 1662577968910,
    "metadata" : [ ]
  }, {
    "asset" : {
      "assetID" : "50dddab4f9d239d99489f0eace69e494d95fab02"
    },
    "addedDate" : 1662577968916,
    "metadata" : [ ]
  }, {
    "asset" : {
      "assetID" : "12faf0bdbc86188f71d08f387604bb5bbe89ab32"
    },
    "addedDate" : 1662577968880,
    "metadata" : [ ]
  }, {
    "asset" : {
      "assetID" : "dfceb07c2a2c194fe6f37509b7f6e5700b8250dc"
    },
    "addedDate" : 1662577968890,
    "metadata" : [ ]
  }, {
    "asset" : {
      "assetID" : "564272cc590002e7aca459729fdb084966af90e3"
    },
    "addedDate" : 1662577969016,
    "metadata" : [ ]
  }, {
    "asset" : {
      "assetID" : "ed8ee91c444d0c0e607a620228243e7e4cf454dd"
    },
    "addedDate" : 1662577968920,
    "metadata" : [ ]
  }, {
    "asset" : {
      "assetID" : "8028aefbc64bceba39f97c054eaa421e37aba01f"
    },
    "addedDate" : 1662577968960,
    "metadata" : [ ]
  }, {
    "asset" : {
      "assetID" : "d19cb601ebbe02a86031b6a091da443abb6a6fc9"
    },
    "addedDate" : 1662577968856,
    "metadata" : [ ]
  }, {
    "asset" : {
      "assetID" : "df861b0a0c7884940da906c488d2ada254f7f2e9"
    },
    "addedDate" : 1662577968886,
    "metadata" : [ ]
  }, {
    "asset" : {
      "assetID" : "b545a6a60581902a47426afcbd2a6691955781e9"
    },
    "addedDate" : 1662577968936,
    "metadata" : [ ]
  }, {
    "asset" : {
      "assetID" : "a4c5970fc7abe87c4f53a82196516e89e2129a0a"
    },
    "addedDate" : 1662577968843,
    "metadata" : [ ]
  }, {
    "asset" : {
      "assetID" : "18080a9c40aefe9b0d1fa47daef6db154090ad0d"
    },
    "addedDate" : 1662577968896,
    "metadata" : [ ]
  }, {
    "asset" : {
      "assetID" : "b7151099c41f5603eae4ca89b473a32fc98b34a0"
    },
    "addedDate" : 1662577969023,
    "metadata" : [ ]
  }, {
    "asset" : {
      "assetID" : "dba4e5c72b8d7144fdc0f7bbf162b5b90722b20d"
    },
    "addedDate" : 1662577968910,
    "metadata" : [ ]
  }, {
    "asset" : {
      "assetID" : "d7038e7c668bd52ea85e76293d3f507b28980213"
    },
    "addedDate" : 1662577968956,
    "metadata" : [ ]
  }, {
    "asset" : {
      "assetID" : "3f4ca86918c07c716ad9f651883a464f5badeeff"
    },
    "addedDate" : 1662577968836,
    "metadata" : [ ]
  }, {
    "asset" : {
      "assetID" : "230a4825c0292ca05ebae23bfab41af84ebb5e17"
    },
    "addedDate" : 1662577969013,
    "metadata" : [ ]
  }, {
    "asset" : {
      "assetID" : "9a16202a21f3b6c0e5e7ef4c96311c79f198e3af"
    },
    "addedDate" : 1662577968930,
    "metadata" : [ ]
  }, {
    "asset" : {
      "assetID" : "c0c8892e5e1744a57f7c19a80e06de25b8357332"
    },
    "addedDate" : 1662577969023,
    "metadata" : [ ]
  }, {
    "asset" : {
      "assetID" : "e25c51673f925470307b5d5862dddedff91054e2"
    },
    "addedDate" : 1662577969003,
    "metadata" : [ ]
  }, {
    "asset" : {
      "assetID" : "d5ab3b8648a8823227c40155190c96c529de0043"
    },
    "addedDate" : 1662577968853,
    "metadata" : [ ]
  }, {
    "asset" : {
      "assetID" : "8bf356bb7cb0bf5ef450029eaacee75a9ff4b909"
    },
    "addedDate" : 1662577968930,
    "metadata" : [ ]
  }, {
    "asset" : {
      "assetID" : "f286914563c073bbf019db1cce6bc5a613bac34d"
    },
    "addedDate" : 1662577968856,
    "metadata" : [ ]
  }, {
    "asset" : {
      "assetID" : "c6f756965fd0a1dbec6af42f4de5209744960719"
    },
    "addedDate" : 1662577968966,
    "metadata" : [ ]
  }, {
    "asset" : {
      "assetID" : "97843939c240eeb468aa253f624972ab083665af"
    },
    "addedDate" : 1662577968870,
    "metadata" : [ ]
  }, {
    "asset" : {
      "assetID" : "8dc237af38f2d63bb930f701180169f67588c701"
    },
    "addedDate" : 1662577968840,
    "metadata" : [ ]
  }, {
    "asset" : {
      "assetID" : "b9824e74504b474954f4ff1bd8068c0188d85767"
    },
    "addedDate" : 1662577968980,
    "metadata" : [ ]
  }, {
    "asset" : {
      "assetID" : "f7c0148c61f64b1a289d1a8f119166b2c805045d"
    },
    "addedDate" : 1662577969030,
    "metadata" : [ ]
  }, {
    "asset" : {
      "assetID" : "587968881e3ed5b480a9638fb6890819e4d71f39"
    },
    "addedDate" : 1662577969016,
    "metadata" : [ ]
  }, {
    "asset" : {
      "assetID" : "1b0185ad830c6ea4e869f8b996c161bb6b147a6f"
    },
    "addedDate" : 1662577968906,
    "metadata" : [ ]
  }, {
    "asset" : {
      "assetID" : "174339842500b04ff059b7ec8d7a672d2fb1c86f"
    },
    "addedDate" : 1662577968966,
    "metadata" : [ ]
  }, {
    "asset" : {
      "assetID" : "08029ec3f3a1491e790e79e15454273410e6c23d"
    },
    "addedDate" : 1662577968953,
    "metadata" : [ ]
  }, {
    "asset" : {
      "assetID" : "228ceb4380554cec5f484de718e8bddc7964fe9b"
    },
    "addedDate" : 1662577968940,
    "metadata" : [ ]
  }, {
    "asset" : {
      "assetID" : "2b563b33aae20c60c3771fcdfe7a73137ce8dbb4"
    },
    "addedDate" : 1662577968946,
    "metadata" : [ ]
  } ],
  "fileName" : "bced08f40ca24ae2b1f6cf8ea7f89046.json",
  "name" : "Luke - John",
  "english" : true,
  "publicTitle" : "Luke - John",
  "collectionUri" : "luke-john"
}