{
  "parentCollectionID" : "a4cbfba70bf044214729b9339a405bd8c5560688",
  "parentCollectionPath" : "Mobile Media Library/English - Video/Broadcasts/BYU Women’s Conference",
  "collectionType" : "assets",
  "path" : "Mobile Media Library/English - Video/Broadcasts/BYU Women’s Conference/BYU Women's Conference - 2018",
  "collectionID" : "bcf61905db75405f9c0513e01790949e",
  "language" : "eng",
  "type" : "DEFAULT",
  "lastUpdatedDate" : "2024-08-08T13:45:54.374-06:00",
  "links" : [ {
    "rel" : "details",
    "href" : "https://titanapi.churchofjesuschrist.org/assetsearch/api/v2/collection/details/collectionID/bcf61905db75405f9c0513e01790949e"
  } ],
  "coverImages" : [ {
    "asset" : {
      "assetID" : "ede760de5777fd39aadd1a1c9db94984ca3d3251"
    }
  } ],
  "related" : [ ],
  "metadata" : [ {
    "key" : "orderIndex",
    "value" : "6"
  }, {
    "key" : "channel",
    "value" : "mobile",
    "language" : "eng"
  }, {
    "key" : "collectionUri",
    "value" : "byu-womens-conference-2018",
    "language" : "eng"
  }, {
    "key" : "publicTitle",
    "value" : "BYU Women's Conference - 2018",
    "language" : "eng"
  } ],
  "children" : [ ],
  "assets" : [ {
    "asset" : {
      "assetID" : "550d335cd5281d5a58b5d73d773a45e2bc8a6e7f"
    },
    "index" : 1,
    "addedDate" : 1722598036582,
    "metadata" : [ ]
  }, {
    "asset" : {
      "assetID" : "668ac6af12c338efa1a71e08919fe377ca2c124e"
    },
    "index" : 0,
    "addedDate" : 1722598020056,
    "metadata" : [ ]
  } ],
  "fileName" : "bcf61905db75405f9c0513e01790949e.json",
  "name" : "BYU Women's Conference - 2018",
  "english" : true,
  "publicTitle" : "BYU Women's Conference - 2018",
  "collectionUri" : "byu-womens-conference-2018"
}