{
  "parentCollectionID" : "8d8905cef700b03cb3afaabc032a3af882139e59",
  "parentCollectionPath" : "Mobile Media Library/English - Video",
  "collectionType" : "collections",
  "path" : "Mobile Media Library/English - Video/Topics",
  "collectionID" : "bd59191796027fc53f46f5811862b4ff2baaa3b2",
  "language" : "eng",
  "type" : "DEFAULT",
  "lastUpdatedDate" : "2023-02-02T11:46:21.101-07:00",
  "links" : [ {
    "rel" : "details",
    "href" : "https://titanapi.churchofjesuschrist.org/assetsearch/api/v2/collection/details/collectionID/bd59191796027fc53f46f5811862b4ff2baaa3b2"
  } ],
  "coverImages" : [ {
    "asset" : {
      "assetID" : "15d8b2d9413521ec50a30774ed33af78a87cde5d"
    }
  } ],
  "related" : [ ],
  "metadata" : [ {
    "key" : "channel",
    "value" : "mobile",
    "language" : "eng"
  }, {
    "key" : "orderIndex",
    "value" : "17"
  }, {
    "key" : "description",
    "value" : "Whether you’re preparing a lesson or looking to enhance your personal study, this collection will help you find videos on various topics, including the Atonement of Christ, personal adversity, baptism, temple worship, and service.",
    "language" : "eng"
  }, {
    "key" : "collectionUri",
    "value" : "topics-list-view",
    "language" : "eng"
  }, {
    "key" : "publicTitle",
    "value" : "Topics",
    "language" : "eng"
  } ],
  "children" : [ {
    "path" : "Mobile Media Library/English - Video/Topics/Church Callings",
    "collectionID" : "0ce8bcf84e704af9a64681282e6f4f84",
    "type" : "DEFAULT",
    "lastUpdatedDate" : "2020-08-25T14:21:23.008-06:00",
    "links" : [ {
      "rel" : "details",
      "href" : "https://titanapi.churchofjesuschrist.org/assetsearch/api/v2/collection/details/collectionID/0ce8bcf84e704af9a64681282e6f4f84"
    } ],
    "fileName" : "0ce8bcf84e704af9a64681282e6f4f84.json"
  }, {
    "path" : "Mobile Media Library/English - Video/Topics/Communication",
    "collectionID" : "df6b3f5f827d4291abee2bcb58ae41a4",
    "type" : "DEFAULT",
    "lastUpdatedDate" : "2020-08-25T14:22:27.458-06:00",
    "links" : [ {
      "rel" : "details",
      "href" : "https://titanapi.churchofjesuschrist.org/assetsearch/api/v2/collection/details/collectionID/df6b3f5f827d4291abee2bcb58ae41a4"
    } ],
    "fileName" : "df6b3f5f827d4291abee2bcb58ae41a4.json"
  }, {
    "path" : "Mobile Media Library/English - Video/Topics/Consecration",
    "collectionID" : "56172370bb204ef3a2f7bad1e416c6f5",
    "type" : "DEFAULT",
    "lastUpdatedDate" : "2020-08-25T14:22:55.615-06:00",
    "links" : [ {
      "rel" : "details",
      "href" : "https://titanapi.churchofjesuschrist.org/assetsearch/api/v2/collection/details/collectionID/56172370bb204ef3a2f7bad1e416c6f5"
    } ],
    "fileName" : "56172370bb204ef3a2f7bad1e416c6f5.json"
  }, {
    "path" : "Mobile Media Library/English - Video/Topics/Conversion",
    "collectionID" : "03c466957cf0433797a5c0b09226f195",
    "type" : "DEFAULT",
    "lastUpdatedDate" : "2020-08-25T14:23:31.973-06:00",
    "links" : [ {
      "rel" : "details",
      "href" : "https://titanapi.churchofjesuschrist.org/assetsearch/api/v2/collection/details/collectionID/03c466957cf0433797a5c0b09226f195"
    } ],
    "fileName" : "03c466957cf0433797a5c0b09226f195.json"
  }, {
    "path" : "Mobile Media Library/English - Video/Topics/Courage and Fear",
    "collectionID" : "6e6be24a285e4153aa81086585d61664",
    "type" : "DEFAULT",
    "lastUpdatedDate" : "2020-08-25T14:24:33.591-06:00",
    "links" : [ {
      "rel" : "details",
      "href" : "https://titanapi.churchofjesuschrist.org/assetsearch/api/v2/collection/details/collectionID/6e6be24a285e4153aa81086585d61664"
    } ],
    "fileName" : "6e6be24a285e4153aa81086585d61664.json"
  }, {
    "path" : "Mobile Media Library/English - Video/Topics/Covenants and Ordinances",
    "collectionID" : "accfa13ef12141a88eb532c913ec89fc",
    "type" : "DEFAULT",
    "lastUpdatedDate" : "2022-03-31T11:52:42.922-06:00",
    "links" : [ {
      "rel" : "details",
      "href" : "https://titanapi.churchofjesuschrist.org/assetsearch/api/v2/collection/details/collectionID/accfa13ef12141a88eb532c913ec89fc"
    } ],
    "fileName" : "accfa13ef12141a88eb532c913ec89fc.json"
  }, {
    "path" : "Mobile Media Library/English - Video/Topics/Criticism",
    "collectionID" : "576671038fe548bab26ef7e160d0ad83",
    "type" : "DEFAULT",
    "lastUpdatedDate" : "2020-09-20T12:42:19.442-06:00",
    "links" : [ {
      "rel" : "details",
      "href" : "https://titanapi.churchofjesuschrist.org/assetsearch/api/v2/collection/details/collectionID/576671038fe548bab26ef7e160d0ad83"
    } ],
    "fileName" : "576671038fe548bab26ef7e160d0ad83.json"
  }, {
    "path" : "Mobile Media Library/English - Video/Topics/Dating",
    "collectionID" : "6995406025aa4348a9b43b02a2017534",
    "type" : "DEFAULT",
    "lastUpdatedDate" : "2020-09-20T12:42:33.765-06:00",
    "links" : [ {
      "rel" : "details",
      "href" : "https://titanapi.churchofjesuschrist.org/assetsearch/api/v2/collection/details/collectionID/6995406025aa4348a9b43b02a2017534"
    } ],
    "fileName" : "6995406025aa4348a9b43b02a2017534.json"
  }, {
    "path" : "Mobile Media Library/English - Video/Topics/Dress and Appearance",
    "collectionID" : "6ebf97b0379a4d0e9bb9c13477b3c41f",
    "type" : "DEFAULT",
    "lastUpdatedDate" : "2020-09-20T12:43:51.253-06:00",
    "links" : [ {
      "rel" : "details",
      "href" : "https://titanapi.churchofjesuschrist.org/assetsearch/api/v2/collection/details/collectionID/6ebf97b0379a4d0e9bb9c13477b3c41f"
    } ],
    "fileName" : "6ebf97b0379a4d0e9bb9c13477b3c41f.json"
  }, {
    "path" : "Mobile Media Library/English - Video/Topics/Entertainment and Media",
    "collectionID" : "2e2f91d4a97443f6a0ca61b0fe5362cc",
    "type" : "DEFAULT",
    "lastUpdatedDate" : "2020-09-20T12:34:59.584-06:00",
    "links" : [ {
      "rel" : "details",
      "href" : "https://titanapi.churchofjesuschrist.org/assetsearch/api/v2/collection/details/collectionID/2e2f91d4a97443f6a0ca61b0fe5362cc"
    } ],
    "fileName" : "2e2f91d4a97443f6a0ca61b0fe5362cc.json"
  }, {
    "path" : "Mobile Media Library/English - Video/Topics/Go Forward with Faith",
    "collectionID" : "65bb3a719f964637a2d69693ef21fbeb",
    "type" : "DEFAULT",
    "lastUpdatedDate" : "2020-09-20T12:39:05.901-06:00",
    "links" : [ {
      "rel" : "details",
      "href" : "https://titanapi.churchofjesuschrist.org/assetsearch/api/v2/collection/details/collectionID/65bb3a719f964637a2d69693ef21fbeb"
    } ],
    "fileName" : "65bb3a719f964637a2d69693ef21fbeb.json"
  }, {
    "path" : "Mobile Media Library/English - Video/Topics/Healing",
    "collectionID" : "c1f4d2d9960243b9979e25d95947f01e",
    "type" : "DEFAULT",
    "lastUpdatedDate" : "2020-09-20T12:30:39.399-06:00",
    "links" : [ {
      "rel" : "details",
      "href" : "https://titanapi.churchofjesuschrist.org/assetsearch/api/v2/collection/details/collectionID/c1f4d2d9960243b9979e25d95947f01e"
    } ],
    "fileName" : "c1f4d2d9960243b9979e25d95947f01e.json"
  }, {
    "path" : "Mobile Media Library/English - Video/Topics/Home",
    "collectionID" : "30606000aaab4f889746fb600e13248a",
    "type" : "DEFAULT",
    "lastUpdatedDate" : "2022-03-31T11:54:25.707-06:00",
    "links" : [ {
      "rel" : "details",
      "href" : "https://titanapi.churchofjesuschrist.org/assetsearch/api/v2/collection/details/collectionID/30606000aaab4f889746fb600e13248a"
    } ],
    "fileName" : "30606000aaab4f889746fb600e13248a.json"
  }, {
    "path" : "Mobile Media Library/English - Video/Topics/Joy",
    "collectionID" : "be8dde78fa2f4a069077e0815701b2f4",
    "type" : "DEFAULT",
    "lastUpdatedDate" : "2020-09-20T12:27:02.799-06:00",
    "links" : [ {
      "rel" : "details",
      "href" : "https://titanapi.churchofjesuschrist.org/assetsearch/api/v2/collection/details/collectionID/be8dde78fa2f4a069077e0815701b2f4"
    } ],
    "fileName" : "be8dde78fa2f4a069077e0815701b2f4.json"
  }, {
    "path" : "Mobile Media Library/English - Video/Topics/Language",
    "collectionID" : "421cf155302d486a930e894fa8abfff7",
    "type" : "DEFAULT",
    "lastUpdatedDate" : "2020-09-20T12:27:44.939-06:00",
    "links" : [ {
      "rel" : "details",
      "href" : "https://titanapi.churchofjesuschrist.org/assetsearch/api/v2/collection/details/collectionID/421cf155302d486a930e894fa8abfff7"
    } ],
    "fileName" : "421cf155302d486a930e894fa8abfff7.json"
  }, {
    "path" : "Mobile Media Library/English - Video/Topics/Light of Christ",
    "collectionID" : "bba1464a3bd2420b93712ce3f281ccb6",
    "type" : "DEFAULT",
    "lastUpdatedDate" : "2022-03-31T11:55:18.173-06:00",
    "links" : [ {
      "rel" : "details",
      "href" : "https://titanapi.churchofjesuschrist.org/assetsearch/api/v2/collection/details/collectionID/bba1464a3bd2420b93712ce3f281ccb6"
    } ],
    "fileName" : "bba1464a3bd2420b93712ce3f281ccb6.json"
  }, {
    "path" : "Mobile Media Library/English - Video/Topics/Melchizedek Priesthood",
    "collectionID" : "e8a755f6f89c40308c08c14291255ccb",
    "type" : "DEFAULT",
    "lastUpdatedDate" : "2020-09-20T12:29:31.022-06:00",
    "links" : [ {
      "rel" : "details",
      "href" : "https://titanapi.churchofjesuschrist.org/assetsearch/api/v2/collection/details/collectionID/e8a755f6f89c40308c08c14291255ccb"
    } ],
    "fileName" : "e8a755f6f89c40308c08c14291255ccb.json"
  }, {
    "path" : "Mobile Media Library/English - Video/Topics/Modesty",
    "collectionID" : "34f107073bd04b84aa45a8e51285ee1a",
    "type" : "DEFAULT",
    "lastUpdatedDate" : "2020-09-20T12:16:24.072-06:00",
    "links" : [ {
      "rel" : "details",
      "href" : "https://titanapi.churchofjesuschrist.org/assetsearch/api/v2/collection/details/collectionID/34f107073bd04b84aa45a8e51285ee1a"
    } ],
    "fileName" : "34f107073bd04b84aa45a8e51285ee1a.json"
  }, {
    "path" : "Mobile Media Library/English - Video/Topics/Miracles",
    "collectionID" : "6ed006d1cfc443bcbd20355479a64bc5",
    "type" : "DEFAULT",
    "lastUpdatedDate" : "2022-03-31T11:55:51.209-06:00",
    "links" : [ {
      "rel" : "details",
      "href" : "https://titanapi.churchofjesuschrist.org/assetsearch/api/v2/collection/details/collectionID/6ed006d1cfc443bcbd20355479a64bc5"
    } ],
    "fileName" : "6ed006d1cfc443bcbd20355479a64bc5.json"
  }, {
    "path" : "Mobile Media Library/English - Video/Topics/Music and Dancing",
    "collectionID" : "feaaca555b2744fda02ffb35a7f63409",
    "type" : "DEFAULT",
    "lastUpdatedDate" : "2020-09-20T12:17:13.764-06:00",
    "links" : [ {
      "rel" : "details",
      "href" : "https://titanapi.churchofjesuschrist.org/assetsearch/api/v2/collection/details/collectionID/feaaca555b2744fda02ffb35a7f63409"
    } ],
    "fileName" : "feaaca555b2744fda02ffb35a7f63409.json"
  }, {
    "path" : "Mobile Media Library/English - Video/Topics/Patience",
    "collectionID" : "a6935c70d4444346b81b4d6aabe41933",
    "type" : "DEFAULT",
    "lastUpdatedDate" : "2020-09-20T12:18:26.561-06:00",
    "links" : [ {
      "rel" : "details",
      "href" : "https://titanapi.churchofjesuschrist.org/assetsearch/api/v2/collection/details/collectionID/a6935c70d4444346b81b4d6aabe41933"
    } ],
    "fileName" : "a6935c70d4444346b81b4d6aabe41933.json"
  }, {
    "path" : "Mobile Media Library/English - Video/Topics/Peace",
    "collectionID" : "10e183f408df459e9ff77469f879268e",
    "type" : "DEFAULT",
    "lastUpdatedDate" : "2020-09-20T12:18:46.806-06:00",
    "links" : [ {
      "rel" : "details",
      "href" : "https://titanapi.churchofjesuschrist.org/assetsearch/api/v2/collection/details/collectionID/10e183f408df459e9ff77469f879268e"
    } ],
    "fileName" : "10e183f408df459e9ff77469f879268e.json"
  }, {
    "path" : "Mobile Media Library/English - Video/Topics/Perspective",
    "collectionID" : "5efdaba3534845deb9c0552fc919b378",
    "type" : "DEFAULT",
    "lastUpdatedDate" : "2020-09-20T12:19:17.675-06:00",
    "links" : [ {
      "rel" : "details",
      "href" : "https://titanapi.churchofjesuschrist.org/assetsearch/api/v2/collection/details/collectionID/5efdaba3534845deb9c0552fc919b378"
    } ],
    "fileName" : "5efdaba3534845deb9c0552fc919b378.json"
  }, {
    "path" : "Mobile Media Library/English - Video/Topics/Physical and Emotional Health",
    "collectionID" : "1d3b6032978d49ec8c48ec20f119e53f",
    "type" : "DEFAULT",
    "lastUpdatedDate" : "2022-03-31T11:56:25.358-06:00",
    "links" : [ {
      "rel" : "details",
      "href" : "https://titanapi.churchofjesuschrist.org/assetsearch/api/v2/collection/details/collectionID/1d3b6032978d49ec8c48ec20f119e53f"
    } ],
    "fileName" : "1d3b6032978d49ec8c48ec20f119e53f.json"
  }, {
    "path" : "Mobile Media Library/English - Video/Topics/Relief Society (About)",
    "collectionID" : "66b01b0cc83e478e84c699c47e32ec31",
    "type" : "DEFAULT",
    "lastUpdatedDate" : "2021-09-02T10:08:32.009-06:00",
    "links" : [ {
      "rel" : "details",
      "href" : "https://titanapi.churchofjesuschrist.org/assetsearch/api/v2/collection/details/collectionID/66b01b0cc83e478e84c699c47e32ec31"
    } ],
    "fileName" : "66b01b0cc83e478e84c699c47e32ec31.json"
  }, {
    "path" : "Mobile Media Library/English - Video/Topics/Sacrament",
    "collectionID" : "70a60de6fd984df6a0a66edb6894f55e",
    "type" : "DEFAULT",
    "lastUpdatedDate" : "2020-09-20T12:06:56.088-06:00",
    "links" : [ {
      "rel" : "details",
      "href" : "https://titanapi.churchofjesuschrist.org/assetsearch/api/v2/collection/details/collectionID/70a60de6fd984df6a0a66edb6894f55e"
    } ],
    "fileName" : "70a60de6fd984df6a0a66edb6894f55e.json"
  }, {
    "path" : "Mobile Media Library/English - Video/Topics/Sacrifice",
    "collectionID" : "eadd8c1169374c32b6722b1dc18e5171",
    "type" : "DEFAULT",
    "lastUpdatedDate" : "2020-09-20T12:07:10.972-06:00",
    "links" : [ {
      "rel" : "details",
      "href" : "https://titanapi.churchofjesuschrist.org/assetsearch/api/v2/collection/details/collectionID/eadd8c1169374c32b6722b1dc18e5171"
    } ],
    "fileName" : "eadd8c1169374c32b6722b1dc18e5171.json"
  }, {
    "path" : "Mobile Media Library/English - Video/Topics/Sexual Purity",
    "collectionID" : "66ebeb9c337b44f19b3e6010e5de8241",
    "type" : "DEFAULT",
    "lastUpdatedDate" : "2020-09-20T12:09:39.559-06:00",
    "links" : [ {
      "rel" : "details",
      "href" : "https://titanapi.churchofjesuschrist.org/assetsearch/api/v2/collection/details/collectionID/66ebeb9c337b44f19b3e6010e5de8241"
    } ],
    "fileName" : "66ebeb9c337b44f19b3e6010e5de8241.json"
  }, {
    "path" : "Mobile Media Library/English - Video/Topics/Spirituality",
    "collectionID" : "e8755da4ff3644aeadbe740e1ed785e9",
    "type" : "DEFAULT",
    "lastUpdatedDate" : "2022-03-31T11:58:08.882-06:00",
    "links" : [ {
      "rel" : "details",
      "href" : "https://titanapi.churchofjesuschrist.org/assetsearch/api/v2/collection/details/collectionID/e8755da4ff3644aeadbe740e1ed785e9"
    } ],
    "fileName" : "e8755da4ff3644aeadbe740e1ed785e9.json"
  }, {
    "path" : "Mobile Media Library/English - Video/Topics/Succession of Prophets and Apostles",
    "collectionID" : "55c1c39d75704352ab14c6100a31a655",
    "type" : "DEFAULT",
    "lastUpdatedDate" : "2020-09-20T12:00:31.075-06:00",
    "links" : [ {
      "rel" : "details",
      "href" : "https://titanapi.churchofjesuschrist.org/assetsearch/api/v2/collection/details/collectionID/55c1c39d75704352ab14c6100a31a655"
    } ],
    "fileName" : "55c1c39d75704352ab14c6100a31a655.json"
  }, {
    "path" : "Mobile Media Library/English - Video/Topics/Talents",
    "collectionID" : "f218ca04a9194016a0f38680d29b5df8",
    "type" : "DEFAULT",
    "lastUpdatedDate" : "2020-09-20T12:01:07.152-06:00",
    "links" : [ {
      "rel" : "details",
      "href" : "https://titanapi.churchofjesuschrist.org/assetsearch/api/v2/collection/details/collectionID/f218ca04a9194016a0f38680d29b5df8"
    } ],
    "fileName" : "f218ca04a9194016a0f38680d29b5df8.json"
  }, {
    "path" : "Mobile Media Library/English - Video/Topics/Trust",
    "collectionID" : "2cbd19b401c74213aba6a7cd45619b27",
    "type" : "DEFAULT",
    "lastUpdatedDate" : "2020-09-20T12:03:30.293-06:00",
    "links" : [ {
      "rel" : "details",
      "href" : "https://titanapi.churchofjesuschrist.org/assetsearch/api/v2/collection/details/collectionID/2cbd19b401c74213aba6a7cd45619b27"
    } ],
    "fileName" : "2cbd19b401c74213aba6a7cd45619b27.json"
  }, {
    "path" : "Mobile Media Library/English - Video/Topics/Truth",
    "collectionID" : "462bb10795c845518cb1f2312762aacd",
    "type" : "DEFAULT",
    "lastUpdatedDate" : "2020-09-20T12:03:50.613-06:00",
    "links" : [ {
      "rel" : "details",
      "href" : "https://titanapi.churchofjesuschrist.org/assetsearch/api/v2/collection/details/collectionID/462bb10795c845518cb1f2312762aacd"
    } ],
    "fileName" : "462bb10795c845518cb1f2312762aacd.json"
  }, {
    "path" : "Mobile Media Library/English - Video/Topics/Women",
    "collectionID" : "37abecd1de4f4ceb8a30be255020bc67",
    "type" : "DEFAULT",
    "lastUpdatedDate" : "2020-09-20T12:05:08.446-06:00",
    "links" : [ {
      "rel" : "details",
      "href" : "https://titanapi.churchofjesuschrist.org/assetsearch/api/v2/collection/details/collectionID/37abecd1de4f4ceb8a30be255020bc67"
    } ],
    "fileName" : "37abecd1de4f4ceb8a30be255020bc67.json"
  }, {
    "path" : "Mobile Media Library/English - Video/Topics/Worthiness",
    "collectionID" : "cf79ace8cd6041ce97ce30525d926745",
    "type" : "DEFAULT",
    "lastUpdatedDate" : "2020-09-20T12:05:49.855-06:00",
    "links" : [ {
      "rel" : "details",
      "href" : "https://titanapi.churchofjesuschrist.org/assetsearch/api/v2/collection/details/collectionID/cf79ace8cd6041ce97ce30525d926745"
    } ],
    "fileName" : "cf79ace8cd6041ce97ce30525d926745.json"
  }, {
    "path" : "Mobile Media Library/English - Video/Topics/Work and Self-Reliance",
    "collectionID" : "b2ad7e2af2be483d99e7c3c6a8b059ac",
    "type" : "DEFAULT",
    "lastUpdatedDate" : "2020-09-20T12:05:36.262-06:00",
    "links" : [ {
      "rel" : "details",
      "href" : "https://titanapi.churchofjesuschrist.org/assetsearch/api/v2/collection/details/collectionID/b2ad7e2af2be483d99e7c3c6a8b059ac"
    } ],
    "fileName" : "b2ad7e2af2be483d99e7c3c6a8b059ac.json"
  }, {
    "path" : "Mobile Media Library/English - Video/Topics/Bishops",
    "collectionID" : "37ea034683ec476ab92703d2e29b76be",
    "type" : "DEFAULT",
    "lastUpdatedDate" : "2020-08-25T14:29:47.387-06:00",
    "links" : [ {
      "rel" : "details",
      "href" : "https://titanapi.churchofjesuschrist.org/assetsearch/api/v2/collection/details/collectionID/37ea034683ec476ab92703d2e29b76be"
    } ],
    "fileName" : "37ea034683ec476ab92703d2e29b76be.json"
  }, {
    "path" : "Mobile Media Library/English - Video/Topics/Native Americans",
    "collectionID" : "2cf8c727d7a544d0ac1d440d4ea0992e",
    "type" : "DEFAULT",
    "lastUpdatedDate" : "2020-09-20T12:26:17.442-06:00",
    "links" : [ {
      "rel" : "details",
      "href" : "https://titanapi.churchofjesuschrist.org/assetsearch/api/v2/collection/details/collectionID/2cf8c727d7a544d0ac1d440d4ea0992e"
    } ],
    "fileName" : "2cf8c727d7a544d0ac1d440d4ea0992e.json"
  }, {
    "path" : "Mobile Media Library/English - Video/Topics/Audio Described Videos",
    "collectionID" : "310689ad01b64968b77148f4e45e3fcb",
    "type" : "DEFAULT",
    "lastUpdatedDate" : "2022-05-27T16:53:35.434-06:00",
    "links" : [ {
      "rel" : "details",
      "href" : "https://titanapi.churchofjesuschrist.org/assetsearch/api/v2/collection/details/collectionID/310689ad01b64968b77148f4e45e3fcb"
    } ],
    "fileName" : "310689ad01b64968b77148f4e45e3fcb.json"
  }, {
    "path" : "Mobile Media Library/English - Video/Topics/Church Beliefs",
    "collectionID" : "209baf7485ee4ac397ddbf48e760c7c3",
    "type" : "DEFAULT",
    "lastUpdatedDate" : "2024-05-29T11:04:35.013-06:00",
    "links" : [ {
      "rel" : "details",
      "href" : "https://titanapi.churchofjesuschrist.org/assetsearch/api/v2/collection/details/collectionID/209baf7485ee4ac397ddbf48e760c7c3"
    } ],
    "fileName" : "209baf7485ee4ac397ddbf48e760c7c3.json"
  }, {
    "path" : "Mobile Media Library/English - Video/Topics/Atonement of Jesus Christ",
    "collectionID" : "0b2cfd5d44ab7c757420d614a50c1d02191cdb5a",
    "type" : "DEFAULT",
    "lastUpdatedDate" : "2022-09-07T15:15:43.598-06:00",
    "links" : [ {
      "rel" : "details",
      "href" : "https://titanapi.churchofjesuschrist.org/assetsearch/api/v2/collection/details/collectionID/0b2cfd5d44ab7c757420d614a50c1d02191cdb5a"
    } ],
    "fileName" : "0b2cfd5d44ab7c757420d614a50c1d02191cdb5a.json"
  }, {
    "path" : "Mobile Media Library/English - Video/Topics/Corrections and Incarceration",
    "collectionID" : "bfc9df86e99ed35772dc139a989699a5f8ed9793",
    "type" : "DEFAULT",
    "lastUpdatedDate" : "2024-08-29T14:57:01.609-06:00",
    "links" : [ {
      "rel" : "details",
      "href" : "https://titanapi.churchofjesuschrist.org/assetsearch/api/v2/collection/details/collectionID/bfc9df86e99ed35772dc139a989699a5f8ed9793"
    } ],
    "fileName" : "bfc9df86e99ed35772dc139a989699a5f8ed9793.json"
  }, {
    "path" : "Mobile Media Library/English - Video/Topics/Divine Nature",
    "collectionID" : "f142eeecad79770beb7259d6df6be9787acd50f3",
    "type" : "DEFAULT",
    "lastUpdatedDate" : "2022-03-31T11:53:06.084-06:00",
    "links" : [ {
      "rel" : "details",
      "href" : "https://titanapi.churchofjesuschrist.org/assetsearch/api/v2/collection/details/collectionID/f142eeecad79770beb7259d6df6be9787acd50f3"
    } ],
    "fileName" : "f142eeecad79770beb7259d6df6be9787acd50f3.json"
  }, {
    "path" : "Mobile Media Library/English - Video/Topics/Pornography and Addiction",
    "collectionID" : "93d113c8807f4aabf0d19025214628e5ceb070b0",
    "type" : "DEFAULT",
    "lastUpdatedDate" : "2020-09-20T12:13:14.507-06:00",
    "links" : [ {
      "rel" : "details",
      "href" : "https://titanapi.churchofjesuschrist.org/assetsearch/api/v2/collection/details/collectionID/93d113c8807f4aabf0d19025214628e5ceb070b0"
    } ],
    "fileName" : "93d113c8807f4aabf0d19025214628e5ceb070b0.json"
  }, {
    "path" : "Mobile Media Library/English - Video/Topics/Fathers",
    "collectionID" : "2907714499e8f7453e2ae8a527bbe0909d0f9f58",
    "type" : "DEFAULT",
    "lastUpdatedDate" : "2021-06-08T16:15:25.415-06:00",
    "links" : [ {
      "rel" : "details",
      "href" : "https://titanapi.churchofjesuschrist.org/assetsearch/api/v2/collection/details/collectionID/2907714499e8f7453e2ae8a527bbe0909d0f9f58"
    } ],
    "fileName" : "2907714499e8f7453e2ae8a527bbe0909d0f9f58.json"
  }, {
    "path" : "Mobile Media Library/English - Video/Topics/Plan of Salvation",
    "collectionID" : "e2692cc578972d187b3f638a1c51e4a1f8aa1c1e",
    "type" : "DEFAULT",
    "lastUpdatedDate" : "2020-09-20T12:12:47.291-06:00",
    "links" : [ {
      "rel" : "details",
      "href" : "https://titanapi.churchofjesuschrist.org/assetsearch/api/v2/collection/details/collectionID/e2692cc578972d187b3f638a1c51e4a1f8aa1c1e"
    } ],
    "fileName" : "e2692cc578972d187b3f638a1c51e4a1f8aa1c1e.json"
  }, {
    "path" : "Mobile Media Library/English - Video/Topics/Judgment",
    "collectionID" : "05c8df330fc52c2928e31fd7b396b5458e8ce647",
    "type" : "DEFAULT",
    "lastUpdatedDate" : "2020-09-20T12:27:21.262-06:00",
    "links" : [ {
      "rel" : "details",
      "href" : "https://titanapi.churchofjesuschrist.org/assetsearch/api/v2/collection/details/collectionID/05c8df330fc52c2928e31fd7b396b5458e8ce647"
    } ],
    "fileName" : "05c8df330fc52c2928e31fd7b396b5458e8ce647.json"
  }, {
    "path" : "Mobile Media Library/English - Video/Topics/Abuse",
    "collectionID" : "24dcb3b8d7c4c0a4d5ec97842b8de114a7b7fc8d",
    "type" : "DEFAULT",
    "lastUpdatedDate" : "2020-08-25T14:26:24.057-06:00",
    "links" : [ {
      "rel" : "details",
      "href" : "https://titanapi.churchofjesuschrist.org/assetsearch/api/v2/collection/details/collectionID/24dcb3b8d7c4c0a4d5ec97842b8de114a7b7fc8d"
    } ],
    "fileName" : "24dcb3b8d7c4c0a4d5ec97842b8de114a7b7fc8d.json"
  }, {
    "path" : "Mobile Media Library/English - Video/Topics/Life",
    "collectionID" : "78ddf5d90c694b1e2aad2d9fff2b9d168cd4cc05",
    "type" : "DEFAULT",
    "lastUpdatedDate" : "2020-09-20T12:27:59.274-06:00",
    "links" : [ {
      "rel" : "details",
      "href" : "https://titanapi.churchofjesuschrist.org/assetsearch/api/v2/collection/details/collectionID/78ddf5d90c694b1e2aad2d9fff2b9d168cd4cc05"
    } ],
    "fileName" : "78ddf5d90c694b1e2aad2d9fff2b9d168cd4cc05.json"
  }, {
    "path" : "Mobile Media Library/English - Video/Topics/Joseph Smith",
    "collectionID" : "5afdf553e25d3893e5383e03898a3f7bd76256e2",
    "type" : "DEFAULT",
    "lastUpdatedDate" : "2022-03-31T11:55:06.006-06:00",
    "links" : [ {
      "rel" : "details",
      "href" : "https://titanapi.churchofjesuschrist.org/assetsearch/api/v2/collection/details/collectionID/5afdf553e25d3893e5383e03898a3f7bd76256e2"
    } ],
    "fileName" : "5afdf553e25d3893e5383e03898a3f7bd76256e2.json"
  }, {
    "path" : "Mobile Media Library/English - Video/Topics/Virtue",
    "collectionID" : "3622a73e5030fadea32f1326e19b0a91344ae3e4",
    "type" : "DEFAULT",
    "lastUpdatedDate" : "2020-09-20T12:04:52.339-06:00",
    "links" : [ {
      "rel" : "details",
      "href" : "https://titanapi.churchofjesuschrist.org/assetsearch/api/v2/collection/details/collectionID/3622a73e5030fadea32f1326e19b0a91344ae3e4"
    } ],
    "fileName" : "3622a73e5030fadea32f1326e19b0a91344ae3e4.json"
  }, {
    "path" : "Mobile Media Library/English - Video/Topics/Family",
    "collectionID" : "2e7db1c9d974a5d15ffe6dce023772c1be6d1e35",
    "type" : "DEFAULT",
    "lastUpdatedDate" : "2022-03-31T11:53:35.481-06:00",
    "links" : [ {
      "rel" : "details",
      "href" : "https://titanapi.churchofjesuschrist.org/assetsearch/api/v2/collection/details/collectionID/2e7db1c9d974a5d15ffe6dce023772c1be6d1e35"
    } ],
    "fileName" : "2e7db1c9d974a5d15ffe6dce023772c1be6d1e35.json"
  }, {
    "path" : "Mobile Media Library/English - Video/Topics/Disabilities",
    "collectionID" : "133eb9c7f03ab250a5aef6e4b5980edfd7899e68",
    "type" : "DEFAULT",
    "lastUpdatedDate" : "2020-09-20T12:42:50.409-06:00",
    "links" : [ {
      "rel" : "details",
      "href" : "https://titanapi.churchofjesuschrist.org/assetsearch/api/v2/collection/details/collectionID/133eb9c7f03ab250a5aef6e4b5980edfd7899e68"
    } ],
    "fileName" : "133eb9c7f03ab250a5aef6e4b5980edfd7899e68.json"
  }, {
    "path" : "Mobile Media Library/English - Video/Topics/Mental Health",
    "collectionID" : "6dc2568f143684172f84c336477d194468361946",
    "type" : "DEFAULT",
    "lastUpdatedDate" : "2022-03-31T11:56:17.467-06:00",
    "links" : [ {
      "rel" : "details",
      "href" : "https://titanapi.churchofjesuschrist.org/assetsearch/api/v2/collection/details/collectionID/6dc2568f143684172f84c336477d194468361946"
    } ],
    "fileName" : "6dc2568f143684172f84c336477d194468361946.json"
  }, {
    "path" : "Mobile Media Library/English - Video/Topics/Priesthood",
    "collectionID" : "f724057dfb2c4bef440aa1e03bc663bcae5deed7",
    "type" : "DEFAULT",
    "lastUpdatedDate" : "2022-03-31T11:57:01.347-06:00",
    "links" : [ {
      "rel" : "details",
      "href" : "https://titanapi.churchofjesuschrist.org/assetsearch/api/v2/collection/details/collectionID/f724057dfb2c4bef440aa1e03bc663bcae5deed7"
    } ],
    "fileName" : "f724057dfb2c4bef440aa1e03bc663bcae5deed7.json"
  }, {
    "path" : "Mobile Media Library/English - Video/Topics/Same-Sex Attraction",
    "collectionID" : "2ffcd24d091b177a2f5458d2f7b653a9997e9261",
    "type" : "DEFAULT",
    "lastUpdatedDate" : "2020-09-20T12:08:16.610-06:00",
    "links" : [ {
      "rel" : "details",
      "href" : "https://titanapi.churchofjesuschrist.org/assetsearch/api/v2/collection/details/collectionID/2ffcd24d091b177a2f5458d2f7b653a9997e9261"
    } ],
    "fileName" : "2ffcd24d091b177a2f5458d2f7b653a9997e9261.json"
  }, {
    "path" : "Mobile Media Library/English - Video/Topics/Commandments",
    "collectionID" : "d6984c9fc0c2e289fc183a8eab110dd46cced757",
    "type" : "DEFAULT",
    "lastUpdatedDate" : "2020-08-25T14:21:59.622-06:00",
    "links" : [ {
      "rel" : "details",
      "href" : "https://titanapi.churchofjesuschrist.org/assetsearch/api/v2/collection/details/collectionID/d6984c9fc0c2e289fc183a8eab110dd46cced757"
    } ],
    "fileName" : "d6984c9fc0c2e289fc183a8eab110dd46cced757.json"
  }, {
    "path" : "Mobile Media Library/English - Video/Topics/Individual Worth",
    "collectionID" : "94752b4df43358c3052079e49b3f690cf56e89eb",
    "type" : "DEFAULT",
    "lastUpdatedDate" : "2022-03-31T11:54:37.650-06:00",
    "links" : [ {
      "rel" : "details",
      "href" : "https://titanapi.churchofjesuschrist.org/assetsearch/api/v2/collection/details/collectionID/94752b4df43358c3052079e49b3f690cf56e89eb"
    } ],
    "fileName" : "94752b4df43358c3052079e49b3f690cf56e89eb.json"
  }, {
    "path" : "Mobile Media Library/English - Video/Topics/Holy Ghost",
    "collectionID" : "cb64b40a1cb131a8264240ba5a7109ff75b59fa0",
    "type" : "DEFAULT",
    "lastUpdatedDate" : "2022-03-31T11:54:17.342-06:00",
    "links" : [ {
      "rel" : "details",
      "href" : "https://titanapi.churchofjesuschrist.org/assetsearch/api/v2/collection/details/collectionID/cb64b40a1cb131a8264240ba5a7109ff75b59fa0"
    } ],
    "fileName" : "cb64b40a1cb131a8264240ba5a7109ff75b59fa0.json"
  }, {
    "path" : "Mobile Media Library/English - Video/Topics/Discipleship",
    "collectionID" : "617b5fec8109ae131a6a533776838dfdf20aea8b",
    "type" : "DEFAULT",
    "lastUpdatedDate" : "2020-09-20T12:43:03.382-06:00",
    "links" : [ {
      "rel" : "details",
      "href" : "https://titanapi.churchofjesuschrist.org/assetsearch/api/v2/collection/details/collectionID/617b5fec8109ae131a6a533776838dfdf20aea8b"
    } ],
    "fileName" : "617b5fec8109ae131a6a533776838dfdf20aea8b.json"
  }, {
    "path" : "Mobile Media Library/English - Video/Topics/Refugees",
    "collectionID" : "68157f7032728147c13681d791120d23a50cd52e",
    "type" : "DEFAULT",
    "lastUpdatedDate" : "2020-09-20T12:14:45.179-06:00",
    "links" : [ {
      "rel" : "details",
      "href" : "https://titanapi.churchofjesuschrist.org/assetsearch/api/v2/collection/details/collectionID/68157f7032728147c13681d791120d23a50cd52e"
    } ],
    "fileName" : "68157f7032728147c13681d791120d23a50cd52e.json"
  }, {
    "path" : "Mobile Media Library/English - Video/Topics/Charity",
    "collectionID" : "df2f83a491badfa806abb00079beb9723d942223",
    "type" : "DEFAULT",
    "lastUpdatedDate" : "2022-03-31T11:51:07.851-06:00",
    "links" : [ {
      "rel" : "details",
      "href" : "https://titanapi.churchofjesuschrist.org/assetsearch/api/v2/collection/details/collectionID/df2f83a491badfa806abb00079beb9723d942223"
    } ],
    "fileName" : "df2f83a491badfa806abb00079beb9723d942223.json"
  }, {
    "path" : "Mobile Media Library/English - Video/Topics/Humility",
    "collectionID" : "3a352bdcc9a2df40f1636e260cfd99604aa06303",
    "type" : "DEFAULT",
    "lastUpdatedDate" : "2020-09-20T12:33:10.479-06:00",
    "links" : [ {
      "rel" : "details",
      "href" : "https://titanapi.churchofjesuschrist.org/assetsearch/api/v2/collection/details/collectionID/3a352bdcc9a2df40f1636e260cfd99604aa06303"
    } ],
    "fileName" : "3a352bdcc9a2df40f1636e260cfd99604aa06303.json"
  }, {
    "path" : "Mobile Media Library/English - Video/Topics/Unity",
    "collectionID" : "3476a5f840a34228322671a02b865f8c051344ab",
    "type" : "DEFAULT",
    "lastUpdatedDate" : "2022-03-31T11:59:10.416-06:00",
    "links" : [ {
      "rel" : "details",
      "href" : "https://titanapi.churchofjesuschrist.org/assetsearch/api/v2/collection/details/collectionID/3476a5f840a34228322671a02b865f8c051344ab"
    } ],
    "fileName" : "3476a5f840a34228322671a02b865f8c051344ab.json"
  }, {
    "path" : "Mobile Media Library/English - Video/Topics/Safety and Health",
    "collectionID" : "2cfba7b1087ff268f31d55d1b8761bcc6cdc8559",
    "type" : "DEFAULT",
    "lastUpdatedDate" : "2020-09-20T12:07:25.789-06:00",
    "links" : [ {
      "rel" : "details",
      "href" : "https://titanapi.churchofjesuschrist.org/assetsearch/api/v2/collection/details/collectionID/2cfba7b1087ff268f31d55d1b8761bcc6cdc8559"
    } ],
    "fileName" : "2cfba7b1087ff268f31d55d1b8761bcc6cdc8559.json"
  }, {
    "path" : "Mobile Media Library/English - Video/Topics/Sabbath Day Observance",
    "collectionID" : "6d33b1107a0b2a856699b9bb11767b80ba888b75",
    "type" : "DEFAULT",
    "lastUpdatedDate" : "2020-09-20T12:06:42.606-06:00",
    "links" : [ {
      "rel" : "details",
      "href" : "https://titanapi.churchofjesuschrist.org/assetsearch/api/v2/collection/details/collectionID/6d33b1107a0b2a856699b9bb11767b80ba888b75"
    } ],
    "fileName" : "6d33b1107a0b2a856699b9bb11767b80ba888b75.json"
  }, {
    "path" : "Mobile Media Library/English - Video/Topics/Pioneers",
    "collectionID" : "d96e56f35a20283bf765e2f83ad4faf8d59be2e1",
    "type" : "DEFAULT",
    "lastUpdatedDate" : "2024-07-17T09:23:11.159-06:00",
    "links" : [ {
      "rel" : "details",
      "href" : "https://titanapi.churchofjesuschrist.org/assetsearch/api/v2/collection/details/collectionID/d96e56f35a20283bf765e2f83ad4faf8d59be2e1"
    } ],
    "fileName" : "d96e56f35a20283bf765e2f83ad4faf8d59be2e1.json"
  }, {
    "path" : "Mobile Media Library/English - Video/Topics/Service",
    "collectionID" : "8847701a43fcdbb5046a2570f83b8b1bffd13fbc",
    "type" : "DEFAULT",
    "lastUpdatedDate" : "2022-03-31T11:57:56.859-06:00",
    "links" : [ {
      "rel" : "details",
      "href" : "https://titanapi.churchofjesuschrist.org/assetsearch/api/v2/collection/details/collectionID/8847701a43fcdbb5046a2570f83b8b1bffd13fbc"
    } ],
    "fileName" : "8847701a43fcdbb5046a2570f83b8b1bffd13fbc.json"
  }, {
    "path" : "Mobile Media Library/English - Video/Topics/Honesty and Integrity",
    "collectionID" : "5e166eb54323f2b7e34ecafc7e172813e832d6ac",
    "type" : "DEFAULT",
    "lastUpdatedDate" : "2020-09-20T12:31:46.281-06:00",
    "links" : [ {
      "rel" : "details",
      "href" : "https://titanapi.churchofjesuschrist.org/assetsearch/api/v2/collection/details/collectionID/5e166eb54323f2b7e34ecafc7e172813e832d6ac"
    } ],
    "fileName" : "5e166eb54323f2b7e34ecafc7e172813e832d6ac.json"
  }, {
    "path" : "Mobile Media Library/English - Video/Topics/Emergency Preparedness",
    "collectionID" : "016f6748248f3f88d76803ee0fdc70fa7efc0009",
    "type" : "DEFAULT",
    "lastUpdatedDate" : "2020-09-20T12:34:45.849-06:00",
    "links" : [ {
      "rel" : "details",
      "href" : "https://titanapi.churchofjesuschrist.org/assetsearch/api/v2/collection/details/collectionID/016f6748248f3f88d76803ee0fdc70fa7efc0009"
    } ],
    "fileName" : "016f6748248f3f88d76803ee0fdc70fa7efc0009.json"
  }, {
    "path" : "Mobile Media Library/English - Video/Topics/Obedience",
    "collectionID" : "03bf34b5be1cc2801197e4c221bfce12df27809b",
    "type" : "DEFAULT",
    "lastUpdatedDate" : "2022-03-31T11:56:03.212-06:00",
    "links" : [ {
      "rel" : "details",
      "href" : "https://titanapi.churchofjesuschrist.org/assetsearch/api/v2/collection/details/collectionID/03bf34b5be1cc2801197e4c221bfce12df27809b"
    } ],
    "fileName" : "03bf34b5be1cc2801197e4c221bfce12df27809b.json"
  }, {
    "path" : "Mobile Media Library/English - Video/Topics/Tithes and Offerings",
    "collectionID" : "56dc279f7000e7085265e787fa0836e289a80ea1",
    "type" : "DEFAULT",
    "lastUpdatedDate" : "2022-03-31T11:58:59.596-06:00",
    "links" : [ {
      "rel" : "details",
      "href" : "https://titanapi.churchofjesuschrist.org/assetsearch/api/v2/collection/details/collectionID/56dc279f7000e7085265e787fa0836e289a80ea1"
    } ],
    "fileName" : "56dc279f7000e7085265e787fa0836e289a80ea1.json"
  }, {
    "path" : "Mobile Media Library/English - Video/Topics/Marriage and Family",
    "collectionID" : "527506101fb6ace1d90e613a085e75269db60840",
    "type" : "DEFAULT",
    "lastUpdatedDate" : "2022-03-31T11:55:37.031-06:00",
    "links" : [ {
      "rel" : "details",
      "href" : "https://titanapi.churchofjesuschrist.org/assetsearch/api/v2/collection/details/collectionID/527506101fb6ace1d90e613a085e75269db60840"
    } ],
    "fileName" : "527506101fb6ace1d90e613a085e75269db60840.json"
  }, {
    "path" : "Mobile Media Library/English - Video/Topics/Religious Freedom",
    "collectionID" : "3dfd41c03f17bb4717c4c51e78a3f2aabd7b6760",
    "type" : "DEFAULT",
    "lastUpdatedDate" : "2020-07-22T14:36:18.641-06:00",
    "links" : [ {
      "rel" : "details",
      "href" : "https://titanapi.churchofjesuschrist.org/assetsearch/api/v2/collection/details/collectionID/3dfd41c03f17bb4717c4c51e78a3f2aabd7b6760"
    } ],
    "fileName" : "3dfd41c03f17bb4717c4c51e78a3f2aabd7b6760.json"
  }, {
    "path" : "Mobile Media Library/English - Video/Topics/Teaching in the Savior's Way",
    "collectionID" : "1d3687db8b0f6e0a6b3d06e12a6b3e3f32f555f3",
    "type" : "DEFAULT",
    "lastUpdatedDate" : "2020-09-20T12:01:34.223-06:00",
    "links" : [ {
      "rel" : "details",
      "href" : "https://titanapi.churchofjesuschrist.org/assetsearch/api/v2/collection/details/collectionID/1d3687db8b0f6e0a6b3d06e12a6b3e3f32f555f3"
    } ],
    "fileName" : "1d3687db8b0f6e0a6b3d06e12a6b3e3f32f555f3.json"
  }, {
    "path" : "Mobile Media Library/English - Video/Topics/Apostasy and Restoration",
    "collectionID" : "1ba9d946979bcdda7dd516ff1d01398c0e3fa209",
    "type" : "DEFAULT",
    "lastUpdatedDate" : "2022-03-31T11:50:40.456-06:00",
    "links" : [ {
      "rel" : "details",
      "href" : "https://titanapi.churchofjesuschrist.org/assetsearch/api/v2/collection/details/collectionID/1ba9d946979bcdda7dd516ff1d01398c0e3fa209"
    } ],
    "fileName" : "1ba9d946979bcdda7dd516ff1d01398c0e3fa209.json"
  }, {
    "path" : "Mobile Media Library/English - Video/Topics/Heavenly Father",
    "collectionID" : "94fc205a13c77f672bd122f101ce3905625be168",
    "type" : "DEFAULT",
    "lastUpdatedDate" : "2021-03-02T02:05:46.904-07:00",
    "links" : [ {
      "rel" : "details",
      "href" : "https://titanapi.churchofjesuschrist.org/assetsearch/api/v2/collection/details/collectionID/94fc205a13c77f672bd122f101ce3905625be168"
    } ],
    "fileName" : "94fc205a13c77f672bd122f101ce3905625be168.json"
  }, {
    "path" : "Mobile Media Library/English - Video/Topics/Book of Mormon (About)",
    "collectionID" : "d0f039833355ef874ecd1a22a176c1fec0a5a687",
    "type" : "DEFAULT",
    "lastUpdatedDate" : "2020-08-25T14:30:13.260-06:00",
    "links" : [ {
      "rel" : "details",
      "href" : "https://titanapi.churchofjesuschrist.org/assetsearch/api/v2/collection/details/collectionID/d0f039833355ef874ecd1a22a176c1fec0a5a687"
    } ],
    "fileName" : "d0f039833355ef874ecd1a22a176c1fec0a5a687.json"
  }, {
    "path" : "Mobile Media Library/English - Video/Topics/Adversity",
    "collectionID" : "525cac6a2797810874055b641bd09f4bb37206c7",
    "type" : "DEFAULT",
    "lastUpdatedDate" : "2022-03-31T11:50:29.585-06:00",
    "links" : [ {
      "rel" : "details",
      "href" : "https://titanapi.churchofjesuschrist.org/assetsearch/api/v2/collection/details/collectionID/525cac6a2797810874055b641bd09f4bb37206c7"
    } ],
    "fileName" : "525cac6a2797810874055b641bd09f4bb37206c7.json"
  }, {
    "path" : "Mobile Media Library/English - Video/Topics/Baptism",
    "collectionID" : "d13e2dfdc193773d2406fe2f788aca5059313922",
    "type" : "DEFAULT",
    "lastUpdatedDate" : "2020-08-25T14:29:29.824-06:00",
    "links" : [ {
      "rel" : "details",
      "href" : "https://titanapi.churchofjesuschrist.org/assetsearch/api/v2/collection/details/collectionID/d13e2dfdc193773d2406fe2f788aca5059313922"
    } ],
    "fileName" : "d13e2dfdc193773d2406fe2f788aca5059313922.json"
  }, {
    "path" : "Mobile Media Library/English - Video/Topics/Gratitude",
    "collectionID" : "91973f1cca9c0c019c938dc7e9d4bfaa2e0c90e0",
    "type" : "DEFAULT",
    "lastUpdatedDate" : "2024-11-15T09:53:31.569-07:00",
    "links" : [ {
      "rel" : "details",
      "href" : "https://titanapi.churchofjesuschrist.org/assetsearch/api/v2/collection/details/collectionID/91973f1cca9c0c019c938dc7e9d4bfaa2e0c90e0"
    } ],
    "fileName" : "91973f1cca9c0c019c938dc7e9d4bfaa2e0c90e0.json"
  }, {
    "path" : "Mobile Media Library/English - Video/Topics/Standards",
    "collectionID" : "1abe77338e3831c7ebe1966a37ac64638974ea77",
    "type" : "DEFAULT",
    "lastUpdatedDate" : "2020-07-22T14:29:13.741-06:00",
    "links" : [ {
      "rel" : "details",
      "href" : "https://titanapi.churchofjesuschrist.org/assetsearch/api/v2/collection/details/collectionID/1abe77338e3831c7ebe1966a37ac64638974ea77"
    } ],
    "fileName" : "1abe77338e3831c7ebe1966a37ac64638974ea77.json"
  }, {
    "path" : "Mobile Media Library/English - Video/Topics/Faith",
    "collectionID" : "1d58d959893602c2947b9e2f8e3662adcc27a8f6",
    "type" : "DEFAULT",
    "lastUpdatedDate" : "2023-05-19T15:28:17.392-06:00",
    "links" : [ {
      "rel" : "details",
      "href" : "https://titanapi.churchofjesuschrist.org/assetsearch/api/v2/collection/details/collectionID/1d58d959893602c2947b9e2f8e3662adcc27a8f6"
    } ],
    "fileName" : "1d58d959893602c2947b9e2f8e3662adcc27a8f6.json"
  }, {
    "path" : "Mobile Media Library/English - Video/Topics/Repentance and Forgiveness",
    "collectionID" : "425f1ea2f78a7cf5285699ca6cd611f7b3d2be35",
    "type" : "DEFAULT",
    "lastUpdatedDate" : "2022-03-31T11:57:18.041-06:00",
    "links" : [ {
      "rel" : "details",
      "href" : "https://titanapi.churchofjesuschrist.org/assetsearch/api/v2/collection/details/collectionID/425f1ea2f78a7cf5285699ca6cd611f7b3d2be35"
    } ],
    "fileName" : "425f1ea2f78a7cf5285699ca6cd611f7b3d2be35.json"
  }, {
    "path" : "Mobile Media Library/English - Video/Topics/Prayer",
    "collectionID" : "d2859381e59622aee624c82d2ae7e92b0bd432ee",
    "type" : "DEFAULT",
    "lastUpdatedDate" : "2021-07-26T15:02:28.131-06:00",
    "links" : [ {
      "rel" : "details",
      "href" : "https://titanapi.churchofjesuschrist.org/assetsearch/api/v2/collection/details/collectionID/d2859381e59622aee624c82d2ae7e92b0bd432ee"
    } ],
    "fileName" : "d2859381e59622aee624c82d2ae7e92b0bd432ee.json"
  }, {
    "path" : "Mobile Media Library/English - Video/Topics/Grace",
    "collectionID" : "1f0edbf1889de56e7bab11037471e539d1e38b6b",
    "type" : "DEFAULT",
    "lastUpdatedDate" : "2022-03-31T11:53:56.117-06:00",
    "links" : [ {
      "rel" : "details",
      "href" : "https://titanapi.churchofjesuschrist.org/assetsearch/api/v2/collection/details/collectionID/1f0edbf1889de56e7bab11037471e539d1e38b6b"
    } ],
    "fileName" : "1f0edbf1889de56e7bab11037471e539d1e38b6b.json"
  }, {
    "path" : "Mobile Media Library/English - Video/Topics/Temples",
    "collectionID" : "ab6d04365841b5a6052bb55ab3165b992ebbc479",
    "type" : "DEFAULT",
    "lastUpdatedDate" : "2024-04-16T12:33:38.616-06:00",
    "links" : [ {
      "rel" : "details",
      "href" : "https://titanapi.churchofjesuschrist.org/assetsearch/api/v2/collection/details/collectionID/ab6d04365841b5a6052bb55ab3165b992ebbc479"
    } ],
    "fileName" : "ab6d04365841b5a6052bb55ab3165b992ebbc479.json"
  }, {
    "path" : "Mobile Media Library/English - Video/Topics/Jesus Christ",
    "collectionID" : "9f599226451f80ca7021350d08097d9bd48d5bf4",
    "type" : "DEFAULT",
    "lastUpdatedDate" : "2022-03-31T11:54:50.487-06:00",
    "links" : [ {
      "rel" : "details",
      "href" : "https://titanapi.churchofjesuschrist.org/assetsearch/api/v2/collection/details/collectionID/9f599226451f80ca7021350d08097d9bd48d5bf4"
    } ],
    "fileName" : "9f599226451f80ca7021350d08097d9bd48d5bf4.json"
  }, {
    "path" : "Mobile Media Library/English - Video/Topics/Hope",
    "collectionID" : "dfe22a51e5c9ab84deec0d02af1cf949d441610d",
    "type" : "DEFAULT",
    "lastUpdatedDate" : "2020-09-20T12:32:28.936-06:00",
    "links" : [ {
      "rel" : "details",
      "href" : "https://titanapi.churchofjesuschrist.org/assetsearch/api/v2/collection/details/collectionID/dfe22a51e5c9ab84deec0d02af1cf949d441610d"
    } ],
    "fileName" : "dfe22a51e5c9ab84deec0d02af1cf949d441610d.json"
  }, {
    "path" : "Mobile Media Library/English - Video/Topics/Sing-Along Videos",
    "collectionID" : "8da0e0cee70f948aa75af65cb71304feb462cc30",
    "type" : "DEFAULT",
    "lastUpdatedDate" : "2020-09-20T12:09:57.013-06:00",
    "links" : [ {
      "rel" : "details",
      "href" : "https://titanapi.churchofjesuschrist.org/assetsearch/api/v2/collection/details/collectionID/8da0e0cee70f948aa75af65cb71304feb462cc30"
    } ],
    "fileName" : "8da0e0cee70f948aa75af65cb71304feb462cc30.json"
  }, {
    "path" : "Mobile Media Library/English - Video/Topics/Pride",
    "collectionID" : "018dbd65c81861462dddb64a73b313b8a5b172e1",
    "type" : "DEFAULT",
    "lastUpdatedDate" : "2022-03-31T11:56:51.184-06:00",
    "links" : [ {
      "rel" : "details",
      "href" : "https://titanapi.churchofjesuschrist.org/assetsearch/api/v2/collection/details/collectionID/018dbd65c81861462dddb64a73b313b8a5b172e1"
    } ],
    "fileName" : "018dbd65c81861462dddb64a73b313b8a5b172e1.json"
  }, {
    "path" : "Mobile Media Library/English - Video/Topics/Godhead",
    "collectionID" : "6bf3865fb2d23bc92812063486d6bdd3e17b59ba",
    "type" : "DEFAULT",
    "lastUpdatedDate" : "2022-03-31T11:53:45.980-06:00",
    "links" : [ {
      "rel" : "details",
      "href" : "https://titanapi.churchofjesuschrist.org/assetsearch/api/v2/collection/details/collectionID/6bf3865fb2d23bc92812063486d6bdd3e17b59ba"
    } ],
    "fileName" : "6bf3865fb2d23bc92812063486d6bdd3e17b59ba.json"
  }, {
    "path" : "Mobile Media Library/English - Video/Topics/Love",
    "collectionID" : "d35b71e77796060d06cd31b3a1eae767e42c8201",
    "type" : "DEFAULT",
    "lastUpdatedDate" : "2022-03-31T11:55:27.375-06:00",
    "links" : [ {
      "rel" : "details",
      "href" : "https://titanapi.churchofjesuschrist.org/assetsearch/api/v2/collection/details/collectionID/d35b71e77796060d06cd31b3a1eae767e42c8201"
    } ],
    "fileName" : "d35b71e77796060d06cd31b3a1eae767e42c8201.json"
  }, {
    "path" : "Mobile Media Library/English - Video/Topics/Agency and Accountability",
    "collectionID" : "420baa6ba335e78a8c8b9c9ddec1fda1f7230043",
    "type" : "DEFAULT",
    "lastUpdatedDate" : "2021-10-04T12:53:02.080-06:00",
    "links" : [ {
      "rel" : "details",
      "href" : "https://titanapi.churchofjesuschrist.org/assetsearch/api/v2/collection/details/collectionID/420baa6ba335e78a8c8b9c9ddec1fda1f7230043"
    } ],
    "fileName" : "420baa6ba335e78a8c8b9c9ddec1fda1f7230043.json"
  }, {
    "path" : "Mobile Media Library/English - Video/Topics/Testimony",
    "collectionID" : "85a7dffec2c933156d5752dc86e4c41476a8d598",
    "type" : "DEFAULT",
    "lastUpdatedDate" : "2022-03-31T11:58:47.000-06:00",
    "links" : [ {
      "rel" : "details",
      "href" : "https://titanapi.churchofjesuschrist.org/assetsearch/api/v2/collection/details/collectionID/85a7dffec2c933156d5752dc86e4c41476a8d598"
    } ],
    "fileName" : "85a7dffec2c933156d5752dc86e4c41476a8d598.json"
  }, {
    "path" : "Mobile Media Library/English - Video/Topics/Scriptures (About)",
    "collectionID" : "152834baf794db03c34efe10c4df7168deee5c80",
    "type" : "DEFAULT",
    "lastUpdatedDate" : "2020-09-20T12:08:35.399-06:00",
    "links" : [ {
      "rel" : "details",
      "href" : "https://titanapi.churchofjesuschrist.org/assetsearch/api/v2/collection/details/collectionID/152834baf794db03c34efe10c4df7168deee5c80"
    } ],
    "fileName" : "152834baf794db03c34efe10c4df7168deee5c80.json"
  }, {
    "path" : "Mobile Media Library/English - Video/Topics/Education",
    "collectionID" : "ea039bcd23627a8b127b60c6fa215cb597f75be9",
    "type" : "DEFAULT",
    "lastUpdatedDate" : "2020-09-20T12:45:01.467-06:00",
    "links" : [ {
      "rel" : "details",
      "href" : "https://titanapi.churchofjesuschrist.org/assetsearch/api/v2/collection/details/collectionID/ea039bcd23627a8b127b60c6fa215cb597f75be9"
    } ],
    "fileName" : "ea039bcd23627a8b127b60c6fa215cb597f75be9.json"
  }, {
    "path" : "Mobile Media Library/English - Video/Topics/Diversity",
    "collectionID" : "47f95827912677cb200df781803f330305e11a3f",
    "type" : "DEFAULT",
    "lastUpdatedDate" : "2022-03-31T11:52:54.760-06:00",
    "links" : [ {
      "rel" : "details",
      "href" : "https://titanapi.churchofjesuschrist.org/assetsearch/api/v2/collection/details/collectionID/47f95827912677cb200df781803f330305e11a3f"
    } ],
    "fileName" : "47f95827912677cb200df781803f330305e11a3f.json"
  }, {
    "path" : "Mobile Media Library/English - Video/Topics/Creation",
    "collectionID" : "3a0d71598bde70d21638da30b93504f6cfb018b0",
    "type" : "DEFAULT",
    "lastUpdatedDate" : "2021-10-20T10:00:52.659-06:00",
    "links" : [ {
      "rel" : "details",
      "href" : "https://titanapi.churchofjesuschrist.org/assetsearch/api/v2/collection/details/collectionID/3a0d71598bde70d21638da30b93504f6cfb018b0"
    } ],
    "fileName" : "3a0d71598bde70d21638da30b93504f6cfb018b0.json"
  }, {
    "path" : "Mobile Media Library/English - Video/Topics/Mothers",
    "collectionID" : "3889eca998a7365dcaee5dabcf9aa48b1a351a84",
    "type" : "DEFAULT",
    "lastUpdatedDate" : "2020-09-20T12:16:46.080-06:00",
    "links" : [ {
      "rel" : "details",
      "href" : "https://titanapi.churchofjesuschrist.org/assetsearch/api/v2/collection/details/collectionID/3889eca998a7365dcaee5dabcf9aa48b1a351a84"
    } ],
    "fileName" : "3889eca998a7365dcaee5dabcf9aa48b1a351a84.json"
  }, {
    "path" : "Mobile Media Library/English - Video/Topics/Revelation",
    "collectionID" : "2564dedd8dcee7ff19733cb20c6494e628476513",
    "type" : "DEFAULT",
    "lastUpdatedDate" : "2022-03-31T11:57:43.044-06:00",
    "links" : [ {
      "rel" : "details",
      "href" : "https://titanapi.churchofjesuschrist.org/assetsearch/api/v2/collection/details/collectionID/2564dedd8dcee7ff19733cb20c6494e628476513"
    } ],
    "fileName" : "2564dedd8dcee7ff19733cb20c6494e628476513.json"
  }, {
    "path" : "Mobile Media Library/English - Video/Topics/Fasting",
    "collectionID" : "331170289bedfa07844ace5741b8330ea6a826ec",
    "type" : "DEFAULT",
    "lastUpdatedDate" : "2020-09-20T12:37:55.674-06:00",
    "links" : [ {
      "rel" : "details",
      "href" : "https://titanapi.churchofjesuschrist.org/assetsearch/api/v2/collection/details/collectionID/331170289bedfa07844ace5741b8330ea6a826ec"
    } ],
    "fileName" : "331170289bedfa07844ace5741b8330ea6a826ec.json"
  }, {
    "path" : "Mobile Media Library/English - Video/Topics/Suicide",
    "collectionID" : "d23b9883ff6926952d6746e97adcbe9d9d833714",
    "type" : "DEFAULT",
    "lastUpdatedDate" : "2022-03-31T11:58:24.703-06:00",
    "links" : [ {
      "rel" : "details",
      "href" : "https://titanapi.churchofjesuschrist.org/assetsearch/api/v2/collection/details/collectionID/d23b9883ff6926952d6746e97adcbe9d9d833714"
    } ],
    "fileName" : "d23b9883ff6926952d6746e97adcbe9d9d833714.json"
  }, {
    "path" : "Mobile Media Library/English - Video/Topics/Missionary Work",
    "collectionID" : "2ecece65ec92c7ceb610b49befc2cfa39aa74344",
    "type" : "DEFAULT",
    "lastUpdatedDate" : "2020-09-20T12:16:10.473-06:00",
    "links" : [ {
      "rel" : "details",
      "href" : "https://titanapi.churchofjesuschrist.org/assetsearch/api/v2/collection/details/collectionID/2ecece65ec92c7ceb610b49befc2cfa39aa74344"
    } ],
    "fileName" : "2ecece65ec92c7ceb610b49befc2cfa39aa74344.json"
  }, {
    "path" : "Mobile Media Library/English - Video/Topics/Chastity",
    "collectionID" : "d0d29293e4d5c401aad4c4fc27b38d0f9cec2511",
    "type" : "DEFAULT",
    "lastUpdatedDate" : "2020-08-25T14:19:39.917-06:00",
    "links" : [ {
      "rel" : "details",
      "href" : "https://titanapi.churchofjesuschrist.org/assetsearch/api/v2/collection/details/collectionID/d0d29293e4d5c401aad4c4fc27b38d0f9cec2511"
    } ],
    "fileName" : "d0d29293e4d5c401aad4c4fc27b38d0f9cec2511.json"
  }, {
    "path" : "Mobile Media Library/English - Video/Topics/Guidance",
    "collectionID" : "13ffedfbbf435f55b4241c0205601844700e834c",
    "type" : "DEFAULT",
    "lastUpdatedDate" : "2020-09-20T12:30:23.302-06:00",
    "links" : [ {
      "rel" : "details",
      "href" : "https://titanapi.churchofjesuschrist.org/assetsearch/api/v2/collection/details/collectionID/13ffedfbbf435f55b4241c0205601844700e834c"
    } ],
    "fileName" : "13ffedfbbf435f55b4241c0205601844700e834c.json"
  }, {
    "path" : "Mobile Media Library/English - Video/Topics/Race and Priesthood",
    "collectionID" : "673793e06bd96a51a009d2b8b285bdfcf79cf957",
    "type" : "DEFAULT",
    "lastUpdatedDate" : "2022-09-07T15:38:54.836-06:00",
    "links" : [ {
      "rel" : "details",
      "href" : "https://titanapi.churchofjesuschrist.org/assetsearch/api/v2/collection/details/collectionID/673793e06bd96a51a009d2b8b285bdfcf79cf957"
    } ],
    "fileName" : "673793e06bd96a51a009d2b8b285bdfcf79cf957.json"
  }, {
    "path" : "Mobile Media Library/English - Video/Topics/Aaronic Priesthood",
    "collectionID" : "3c5e99a19ba64de294e4feb88de2b5a0",
    "type" : "DEFAULT",
    "lastUpdatedDate" : "2023-01-04T08:55:54.941-07:00",
    "links" : [ {
      "rel" : "details",
      "href" : "https://titanapi.churchofjesuschrist.org/assetsearch/api/v2/collection/details/collectionID/3c5e99a19ba64de294e4feb88de2b5a0"
    } ],
    "fileName" : "3c5e99a19ba64de294e4feb88de2b5a0.json"
  } ],
  "assets" : [ ],
  "fileName" : "bd59191796027fc53f46f5811862b4ff2baaa3b2.json",
  "name" : "Topics",
  "english" : true,
  "publicTitle" : "Topics",
  "description" : "Whether you’re preparing a lesson or looking to enhance your personal study, this collection will help you find videos on various topics, including the Atonement of Christ, personal adversity, baptism, temple worship, and service.",
  "collectionUri" : "topics-list-view"
}