{
  "parentCollectionID" : "b91d19b3a88f45129e9ec20d8c175bfa",
  "parentCollectionPath" : "Mobile Media Library/English - Video/Scriptural Reenactments and Teachings/Book of Mormon Videos",
  "collectionType" : "assets",
  "path" : "Mobile Media Library/English - Video/Scriptural Reenactments and Teachings/Book of Mormon Videos/1 Nephi 1–2",
  "collectionID" : "bd7a6ede5a1a4bbbba5b7c60aa8e62f8",
  "language" : "eng",
  "type" : "DEFAULT",
  "lastUpdatedDate" : "2024-08-22T14:54:05.530-06:00",
  "links" : [ {
    "rel" : "details",
    "href" : "https://titanapi.churchofjesuschrist.org/assetsearch/api/v2/collection/details/collectionID/bd7a6ede5a1a4bbbba5b7c60aa8e62f8"
  } ],
  "coverImages" : [ {
    "asset" : {
      "assetID" : "87677f7462f128462c35b424dd86aad1a16234cf"
    }
  } ],
  "related" : [ ],
  "metadata" : [ {
    "key" : "orderIndex",
    "value" : "2"
  }, {
    "key" : "channel",
    "value" : "mobile",
    "language" : "eng"
  }, {
    "key" : "collectionUri",
    "value" : "1-nephi-1-2",
    "language" : "eng"
  }, {
    "key" : "publicTitle",
    "value" : "1 Nephi 1–2",
    "language" : "eng"
  } ],
  "children" : [ ],
  "assets" : [ {
    "asset" : {
      "assetID" : "1779B6AEB542DC7A21C5EFA437D911A2BC45035D"
    },
    "index" : 0,
    "addedDate" : 1662564747160,
    "metadata" : [ ]
  }, {
    "asset" : {
      "assetID" : "C0BD2DC63F794E1EDB463EA47B7A00F14FD4B27E"
    },
    "index" : 1,
    "addedDate" : 1662564747163,
    "metadata" : [ ]
  }, {
    "asset" : {
      "assetID" : "55D6CE12A0F070D4184C813D9A40D2C6D6F52E59"
    },
    "index" : 2,
    "addedDate" : 1662564747166,
    "metadata" : [ ]
  }, {
    "asset" : {
      "assetID" : "7253EB44323028E4430FCAAECB6325FAD51B38D8"
    },
    "index" : 3,
    "addedDate" : 1662564747170,
    "metadata" : [ ]
  }, {
    "asset" : {
      "assetID" : "913C81998F1888C408103F61B7FD406DF413A92C"
    },
    "index" : 4,
    "addedDate" : 1662564747170,
    "metadata" : [ ]
  }, {
    "asset" : {
      "assetID" : "8B93FDD2F6CAED224830410E150D6E7E3F38E83B"
    },
    "index" : 5,
    "addedDate" : 1662564747170,
    "metadata" : [ ]
  } ],
  "fileName" : "bd7a6ede5a1a4bbbba5b7c60aa8e62f8.json",
  "name" : "1 Nephi 1–2",
  "english" : true,
  "publicTitle" : "1 Nephi 1–2",
  "collectionUri" : "1-nephi-1-2"
}