{
  "parentCollectionID" : "785d520b0d1ee16f41d51ac1f1d37b03e9117f16",
  "parentCollectionPath" : "Mobile Media Library/English - Video/Callings and Trainings/Primary",
  "collectionType" : "assets",
  "path" : "Mobile Media Library/English - Video/Callings and Trainings/Primary/Old Testament Stories",
  "collectionID" : "bda40e554ecd3cbc6f9908a6446db7ef7e685322",
  "language" : "eng",
  "type" : "DEFAULT",
  "lastUpdatedDate" : "2019-10-28T16:40:50.643-06:00",
  "links" : [ {
    "rel" : "details",
    "href" : "https://titanapi.churchofjesuschrist.org/assetsearch/api/v2/collection/details/collectionID/bda40e554ecd3cbc6f9908a6446db7ef7e685322"
  } ],
  "coverImages" : [ {
    "asset" : {
      "assetID" : "94092b5d456dc4efb2b52bd0aa4ebb077114a6da"
    }
  } ],
  "related" : [ ],
  "metadata" : [ {
    "key" : "collectionUri",
    "value" : "primary-old-testament-stories",
    "language" : "eng"
  }, {
    "key" : "publicTitle",
    "value" : "Old Testament Stories",
    "language" : "eng"
  }, {
    "key" : "orderIndex",
    "value" : "10"
  } ],
  "children" : [ ],
  "assets" : [ {
    "asset" : {
      "assetID" : "013e86424fa751706f08e7640d9308ed9fc3db7b"
    },
    "addedDate" : 1479320590077,
    "metadata" : [ ]
  }, {
    "asset" : {
      "assetID" : "02be8827a854a110d406b16c714a0986a7f08000"
    },
    "addedDate" : 1479320606059,
    "metadata" : [ ]
  }, {
    "asset" : {
      "assetID" : "0456b64701d1829415f4dbc6c981292f2e79b681"
    },
    "addedDate" : 1479320578043,
    "metadata" : [ ]
  }, {
    "asset" : {
      "assetID" : "091fc53109507adbaad6efd465d4b58b72f2e822"
    },
    "addedDate" : 1479320600051,
    "metadata" : [ ]
  }, {
    "asset" : {
      "assetID" : "114604ad8759877c6fe6ad91cd26fa734d494661"
    },
    "addedDate" : 1479320598055,
    "metadata" : [ ]
  }, {
    "asset" : {
      "assetID" : "15aa0a372e739de93c8b1457031df53cd37a662c"
    },
    "addedDate" : 1479320601011,
    "metadata" : [ ]
  }, {
    "asset" : {
      "assetID" : "1b1d256ea0e78ea304d86729f5f68e23898c837c"
    },
    "addedDate" : 1479320599084,
    "metadata" : [ ]
  }, {
    "asset" : {
      "assetID" : "1cb6ef0c20f8fbc1de0c26c65b44f3fd85ab2f34"
    },
    "addedDate" : 1479320599023,
    "metadata" : [ ]
  }, {
    "asset" : {
      "assetID" : "2017a314a1a5aeeef535343132ed358bb13cd83f"
    },
    "addedDate" : 1479320594066,
    "metadata" : [ ]
  }, {
    "asset" : {
      "assetID" : "201f0ae39c66978f212fafcb695bf221af56fa42"
    },
    "addedDate" : 1479320604061,
    "metadata" : [ ]
  }, {
    "asset" : {
      "assetID" : "21fb5d22871a4328ebde0a5b0a630619ad370fd6"
    },
    "addedDate" : 1479320581071,
    "metadata" : [ ]
  }, {
    "asset" : {
      "assetID" : "22a0077816bc5242a1e22b928c3a074957e09570"
    },
    "addedDate" : 1479320584029,
    "metadata" : [ ]
  }, {
    "asset" : {
      "assetID" : "2fed46934c6a4b631bc39650f197a4415d2be4f7"
    },
    "addedDate" : 1479320577076,
    "metadata" : [ ]
  }, {
    "asset" : {
      "assetID" : "3952a42be23ea2b64bbb8033ed2edb7f4a5d3bf2"
    },
    "addedDate" : 1479320580041,
    "metadata" : [ ]
  }, {
    "asset" : {
      "assetID" : "3b4ef74c0c4153cba5fdb2022302308ee482d52f"
    },
    "addedDate" : 1479320597022,
    "metadata" : [ ]
  }, {
    "asset" : {
      "assetID" : "3b6ecf6cb74af957925ffe6d2a04a17c4d126e7f"
    },
    "addedDate" : 1479320605096,
    "metadata" : [ ]
  }, {
    "asset" : {
      "assetID" : "3fe67afb831e64e062e1b28c8c036ae7a2507e3b"
    },
    "addedDate" : 1479320579079,
    "metadata" : [ ]
  }, {
    "asset" : {
      "assetID" : "42a31daf638e1824f074899fc33f5bc8098b01bf"
    },
    "addedDate" : 1479320595092,
    "metadata" : [ ]
  }, {
    "asset" : {
      "assetID" : "4317256a76d2a619062f28092deb6361028f921b"
    },
    "addedDate" : 1479320591041,
    "metadata" : [ ]
  }, {
    "asset" : {
      "assetID" : "4489839d7933f4a734e189735f6b785898e090e2"
    },
    "addedDate" : 1479320593038,
    "metadata" : [ ]
  }, {
    "asset" : {
      "assetID" : "61dd288ff6c50f95ac1cd68d9d68364cd60b27fd"
    },
    "addedDate" : 1479320579012,
    "metadata" : [ ]
  }, {
    "asset" : {
      "assetID" : "677a69f4ca7c7676bba859d43734c79c57fb2b81"
    },
    "addedDate" : 1479320607087,
    "metadata" : [ ]
  }, {
    "asset" : {
      "assetID" : "695634d8e4b8ef93ecaf70d69543314051eb4005"
    },
    "addedDate" : 1479320602087,
    "metadata" : [ ]
  }, {
    "asset" : {
      "assetID" : "695bf7868d1d49b157da9c9fb79fc415896c5c48"
    },
    "addedDate" : 1479320601078,
    "metadata" : [ ]
  }, {
    "asset" : {
      "assetID" : "6c04601e3957c4144f4ac76aef8e92dcf95c8cf6"
    },
    "addedDate" : 1479320590015,
    "metadata" : [ ]
  }, {
    "asset" : {
      "assetID" : "705155cf70873a08a9c9fbc6af873ff41d8738fa"
    },
    "addedDate" : 1479320594000,
    "metadata" : [ ]
  }, {
    "asset" : {
      "assetID" : "851583596f8bfa108d94be306688137eadba6890"
    },
    "addedDate" : 1479320592072,
    "metadata" : [ ]
  }, {
    "asset" : {
      "assetID" : "85c1ef5ced785480297889744f318ba95db50aa7"
    },
    "addedDate" : 1479320595029,
    "metadata" : [ ]
  }, {
    "asset" : {
      "assetID" : "8bf976816824c9753f4bd9f7d7bd3f136593ba49"
    },
    "addedDate" : 1479320597091,
    "metadata" : [ ]
  }, {
    "asset" : {
      "assetID" : "9d980e37e3bce2c2710a9e930c0e93dcbdc25c15"
    },
    "addedDate" : 1479320575068,
    "metadata" : [ ]
  }, {
    "asset" : {
      "assetID" : "acbd82a1671b167d7d8a4366922492d774783d00"
    },
    "addedDate" : 1479320581008,
    "metadata" : [ ]
  }, {
    "asset" : {
      "assetID" : "ae8e07e39ae4053bd0a155c4763da7933138cd86"
    },
    "addedDate" : 1479320588089,
    "metadata" : [ ]
  }, {
    "asset" : {
      "assetID" : "b138a36ba5ebc7f83dc3041e81446400febce8cd"
    },
    "addedDate" : 1479320583007,
    "metadata" : [ ]
  }, {
    "asset" : {
      "assetID" : "bbd2ea7d698be21a810edc2e3472e808d4935c3b"
    },
    "addedDate" : 1479320605031,
    "metadata" : [ ]
  }, {
    "asset" : {
      "assetID" : "d49a99d49c72005d3448d3edb842cceae16f7293"
    },
    "addedDate" : 1479320603096,
    "metadata" : [ ]
  }, {
    "asset" : {
      "assetID" : "d4d96b5f835c41338100c5b635923d48a6ce7c50"
    },
    "addedDate" : 1479320587060,
    "metadata" : [ ]
  }, {
    "asset" : {
      "assetID" : "d7e17fe24e2f0b04248801a556b0189e18fbb99a"
    },
    "addedDate" : 1479320588023,
    "metadata" : [ ]
  }, {
    "asset" : {
      "assetID" : "d8dde0a11a35f59a5323f805d03c7fc49908c863"
    },
    "addedDate" : 1479320582036,
    "metadata" : [ ]
  }, {
    "asset" : {
      "assetID" : "d9ec9d6a8ec23d80a7a186f5c503446f583c1c83"
    },
    "addedDate" : 1479320577004,
    "metadata" : [ ]
  }, {
    "asset" : {
      "assetID" : "dd5f0f2114608fc47edc46a8ce149c73ab503ca3"
    },
    "addedDate" : 1479320576038,
    "metadata" : [ ]
  }, {
    "asset" : {
      "assetID" : "eb6f94c7e4897faf76ea3a5b6d5ee43ba4bcc3f5"
    },
    "addedDate" : 1479320585023,
    "metadata" : [ ]
  }, {
    "asset" : {
      "assetID" : "f8a01771d9103a3b699128701c8a4454b4897199"
    },
    "addedDate" : 1479320586095,
    "metadata" : [ ]
  }, {
    "asset" : {
      "assetID" : "e541ffd62bfc976a6c38cb0c6eeeaaae1741bab6"
    },
    "addedDate" : 1479320589051,
    "metadata" : [ ]
  }, {
    "asset" : {
      "assetID" : "c37c9c856cb9d58e97499f31c50486d77af20383"
    },
    "addedDate" : 1479320607024,
    "metadata" : [ ]
  }, {
    "asset" : {
      "assetID" : "f114fc4eed612f4f1bb2c9900242d1a7f1c83453"
    },
    "addedDate" : 1479320596054,
    "metadata" : [ ]
  }, {
    "asset" : {
      "assetID" : "f5fbbb65efb277cd51182e5fdbf8a8057642197d"
    },
    "addedDate" : 1479320586033,
    "metadata" : [ ]
  }, {
    "asset" : {
      "assetID" : "de53f4fdb79c16f66a65cb3b57683c0220941257"
    },
    "addedDate" : 1479320583067,
    "metadata" : [ ]
  }, {
    "asset" : {
      "assetID" : "7029cb07417911ec95e0eeeeac1ece45a69c1bc5"
    },
    "addedDate" : 1663855783776,
    "metadata" : [ ]
  } ],
  "fileName" : "bda40e554ecd3cbc6f9908a6446db7ef7e685322.json",
  "name" : "Old Testament Stories",
  "english" : true,
  "publicTitle" : "Old Testament Stories",
  "collectionUri" : "primary-old-testament-stories"
}