{
  "parentCollectionID" : "bd59191796027fc53f46f5811862b4ff2baaa3b2",
  "parentCollectionPath" : "Mobile Media Library/English - Video/Topics",
  "collectionType" : "assets",
  "path" : "Mobile Media Library/English - Video/Topics/Joy",
  "collectionID" : "be8dde78fa2f4a069077e0815701b2f4",
  "language" : "eng",
  "type" : "DEFAULT",
  "lastUpdatedDate" : "2020-09-20T12:27:02.799-06:00",
  "links" : [ {
    "rel" : "details",
    "href" : "https://titanapi.churchofjesuschrist.org/assetsearch/api/v2/collection/details/collectionID/be8dde78fa2f4a069077e0815701b2f4"
  } ],
  "coverImages" : [ {
    "asset" : {
      "assetID" : "42bdd8bf4738e2f2f15b5ef3c44d85aaf2a0520e"
    }
  } ],
  "related" : [ ],
  "metadata" : [ {
    "key" : "description",
    "value" : "God wants His children to have joy. This collection presents the power of joy that comes from keeping our covenants, serving our families, being parents, and performing temple work.",
    "language" : "eng"
  }, {
    "key" : "collectionUri",
    "value" : "joy-topic",
    "language" : "eng"
  }, {
    "key" : "publicTitle",
    "value" : "Joy",
    "language" : "eng"
  }, {
    "key" : "orderIndex",
    "value" : "52"
  } ],
  "children" : [ ],
  "assets" : [ {
    "asset" : {
      "assetID" : "db3bd9cf8efd3dc3ef034a31966ff92075739b0e"
    },
    "addedDate" : 1577409866932,
    "metadata" : [ ]
  }, {
    "asset" : {
      "assetID" : "de8d47fe0482c01da84237c6298360e00a5e7076"
    },
    "addedDate" : 1577409249637,
    "metadata" : [ ]
  }, {
    "asset" : {
      "assetID" : "377e9e2eb69c73aababff31a2207b49655d29000"
    },
    "addedDate" : 1577409064345,
    "metadata" : [ ]
  }, {
    "asset" : {
      "assetID" : "1bb4cc7d4b07a042c5f2575122e016efc346f697"
    },
    "addedDate" : 1577408736945,
    "metadata" : [ ]
  }, {
    "asset" : {
      "assetID" : "ac77c08237e3bd23d9ab15572318c019fa0d6dbb"
    },
    "addedDate" : 1577408854138,
    "metadata" : [ ]
  }, {
    "asset" : {
      "assetID" : "c3d37264e041913ea66b490bb36ea985082618dd"
    },
    "addedDate" : 1577409938859,
    "metadata" : [ ]
  }, {
    "asset" : {
      "assetID" : "83af032f09938a6ce58b4751b4b331afdccd3a8b"
    },
    "addedDate" : 1577409910404,
    "metadata" : [ ]
  }, {
    "asset" : {
      "assetID" : "dc7b2f2cef5864a9de1b6409fa60db885c774132"
    },
    "addedDate" : 1577408390566,
    "metadata" : [ ]
  }, {
    "asset" : {
      "assetID" : "bf4e4eea2ac414f2c1da9f78b869288ee3b40e25"
    },
    "addedDate" : 1577409284364,
    "metadata" : [ ]
  }, {
    "asset" : {
      "assetID" : "41cb997a7d0536f1d79c5c7515e43f113913c87a"
    },
    "addedDate" : 1577409140435,
    "metadata" : [ ]
  }, {
    "asset" : {
      "assetID" : "df861b0a0c7884940da906c488d2ada254f7f2e9"
    },
    "addedDate" : 1577409010817,
    "metadata" : [ ]
  }, {
    "asset" : {
      "assetID" : "1bd8ba3724bf1aed6d8030e672786f806fbb77d0"
    },
    "addedDate" : 1577410048419,
    "metadata" : [ ]
  }, {
    "asset" : {
      "assetID" : "c8bc4f27c8804b1775cd21b1178d793b36333922"
    },
    "addedDate" : 1577409401792,
    "metadata" : [ ]
  }, {
    "asset" : {
      "assetID" : "b0e5c6aea3ff846eba66bbef1185c03f42ec2cab"
    },
    "addedDate" : 1577408790400,
    "metadata" : [ ]
  }, {
    "asset" : {
      "assetID" : "b69c98dc463465a4b24f7a02c9f23dd6c12b4f24"
    },
    "addedDate" : 1577408914601,
    "metadata" : [ ]
  }, {
    "asset" : {
      "assetID" : "5c2982693b97b84153618690c952e6e6cd80afaf"
    },
    "addedDate" : 1577408964666,
    "metadata" : [ ]
  }, {
    "asset" : {
      "assetID" : "b303b4c3a6b44537d3af60c575d18a039f94f787"
    },
    "addedDate" : 1577409528772,
    "metadata" : [ ]
  } ],
  "fileName" : "be8dde78fa2f4a069077e0815701b2f4.json",
  "name" : "Joy",
  "english" : true,
  "publicTitle" : "Joy",
  "description" : "God wants His children to have joy. This collection presents the power of joy that comes from keeping our covenants, serving our families, being parents, and performing temple work.",
  "collectionUri" : "joy-topic"
}