{
  "parentCollectionID" : "48bf4502c61b21234c27defe6561bca91dbd53f3",
  "parentCollectionPath" : "Mobile Media Library/English - Video/Broadcasts/Christmas Devotionals",
  "collectionType" : "assets",
  "path" : "Mobile Media Library/English - Video/Broadcasts/Christmas Devotionals/2012 First Presidency's Christmas Devotional",
  "collectionID" : "beab4df62153c31419366caa49cbb7fbbf96dfc1",
  "language" : "eng",
  "type" : "DEFAULT",
  "lastUpdatedDate" : "2023-12-01T15:05:22.400-07:00",
  "links" : [ {
    "rel" : "details",
    "href" : "https://titanapi.churchofjesuschrist.org/assetsearch/api/v2/collection/details/collectionID/beab4df62153c31419366caa49cbb7fbbf96dfc1"
  } ],
  "coverImages" : [ {
    "asset" : {
      "assetID" : "320234a807fce30b77d716685cbd138e2b1cd55d"
    }
  } ],
  "related" : [ ],
  "metadata" : [ {
    "key" : "orderIndex",
    "value" : "13"
  }, {
    "key" : "channel",
    "value" : "mobile",
    "language" : "eng"
  }, {
    "key" : "collectionUri",
    "value" : "2012-first-presidencys-christmas-devotional",
    "language" : "eng"
  }, {
    "key" : "publicTitle",
    "value" : "2012 First Presidency's Christmas Devotional",
    "language" : "eng"
  } ],
  "children" : [ ],
  "assets" : [ {
    "asset" : {
      "assetID" : "2012-12-0021-o-little-town-of-bethlehem-eng"
    },
    "addedDate" : 1478542118033,
    "metadata" : [ ]
  }, {
    "asset" : {
      "assetID" : "6a6uuha8f7hqsx5u9z4qi5ed8ohzwc2uuv0vmsp4"
    },
    "addedDate" : 1478542118033,
    "metadata" : [ ]
  }, {
    "asset" : {
      "assetID" : "2012-12-0002-what-child-is-this-eng"
    },
    "addedDate" : 1478542118033,
    "metadata" : [ ]
  }, {
    "asset" : {
      "assetID" : "jcqmshvpxyg86q7nb0zzcrbvgr8qrsp8v49273cn"
    },
    "addedDate" : 1478542118033,
    "metadata" : [ ]
  }, {
    "asset" : {
      "assetID" : "2012-12-0031-silent-night-eng"
    },
    "addedDate" : 1478542118033,
    "metadata" : [ ]
  }, {
    "asset" : {
      "assetID" : "2rdwot0bo65iqebkr4dksqjwn3cv9k6g5nkb2z5j"
    },
    "addedDate" : 1478542118033,
    "metadata" : [ ]
  }, {
    "asset" : {
      "assetID" : "2012-12-0001-o-come-all-ye-faithful-eng"
    },
    "addedDate" : 1478542118033,
    "metadata" : [ ]
  }, {
    "asset" : {
      "assetID" : "e18mnmh110uh3xmi29o72zu9dwathx1fvchr7wi5"
    },
    "addedDate" : 1478542118033,
    "metadata" : [ ]
  } ],
  "fileName" : "beab4df62153c31419366caa49cbb7fbbf96dfc1.json",
  "name" : "2012 First Presidency's Christmas Devotional",
  "english" : true,
  "publicTitle" : "2012 First Presidency's Christmas Devotional",
  "collectionUri" : "2012-first-presidencys-christmas-devotional"
}