{
  "parentCollectionID" : "91771842fbbb7d811f5a115ac78e403ba6e5d528",
  "parentCollectionPath" : "Mobile Media Library/English - Video/Inspiration",
  "collectionType" : "assets",
  "path" : "Mobile Media Library/English - Video/Inspiration/Films",
  "collectionID" : "c005b392f3304c3ca60a063fd18f2ddd",
  "language" : "eng",
  "type" : "DEFAULT",
  "lastUpdatedDate" : "2024-10-10T14:26:57.071-06:00",
  "links" : [ {
    "rel" : "details",
    "href" : "https://titanapi.churchofjesuschrist.org/assetsearch/api/v2/collection/details/collectionID/c005b392f3304c3ca60a063fd18f2ddd"
  } ],
  "coverImages" : [ {
    "asset" : {
      "assetID" : "a21cf1e5f47cc8ceec50aeb3785e84f8fdd54c3e"
    }
  } ],
  "related" : [ ],
  "metadata" : [ {
    "key" : "orderIndex",
    "value" : "6"
  }, {
    "key" : "channel",
    "value" : "mobile",
    "language" : "eng"
  }, {
    "key" : "description",
    "value" : "Classic Latter-day Saint short films and long-running movies that span decades, including Man's Search for Happiness, Finding Faith in Christ, and Joseph Smith: Prophet of the Restoration.",
    "language" : "eng"
  }, {
    "key" : "collectionUri",
    "value" : "feature-films-video-collection",
    "language" : "eng"
  }, {
    "key" : "publicTitle",
    "value" : "Films",
    "language" : "eng"
  } ],
  "children" : [ ],
  "assets" : [ {
    "asset" : {
      "assetID" : "544f57c5c83a96ec2dc366bafacfccef92c058eb"
    },
    "index" : 15,
    "addedDate" : 1721775564388,
    "metadata" : [ ]
  }, {
    "asset" : {
      "assetID" : "5beec0865528df0cdbeab8fc500b2b8059904074"
    },
    "index" : 6,
    "addedDate" : 1576527835573,
    "metadata" : [ ]
  }, {
    "asset" : {
      "assetID" : "f36b4fd026046bd5e21a0001ebf5aff8a64570ec"
    },
    "index" : 9,
    "addedDate" : 1576527835573,
    "metadata" : [ ]
  }, {
    "asset" : {
      "assetID" : "a47cb385441ece32ae3fd7c2322af4672a6d4702"
    },
    "index" : 4,
    "addedDate" : 1576527835590,
    "metadata" : [ ]
  }, {
    "asset" : {
      "assetID" : "d793b794a5acceb02e5a79d3c431f60a47829f1c"
    },
    "index" : 7,
    "addedDate" : 1576527835590,
    "metadata" : [ ]
  }, {
    "asset" : {
      "assetID" : "7fc7a82f77be9711408c1658e5e8938738edd7ed"
    },
    "index" : 16,
    "addedDate" : 1721775564489,
    "metadata" : [ ]
  }, {
    "asset" : {
      "assetID" : "823670f82b077417da261fd03f4df35e3ea87122"
    },
    "index" : 18,
    "addedDate" : 1724350678880,
    "metadata" : [ ]
  }, {
    "asset" : {
      "assetID" : "d0d72378a6646d8d34f0f0c652ae156e891dc814"
    },
    "index" : 17,
    "addedDate" : 1724282058989,
    "metadata" : [ ]
  }, {
    "asset" : {
      "assetID" : "2b2300448890b2f38e6dd2ad566525f10a92cca0"
    },
    "index" : 13,
    "addedDate" : 1581682174848,
    "metadata" : [ ]
  }, {
    "asset" : {
      "assetID" : "d066d7dc96beb36afda7e4d706d6644bab88b3ea"
    },
    "index" : 11,
    "addedDate" : 1576527835590,
    "metadata" : [ ]
  }, {
    "asset" : {
      "assetID" : "a481f9dc0f24752f40b901e17afebd6573f2bc18"
    },
    "index" : 2,
    "addedDate" : 1576527835590,
    "metadata" : [ ]
  }, {
    "asset" : {
      "assetID" : "bc60c6693ae3423248f91db3342fc854f83fdfc9"
    },
    "index" : 10,
    "addedDate" : 1576527835590,
    "metadata" : [ ]
  }, {
    "asset" : {
      "assetID" : "743e66f4bf5721067b60f6660304011913556c8e"
    },
    "index" : 0,
    "addedDate" : 1581681564139,
    "metadata" : [ ]
  }, {
    "asset" : {
      "assetID" : "8a9de39488e7428086bbd1114a795378b8a23916"
    },
    "index" : 12,
    "addedDate" : 1593146928132,
    "metadata" : [ ]
  }, {
    "asset" : {
      "assetID" : "83891ee8a4b03b4a6b41f075e0ecd508676c908a"
    },
    "index" : 1,
    "addedDate" : 1728591971760,
    "metadata" : [ ]
  }, {
    "asset" : {
      "assetID" : "9e0cd8c6be59b62d26377bf486f5284c4bc20d0f"
    },
    "index" : 14,
    "addedDate" : 1632956861963,
    "metadata" : [ ]
  }, {
    "asset" : {
      "assetID" : "e56a6a696bb4bbc0f7e86f0fa2a2a69e5f0cb341"
    },
    "index" : 8,
    "addedDate" : 1632956876256,
    "metadata" : [ ]
  }, {
    "asset" : {
      "assetID" : "cb1851a7bc9d11ee8aa5eeeeac1ef59685d241ba"
    },
    "index" : 5,
    "addedDate" : 1707863690698,
    "metadata" : [ ]
  }, {
    "asset" : {
      "assetID" : "e481e756bc9d11ee8954eeeeac1e856440bc7f79"
    },
    "index" : 3,
    "addedDate" : 1707863702710,
    "metadata" : [ ]
  } ],
  "fileName" : "c005b392f3304c3ca60a063fd18f2ddd.json",
  "name" : "Films",
  "english" : true,
  "publicTitle" : "Films",
  "description" : "Classic Latter-day Saint short films and long-running movies that span decades, including Man's Search for Happiness, Finding Faith in Christ, and Joseph Smith: Prophet of the Restoration.",
  "collectionUri" : "feature-films-video-collection"
}