{
  "parentCollectionID" : "8c9da04b1c474f14945591ea4efe87e5",
  "parentCollectionPath" : "Mobile Media Library/English - Video/Scriptural Reenactments and Teachings/Scripture Stories for Young Readers",
  "collectionType" : "assets",
  "path" : "Mobile Media Library/English - Video/Scriptural Reenactments and Teachings/Scripture Stories for Young Readers/Old Testament Scripture Stories",
  "collectionID" : "c10830a695924fbc9e2a0a482077d9f7",
  "language" : "eng",
  "type" : "DEFAULT",
  "lastUpdatedDate" : "2022-09-07T08:16:28.108-06:00",
  "links" : [ {
    "rel" : "details",
    "href" : "https://titanapi.churchofjesuschrist.org/assetsearch/api/v2/collection/details/collectionID/c10830a695924fbc9e2a0a482077d9f7"
  } ],
  "coverImages" : [ {
    "asset" : {
      "assetID" : "3770dfdd543d21480f3aedfc989da46476d91a87"
    }
  } ],
  "related" : [ ],
  "metadata" : [ {
    "key" : "orderIndex",
    "value" : "4"
  }, {
    "key" : "channel",
    "value" : "mobile",
    "language" : "eng"
  }, {
    "key" : "collectionUri",
    "value" : "old-testament-scripture-stories-for-young-readers",
    "language" : "eng"
  }, {
    "key" : "publicTitle",
    "value" : "Old Testament Scripture Stories",
    "language" : "eng"
  } ],
  "children" : [ ],
  "assets" : [ {
    "asset" : {
      "assetID" : "003f794e375611ec8193eeeeac1ebf62dddd04bb"
    },
    "addedDate" : 1662560170260,
    "metadata" : [ ]
  }, {
    "asset" : {
      "assetID" : "00360c63375611ec91c8eeeeac1e74a3d476a2db"
    },
    "addedDate" : 1662560170250,
    "metadata" : [ ]
  }, {
    "asset" : {
      "assetID" : "0027d287375611ec95e0eeeeac1ece45bfc58571"
    },
    "addedDate" : 1662560170253,
    "metadata" : [ ]
  }, {
    "asset" : {
      "assetID" : "002fc22e375611ecac35eeeeac1e7c590a7e5876"
    },
    "addedDate" : 1662560170253,
    "metadata" : [ ]
  }, {
    "asset" : {
      "assetID" : "0047b689375611ec8aafeeeeac1e5e363322e902"
    },
    "addedDate" : 1662560170263,
    "metadata" : [ ]
  }, {
    "asset" : {
      "assetID" : "0051057f375611eca0a3eeeeac1ed903fad9ce31"
    },
    "addedDate" : 1662560170250,
    "metadata" : [ ]
  }, {
    "asset" : {
      "assetID" : "0058f4a9375611ecb675eeeeac1e6a699c1bf9ad"
    },
    "addedDate" : 1662560170250,
    "metadata" : [ ]
  }, {
    "asset" : {
      "assetID" : "0060e402375611eca4deeeeeac1e54b6c8355651"
    },
    "addedDate" : 1662560170263,
    "metadata" : [ ]
  }, {
    "asset" : {
      "assetID" : "00674c7c375611eca29deeeeac1e03f930c7e034"
    },
    "addedDate" : 1662560170256,
    "metadata" : [ ]
  }, {
    "asset" : {
      "assetID" : "0071d3f8375611ecbcf7eeeeac1e744e4ea869f0"
    },
    "addedDate" : 1662560170253,
    "metadata" : [ ]
  }, {
    "asset" : {
      "assetID" : "00799c05375611ec83ebeeeeac1e20b31e060097"
    },
    "addedDate" : 1662560170246,
    "metadata" : [ ]
  }, {
    "asset" : {
      "assetID" : "0088de1c375611ecb890eeeeac1e0eb4ddc69357"
    },
    "addedDate" : 1662560170256,
    "metadata" : [ ]
  }, {
    "asset" : {
      "assetID" : "3f7e2a95fd6511ec9efbeeeeac1e1becacf54e9f"
    },
    "addedDate" : 1662560170240,
    "metadata" : [ ]
  }, {
    "asset" : {
      "assetID" : "4dc6d2e3fd6611ec9c1beeeeac1eff8a782e133c"
    },
    "addedDate" : 1662560170266,
    "metadata" : [ ]
  }, {
    "asset" : {
      "assetID" : "0274f191fd6711ecaf04eeeeac1ea9a8794050e8"
    },
    "addedDate" : 1662560170260,
    "metadata" : [ ]
  }, {
    "asset" : {
      "assetID" : "e0e1aaf2fd6611ec8639eeeeac1ee03d881d20ea"
    },
    "addedDate" : 1662560170260,
    "metadata" : [ ]
  } ],
  "fileName" : "c10830a695924fbc9e2a0a482077d9f7.json",
  "name" : "Old Testament Scripture Stories",
  "english" : true,
  "publicTitle" : "Old Testament Scripture Stories",
  "collectionUri" : "old-testament-scripture-stories-for-young-readers"
}