{
  "parentCollectionID" : "40c5006ffe5757e9f0d51c921eadb29b3caefafb",
  "parentCollectionPath" : "Mobile Media Library/English - Video/Callings and Trainings/Military and Chaplains/Chaplain Seminars and Trainings",
  "collectionType" : "assets",
  "path" : "Mobile Media Library/English - Video/Callings and Trainings/Military and Chaplains/Chaplain Seminars and Trainings/Chaplain Seminars and Training 2019",
  "collectionID" : "c11cc9bbafc64b7e87f14919cd128774",
  "language" : "eng",
  "type" : "DEFAULT",
  "lastUpdatedDate" : "2021-01-14T21:49:31.964-07:00",
  "links" : [ {
    "rel" : "details",
    "href" : "https://titanapi.churchofjesuschrist.org/assetsearch/api/v2/collection/details/collectionID/c11cc9bbafc64b7e87f14919cd128774"
  } ],
  "coverImages" : [ {
    "asset" : {
      "assetID" : "b86a31d80986f1f7aa61c0eaa22ddbd4e595f94e"
    }
  } ],
  "related" : [ ],
  "metadata" : [ {
    "key" : "collectionUri",
    "value" : "chaplain-seminars-training-2019",
    "language" : "eng"
  }, {
    "key" : "publicTitle",
    "value" : "Chaplain Seminars and Training 2019",
    "language" : "eng"
  }, {
    "key" : "orderIndex",
    "value" : "4"
  } ],
  "children" : [ ],
  "assets" : [ {
    "asset" : {
      "assetID" : "52F590B312D005F18FA6EAD2101D56EF646FC888"
    },
    "index" : 3,
    "addedDate" : 1610687117555,
    "metadata" : [ ]
  }, {
    "asset" : {
      "assetID" : "62F4BEADBA7A83F3B3E27491B0BDEAD274C39F89"
    },
    "index" : 1,
    "addedDate" : 1610687117052,
    "metadata" : [ ]
  }, {
    "asset" : {
      "assetID" : "0CEB753E169BC1B89FE15C9BC51EFC9186BCA9ED"
    },
    "index" : 0,
    "addedDate" : 1610687116784,
    "metadata" : [ ]
  }, {
    "asset" : {
      "assetID" : "3C4B3EC12E373C927C8110067963C9364697F42B"
    },
    "index" : 2,
    "addedDate" : 1610687117302,
    "metadata" : [ ]
  }, {
    "asset" : {
      "assetID" : "1569BFDDDE9CBA943E768B253A83F17F492C7B68"
    },
    "index" : 4,
    "addedDate" : 1610687117810,
    "metadata" : [ ]
  }, {
    "asset" : {
      "assetID" : "E5F6137B74B4B5994EB019B96264E983DD50E329"
    },
    "index" : 6,
    "addedDate" : 1610687118418,
    "metadata" : [ ]
  }, {
    "asset" : {
      "assetID" : "6B66B0E0EC27A91CD695654C9EFB9F3901415F74"
    },
    "index" : 13,
    "addedDate" : 1610687120512,
    "metadata" : [ ]
  }, {
    "asset" : {
      "assetID" : "1498378074E4271AFA89D97523D3A9F1B23595D9"
    },
    "index" : 8,
    "addedDate" : 1610687119012,
    "metadata" : [ ]
  }, {
    "asset" : {
      "assetID" : "3D3B93F967FAD747E70B476F72A010BED859144D"
    },
    "index" : 11,
    "addedDate" : 1610687119918,
    "metadata" : [ ]
  }, {
    "asset" : {
      "assetID" : "1FA2AFC5C59894175520B9C0691F7FA7FCAB7196"
    },
    "index" : 17,
    "addedDate" : 1610687121686,
    "metadata" : [ ]
  }, {
    "asset" : {
      "assetID" : "256F138A0AE13CFF6837C4CA60927C710EE02331"
    },
    "index" : 5,
    "addedDate" : 1610687118105,
    "metadata" : [ ]
  }, {
    "asset" : {
      "assetID" : "9AA90BEC715EDC74B64C46FD6631992C8911A319"
    },
    "index" : 21,
    "addedDate" : 1610687122841,
    "metadata" : [ ]
  }, {
    "asset" : {
      "assetID" : "94D78979F0D8ADC056197E4EDA3C4135222FFBD0"
    },
    "index" : 12,
    "addedDate" : 1610687120216,
    "metadata" : [ ]
  }, {
    "asset" : {
      "assetID" : "9E75632A603EC92956E92B6FE72F8C3FB1C105E7"
    },
    "index" : 7,
    "addedDate" : 1610687118714,
    "metadata" : [ ]
  }, {
    "asset" : {
      "assetID" : "2CC7ED4F02273B3C4EBC58D000B83B6501BCC021"
    },
    "index" : 10,
    "addedDate" : 1610687119635,
    "metadata" : [ ]
  }, {
    "asset" : {
      "assetID" : "4BBC3C112AB79A51019797BE99B6B339FB56CAA5"
    },
    "index" : 22,
    "addedDate" : 1610687123138,
    "metadata" : [ ]
  }, {
    "asset" : {
      "assetID" : "3E76B0879C5C92BF43AD26C341DE1B75404D07F6"
    },
    "index" : 14,
    "addedDate" : 1610687120810,
    "metadata" : [ ]
  }, {
    "asset" : {
      "assetID" : "0C0A613C635BCFE4CE34DAEA41B08D3603C025A4"
    },
    "index" : 20,
    "addedDate" : 1610687122556,
    "metadata" : [ ]
  }, {
    "asset" : {
      "assetID" : "5DF5ED3BC3DC0A6D9CC5C2CEDA271AD5B521AE04"
    },
    "index" : 16,
    "addedDate" : 1610687121400,
    "metadata" : [ ]
  }, {
    "asset" : {
      "assetID" : "E3F6AFAB2A5B2F84F929A28E61B7E66A1D519E11"
    },
    "index" : 19,
    "addedDate" : 1610687122263,
    "metadata" : [ ]
  }, {
    "asset" : {
      "assetID" : "6C612219723D737764E548CF7CA0F614F8CD62CD"
    },
    "index" : 18,
    "addedDate" : 1610687121966,
    "metadata" : [ ]
  }, {
    "asset" : {
      "assetID" : "1B7EFCD66AB9DD40E74D083EE8FCE1E869CF7543"
    },
    "index" : 15,
    "addedDate" : 1610687121106,
    "metadata" : [ ]
  }, {
    "asset" : {
      "assetID" : "9D08C0243F82113D74EA4EBB02C3B8278E691130"
    },
    "index" : 9,
    "addedDate" : 1610687119339,
    "metadata" : [ ]
  } ],
  "fileName" : "c11cc9bbafc64b7e87f14919cd128774.json",
  "name" : "Chaplain Seminars and Training 2019",
  "english" : true,
  "publicTitle" : "Chaplain Seminars and Training 2019",
  "collectionUri" : "chaplain-seminars-training-2019"
}