{
  "parentCollectionID" : "bd59191796027fc53f46f5811862b4ff2baaa3b2",
  "parentCollectionPath" : "Mobile Media Library/English - Video/Topics",
  "collectionType" : "assets",
  "path" : "Mobile Media Library/English - Video/Topics/Healing",
  "collectionID" : "c1f4d2d9960243b9979e25d95947f01e",
  "language" : "eng",
  "type" : "DEFAULT",
  "lastUpdatedDate" : "2020-09-20T12:30:39.399-06:00",
  "links" : [ {
    "rel" : "details",
    "href" : "https://titanapi.churchofjesuschrist.org/assetsearch/api/v2/collection/details/collectionID/c1f4d2d9960243b9979e25d95947f01e"
  } ],
  "coverImages" : [ {
    "asset" : {
      "assetID" : "f44b1fb4ded146ecf1bf8a3708bb8e9c5bb220c2"
    }
  } ],
  "related" : [ ],
  "metadata" : [ {
    "key" : "description",
    "value" : "This collection talks about the miracles of God and His priesthood power bestowed on the ordained and how they bring healing to both body and spirit through blessings and prayer.",
    "language" : "eng"
  }, {
    "key" : "collectionUri",
    "value" : "healing-topic",
    "language" : "eng"
  }, {
    "key" : "publicTitle",
    "value" : "Healing",
    "language" : "eng"
  }, {
    "key" : "orderIndex",
    "value" : "42"
  } ],
  "children" : [ ],
  "assets" : [ {
    "asset" : {
      "assetID" : "7c86764effa4401ce467855e91e1ee94927ec3aa"
    },
    "addedDate" : 1577403476425,
    "metadata" : [ ]
  }, {
    "asset" : {
      "assetID" : "08f3da47d974102459998d98376a5e8d4e09481e"
    },
    "addedDate" : 1577403960294,
    "metadata" : [ ]
  }, {
    "asset" : {
      "assetID" : "cd963e2bc2f255e9c2055f9eef73da05740a9ff3"
    },
    "addedDate" : 1577403676462,
    "metadata" : [ ]
  }, {
    "asset" : {
      "assetID" : "be422c6f85070eb916e5ad5a2871e4da0cf90c76"
    },
    "addedDate" : 1577403866113,
    "metadata" : [ ]
  }, {
    "asset" : {
      "assetID" : "ac77c08237e3bd23d9ab15572318c019fa0d6dbb"
    },
    "addedDate" : 1577402857065,
    "metadata" : [ ]
  }, {
    "asset" : {
      "assetID" : "727b1051dd114dce090c5b14faaef42280d7fd03"
    },
    "addedDate" : 1577403725284,
    "metadata" : [ ]
  }, {
    "asset" : {
      "assetID" : "581ef80aa78eab0e0078f713796ac32b050e06ab"
    },
    "addedDate" : 1577403625405,
    "metadata" : [ ]
  }, {
    "asset" : {
      "assetID" : "fa093de52372587f4428f34ca00c186fdf6b4673"
    },
    "addedDate" : 1577403828546,
    "metadata" : [ ]
  }, {
    "asset" : {
      "assetID" : "e5ddd68e0986da1e131b3b912dfdb271b0e5b52e"
    },
    "addedDate" : 1577403404837,
    "metadata" : [ ]
  }, {
    "asset" : {
      "assetID" : "ed1c9a44fbcecf5bebeeaa0c61573cb357355b27"
    },
    "addedDate" : 1577404067514,
    "metadata" : [ ]
  }, {
    "asset" : {
      "assetID" : "921aa2e7b726cdbdf5e6ba0744e27bb3b12b3127"
    },
    "addedDate" : 1577403781016,
    "metadata" : [ ]
  }, {
    "asset" : {
      "assetID" : "b9a1409a8b3f62422a43dc2a05c33ee15134cbc1"
    },
    "addedDate" : 1577402790581,
    "metadata" : [ ]
  }, {
    "asset" : {
      "assetID" : "b6cd8a24f003c00edbea5e4169c8a38e80d6810e"
    },
    "addedDate" : 1577403271001,
    "metadata" : [ ]
  }, {
    "asset" : {
      "assetID" : "9a9cf7e22f4801fbb7eb6d23efecab4d79183e04"
    },
    "addedDate" : 1577403192621,
    "metadata" : [ ]
  }, {
    "asset" : {
      "assetID" : "5490f85804e830c4946004838a74ff054443587b"
    },
    "addedDate" : 1577403341446,
    "metadata" : [ ]
  }, {
    "asset" : {
      "assetID" : "b1290d9fbc2f7f66db1a9b112827d8683f9a3189"
    },
    "addedDate" : 1577404015432,
    "metadata" : [ ]
  }, {
    "asset" : {
      "assetID" : "a78056cf3a98d727288c7b2b03570501db85f609"
    },
    "addedDate" : 1577403539703,
    "metadata" : [ ]
  } ],
  "fileName" : "c1f4d2d9960243b9979e25d95947f01e.json",
  "name" : "Healing",
  "english" : true,
  "publicTitle" : "Healing",
  "description" : "This collection talks about the miracles of God and His priesthood power bestowed on the ordained and how they bring healing to both body and spirit through blessings and prayer.",
  "collectionUri" : "healing-topic"
}