{
  "parentCollectionID" : "5eb1c2c42f8308ed70ebf916ae78ecac55ceb469",
  "parentCollectionPath" : "Mobile Media Library/English - Video/Life Help/Self-Reliance Services and PEF/Find a Better Job",
  "collectionType" : "assets",
  "path" : "Mobile Media Library/English - Video/Life Help/Self-Reliance Services and PEF/Find a Better Job/Chapter 02: Networking",
  "collectionID" : "c2f754d3527504e0d559d9603080a2bc5efe43c2",
  "language" : "eng",
  "type" : "DEFAULT",
  "lastUpdatedDate" : "2019-10-28T16:40:50.643-06:00",
  "links" : [ {
    "rel" : "details",
    "href" : "https://titanapi.churchofjesuschrist.org/assetsearch/api/v2/collection/details/collectionID/c2f754d3527504e0d559d9603080a2bc5efe43c2"
  } ],
  "coverImages" : [ {
    "asset" : {
      "assetID" : "bdaf9bd72676e77210e2aa161ed7474a6ee2181d"
    }
  } ],
  "related" : [ ],
  "metadata" : [ {
    "key" : "collectionUri",
    "value" : "chapter-2-networking",
    "language" : "eng"
  }, {
    "key" : "publicTitle",
    "value" : "Chapter 02: Networking",
    "language" : "eng"
  } ],
  "children" : [ ],
  "assets" : [ {
    "asset" : {
      "assetID" : "a9095d1c6b21310488d32400051013f3bdf83bc3"
    },
    "addedDate" : 1490648741028,
    "metadata" : [ ]
  }, {
    "asset" : {
      "assetID" : "88ed396891f367d8f9047bee5159787c5f18c5ba"
    },
    "addedDate" : 1490648675021,
    "metadata" : [ ]
  } ],
  "fileName" : "c2f754d3527504e0d559d9603080a2bc5efe43c2.json",
  "name" : "Chapter 02: Networking",
  "english" : true,
  "publicTitle" : "Chapter 02: Networking",
  "collectionUri" : "chapter-2-networking"
}