{
  "parentCollectionID" : "c0c5f76ced4d61d23a94b69f136869f2ca41991a",
  "parentCollectionPath" : "Mobile Media Library/English - Video/Life Help/Self-Reliance Services and PEF/Self-Reliance: My Foundation",
  "collectionType" : "assets",
  "path" : "Mobile Media Library/English - Video/Life Help/Self-Reliance Services and PEF/Self-Reliance: My Foundation/Principle 03: Be Obedient",
  "collectionID" : "c3c16d8fdcc61d48858ce594375e4b31da5afb09",
  "language" : "eng",
  "type" : "DEFAULT",
  "lastUpdatedDate" : "2019-10-28T16:40:50.643-06:00",
  "links" : [ {
    "rel" : "details",
    "href" : "https://titanapi.churchofjesuschrist.org/assetsearch/api/v2/collection/details/collectionID/c3c16d8fdcc61d48858ce594375e4b31da5afb09"
  } ],
  "coverImages" : [ {
    "asset" : {
      "assetID" : "44725c5dc9ca2094ce1b2092b87064d5a13685ff"
    }
  } ],
  "related" : [ ],
  "metadata" : [ {
    "key" : "collectionUri",
    "value" : "principle-3-be-obedient",
    "language" : "eng"
  }, {
    "key" : "publicTitle",
    "value" : "Principle 03: Be Obedient",
    "language" : "eng"
  } ],
  "children" : [ ],
  "assets" : [ {
    "asset" : {
      "assetID" : "0b2e66c62ad8fe015ad8dabcbe7c918f06b7b29c"
    },
    "addedDate" : 1478718161069,
    "metadata" : [ ]
  } ],
  "fileName" : "c3c16d8fdcc61d48858ce594375e4b31da5afb09.json",
  "name" : "Principle 03: Be Obedient",
  "english" : true,
  "publicTitle" : "Principle 03: Be Obedient",
  "collectionUri" : "principle-3-be-obedient"
}