{
  "parentCollectionID" : "8d8905cef700b03cb3afaabc032a3af882139e59",
  "parentCollectionPath" : "Mobile Media Library/English - Video",
  "collectionType" : "collections",
  "path" : "Mobile Media Library/English - Video/People",
  "collectionID" : "c43c3a9059344f6eab698febc60a01e5",
  "language" : "eng",
  "type" : "DEFAULT",
  "lastUpdatedDate" : "2020-08-18T19:03:07.602-06:00",
  "links" : [ {
    "rel" : "details",
    "href" : "https://titanapi.churchofjesuschrist.org/assetsearch/api/v2/collection/details/collectionID/c43c3a9059344f6eab698febc60a01e5"
  } ],
  "coverImages" : [ {
    "asset" : {
      "assetID" : "b13fda4e27881246892cbde12e7716f9f8c33c6a"
    }
  } ],
  "related" : [ ],
  "metadata" : [ {
    "key" : "description",
    "value" : "Find videos featuring current and former leaders of the Church, including apostles and prophets, Relief Society General Presidencies, and other General Officers.",
    "language" : "eng"
  }, {
    "key" : "collectionUri",
    "value" : "people",
    "language" : "eng"
  }, {
    "key" : "publicTitle",
    "value" : "People",
    "language" : "eng"
  }, {
    "key" : "orderIndex",
    "value" : "13"
  } ],
  "children" : [ {
    "path" : "Mobile Media Library/English - Video/People/Prophets and Apostles Memorials",
    "collectionID" : "31e95fdd3276483caef9d4efd10ce0e2",
    "type" : "DEFAULT",
    "lastUpdatedDate" : "2024-11-08T19:57:05.413-07:00",
    "links" : [ {
      "rel" : "details",
      "href" : "https://titanapi.churchofjesuschrist.org/assetsearch/api/v2/collection/details/collectionID/31e95fdd3276483caef9d4efd10ce0e2"
    } ],
    "fileName" : "31e95fdd3276483caef9d4efd10ce0e2.json"
  }, {
    "path" : "Mobile Media Library/English - Video/People/Latter-day Prophets",
    "collectionID" : "6109651b42f34f49b5930bfbe1197caa",
    "type" : "DEFAULT",
    "lastUpdatedDate" : "2020-08-25T15:14:05.683-06:00",
    "links" : [ {
      "rel" : "details",
      "href" : "https://titanapi.churchofjesuschrist.org/assetsearch/api/v2/collection/details/collectionID/6109651b42f34f49b5930bfbe1197caa"
    } ],
    "fileName" : "6109651b42f34f49b5930bfbe1197caa.json"
  }, {
    "path" : "Mobile Media Library/English - Video/People/Latter-day Apostles",
    "collectionID" : "d5e8644312c74774b43cca21ad6ca6a0",
    "type" : "DEFAULT",
    "lastUpdatedDate" : "2020-08-25T15:14:46.542-06:00",
    "links" : [ {
      "rel" : "details",
      "href" : "https://titanapi.churchofjesuschrist.org/assetsearch/api/v2/collection/details/collectionID/d5e8644312c74774b43cca21ad6ca6a0"
    } ],
    "fileName" : "d5e8644312c74774b43cca21ad6ca6a0.json"
  }, {
    "path" : "Mobile Media Library/English - Video/People/Latter-day General Authorities and Officers",
    "collectionID" : "e60f922e58584686ad44d42a17a6dd66",
    "type" : "DEFAULT",
    "lastUpdatedDate" : "2020-08-25T15:15:14.662-06:00",
    "links" : [ {
      "rel" : "details",
      "href" : "https://titanapi.churchofjesuschrist.org/assetsearch/api/v2/collection/details/collectionID/e60f922e58584686ad44d42a17a6dd66"
    } ],
    "fileName" : "e60f922e58584686ad44d42a17a6dd66.json"
  } ],
  "assets" : [ ],
  "fileName" : "c43c3a9059344f6eab698febc60a01e5.json",
  "name" : "People",
  "english" : true,
  "publicTitle" : "People",
  "description" : "Find videos featuring current and former leaders of the Church, including apostles and prophets, Relief Society General Presidencies, and other General Officers.",
  "collectionUri" : "people"
}