{
  "parentCollectionID" : "b43d757eb019f6607ea99cf31d4f98fd0466720b",
  "parentCollectionPath" : "Mobile Media Library/English - Video/Videos for Children",
  "collectionType" : "assets",
  "path" : "Mobile Media Library/English - Video/Videos for Children/Come Learn With Me: Book of Mormon",
  "collectionID" : "c4bec769939a4303b1043548d28f6725",
  "language" : "eng",
  "type" : "DEFAULT",
  "lastUpdatedDate" : "2024-07-31T14:04:10.307-06:00",
  "links" : [ {
    "rel" : "details",
    "href" : "https://titanapi.churchofjesuschrist.org/assetsearch/api/v2/collection/details/collectionID/c4bec769939a4303b1043548d28f6725"
  } ],
  "coverImages" : [ {
    "asset" : {
      "assetID" : "1a18739b92aa5084e232489113381be0426c5d18"
    }
  } ],
  "related" : [ ],
  "metadata" : [ {
    "key" : "orderIndex",
    "value" : "8"
  }, {
    "key" : "channel",
    "value" : "mobile",
    "language" : "eng"
  }, {
    "key" : "collectionUri",
    "value" : "come-learn-with-me-book-of-mormon",
    "language" : "eng"
  }, {
    "key" : "publicTitle",
    "value" : "Come Learn With Me: Book of Mormon",
    "language" : "eng"
  } ],
  "children" : [ ],
  "assets" : [ {
    "asset" : {
      "assetID" : "d8842bed6e0011eea815eeeeac1e7b0b52aac3a5"
    },
    "index" : 5,
    "addedDate" : 1713568481936,
    "metadata" : [ ]
  }, {
    "asset" : {
      "assetID" : "26582eba6e0111eea3fceeeeac1e5cdf4b1ed900"
    },
    "index" : 6,
    "addedDate" : 1713568499051,
    "metadata" : [ ]
  }, {
    "asset" : {
      "assetID" : "2d86b6cb6e0111eea3fceeeeac1e5cdf587227c3"
    },
    "index" : 4,
    "addedDate" : 1713293620814,
    "metadata" : [ ]
  }, {
    "asset" : {
      "assetID" : "b87a132b8d6711eea224eeeeac1e40fa55eb4503"
    },
    "index" : 16,
    "addedDate" : 1713568606652,
    "metadata" : [ ]
  }, {
    "asset" : {
      "assetID" : "b9fd09a88d6711eeb1e8eeeeac1ec8f8a37af18a"
    },
    "index" : 18,
    "addedDate" : 1713568629851,
    "metadata" : [ ]
  }, {
    "asset" : {
      "assetID" : "ba8aa3ab8d6711eea1b7eeeeac1e386a8a1106e9"
    },
    "index" : 17,
    "addedDate" : 1713568613909,
    "metadata" : [ ]
  }, {
    "asset" : {
      "assetID" : "bb785f098d6711eeaf30eeeeac1e290beaa05b64"
    },
    "index" : 19,
    "addedDate" : 1713568636738,
    "metadata" : [ ]
  }, {
    "asset" : {
      "assetID" : "1f2afc178d6811eeb53ceeeeac1e51392f49e756"
    },
    "index" : 1,
    "addedDate" : 1708444113725,
    "metadata" : [ ]
  }, {
    "asset" : {
      "assetID" : "1e917b3d8d6811ee95faeeeeac1e3fc26a5c9e54"
    },
    "index" : 3,
    "addedDate" : 1712254155869,
    "metadata" : [ ]
  }, {
    "asset" : {
      "assetID" : "1d27d9188d6811eeb4d9eeeeac1ecd139462b741"
    },
    "index" : 0,
    "addedDate" : 1705105741149,
    "metadata" : [ ]
  }, {
    "asset" : {
      "assetID" : "d068ff6293c011eea71beeeeac1e10865d6bfdb5"
    },
    "index" : 10,
    "addedDate" : 1713568534004,
    "metadata" : [ ]
  }, {
    "asset" : {
      "assetID" : "d0fc17a093c011ee9c43eeeeac1ef88cd56d0632"
    },
    "index" : 7,
    "addedDate" : 1713568508298,
    "metadata" : [ ]
  }, {
    "asset" : {
      "assetID" : "d1fb111293c011eea531eeeeac1e4fae9b44aa7e"
    },
    "index" : 11,
    "addedDate" : 1713568552936,
    "metadata" : [ ]
  }, {
    "asset" : {
      "assetID" : "f072bfcf93c011ee8515eeeeac1e0b9e209958bc"
    },
    "index" : 8,
    "addedDate" : 1713568516704,
    "metadata" : [ ]
  }, {
    "asset" : {
      "assetID" : "f8b8ab5093c011eeb89eeeeeac1e7ce7e8f07cef"
    },
    "index" : 9,
    "addedDate" : 1713568525197,
    "metadata" : [ ]
  }, {
    "asset" : {
      "assetID" : "0ed3d95093c111eea2b2eeeeac1e63e0589c976c"
    },
    "index" : 12,
    "addedDate" : 1713568560655,
    "metadata" : [ ]
  }, {
    "asset" : {
      "assetID" : "12507cef93c111eea965eeeeac1eb64b1533a079"
    },
    "index" : 13,
    "addedDate" : 1713568567593,
    "metadata" : [ ]
  }, {
    "asset" : {
      "assetID" : "4d208725c05311eeb948eeeeac1ed7f69225e08f"
    },
    "index" : 22,
    "addedDate" : 1713568666478,
    "metadata" : [ ]
  }, {
    "asset" : {
      "assetID" : "4e0c46b3c05311ee82aaeeeeac1ef0d256a25caf"
    },
    "index" : 23,
    "addedDate" : 1713568674908,
    "metadata" : [ ]
  }, {
    "asset" : {
      "assetID" : "556bf0e4c05311ee80bbeeeeac1e7de49a27e6f1"
    },
    "index" : 21,
    "addedDate" : 1713568658692,
    "metadata" : [ ]
  }, {
    "asset" : {
      "assetID" : "7c819637c05311eea313eeeeac1e11af477a37c0"
    },
    "index" : 20,
    "addedDate" : 1713568651414,
    "metadata" : [ ]
  }, {
    "asset" : {
      "assetID" : "cbecfa89dcb911ee8cf5eeeeac1eb2d014d64954"
    },
    "index" : 14,
    "addedDate" : 1713568574963,
    "metadata" : [ ]
  }, {
    "asset" : {
      "assetID" : "d71bfc33dcb911eead8aeeeeac1e46205db1fd2b"
    },
    "index" : 2,
    "addedDate" : 1712254155771,
    "metadata" : [ ]
  }, {
    "asset" : {
      "assetID" : "d23b82cedcb911ee8e0beeeeac1e70c22ccd6d10"
    },
    "index" : 15,
    "addedDate" : 1713568582546,
    "metadata" : [ ]
  } ],
  "fileName" : "c4bec769939a4303b1043548d28f6725.json",
  "name" : "Come Learn With Me: Book of Mormon",
  "english" : true,
  "publicTitle" : "Come Learn With Me: Book of Mormon",
  "collectionUri" : "come-learn-with-me-book-of-mormon"
}