{
  "parentCollectionID" : "6109651b42f34f49b5930bfbe1197caa",
  "parentCollectionPath" : "Mobile Media Library/English - Video/People/Latter-day Prophets",
  "collectionType" : "assets",
  "path" : "Mobile Media Library/English - Video/People/Latter-day Prophets/George Albert Smith",
  "collectionID" : "c4de13aec435441bad4fd23d400a1e63",
  "language" : "eng",
  "type" : "DEFAULT",
  "lastUpdatedDate" : "2020-04-03T14:01:49.512-06:00",
  "links" : [ {
    "rel" : "details",
    "href" : "https://titanapi.churchofjesuschrist.org/assetsearch/api/v2/collection/details/collectionID/c4de13aec435441bad4fd23d400a1e63"
  } ],
  "coverImages" : [ {
    "asset" : {
      "assetID" : "a316bba07c560c70fce3541b491b89b316a3a28b"
    }
  } ],
  "related" : [ ],
  "metadata" : [ {
    "key" : "orderIndex",
    "value" : "9"
  }, {
    "key" : "collectionUri",
    "value" : "george-albert-smith",
    "language" : "eng"
  } ],
  "children" : [ ],
  "assets" : [ {
    "asset" : {
      "assetID" : "889459d07ed55a6922e46548e7e89eb138e98f73"
    },
    "addedDate" : 1585922465610,
    "metadata" : [ ]
  }, {
    "asset" : {
      "assetID" : "380a9042873b9baa74d140b0e32aedaaf1fd7156"
    },
    "addedDate" : 1585922465610,
    "metadata" : [ ]
  }, {
    "asset" : {
      "assetID" : "7635dd63bcbf4f8f362b644c8c284e07526d21b9"
    },
    "addedDate" : 1585922465626,
    "metadata" : [ ]
  }, {
    "asset" : {
      "assetID" : "1b627f05374c10528b576b2f3f7f15bacc2bbc9b"
    },
    "addedDate" : 1585922465626,
    "metadata" : [ ]
  }, {
    "asset" : {
      "assetID" : "e2f6fe853f3e171aaf8240b0df5632242971d689"
    },
    "addedDate" : 1585922465610,
    "metadata" : [ ]
  }, {
    "asset" : {
      "assetID" : "aa09304147cecd451f6aedede7866458148cd917"
    },
    "addedDate" : 1585922465610,
    "metadata" : [ ]
  }, {
    "asset" : {
      "assetID" : "d34cc47a9bbc9c3efbdd1a4dacd9ac5318dc02a9"
    },
    "addedDate" : 1585922465626,
    "metadata" : [ ]
  }, {
    "asset" : {
      "assetID" : "862e167a8be4fa14e1e038fb5b89741b2c89ed0a"
    },
    "addedDate" : 1585922465610,
    "metadata" : [ ]
  }, {
    "asset" : {
      "assetID" : "15180d9016e14f4c0527039425e987265e6fc8ee"
    },
    "addedDate" : 1592952635939,
    "metadata" : [ ]
  } ],
  "fileName" : "c4de13aec435441bad4fd23d400a1e63.json",
  "name" : "George Albert Smith",
  "english" : true,
  "collectionUri" : "george-albert-smith"
}