{
  "parentCollectionID" : "9a1f9fbe00c65bcba2719d53d114780da19e422c",
  "parentCollectionPath" : "Mobile Media Library/English - Video/Callings and Trainings/Leadership/Leadership Training Library",
  "collectionType" : "collections",
  "path" : "Mobile Media Library/English - Video/Callings and Trainings/Leadership/Leadership Training Library/Aaronic Priesthood",
  "collectionID" : "c5155f5ae32e8abb842ce7ca876306b81861eb78",
  "language" : "eng",
  "type" : "DEFAULT",
  "lastUpdatedDate" : "2019-10-28T16:40:50.643-06:00",
  "links" : [ {
    "rel" : "details",
    "href" : "https://titanapi.churchofjesuschrist.org/assetsearch/api/v2/collection/details/collectionID/c5155f5ae32e8abb842ce7ca876306b81861eb78"
  } ],
  "coverImages" : [ {
    "asset" : {
      "assetID" : "9c9904780a1d5f5c1b73ad24304c58241ec25a25"
    }
  } ],
  "related" : [ ],
  "metadata" : [ {
    "key" : "orderIndex",
    "value" : "1"
  }, {
    "key" : "collectionUri",
    "value" : "training-ltl-aaronic-priesthood",
    "language" : "eng"
  }, {
    "key" : "publicTitle",
    "value" : "Aaronic Priesthood",
    "language" : "eng"
  } ],
  "children" : [ {
    "path" : "Mobile Media Library/English - Video/Callings and Trainings/Leadership/Leadership Training Library/Aaronic Priesthood/8.5 Gathering Fast Offerings",
    "collectionID" : "7376023311f4a450f17323f321e9e9f55ff006d2",
    "type" : "DEFAULT",
    "lastUpdatedDate" : "2019-10-28T16:40:50.643-06:00",
    "links" : [ {
      "rel" : "details",
      "href" : "https://titanapi.churchofjesuschrist.org/assetsearch/api/v2/collection/details/collectionID/7376023311f4a450f17323f321e9e9f55ff006d2"
    } ],
    "fileName" : "7376023311f4a450f17323f321e9e9f55ff006d2.json"
  }, {
    "path" : "Mobile Media Library/English - Video/Callings and Trainings/Leadership/Leadership Training Library/Aaronic Priesthood/8.3 Ward Aaronic Priesthood Leadership",
    "collectionID" : "766754b94197b2242214b476b9502ddaa2c2c463",
    "type" : "DEFAULT",
    "lastUpdatedDate" : "2019-10-28T16:40:50.643-06:00",
    "links" : [ {
      "rel" : "details",
      "href" : "https://titanapi.churchofjesuschrist.org/assetsearch/api/v2/collection/details/collectionID/766754b94197b2242214b476b9502ddaa2c2c463"
    } ],
    "fileName" : "766754b94197b2242214b476b9502ddaa2c2c463.json"
  }, {
    "path" : "Mobile Media Library/English - Video/Callings and Trainings/Leadership/Leadership Training Library/Aaronic Priesthood/Messages from Leaders",
    "collectionID" : "30652b90d82fd49409147d44bab393fd5addabfd",
    "type" : "DEFAULT",
    "lastUpdatedDate" : "2019-10-28T16:40:50.643-06:00",
    "links" : [ {
      "rel" : "details",
      "href" : "https://titanapi.churchofjesuschrist.org/assetsearch/api/v2/collection/details/collectionID/30652b90d82fd49409147d44bab393fd5addabfd"
    } ],
    "fileName" : "30652b90d82fd49409147d44bab393fd5addabfd.json"
  }, {
    "path" : "Mobile Media Library/English - Video/Callings and Trainings/Leadership/Leadership Training Library/Aaronic Priesthood/Featured Training: Learning and Teaching in the Home and Church",
    "collectionID" : "b52cd58fe546869fc93031ba1069a20a5afe99b2",
    "type" : "DEFAULT",
    "lastUpdatedDate" : "2019-10-28T16:40:50.643-06:00",
    "links" : [ {
      "rel" : "details",
      "href" : "https://titanapi.churchofjesuschrist.org/assetsearch/api/v2/collection/details/collectionID/b52cd58fe546869fc93031ba1069a20a5afe99b2"
    } ],
    "fileName" : "b52cd58fe546869fc93031ba1069a20a5afe99b2.json"
  }, {
    "path" : "Mobile Media Library/English - Video/Callings and Trainings/Leadership/Leadership Training Library/Aaronic Priesthood/8.2 Roles of Parents and Priesthood Leaders",
    "collectionID" : "11cfe40f6cafa7192eac27e988679700300c8f39",
    "type" : "DEFAULT",
    "lastUpdatedDate" : "2019-10-28T16:40:50.643-06:00",
    "links" : [ {
      "rel" : "details",
      "href" : "https://titanapi.churchofjesuschrist.org/assetsearch/api/v2/collection/details/collectionID/11cfe40f6cafa7192eac27e988679700300c8f39"
    } ],
    "fileName" : "11cfe40f6cafa7192eac27e988679700300c8f39.json"
  }, {
    "path" : "Mobile Media Library/English - Video/Callings and Trainings/Leadership/Leadership Training Library/Aaronic Priesthood/8.7 Preparing for Full-Time Missions",
    "collectionID" : "8d3cfe5878173a6c899b40dc19cfcf7f13043512",
    "type" : "DEFAULT",
    "lastUpdatedDate" : "2019-10-28T16:40:50.643-06:00",
    "links" : [ {
      "rel" : "details",
      "href" : "https://titanapi.churchofjesuschrist.org/assetsearch/api/v2/collection/details/collectionID/8d3cfe5878173a6c899b40dc19cfcf7f13043512"
    } ],
    "fileName" : "8d3cfe5878173a6c899b40dc19cfcf7f13043512.json"
  } ],
  "assets" : [ ],
  "fileName" : "c5155f5ae32e8abb842ce7ca876306b81861eb78.json",
  "name" : "Aaronic Priesthood",
  "english" : true,
  "publicTitle" : "Aaronic Priesthood",
  "collectionUri" : "training-ltl-aaronic-priesthood"
}