{
  "parentCollectionID" : "785d520b0d1ee16f41d51ac1f1d37b03e9117f16",
  "parentCollectionPath" : "Mobile Media Library/English - Video/Callings and Trainings/Primary",
  "collectionType" : "assets",
  "path" : "Mobile Media Library/English - Video/Callings and Trainings/Primary/Serving Children with Disabilities",
  "collectionID" : "c5428f0e17003beba710a08386800b4d9ce90794",
  "language" : "eng",
  "type" : "DEFAULT",
  "lastUpdatedDate" : "2019-10-28T16:40:50.643-06:00",
  "links" : [ {
    "rel" : "details",
    "href" : "https://titanapi.churchofjesuschrist.org/assetsearch/api/v2/collection/details/collectionID/c5428f0e17003beba710a08386800b4d9ce90794"
  } ],
  "coverImages" : [ {
    "asset" : {
      "assetID" : "d77f4fcb7897fe06037fce78d77c4f7774e2c215"
    }
  } ],
  "related" : [ ],
  "metadata" : [ {
    "key" : "collectionUri",
    "value" : "serving-children-with-disabilities",
    "language" : "eng"
  }, {
    "key" : "publicTitle",
    "value" : "Serving Children with Disabilities",
    "language" : "eng"
  }, {
    "key" : "orderIndex",
    "value" : "14"
  } ],
  "children" : [ ],
  "assets" : [ {
    "asset" : {
      "assetID" : "7b07905fbc720133ace11c7ab27c23d957067121"
    },
    "addedDate" : 1479312175020,
    "metadata" : [ ]
  }, {
    "asset" : {
      "assetID" : "8e83beab8416021cf93ee44fcc61fd6e95a45eea"
    },
    "addedDate" : 1479312179075,
    "metadata" : [ ]
  }, {
    "asset" : {
      "assetID" : "b3a350c5754d6c827e2c36d2e119d6c9e4226906"
    },
    "addedDate" : 1479312172084,
    "metadata" : [ ]
  }, {
    "asset" : {
      "assetID" : "214c5436bbd0b0e285cbba2cc5351fcf5324660d"
    },
    "addedDate" : 1479312178008,
    "metadata" : [ ]
  }, {
    "asset" : {
      "assetID" : "337ee86a87f7d1051c4439f2ddff6074cf764002"
    },
    "addedDate" : 1479312174048,
    "metadata" : [ ]
  }, {
    "asset" : {
      "assetID" : "86f4b4e759834a0bb04bdc26ed209bb1d0c23673"
    },
    "addedDate" : 1479312172028,
    "metadata" : [ ]
  }, {
    "asset" : {
      "assetID" : "6f9a74dccb438043c8ef50b4866b17e328321792"
    },
    "addedDate" : 1479312173038,
    "metadata" : [ ]
  }, {
    "asset" : {
      "assetID" : "281af7f541479abf1dac4ac090929dc56d492e8e"
    },
    "addedDate" : 1479312170097,
    "metadata" : [ ]
  }, {
    "asset" : {
      "assetID" : "765a9d9fd0b3931b53b123720ae49bf5cb8acc24"
    },
    "addedDate" : 1479312177049,
    "metadata" : [ ]
  }, {
    "asset" : {
      "assetID" : "bf6cf854baa4d7ed1b091736215d5a9d26a5253e"
    },
    "addedDate" : 1479312176025,
    "metadata" : [ ]
  }, {
    "asset" : {
      "assetID" : "7090e89eda3cf2d050c9f7599fb4b1faa54210a6"
    },
    "addedDate" : 1479312173093,
    "metadata" : [ ]
  }, {
    "asset" : {
      "assetID" : "f014ccde8792772697c9ed5c2f1a32fd969bacb2"
    },
    "addedDate" : 1582578459761,
    "metadata" : [ ]
  }, {
    "asset" : {
      "assetID" : "b655b4d76ddb10f0da702696af2bd514a6f685b6"
    },
    "addedDate" : 1582578152442,
    "metadata" : [ ]
  }, {
    "asset" : {
      "assetID" : "7c842843f46744b976df6099943320bbf919caaf"
    },
    "addedDate" : 1582577719569,
    "metadata" : [ ]
  }, {
    "asset" : {
      "assetID" : "49a05e6925810f6dc32d78571ed251ab9ce15981"
    },
    "addedDate" : 1582576950054,
    "metadata" : [ ]
  }, {
    "asset" : {
      "assetID" : "e888ef18685e7aca352e884e2dd05a29c93c5419"
    },
    "addedDate" : 1632956876537,
    "metadata" : [ ]
  }, {
    "asset" : {
      "assetID" : "f8ba1531b358544e1859ac1da017fcc0a06a68ac"
    },
    "addedDate" : 1582577373565,
    "metadata" : [ ]
  }, {
    "asset" : {
      "assetID" : "1fca6b7328228f658131f83aee2ecb51806a4051"
    },
    "addedDate" : 1632956825687,
    "metadata" : [ ]
  } ],
  "fileName" : "c5428f0e17003beba710a08386800b4d9ce90794.json",
  "name" : "Serving Children with Disabilities",
  "english" : true,
  "publicTitle" : "Serving Children with Disabilities",
  "collectionUri" : "serving-children-with-disabilities"
}