{
  "parentCollectionID" : "9a1f9fbe00c65bcba2719d53d114780da19e422c",
  "parentCollectionPath" : "Mobile Media Library/English - Video/Callings and Trainings/Leadership/Leadership Training Library",
  "collectionType" : "collections",
  "path" : "Mobile Media Library/English - Video/Callings and Trainings/Leadership/Leadership Training Library/Primary",
  "collectionID" : "c581c00ccb151e14648000429de4bcf8c87716bd",
  "language" : "eng",
  "type" : "DEFAULT",
  "lastUpdatedDate" : "2019-10-28T16:40:50.643-06:00",
  "links" : [ {
    "rel" : "details",
    "href" : "https://titanapi.churchofjesuschrist.org/assetsearch/api/v2/collection/details/collectionID/c581c00ccb151e14648000429de4bcf8c87716bd"
  } ],
  "coverImages" : [ {
    "asset" : {
      "assetID" : "f8756e5ed403e6abd617ab979dba6bfd5143cfe6"
    }
  } ],
  "related" : [ ],
  "metadata" : [ {
    "key" : "collectionUri",
    "value" : "leadership-training-library-primary",
    "language" : "eng"
  }, {
    "key" : "publicTitle",
    "value" : "Primary",
    "language" : "eng"
  }, {
    "key" : "orderIndex",
    "value" : "6"
  } ],
  "children" : [ {
    "path" : "Mobile Media Library/English - Video/Callings and Trainings/Leadership/Leadership Training Library/Primary/Additional Programs, Activities, and Events",
    "collectionID" : "b6c19c2012ccb8ed8cf0b56f8690288f956d9845",
    "type" : "DEFAULT",
    "lastUpdatedDate" : "2019-10-28T16:40:50.643-06:00",
    "links" : [ {
      "rel" : "details",
      "href" : "https://titanapi.churchofjesuschrist.org/assetsearch/api/v2/collection/details/collectionID/b6c19c2012ccb8ed8cf0b56f8690288f956d9845"
    } ],
    "fileName" : "b6c19c2012ccb8ed8cf0b56f8690288f956d9845.json"
  }, {
    "path" : "Mobile Media Library/English - Video/Callings and Trainings/Leadership/Leadership Training Library/Primary/11.2 Ward Primary Leadership",
    "collectionID" : "613530142660b8854679cd4e988ea67d3e6ddf01",
    "type" : "DEFAULT",
    "lastUpdatedDate" : "2019-10-28T16:40:50.643-06:00",
    "links" : [ {
      "rel" : "details",
      "href" : "https://titanapi.churchofjesuschrist.org/assetsearch/api/v2/collection/details/collectionID/613530142660b8854679cd4e988ea67d3e6ddf01"
    } ],
    "fileName" : "613530142660b8854679cd4e988ea67d3e6ddf01.json"
  }, {
    "path" : "Mobile Media Library/English - Video/Callings and Trainings/Leadership/Leadership Training Library/Primary/11.4 Sunday Primary",
    "collectionID" : "a7047d6babe106e030a97d95a0b0c4f007611d98",
    "type" : "DEFAULT",
    "lastUpdatedDate" : "2019-10-28T16:40:50.643-06:00",
    "links" : [ {
      "rel" : "details",
      "href" : "https://titanapi.churchofjesuschrist.org/assetsearch/api/v2/collection/details/collectionID/a7047d6babe106e030a97d95a0b0c4f007611d98"
    } ],
    "fileName" : "a7047d6babe106e030a97d95a0b0c4f007611d98.json"
  }, {
    "path" : "Mobile Media Library/English - Video/Callings and Trainings/Leadership/Leadership Training Library/Primary/11.1 Theme and Purposes of Primary",
    "collectionID" : "99b93fe6e087413a60dc0b6d11c21dbb7ecc6cf2",
    "type" : "DEFAULT",
    "lastUpdatedDate" : "2019-10-28T16:40:50.643-06:00",
    "links" : [ {
      "rel" : "details",
      "href" : "https://titanapi.churchofjesuschrist.org/assetsearch/api/v2/collection/details/collectionID/99b93fe6e087413a60dc0b6d11c21dbb7ecc6cf2"
    } ],
    "fileName" : "99b93fe6e087413a60dc0b6d11c21dbb7ecc6cf2.json"
  }, {
    "path" : "Mobile Media Library/English - Video/Callings and Trainings/Leadership/Leadership Training Library/Primary/Messages from Leaders",
    "collectionID" : "a0066b752c778788cc3366563c7f299119d7102d",
    "type" : "DEFAULT",
    "lastUpdatedDate" : "2019-10-28T16:40:50.643-06:00",
    "links" : [ {
      "rel" : "details",
      "href" : "https://titanapi.churchofjesuschrist.org/assetsearch/api/v2/collection/details/collectionID/a0066b752c778788cc3366563c7f299119d7102d"
    } ],
    "fileName" : "a0066b752c778788cc3366563c7f299119d7102d.json"
  }, {
    "path" : "Mobile Media Library/English - Video/Callings and Trainings/Leadership/Leadership Training Library/Primary/Featured Training: Learning and Teaching in the Home and Church",
    "collectionID" : "563258a052aee66799e0709d9413f16e026a82fa",
    "type" : "DEFAULT",
    "lastUpdatedDate" : "2019-10-28T16:40:50.643-06:00",
    "links" : [ {
      "rel" : "details",
      "href" : "https://titanapi.churchofjesuschrist.org/assetsearch/api/v2/collection/details/collectionID/563258a052aee66799e0709d9413f16e026a82fa"
    } ],
    "fileName" : "563258a052aee66799e0709d9413f16e026a82fa.json"
  } ],
  "assets" : [ ],
  "fileName" : "c581c00ccb151e14648000429de4bcf8c87716bd.json",
  "name" : "Primary",
  "english" : true,
  "publicTitle" : "Primary",
  "collectionUri" : "leadership-training-library-primary"
}