{
  "parentCollectionID" : "21aa177dec11009186f4eddaa19d0dacb959eb97",
  "parentCollectionPath" : "Mobile Media Library/English - Video/Callings and Trainings/Leadership/Leadership Training Library/Relief Society",
  "collectionType" : "assets",
  "path" : "Mobile Media Library/English - Video/Callings and Trainings/Leadership/Leadership Training Library/Relief Society/Featured Training: Learning and Teaching in the Home and Church",
  "collectionID" : "c5fdf563866a4b882358a474ee353338f61deca1",
  "language" : "eng",
  "type" : "DEFAULT",
  "lastUpdatedDate" : "2019-10-28T16:40:50.643-06:00",
  "links" : [ {
    "rel" : "details",
    "href" : "https://titanapi.churchofjesuschrist.org/assetsearch/api/v2/collection/details/collectionID/c5fdf563866a4b882358a474ee353338f61deca1"
  } ],
  "coverImages" : [ {
    "asset" : {
      "assetID" : "9002066ddc93444deba4d324e2b73a681ffcdaf6"
    }
  } ],
  "related" : [ ],
  "metadata" : [ {
    "key" : "collectionUri",
    "value" : "ltl-relief-society-featured-training-learning-and-teaching-in-the-home-and-church",
    "language" : "eng"
  }, {
    "key" : "publicTitle",
    "value" : "Featured Training: Learning and Teaching in the Home and Church",
    "language" : "eng"
  } ],
  "children" : [ ],
  "assets" : [ {
    "asset" : {
      "assetID" : "00d23547edebbed9e752145157427186ff4a4c98"
    },
    "addedDate" : 1529077059012,
    "metadata" : [ ]
  }, {
    "asset" : {
      "assetID" : "84cc57da481debe8b2a40c4bb2902f06bc00460a"
    },
    "addedDate" : 1529077109056,
    "metadata" : [ ]
  }, {
    "asset" : {
      "assetID" : "3f448cf19fd6297311deb70629ef284d13498f7e"
    },
    "addedDate" : 1529077168045,
    "metadata" : [ ]
  }, {
    "asset" : {
      "assetID" : "8f506d1566bf77e72bd84a4e8137f7e983d8ef92"
    },
    "addedDate" : 1529077063023,
    "metadata" : [ ]
  }, {
    "asset" : {
      "assetID" : "cb63eb941837893aadc82dec1c4501028e8a291a"
    },
    "addedDate" : 1529077091095,
    "metadata" : [ ]
  }, {
    "asset" : {
      "assetID" : "69484f037373bd5aec0934cc48c24a5f467e2ce1"
    },
    "addedDate" : 1529077190022,
    "metadata" : [ ]
  }, {
    "asset" : {
      "assetID" : "a51d499b0b9f3872516d25b9cbe69fed279e0bd3"
    },
    "addedDate" : 1529077044043,
    "metadata" : [ ]
  }, {
    "asset" : {
      "assetID" : "bf864a596dfe3af4bbb2b0d8ef2bef94eb9d2c72"
    },
    "addedDate" : 1529077040016,
    "metadata" : [ ]
  }, {
    "asset" : {
      "assetID" : "3547426f815f4613433015414ece2d142bd901e7"
    },
    "addedDate" : 1529077053015,
    "metadata" : [ ]
  }, {
    "asset" : {
      "assetID" : "dea9a845e462dc7a005dfd99e2b9657a915ef74f"
    },
    "addedDate" : 1529077048072,
    "metadata" : [ ]
  } ],
  "fileName" : "c5fdf563866a4b882358a474ee353338f61deca1.json",
  "name" : "Featured Training: Learning and Teaching in the Home and Church",
  "english" : true,
  "publicTitle" : "Featured Training: Learning and Teaching in the Home and Church",
  "collectionUri" : "ltl-relief-society-featured-training-learning-and-teaching-in-the-home-and-church"
}