{
  "parentCollectionID" : "cf85c91130707a35b093142c83b7dac57fa0df38",
  "parentCollectionPath" : "Mobile Media Library/English - Video/Broadcasts/Musical Broadcasts",
  "collectionType" : "assets",
  "path" : "Mobile Media Library/English - Video/Broadcasts/Musical Broadcasts/Church Music Festivals",
  "collectionID" : "c65727e6efeb4211b4031a2ec5c66818",
  "language" : "eng",
  "type" : "DEFAULT",
  "lastUpdatedDate" : "2024-11-15T13:12:04.009-07:00",
  "links" : [ {
    "rel" : "details",
    "href" : "https://titanapi.churchofjesuschrist.org/assetsearch/api/v2/collection/details/collectionID/c65727e6efeb4211b4031a2ec5c66818"
  } ],
  "coverImages" : [ {
    "asset" : {
      "assetID" : "7315baba1d9ae7f2aa99e0de78fbd135a3522c32"
    }
  } ],
  "related" : [ ],
  "metadata" : [ {
    "key" : "orderIndex",
    "value" : "4"
  }, {
    "key" : "channel",
    "value" : "mobile",
    "language" : "eng"
  }, {
    "key" : "collectionUri",
    "value" : "church-music-festivals",
    "language" : "eng"
  }, {
    "key" : "publicTitle",
    "value" : "Church Music Festivals",
    "language" : "eng"
  } ],
  "children" : [ ],
  "assets" : [ {
    "asset" : {
      "assetID" : "65e8d010834beb8007136d0d594ba0b4aa5baf04"
    },
    "index" : 2,
    "addedDate" : 1662488065913,
    "metadata" : [ ]
  }, {
    "asset" : {
      "assetID" : "D7D25797837291FF43141416A42A78121C78FA4A"
    },
    "index" : 1,
    "addedDate" : 1662488065910,
    "metadata" : [ ]
  }, {
    "asset" : {
      "assetID" : "f969616f128011ec8ff1eeeeac1e0b129d631853"
    },
    "index" : 3,
    "addedDate" : 1662488065916,
    "metadata" : [ ]
  }, {
    "asset" : {
      "assetID" : "e172e3d81a8c11eda254eeeeac1ed62236e08a96"
    },
    "index" : 16,
    "addedDate" : 1662488104796,
    "metadata" : [ ]
  }, {
    "asset" : {
      "assetID" : "ee6dcbe71a8c11eda047eeeeac1e645844c8d929"
    },
    "index" : 13,
    "addedDate" : 1662488104793,
    "metadata" : [ ]
  }, {
    "asset" : {
      "assetID" : "e28a20361a8c11edaef5eeeeac1e33c29228b2fc"
    },
    "index" : 12,
    "addedDate" : 1662488104790,
    "metadata" : [ ]
  }, {
    "asset" : {
      "assetID" : "e4b7fcb31a8c11ed8c39eeeeac1ed9102afb573f"
    },
    "index" : 10,
    "addedDate" : 1662488104786,
    "metadata" : [ ]
  }, {
    "asset" : {
      "assetID" : "d858df791a8c11ed8bfceeeeac1e166dfa108029"
    },
    "index" : 11,
    "addedDate" : 1662488104786,
    "metadata" : [ ]
  }, {
    "asset" : {
      "assetID" : "d18485551a8c11edaef5eeeeac1e33c26c16c593"
    },
    "index" : 9,
    "addedDate" : 1662488104783,
    "metadata" : [ ]
  }, {
    "asset" : {
      "assetID" : "d5d605251a8c11ed9779eeeeac1ed110e1c70a0a"
    },
    "index" : 8,
    "addedDate" : 1662488104780,
    "metadata" : [ ]
  }, {
    "asset" : {
      "assetID" : "d80ae6881a8c11edac71eeeeac1e04a48467cf11"
    },
    "index" : 6,
    "addedDate" : 1662488104776,
    "metadata" : [ ]
  }, {
    "asset" : {
      "assetID" : "ec166e5d1a8c11edab82eeeeac1e9f67ccc4fe24"
    },
    "index" : 7,
    "addedDate" : 1662488104776,
    "metadata" : [ ]
  }, {
    "asset" : {
      "assetID" : "d4c61bc21a8c11ed9639eeeeac1e332c74195270"
    },
    "index" : 5,
    "addedDate" : 1662488104773,
    "metadata" : [ ]
  }, {
    "asset" : {
      "assetID" : "da8472061a8c11eda047eeeeac1e6458cde1bef5"
    },
    "index" : 4,
    "addedDate" : 1662488104770,
    "metadata" : [ ]
  }, {
    "asset" : {
      "assetID" : "d5e547711a8c11ed9cf5eeeeac1e5a7dae62df99"
    },
    "index" : 20,
    "addedDate" : 1662488104806,
    "metadata" : [ ]
  }, {
    "asset" : {
      "assetID" : "f9c082371a8c11eda2f1eeeeac1e806c8eaf1aa8"
    },
    "index" : 21,
    "addedDate" : 1662488104806,
    "metadata" : [ ]
  }, {
    "asset" : {
      "assetID" : "fa40fcd81a8c11ed9e17eeeeac1edd5a2f5ab292"
    },
    "index" : 19,
    "addedDate" : 1662488104803,
    "metadata" : [ ]
  }, {
    "asset" : {
      "assetID" : "ff3aa38a1a8c11ed8bfceeeeac1e166dfe469051"
    },
    "index" : 17,
    "addedDate" : 1662488104800,
    "metadata" : [ ]
  }, {
    "asset" : {
      "assetID" : "ff5aaeaf1a8c11edb5bfeeeeac1ee1ac32dd66bb"
    },
    "index" : 18,
    "addedDate" : 1662488104800,
    "metadata" : [ ]
  }, {
    "asset" : {
      "assetID" : "026de20e1a8d11edb947eeeeac1ec4c7190c68a9"
    },
    "index" : 15,
    "addedDate" : 1662488104796,
    "metadata" : [ ]
  }, {
    "asset" : {
      "assetID" : "04ea53ba1a8d11edb87eeeeeac1e970d7327d682"
    },
    "index" : 14,
    "addedDate" : 1662488104793,
    "metadata" : [ ]
  }, {
    "asset" : {
      "assetID" : "34fd62837ba711eebf83eeeeac1e84bc429e19ce"
    },
    "index" : 44,
    "addedDate" : 1731701443402,
    "metadata" : [ ]
  }, {
    "asset" : {
      "assetID" : "87965e65c9e011ee958beeeeac1e4fb1345dffad"
    },
    "index" : 24,
    "addedDate" : 1727190602590,
    "metadata" : [ ]
  }, {
    "asset" : {
      "assetID" : "d06018cfc9e011eeb294eeeeac1e3b4b4f2f06b9"
    },
    "index" : 38,
    "addedDate" : 1727190602613,
    "metadata" : [ ]
  }, {
    "asset" : {
      "assetID" : "d153526dc9e011ee850aeeeeac1e902ef040feee"
    },
    "index" : 39,
    "addedDate" : 1727190602613,
    "metadata" : [ ]
  }, {
    "asset" : {
      "assetID" : "d223e8ddc9e011eebf2beeeeac1eea3818426207"
    },
    "index" : 40,
    "addedDate" : 1727190602613,
    "metadata" : [ ]
  }, {
    "asset" : {
      "assetID" : "d3c2a4c3c9e011ee950ceeeeac1e9dbc49fa6529"
    },
    "index" : 43,
    "addedDate" : 1727190602620,
    "metadata" : [ ]
  }, {
    "asset" : {
      "assetID" : "d6c49a20c9e011eeb294eeeeac1e3b4b4bc0dc8a"
    },
    "index" : 28,
    "addedDate" : 1727190602596,
    "metadata" : [ ]
  }, {
    "asset" : {
      "assetID" : "d9f121edc9e011eebc39eeeeac1ed46985618688"
    },
    "index" : 29,
    "addedDate" : 1727190602596,
    "metadata" : [ ]
  }, {
    "asset" : {
      "assetID" : "daf54b83c9e011eea065eeeeac1ec8e0180ab59b"
    },
    "index" : 30,
    "addedDate" : 1727190602600,
    "metadata" : [ ]
  }, {
    "asset" : {
      "assetID" : "dc90abf7c9e011eeb0a4eeeeac1e83875700a9bf"
    },
    "index" : 33,
    "addedDate" : 1727190602603,
    "metadata" : [ ]
  }, {
    "asset" : {
      "assetID" : "f4683013c9e011ee96f4eeeeac1ee02bde6e186b"
    },
    "index" : 34,
    "addedDate" : 1727190602606,
    "metadata" : [ ]
  }, {
    "asset" : {
      "assetID" : "2ce5b02bc9e811ee9289eeeeac1eeda6d8eee527"
    },
    "index" : 41,
    "addedDate" : 1727190602616,
    "metadata" : [ ]
  }, {
    "asset" : {
      "assetID" : "2f9b0c47c9e811eeb2c4eeeeac1e0f6e31cc40a7"
    },
    "index" : 31,
    "addedDate" : 1727190602600,
    "metadata" : [ ]
  }, {
    "asset" : {
      "assetID" : "3040e949c9e811ee96f4eeeeac1ee02ba93eb3bc"
    },
    "index" : 32,
    "addedDate" : 1727190602600,
    "metadata" : [ ]
  }, {
    "asset" : {
      "assetID" : "30dcb3f8c9e811eebdeeeeeeac1e04d9bf06eac1"
    },
    "index" : 35,
    "addedDate" : 1727190602606,
    "metadata" : [ ]
  }, {
    "asset" : {
      "assetID" : "32738096c9e811eebea2eeeeac1e5c73b25074dd"
    },
    "index" : 36,
    "addedDate" : 1727190602610,
    "metadata" : [ ]
  }, {
    "asset" : {
      "assetID" : "51aa87cac9e811eeb36feeeeac1ef5f1738495c8"
    },
    "index" : 25,
    "addedDate" : 1727190602590,
    "metadata" : [ ]
  }, {
    "asset" : {
      "assetID" : "7aa47d7bc9e811ee94e0eeeeac1ea531a8eba2dd"
    },
    "index" : 26,
    "addedDate" : 1727190602593,
    "metadata" : [ ]
  }, {
    "asset" : {
      "assetID" : "87c19383c9e811eebf2beeeeac1eea38fa38f66a"
    },
    "index" : 27,
    "addedDate" : 1727190602593,
    "metadata" : [ ]
  }, {
    "asset" : {
      "assetID" : "4a33a62dcce511ee8ea2eeeeac1e335f838ec4c2"
    },
    "index" : 42,
    "addedDate" : 1727190602616,
    "metadata" : [ ]
  }, {
    "asset" : {
      "assetID" : "96f28105f35c11eeb98eeeeeac1e6d8e0d851575"
    },
    "index" : 37,
    "addedDate" : 1727190602610,
    "metadata" : [ ]
  }, {
    "asset" : {
      "assetID" : "e412dacc37f911ef8bdaeeeeac1ebf6cc188d848"
    },
    "index" : 23,
    "addedDate" : 1727190602580,
    "metadata" : [ ]
  }, {
    "asset" : {
      "assetID" : "b11f1ddae16f11eea6fceeeeac1e75225fbe8fa0"
    },
    "index" : 22,
    "addedDate" : 1727190602576,
    "metadata" : [ ]
  }, {
    "asset" : {
      "assetID" : "ef0717df9bb511efb9960626c361eb551de9af3a"
    },
    "index" : 0,
    "addedDate" : 1731701479267,
    "metadata" : [ ]
  } ],
  "fileName" : "c65727e6efeb4211b4031a2ec5c66818.json",
  "name" : "Church Music Festivals",
  "english" : true,
  "publicTitle" : "Church Music Festivals",
  "collectionUri" : "church-music-festivals"
}