{
  "parentCollectionID" : "5a3ba1ceff2116bd34479c93c2c013de8ce70591",
  "parentCollectionPath" : "Mobile Media Library/English - Video/Life Help/Self-Reliance Services and PEF",
  "collectionType" : "collections",
  "path" : "Mobile Media Library/English - Video/Life Help/Self-Reliance Services and PEF/Education for Better Work",
  "collectionID" : "c673d5ed57bf0830c574779a3125f5b769192493",
  "language" : "eng",
  "type" : "DEFAULT",
  "lastUpdatedDate" : "2019-10-28T16:40:50.643-06:00",
  "links" : [ {
    "rel" : "details",
    "href" : "https://titanapi.churchofjesuschrist.org/assetsearch/api/v2/collection/details/collectionID/c673d5ed57bf0830c574779a3125f5b769192493"
  } ],
  "coverImages" : [ {
    "asset" : {
      "assetID" : "62040378db58ab3f9eeaac27c33ebf17a6938b78"
    }
  } ],
  "related" : [ ],
  "metadata" : [ {
    "key" : "collectionUri",
    "value" : "education-for-self-reliance",
    "language" : "eng"
  }, {
    "key" : "publicTitle",
    "value" : "Education for Better Work",
    "language" : "eng"
  } ],
  "children" : [ {
    "path" : "Mobile Media Library/English - Video/Life Help/Self-Reliance Services and PEF/Education for Better Work/Chapter 3: How will I pay for my education?",
    "collectionID" : "2172ceadfdb31f9715d35369fa472ef0f104d85a",
    "type" : "DEFAULT",
    "lastUpdatedDate" : "2019-10-28T16:40:50.643-06:00",
    "links" : [ {
      "rel" : "details",
      "href" : "https://titanapi.churchofjesuschrist.org/assetsearch/api/v2/collection/details/collectionID/2172ceadfdb31f9715d35369fa472ef0f104d85a"
    } ],
    "fileName" : "2172ceadfdb31f9715d35369fa472ef0f104d85a.json"
  }, {
    "path" : "Mobile Media Library/English - Video/Life Help/Self-Reliance Services and PEF/Education for Better Work/Chapter 1: What type of work will help me become self-reliant?",
    "collectionID" : "6352dee1d36fc7f73c837f8e0a3f8966aadd8100",
    "type" : "DEFAULT",
    "lastUpdatedDate" : "2019-10-28T16:40:50.643-06:00",
    "links" : [ {
      "rel" : "details",
      "href" : "https://titanapi.churchofjesuschrist.org/assetsearch/api/v2/collection/details/collectionID/6352dee1d36fc7f73c837f8e0a3f8966aadd8100"
    } ],
    "fileName" : "6352dee1d36fc7f73c837f8e0a3f8966aadd8100.json"
  }, {
    "path" : "Mobile Media Library/English - Video/Life Help/Self-Reliance Services and PEF/Education for Better Work/Chapter 8: Create an Environment for Success",
    "collectionID" : "a73d839fbd1eb534749087f020c813443b223908",
    "type" : "DEFAULT",
    "lastUpdatedDate" : "2019-10-28T16:40:50.643-06:00",
    "links" : [ {
      "rel" : "details",
      "href" : "https://titanapi.churchofjesuschrist.org/assetsearch/api/v2/collection/details/collectionID/a73d839fbd1eb534749087f020c813443b223908"
    } ],
    "fileName" : "a73d839fbd1eb534749087f020c813443b223908.json"
  }, {
    "path" : "Mobile Media Library/English - Video/Life Help/Self-Reliance Services and PEF/Education for Better Work/Chapter 4: Should I apply for a Perpetual Education Fund loan?",
    "collectionID" : "0bf111ab04c3ac2d2524bb265341a0d05bade5ef",
    "type" : "DEFAULT",
    "lastUpdatedDate" : "2019-10-28T16:40:50.643-06:00",
    "links" : [ {
      "rel" : "details",
      "href" : "https://titanapi.churchofjesuschrist.org/assetsearch/api/v2/collection/details/collectionID/0bf111ab04c3ac2d2524bb265341a0d05bade5ef"
    } ],
    "fileName" : "0bf111ab04c3ac2d2524bb265341a0d05bade5ef.json"
  }, {
    "path" : "Mobile Media Library/English - Video/Life Help/Self-Reliance Services and PEF/Education for Better Work/Chapter 5: How will I succeed in the classroom?",
    "collectionID" : "f0a43763ec284c5f0bd9d8f01971afcc228974f1",
    "type" : "DEFAULT",
    "lastUpdatedDate" : "2019-10-28T16:40:50.643-06:00",
    "links" : [ {
      "rel" : "details",
      "href" : "https://titanapi.churchofjesuschrist.org/assetsearch/api/v2/collection/details/collectionID/f0a43763ec284c5f0bd9d8f01971afcc228974f1"
    } ],
    "fileName" : "f0a43763ec284c5f0bd9d8f01971afcc228974f1.json"
  }, {
    "path" : "Mobile Media Library/English - Video/Life Help/Self-Reliance Services and PEF/Education for Better Work/Chapter 6: How will I succeed outside the classroom?",
    "collectionID" : "27436bd07ef12c6ded19a91b2cd8c086e7ba0ec7",
    "type" : "DEFAULT",
    "lastUpdatedDate" : "2022-07-18T12:27:31.599-06:00",
    "links" : [ {
      "rel" : "details",
      "href" : "https://titanapi.churchofjesuschrist.org/assetsearch/api/v2/collection/details/collectionID/27436bd07ef12c6ded19a91b2cd8c086e7ba0ec7"
    } ],
    "fileName" : "27436bd07ef12c6ded19a91b2cd8c086e7ba0ec7.json"
  }, {
    "path" : "Mobile Media Library/English - Video/Life Help/Self-Reliance Services and PEF/Education for Better Work/Chapter 2: What education will qualify me for my work?",
    "collectionID" : "fb28e8681bc710d3368ba2fb4cbc4b03319664dd",
    "type" : "DEFAULT",
    "lastUpdatedDate" : "2019-10-28T16:40:50.643-06:00",
    "links" : [ {
      "rel" : "details",
      "href" : "https://titanapi.churchofjesuschrist.org/assetsearch/api/v2/collection/details/collectionID/fb28e8681bc710d3368ba2fb4cbc4b03319664dd"
    } ],
    "fileName" : "fb28e8681bc710d3368ba2fb4cbc4b03319664dd.json"
  } ],
  "assets" : [ ],
  "fileName" : "c673d5ed57bf0830c574779a3125f5b769192493.json",
  "name" : "Education for Better Work",
  "english" : true,
  "publicTitle" : "Education for Better Work",
  "collectionUri" : "education-for-self-reliance"
}