{
  "parentCollectionID" : "e30025804dc7443989067c1b234da192",
  "parentCollectionPath" : "Mobile Media Library/English - Video/Broadcasts/Teaching Religion to Youth and Young Adults",
  "collectionType" : "assets",
  "path" : "Mobile Media Library/English - Video/Broadcasts/Teaching Religion to Youth and Young Adults/2016–An Evening with Elder M. Russell Ballard",
  "collectionID" : "c7290cdeabaf489ca5da3d3e115e6a99",
  "language" : "eng",
  "type" : "DEFAULT",
  "lastUpdatedDate" : "2023-06-16T16:40:37.781-06:00",
  "links" : [ {
    "rel" : "details",
    "href" : "https://titanapi.churchofjesuschrist.org/assetsearch/api/v2/collection/details/collectionID/c7290cdeabaf489ca5da3d3e115e6a99"
  } ],
  "coverImages" : [ {
    "asset" : {
      "assetID" : "41240eec0f7f6c183b7005371788671476acbc83"
    }
  } ],
  "related" : [ ],
  "metadata" : [ {
    "key" : "orderIndex",
    "value" : "8"
  }, {
    "key" : "collectionUri",
    "value" : "evening-with-a-general-authority-2016",
    "language" : "eng"
  }, {
    "key" : "publicTitle",
    "value" : "2016–An Evening with Elder M. Russell Ballard",
    "language" : "eng"
  } ],
  "children" : [ ],
  "assets" : [ {
    "asset" : {
      "assetID" : "4b6310c20f130ad5125251062b2b590450799927"
    },
    "index" : 0,
    "addedDate" : 1686953448048,
    "metadata" : [ ]
  }, {
    "asset" : {
      "assetID" : "a190791570f02e38007b3bab5e2bb97e696eb15f"
    },
    "index" : 2,
    "addedDate" : 1686953692557,
    "metadata" : [ ]
  }, {
    "asset" : {
      "assetID" : "b607541350a3b189bca74bc7d78617ed2975f741"
    },
    "index" : 1,
    "addedDate" : 1686953468622,
    "metadata" : [ ]
  } ],
  "fileName" : "c7290cdeabaf489ca5da3d3e115e6a99.json",
  "name" : "2016–An Evening with Elder M. Russell Ballard",
  "english" : true,
  "publicTitle" : "2016–An Evening with Elder M. Russell Ballard",
  "collectionUri" : "evening-with-a-general-authority-2016"
}