{
  "sourceCollectionId" : "38b9e81d44343bf4204296241568235d6e8e77c6",
  "parentCollectionID" : "22e3232e384c8650311b2940336759a89b8d6f8b",
  "parentCollectionPath" : "Mobile Media Library",
  "collectionType" : "collections",
  "path" : "Mobile Media Library/Cantonese - Featured",
  "collectionID" : "c783b74ae52b4e1087a89353d862b862",
  "language" : "yue",
  "type" : "DEFAULT",
  "lastUpdatedDate" : "2024-11-07T16:47:40.922-07:00",
  "links" : [ {
    "rel" : "details",
    "href" : "https://titanapi.churchofjesuschrist.org/assetsearch/api/v2/collection/details/collectionID/c783b74ae52b4e1087a89353d862b862"
  } ],
  "coverImages" : [ {
    "asset" : {
      "assetID" : "5c5b75ddcf2269030e0462f3d042f36cce3d87c7"
    }
  } ],
  "related" : [ ],
  "metadata" : [ {
    "key" : "orderIndex",
    "value" : "62"
  }, {
    "key" : "channel",
    "value" : "mobile",
    "language" : "yue"
  }, {
    "key" : "collectionUri",
    "value" : "featured",
    "language" : "yue"
  }, {
    "key" : "publicTitle",
    "value" : "精選",
    "language" : "yue"
  } ],
  "children" : [ {
    "path" : "Mobile Media Library/Cantonese - Featured/Recent Inspirational Messages",
    "collectionID" : "97b48abe3cd5445791d9554f2f0162f0",
    "type" : "DEFAULT",
    "lastUpdatedDate" : "2023-06-21T14:40:01.946-06:00",
    "links" : [ {
      "rel" : "details",
      "href" : "https://titanapi.churchofjesuschrist.org/assetsearch/api/v2/collection/details/collectionID/97b48abe3cd5445791d9554f2f0162f0"
    } ],
    "fileName" : "97b48abe3cd5445791d9554f2f0162f0.json"
  }, {
    "path" : "Mobile Media Library/Cantonese - Featured/Just Added",
    "collectionID" : "9daab36cb3a649f480603b732b22809a",
    "type" : "DEFAULT",
    "lastUpdatedDate" : "2025-01-04T10:36:35.362-07:00",
    "links" : [ {
      "rel" : "details",
      "href" : "https://titanapi.churchofjesuschrist.org/assetsearch/api/v2/collection/details/collectionID/9daab36cb3a649f480603b732b22809a"
    } ],
    "fileName" : "9daab36cb3a649f480603b732b22809a.json"
  }, {
    "path" : "Mobile Media Library/Cantonese - Featured/General Conference Feature",
    "collectionID" : "051882380cb3472c9040db9c1b83af74",
    "type" : "DEFAULT",
    "lastUpdatedDate" : "2024-11-07T16:43:27.714-07:00",
    "links" : [ {
      "rel" : "details",
      "href" : "https://titanapi.churchofjesuschrist.org/assetsearch/api/v2/collection/details/collectionID/051882380cb3472c9040db9c1b83af74"
    } ],
    "fileName" : "051882380cb3472c9040db9c1b83af74.json"
  }, {
    "path" : "Mobile Media Library/Cantonese - Featured/Worldwide Day of Testimony",
    "collectionID" : "e4539eba49da46a799820ce8978b9e5d",
    "type" : "DEFAULT",
    "lastUpdatedDate" : "2023-10-17T13:45:40.524-06:00",
    "links" : [ {
      "rel" : "details",
      "href" : "https://titanapi.churchofjesuschrist.org/assetsearch/api/v2/collection/details/collectionID/e4539eba49da46a799820ce8978b9e5d"
    } ],
    "fileName" : "e4539eba49da46a799820ce8978b9e5d.json"
  }, {
    "path" : "Mobile Media Library/Cantonese - Featured/Seminary and Institute Invitation",
    "collectionID" : "82bb5674430b40f3bfccb8a217346d96",
    "type" : "DEFAULT",
    "lastUpdatedDate" : "2023-11-20T18:23:26.165-07:00",
    "links" : [ {
      "rel" : "details",
      "href" : "https://titanapi.churchofjesuschrist.org/assetsearch/api/v2/collection/details/collectionID/82bb5674430b40f3bfccb8a217346d96"
    } ],
    "fileName" : "82bb5674430b40f3bfccb8a217346d96.json"
  }, {
    "path" : "Mobile Media Library/Cantonese - Featured/This Week in Come, Follow Me",
    "collectionID" : "10ce7bda5eac46949bda4f2377d1b9e3",
    "type" : "DEFAULT",
    "lastUpdatedDate" : "2025-01-27T14:07:35.434-07:00",
    "links" : [ {
      "rel" : "details",
      "href" : "https://titanapi.churchofjesuschrist.org/assetsearch/api/v2/collection/details/collectionID/10ce7bda5eac46949bda4f2377d1b9e3"
    } ],
    "fileName" : "10ce7bda5eac46949bda4f2377d1b9e3.json"
  } ],
  "assets" : [ ],
  "fileName" : "c783b74ae52b4e1087a89353d862b862.json",
  "name" : "Cantonese - Featured",
  "english" : false,
  "publicTitle" : "精選",
  "collectionUri" : "featured"
}