{
  "parentCollectionID" : "b91d19b3a88f45129e9ec20d8c175bfa",
  "parentCollectionPath" : "Mobile Media Library/English - Video/Scriptural Reenactments and Teachings/Book of Mormon Videos",
  "collectionType" : "assets",
  "path" : "Mobile Media Library/English - Video/Scriptural Reenactments and Teachings/Book of Mormon Videos/Alma 46",
  "collectionID" : "c7f3f1162c414a7cb5c6d92cac627736",
  "language" : "eng",
  "type" : "DEFAULT",
  "lastUpdatedDate" : "2024-08-22T14:55:53.425-06:00",
  "links" : [ {
    "rel" : "details",
    "href" : "https://titanapi.churchofjesuschrist.org/assetsearch/api/v2/collection/details/collectionID/c7f3f1162c414a7cb5c6d92cac627736"
  } ],
  "coverImages" : [ {
    "asset" : {
      "assetID" : "f54b8c838ea1458e6fb609898693134a3f30153d"
    }
  } ],
  "related" : [ ],
  "metadata" : [ {
    "key" : "orderIndex",
    "value" : "31"
  }, {
    "key" : "channel",
    "value" : "mobile",
    "language" : "eng"
  }, {
    "key" : "collectionUri",
    "value" : "alma-46",
    "language" : "eng"
  }, {
    "key" : "publicTitle",
    "value" : "Alma 46",
    "language" : "eng"
  } ],
  "children" : [ ],
  "assets" : [ {
    "asset" : {
      "assetID" : "d16b7b71b54f11eea1a9eeeeac1ebcdaa50e9c1b"
    },
    "index" : 0,
    "addedDate" : 1721689460011,
    "metadata" : [ ]
  }, {
    "asset" : {
      "assetID" : "DEOy46GsDMprUVxbe0fOklbCloXb4vXwefmVD3wq"
    },
    "index" : 3,
    "addedDate" : 1723459277859,
    "metadata" : [ ]
  }, {
    "asset" : {
      "assetID" : "Y28OEpJlSDcGpUBYktPEgFWdLq6HRbcL82Lr4h3u"
    },
    "index" : 2,
    "addedDate" : 1723459240138,
    "metadata" : [ ]
  }, {
    "asset" : {
      "assetID" : "zFSpUtBl5meYy7Ljmg76j02auj7kj8OcUwSVSvA2"
    },
    "index" : 1,
    "addedDate" : 1723459192408,
    "metadata" : [ ]
  } ],
  "fileName" : "c7f3f1162c414a7cb5c6d92cac627736.json",
  "name" : "Alma 46",
  "english" : true,
  "publicTitle" : "Alma 46",
  "collectionUri" : "alma-46"
}