{
  "parentCollectionID" : "254364fc402da0464baaadf8be05d614eee37b63",
  "parentCollectionPath" : "Mobile Media Library/English - Video/Church History/Joseph Smith Papers Television Documentary Series Season 1",
  "collectionType" : "assets",
  "path" : "Mobile Media Library/English - Video/Church History/Joseph Smith Papers Television Documentary Series Season 1/Season 1 Episodes 0-09: Joseph Smith Papers Television Documentary",
  "collectionID" : "c9d74279c2b1769b5cb986f43174db9600497f82",
  "language" : "eng",
  "type" : "DEFAULT",
  "lastUpdatedDate" : "2019-10-28T16:40:50.643-06:00",
  "links" : [ {
    "rel" : "details",
    "href" : "https://titanapi.churchofjesuschrist.org/assetsearch/api/v2/collection/details/collectionID/c9d74279c2b1769b5cb986f43174db9600497f82"
  } ],
  "coverImages" : [ {
    "asset" : {
      "assetID" : "7c128c7ef06fe73d98b82f3cf8fcbcaf92892203"
    }
  } ],
  "related" : [ ],
  "metadata" : [ {
    "key" : "collectionUri",
    "value" : "season-1-episodes-0-09-joseph-smith-papers-television-documentary-series",
    "language" : "eng"
  }, {
    "key" : "publicTitle",
    "value" : "Season 1 Episodes 0-09: Joseph Smith Papers Television Documentary",
    "language" : "eng"
  } ],
  "children" : [ ],
  "assets" : [ {
    "asset" : {
      "assetID" : "65cf43689a2fb854eb2fd894b68498051063cc00"
    },
    "addedDate" : 1490971834000,
    "metadata" : [ ]
  }, {
    "asset" : {
      "assetID" : "9234ce86b45a444965f1008dca70d92becc6b57d"
    },
    "addedDate" : 1490971759048,
    "metadata" : [ ]
  }, {
    "asset" : {
      "assetID" : "fc563c27ff6746a32735299a050f2f6ca436fa3e"
    },
    "addedDate" : 1490975471054,
    "metadata" : [ ]
  }, {
    "asset" : {
      "assetID" : "af6fdb59afa0b7a9e1a6dd74689baceeb43feb0d"
    },
    "addedDate" : 1490975910031,
    "metadata" : [ ]
  }, {
    "asset" : {
      "assetID" : "3db19ea0c32ed6aa430194040c6c842595047f68"
    },
    "addedDate" : 1490971753039,
    "metadata" : [ ]
  }, {
    "asset" : {
      "assetID" : "776536f01cad5e38eae0d9700069683f181fb291"
    },
    "addedDate" : 1490971771044,
    "metadata" : [ ]
  }, {
    "asset" : {
      "assetID" : "45eef3ebc6ae3c57a0a7a6c84fea9fad0d7f6aea"
    },
    "addedDate" : 1490971812005,
    "metadata" : [ ]
  }, {
    "asset" : {
      "assetID" : "5f4e1547e29b5fe0e433a725d0f274a9eb3ec45d"
    },
    "addedDate" : 1490975642070,
    "metadata" : [ ]
  }, {
    "asset" : {
      "assetID" : "0b095f603bc15e69e6a8af9a1a61ca5cabde7a01"
    },
    "addedDate" : 1490971805096,
    "metadata" : [ ]
  }, {
    "asset" : {
      "assetID" : "3f745772fdad0ce2f39be83e7cb5d36b41931872"
    },
    "addedDate" : 1490977790040,
    "metadata" : [ ]
  } ],
  "fileName" : "c9d74279c2b1769b5cb986f43174db9600497f82.json",
  "name" : "Season 1 Episodes 0-09: Joseph Smith Papers Television Documentary",
  "english" : true,
  "publicTitle" : "Season 1 Episodes 0-09: Joseph Smith Papers Television Documentary",
  "collectionUri" : "season-1-episodes-0-09-joseph-smith-papers-television-documentary-series"
}