{
  "parentCollectionID" : "9d71612c8cc1451fa00eb30a1a0ec10f",
  "parentCollectionPath" : "Mobile Media Library/English - Video/Life Help/Addiction",
  "collectionType" : "assets",
  "path" : "Mobile Media Library/English - Video/Life Help/Addiction/Introduction to the ARP and Spouse and Family Programs",
  "collectionID" : "c9fc720e79c94fc1a283d6611ff0a063",
  "language" : "eng",
  "type" : "DEFAULT",
  "lastUpdatedDate" : "2019-12-17T19:07:05.297-07:00",
  "links" : [ {
    "rel" : "details",
    "href" : "https://titanapi.churchofjesuschrist.org/assetsearch/api/v2/collection/details/collectionID/c9fc720e79c94fc1a283d6611ff0a063"
  } ],
  "coverImages" : [ {
    "asset" : {
      "assetID" : "0830453ab0fec071e845f9a5b6a8fd4d1febdeb8"
    }
  } ],
  "related" : [ ],
  "metadata" : [ {
    "key" : "collectionUri",
    "value" : "introduction-to-the-arp-and-spouse-and-family-programs",
    "language" : "eng"
  }, {
    "key" : "publicTitle",
    "value" : "Introduction to the ARP and Spouse and Family Programs",
    "language" : "eng"
  } ],
  "children" : [ ],
  "assets" : [ {
    "asset" : {
      "assetID" : "ee8e6cae9819b11faf3bec0c55a7f23ad557b9b0"
    },
    "addedDate" : 1576635288450,
    "metadata" : [ ]
  }, {
    "asset" : {
      "assetID" : "56e1fcbfaf078751a92c9514d5126a99cc1c4743"
    },
    "addedDate" : 1576635288450,
    "metadata" : [ ]
  }, {
    "asset" : {
      "assetID" : "ebe34416d4149b242635010e2d72eb4111c64551"
    },
    "addedDate" : 1576635288450,
    "metadata" : [ ]
  }, {
    "asset" : {
      "assetID" : "64f6263112a5b3edadf620428866fb8ac13f82fd"
    },
    "addedDate" : 1576635288466,
    "metadata" : [ ]
  } ],
  "fileName" : "c9fc720e79c94fc1a283d6611ff0a063.json",
  "name" : "Introduction to the ARP and Spouse and Family Programs",
  "english" : true,
  "publicTitle" : "Introduction to the ARP and Spouse and Family Programs",
  "collectionUri" : "introduction-to-the-arp-and-spouse-and-family-programs"
}