{
  "parentCollectionID" : "e60f922e58584686ad44d42a17a6dd66",
  "parentCollectionPath" : "Mobile Media Library/English - Video/People/Latter-day General Authorities and Officers",
  "collectionType" : "assets",
  "path" : "Mobile Media Library/English - Video/People/Latter-day General Authorities and Officers/Silvia H. Allred",
  "collectionID" : "cab5cd5a2b9131cadb71e8da804a8b6f527499bd",
  "language" : "eng",
  "type" : "DEFAULT",
  "lastUpdatedDate" : "2019-10-28T16:40:50.643-06:00",
  "links" : [ {
    "rel" : "details",
    "href" : "https://titanapi.churchofjesuschrist.org/assetsearch/api/v2/collection/details/collectionID/cab5cd5a2b9131cadb71e8da804a8b6f527499bd"
  } ],
  "coverImages" : [ {
    "asset" : {
      "assetID" : "2011b9d1bacf82fb5ca8bd7e32a1052ebc105281"
    }
  } ],
  "related" : [ ],
  "metadata" : [ {
    "key" : "collectionUri",
    "value" : "silvia-h-allred",
    "language" : "eng"
  }, {
    "key" : "publicTitle",
    "value" : "Silvia H. Allred",
    "language" : "eng"
  } ],
  "children" : [ ],
  "assets" : [ {
    "asset" : {
      "assetID" : "f894fdbdd03b226965c9606b736049a0e2ff4850"
    },
    "addedDate" : 1592379177840,
    "metadata" : [ ]
  } ],
  "fileName" : "cab5cd5a2b9131cadb71e8da804a8b6f527499bd.json",
  "name" : "Silvia H. Allred",
  "english" : true,
  "publicTitle" : "Silvia H. Allred",
  "collectionUri" : "silvia-h-allred"
}