{
  "parentCollectionID" : "bd59191796027fc53f46f5811862b4ff2baaa3b2",
  "parentCollectionPath" : "Mobile Media Library/English - Video/Topics",
  "collectionType" : "assets",
  "path" : "Mobile Media Library/English - Video/Topics/Holy Ghost",
  "collectionID" : "cb64b40a1cb131a8264240ba5a7109ff75b59fa0",
  "language" : "eng",
  "type" : "DEFAULT",
  "lastUpdatedDate" : "2022-03-31T11:54:17.342-06:00",
  "links" : [ {
    "rel" : "details",
    "href" : "https://titanapi.churchofjesuschrist.org/assetsearch/api/v2/collection/details/collectionID/cb64b40a1cb131a8264240ba5a7109ff75b59fa0"
  } ],
  "coverImages" : [ {
    "asset" : {
      "assetID" : "7a4d25f81c7360a6150b9b55482e545e8f69d542"
    }
  } ],
  "related" : [ ],
  "metadata" : [ {
    "key" : "channel",
    "value" : "mobile",
    "language" : "eng"
  }, {
    "key" : "description",
    "value" : "The presence of the Holy Ghost brings many blessings. Church leaders speak of the gifts the Holy Ghost brings us, such as comfort, discernment, power over darkness, revelation, and light to recognize the choices we want to make.",
    "language" : "eng"
  }, {
    "key" : "collectionUri",
    "value" : "holy-ghost-topic",
    "language" : "eng"
  }, {
    "key" : "publicTitle",
    "value" : "Holy Ghost",
    "language" : "eng"
  }, {
    "key" : "orderIndex",
    "value" : "44"
  } ],
  "children" : [ ],
  "assets" : [ {
    "asset" : {
      "assetID" : "654c223b1bc6ac8daa5a3196afff2958d5157071"
    },
    "addedDate" : 1479505073084,
    "metadata" : [ ]
  }, {
    "asset" : {
      "assetID" : "bafce176783e51d65c7921537a154454fb2edd37"
    },
    "addedDate" : 1479505093067,
    "metadata" : [ ]
  }, {
    "asset" : {
      "assetID" : "4c4da4175a27c94495841eebe97be277818a7579"
    },
    "addedDate" : 1592433100402,
    "metadata" : [ ]
  }, {
    "asset" : {
      "assetID" : "c2979f474156e4f273511010b79976cca0aa7338"
    },
    "addedDate" : 1479504989049,
    "metadata" : [ ]
  }, {
    "asset" : {
      "assetID" : "027a6c13d9e97c1c63dd52c54a3f1cd404c42cdd"
    },
    "addedDate" : 1479504921073,
    "metadata" : [ ]
  }, {
    "asset" : {
      "assetID" : "b1939f295bfd0316436735ee6d8fa79286d171bb"
    },
    "addedDate" : 1592433100261,
    "metadata" : [ ]
  }, {
    "asset" : {
      "assetID" : "c0b1d7020cba4b6d914f58b8285f3be76d5f79fd"
    },
    "addedDate" : 1592433100355,
    "metadata" : [ ]
  }, {
    "asset" : {
      "assetID" : "b46ae8e38d9ddb033f7caee20dfc8c5a23858c1b"
    },
    "addedDate" : 1592433099260,
    "metadata" : [ ]
  }, {
    "asset" : {
      "assetID" : "a80b0357d226924f408f9af20f4ea99d5053db99"
    },
    "addedDate" : 1592433100637,
    "metadata" : [ ]
  }, {
    "asset" : {
      "assetID" : "c460b9c4434020547f4e8c7b1775525bf715a0cb"
    },
    "addedDate" : 1592433100011,
    "metadata" : [ ]
  }, {
    "asset" : {
      "assetID" : "60ccd84b9e82b96ee194c55607bacfdb70069dd4"
    },
    "addedDate" : 1592433099432,
    "metadata" : [ ]
  }, {
    "asset" : {
      "assetID" : "f3134b3f08b2518a9780d89be43c3c376f58dc0f"
    },
    "addedDate" : 1632956879476,
    "metadata" : [ ]
  }, {
    "asset" : {
      "assetID" : "cecdf9e443328d57677c821227232dac3bbb7d44"
    },
    "addedDate" : 1592433099166,
    "metadata" : [ ]
  }, {
    "asset" : {
      "assetID" : "6eac97dff649cecde876d6547ea1bc94ba6469e3"
    },
    "addedDate" : 1592396742704,
    "metadata" : [ ]
  }, {
    "asset" : {
      "assetID" : "68a5e35d013d9bda04d2af4e376de9cfe42bba99"
    },
    "addedDate" : 1594691997785,
    "metadata" : [ ]
  }, {
    "asset" : {
      "assetID" : "93954f68fe2f04b9c8cfc94b6b5b6a90fdade43f"
    },
    "addedDate" : 1592433100605,
    "metadata" : [ ]
  }, {
    "asset" : {
      "assetID" : "8c68f0ee9d9bb0ac933c526ed2535f6a3b23417d"
    },
    "addedDate" : 1592952636157,
    "metadata" : [ ]
  } ],
  "fileName" : "cb64b40a1cb131a8264240ba5a7109ff75b59fa0.json",
  "name" : "Holy Ghost",
  "english" : true,
  "publicTitle" : "Holy Ghost",
  "description" : "The presence of the Holy Ghost brings many blessings. Church leaders speak of the gifts the Holy Ghost brings us, such as comfort, discernment, power over darkness, revelation, and light to recognize the choices we want to make.",
  "collectionUri" : "holy-ghost-topic"
}