{
  "parentCollectionID" : "cf2047704ae3442893903bcbabb3e720",
  "parentCollectionPath" : "Mobile Media Library/English - Video/Broadcasts/S&I Broadcasts",
  "collectionType" : "assets",
  "path" : "Mobile Media Library/English - Video/Broadcasts/S&I Broadcasts/S&I Annual Broadcast January 2024",
  "collectionID" : "cbd769e1d4c343e793b7769bf09c20e2",
  "language" : "eng",
  "type" : "DEFAULT",
  "lastUpdatedDate" : "2024-02-01T23:29:34.399-07:00",
  "links" : [ {
    "rel" : "details",
    "href" : "https://titanapi.churchofjesuschrist.org/assetsearch/api/v2/collection/details/collectionID/cbd769e1d4c343e793b7769bf09c20e2"
  } ],
  "coverImages" : [ {
    "asset" : {
      "assetID" : "f467537995b47a64c2629cdc02800772f4f87ef2"
    }
  } ],
  "related" : [ ],
  "metadata" : [ {
    "key" : "collectionUri",
    "value" : "broadcasts-seminary-and-institute-2024",
    "language" : "eng"
  }, {
    "key" : "publicTitle",
    "value" : "S&I Annual Broadcast January 2024",
    "language" : "eng"
  }, {
    "key" : "orderIndex",
    "value" : "1"
  } ],
  "children" : [ ],
  "assets" : [ {
    "asset" : {
      "assetID" : "e4a6d6a1bb2411ee8746eeeeac1eb5ab3fe1c4d9"
    },
    "index" : 3,
    "addedDate" : 1706855424754,
    "metadata" : [ ]
  }, {
    "asset" : {
      "assetID" : "ab1c80a5bb2511eeb496eeeeac1e65fc5416a3aa"
    },
    "index" : 2,
    "addedDate" : 1706855417066,
    "metadata" : [ ]
  }, {
    "asset" : {
      "assetID" : "23e537c5bb2611eeb442eeeeac1e3462da52714f"
    },
    "index" : 1,
    "addedDate" : 1706855408973,
    "metadata" : [ ]
  }, {
    "asset" : {
      "assetID" : "1a6fd787bb2711ee9be5eeeeac1e614e43f68786"
    },
    "index" : 0,
    "addedDate" : 1706855401302,
    "metadata" : [ ]
  } ],
  "fileName" : "cbd769e1d4c343e793b7769bf09c20e2.json",
  "name" : "S&I Annual Broadcast January 2024",
  "english" : true,
  "publicTitle" : "S&I Annual Broadcast January 2024",
  "collectionUri" : "broadcasts-seminary-and-institute-2024"
}