{
  "parentCollectionID" : "400f71f7e9e0f6a886452666fc1100cb7b7c1b9a",
  "parentCollectionPath" : "Mobile Media Library/English - Video/Life Help/Self-Reliance Services and PEF/Self-Reliance Leader Guide",
  "collectionType" : "assets",
  "path" : "Mobile Media Library/English - Video/Life Help/Self-Reliance Services and PEF/Self-Reliance Leader Guide/Priesthood Leader",
  "collectionID" : "cc8a0fc664b7227bd26a0bc6b83b500dcbfd0f8f",
  "language" : "eng",
  "type" : "DEFAULT",
  "lastUpdatedDate" : "2019-10-28T16:40:50.643-06:00",
  "links" : [ {
    "rel" : "details",
    "href" : "https://titanapi.churchofjesuschrist.org/assetsearch/api/v2/collection/details/collectionID/cc8a0fc664b7227bd26a0bc6b83b500dcbfd0f8f"
  } ],
  "coverImages" : [ {
    "asset" : {
      "assetID" : "7040ea8202f54e9766160752918f61fe276b9435"
    }
  } ],
  "related" : [ ],
  "metadata" : [ {
    "key" : "collectionUri",
    "value" : "priesthood-leader",
    "language" : "eng"
  }, {
    "key" : "publicTitle",
    "value" : "Priesthood Leader",
    "language" : "eng"
  } ],
  "children" : [ ],
  "assets" : [ {
    "asset" : {
      "assetID" : "501e59dee9973c401dc23c36e1f16d7f5b4dee13"
    },
    "addedDate" : 1478712283018,
    "metadata" : [ ]
  }, {
    "asset" : {
      "assetID" : "5d494489e836ea37a94ae2929cdc12ebef25c734"
    },
    "addedDate" : 1523983695038,
    "metadata" : [ ]
  }, {
    "asset" : {
      "assetID" : "74a2b160c732e7613bf30411d455e9d00c3673a6"
    },
    "addedDate" : 1503601010027,
    "metadata" : [ ]
  }, {
    "asset" : {
      "assetID" : "ae4b17ca62e4fda666e37224ba3d16c1213c3e10"
    },
    "addedDate" : 1478712581040,
    "metadata" : [ ]
  }, {
    "asset" : {
      "assetID" : "a714f47eae24b33171838aa01eb6b142871b81f0"
    },
    "addedDate" : 1478712516060,
    "metadata" : [ ]
  }, {
    "asset" : {
      "assetID" : "6a8726428e80eda0e1f7685b8726510009b086ee"
    },
    "addedDate" : 1478712293049,
    "metadata" : [ ]
  }, {
    "asset" : {
      "assetID" : "3b30ce96fcca2e7ccb484bbbee6c53a8c192334a"
    },
    "addedDate" : 1506547092052,
    "metadata" : [ ]
  }, {
    "asset" : {
      "assetID" : "b7765668cd6a4308e8bb3ce39629efa646156a3b"
    },
    "addedDate" : 1478712592001,
    "metadata" : [ ]
  }, {
    "asset" : {
      "assetID" : "ecf54ff0f87df52b8a2c09cd6df755f661fa8939"
    },
    "addedDate" : 1523983662005,
    "metadata" : [ ]
  }, {
    "asset" : {
      "assetID" : "e4ec5eea706773edf39ce417b13e263b69bbe898"
    },
    "addedDate" : 1478712259014,
    "metadata" : [ ]
  }, {
    "asset" : {
      "assetID" : "4fa2ddd6e3ddfe9153856e2f808750e9ec1adf81"
    },
    "addedDate" : 1478712468011,
    "metadata" : [ ]
  }, {
    "asset" : {
      "assetID" : "e36b31ff550b9d8c8b0be3bce9d44ad1f36f35e7"
    },
    "addedDate" : 1523983606095,
    "metadata" : [ ]
  } ],
  "fileName" : "cc8a0fc664b7227bd26a0bc6b83b500dcbfd0f8f.json",
  "name" : "Priesthood Leader",
  "english" : true,
  "publicTitle" : "Priesthood Leader",
  "collectionUri" : "priesthood-leader"
}