{
  "parentCollectionID" : "1da3e1f64769c6339cc4e97547c13a9f2bfa82cc",
  "parentCollectionPath" : "Mobile Media Library/English - Video/Family History/(Unpublished) For Priesthood Leaders",
  "collectionType" : "assets",
  "path" : "Mobile Media Library/English - Video/Family History/(Unpublished) For Priesthood Leaders/(Unpublished) Inspirational Videos for Priesthood Leaders",
  "collectionID" : "cd90470fab6255d457a7b11386683106d3de02b7",
  "language" : "eng",
  "type" : "DEFAULT",
  "lastUpdatedDate" : "2019-10-28T16:40:50.643-06:00",
  "links" : [ {
    "rel" : "details",
    "href" : "https://titanapi.churchofjesuschrist.org/assetsearch/api/v2/collection/details/collectionID/cd90470fab6255d457a7b11386683106d3de02b7"
  } ],
  "coverImages" : [ {
    "asset" : {
      "assetID" : "980cfc0749dc4261c74ffd66a133ce4d50d8ea60"
    }
  } ],
  "related" : [ ],
  "metadata" : [ {
    "key" : "collectionUri",
    "value" : "inspirational-videos-for-priesthood-leaders",
    "language" : "eng"
  } ],
  "children" : [ ],
  "assets" : [ {
    "asset" : {
      "assetID" : "54b6a798c6d3e419ac0ef1c466fd16c6e19252ff"
    },
    "addedDate" : 1632956842611,
    "metadata" : [ ]
  }, {
    "asset" : {
      "assetID" : "9b9a910a8384e44782b7bf8e08c3cefd02692ca2"
    },
    "addedDate" : 1632956861432,
    "metadata" : [ ]
  }, {
    "asset" : {
      "assetID" : "49397cc632bf11eda1e0eeeeac1e015f218d0c1a"
    },
    "addedDate" : 1551899449099,
    "metadata" : [ ]
  } ],
  "fileName" : "cd90470fab6255d457a7b11386683106d3de02b7.json",
  "name" : "(Unpublished) Inspirational Videos for Priesthood Leaders",
  "english" : true,
  "collectionUri" : "inspirational-videos-for-priesthood-leaders"
}