{
  "parentCollectionID" : "f43fa47de38893a5eeeda10b226e687b07ac1fb9",
  "parentCollectionPath" : "Mobile Media Library/English - Video/Life Help/Self-Reliance Services and PEF/Starting and Growing My Business",
  "collectionType" : "assets",
  "path" : "Mobile Media Library/English - Video/Life Help/Self-Reliance Services and PEF/Starting and Growing My Business/Chapter 04: How do I know if my business is making a profit?",
  "collectionID" : "cefd9a3258ccaae29c4543798b42073c076c992d",
  "language" : "eng",
  "type" : "DEFAULT",
  "lastUpdatedDate" : "2019-10-28T16:40:50.643-06:00",
  "links" : [ {
    "rel" : "details",
    "href" : "https://titanapi.churchofjesuschrist.org/assetsearch/api/v2/collection/details/collectionID/cefd9a3258ccaae29c4543798b42073c076c992d"
  } ],
  "coverImages" : [ {
    "asset" : {
      "assetID" : "9a20178f665f893fff8381343ea121c9698df9fd"
    }
  } ],
  "related" : [ ],
  "metadata" : [ {
    "key" : "collectionUri",
    "value" : "chapter-4-how-do-i-know-if-my-business-is-making-a-profit",
    "language" : "eng"
  }, {
    "key" : "publicTitle",
    "value" : "Chapter 04: How do I know if my business is making a profit?",
    "language" : "eng"
  } ],
  "children" : [ ],
  "assets" : [ {
    "asset" : {
      "assetID" : "4c7b3b6769e8e68f281a1136607e3302e0ec9859"
    },
    "addedDate" : 1479146096010,
    "metadata" : [ ]
  }, {
    "asset" : {
      "assetID" : "56b9d6bb022fb17fff91425c69bef76b410ae378"
    },
    "addedDate" : 1479146094036,
    "metadata" : [ ]
  } ],
  "fileName" : "cefd9a3258ccaae29c4543798b42073c076c992d.json",
  "name" : "Chapter 04: How do I know if my business is making a profit?",
  "english" : true,
  "publicTitle" : "Chapter 04: How do I know if my business is making a profit?",
  "collectionUri" : "chapter-4-how-do-i-know-if-my-business-is-making-a-profit"
}