{
  "parentCollectionID" : "044045876ab9442f99495d7e4213611b",
  "parentCollectionPath" : "Mobile Media Library/English - Video/Videos for Youth/Youth Music",
  "collectionType" : "assets",
  "path" : "Mobile Media Library/English - Video/Videos for Youth/Youth Music/2021 Youth Music Festival",
  "collectionID" : "cf47cec769ad428bb16b71fc92fe82f7",
  "language" : "eng",
  "type" : "DEFAULT",
  "lastUpdatedDate" : "2023-12-04T09:01:53.094-07:00",
  "links" : [ {
    "rel" : "details",
    "href" : "https://titanapi.churchofjesuschrist.org/assetsearch/api/v2/collection/details/collectionID/cf47cec769ad428bb16b71fc92fe82f7"
  } ],
  "coverImages" : [ {
    "asset" : {
      "assetID" : "ed8e4ac312f03653ca8a46fb320c6b5153d87e49"
    }
  } ],
  "related" : [ ],
  "metadata" : [ {
    "key" : "orderIndex",
    "value" : "6"
  }, {
    "key" : "channel",
    "value" : "mobile",
    "language" : "eng"
  }, {
    "key" : "collectionUri",
    "value" : "youth-music-festival-2021",
    "language" : "eng"
  }, {
    "key" : "publicTitle",
    "value" : "2021 Youth Music Festival",
    "language" : "eng"
  } ],
  "children" : [ ],
  "assets" : [ {
    "asset" : {
      "assetID" : "DE9A76BB18C0B625B34F7E0EF55D4997AE99C1B9"
    },
    "index" : 10,
    "addedDate" : 1701272356437,
    "metadata" : [ ]
  }, {
    "asset" : {
      "assetID" : "F7E848D087658D6B918F3A7E6ADB6CA508A79D53"
    },
    "index" : 4,
    "addedDate" : 1701272355707,
    "metadata" : [ ]
  }, {
    "asset" : {
      "assetID" : "AC3DCF514749267F7A97C384D33407302C00ECC6"
    },
    "index" : 9,
    "addedDate" : 1701272356326,
    "metadata" : [ ]
  }, {
    "asset" : {
      "assetID" : "FCF84A4A282CB3672840B885534808C257BA5E01"
    },
    "index" : 1,
    "addedDate" : 1701272355393,
    "metadata" : [ ]
  }, {
    "asset" : {
      "assetID" : "8B965F2385093B0F9A0C9CF6DFD57611E716CD55"
    },
    "index" : 7,
    "addedDate" : 1701272356078,
    "metadata" : [ ]
  }, {
    "asset" : {
      "assetID" : "AAE1FEC925647BCF096A7348C1C630C4A5C0432D"
    },
    "index" : 0,
    "addedDate" : 1701272355285,
    "metadata" : [ ]
  }, {
    "asset" : {
      "assetID" : "4F159EA1195196EE75F5573F5685114188C655C3"
    },
    "index" : 2,
    "addedDate" : 1701272355503,
    "metadata" : [ ]
  }, {
    "asset" : {
      "assetID" : "D54453C2F01C2139218AC1B852B00E288F048453"
    },
    "index" : 8,
    "addedDate" : 1701272356190,
    "metadata" : [ ]
  }, {
    "asset" : {
      "assetID" : "4C8A69DAD6250308C1E279488EC8DC68658FDDAC"
    },
    "index" : 5,
    "addedDate" : 1701272355813,
    "metadata" : [ ]
  }, {
    "asset" : {
      "assetID" : "4472BEF1C5604354E3E6C6D3A1CA7E2F4ABF3F2D"
    },
    "index" : 3,
    "addedDate" : 1701272355606,
    "metadata" : [ ]
  }, {
    "asset" : {
      "assetID" : "5A617A0819B526299D8FF59D330230B45371AB93"
    },
    "index" : 6,
    "addedDate" : 1701272355966,
    "metadata" : [ ]
  } ],
  "fileName" : "cf47cec769ad428bb16b71fc92fe82f7.json",
  "name" : "2021 Youth Music Festival",
  "english" : true,
  "publicTitle" : "2021 Youth Music Festival",
  "collectionUri" : "youth-music-festival-2021"
}