{
  "parentCollectionID" : "bd59191796027fc53f46f5811862b4ff2baaa3b2",
  "parentCollectionPath" : "Mobile Media Library/English - Video/Topics",
  "collectionType" : "assets",
  "path" : "Mobile Media Library/English - Video/Topics/Worthiness",
  "collectionID" : "cf79ace8cd6041ce97ce30525d926745",
  "language" : "eng",
  "type" : "DEFAULT",
  "lastUpdatedDate" : "2020-09-20T12:05:49.855-06:00",
  "links" : [ {
    "rel" : "details",
    "href" : "https://titanapi.churchofjesuschrist.org/assetsearch/api/v2/collection/details/collectionID/cf79ace8cd6041ce97ce30525d926745"
  } ],
  "coverImages" : [ ],
  "related" : [ ],
  "metadata" : [ {
    "key" : "description",
    "value" : "This collection of talks by Church leaders through the years discusses worthiness as it relates to temple preparation, mission-readiness, and priesthood callings in the Church.",
    "language" : "eng"
  }, {
    "key" : "collectionUri",
    "value" : "worthiness-topic",
    "language" : "eng"
  }, {
    "key" : "publicTitle",
    "value" : "Worthiness",
    "language" : "eng"
  }, {
    "key" : "orderIndex",
    "value" : "108"
  } ],
  "children" : [ ],
  "assets" : [ {
    "asset" : {
      "assetID" : "03e3de77ca7dae559e69e912576c3e11d587bff0"
    },
    "addedDate" : 1583208198822,
    "metadata" : [ ]
  }, {
    "asset" : {
      "assetID" : "9772e938727e7cec91926aa3327eb95779e9eb16"
    },
    "addedDate" : 1577400531706,
    "metadata" : [ ]
  }, {
    "asset" : {
      "assetID" : "a63534c7fa05132cce179bfab04d915464476724"
    },
    "addedDate" : 1583207708089,
    "metadata" : [ ]
  }, {
    "asset" : {
      "assetID" : "29cdd49ec94effbfcd625b7c551b1274f6e09ed7"
    },
    "addedDate" : 1583209675940,
    "metadata" : [ ]
  }, {
    "asset" : {
      "assetID" : "fb891c915a2971338b9f3eed7c473d716a278a7d"
    },
    "addedDate" : 1577400578034,
    "metadata" : [ ]
  }, {
    "asset" : {
      "assetID" : "7510d074fb6ecedfdcba15307c354c03a2572bcf"
    },
    "addedDate" : 1583208834195,
    "metadata" : [ ]
  }, {
    "asset" : {
      "assetID" : "c80c1f0441d097347965f498a6a80ec217d5bbd3"
    },
    "addedDate" : 1583209591165,
    "metadata" : [ ]
  }, {
    "asset" : {
      "assetID" : "138b331d74948e908dc503c8832b6368f9c81f38"
    },
    "addedDate" : 1583208772784,
    "metadata" : [ ]
  }, {
    "asset" : {
      "assetID" : "3edc97cdbc3923e476d14da78526de5b188ee16d"
    },
    "addedDate" : 1583209773795,
    "metadata" : [ ]
  }, {
    "asset" : {
      "assetID" : "186f561646f94d19fe33eb4ca354273d76921e62"
    },
    "addedDate" : 1583209855179,
    "metadata" : [ ]
  }, {
    "asset" : {
      "assetID" : "65e67f6e87de5c50abf8eac78e9f1859419fcf7d"
    },
    "addedDate" : 1583208086875,
    "metadata" : [ ]
  }, {
    "asset" : {
      "assetID" : "7fe7642039ab8d45faa83cd61c250ab6ccdea721"
    },
    "addedDate" : 1583209279376,
    "metadata" : [ ]
  }, {
    "asset" : {
      "assetID" : "eead7fe33dfd32d9723ccba8b22a25680e3147ac"
    },
    "addedDate" : 1577400559641,
    "metadata" : [ ]
  } ],
  "fileName" : "cf79ace8cd6041ce97ce30525d926745.json",
  "name" : "Worthiness",
  "english" : true,
  "publicTitle" : "Worthiness",
  "description" : "This collection of talks by Church leaders through the years discusses worthiness as it relates to temple preparation, mission-readiness, and priesthood callings in the Church.",
  "collectionUri" : "worthiness-topic"
}