{
  "parentCollectionID" : "bd59191796027fc53f46f5811862b4ff2baaa3b2",
  "parentCollectionPath" : "Mobile Media Library/English - Video/Topics",
  "collectionType" : "assets",
  "path" : "Mobile Media Library/English - Video/Topics/Chastity",
  "collectionID" : "d0d29293e4d5c401aad4c4fc27b38d0f9cec2511",
  "language" : "eng",
  "type" : "DEFAULT",
  "lastUpdatedDate" : "2020-08-25T14:19:39.917-06:00",
  "links" : [ {
    "rel" : "details",
    "href" : "https://titanapi.churchofjesuschrist.org/assetsearch/api/v2/collection/details/collectionID/d0d29293e4d5c401aad4c4fc27b38d0f9cec2511"
  } ],
  "coverImages" : [ {
    "asset" : {
      "assetID" : "f6cd4f8f94ce157e4afa2012fe45b78dc7b17fa9"
    }
  } ],
  "related" : [ ],
  "metadata" : [ {
    "key" : "description",
    "value" : "This collection provides sermons and messages about the law of chastity, including sexual purity, natural affection, preparation for temple marriage, developing virtue, and keeping standards.",
    "language" : "eng"
  }, {
    "key" : "collectionUri",
    "value" : "chastity-topic",
    "language" : "eng"
  }, {
    "key" : "publicTitle",
    "value" : "Chastity",
    "language" : "eng"
  }, {
    "key" : "orderIndex",
    "value" : "12"
  } ],
  "children" : [ ],
  "assets" : [ {
    "asset" : {
      "assetID" : "6149c969a6f48660eba212a0404d7f0b03f26123"
    },
    "addedDate" : 1479411205016,
    "metadata" : [ ]
  }, {
    "asset" : {
      "assetID" : "e285591b225be14d68d78b5ea29778ac4104ddde"
    },
    "addedDate" : 1479411204057,
    "metadata" : [ ]
  }, {
    "asset" : {
      "assetID" : "5c17f4fd41a6775f1b837f7464c6cafe269195cb"
    },
    "addedDate" : 1479411236026,
    "metadata" : [ ]
  }, {
    "asset" : {
      "assetID" : "2010-04-19-return-to-virtue-eng"
    },
    "addedDate" : 1479411211054,
    "metadata" : [ ]
  }, {
    "asset" : {
      "assetID" : "03b5b7838355e5c243c2100dacfdcbd3b2d985b4"
    },
    "addedDate" : 1479411209040,
    "metadata" : [ ]
  }, {
    "asset" : {
      "assetID" : "c769e696b54305b3392ec86bb7980214ce07bbbb"
    },
    "addedDate" : 1479411208011,
    "metadata" : [ ]
  }, {
    "asset" : {
      "assetID" : "4de083157f3d9309c432d37d52490e202e8c911c"
    },
    "addedDate" : 1479411203021,
    "metadata" : [ ]
  }, {
    "asset" : {
      "assetID" : "5793f200ddd0b6069e8a52a8c309d7e87a29945a"
    },
    "addedDate" : 1592433099918,
    "metadata" : [ ]
  }, {
    "asset" : {
      "assetID" : "39951f984e47f2fe475d0e978c8b1de5297d26d1"
    },
    "addedDate" : 1479411205083,
    "metadata" : [ ]
  }, {
    "asset" : {
      "assetID" : "8c36a69e5be96a9ccd5bf0b423991d8961a26415"
    },
    "addedDate" : 1592433100246,
    "metadata" : [ ]
  }, {
    "asset" : {
      "assetID" : "85ac87971f93203d13b222010a05ddc6ef64c0a2"
    },
    "addedDate" : 1592433100574,
    "metadata" : [ ]
  }, {
    "asset" : {
      "assetID" : "8fe92fffac88b205226d6defc916a33b65f3460c"
    },
    "addedDate" : 1595218251833,
    "metadata" : [ ]
  }, {
    "asset" : {
      "assetID" : "71e30b69454994867d0ba76802e1d664e4d4942b"
    },
    "addedDate" : 1592374329056,
    "metadata" : [ ]
  }, {
    "asset" : {
      "assetID" : "1edadf27c31acd70d96a91dbffd36ee3639e5124"
    },
    "addedDate" : 1592433100793,
    "metadata" : [ ]
  }, {
    "asset" : {
      "assetID" : "87f17a93a2a8c4822899bc912e216c20327bf1ee"
    },
    "addedDate" : 1632956855450,
    "metadata" : [ ]
  }, {
    "asset" : {
      "assetID" : "ca63ddabed2ad0553790c86330faa799325c70d6"
    },
    "addedDate" : 1592824493228,
    "metadata" : [ ]
  } ],
  "fileName" : "d0d29293e4d5c401aad4c4fc27b38d0f9cec2511.json",
  "name" : "Chastity",
  "english" : true,
  "publicTitle" : "Chastity",
  "description" : "This collection provides sermons and messages about the law of chastity, including sexual purity, natural affection, preparation for temple marriage, developing virtue, and keeping standards.",
  "collectionUri" : "chastity-topic"
}