{
  "parentCollectionID" : "bd59191796027fc53f46f5811862b4ff2baaa3b2",
  "parentCollectionPath" : "Mobile Media Library/English - Video/Topics",
  "collectionType" : "assets",
  "path" : "Mobile Media Library/English - Video/Topics/Book of Mormon (About)",
  "collectionID" : "d0f039833355ef874ecd1a22a176c1fec0a5a687",
  "language" : "eng",
  "type" : "DEFAULT",
  "lastUpdatedDate" : "2020-08-25T14:30:13.260-06:00",
  "links" : [ {
    "rel" : "details",
    "href" : "https://titanapi.churchofjesuschrist.org/assetsearch/api/v2/collection/details/collectionID/d0f039833355ef874ecd1a22a176c1fec0a5a687"
  } ],
  "coverImages" : [ {
    "asset" : {
      "assetID" : "22680d308cbd8bcec538c181f9ade2201f460096"
    }
  } ],
  "related" : [ ],
  "metadata" : [ {
    "key" : "description",
    "value" : "People share their experiences and testimonies about how the truth of the Book of Mormon has strengthened their faith in Jesus Christ.",
    "language" : "eng"
  }, {
    "key" : "collectionUri",
    "value" : "book-of-mormon-about-topic",
    "language" : "eng"
  }, {
    "key" : "publicTitle",
    "value" : "Book of Mormon (About)",
    "language" : "eng"
  }, {
    "key" : "orderIndex",
    "value" : "10"
  } ],
  "children" : [ ],
  "assets" : [ {
    "asset" : {
      "assetID" : "380c2ef5763ffb0d0006fffa069867252a15e29a"
    },
    "index" : 8,
    "addedDate" : 1479407684002,
    "metadata" : [ ]
  }, {
    "asset" : {
      "assetID" : "7c42d9bf42737e470bfd8de4b201672080770208"
    },
    "addedDate" : 1479407693012,
    "metadata" : [ ]
  }, {
    "asset" : {
      "assetID" : "4bc540ff89310e7bd43a8fcba39cc8ff0f649514"
    },
    "addedDate" : 1479408311082,
    "metadata" : [ ]
  }, {
    "asset" : {
      "assetID" : "d654623a242340c0b5d77bf7f8021a4012f19c72"
    },
    "addedDate" : 1479407688057,
    "metadata" : [ ]
  }, {
    "asset" : {
      "assetID" : "732d1d8ace8ab32b9603cca69ed726f51e64e042"
    },
    "addedDate" : 1479407687012,
    "metadata" : [ ]
  }, {
    "asset" : {
      "assetID" : "04d18b31ee0b8f155d7631a12156692de380870e"
    },
    "addedDate" : 1479408348020,
    "metadata" : [ ]
  }, {
    "asset" : {
      "assetID" : "1bc39b5f2e7bb35e24c9e050c95e2e22d834ef63"
    },
    "addedDate" : 1479407694028,
    "metadata" : [ ]
  }, {
    "asset" : {
      "assetID" : "ba118561f8fdd690f75e94444f93582c72846db0"
    },
    "addedDate" : 1479407686045,
    "metadata" : [ ]
  }, {
    "asset" : {
      "assetID" : "c866708f78a3e2830a03863574a0293bd04e2c95"
    },
    "addedDate" : 1632956871112,
    "metadata" : [ ]
  }, {
    "asset" : {
      "assetID" : "f411fd78d271ecbaea5c88ce44641a3d6a92e2cd"
    },
    "addedDate" : 1592433099166,
    "metadata" : [ ]
  }, {
    "asset" : {
      "assetID" : "dd7238994816d328fee52102d833df15b252f79e"
    },
    "addedDate" : 1592433099730,
    "metadata" : [ ]
  }, {
    "asset" : {
      "assetID" : "8464cbb8df919153a5c80bb946e742bd3d3ce583"
    },
    "addedDate" : 1592433099933,
    "metadata" : [ ]
  }, {
    "asset" : {
      "assetID" : "1fd7351f2c0325f0f895e61213aecc09ffeb9336"
    },
    "addedDate" : 1592433100825,
    "metadata" : [ ]
  }, {
    "asset" : {
      "assetID" : "a4480ff18864e4d45e64c1d73e0aa26cef9ca3f6"
    },
    "addedDate" : 1592433100684,
    "metadata" : [ ]
  }, {
    "asset" : {
      "assetID" : "e512b9531eb6c381ad1359eab2aca55ba07de549"
    },
    "addedDate" : 1592433100590,
    "metadata" : [ ]
  }, {
    "asset" : {
      "assetID" : "08fcf39f57f07a37217a216bbfe96ae099f01605"
    },
    "addedDate" : 1592433100027,
    "metadata" : [ ]
  }, {
    "asset" : {
      "assetID" : "5c0fbdc4babf9d23e3c33a79366638f7bbfa19e7"
    },
    "addedDate" : 1592433100762,
    "metadata" : [ ]
  }, {
    "asset" : {
      "assetID" : "b3a4802c62b808366785230c3901d9bf948ef73c"
    },
    "addedDate" : 1592433099276,
    "metadata" : [ ]
  }, {
    "asset" : {
      "assetID" : "24fcf29a963f55d2d279c5d1da90805a04f61aaf"
    },
    "addedDate" : 1592433099902,
    "metadata" : [ ]
  }, {
    "asset" : {
      "assetID" : "1282f8176bcd7f848f493efe44c6841e98e71e83"
    },
    "addedDate" : 1592433100543,
    "metadata" : [ ]
  }, {
    "asset" : {
      "assetID" : "a553c975015037d8a4d9f5e95db5b3345a822900"
    },
    "addedDate" : 1592433099572,
    "metadata" : [ ]
  }, {
    "asset" : {
      "assetID" : "e5ad6b7c382e7ccfedbd497e7e617bea45a0ee8f"
    },
    "addedDate" : 1592433099401,
    "metadata" : [ ]
  }, {
    "asset" : {
      "assetID" : "22B975E2FD2EA895278F2F7ABD4A5A57B741F3AC"
    },
    "addedDate" : 1583541099786,
    "metadata" : [ ]
  }, {
    "asset" : {
      "assetID" : "0D6D9687B159A61F54B4373CF00E1A3A83B6ACA7"
    },
    "addedDate" : 1583541099201,
    "metadata" : [ ]
  }, {
    "asset" : {
      "assetID" : "2DA898E7CEC4ED32B14A4DDF2ADB45E671742000"
    },
    "addedDate" : 1583541099223,
    "metadata" : [ ]
  }, {
    "asset" : {
      "assetID" : "40E777F6562394350ADE59596F22BF76AE609828"
    },
    "addedDate" : 1583541082357,
    "metadata" : [ ]
  }, {
    "asset" : {
      "assetID" : "125F4504132E93530E1C909472A140160B9FEA29"
    },
    "addedDate" : 1583541099302,
    "metadata" : [ ]
  }, {
    "asset" : {
      "assetID" : "BC4E6DA36F54178D491FB15FDCECF94625A3068A"
    },
    "addedDate" : 1583541099628,
    "metadata" : [ ]
  }, {
    "asset" : {
      "assetID" : "D3319D87B0A5DB6CF5D49961D1C9DDCE3858E431"
    },
    "addedDate" : 1583541099518,
    "metadata" : [ ]
  }, {
    "asset" : {
      "assetID" : "E43ADBD1378C8C2CCBC25B854A1ED119324EEF52"
    },
    "addedDate" : 1585777628316,
    "metadata" : [ ]
  }, {
    "asset" : {
      "assetID" : "F2181FDDE7AA15DF76A8B71B3AF7D453605A53B9"
    },
    "index" : 31,
    "addedDate" : 1598650969077,
    "metadata" : [ ]
  }, {
    "asset" : {
      "assetID" : "92CA34466B290E21EF3873B1074682C81013DD1D"
    },
    "index" : 32,
    "addedDate" : 1598650969401,
    "metadata" : [ ]
  } ],
  "fileName" : "d0f039833355ef874ecd1a22a176c1fec0a5a687.json",
  "name" : "Book of Mormon (About)",
  "english" : true,
  "publicTitle" : "Book of Mormon (About)",
  "description" : "People share their experiences and testimonies about how the truth of the Book of Mormon has strengthened their faith in Jesus Christ.",
  "collectionUri" : "book-of-mormon-about-topic"
}