{
  "parentCollectionID" : "bd59191796027fc53f46f5811862b4ff2baaa3b2",
  "parentCollectionPath" : "Mobile Media Library/English - Video/Topics",
  "collectionType" : "assets",
  "path" : "Mobile Media Library/English - Video/Topics/Baptism",
  "collectionID" : "d13e2dfdc193773d2406fe2f788aca5059313922",
  "language" : "eng",
  "type" : "DEFAULT",
  "lastUpdatedDate" : "2020-08-25T14:29:29.824-06:00",
  "links" : [ {
    "rel" : "details",
    "href" : "https://titanapi.churchofjesuschrist.org/assetsearch/api/v2/collection/details/collectionID/d13e2dfdc193773d2406fe2f788aca5059313922"
  } ],
  "coverImages" : [ {
    "asset" : {
      "assetID" : "ce6034da29115197066d7ef5bb8eb3fe10978a03"
    }
  } ],
  "related" : [ ],
  "metadata" : [ {
    "key" : "description",
    "value" : "This collection offers stories of change and conversion, the divine command by Jesus of being born again through baptism and receiving the gift of the Holy Ghost, and preparing for the temple.",
    "language" : "eng"
  }, {
    "key" : "collectionUri",
    "value" : "baptism-topic",
    "language" : "eng"
  }, {
    "key" : "publicTitle",
    "value" : "Baptism",
    "language" : "eng"
  }, {
    "key" : "orderIndex",
    "value" : "8"
  } ],
  "children" : [ ],
  "assets" : [ {
    "asset" : {
      "assetID" : "efe5b8a489aba6d9e2a6575f0d36161966309cb7"
    },
    "addedDate" : 1479398129090,
    "metadata" : [ ]
  }, {
    "asset" : {
      "assetID" : "e4aaa91ec3126fb22918bbe343f6ed8988b95580"
    },
    "addedDate" : 1479398124079,
    "metadata" : [ ]
  }, {
    "asset" : {
      "assetID" : "e8313d770270b3a6252f4d364187b148682ea127"
    },
    "addedDate" : 1479398127057,
    "metadata" : [ ]
  }, {
    "asset" : {
      "assetID" : "0d97ae1a3fadaf916b0ae58cd68f09937b8057e7"
    },
    "addedDate" : 1479398130047,
    "metadata" : [ ]
  }, {
    "asset" : {
      "assetID" : "8003c9d8cb3461b9b4a65f67e41f7cf86d5f6d2d"
    },
    "addedDate" : 1479398129031,
    "metadata" : [ ]
  }, {
    "asset" : {
      "assetID" : "a98b350663136a39ad1ca240c261e37617502d6d"
    },
    "addedDate" : 1592433099338,
    "metadata" : [ ]
  }, {
    "asset" : {
      "assetID" : "06ddff18b560ad8802a166b6e2171fed35728555"
    },
    "addedDate" : 1592433099447,
    "metadata" : [ ]
  }, {
    "asset" : {
      "assetID" : "3e5f10093a9c11ed9b15eeeeac1e4c3d2ff6dc20"
    },
    "index" : 7,
    "addedDate" : 1676047616467,
    "metadata" : [ ]
  } ],
  "fileName" : "d13e2dfdc193773d2406fe2f788aca5059313922.json",
  "name" : "Baptism",
  "english" : true,
  "publicTitle" : "Baptism",
  "description" : "This collection offers stories of change and conversion, the divine command by Jesus of being born again through baptism and receiving the gift of the Holy Ghost, and preparing for the temple.",
  "collectionUri" : "baptism-topic"
}