{
  "parentCollectionID" : "91771842fbbb7d811f5a115ac78e403ba6e5d528",
  "parentCollectionPath" : "Mobile Media Library/English - Video/Inspiration",
  "collectionType" : "assets",
  "path" : "Mobile Media Library/English - Video/Inspiration/Two Brothers Two",
  "collectionID" : "d1f3d517af0d3cd1c94a561cec9fe81b844480c6",
  "language" : "eng",
  "type" : "DEFAULT",
  "lastUpdatedDate" : "2024-11-06T19:01:41.876-07:00",
  "links" : [ {
    "rel" : "details",
    "href" : "https://titanapi.churchofjesuschrist.org/assetsearch/api/v2/collection/details/collectionID/d1f3d517af0d3cd1c94a561cec9fe81b844480c6"
  } ],
  "coverImages" : [ {
    "asset" : {
      "assetID" : "0c799083e433217cdb69001031220ef233ae6f38"
    }
  } ],
  "related" : [ ],
  "metadata" : [ {
    "key" : "orderIndex",
    "value" : "20"
  }, {
    "key" : "description",
    "value" : "A documentary coming-of-age saga of four Latter-day Saint brothers through years of maturing, offering a raw, authentic perspective as they pass through school, missions, college, and even marriage.",
    "language" : "eng"
  }, {
    "key" : "collectionUri",
    "value" : "two-brothers-two",
    "language" : "eng"
  } ],
  "children" : [ ],
  "assets" : [ {
    "asset" : {
      "assetID" : "69b748e4506f1d916ce7f4744fa627942870de8f"
    },
    "index" : 7,
    "addedDate" : 1478541181025,
    "metadata" : [ ]
  }, {
    "asset" : {
      "assetID" : "5500cb5f7119539dd33e1dac5287b663d61deab9"
    },
    "index" : 12,
    "addedDate" : 1478541181025,
    "metadata" : [ ]
  }, {
    "asset" : {
      "assetID" : "dae24c20ad8e4647fd824d27726ba85fa4eb29fa"
    },
    "index" : 11,
    "addedDate" : 1581850910431,
    "metadata" : [ ]
  }, {
    "asset" : {
      "assetID" : "9167cf03c538c457d49e2d23b270170a591d373a"
    },
    "index" : 13,
    "addedDate" : 1581849049161,
    "metadata" : [ ]
  }, {
    "asset" : {
      "assetID" : "4c444b069fa35981f220139fd9d5de961e2d9261"
    },
    "index" : 14,
    "addedDate" : 1581848710437,
    "metadata" : [ ]
  }, {
    "asset" : {
      "assetID" : "21a34fa59af5a0626c4e7aa53bcc5ec52cd4ace1"
    },
    "index" : 15,
    "addedDate" : 1578107096554,
    "metadata" : [ ]
  }, {
    "asset" : {
      "assetID" : "0791959bf6eeb2ab6de9aead340d3784a8c359dd"
    },
    "index" : 9,
    "addedDate" : 1581850660661,
    "metadata" : [ ]
  }, {
    "asset" : {
      "assetID" : "fc4642d97b46da89c62c27ece8a95e9ea9d7a49e"
    },
    "index" : 10,
    "addedDate" : 1581850786557,
    "metadata" : [ ]
  }, {
    "asset" : {
      "assetID" : "68a01021e02a3df7a038f48dc6f7fe9a8dac7ec7"
    },
    "index" : 1,
    "addedDate" : 1581849531745,
    "metadata" : [ ]
  }, {
    "asset" : {
      "assetID" : "8f58a979eb2e1eedc9f451684f9f8feeda380722"
    },
    "index" : 6,
    "addedDate" : 1632956856842,
    "metadata" : [ ]
  }, {
    "asset" : {
      "assetID" : "b9724f387989e354ea4cfe93cdf70e427b92ce40"
    },
    "index" : 0,
    "addedDate" : 1581849427220,
    "metadata" : [ ]
  }, {
    "asset" : {
      "assetID" : "e690d5a6b31c2d6ea0f92f8584931d07a3a03d18"
    },
    "index" : 2,
    "addedDate" : 1581849654651,
    "metadata" : [ ]
  }, {
    "asset" : {
      "assetID" : "7c78a15407b11ac4fe181af262eb45cf4caed5f4"
    },
    "index" : 3,
    "addedDate" : 1581849807164,
    "metadata" : [ ]
  }, {
    "asset" : {
      "assetID" : "0397812e6c3c95c9dea4b075e8de90adfaa32b46"
    },
    "index" : 5,
    "addedDate" : 1632956819054,
    "metadata" : [ ]
  }, {
    "asset" : {
      "assetID" : "eca3cce1f508691791478cb8a765a20143141406"
    },
    "index" : 4,
    "addedDate" : 1581850078331,
    "metadata" : [ ]
  } ],
  "fileName" : "d1f3d517af0d3cd1c94a561cec9fe81b844480c6.json",
  "name" : "Two Brothers Two",
  "english" : true,
  "description" : "A documentary coming-of-age saga of four Latter-day Saint brothers through years of maturing, offering a raw, authentic perspective as they pass through school, missions, college, and even marriage.",
  "collectionUri" : "two-brothers-two"
}