{
  "parentCollectionID" : "bd59191796027fc53f46f5811862b4ff2baaa3b2",
  "parentCollectionPath" : "Mobile Media Library/English - Video/Topics",
  "collectionType" : "assets",
  "path" : "Mobile Media Library/English - Video/Topics/Prayer",
  "collectionID" : "d2859381e59622aee624c82d2ae7e92b0bd432ee",
  "language" : "eng",
  "type" : "DEFAULT",
  "lastUpdatedDate" : "2021-07-26T15:02:28.131-06:00",
  "links" : [ {
    "rel" : "details",
    "href" : "https://titanapi.churchofjesuschrist.org/assetsearch/api/v2/collection/details/collectionID/d2859381e59622aee624c82d2ae7e92b0bd432ee"
  } ],
  "coverImages" : [ {
    "asset" : {
      "assetID" : "b602c40aff368b2733c5bb8ac666847f58adf382"
    }
  } ],
  "related" : [ ],
  "metadata" : [ {
    "key" : "description",
    "value" : "The Lord invites us to confront confusion or uncertainty with prayer. The privilege to seek answers, receive guidance, hear God’s voice in prayer, and make decisions is explained throughout these Latter-day Saint media messages.",
    "language" : "eng"
  }, {
    "key" : "collectionUri",
    "value" : "prayer-topic",
    "language" : "eng"
  }, {
    "key" : "publicTitle",
    "value" : "Prayer",
    "language" : "eng"
  }, {
    "key" : "orderIndex",
    "value" : "76"
  } ],
  "children" : [ ],
  "assets" : [ {
    "asset" : {
      "assetID" : "4c0e5d4b17f072ef1327a66d447630e48df3c9e2"
    },
    "index" : 10,
    "addedDate" : 1479852376000,
    "metadata" : [ ]
  }, {
    "asset" : {
      "assetID" : "d6dcd44da3c6e729bc5b8db138b106ea506cee21"
    },
    "index" : 2,
    "addedDate" : 1479852374096,
    "metadata" : [ ]
  }, {
    "asset" : {
      "assetID" : "568224941fe83a51121562f494a1b7c860735dbd"
    },
    "index" : 7,
    "addedDate" : 1507831610052,
    "metadata" : [ ]
  }, {
    "asset" : {
      "assetID" : "ee6f6343544f51916a23c1333ad1eae160b7d8aa"
    },
    "index" : 6,
    "addedDate" : 1479852375049,
    "metadata" : [ ]
  }, {
    "asset" : {
      "assetID" : "dbb7bfa4d40704ee16d55c1b2902ffc270130bbf"
    },
    "index" : 8,
    "addedDate" : 1479852371034,
    "metadata" : [ ]
  }, {
    "asset" : {
      "assetID" : "5f46193a216e5f39acbf11f7efe5721b6c7ded82"
    },
    "index" : 4,
    "addedDate" : 1479852371084,
    "metadata" : [ ]
  }, {
    "asset" : {
      "assetID" : "dc86942189c2370968ed4ae616b461c40ea00978"
    },
    "index" : 11,
    "addedDate" : 1490978946051,
    "metadata" : [ ]
  }, {
    "asset" : {
      "assetID" : "11398a3fda15b3eb5a3dd16e794a20154e664ee1"
    },
    "index" : 3,
    "addedDate" : 1479852377006,
    "metadata" : [ ]
  }, {
    "asset" : {
      "assetID" : "a17c041f0f80010f6c5ab6208ac8e922930eeab8"
    },
    "index" : 9,
    "addedDate" : 1507831600046,
    "metadata" : [ ]
  }, {
    "asset" : {
      "assetID" : "49066bcbcc715da4bed67d504b115eae9db1b4fe"
    },
    "index" : 14,
    "addedDate" : 1592433099604,
    "metadata" : [ ]
  }, {
    "asset" : {
      "assetID" : "9ccb8c1a5ee3a410e6df434b8e360e1eb4f1eb11"
    },
    "index" : 13,
    "addedDate" : 1592433099494,
    "metadata" : [ ]
  }, {
    "asset" : {
      "assetID" : "89b042b95dbe6a46d5f558dc9204880de3a4fe86"
    },
    "index" : 15,
    "addedDate" : 1592433099526,
    "metadata" : [ ]
  }, {
    "asset" : {
      "assetID" : "45295f26f02b1add908bc642adc6fba18f077c1f"
    },
    "index" : 1,
    "addedDate" : 1592433099276,
    "metadata" : [ ]
  }, {
    "asset" : {
      "assetID" : "508d20e68d06dd8da1d0f7dfad57b120e46143f2"
    },
    "index" : 12,
    "addedDate" : 1592433100058,
    "metadata" : [ ]
  }, {
    "asset" : {
      "assetID" : "44bb626f0dbaf436f5d5143c1b107fa697b31cd4"
    },
    "index" : 0,
    "addedDate" : 1565669357482,
    "metadata" : [ ]
  }, {
    "asset" : {
      "assetID" : "7f6308bf190d8d1c62420d09f265c0297ed84da4"
    },
    "index" : 5,
    "addedDate" : 1565756578241,
    "metadata" : [ ]
  } ],
  "fileName" : "d2859381e59622aee624c82d2ae7e92b0bd432ee.json",
  "name" : "Prayer",
  "english" : true,
  "publicTitle" : "Prayer",
  "description" : "The Lord invites us to confront confusion or uncertainty with prayer. The privilege to seek answers, receive guidance, hear God’s voice in prayer, and make decisions is explained throughout these Latter-day Saint media messages.",
  "collectionUri" : "prayer-topic"
}