{
  "parentCollectionID" : "7dcef444e180851b96f8f79d6392f8963ec6952b",
  "parentCollectionPath" : "Mobile Media Library/English - Video/Broadcasts/General Conference",
  "collectionType" : "assets",
  "path" : "Mobile Media Library/English - Video/Broadcasts/General Conference/October 2013",
  "collectionID" : "d33e88b629404ad8b6a6ba70736a307f",
  "language" : "eng",
  "type" : "DEFAULT",
  "lastUpdatedDate" : "2023-10-16T17:33:21.399-06:00",
  "links" : [ {
    "rel" : "details",
    "href" : "https://titanapi.churchofjesuschrist.org/assetsearch/api/v2/collection/details/collectionID/d33e88b629404ad8b6a6ba70736a307f"
  } ],
  "coverImages" : [ {
    "asset" : {
      "assetID" : "849a41dc67d2fb132cc24e14c1f03d7942a78ae2"
    }
  } ],
  "related" : [ ],
  "metadata" : [ {
    "key" : "orderIndex",
    "value" : "22"
  }, {
    "key" : "collectionUri",
    "value" : "october-2013-general-conference",
    "language" : "eng"
  }, {
    "key" : "publicTitle",
    "value" : "October 2013",
    "language" : "eng"
  } ],
  "children" : [ ],
  "assets" : [ {
    "asset" : {
      "assetID" : "034d231c894d3315f9c32052380b8dc0c7caf90b"
    },
    "addedDate" : 1697499081070,
    "metadata" : [ ]
  }, {
    "asset" : {
      "assetID" : "09a2e0f67245152813cae6a2683037976e24815f"
    },
    "addedDate" : 1697499081073,
    "metadata" : [ ]
  }, {
    "asset" : {
      "assetID" : "0a78c772b902095ea36f3f8afca9d809eb59f811"
    },
    "addedDate" : 1697499081076,
    "metadata" : [ ]
  }, {
    "asset" : {
      "assetID" : "fb9396fc62ff682c0526ba18e0ba3c57a4133be3"
    },
    "addedDate" : 1697499093730,
    "metadata" : [ ]
  }, {
    "asset" : {
      "assetID" : "34c513bdf8bf5a06374b8abe731cab999279dc86"
    },
    "addedDate" : 1697499117563,
    "metadata" : [ ]
  }, {
    "asset" : {
      "assetID" : "2013-10-5001-they-the-builders-of-the-nation-por"
    },
    "addedDate" : 1697499130630,
    "metadata" : [ ]
  }, {
    "asset" : {
      "assetID" : "b3a09fefc09e1190b57619b1a02a02cc642fc5d1"
    },
    "addedDate" : 1697499117570,
    "metadata" : [ ]
  }, {
    "asset" : {
      "assetID" : "84ccbcd60943d01a2cfeec1c570a5f5a963575dc"
    },
    "addedDate" : 1697499093720,
    "metadata" : [ ]
  }, {
    "asset" : {
      "assetID" : "9599e9eec097978ea2c873c8fe7dc3c3392b79ef"
    },
    "addedDate" : 1697499130633,
    "metadata" : [ ]
  }, {
    "asset" : {
      "assetID" : "5c32238dcb71416f96775fa4d7df02db1ac518b9"
    },
    "addedDate" : 1697499093723,
    "metadata" : [ ]
  }, {
    "asset" : {
      "assetID" : "1fd954e4173af9a8baed4c6344a0aa3d8c041562"
    },
    "addedDate" : 1697499047243,
    "metadata" : [ ]
  }, {
    "asset" : {
      "assetID" : "ea8d80b703100ae2f880c8894daad84fddf410f1"
    },
    "addedDate" : 1697499117560,
    "metadata" : [ ]
  }, {
    "asset" : {
      "assetID" : "5a24a44b14d19af4c794f54c4bf3d0485e29b634"
    },
    "addedDate" : 1697499130613,
    "metadata" : [ ]
  }, {
    "asset" : {
      "assetID" : "599d0d478ac9bb51742896291b3eee213334a77f"
    },
    "addedDate" : 1697499025950,
    "metadata" : [ ]
  }, {
    "asset" : {
      "assetID" : "5e031d656fbf4b9f9b2f027b1438f04070a1990b"
    },
    "addedDate" : 1697499081070,
    "metadata" : [ ]
  }, {
    "asset" : {
      "assetID" : "ea5b3447e48ed7ec6d2c4ee7b85082e684f891fa"
    },
    "addedDate" : 1697499117553,
    "metadata" : [ ]
  }, {
    "asset" : {
      "assetID" : "6d56b014f390af6eb8cfb47b4b5938749d544a6e"
    },
    "addedDate" : 1697499025983,
    "metadata" : [ ]
  }, {
    "asset" : {
      "assetID" : "642f6ec72b5a76bfa7c0c5681f21ee7e8d6c827a"
    },
    "addedDate" : 1697499117563,
    "metadata" : [ ]
  }, {
    "asset" : {
      "assetID" : "96c4546b1d0d7f5a12833a560ca57420662b57df"
    },
    "addedDate" : 1697499093730,
    "metadata" : [ ]
  }, {
    "asset" : {
      "assetID" : "2881d70c5d064fcbd854935abed5bf04f8bac151"
    },
    "addedDate" : 1697499047240,
    "metadata" : [ ]
  }, {
    "asset" : {
      "assetID" : "02ceb9d073bbad47f813ff0192b070463e2a53ca"
    },
    "addedDate" : 1697499047250,
    "metadata" : [ ]
  }, {
    "asset" : {
      "assetID" : "fa639c485407fd9746b6a5a644461e72f2a604a9"
    },
    "addedDate" : 1697499025963,
    "metadata" : [ ]
  }, {
    "asset" : {
      "assetID" : "82964212e01c1052f2a62f08109e53b84df6e151"
    },
    "addedDate" : 1697499117566,
    "metadata" : [ ]
  }, {
    "asset" : {
      "assetID" : "8d6ba628c9fc417a8bfad69e178ffd26264f1636"
    },
    "addedDate" : 1697499025973,
    "metadata" : [ ]
  }, {
    "asset" : {
      "assetID" : "fd38eeddaca9fc72f446c9a7bad0a527206fedaa"
    },
    "addedDate" : 1697499130623,
    "metadata" : [ ]
  }, {
    "asset" : {
      "assetID" : "4be6ae1243b9984379086b976bef7353517a4e19"
    },
    "addedDate" : 1697499130623,
    "metadata" : [ ]
  }, {
    "asset" : {
      "assetID" : "50ce9bbef36eef1897890b113f75b591756b574f"
    },
    "addedDate" : 1697499093716,
    "metadata" : [ ]
  }, {
    "asset" : {
      "assetID" : "aa8445a0ad007bccda98361f14b8d143d79083d0"
    },
    "addedDate" : 1697499025966,
    "metadata" : [ ]
  }, {
    "asset" : {
      "assetID" : "3b8a0313b2d120f17e8e3d70bd7a915aa491dad3"
    },
    "addedDate" : 1697499117566,
    "metadata" : [ ]
  }, {
    "asset" : {
      "assetID" : "33296476325dcef50552691a33de285b676b89e8"
    },
    "addedDate" : 1697499025943,
    "metadata" : [ ]
  }, {
    "asset" : {
      "assetID" : "4d3d1fad93a9f944593eb3e8970623a184e24ac2"
    },
    "addedDate" : 1697499047246,
    "metadata" : [ ]
  }, {
    "asset" : {
      "assetID" : "f630b413e148c8ce5e6b24411c6b6e1282fa6e35"
    },
    "addedDate" : 1697499025980,
    "metadata" : [ ]
  }, {
    "asset" : {
      "assetID" : "c7036b08c4aeb305c1c171fae9617dcec161c595"
    },
    "addedDate" : 1697499025970,
    "metadata" : [ ]
  }, {
    "asset" : {
      "assetID" : "75f99acabeb30e1c1582a1d74e305e964e6a7e23"
    },
    "addedDate" : 1697499047256,
    "metadata" : [ ]
  }, {
    "asset" : {
      "assetID" : "f99b3c8dc259ce3ed91818fdf626467338201e19"
    },
    "addedDate" : 1697499117570,
    "metadata" : [ ]
  }, {
    "asset" : {
      "assetID" : "287c2786202317026e50edb46776bfbb78b48c3e"
    },
    "addedDate" : 1697499130616,
    "metadata" : [ ]
  }, {
    "asset" : {
      "assetID" : "6a0aef75713d02c19be8bf93551092cc7bc80b6f"
    },
    "addedDate" : 1697499130620,
    "metadata" : [ ]
  }, {
    "asset" : {
      "assetID" : "665a307ea066576422a40e963e1f7acee6767c68"
    },
    "addedDate" : 1697499130616,
    "metadata" : [ ]
  }, {
    "asset" : {
      "assetID" : "f691c3efe5610b14bf78060c30354226847d9c43"
    },
    "addedDate" : 1697499130620,
    "metadata" : [ ]
  }, {
    "asset" : {
      "assetID" : "8b122c40b30644932790f2d4ac5733fb4e86534e"
    },
    "addedDate" : 1697499130626,
    "metadata" : [ ]
  }, {
    "asset" : {
      "assetID" : "6487787d85eb368c8f4e2f99a97eef2c9b8fc5e7"
    },
    "addedDate" : 1697499130626,
    "metadata" : [ ]
  }, {
    "asset" : {
      "assetID" : "8bc726a90cfd9bdaeb3121ded538ce57ce88148e"
    },
    "addedDate" : 1697499130620,
    "metadata" : [ ]
  }, {
    "asset" : {
      "assetID" : "c44cbfc257b67ba90f0533add52bfc101e688a27"
    },
    "addedDate" : 1697499093720,
    "metadata" : [ ]
  }, {
    "asset" : {
      "assetID" : "ed1c9a44fbcecf5bebeeaa0c61573cb357355b27"
    },
    "addedDate" : 1697499093723,
    "metadata" : [ ]
  }, {
    "asset" : {
      "assetID" : "3edc97cdbc3923e476d14da78526de5b188ee16d"
    },
    "addedDate" : 1697499081066,
    "metadata" : [ ]
  }, {
    "asset" : {
      "assetID" : "bbb26c8e5d351841995366e94b7720d9fad68d31"
    },
    "addedDate" : 1697499093733,
    "metadata" : [ ]
  }, {
    "asset" : {
      "assetID" : "e5f8536f6ee81241c42cf5f9b5be036c45d8eba9"
    },
    "addedDate" : 1697499081076,
    "metadata" : [ ]
  }, {
    "asset" : {
      "assetID" : "f0eda30e7f2950a7bc41d087b2de6ae44d762497"
    },
    "addedDate" : 1697499081080,
    "metadata" : [ ]
  }, {
    "asset" : {
      "assetID" : "5c2610a7ef59e6e7f1f9481a76cc96c58a70c69c"
    },
    "addedDate" : 1697499117550,
    "metadata" : [ ]
  }, {
    "asset" : {
      "assetID" : "2dc9faf2cd0d0f6810b60adf0baedaa432601d2e"
    },
    "addedDate" : 1697499117546,
    "metadata" : [ ]
  }, {
    "asset" : {
      "assetID" : "fcfea55f0259ccab7b30293ed838f1e923b4ea8c"
    },
    "addedDate" : 1697499081076,
    "metadata" : [ ]
  }, {
    "asset" : {
      "assetID" : "beaab54b881917d0bb4e4ed0900a10c489db97a2"
    },
    "addedDate" : 1697499117573,
    "metadata" : [ ]
  }, {
    "asset" : {
      "assetID" : "8e0db8148b4eed2d9974278132add92714e09178"
    },
    "addedDate" : 1697499117553,
    "metadata" : [ ]
  }, {
    "asset" : {
      "assetID" : "8c811006e911af1fa5ee1b008a460f4c3e962810"
    },
    "addedDate" : 1697499025990,
    "metadata" : [ ]
  }, {
    "asset" : {
      "assetID" : "ecb287a9958c85a58cd25d5537d1e73dfab18763"
    },
    "addedDate" : 1697499025986,
    "metadata" : [ ]
  }, {
    "asset" : {
      "assetID" : "b3b3dd1fabbf602581c3a3ba292c089826e0845a"
    },
    "addedDate" : 1697499025956,
    "metadata" : [ ]
  }, {
    "asset" : {
      "assetID" : "c87050a90be52e1cd9c0b5795082842d6d6fa92d"
    },
    "addedDate" : 1697499025970,
    "metadata" : [ ]
  }, {
    "asset" : {
      "assetID" : "0dd3d5595b813a137ae84b7db8aa08ff1b8e56b4"
    },
    "addedDate" : 1697499047253,
    "metadata" : [ ]
  }, {
    "asset" : {
      "assetID" : "cb8b9bd35f677de89ca4601e423835c9f1fafa34"
    },
    "addedDate" : 1697499047260,
    "metadata" : [ ]
  }, {
    "asset" : {
      "assetID" : "76f60af3a7ca7818455ab2cafb759f6952156c29"
    },
    "addedDate" : 1697499047240,
    "metadata" : [ ]
  }, {
    "asset" : {
      "assetID" : "46f3376fab91087e618e1582c5f611e6c557b77f"
    },
    "addedDate" : 1697499047233,
    "metadata" : [ ]
  }, {
    "asset" : {
      "assetID" : "a1723848ed4b0f97006bffe3706a05564e806f92"
    },
    "addedDate" : 1697499047243,
    "metadata" : [ ]
  }, {
    "asset" : {
      "assetID" : "883388e7756b81db87ec7cb9ca9309cd9bc06fb2"
    },
    "addedDate" : 1697499047256,
    "metadata" : [ ]
  }, {
    "asset" : {
      "assetID" : "ecdef20789756010a7233e43b5534d974e527ca9"
    },
    "addedDate" : 1697499047236,
    "metadata" : [ ]
  }, {
    "asset" : {
      "assetID" : "5699583d9bab1840e51ed024f29c12872f48cf8b"
    },
    "addedDate" : 1697499025953,
    "metadata" : [ ]
  } ],
  "fileName" : "d33e88b629404ad8b6a6ba70736a307f.json",
  "name" : "October 2013",
  "english" : true,
  "publicTitle" : "October 2013",
  "collectionUri" : "october-2013-general-conference"
}