{
  "parentCollectionID" : "bd59191796027fc53f46f5811862b4ff2baaa3b2",
  "parentCollectionPath" : "Mobile Media Library/English - Video/Topics",
  "collectionType" : "assets",
  "path" : "Mobile Media Library/English - Video/Topics/Love",
  "collectionID" : "d35b71e77796060d06cd31b3a1eae767e42c8201",
  "language" : "eng",
  "type" : "DEFAULT",
  "lastUpdatedDate" : "2022-03-31T11:55:27.375-06:00",
  "links" : [ {
    "rel" : "details",
    "href" : "https://titanapi.churchofjesuschrist.org/assetsearch/api/v2/collection/details/collectionID/d35b71e77796060d06cd31b3a1eae767e42c8201"
  } ],
  "coverImages" : [ {
    "asset" : {
      "assetID" : "c44b3e06777aabb86bbad2b01678ee77e532d19a"
    }
  } ],
  "related" : [ ],
  "metadata" : [ {
    "key" : "channel",
    "value" : "mobile",
    "language" : "eng"
  }, {
    "key" : "description",
    "value" : "The pure love of Christ endures. This collection reminds us to love like Jesus loved, have compassion for all, and remember the greatest commandment—to love one another.",
    "language" : "eng"
  }, {
    "key" : "collectionUri",
    "value" : "love-topic",
    "language" : "eng"
  }, {
    "key" : "publicTitle",
    "value" : "Love",
    "language" : "eng"
  }, {
    "key" : "orderIndex",
    "value" : "57"
  } ],
  "children" : [ ],
  "assets" : [ {
    "asset" : {
      "assetID" : "0e34ee2e05758c6b75ed671dacaf3a67e5c17588"
    },
    "index" : 5,
    "addedDate" : 1479831135070,
    "metadata" : [ ]
  }, {
    "asset" : {
      "assetID" : "915c46d9a9f08a63efb762806c2294d19f46b765"
    },
    "index" : 7,
    "addedDate" : 1479832155048,
    "metadata" : [ ]
  }, {
    "asset" : {
      "assetID" : "407a5492b3f5081dbcc7ed81c3b7a860051eb1be"
    },
    "index" : 8,
    "addedDate" : 1490983604091,
    "metadata" : [ ]
  }, {
    "asset" : {
      "assetID" : "9a98bcd6837ebffc8e97cfe1b31c5845be06812c"
    },
    "index" : 2,
    "addedDate" : 1597182255345,
    "metadata" : [ ]
  }, {
    "asset" : {
      "assetID" : "e92c2c5a411feb8c42a750f4b6fb3bf912770049"
    },
    "index" : 9,
    "addedDate" : 1479830175088,
    "metadata" : [ ]
  }, {
    "asset" : {
      "assetID" : "79ee41954b667083566c131703d48193a79c5746"
    },
    "index" : 1,
    "addedDate" : 1597179199968,
    "metadata" : [ ]
  }, {
    "asset" : {
      "assetID" : "d48662cf9ede4fb21235be0e64371ddc17baace1"
    },
    "index" : 11,
    "addedDate" : 1479831540093,
    "metadata" : [ ]
  }, {
    "asset" : {
      "assetID" : "3819fa4eb2b280c2c0da1b3d8d2322746e8bdd40"
    },
    "index" : 12,
    "addedDate" : 1576715450333,
    "metadata" : [ ]
  }, {
    "asset" : {
      "assetID" : "b5587b51552e51d3792da5399d07ef2a43e9f573"
    },
    "index" : 14,
    "addedDate" : 1479831118030,
    "metadata" : [ ]
  }, {
    "asset" : {
      "assetID" : "2cef89f7671e954ee5323ff88df04dbdcd29c0ab"
    },
    "index" : 15,
    "addedDate" : 1479830969053,
    "metadata" : [ ]
  }, {
    "asset" : {
      "assetID" : "154843c3e79a7ec6fcf06af7bfc2368dd3876a5f"
    },
    "index" : 16,
    "addedDate" : 1479831281099,
    "metadata" : [ ]
  }, {
    "asset" : {
      "assetID" : "31e631cd2d563b8840d8adac594851cd0109bf57"
    },
    "index" : 17,
    "addedDate" : 1592433100903,
    "metadata" : [ ]
  }, {
    "asset" : {
      "assetID" : "246c345ca587f88922f189e67973bee26d8dfa00"
    },
    "index" : 13,
    "addedDate" : 1632956826982,
    "metadata" : [ ]
  }, {
    "asset" : {
      "assetID" : "f3232e2b2540be6651f434aba552f9fbae640ef4"
    },
    "index" : 4,
    "addedDate" : 1632956882027,
    "metadata" : [ ]
  }, {
    "asset" : {
      "assetID" : "bfc2ee360744ee779cae80dd4b9aa78cea62dc3c"
    },
    "index" : 18,
    "addedDate" : 1592433101184,
    "metadata" : [ ]
  }, {
    "asset" : {
      "assetID" : "17079e40d9de6b49c036d540975b7daad435b8ba"
    },
    "index" : 19,
    "addedDate" : 1592433100793,
    "metadata" : [ ]
  }, {
    "asset" : {
      "assetID" : "b40ef89f5a371d44821adc58df134951852a08a4"
    },
    "index" : 20,
    "addedDate" : 1595218254243,
    "metadata" : [ ]
  }, {
    "asset" : {
      "assetID" : "e5c8a28d16e3b645f12d33e3462233cbd0a89417"
    },
    "index" : 10,
    "addedDate" : 1632956876319,
    "metadata" : [ ]
  }, {
    "asset" : {
      "assetID" : "9137f22c091ca6b11187f9d8c89c0883b6033032"
    },
    "index" : 21,
    "addedDate" : 1592433101309,
    "metadata" : [ ]
  }, {
    "asset" : {
      "assetID" : "8931bc8a9b2c7596afcdd6baa11845d5f3afddce"
    },
    "index" : 22,
    "addedDate" : 1565755360160,
    "metadata" : [ ]
  }, {
    "asset" : {
      "assetID" : "a93131a93e75d71066625c874771ed5f8fd61997"
    },
    "index" : 23,
    "addedDate" : 1592433100903,
    "metadata" : [ ]
  }, {
    "asset" : {
      "assetID" : "0461cc5ff8d87489e89366ee298110a0c05974a6"
    },
    "index" : 24,
    "addedDate" : 1592433100621,
    "metadata" : [ ]
  }, {
    "asset" : {
      "assetID" : "a56c67d4a06227dcf3f776f644e9b169d518ae63"
    },
    "index" : 25,
    "addedDate" : 1595218247957,
    "metadata" : [ ]
  }, {
    "asset" : {
      "assetID" : "B07670A0830F94405F26A6DBB067A99C79183A08"
    },
    "index" : 3,
    "addedDate" : 1597335817689,
    "metadata" : [ ]
  }, {
    "asset" : {
      "assetID" : "DAA4D773413ED7AE118417438E836ED39E1EF848"
    },
    "index" : 0,
    "addedDate" : 1615187769308,
    "metadata" : [ ]
  }, {
    "asset" : {
      "assetID" : "524b9fb617741ba99e124ff8ebfde974ba0d515c"
    },
    "index" : 25,
    "addedDate" : 1672847050238,
    "metadata" : [ ]
  } ],
  "fileName" : "d35b71e77796060d06cd31b3a1eae767e42c8201.json",
  "name" : "Love",
  "english" : true,
  "publicTitle" : "Love",
  "description" : "The pure love of Christ endures. This collection reminds us to love like Jesus loved, have compassion for all, and remember the greatest commandment—to love one another.",
  "collectionUri" : "love-topic"
}