{
  "parentCollectionID" : "e60f922e58584686ad44d42a17a6dd66",
  "parentCollectionPath" : "Mobile Media Library/English - Video/People/Latter-day General Authorities and Officers",
  "collectionType" : "assets",
  "path" : "Mobile Media Library/English - Video/People/Latter-day General Authorities and Officers/Per G. Malm",
  "collectionID" : "d4000a0fabc6cf8568cd24ae3cd12f43273dba7d",
  "language" : "eng",
  "type" : "DEFAULT",
  "lastUpdatedDate" : "2019-10-28T16:40:50.643-06:00",
  "links" : [ {
    "rel" : "details",
    "href" : "https://titanapi.churchofjesuschrist.org/assetsearch/api/v2/collection/details/collectionID/d4000a0fabc6cf8568cd24ae3cd12f43273dba7d"
  } ],
  "coverImages" : [ {
    "asset" : {
      "assetID" : "20b347e5ad29da5337134b8b3c0261193c74d559"
    }
  } ],
  "related" : [ ],
  "metadata" : [ {
    "key" : "collectionUri",
    "value" : "per-g-malm",
    "language" : "eng"
  }, {
    "key" : "publicTitle",
    "value" : "Per G. Malm",
    "language" : "eng"
  } ],
  "children" : [ ],
  "assets" : [ {
    "asset" : {
      "assetID" : "08f3da47d974102459998d98376a5e8d4e09481e"
    },
    "addedDate" : 1540476849052,
    "metadata" : [ ]
  } ],
  "fileName" : "d4000a0fabc6cf8568cd24ae3cd12f43273dba7d.json",
  "name" : "Per G. Malm",
  "english" : true,
  "publicTitle" : "Per G. Malm",
  "collectionUri" : "per-g-malm"
}