{
  "parentCollectionID" : "b5252a65f1e64418a1253501d850495c",
  "parentCollectionPath" : "Mobile Media Library/English - Video/Teaching and Lessons/Seminary and Institute/Seminary/Doctrine and Covenants Visual Resources",
  "collectionType" : "assets",
  "path" : "Mobile Media Library/English - Video/Teaching and Lessons/Seminary and Institute/Seminary/Doctrine and Covenants Visual Resources/00 Doctrine and Covenants-Welcome to Seminary",
  "collectionID" : "d41557a1742b455b97e148c210c5b864",
  "language" : "eng",
  "type" : "DEFAULT",
  "lastUpdatedDate" : "2019-12-20T10:32:06.362-07:00",
  "links" : [ {
    "rel" : "details",
    "href" : "https://titanapi.churchofjesuschrist.org/assetsearch/api/v2/collection/details/collectionID/d41557a1742b455b97e148c210c5b864"
  } ],
  "coverImages" : [ {
    "asset" : {
      "assetID" : "11bc0910902f6e7126f4562c2be2b2bb76c3d1bc"
    }
  } ],
  "related" : [ ],
  "metadata" : [ {
    "key" : "collectionUri",
    "value" : "doctrine-and-covenants-welcome-to-seminary",
    "language" : "eng"
  }, {
    "key" : "publicTitle",
    "value" : "Doctrine and Covenants—Welcome to Seminary",
    "language" : "eng"
  } ],
  "children" : [ ],
  "assets" : [ {
    "asset" : {
      "assetID" : "5860c0d12a627784c25e8950de989892e18c5c28"
    },
    "addedDate" : 1576874722106,
    "metadata" : [ ]
  }, {
    "asset" : {
      "assetID" : "e5902cbcfe6115e81b600883bd9bb74260ba29ac"
    },
    "addedDate" : 1576874722106,
    "metadata" : [ ]
  }, {
    "asset" : {
      "assetID" : "90efe7e1cd61fe89ef133a02675693e0b3f0a867"
    },
    "addedDate" : 1576874722123,
    "metadata" : [ ]
  }, {
    "asset" : {
      "assetID" : "ce8f9c8fac1bd1d405410b54a121170a85bec18e"
    },
    "addedDate" : 1576874722106,
    "metadata" : [ ]
  }, {
    "asset" : {
      "assetID" : "d6605c16fb802705d9cb2cc33db6cf89a1026635"
    },
    "addedDate" : 1576874722106,
    "metadata" : [ ]
  }, {
    "asset" : {
      "assetID" : "5dd42c85cabc7f696728a6237be23a19b417a38e"
    },
    "addedDate" : 1595218246847,
    "metadata" : [ ]
  } ],
  "fileName" : "d41557a1742b455b97e148c210c5b864.json",
  "name" : "00 Doctrine and Covenants-Welcome to Seminary",
  "english" : true,
  "publicTitle" : "Doctrine and Covenants—Welcome to Seminary",
  "collectionUri" : "doctrine-and-covenants-welcome-to-seminary"
}