{
  "parentCollectionID" : "9c0fcf66a1984f3a828035db05059a95",
  "parentCollectionPath" : "Mobile Media Library/English - Video/Teaching and Lessons/Seminary and Institute/Seminary",
  "collectionType" : "collections",
  "path" : "Mobile Media Library/English - Video/Teaching and Lessons/Seminary and Institute/Seminary/Book of Mormon Visual Resources",
  "collectionID" : "d4cf7c24f69b4d10aeb9ab5c79a9392e",
  "language" : "eng",
  "type" : "DEFAULT",
  "lastUpdatedDate" : "2019-12-19T14:19:28.568-07:00",
  "links" : [ {
    "rel" : "details",
    "href" : "https://titanapi.churchofjesuschrist.org/assetsearch/api/v2/collection/details/collectionID/d4cf7c24f69b4d10aeb9ab5c79a9392e"
  } ],
  "coverImages" : [ {
    "asset" : {
      "assetID" : "717cfe60b54beee079d9cc2ff7a05b5f83520dc1"
    }
  } ],
  "related" : [ ],
  "metadata" : [ {
    "key" : "collectionUri",
    "value" : "book-of-mormon-visual-resources",
    "language" : "eng"
  }, {
    "key" : "publicTitle",
    "value" : "Book of Mormon Visual Resources",
    "language" : "eng"
  }, {
    "key" : "orderIndex",
    "value" : "2"
  } ],
  "children" : [ {
    "path" : "Mobile Media Library/English - Video/Teaching and Lessons/Seminary and Institute/Seminary/Book of Mormon Visual Resources/Book of Mormon - Welcome to Seminary",
    "collectionID" : "73caae8a6b6f43df94079ae2c68729c2",
    "type" : "DEFAULT",
    "lastUpdatedDate" : "2019-12-19T14:19:53.510-07:00",
    "links" : [ {
      "rel" : "details",
      "href" : "https://titanapi.churchofjesuschrist.org/assetsearch/api/v2/collection/details/collectionID/73caae8a6b6f43df94079ae2c68729c2"
    } ],
    "fileName" : "73caae8a6b6f43df94079ae2c68729c2.json"
  }, {
    "path" : "Mobile Media Library/English - Video/Teaching and Lessons/Seminary and Institute/Seminary/Book of Mormon Visual Resources/Book of Mormon-Lessons 1-20",
    "collectionID" : "bcedaf0fc3834c1fae26e8cfd279afb8",
    "type" : "DEFAULT",
    "lastUpdatedDate" : "2019-12-19T14:20:17.011-07:00",
    "links" : [ {
      "rel" : "details",
      "href" : "https://titanapi.churchofjesuschrist.org/assetsearch/api/v2/collection/details/collectionID/bcedaf0fc3834c1fae26e8cfd279afb8"
    } ],
    "fileName" : "bcedaf0fc3834c1fae26e8cfd279afb8.json"
  }, {
    "path" : "Mobile Media Library/English - Video/Teaching and Lessons/Seminary and Institute/Seminary/Book of Mormon Visual Resources/Book of Mormon-Lessons 21-40",
    "collectionID" : "12a5c2707326497f87b7d9dc57aed41f",
    "type" : "DEFAULT",
    "lastUpdatedDate" : "2019-12-19T14:21:56.320-07:00",
    "links" : [ {
      "rel" : "details",
      "href" : "https://titanapi.churchofjesuschrist.org/assetsearch/api/v2/collection/details/collectionID/12a5c2707326497f87b7d9dc57aed41f"
    } ],
    "fileName" : "12a5c2707326497f87b7d9dc57aed41f.json"
  }, {
    "path" : "Mobile Media Library/English - Video/Teaching and Lessons/Seminary and Institute/Seminary/Book of Mormon Visual Resources/Book of Mormon-Lessons 41-60",
    "collectionID" : "841a5f26e4444aa9859018a2ef8d8a2f",
    "type" : "DEFAULT",
    "lastUpdatedDate" : "2019-12-19T14:22:28.336-07:00",
    "links" : [ {
      "rel" : "details",
      "href" : "https://titanapi.churchofjesuschrist.org/assetsearch/api/v2/collection/details/collectionID/841a5f26e4444aa9859018a2ef8d8a2f"
    } ],
    "fileName" : "841a5f26e4444aa9859018a2ef8d8a2f.json"
  }, {
    "path" : "Mobile Media Library/English - Video/Teaching and Lessons/Seminary and Institute/Seminary/Book of Mormon Visual Resources/Book of Mormon-Lessons 61-80",
    "collectionID" : "e57ca73c9c9e4ea9b9b5843528f9cc84",
    "type" : "DEFAULT",
    "lastUpdatedDate" : "2019-12-19T14:24:25.622-07:00",
    "links" : [ {
      "rel" : "details",
      "href" : "https://titanapi.churchofjesuschrist.org/assetsearch/api/v2/collection/details/collectionID/e57ca73c9c9e4ea9b9b5843528f9cc84"
    } ],
    "fileName" : "e57ca73c9c9e4ea9b9b5843528f9cc84.json"
  }, {
    "path" : "Mobile Media Library/English - Video/Teaching and Lessons/Seminary and Institute/Seminary/Book of Mormon Visual Resources/Book of Mormon-Lessons 81-100",
    "collectionID" : "ebffe2a282fc414ca7f48aaa4488220a",
    "type" : "DEFAULT",
    "lastUpdatedDate" : "2019-12-19T14:24:46.666-07:00",
    "links" : [ {
      "rel" : "details",
      "href" : "https://titanapi.churchofjesuschrist.org/assetsearch/api/v2/collection/details/collectionID/ebffe2a282fc414ca7f48aaa4488220a"
    } ],
    "fileName" : "ebffe2a282fc414ca7f48aaa4488220a.json"
  }, {
    "path" : "Mobile Media Library/English - Video/Teaching and Lessons/Seminary and Institute/Seminary/Book of Mormon Visual Resources/Book of Mormon-Lessons 101-120",
    "collectionID" : "07f4a746b1f54dd49c224a07a867824b",
    "type" : "DEFAULT",
    "lastUpdatedDate" : "2019-12-19T14:25:06.262-07:00",
    "links" : [ {
      "rel" : "details",
      "href" : "https://titanapi.churchofjesuschrist.org/assetsearch/api/v2/collection/details/collectionID/07f4a746b1f54dd49c224a07a867824b"
    } ],
    "fileName" : "07f4a746b1f54dd49c224a07a867824b.json"
  } ],
  "assets" : [ ],
  "fileName" : "d4cf7c24f69b4d10aeb9ab5c79a9392e.json",
  "name" : "Book of Mormon Visual Resources",
  "english" : true,
  "publicTitle" : "Book of Mormon Visual Resources",
  "collectionUri" : "book-of-mormon-visual-resources"
}