{
  "parentCollectionID" : "b91d19b3a88f45129e9ec20d8c175bfa",
  "parentCollectionPath" : "Mobile Media Library/English - Video/Scriptural Reenactments and Teachings/Book of Mormon Videos",
  "collectionType" : "assets",
  "path" : "Mobile Media Library/English - Video/Scriptural Reenactments and Teachings/Book of Mormon Videos/Additional Videos",
  "collectionID" : "d501c3f9ab764b01bd9d4c45ab77cf23",
  "language" : "eng",
  "type" : "DEFAULT",
  "lastUpdatedDate" : "2022-09-07T10:05:22.634-06:00",
  "links" : [ {
    "rel" : "details",
    "href" : "https://titanapi.churchofjesuschrist.org/assetsearch/api/v2/collection/details/collectionID/d501c3f9ab764b01bd9d4c45ab77cf23"
  } ],
  "coverImages" : [ {
    "asset" : {
      "assetID" : "fa1e84b764fcfa6dca735555f3c46be65717cd7b"
    }
  } ],
  "related" : [ ],
  "metadata" : [ {
    "key" : "orderIndex",
    "value" : "51"
  }, {
    "key" : "channel",
    "value" : "mobile",
    "language" : "eng"
  }, {
    "key" : "collectionUri",
    "value" : "book-of-mormon-additional-videos",
    "language" : "eng"
  }, {
    "key" : "publicTitle",
    "value" : "Additional Videos",
    "language" : "eng"
  } ],
  "children" : [ ],
  "assets" : [ {
    "asset" : {
      "assetID" : "B0F147677DE5D17A22440E2DBC92A9B086F42E08"
    },
    "index" : 5,
    "addedDate" : 1662565986733,
    "metadata" : [ ]
  }, {
    "asset" : {
      "assetID" : "E360CAB95E284DC39DF77C17F7D078991208A7D5"
    },
    "index" : 3,
    "addedDate" : 1662565986730,
    "metadata" : [ ]
  }, {
    "asset" : {
      "assetID" : "670FD12ADC717D55E5FA979ED699BB5BEFFB5A8C"
    },
    "index" : 4,
    "addedDate" : 1662565986730,
    "metadata" : [ ]
  }, {
    "asset" : {
      "assetID" : "282C26192BCAA108EAD1837A53DB3CC3B40D3794"
    },
    "index" : 0,
    "addedDate" : 1662565986723,
    "metadata" : [ ]
  }, {
    "asset" : {
      "assetID" : "78607358FBCE25AC8D6F7746B0AACF310CD4D3C9"
    },
    "index" : 2,
    "addedDate" : 1662565986730,
    "metadata" : [ ]
  }, {
    "asset" : {
      "assetID" : "983064C964C8354E53167F6C08DEB309E989BA4B"
    },
    "index" : 8,
    "addedDate" : 1711588165559,
    "metadata" : [ ]
  }, {
    "asset" : {
      "assetID" : "E43ADBD1378C8C2CCBC25B854A1ED119324EEF52"
    },
    "index" : 1,
    "addedDate" : 1662565986726,
    "metadata" : [ ]
  }, {
    "asset" : {
      "assetID" : "07CF7B7FBD49D9CE0EE7502EDCD4B674672C3ADA"
    },
    "index" : 7,
    "addedDate" : 1711588079263,
    "metadata" : [ ]
  }, {
    "asset" : {
      "assetID" : "1b5095f474db11ee9121eeeeac1e139a03a6b781"
    },
    "index" : 6,
    "addedDate" : 1703917643700,
    "metadata" : [ ]
  }, {
    "asset" : {
      "assetID" : "9b8b7753fe6311ee9f53eeeeac1ed7e89ed3dc2e"
    },
    "index" : 9,
    "addedDate" : 1714408592623,
    "metadata" : [ ]
  } ],
  "fileName" : "d501c3f9ab764b01bd9d4c45ab77cf23.json",
  "name" : "Additional Videos",
  "english" : true,
  "publicTitle" : "Additional Videos",
  "collectionUri" : "book-of-mormon-additional-videos"
}