{
  "parentCollectionID" : "41e345722a1b0d6491203b5df044f34552d780a9",
  "parentCollectionPath" : "Mobile Media Library/English - Video/Family History/(Unpublished) Getting Started",
  "collectionType" : "assets",
  "path" : "Mobile Media Library/English - Video/Family History/(Unpublished) Getting Started/(Unpublished) Family History How-To Videos",
  "collectionID" : "d5e1f76f32e24d0794ff2e48a9502c8f538580e4",
  "language" : "eng",
  "type" : "DEFAULT",
  "lastUpdatedDate" : "2019-10-28T16:40:50.643-06:00",
  "links" : [ {
    "rel" : "details",
    "href" : "https://titanapi.churchofjesuschrist.org/assetsearch/api/v2/collection/details/collectionID/d5e1f76f32e24d0794ff2e48a9502c8f538580e4"
  } ],
  "coverImages" : [ {
    "asset" : {
      "assetID" : "4052af00c4b43dd32fe86bc9aa506aa31f792411"
    }
  } ],
  "related" : [ ],
  "metadata" : [ {
    "key" : "collectionUri",
    "value" : "family-history-how-to-videos",
    "language" : "eng"
  } ],
  "children" : [ ],
  "assets" : [ {
    "asset" : {
      "assetID" : "6291f40a0be4e06c475c2b3e7f5897249b205689"
    },
    "addedDate" : 1517520268076,
    "metadata" : [ ]
  }, {
    "asset" : {
      "assetID" : "a999b0e39b5c2206b99fa6d3017a1d4c5515b343"
    },
    "addedDate" : 1517520125029,
    "metadata" : [ ]
  }, {
    "asset" : {
      "assetID" : "76cbaff1382925e97cfb0ca71344430e8146ed76"
    },
    "addedDate" : 1517520154041,
    "metadata" : [ ]
  }, {
    "asset" : {
      "assetID" : "274048f6d4d9715fdd187e0aec33ea147f3fddd5"
    },
    "addedDate" : 1517520312067,
    "metadata" : [ ]
  } ],
  "fileName" : "d5e1f76f32e24d0794ff2e48a9502c8f538580e4.json",
  "name" : "(Unpublished) Family History How-To Videos",
  "english" : true,
  "collectionUri" : "family-history-how-to-videos"
}