{
  "parentCollectionID" : "bd59191796027fc53f46f5811862b4ff2baaa3b2",
  "parentCollectionPath" : "Mobile Media Library/English - Video/Topics",
  "collectionType" : "assets",
  "path" : "Mobile Media Library/English - Video/Topics/Commandments",
  "collectionID" : "d6984c9fc0c2e289fc183a8eab110dd46cced757",
  "language" : "eng",
  "type" : "DEFAULT",
  "lastUpdatedDate" : "2020-08-25T14:21:59.622-06:00",
  "links" : [ {
    "rel" : "details",
    "href" : "https://titanapi.churchofjesuschrist.org/assetsearch/api/v2/collection/details/collectionID/d6984c9fc0c2e289fc183a8eab110dd46cced757"
  } ],
  "coverImages" : [ {
    "asset" : {
      "assetID" : "db86ea4824f6fff30a60223f0a801f0e1804d4df"
    }
  } ],
  "related" : [ ],
  "metadata" : [ {
    "key" : "description",
    "value" : "God’s word set forth to His children to keep His commandments, witness the blessings of obedience, and see the empowering spiritual renewal of keeping baptismal and temple covenants.",
    "language" : "eng"
  }, {
    "key" : "collectionUri",
    "value" : "commandments-topic",
    "language" : "eng"
  }, {
    "key" : "publicTitle",
    "value" : "Commandments",
    "language" : "eng"
  }, {
    "key" : "orderIndex",
    "value" : "15"
  } ],
  "children" : [ ],
  "assets" : [ {
    "asset" : {
      "assetID" : "e41a808472336dec53f7c80262b83f58edc255ed"
    },
    "addedDate" : 1479414704022,
    "metadata" : [ ]
  }, {
    "asset" : {
      "assetID" : "677a69f4ca7c7676bba859d43734c79c57fb2b81"
    },
    "addedDate" : 1479414566040,
    "metadata" : [ ]
  }, {
    "asset" : {
      "assetID" : "d46a1eaf321ea7426228dcffb03222e41435b94f"
    },
    "addedDate" : 1479414723039,
    "metadata" : [ ]
  }, {
    "asset" : {
      "assetID" : "ba3461b8b2d6033668b96d6f7373d2949bae97ce"
    },
    "addedDate" : 1479414543086,
    "metadata" : [ ]
  }, {
    "asset" : {
      "assetID" : "fa639c485407fd9746b6a5a644461e72f2a604a9"
    },
    "addedDate" : 1479414336089,
    "metadata" : [ ]
  }, {
    "asset" : {
      "assetID" : "4066395ce17adcc2c92eb655c0f6fab8eadb1381"
    },
    "addedDate" : 1479414679028,
    "metadata" : [ ]
  }, {
    "asset" : {
      "assetID" : "cf5e96a418ca188c26aa1e42dc925c7a1490cb17"
    },
    "addedDate" : 1479414525097,
    "metadata" : [ ]
  }, {
    "asset" : {
      "assetID" : "a317cb341f487338ffca16cfb50ae670957d8d43"
    },
    "addedDate" : 1479414644053,
    "metadata" : [ ]
  }, {
    "asset" : {
      "assetID" : "800671dd1337d81b359ac43753d674a21f303381"
    },
    "index" : 9,
    "addedDate" : 1479414246038,
    "metadata" : [ ]
  }, {
    "asset" : {
      "assetID" : "2d55be29a07d439ca2dce44a53de59589cb497e1"
    },
    "index" : 7,
    "addedDate" : 1479414247000,
    "metadata" : [ ]
  }, {
    "asset" : {
      "assetID" : "40e1e6a3edfc11915f7c891ec23b58dbde6b1b92"
    },
    "addedDate" : 1507831669044,
    "metadata" : [ ]
  }, {
    "asset" : {
      "assetID" : "b357a0d21b905f9617cb0a650c074c92713fa3ba"
    },
    "addedDate" : 1479414626011,
    "metadata" : [ ]
  }, {
    "asset" : {
      "assetID" : "fa30fd1937b547ec45becd49c9e8fcffabee7cb6"
    },
    "addedDate" : 1592396734729,
    "metadata" : [ ]
  }, {
    "asset" : {
      "assetID" : "88850e43bcccaf150cd9fcc641ee74e3809091cd"
    },
    "addedDate" : 1632956855622,
    "metadata" : [ ]
  }, {
    "asset" : {
      "assetID" : "6b7f3bccb0d33cfd1d4f8f2b7940ff3c6d868c7c"
    },
    "addedDate" : 1632956847581,
    "metadata" : [ ]
  }, {
    "asset" : {
      "assetID" : "69df3079f76cc99b85c0f9695a45ef48c99bbec9"
    },
    "addedDate" : 1592396736964,
    "metadata" : [ ]
  }, {
    "asset" : {
      "assetID" : "4f364c5af93e281308feaaac834fdf1d52755194"
    },
    "addedDate" : 1592433100261,
    "metadata" : [ ]
  }, {
    "asset" : {
      "assetID" : "88b0f3275d3a42caf1dc304fd3e7737103a30316"
    },
    "addedDate" : 1592541775290,
    "metadata" : [ ]
  }, {
    "asset" : {
      "assetID" : "8931bc8a9b2c7596afcdd6baa11845d5f3afddce"
    },
    "addedDate" : 1565755365486,
    "metadata" : [ ]
  }, {
    "asset" : {
      "assetID" : "7a6c04e277aec5981a0be22d6c9272cf5c0d33ba"
    },
    "addedDate" : 1632956851799,
    "metadata" : [ ]
  } ],
  "fileName" : "d6984c9fc0c2e289fc183a8eab110dd46cced757.json",
  "name" : "Commandments",
  "english" : true,
  "publicTitle" : "Commandments",
  "description" : "God’s word set forth to His children to keep His commandments, witness the blessings of obedience, and see the empowering spiritual renewal of keeping baptismal and temple covenants.",
  "collectionUri" : "commandments-topic"
}