{
  "parentCollectionID" : "e60f922e58584686ad44d42a17a6dd66",
  "parentCollectionPath" : "Mobile Media Library/English - Video/People/Latter-day General Authorities and Officers",
  "collectionType" : "assets",
  "path" : "Mobile Media Library/English - Video/People/Latter-day General Authorities and Officers/Sheri L. Dew",
  "collectionID" : "d7944047a4893ad4b30daeed757e06925a5b1465",
  "language" : "eng",
  "type" : "DEFAULT",
  "lastUpdatedDate" : "2019-10-28T16:40:50.643-06:00",
  "links" : [ {
    "rel" : "details",
    "href" : "https://titanapi.churchofjesuschrist.org/assetsearch/api/v2/collection/details/collectionID/d7944047a4893ad4b30daeed757e06925a5b1465"
  } ],
  "coverImages" : [ {
    "asset" : {
      "assetID" : "8f4346d9d43d28a1dce2df56af7f019ce979c15c"
    }
  } ],
  "related" : [ ],
  "metadata" : [ {
    "key" : "collectionUri",
    "value" : "sheri-l-dew",
    "language" : "eng"
  }, {
    "key" : "publicTitle",
    "value" : "Sheri L. Dew",
    "language" : "eng"
  } ],
  "children" : [ ],
  "assets" : [ {
    "asset" : {
      "assetID" : "f6bb208d39e85453537fff12265793950e86b71f"
    },
    "addedDate" : 1540329186786,
    "metadata" : [ ]
  } ],
  "fileName" : "d7944047a4893ad4b30daeed757e06925a5b1465.json",
  "name" : "Sheri L. Dew",
  "english" : true,
  "publicTitle" : "Sheri L. Dew",
  "collectionUri" : "sheri-l-dew"
}