{
  "parentCollectionID" : "3486052f9af590c4f82e94cde16fe5163b36fa3f",
  "parentCollectionPath" : "Mobile Media Library/English - Video/Callings and Trainings/Ministering",
  "collectionType" : "assets",
  "path" : "Mobile Media Library/English - Video/Callings and Trainings/Ministering/Effective Ministering",
  "collectionID" : "d878c5e58482b961c06f0fb6970fb0eda4a3785b",
  "language" : "eng",
  "type" : "DEFAULT",
  "lastUpdatedDate" : "2019-10-28T16:40:50.643-06:00",
  "links" : [ {
    "rel" : "details",
    "href" : "https://titanapi.churchofjesuschrist.org/assetsearch/api/v2/collection/details/collectionID/d878c5e58482b961c06f0fb6970fb0eda4a3785b"
  } ],
  "coverImages" : [ {
    "asset" : {
      "assetID" : "a82d0e4c6e3c2e4786971b005fba25b876638dd9"
    }
  } ],
  "related" : [ ],
  "metadata" : [ {
    "key" : "collectionUri",
    "value" : "effective-ministering",
    "language" : "eng"
  }, {
    "key" : "publicTitle",
    "value" : "Effective Ministering",
    "language" : "eng"
  } ],
  "children" : [ ],
  "assets" : [ {
    "asset" : {
      "assetID" : "08cee8974bb1347d97cc78638c3e0a0e9efa760a"
    },
    "addedDate" : 1523635522072,
    "metadata" : [ ]
  }, {
    "asset" : {
      "assetID" : "7a7078ff35547853d0c83521fa51d41e8ca92e3f"
    },
    "addedDate" : 1523635566039,
    "metadata" : [ ]
  }, {
    "asset" : {
      "assetID" : "7e27220c40e421a6c8387bbc4469d368e716b8d7"
    },
    "addedDate" : 1523635498027,
    "metadata" : [ ]
  }, {
    "asset" : {
      "assetID" : "82de75f08ea455ff6a893fbf18deb06dfe340923"
    },
    "addedDate" : 1523635598027,
    "metadata" : [ ]
  }, {
    "asset" : {
      "assetID" : "a31aaa8605b51a5461a40828f9afeaf5aa410e5d"
    },
    "addedDate" : 1523635582003,
    "metadata" : [ ]
  }, {
    "asset" : {
      "assetID" : "c5c29d7389729811ede2d9f8e06fee585228576c"
    },
    "addedDate" : 1523635543033,
    "metadata" : [ ]
  } ],
  "fileName" : "d878c5e58482b961c06f0fb6970fb0eda4a3785b.json",
  "name" : "Effective Ministering",
  "english" : true,
  "publicTitle" : "Effective Ministering",
  "collectionUri" : "effective-ministering"
}