{
  "parentCollectionID" : "bd59191796027fc53f46f5811862b4ff2baaa3b2",
  "parentCollectionPath" : "Mobile Media Library/English - Video/Topics",
  "collectionType" : "assets",
  "path" : "Mobile Media Library/English - Video/Topics/Pioneers",
  "collectionID" : "d96e56f35a20283bf765e2f83ad4faf8d59be2e1",
  "language" : "eng",
  "type" : "DEFAULT",
  "lastUpdatedDate" : "2024-07-17T09:23:11.159-06:00",
  "links" : [ {
    "rel" : "details",
    "href" : "https://titanapi.churchofjesuschrist.org/assetsearch/api/v2/collection/details/collectionID/d96e56f35a20283bf765e2f83ad4faf8d59be2e1"
  } ],
  "coverImages" : [ {
    "asset" : {
      "assetID" : "103358deb9f86751e29756ab0d15e9acd91e8892"
    }
  } ],
  "related" : [ ],
  "metadata" : [ {
    "key" : "channel",
    "value" : "mobile",
    "language" : "eng"
  }, {
    "key" : "orderIndex",
    "value" : "73"
  }, {
    "key" : "description",
    "value" : "The legacy of pioneer spirit offers lessons from the past hardships the pioneers experienced and links us to the trail blazers who forged ahead from Winter Quarters, settled the valley of the Great Salt Lake, and continue to inspire us to persevere with faith in God wherever we are in the world.",
    "language" : "eng"
  }, {
    "key" : "collectionUri",
    "value" : "pioneers-topic",
    "language" : "eng"
  }, {
    "key" : "publicTitle",
    "value" : "Pioneers",
    "language" : "eng"
  } ],
  "children" : [ ],
  "assets" : [ {
    "asset" : {
      "assetID" : "696b8e074b9b6302197d3811612afa7a804ffcd5"
    },
    "index" : 16,
    "addedDate" : 1624054273595,
    "metadata" : [ ]
  }, {
    "asset" : {
      "assetID" : "a036c9f5c54f0e6739085756d6518f285aeb8b43"
    },
    "index" : 19,
    "addedDate" : 1624054274202,
    "metadata" : [ ]
  }, {
    "asset" : {
      "assetID" : "34239ac29a24b092fe4179cfa1578b59a5368748"
    },
    "index" : 21,
    "addedDate" : 1624054274660,
    "metadata" : [ ]
  }, {
    "asset" : {
      "assetID" : "d32673e5b407fc490fbc99242454edb2ba804045"
    },
    "index" : 18,
    "addedDate" : 1624054274001,
    "metadata" : [ ]
  }, {
    "asset" : {
      "assetID" : "d6934eca291654e9ddb9d4e679c6504f7a427a46"
    },
    "index" : 17,
    "addedDate" : 1624054273814,
    "metadata" : [ ]
  }, {
    "asset" : {
      "assetID" : "55cb518a8f13184bf2ca738504a5fa6866d3ed3c"
    },
    "addedDate" : 1479850745045,
    "metadata" : [ ]
  }, {
    "asset" : {
      "assetID" : "190480d7622f08758845f4f8375a9cf66591fbdb"
    },
    "index" : 23,
    "addedDate" : 1624054274972,
    "metadata" : [ ]
  }, {
    "asset" : {
      "assetID" : "36e20e784bfd348e63e61287c9537436e41ab65b"
    },
    "addedDate" : 1479850771097,
    "metadata" : [ ]
  }, {
    "asset" : {
      "assetID" : "04da480bf1ef4971718eabcb6a947ba00c40cfe4"
    },
    "index" : 15,
    "addedDate" : 1624054273380,
    "metadata" : [ ]
  }, {
    "asset" : {
      "assetID" : "85e278d87322146c5a0566cfbffbc0c672a8bba5"
    },
    "index" : 22,
    "addedDate" : 1624054274797,
    "metadata" : [ ]
  }, {
    "asset" : {
      "assetID" : "213414c58c5bbf06f7854f263f45bc2f51d00981"
    },
    "addedDate" : 1479850733019,
    "metadata" : [ ]
  }, {
    "asset" : {
      "assetID" : "490eab87a9fc24ba839cce13190970bd763e086c"
    },
    "addedDate" : 1479850719049,
    "metadata" : [ ]
  }, {
    "asset" : {
      "assetID" : "2a410cd3c14050ec92707f1faf7a67eb5350f8fc"
    },
    "index" : 20,
    "addedDate" : 1624054274470,
    "metadata" : [ ]
  }, {
    "asset" : {
      "assetID" : "227f0c1bf3372cddf6c26a891a9c5ed1adc99145"
    },
    "addedDate" : 1592433100027,
    "metadata" : [ ]
  }, {
    "asset" : {
      "assetID" : "e06de8d795a6b04a812713e26bcf463876fa5d16"
    },
    "addedDate" : 1592433100747,
    "metadata" : [ ]
  }, {
    "asset" : {
      "assetID" : "96e79450f4bd07b528174f16140ab540fe59b1a7"
    },
    "addedDate" : 1592433099666,
    "metadata" : [ ]
  }, {
    "asset" : {
      "assetID" : "AB1AD9A34DD2657EE5EC93006BCC5C5822159250"
    },
    "index" : 12,
    "addedDate" : 1595458185056,
    "metadata" : [ ]
  }, {
    "asset" : {
      "assetID" : "666823F379447F07CB6A7FE0D12DFAE7BB461212"
    },
    "index" : 13,
    "addedDate" : 1595458185191,
    "metadata" : [ ]
  }, {
    "asset" : {
      "assetID" : "FDD7EB43486008EE6B636B6099963289970A166C"
    },
    "index" : 14,
    "addedDate" : 1595458185318,
    "metadata" : [ ]
  }, {
    "asset" : {
      "assetID" : "51ED97F1FF9AA0C5CC6E9D30BAA39F9A50007F9E"
    },
    "index" : 15,
    "addedDate" : 1595458185443,
    "metadata" : [ ]
  }, {
    "asset" : {
      "assetID" : "6f103413367d11ecac35eeeeac1e7c59eb52292a"
    },
    "addedDate" : 1635391654502,
    "metadata" : [ ]
  }, {
    "asset" : {
      "assetID" : "6f8340d3367d11eca29deeeeac1e03f97e73bffd"
    },
    "addedDate" : 1635391654580,
    "metadata" : [ ]
  }, {
    "asset" : {
      "assetID" : "701101d5367d11ec8aafeeeeac1e5e36687f6fcf"
    },
    "addedDate" : 1635391654658,
    "metadata" : [ ]
  }, {
    "asset" : {
      "assetID" : "6ef83ee5367d11ec95e0eeeeac1ece45f49f8de0"
    },
    "addedDate" : 1664482408536,
    "metadata" : [ ]
  } ],
  "fileName" : "d96e56f35a20283bf765e2f83ad4faf8d59be2e1.json",
  "name" : "Pioneers",
  "english" : true,
  "publicTitle" : "Pioneers",
  "description" : "The legacy of pioneer spirit offers lessons from the past hardships the pioneers experienced and links us to the trail blazers who forged ahead from Winter Quarters, settled the valley of the Great Salt Lake, and continue to inspire us to persevere with faith in God wherever we are in the world.",
  "collectionUri" : "pioneers-topic"
}