{
  "parentCollectionID" : "b91d19b3a88f45129e9ec20d8c175bfa",
  "parentCollectionPath" : "Mobile Media Library/English - Video/Scriptural Reenactments and Teachings/Book of Mormon Videos",
  "collectionType" : "assets",
  "path" : "Mobile Media Library/English - Video/Scriptural Reenactments and Teachings/Book of Mormon Videos/1 Nephi 16",
  "collectionID" : "d9855bef20d548df8c39c137b5d76405",
  "language" : "eng",
  "type" : "DEFAULT",
  "lastUpdatedDate" : "2023-05-18T13:53:34.838-06:00",
  "links" : [ {
    "rel" : "details",
    "href" : "https://titanapi.churchofjesuschrist.org/assetsearch/api/v2/collection/details/collectionID/d9855bef20d548df8c39c137b5d76405"
  } ],
  "coverImages" : [ {
    "asset" : {
      "assetID" : "44f6851d1326c64dbda301534c8f8a430bcf6a91"
    }
  } ],
  "related" : [ ],
  "metadata" : [ {
    "key" : "orderIndex",
    "value" : "7"
  }, {
    "key" : "channel",
    "value" : "mobile",
    "language" : "eng"
  }, {
    "key" : "collectionUri",
    "value" : "1-nephi-16",
    "language" : "eng"
  }, {
    "key" : "publicTitle",
    "value" : "1 Nephi 16",
    "language" : "eng"
  } ],
  "children" : [ ],
  "assets" : [ {
    "asset" : {
      "assetID" : "F6C7B01B8B83B6D550CF032BCA3D5259EFA8EA77"
    },
    "index" : 4,
    "addedDate" : 1662564931936,
    "metadata" : [ ]
  }, {
    "asset" : {
      "assetID" : "A0112167A100EBCF63D2A80B942C94A6227071B5"
    },
    "index" : 0,
    "addedDate" : 1662564931926,
    "metadata" : [ ]
  }, {
    "asset" : {
      "assetID" : "9F0AC099FA847C4EEA061EC4400B3C49F329FAAF"
    },
    "index" : 1,
    "addedDate" : 1662564931920,
    "metadata" : [ ]
  }, {
    "asset" : {
      "assetID" : "A909F44AAE50BC08C1F9CBE756B64A6A6B904133"
    },
    "index" : 2,
    "addedDate" : 1662564931933,
    "metadata" : [ ]
  }, {
    "asset" : {
      "assetID" : "586BB597A63B843B77235F87BCB18CDEDBE206EF"
    },
    "index" : 3,
    "addedDate" : 1662564931930,
    "metadata" : [ ]
  } ],
  "fileName" : "d9855bef20d548df8c39c137b5d76405.json",
  "name" : "1 Nephi 16",
  "english" : true,
  "publicTitle" : "1 Nephi 16",
  "collectionUri" : "1-nephi-16"
}