{
  "parentCollectionID" : "b5252a65f1e64418a1253501d850495c",
  "parentCollectionPath" : "Mobile Media Library/English - Video/Teaching and Lessons/Seminary and Institute/Seminary/Doctrine and Covenants Visual Resources",
  "collectionType" : "assets",
  "path" : "Mobile Media Library/English - Video/Teaching and Lessons/Seminary and Institute/Seminary/Doctrine and Covenants Visual Resources/08 Doctrine and Covenants-Lesson 141-160",
  "collectionID" : "da2b2452a1ac4284a443799cd83ffb01",
  "language" : "eng",
  "type" : "DEFAULT",
  "lastUpdatedDate" : "2019-12-20T10:34:22.745-07:00",
  "links" : [ {
    "rel" : "details",
    "href" : "https://titanapi.churchofjesuschrist.org/assetsearch/api/v2/collection/details/collectionID/da2b2452a1ac4284a443799cd83ffb01"
  } ],
  "coverImages" : [ {
    "asset" : {
      "assetID" : "04ebce5c918509333ff12ecd3490bfa591d81d5b"
    }
  } ],
  "related" : [ ],
  "metadata" : [ {
    "key" : "collectionUri",
    "value" : "doctrine-and-covenants-lesson-141-160",
    "language" : "eng"
  }, {
    "key" : "publicTitle",
    "value" : "Doctrine and Covenants—Lesson 141-160",
    "language" : "eng"
  } ],
  "children" : [ ],
  "assets" : [ {
    "asset" : {
      "assetID" : "08ca9c32d748898aae01a7b2f7244a66c0e14a89"
    },
    "addedDate" : 1576875054340,
    "metadata" : [ ]
  }, {
    "asset" : {
      "assetID" : "0afdf32d8236169e15994633671d5c51694c437e"
    },
    "addedDate" : 1576875054323,
    "metadata" : [ ]
  }, {
    "asset" : {
      "assetID" : "127c8a0557d6a75c8ad76c2fc8d75fabbff08934"
    },
    "addedDate" : 1576875054293,
    "metadata" : [ ]
  }, {
    "asset" : {
      "assetID" : "c6d2ea5cddef3396e307d9681496608be3cb9871"
    },
    "addedDate" : 1576875054356,
    "metadata" : [ ]
  }, {
    "asset" : {
      "assetID" : "7508d7f22982d549bdf795695f40134339050d85"
    },
    "addedDate" : 1576875054293,
    "metadata" : [ ]
  }, {
    "asset" : {
      "assetID" : "d5f32a1f1969c2e6067b7b4f8e564690c9ad3409"
    },
    "addedDate" : 1576875054323,
    "metadata" : [ ]
  }, {
    "asset" : {
      "assetID" : "aaa855b72c9db4bd9f5c264be699c62f86f9b2bb"
    },
    "addedDate" : 1576875054310,
    "metadata" : [ ]
  }, {
    "asset" : {
      "assetID" : "2b8b19468426b69271ed8775ec6bb37406c35d9a"
    },
    "addedDate" : 1576875054293,
    "metadata" : [ ]
  }, {
    "asset" : {
      "assetID" : "59e7d75543ebf591fb2e5876ea866d5982d90766"
    },
    "addedDate" : 1576875054323,
    "metadata" : [ ]
  }, {
    "asset" : {
      "assetID" : "77473a28c0455250946a406aa4461e8fd01abf04"
    },
    "addedDate" : 1576875054323,
    "metadata" : [ ]
  }, {
    "asset" : {
      "assetID" : "d645fd12f7675ed3e8fbbc7be35b911bc276d6e7"
    },
    "addedDate" : 1576875054323,
    "metadata" : [ ]
  }, {
    "asset" : {
      "assetID" : "7559add33341f3f16c482cba460a7d875f5a1c67"
    },
    "addedDate" : 1632956851127,
    "metadata" : [ ]
  }, {
    "asset" : {
      "assetID" : "ffe51980340b02ad3a692f42aa2d628fc9446f08"
    },
    "index" : 47,
    "addedDate" : 1629399561655,
    "metadata" : [ ]
  }, {
    "asset" : {
      "assetID" : "6d2190708d2c9ecbd531d5f55d75c96e3bdfdd4b"
    },
    "addedDate" : 1576875054340,
    "metadata" : [ ]
  }, {
    "asset" : {
      "assetID" : "7865d209657299960c4f2661506c9ad84ef3540a"
    },
    "addedDate" : 1576875054310,
    "metadata" : [ ]
  }, {
    "asset" : {
      "assetID" : "7a1322e57f2352c1ca75e6e5d13f3f5a29c2a47d"
    },
    "addedDate" : 1576875054293,
    "metadata" : [ ]
  }, {
    "asset" : {
      "assetID" : "6341e8dad8b15c94069ab4ed892b04a8f6ec7cf5"
    },
    "addedDate" : 1576875054310,
    "metadata" : [ ]
  }, {
    "asset" : {
      "assetID" : "39817120a2bd3a51f7fec25d40c359324d2f33d3"
    },
    "addedDate" : 1576875054340,
    "metadata" : [ ]
  }, {
    "asset" : {
      "assetID" : "d3b9aa5c2985dd4eda9fdfcb0c6f3346f045d554"
    },
    "addedDate" : 1576875054293,
    "metadata" : [ ]
  }, {
    "asset" : {
      "assetID" : "d16392588ce458175f09a03b3bbec79e4c39c63b"
    },
    "addedDate" : 1576875054310,
    "metadata" : [ ]
  }, {
    "asset" : {
      "assetID" : "fa366e125167eedd22b3bbde0915a2ef7cd8cebb"
    },
    "addedDate" : 1576875054310,
    "metadata" : [ ]
  }, {
    "asset" : {
      "assetID" : "aadca552ecfa2ccaccfcdd18861a313c29536059"
    },
    "addedDate" : 1587669599164,
    "metadata" : [ ]
  }, {
    "asset" : {
      "assetID" : "e74f27614c31f1e9ccd748a2d65f4dff72cf0f0e"
    },
    "addedDate" : 1576875054310,
    "metadata" : [ ]
  }, {
    "asset" : {
      "assetID" : "5008f59da95aaf698febe1f867bab322d1df4671"
    },
    "addedDate" : 1576875054323,
    "metadata" : [ ]
  }, {
    "asset" : {
      "assetID" : "e0018e7536476ea45e569017ec8d48ac946f4817"
    },
    "addedDate" : 1576875054340,
    "metadata" : [ ]
  }, {
    "asset" : {
      "assetID" : "73df91d4371c6fd1aa5cfd1c9fa67639045369af"
    },
    "addedDate" : 1576875054340,
    "metadata" : [ ]
  }, {
    "asset" : {
      "assetID" : "03448602332465c6a450c341de0297ccd4db6e0d"
    },
    "addedDate" : 1576875054323,
    "metadata" : [ ]
  }, {
    "asset" : {
      "assetID" : "a7911b3dbd9d21bda78c84fbb22c802135352fda"
    },
    "addedDate" : 1576875054340,
    "metadata" : [ ]
  }, {
    "asset" : {
      "assetID" : "4dd83812357bc4069e6e1ff99d16cc09840b3fb7"
    },
    "addedDate" : 1576875054356,
    "metadata" : [ ]
  }, {
    "asset" : {
      "assetID" : "36e20e784bfd348e63e61287c9537436e41ab65b"
    },
    "addedDate" : 1576875054356,
    "metadata" : [ ]
  }, {
    "asset" : {
      "assetID" : "c4d5f3448e18aeb2311ee8334bdc104e272125ac"
    },
    "addedDate" : 1576875054310,
    "metadata" : [ ]
  }, {
    "asset" : {
      "assetID" : "08b389c0f63452399c999d73d62bebbc7024d805"
    },
    "addedDate" : 1576875054340,
    "metadata" : [ ]
  }, {
    "asset" : {
      "assetID" : "e29c2247d45e2bc0cf7573c6834087f4f5aed5b6"
    },
    "addedDate" : 1576875054340,
    "metadata" : [ ]
  }, {
    "asset" : {
      "assetID" : "24b8f125eb3249b958e023c9b72afb095b4324b3"
    },
    "addedDate" : 1576875054356,
    "metadata" : [ ]
  }, {
    "asset" : {
      "assetID" : "9c10fefca7bd52fbb6adfbac053c069cd20aef9a"
    },
    "addedDate" : 1576875054310,
    "metadata" : [ ]
  }, {
    "asset" : {
      "assetID" : "7b29ee9fd7c1ece1060aa9427c58cd2228cbb778"
    },
    "addedDate" : 1576875054323,
    "metadata" : [ ]
  }, {
    "asset" : {
      "assetID" : "f294465f7153ce4a10cc6ae6796ca269121accfc"
    },
    "addedDate" : 1576875054356,
    "metadata" : [ ]
  }, {
    "asset" : {
      "assetID" : "344143b0e3dabea4bb46fda6d8651b28dc452e63"
    },
    "addedDate" : 1632956832179,
    "metadata" : [ ]
  }, {
    "asset" : {
      "assetID" : "10018b1c13f50054d71c0d43ab3d7dd4bf0bca69"
    },
    "addedDate" : 1587669491626,
    "metadata" : [ ]
  }, {
    "asset" : {
      "assetID" : "e5ef75f95c3ce812d551423342b4b19eba479cc2"
    },
    "addedDate" : 1576875054310,
    "metadata" : [ ]
  }, {
    "asset" : {
      "assetID" : "77a4fcd485bee60d89e551764be1e97e06fe1eee"
    },
    "addedDate" : 1576875054340,
    "metadata" : [ ]
  }, {
    "asset" : {
      "assetID" : "60a63b70802673426504af471c8cedb209d796d7"
    },
    "addedDate" : 1592433101325,
    "metadata" : [ ]
  }, {
    "asset" : {
      "assetID" : "8d9a2ac10a4e094e509d6016dce7480717cff0bd"
    },
    "addedDate" : 1592433100668,
    "metadata" : [ ]
  }, {
    "asset" : {
      "assetID" : "743e66f4bf5721067b60f6660304011913556c8e"
    },
    "addedDate" : 1632956851033,
    "metadata" : [ ]
  }, {
    "asset" : {
      "assetID" : "a61954a12984e4836a43c716d4d6f9422b431d0e"
    },
    "index" : 47,
    "addedDate" : 1624642932864,
    "metadata" : [ ]
  }, {
    "asset" : {
      "assetID" : "c760e10986577959070bee63b031504b823c2b8a"
    },
    "addedDate" : 1632956870846,
    "metadata" : [ ]
  }, {
    "asset" : {
      "assetID" : "90f92c3add004e85acbc354aec27966cf18a894f"
    },
    "addedDate" : 1592433100465,
    "metadata" : [ ]
  }, {
    "asset" : {
      "assetID" : "2b563b33aae20c60c3771fcdfe7a73137ce8dbb4"
    },
    "addedDate" : 1592433099840,
    "metadata" : [ ]
  } ],
  "fileName" : "da2b2452a1ac4284a443799cd83ffb01.json",
  "name" : "08 Doctrine and Covenants-Lesson 141-160",
  "english" : true,
  "publicTitle" : "Doctrine and Covenants—Lesson 141-160",
  "collectionUri" : "doctrine-and-covenants-lesson-141-160"
}