{
  "parentCollectionID" : "22e3232e384c8650311b2940336759a89b8d6f8b",
  "parentCollectionPath" : "Mobile Media Library",
  "collectionType" : "assets",
  "path" : "Mobile Media Library/Cantonese: GS Banner - Videos Only",
  "collectionID" : "db99a9f9076943bc8e106f9140365e74",
  "language" : "yue",
  "type" : "DEFAULT",
  "lastUpdatedDate" : "2025-01-27T13:54:23.304-07:00",
  "links" : [ {
    "rel" : "details",
    "href" : "https://titanapi.churchofjesuschrist.org/assetsearch/api/v2/collection/details/collectionID/db99a9f9076943bc8e106f9140365e74"
  } ],
  "coverImages" : [ ],
  "related" : [ ],
  "metadata" : [ {
    "key" : "orderIndex",
    "value" : "63"
  }, {
    "key" : "channel",
    "value" : "mobile",
    "language" : "yue"
  }, {
    "key" : "publicTitle",
    "value" : "Cantonese: GS Banner - Videos Only",
    "language" : "yue"
  } ],
  "children" : [ ],
  "assets" : [ {
    "asset" : {
      "assetID" : "b22d7c11aff246408d192b69a39395ae5c60836d"
    },
    "index" : 3,
    "addedDate" : 1737376633338,
    "metadata" : [ ]
  }, {
    "asset" : {
      "assetID" : "ffe71c02dc0411eeb323eeeeac1e395c35d7e53c"
    },
    "index" : 7,
    "addedDate" : 1736304214150,
    "metadata" : [ ]
  }, {
    "asset" : {
      "assetID" : "7a4988a27f6b11ef9c8c0626c361eb55a5b8f6ec"
    },
    "index" : 0,
    "addedDate" : 1738010675102,
    "metadata" : [ ]
  }, {
    "asset" : {
      "assetID" : "lewhmii8peyngqg7i3rnlxe82fkqtf0clookrnm9"
    },
    "index" : 8,
    "addedDate" : 1737375900796,
    "metadata" : [ ]
  }, {
    "asset" : {
      "assetID" : "g3kvi2h3ltjqut5d5e4rhcs0463hohm8doqagauy"
    },
    "index" : 5,
    "addedDate" : 1736012065778,
    "metadata" : [ ]
  } ],
  "fileName" : "db99a9f9076943bc8e106f9140365e74.json",
  "name" : "Cantonese: GS Banner - Videos Only",
  "english" : false,
  "publicTitle" : "Cantonese: GS Banner - Videos Only"
}