{
  "parentCollectionID" : "301d5ba2de654f4fb50dde91fb2dfd3c",
  "parentCollectionPath" : "Mobile Media Library/English - Video/Sharing the Gospel",
  "collectionType" : "assets",
  "path" : "Mobile Media Library/English - Video/Sharing the Gospel/Simple Ways to Love, Share, and Invite",
  "collectionID" : "dc99a80a48e24f3ca1287a83c8766b6e",
  "language" : "eng",
  "type" : "DEFAULT",
  "lastUpdatedDate" : "2024-10-16T10:07:38.539-06:00",
  "links" : [ {
    "rel" : "details",
    "href" : "https://titanapi.churchofjesuschrist.org/assetsearch/api/v2/collection/details/collectionID/dc99a80a48e24f3ca1287a83c8766b6e"
  } ],
  "coverImages" : [ {
    "asset" : {
      "assetID" : "2075d960057911ee93c4eeeeac1e49edf81c936f"
    }
  } ],
  "related" : [ ],
  "metadata" : [ {
    "key" : "orderIndex",
    "value" : "1"
  }, {
    "key" : "collectionUri",
    "value" : "simple-ways-to-love-share-and-invite",
    "language" : "eng"
  }, {
    "key" : "publicTitle",
    "value" : "Simple Ways to Love, Share, and Invite",
    "language" : "eng"
  } ],
  "children" : [ ],
  "assets" : [ {
    "asset" : {
      "assetID" : "b5b01d53c75c11ed8115eeeeac1e0a8f958bff82"
    },
    "index" : 0,
    "addedDate" : 1729094839103,
    "metadata" : [ ]
  }, {
    "asset" : {
      "assetID" : "5ef044db03e611eebcf9eeeeac1ed35593453824"
    },
    "index" : 3,
    "addedDate" : 1716578037872,
    "metadata" : [ ]
  }, {
    "asset" : {
      "assetID" : "4e50b68927f411eea418eeeeac1e3978e4130fdf"
    },
    "index" : 2,
    "addedDate" : 1716578019331,
    "metadata" : [ ]
  }, {
    "asset" : {
      "assetID" : "ab70018422a411efb882eeeeac1effe8bf2a4922"
    },
    "index" : 4,
    "addedDate" : 1717620507183,
    "metadata" : [ ]
  }, {
    "asset" : {
      "assetID" : "29cc0a5d658811efa3c0022e7e432ed91240a490"
    },
    "index" : 5,
    "addedDate" : 1728313848327,
    "metadata" : [ ]
  } ],
  "fileName" : "dc99a80a48e24f3ca1287a83c8766b6e.json",
  "name" : "Simple Ways to Love, Share, and Invite",
  "english" : true,
  "publicTitle" : "Simple Ways to Love, Share, and Invite",
  "collectionUri" : "simple-ways-to-love-share-and-invite"
}