{
  "parentCollectionID" : "a4cbfba70bf044214729b9339a405bd8c5560688",
  "parentCollectionPath" : "Mobile Media Library/English - Video/Broadcasts/BYU Women’s Conference",
  "collectionType" : "assets",
  "path" : "Mobile Media Library/English - Video/Broadcasts/BYU Women’s Conference/BYU Women's Conference - 2019",
  "collectionID" : "ded42a32740443f0a0d30ccc2cc4dc99",
  "language" : "eng",
  "type" : "DEFAULT",
  "lastUpdatedDate" : "2024-08-08T13:46:02.066-06:00",
  "links" : [ {
    "rel" : "details",
    "href" : "https://titanapi.churchofjesuschrist.org/assetsearch/api/v2/collection/details/collectionID/ded42a32740443f0a0d30ccc2cc4dc99"
  } ],
  "coverImages" : [ {
    "asset" : {
      "assetID" : "f4e5cc941d15a24ac3fa3f5e31dfe4b1d3bbd9da"
    }
  } ],
  "related" : [ ],
  "metadata" : [ {
    "key" : "orderIndex",
    "value" : "5"
  }, {
    "key" : "channel",
    "value" : "mobile",
    "language" : "eng"
  }, {
    "key" : "collectionUri",
    "value" : "byu-womens-conference-2019",
    "language" : "eng"
  }, {
    "key" : "publicTitle",
    "value" : "BYU Women's Conference - 2019",
    "language" : "eng"
  } ],
  "children" : [ ],
  "assets" : [ {
    "asset" : {
      "assetID" : "8351B728F37706FAB8C572687A852547DB359877"
    },
    "index" : 0,
    "addedDate" : 1722598404180,
    "metadata" : [ ]
  }, {
    "asset" : {
      "assetID" : "8140F1F616A261BEBF9217E3A21700C935CD906C"
    },
    "index" : 2,
    "addedDate" : 1722598430661,
    "metadata" : [ ]
  }, {
    "asset" : {
      "assetID" : "1711F779B6CAAE409ABB93D27F40E412C253ED63"
    },
    "index" : 1,
    "addedDate" : 1722598416338,
    "metadata" : [ ]
  } ],
  "fileName" : "ded42a32740443f0a0d30ccc2cc4dc99.json",
  "name" : "BYU Women's Conference - 2019",
  "english" : true,
  "publicTitle" : "BYU Women's Conference - 2019",
  "collectionUri" : "byu-womens-conference-2019"
}