{
  "parentCollectionID" : "38b9e81d44343bf4204296241568235d6e8e77c6",
  "parentCollectionPath" : "Mobile Media Library/English - Featured",
  "collectionType" : "assets",
  "path" : "Mobile Media Library/English - Featured/General Conference Feature",
  "collectionID" : "df8a20ae2b1f47879f9a929b556665d6",
  "language" : "eng",
  "type" : "DEFAULT",
  "lastUpdatedDate" : "2024-10-21T15:17:00.206-06:00",
  "links" : [ {
    "rel" : "details",
    "href" : "https://titanapi.churchofjesuschrist.org/assetsearch/api/v2/collection/details/collectionID/df8a20ae2b1f47879f9a929b556665d6"
  } ],
  "coverImages" : [ {
    "asset" : {
      "assetID" : "4kjpahrj015593n6vfw57sjoo6w9clo2ensncxm1"
    }
  } ],
  "related" : [ ],
  "metadata" : [ {
    "key" : "orderIndex",
    "value" : "3"
  }, {
    "key" : "channel",
    "value" : "mobile",
    "language" : "eng"
  }, {
    "key" : "collectionUri",
    "value" : "october-2024-general-conference-feature",
    "language" : "eng"
  }, {
    "key" : "publicTitle",
    "value" : "October 2024 General Conference",
    "language" : "eng"
  } ],
  "children" : [ ],
  "assets" : [ {
    "asset" : {
      "assetID" : "0d730c8376b011ef8f08022e7e432ed9965307b7"
    },
    "index" : 2,
    "addedDate" : 1729526902784,
    "metadata" : [ ]
  }, {
    "asset" : {
      "assetID" : "0d73339476b011efb2bf0626c361eb55e2ecd628"
    },
    "index" : 0,
    "addedDate" : 1729526885672,
    "metadata" : [ ]
  }, {
    "asset" : {
      "assetID" : "0d72975076b011ef8f08022e7e432ed9d2e83d68"
    },
    "index" : 1,
    "addedDate" : 1729526894343,
    "metadata" : [ ]
  }, {
    "asset" : {
      "assetID" : "0d72493176b011efb2bf0626c361eb5536a45148"
    },
    "index" : 5,
    "addedDate" : 1729526936486,
    "metadata" : [ ]
  }, {
    "asset" : {
      "assetID" : "0d72975176b011ef8f08022e7e432ed93898e321"
    },
    "index" : 3,
    "addedDate" : 1729526915432,
    "metadata" : [ ]
  }, {
    "asset" : {
      "assetID" : "0d72703f76b011ef8f08022e7e432ed989b0df52"
    },
    "index" : 4,
    "addedDate" : 1729526925699,
    "metadata" : [ ]
  }, {
    "asset" : {
      "assetID" : "08d34b27779211efb2bf0626c361eb55056c489c"
    },
    "index" : 7,
    "addedDate" : 1729526960774,
    "metadata" : [ ]
  }, {
    "asset" : {
      "assetID" : "08d40e7b779211efb2bf0626c361eb55101daaf8"
    },
    "index" : 10,
    "addedDate" : 1729526992191,
    "metadata" : [ ]
  }, {
    "asset" : {
      "assetID" : "6a5d6ddf779311ef8f08022e7e432ed99338bf50"
    },
    "index" : 11,
    "addedDate" : 1729527002896,
    "metadata" : [ ]
  }, {
    "asset" : {
      "assetID" : "08d26129779211ef8f08022e7e432ed9a3cf2668"
    },
    "index" : 13,
    "addedDate" : 1729527029464,
    "metadata" : [ ]
  }, {
    "asset" : {
      "assetID" : "08d2fd06779211efb2bf0626c361eb55a2e0127b"
    },
    "index" : 8,
    "addedDate" : 1729526973835,
    "metadata" : [ ]
  }, {
    "asset" : {
      "assetID" : "6a5e09be779311efb2bf0626c361eb55ff5244d2"
    },
    "index" : 12,
    "addedDate" : 1729527010841,
    "metadata" : [ ]
  }, {
    "asset" : {
      "assetID" : "08d2883a779211ef8f08022e7e432ed9b8d13a2a"
    },
    "index" : 14,
    "addedDate" : 1729527037310,
    "metadata" : [ ]
  }, {
    "asset" : {
      "assetID" : "08d1ebf8779211ef8f08022e7e432ed92d4c6a50"
    },
    "index" : 9,
    "addedDate" : 1729526984527,
    "metadata" : [ ]
  }, {
    "asset" : {
      "assetID" : "16bdd98b7c4611ef8e500626c361eb55c2e7d067"
    },
    "index" : 17,
    "addedDate" : 1729527069431,
    "metadata" : [ ]
  }, {
    "asset" : {
      "assetID" : "16bad9e47c4611ef87f9022e7e432ed9e3effd64"
    },
    "index" : 15,
    "addedDate" : 1729527053376,
    "metadata" : [ ]
  }, {
    "asset" : {
      "assetID" : "16bdb27a7c4611ef8e500626c361eb55f3be6593"
    },
    "index" : 19,
    "addedDate" : 1729527087378,
    "metadata" : [ ]
  }, {
    "asset" : {
      "assetID" : "16bd8b687c4611ef8e500626c361eb55f28878a8"
    },
    "index" : 18,
    "addedDate" : 1729527078108,
    "metadata" : [ ]
  }, {
    "asset" : {
      "assetID" : "16bbc4487c4611ef87f9022e7e432ed9bf00389c"
    },
    "index" : 16,
    "addedDate" : 1729527061274,
    "metadata" : [ ]
  }, {
    "asset" : {
      "assetID" : "0d71acef76b011efb2bf0626c361eb55501dafc3"
    },
    "index" : 6,
    "addedDate" : 1729526945211,
    "metadata" : [ ]
  }, {
    "asset" : {
      "assetID" : "d21d0e9f7c4811ef87f9022e7e432ed97ca7a000"
    },
    "index" : 24,
    "addedDate" : 1729527146229,
    "metadata" : [ ]
  }, {
    "asset" : {
      "assetID" : "d21d01007c4811ef8e500626c361eb55bf906263"
    },
    "index" : 21,
    "addedDate" : 1729527120338,
    "metadata" : [ ]
  }, {
    "asset" : {
      "assetID" : "d21d76337c4811ef8e500626c361eb553e07a586"
    },
    "index" : 20,
    "addedDate" : 1729527108532,
    "metadata" : [ ]
  }, {
    "asset" : {
      "assetID" : "d21cd9ef7c4811ef8e500626c361eb553c8c055f"
    },
    "index" : 23,
    "addedDate" : 1729527134829,
    "metadata" : [ ]
  }, {
    "asset" : {
      "assetID" : "d21d0e9e7c4811ef87f9022e7e432ed9c0e5507c"
    },
    "index" : 25,
    "addedDate" : 1729527155900,
    "metadata" : [ ]
  }, {
    "asset" : {
      "assetID" : "d21c4b4c7c4811ef87f9022e7e432ed90dfe59d8"
    },
    "index" : 26,
    "addedDate" : 1729527166477,
    "metadata" : [ ]
  }, {
    "asset" : {
      "assetID" : "d21c4b4b7c4811ef87f9022e7e432ed974c6cec6"
    },
    "index" : 22,
    "addedDate" : 1729527128998,
    "metadata" : [ ]
  }, {
    "asset" : {
      "assetID" : "352230d27c4d11ef87f9022e7e432ed96ce781b8"
    },
    "index" : 33,
    "addedDate" : 1729527239494,
    "metadata" : [ ]
  }, {
    "asset" : {
      "assetID" : "352334a87c4d11ef8e500626c361eb5559bd8464"
    },
    "index" : 28,
    "addedDate" : 1729527198467,
    "metadata" : [ ]
  }, {
    "asset" : {
      "assetID" : "3523a9d97c4d11ef8e500626c361eb5546d32492"
    },
    "index" : 31,
    "addedDate" : 1729527221817,
    "metadata" : [ ]
  }, {
    "asset" : {
      "assetID" : "3523d0ea7c4d11ef8e500626c361eb55dac9eff4"
    },
    "index" : 32,
    "addedDate" : 1729527230224,
    "metadata" : [ ]
  }, {
    "asset" : {
      "assetID" : "3521d5157c4d11ef8e500626c361eb55fc20535c"
    },
    "index" : 27,
    "addedDate" : 1729527190905,
    "metadata" : [ ]
  }, {
    "asset" : {
      "assetID" : "3522a6067c4d11ef87f9022e7e432ed9193a995f"
    },
    "index" : 29,
    "addedDate" : 1729527206416,
    "metadata" : [ ]
  }, {
    "asset" : {
      "assetID" : "35227ef37c4d11ef87f9022e7e432ed9fa26cf2c"
    },
    "index" : 30,
    "addedDate" : 1729527213573,
    "metadata" : [ ]
  } ],
  "fileName" : "df8a20ae2b1f47879f9a929b556665d6.json",
  "name" : "General Conference Feature",
  "english" : true,
  "publicTitle" : "October 2024 General Conference",
  "collectionUri" : "october-2024-general-conference-feature"
}