{
  "parentCollectionID" : "a341dd20a0a648239e545d7a84dbe3e5",
  "parentCollectionPath" : "Mobile Media Library/English - Video/Life Help",
  "collectionType" : "collections",
  "path" : "Mobile Media Library/English - Video/Life Help/Physical Health",
  "collectionID" : "e041f4a37ad44d728a4fd81ac601b4a0",
  "language" : "eng",
  "type" : "DEFAULT",
  "lastUpdatedDate" : "2024-08-13T12:23:39.991-06:00",
  "links" : [ {
    "rel" : "details",
    "href" : "https://titanapi.churchofjesuschrist.org/assetsearch/api/v2/collection/details/collectionID/e041f4a37ad44d728a4fd81ac601b4a0"
  } ],
  "coverImages" : [ {
    "asset" : {
      "assetID" : "e0d851f469df11edb350eeeeac1eea566e62b803"
    }
  } ],
  "related" : [ ],
  "metadata" : [ {
    "key" : "orderIndex",
    "value" : "13"
  }, {
    "key" : "collectionUri",
    "value" : "physical-health",
    "language" : "eng"
  }, {
    "key" : "publicTitle",
    "value" : "Physical Health",
    "language" : "eng"
  } ],
  "children" : [ {
    "path" : "Mobile Media Library/English - Video/Life Help/Physical Health/Living with Purpose",
    "collectionID" : "726fce37603e431da27a9608d6aecd91",
    "type" : "DEFAULT",
    "lastUpdatedDate" : "2024-08-09T06:41:05.019-06:00",
    "links" : [ {
      "rel" : "details",
      "href" : "https://titanapi.churchofjesuschrist.org/assetsearch/api/v2/collection/details/collectionID/726fce37603e431da27a9608d6aecd91"
    } ],
    "fileName" : "726fce37603e431da27a9608d6aecd91.json"
  }, {
    "path" : "Mobile Media Library/English - Video/Life Help/Physical Health/Word of Wisdom",
    "collectionID" : "5fecc12a2b574cc09f2be8cbae7f78c9",
    "type" : "DEFAULT",
    "lastUpdatedDate" : "2024-08-12T04:35:00.327-06:00",
    "links" : [ {
      "rel" : "details",
      "href" : "https://titanapi.churchofjesuschrist.org/assetsearch/api/v2/collection/details/collectionID/5fecc12a2b574cc09f2be8cbae7f78c9"
    } ],
    "fileName" : "5fecc12a2b574cc09f2be8cbae7f78c9.json"
  }, {
    "path" : "Mobile Media Library/English - Video/Life Help/Physical Health/Nutrition and Exercise",
    "collectionID" : "bb935bb3d43e4949b44b8f83d9fdad4e",
    "type" : "DEFAULT",
    "lastUpdatedDate" : "2024-08-08T15:00:31.958-06:00",
    "links" : [ {
      "rel" : "details",
      "href" : "https://titanapi.churchofjesuschrist.org/assetsearch/api/v2/collection/details/collectionID/bb935bb3d43e4949b44b8f83d9fdad4e"
    } ],
    "fileName" : "bb935bb3d43e4949b44b8f83d9fdad4e.json"
  } ],
  "assets" : [ ],
  "fileName" : "e041f4a37ad44d728a4fd81ac601b4a0.json",
  "name" : "Physical Health",
  "english" : true,
  "publicTitle" : "Physical Health",
  "collectionUri" : "physical-health"
}