{
  "parentCollectionID" : "90f45e18a26d43648a41fdc7f306aa54",
  "parentCollectionPath" : "Mobile Media Library/English - Video/Teaching and Lessons/Seminary and Institute/Institute/I Love Institute",
  "collectionType" : "assets",
  "path" : "Mobile Media Library/English - Video/Teaching and Lessons/Seminary and Institute/Institute/I Love Institute/Institute is for Me",
  "collectionID" : "e0817e913e1144018f5e140f855276ef",
  "language" : "eng",
  "type" : "DEFAULT",
  "lastUpdatedDate" : "2024-10-23T08:25:09.258-06:00",
  "links" : [ {
    "rel" : "details",
    "href" : "https://titanapi.churchofjesuschrist.org/assetsearch/api/v2/collection/details/collectionID/e0817e913e1144018f5e140f855276ef"
  } ],
  "coverImages" : [ {
    "asset" : {
      "assetID" : "dbffc0653eaab0542b8a3e48740fb8f83f124f63"
    }
  } ],
  "related" : [ ],
  "metadata" : [ {
    "key" : "channel",
    "value" : "mobile",
    "language" : "eng"
  }, {
    "key" : "orderIndex",
    "value" : "3"
  }, {
    "key" : "collectionUri",
    "value" : "institute-is-for-me-videos",
    "language" : "eng"
  }, {
    "key" : "publicTitle",
    "value" : "Institute is for Me",
    "language" : "eng"
  } ],
  "children" : [ ],
  "assets" : [ {
    "asset" : {
      "assetID" : "095f1f9d8aec28fcb17f9f90231e4ee816536aca"
    },
    "index" : 15,
    "addedDate" : 1729174189851,
    "metadata" : [ ]
  }, {
    "asset" : {
      "assetID" : "b9e0fc8c264e2090f5758eef19accbccf83414c4"
    },
    "index" : 4,
    "addedDate" : 1729174188616,
    "metadata" : [ ]
  }, {
    "asset" : {
      "assetID" : "39793cc17d9f6af185963134e34715bad2153596"
    },
    "index" : 6,
    "addedDate" : 1729174188853,
    "metadata" : [ ]
  }, {
    "asset" : {
      "assetID" : "e147f456673c1cdb20e5241633e0efa7bb9e3154"
    },
    "index" : 5,
    "addedDate" : 1729174188762,
    "metadata" : [ ]
  }, {
    "asset" : {
      "assetID" : "4274a9a8a98ed7c6b0b43eec565a11c4ad0ae535"
    },
    "index" : 7,
    "addedDate" : 1729174188964,
    "metadata" : [ ]
  }, {
    "asset" : {
      "assetID" : "6c4c409e016777e6f2579e1d704e350b62cb24d8"
    },
    "index" : 16,
    "addedDate" : 1729174189951,
    "metadata" : [ ]
  }, {
    "asset" : {
      "assetID" : "2c3df3c3b988635842645e24d1bbb677a96dd472"
    },
    "index" : 14,
    "addedDate" : 1729174189684,
    "metadata" : [ ]
  }, {
    "asset" : {
      "assetID" : "c1a1fb3add63549f3b46077b90223264c52e3d08"
    },
    "index" : 20,
    "addedDate" : 1729174190330,
    "metadata" : [ ]
  }, {
    "asset" : {
      "assetID" : "892cf83c49f05fda3a14f63c991509fd2de6c172"
    },
    "index" : 8,
    "addedDate" : 1729174189055,
    "metadata" : [ ]
  }, {
    "asset" : {
      "assetID" : "82febef50b555c77306173199e0265026d1dc826"
    },
    "index" : 11,
    "addedDate" : 1729174189384,
    "metadata" : [ ]
  }, {
    "asset" : {
      "assetID" : "0cc99b6a9f4d4b3f782876b21cb2b950be393c13"
    },
    "index" : 10,
    "addedDate" : 1729174189263,
    "metadata" : [ ]
  }, {
    "asset" : {
      "assetID" : "b9b8823b88d29c0c3af1bfe10d9bf7b368272d44"
    },
    "index" : 18,
    "addedDate" : 1729174190127,
    "metadata" : [ ]
  }, {
    "asset" : {
      "assetID" : "03ca3e20c621c6d0fef6a89041e48bd69998c132"
    },
    "index" : 13,
    "addedDate" : 1729174189581,
    "metadata" : [ ]
  }, {
    "asset" : {
      "assetID" : "8aa176bf5db1c88eeb917e7e14e619d521049511"
    },
    "index" : 12,
    "addedDate" : 1729174189479,
    "metadata" : [ ]
  }, {
    "asset" : {
      "assetID" : "1a6bde318f10581d28881d3afe4b98a8e82c8d46"
    },
    "index" : 9,
    "addedDate" : 1729174189178,
    "metadata" : [ ]
  }, {
    "asset" : {
      "assetID" : "78a3488e6245c729d301b71fe1af370723324bf6"
    },
    "index" : 17,
    "addedDate" : 1729174190040,
    "metadata" : [ ]
  }, {
    "asset" : {
      "assetID" : "90262cbba9e6a3692757fbe4f66fa7eafab0d99e"
    },
    "index" : 19,
    "addedDate" : 1729174190241,
    "metadata" : [ ]
  } ],
  "fileName" : "e0817e913e1144018f5e140f855276ef.json",
  "name" : "Institute is for Me",
  "english" : true,
  "publicTitle" : "Institute is for Me",
  "collectionUri" : "institute-is-for-me-videos"
}