{
  "parentCollectionID" : "e30025804dc7443989067c1b234da192",
  "parentCollectionPath" : "Mobile Media Library/English - Video/Broadcasts/Teaching Religion to Youth and Young Adults",
  "collectionType" : "assets",
  "path" : "Mobile Media Library/English - Video/Broadcasts/Teaching Religion to Youth and Young Adults/2021–Teaching Religion to Youth and Young Adults with President and Sister Oaks",
  "collectionID" : "e18a4a51304542f686d5c4caf4cdc9e9",
  "language" : "eng",
  "type" : "DEFAULT",
  "lastUpdatedDate" : "2023-06-16T16:44:10.410-06:00",
  "links" : [ {
    "rel" : "details",
    "href" : "https://titanapi.churchofjesuschrist.org/assetsearch/api/v2/collection/details/collectionID/e18a4a51304542f686d5c4caf4cdc9e9"
  } ],
  "coverImages" : [ {
    "asset" : {
      "assetID" : "a5f9108233a711557b9eccb50f966e8343b0c1c6"
    }
  } ],
  "related" : [ ],
  "metadata" : [ {
    "key" : "orderIndex",
    "value" : "3"
  }, {
    "key" : "collectionUri",
    "value" : "teaching-religion-to-youth-and-young-adults-2021",
    "language" : "eng"
  }, {
    "key" : "publicTitle",
    "value" : "2021–Teaching Religion to Youth and Young Adults with President and Sister Oaks",
    "language" : "eng"
  } ],
  "children" : [ ],
  "assets" : [ {
    "asset" : {
      "assetID" : "2ysqxxtjolvyddj9hjk2opb4u1xbox7rgz02fcy0"
    },
    "index" : 0,
    "addedDate" : 1623867115002,
    "metadata" : [ ]
  }, {
    "asset" : {
      "assetID" : "68fe5c21c62211eb85a7eeeeac1edcf4918f4dcb"
    },
    "index" : 1,
    "addedDate" : 1623867191392,
    "metadata" : [ ]
  }, {
    "asset" : {
      "assetID" : "88c4d202c62211eba782eeeeac1e2ef3a1740a99"
    },
    "index" : 2,
    "addedDate" : 1623867267879,
    "metadata" : [ ]
  }, {
    "asset" : {
      "assetID" : "a83cd9c3c62211eba268eeeeac1e2760250dd4e6"
    },
    "index" : 3,
    "addedDate" : 1623867388971,
    "metadata" : [ ]
  } ],
  "fileName" : "e18a4a51304542f686d5c4caf4cdc9e9.json",
  "name" : "2021–Teaching Religion to Youth and Young Adults with President and Sister Oaks",
  "english" : true,
  "publicTitle" : "2021–Teaching Religion to Youth and Young Adults with President and Sister Oaks",
  "collectionUri" : "teaching-religion-to-youth-and-young-adults-2021"
}