{
  "parentCollectionID" : "e60f922e58584686ad44d42a17a6dd66",
  "parentCollectionPath" : "Mobile Media Library/English - Video/People/Latter-day General Authorities and Officers",
  "collectionType" : "assets",
  "path" : "Mobile Media Library/English - Video/People/Latter-day General Authorities and Officers/Michael T. Ringwood",
  "collectionID" : "e190c61dfcd16df2f6ccc6f7293c09b7ce3e1298",
  "language" : "eng",
  "type" : "DEFAULT",
  "lastUpdatedDate" : "2019-10-28T16:40:50.643-06:00",
  "links" : [ {
    "rel" : "details",
    "href" : "https://titanapi.churchofjesuschrist.org/assetsearch/api/v2/collection/details/collectionID/e190c61dfcd16df2f6ccc6f7293c09b7ce3e1298"
  } ],
  "coverImages" : [ {
    "asset" : {
      "assetID" : "e5fe72892320b9a985e28366c85fe0d3927bc2e0"
    }
  } ],
  "related" : [ ],
  "metadata" : [ {
    "key" : "collectionUri",
    "value" : "michael-t-ringwood",
    "language" : "eng"
  }, {
    "key" : "publicTitle",
    "value" : "Michael T. Ringwood",
    "language" : "eng"
  } ],
  "children" : [ ],
  "assets" : [ {
    "asset" : {
      "assetID" : "58ea71260a154962fd8248ea42280f78cd9bf8a6"
    },
    "addedDate" : 1579244327143,
    "metadata" : [ ]
  } ],
  "fileName" : "e190c61dfcd16df2f6ccc6f7293c09b7ce3e1298.json",
  "name" : "Michael T. Ringwood",
  "english" : true,
  "publicTitle" : "Michael T. Ringwood",
  "collectionUri" : "michael-t-ringwood"
}