{
  "parentCollectionID" : "e60f922e58584686ad44d42a17a6dd66",
  "parentCollectionPath" : "Mobile Media Library/English - Video/People/Latter-day General Authorities and Officers",
  "collectionType" : "assets",
  "path" : "Mobile Media Library/English - Video/People/Latter-day General Authorities and Officers/Gerald N. Lund",
  "collectionID" : "e21b5fd9af38e319f10acd0c1bb3248dc780e79c",
  "language" : "eng",
  "type" : "DEFAULT",
  "lastUpdatedDate" : "2019-10-28T16:40:50.643-06:00",
  "links" : [ {
    "rel" : "details",
    "href" : "https://titanapi.churchofjesuschrist.org/assetsearch/api/v2/collection/details/collectionID/e21b5fd9af38e319f10acd0c1bb3248dc780e79c"
  } ],
  "coverImages" : [ {
    "asset" : {
      "assetID" : "26759d7ad3b762121164be92db890a4c0ae1da24"
    }
  } ],
  "related" : [ ],
  "metadata" : [ {
    "key" : "collectionUri",
    "value" : "gerald-n-lund",
    "language" : "eng"
  }, {
    "key" : "publicTitle",
    "value" : "Gerald N. Lund",
    "language" : "eng"
  } ],
  "children" : [ ],
  "assets" : [ {
    "asset" : {
      "assetID" : "5c7333e7efbe88c2f33c682af26b7c8870799d99"
    },
    "addedDate" : 1540476818174,
    "metadata" : [ ]
  } ],
  "fileName" : "e21b5fd9af38e319f10acd0c1bb3248dc780e79c.json",
  "name" : "Gerald N. Lund",
  "english" : true,
  "publicTitle" : "Gerald N. Lund",
  "collectionUri" : "gerald-n-lund"
}