{
  "parentCollectionID" : "bd59191796027fc53f46f5811862b4ff2baaa3b2",
  "parentCollectionPath" : "Mobile Media Library/English - Video/Topics",
  "collectionType" : "assets",
  "path" : "Mobile Media Library/English - Video/Topics/Plan of Salvation",
  "collectionID" : "e2692cc578972d187b3f638a1c51e4a1f8aa1c1e",
  "language" : "eng",
  "type" : "DEFAULT",
  "lastUpdatedDate" : "2020-09-20T12:12:47.291-06:00",
  "links" : [ {
    "rel" : "details",
    "href" : "https://titanapi.churchofjesuschrist.org/assetsearch/api/v2/collection/details/collectionID/e2692cc578972d187b3f638a1c51e4a1f8aa1c1e"
  } ],
  "coverImages" : [ {
    "asset" : {
      "assetID" : "6bc206283411f6312388606a519e66a6ad1f68de"
    }
  } ],
  "related" : [ ],
  "metadata" : [ {
    "key" : "description",
    "value" : "This collection explains the purpose of life, our premortal existence with God as spirit sons and daughters, our choice to gain a physical body, and how we accepted the Savior’s plan. He offered to atone for the sins of mankind so we could live a mortal existence, live again by the power of His Resurrection, be judged of our works, and enter into God’s eternal presence and celestial glory.",
    "language" : "eng"
  }, {
    "key" : "collectionUri",
    "value" : "plan-of-salvation-topic",
    "language" : "eng"
  }, {
    "key" : "publicTitle",
    "value" : "Plan of Salvation",
    "language" : "eng"
  }, {
    "key" : "orderIndex",
    "value" : "74"
  } ],
  "children" : [ ],
  "assets" : [ {
    "asset" : {
      "assetID" : "04de999d4c0b0650d7755163b5c407045748fe4d"
    },
    "index" : 4,
    "addedDate" : 1479851564033,
    "metadata" : [ ]
  }, {
    "asset" : {
      "assetID" : "890cc4efc07b50475e3a3e72d33639e805d47b84"
    },
    "index" : 6,
    "addedDate" : 1479851563077,
    "metadata" : [ ]
  }, {
    "asset" : {
      "assetID" : "794f4630ec01f6256715325955b53975ec75474a"
    },
    "addedDate" : 1715795499150,
    "metadata" : [ ]
  }, {
    "asset" : {
      "assetID" : "7482ae85745514e0d8845be7542020e44811e64e"
    },
    "addedDate" : 1479851526095,
    "metadata" : [ ]
  }, {
    "asset" : {
      "assetID" : "100335c7c3c69c3bcb9e37aa981d1bc484b43514"
    },
    "addedDate" : 1479851526035,
    "metadata" : [ ]
  }, {
    "asset" : {
      "assetID" : "7f2939a697c842a684e50ffe17c1bbf729d36ed7"
    },
    "addedDate" : 1715795499153,
    "metadata" : [ ]
  }, {
    "asset" : {
      "assetID" : "dab8855ef0072415c4ea7c6b17e6dc05c2b02250"
    },
    "addedDate" : 1479851305040,
    "metadata" : [ ]
  }, {
    "asset" : {
      "assetID" : "ce3f4af0cb0479d840a6bf0d41b698c169ee0087"
    },
    "addedDate" : 1507832102062,
    "metadata" : [ ]
  }, {
    "asset" : {
      "assetID" : "a5d212fec1f8c15a0d1f0c25d803fd2d9d95b7bd"
    },
    "addedDate" : 1565815142303,
    "metadata" : [ ]
  }, {
    "asset" : {
      "assetID" : "ba75ab02d9c849b2624df2b56947507d6aad8819"
    },
    "addedDate" : 1479851527056,
    "metadata" : [ ]
  }, {
    "asset" : {
      "assetID" : "badb7cff6a95e559babfec82feb22bdc3de3d783"
    },
    "addedDate" : 1479851524045,
    "metadata" : [ ]
  }, {
    "asset" : {
      "assetID" : "49a3df3536499ae66bb02dea4030dceafaeca934"
    },
    "addedDate" : 1479851305093,
    "metadata" : [ ]
  }, {
    "asset" : {
      "assetID" : "35a5f3ba8ef362654113c756c6e76e87e5a9ca4f"
    },
    "addedDate" : 1592433100340,
    "metadata" : [ ]
  }, {
    "asset" : {
      "assetID" : "a117ee2efe13dd118527a0037afac25028a22d6e"
    },
    "addedDate" : 1592396735573,
    "metadata" : [ ]
  }, {
    "asset" : {
      "assetID" : "b03ab957b5a7d3f7ee8433bdd881e3354d87e790"
    },
    "addedDate" : 1715795499156,
    "metadata" : [ ]
  }, {
    "asset" : {
      "assetID" : "74279709e2c38a4b714e994a982735be8bdc187c"
    },
    "addedDate" : 1565755579150,
    "metadata" : [ ]
  }, {
    "asset" : {
      "assetID" : "1589b6bab0d6faba8ea194559dd16cc753c67fd1"
    },
    "addedDate" : 1565815254046,
    "metadata" : [ ]
  }, {
    "asset" : {
      "assetID" : "4b4021a9cf19ab5d7df8d5dbada45bfce8250e88"
    },
    "addedDate" : 1632956840833,
    "metadata" : [ ]
  }, {
    "asset" : {
      "assetID" : "cb902d41bf926a8a0beac53b9b6a23c463868b67"
    },
    "addedDate" : 1592433099276,
    "metadata" : [ ]
  }, {
    "asset" : {
      "assetID" : "72d68db1c03af1398363453af676f7bfefac8d4f"
    },
    "addedDate" : 1592433099871,
    "metadata" : [ ]
  }, {
    "asset" : {
      "assetID" : "ceb281fab86712ce53eb4e47c8a665a84a9f4d7a"
    },
    "addedDate" : 1592433100105,
    "metadata" : [ ]
  }, {
    "asset" : {
      "assetID" : "7a4c58e710c9b3604c196f1136a2642a21a3856c"
    },
    "addedDate" : 1592433100480,
    "metadata" : [ ]
  }, {
    "asset" : {
      "assetID" : "2bf462d4f97e35b2085ea4fa44d60fc314f39951"
    },
    "addedDate" : 1592433100731,
    "metadata" : [ ]
  }, {
    "asset" : {
      "assetID" : "e5399d8b97cf5e2bbeff9a80c92e8a896798e457"
    },
    "addedDate" : 1592433101153,
    "metadata" : [ ]
  }, {
    "asset" : {
      "assetID" : "ab8221c6b45274137e64ba58abed02cbde06d7eb"
    },
    "addedDate" : 1592433100856,
    "metadata" : [ ]
  }, {
    "asset" : {
      "assetID" : "c80ec036a166debd6c93b2104698b3568db22a7b"
    },
    "addedDate" : 1592433099135,
    "metadata" : [ ]
  }, {
    "asset" : {
      "assetID" : "a9671fd03de8e5397123ad071008ff7b0398ae64"
    },
    "addedDate" : 1565756760333,
    "metadata" : [ ]
  }, {
    "asset" : {
      "assetID" : "f67e48d135527360a3f6d566f252b242b7147c2e"
    },
    "addedDate" : 1565757035027,
    "metadata" : [ ]
  }, {
    "asset" : {
      "assetID" : "83d4d3690e1a8e6b6e1a07a32f7209694f9b32ef"
    },
    "addedDate" : 1565755688024,
    "metadata" : [ ]
  }, {
    "asset" : {
      "assetID" : "cb2faf16424b7e83f345cb2c9a08488af656fa15"
    },
    "addedDate" : 1565756835405,
    "metadata" : [ ]
  }, {
    "asset" : {
      "assetID" : "61d5b574f7709c77a71a9e243feee51dc1f7af9f"
    },
    "addedDate" : 1565756941072,
    "metadata" : [ ]
  }, {
    "asset" : {
      "assetID" : "e524b3e636edd719e0971ec7d46cf9be4521e142"
    },
    "addedDate" : 1565668538542,
    "metadata" : [ ]
  }, {
    "asset" : {
      "assetID" : "ee3894702129623891b9907f03f03e975bebfd33"
    },
    "addedDate" : 1592433099338,
    "metadata" : [ ]
  } ],
  "fileName" : "e2692cc578972d187b3f638a1c51e4a1f8aa1c1e.json",
  "name" : "Plan of Salvation",
  "english" : true,
  "publicTitle" : "Plan of Salvation",
  "description" : "This collection explains the purpose of life, our premortal existence with God as spirit sons and daughters, our choice to gain a physical body, and how we accepted the Savior’s plan. He offered to atone for the sins of mankind so we could live a mortal existence, live again by the power of His Resurrection, be judged of our works, and enter into God’s eternal presence and celestial glory.",
  "collectionUri" : "plan-of-salvation-topic"
}