{
  "parentCollectionID" : "6109651b42f34f49b5930bfbe1197caa",
  "parentCollectionPath" : "Mobile Media Library/English - Video/People/Latter-day Prophets",
  "collectionType" : "assets",
  "path" : "Mobile Media Library/English - Video/People/Latter-day Prophets/Thomas S. Monson",
  "collectionID" : "e3126ae88c894bc4b0916a7c3fc54eae",
  "language" : "eng",
  "type" : "DEFAULT",
  "lastUpdatedDate" : "2020-03-17T15:04:51.443-06:00",
  "links" : [ {
    "rel" : "details",
    "href" : "https://titanapi.churchofjesuschrist.org/assetsearch/api/v2/collection/details/collectionID/e3126ae88c894bc4b0916a7c3fc54eae"
  } ],
  "coverImages" : [ {
    "asset" : {
      "assetID" : "e68cca9932661402e25d4159bdb401eedd41636c"
    }
  } ],
  "related" : [ ],
  "metadata" : [ {
    "key" : "collectionUri",
    "value" : "thomas-s-monson",
    "language" : "eng"
  }, {
    "key" : "publicTitle",
    "value" : "Thomas S. Monson",
    "language" : "eng"
  }, {
    "key" : "orderIndex",
    "value" : "1"
  } ],
  "children" : [ ],
  "assets" : [ {
    "asset" : {
      "assetID" : "9bd91bd80cdb55e7d54e4a980514bae02a80bf37"
    },
    "addedDate" : 1579145275683,
    "metadata" : [ ]
  }, {
    "asset" : {
      "assetID" : "0ebda6beef6ae36470adb65e4c20fc7027c06093"
    },
    "addedDate" : 1592433099666,
    "metadata" : [ ]
  }, {
    "asset" : {
      "assetID" : "1533d095da25d2672c7c36422afa38007eb8937c"
    },
    "addedDate" : 1579035478193,
    "metadata" : [ ]
  }, {
    "asset" : {
      "assetID" : "5cc93d2a5ba7caf08c40121bd22b1992b9688f8d"
    },
    "index" : 45,
    "addedDate" : 1606803394477,
    "metadata" : [ ]
  }, {
    "asset" : {
      "assetID" : "2c969a47a8372071e6c3dde5f76f4a9a46aa270f"
    },
    "addedDate" : 1579035478210,
    "metadata" : [ ]
  }, {
    "asset" : {
      "assetID" : "6316c93ece3ddff64aae93d9319eaf89a82f0bf7"
    },
    "addedDate" : 1579035478226,
    "metadata" : [ ]
  }, {
    "asset" : {
      "assetID" : "650aa19fb802178222b160209f55b482802d524e"
    },
    "addedDate" : 1576533546896,
    "metadata" : [ ]
  }, {
    "asset" : {
      "assetID" : "3ac52e3e364bcf4fe4996faf79f9469794a1d511"
    },
    "addedDate" : 1579035478226,
    "metadata" : [ ]
  }, {
    "asset" : {
      "assetID" : "a4ce8b06d4060a04e8bd1028f42d6432af307430"
    },
    "addedDate" : 1579035478210,
    "metadata" : [ ]
  }, {
    "asset" : {
      "assetID" : "ed895b91cfb84bb55eeeb96f55d9636c1332dc81"
    },
    "index" : 44,
    "addedDate" : 1597183788188,
    "metadata" : [ ]
  }, {
    "asset" : {
      "assetID" : "4fa011550c1a3c14431d575050d0d7b50aa07da5"
    },
    "addedDate" : 1579035478210,
    "metadata" : [ ]
  }, {
    "asset" : {
      "assetID" : "550386e1ff204f174a5e5956716f060a68832fde"
    },
    "addedDate" : 1579035478210,
    "metadata" : [ ]
  }, {
    "asset" : {
      "assetID" : "57e49a56dae2f93126fb64e926af3158ddddbd2f"
    },
    "addedDate" : 1579035478193,
    "metadata" : [ ]
  }, {
    "asset" : {
      "assetID" : "aa151a437bc698e38ce2bab76dabc74c8bf40c0b"
    },
    "addedDate" : 1576533546910,
    "metadata" : [ ]
  }, {
    "asset" : {
      "assetID" : "5dd83031c387dbcc2d367efefef8d4947fc2b819"
    },
    "addedDate" : 1579035478193,
    "metadata" : [ ]
  }, {
    "asset" : {
      "assetID" : "5f089b25a1d069887ceb22cdabbd57c67f594e28"
    },
    "addedDate" : 1576714368663,
    "metadata" : [ ]
  }, {
    "asset" : {
      "assetID" : "620ecd5518a69ca41982f0fd99b25b30f6592b1d"
    },
    "addedDate" : 1579035478210,
    "metadata" : [ ]
  }, {
    "asset" : {
      "assetID" : "a2a50b06f8fccea6abfd1f62e0e8f468b89ca319"
    },
    "addedDate" : 1576533546896,
    "metadata" : [ ]
  }, {
    "asset" : {
      "assetID" : "0f20a4d83bc53c22da14dd6b55133cc7f8df867e"
    },
    "addedDate" : 1579145858405,
    "metadata" : [ ]
  }, {
    "asset" : {
      "assetID" : "7d3c4d6ac3cf47bb5945698d873da0bd4239b7d0"
    },
    "addedDate" : 1576533546910,
    "metadata" : [ ]
  }, {
    "asset" : {
      "assetID" : "330fc036d2230639c3771d1b132c0be0b95ea60a"
    },
    "addedDate" : 1579035478193,
    "metadata" : [ ]
  }, {
    "asset" : {
      "assetID" : "9a5e70d6a015a9c35acc4d14b411765be7e82191"
    },
    "addedDate" : 1579035478193,
    "metadata" : [ ]
  }, {
    "asset" : {
      "assetID" : "8774ada915be07601fa21400f0329629b64ca5c7"
    },
    "addedDate" : 1576533546910,
    "metadata" : [ ]
  }, {
    "asset" : {
      "assetID" : "a7f4d4dce34e312ebe5aaebde39cdc39bd0a30d1"
    },
    "addedDate" : 1579035478210,
    "metadata" : [ ]
  }, {
    "asset" : {
      "assetID" : "4a3ced506b3652f4c4aff548070f23dd5b2190be"
    },
    "addedDate" : 1579035478210,
    "metadata" : [ ]
  }, {
    "asset" : {
      "assetID" : "ac1d738fe130921f0188551b2dc674bc04242f32"
    },
    "addedDate" : 1632956866618,
    "metadata" : [ ]
  }, {
    "asset" : {
      "assetID" : "385ed77c38ec05a9a4fcb887ea698015a86791e8"
    },
    "addedDate" : 1576533546896,
    "metadata" : [ ]
  }, {
    "asset" : {
      "assetID" : "2baa2f3fcd1caa632706d89ccee273ebabaa7db6"
    },
    "addedDate" : 1579035478180,
    "metadata" : [ ]
  }, {
    "asset" : {
      "assetID" : "c3834126c60e7436b5b5f7fb2c37400379d5d479"
    },
    "addedDate" : 1576533546910,
    "metadata" : [ ]
  }, {
    "asset" : {
      "assetID" : "9143e60885a2b44d1cd8099a17a624ee84e5d3af"
    },
    "addedDate" : 1576533546910,
    "metadata" : [ ]
  }, {
    "asset" : {
      "assetID" : "340f40d9a0e86965fa30c8564590bf72acea302c"
    },
    "index" : 43,
    "addedDate" : 1597183450491,
    "metadata" : [ ]
  }, {
    "asset" : {
      "assetID" : "cedb44b3e94ca446319096d02445deb02c77422c"
    },
    "addedDate" : 1579035478226,
    "metadata" : [ ]
  }, {
    "asset" : {
      "assetID" : "dc673a996a89a56a0b784c5611bd9d5d5597d9bf"
    },
    "addedDate" : 1579035478210,
    "metadata" : [ ]
  }, {
    "asset" : {
      "assetID" : "b33fe7fd9b9a83d83292656bc257884b9aa057c7"
    },
    "addedDate" : 1579035478193,
    "metadata" : [ ]
  }, {
    "asset" : {
      "assetID" : "c0f95e35c0a19a40f3f42dac3ccf0a385f7ff7e4"
    },
    "index" : 46,
    "addedDate" : 1606803394782,
    "metadata" : [ ]
  }, {
    "asset" : {
      "assetID" : "1390a478699340ed4d49a21b088dbc95583b40f4"
    },
    "addedDate" : 1579035478226,
    "metadata" : [ ]
  }, {
    "asset" : {
      "assetID" : "fb6309eed01f70345263f509d1f71d4d61659b74"
    },
    "addedDate" : 1579035478193,
    "metadata" : [ ]
  }, {
    "asset" : {
      "assetID" : "ef5064db7745f9592f9e46c1f594ef37d65a85b6"
    },
    "addedDate" : 1579035478226,
    "metadata" : [ ]
  }, {
    "asset" : {
      "assetID" : "ba118561f8fdd690f75e94444f93582c72846db0"
    },
    "addedDate" : 1576803775769,
    "metadata" : [ ]
  }, {
    "asset" : {
      "assetID" : "fc642a4ddd0c49c447e216417adb2a09293b9743"
    },
    "addedDate" : 1579035478226,
    "metadata" : [ ]
  }, {
    "asset" : {
      "assetID" : "e133d97f21bb5f8aa9293861ae1562bd5692a693"
    },
    "addedDate" : 1592433100700,
    "metadata" : [ ]
  }, {
    "asset" : {
      "assetID" : "5eea82ac463a7b789c293222cc96c86f0a969ead"
    },
    "addedDate" : 1592952635673,
    "metadata" : [ ]
  }, {
    "asset" : {
      "assetID" : "8842fdf8611f2664bbc9024651960941b7705d43"
    },
    "addedDate" : 1585612141151,
    "metadata" : [ ]
  }, {
    "asset" : {
      "assetID" : "1b92c7d1692b90337e852e2535cd951d9ad0f047"
    },
    "addedDate" : 1585613483885,
    "metadata" : [ ]
  }, {
    "asset" : {
      "assetID" : "c88b89c8e25a14114f8a04560b0bc0bcd45c1269"
    },
    "addedDate" : 1585777511858,
    "metadata" : [ ]
  }, {
    "asset" : {
      "assetID" : "d6f0cb81859b5de9a36c71441aec7fce3e0313d6"
    },
    "addedDate" : 1592952635861,
    "metadata" : [ ]
  }, {
    "asset" : {
      "assetID" : "3490c3b98b1d446ff525ac5c05db5e5888e3f610"
    },
    "addedDate" : 1592952635970,
    "metadata" : [ ]
  } ],
  "fileName" : "e3126ae88c894bc4b0916a7c3fc54eae.json",
  "name" : "Thomas S. Monson",
  "english" : true,
  "publicTitle" : "Thomas S. Monson",
  "collectionUri" : "thomas-s-monson"
}