{
  "parentCollectionID" : "a362cf32612a48c380d0013df943b987",
  "parentCollectionPath" : "Mobile Media Library/English - Video/Teaching and Lessons/Come, Follow Me/2023 New Testament Media Resources",
  "collectionType" : "assets",
  "path" : "Mobile Media Library/English - Video/Teaching and Lessons/Come, Follow Me/2023 New Testament Media Resources/May 29–June 4. Matthew 26; Mark 14; John 13: \"In Remembrance\"",
  "collectionID" : "e331065f4f7b4fcc816b53dbfb6102c2",
  "language" : "eng",
  "type" : "DEFAULT",
  "lastUpdatedDate" : "2022-12-01T15:28:08.127-07:00",
  "links" : [ {
    "rel" : "details",
    "href" : "https://titanapi.churchofjesuschrist.org/assetsearch/api/v2/collection/details/collectionID/e331065f4f7b4fcc816b53dbfb6102c2"
  } ],
  "coverImages" : [ {
    "asset" : {
      "assetID" : "cfb069f0c00411ecbb2ceeeeac1e7eb3634b2d36"
    }
  } ],
  "related" : [ ],
  "metadata" : [ {
    "key" : "orderIndex",
    "value" : "22"
  }, {
    "key" : "collectionUri",
    "value" : "cfm-2023-videos-may-29-june-4",
    "language" : "eng"
  }, {
    "key" : "publicTitle",
    "value" : "May 29–June 4. Matthew 26; Mark 14; John 13: \"In Remembrance\"",
    "language" : "eng"
  } ],
  "children" : [ ],
  "assets" : [ {
    "asset" : {
      "assetID" : "650aa19fb802178222b160209f55b482802d524e"
    },
    "index" : 5,
    "addedDate" : 1650043925007,
    "metadata" : [ ]
  }, {
    "asset" : {
      "assetID" : "f0186e21b0f819e5b16857ce6a49f43fca9f9a0f"
    },
    "index" : 1,
    "addedDate" : 1650043875352,
    "metadata" : [ ]
  }, {
    "asset" : {
      "assetID" : "b3812e7ab0627ba5724aa7841c2105dcce60b338"
    },
    "index" : 4,
    "addedDate" : 1650043914120,
    "metadata" : [ ]
  }, {
    "asset" : {
      "assetID" : "a1416210eb8b2148615e8f30bc8a4d8a0e9948b8"
    },
    "index" : 2,
    "addedDate" : 1650043887138,
    "metadata" : [ ]
  }, {
    "asset" : {
      "assetID" : "a93131a93e75d71066625c874771ed5f8fd61997"
    },
    "index" : 3,
    "addedDate" : 1650043898126,
    "metadata" : [ ]
  }, {
    "asset" : {
      "assetID" : "2c4be6298f774e304a25db5cacd71abf6293e966"
    },
    "index" : 0,
    "addedDate" : 1650043862026,
    "metadata" : [ ]
  }, {
    "asset" : {
      "assetID" : "bd92a22f375011eca4deeeeeac1e54b68b6a6409"
    },
    "index" : 6,
    "addedDate" : 1652116683134,
    "metadata" : [ ]
  } ],
  "fileName" : "e331065f4f7b4fcc816b53dbfb6102c2.json",
  "name" : "May 29–June 4. Matthew 26; Mark 14; John 13: \"In Remembrance\"",
  "english" : true,
  "publicTitle" : "May 29–June 4. Matthew 26; Mark 14; John 13: \"In Remembrance\"",
  "collectionUri" : "cfm-2023-videos-may-29-june-4"
}