{
  "parentCollectionID" : "e30025804dc7443989067c1b234da192",
  "parentCollectionPath" : "Mobile Media Library/English - Video/Broadcasts/Teaching Religion to Youth and Young Adults",
  "collectionType" : "assets",
  "path" : "Mobile Media Library/English - Video/Broadcasts/Teaching Religion to Youth and Young Adults/2022–Teaching in the Savior's Way with Elder Dieter F. Uchtdorf",
  "collectionID" : "e389a4afe2bf49cd970cae2700f41f62",
  "language" : "eng",
  "type" : "DEFAULT",
  "lastUpdatedDate" : "2023-06-16T16:45:53.639-06:00",
  "links" : [ {
    "rel" : "details",
    "href" : "https://titanapi.churchofjesuschrist.org/assetsearch/api/v2/collection/details/collectionID/e389a4afe2bf49cd970cae2700f41f62"
  } ],
  "coverImages" : [ {
    "asset" : {
      "assetID" : "a49379119ed185e6a7d84ecce9bc0f613375c1c6"
    }
  } ],
  "related" : [ ],
  "metadata" : [ {
    "key" : "collectionUri",
    "value" : "teaching-in-the-saviors-way-2022",
    "language" : "eng"
  }, {
    "key" : "publicTitle",
    "value" : "2022–Teaching in the Savior's Way with Elder Dieter F. Uchtdorf",
    "language" : "eng"
  }, {
    "key" : "orderIndex",
    "value" : "2"
  } ],
  "children" : [ ],
  "assets" : [ {
    "asset" : {
      "assetID" : "8c417542e5ee11ecaddfeeeeac1ed778bbe3331a"
    },
    "index" : 0,
    "addedDate" : 1686955569251,
    "metadata" : [ ]
  }, {
    "asset" : {
      "assetID" : "0ecef611e5f711ec8badeeeeac1e53cfa379a571"
    },
    "index" : 2,
    "addedDate" : 1686955837813,
    "metadata" : [ ]
  }, {
    "asset" : {
      "assetID" : "29b015e5e6ce11ec9dc8eeeeac1ed7558ae9f407"
    },
    "index" : 1,
    "addedDate" : 1686955826295,
    "metadata" : [ ]
  } ],
  "fileName" : "e389a4afe2bf49cd970cae2700f41f62.json",
  "name" : "2022–Teaching in the Savior's Way with Elder Dieter F. Uchtdorf",
  "english" : true,
  "publicTitle" : "2022–Teaching in the Savior's Way with Elder Dieter F. Uchtdorf",
  "collectionUri" : "teaching-in-the-saviors-way-2022"
}