{
  "parentCollectionID" : "a4cbfba70bf044214729b9339a405bd8c5560688",
  "parentCollectionPath" : "Mobile Media Library/English - Video/Broadcasts/BYU Women’s Conference",
  "collectionType" : "assets",
  "path" : "Mobile Media Library/English - Video/Broadcasts/BYU Women’s Conference/BYU Women's Conference - 2023",
  "collectionID" : "e396515589b44dab8de78b4e25f98bbe",
  "language" : "eng",
  "type" : "DEFAULT",
  "lastUpdatedDate" : "2024-08-08T13:46:24.357-06:00",
  "links" : [ {
    "rel" : "details",
    "href" : "https://titanapi.churchofjesuschrist.org/assetsearch/api/v2/collection/details/collectionID/e396515589b44dab8de78b4e25f98bbe"
  } ],
  "coverImages" : [ {
    "asset" : {
      "assetID" : "453dc022f3003e4204ef95f59fa30db0427fe884"
    }
  } ],
  "related" : [ ],
  "metadata" : [ {
    "key" : "orderIndex",
    "value" : "2"
  }, {
    "key" : "channel",
    "value" : "mobile",
    "language" : "eng"
  }, {
    "key" : "collectionUri",
    "value" : "byu-womens-conference-2023",
    "language" : "eng"
  }, {
    "key" : "publicTitle",
    "value" : "BYU Women's Conference - 2023",
    "language" : "eng"
  } ],
  "children" : [ ],
  "assets" : [ {
    "asset" : {
      "assetID" : "6419745dfb3d11ed913eeeeeac1ebaea6bc51946"
    },
    "index" : 7,
    "addedDate" : 1722962853247,
    "metadata" : [ ]
  }, {
    "asset" : {
      "assetID" : "677f0d92fb3d11eda2f6eeeeac1ec0e1a2f97ff9"
    },
    "index" : 4,
    "addedDate" : 1722962765169,
    "metadata" : [ ]
  }, {
    "asset" : {
      "assetID" : "69ef9864fb3d11ed8c71eeeeac1ef9ad65f58e3d"
    },
    "index" : 2,
    "addedDate" : 1722962682157,
    "metadata" : [ ]
  }, {
    "asset" : {
      "assetID" : "a156bf46fb4711edb592eeeeac1effb2de76cdb1"
    },
    "index" : 3,
    "addedDate" : 1722962735541,
    "metadata" : [ ]
  }, {
    "asset" : {
      "assetID" : "a4ff2dd0fb4711edb40feeeeac1e8cf717b0e5fd"
    },
    "index" : 0,
    "addedDate" : 1722962560847,
    "metadata" : [ ]
  }, {
    "asset" : {
      "assetID" : "333f8b28fbdd11edb2f7eeeeac1e39b060c465ab"
    },
    "index" : 5,
    "addedDate" : 1722962784486,
    "metadata" : [ ]
  }, {
    "asset" : {
      "assetID" : "240c0fda2cbf11ee9481eeeeac1e190faeae5668"
    },
    "index" : 1,
    "addedDate" : 1722962604318,
    "metadata" : [ ]
  }, {
    "asset" : {
      "assetID" : "f0531fe29abd11ee99c9eeeeac1ec4cf2a02334b"
    },
    "index" : 6,
    "addedDate" : 1722962825969,
    "metadata" : [ ]
  } ],
  "fileName" : "e396515589b44dab8de78b4e25f98bbe.json",
  "name" : "BYU Women's Conference - 2023",
  "english" : true,
  "publicTitle" : "BYU Women's Conference - 2023",
  "collectionUri" : "byu-womens-conference-2023"
}