{
  "parentCollectionID" : "d5e8644312c74774b43cca21ad6ca6a0",
  "parentCollectionPath" : "Mobile Media Library/English - Video/People/Latter-day Apostles",
  "collectionType" : "assets",
  "path" : "Mobile Media Library/English - Video/People/Latter-day Apostles/Ulisses Soares",
  "collectionID" : "e3a4b6ec2ed1b3b8a5d56d644917728bf2a81578",
  "language" : "eng",
  "type" : "DEFAULT",
  "lastUpdatedDate" : "2019-10-28T16:40:50.643-06:00",
  "links" : [ {
    "rel" : "details",
    "href" : "https://titanapi.churchofjesuschrist.org/assetsearch/api/v2/collection/details/collectionID/e3a4b6ec2ed1b3b8a5d56d644917728bf2a81578"
  } ],
  "coverImages" : [ {
    "asset" : {
      "assetID" : "6b1ba0e7e9b415d36d0dc4d8c0aa07b58cd40503"
    }
  } ],
  "related" : [ ],
  "metadata" : [ {
    "key" : "collectionUri",
    "value" : "ulisses-soares-video-collection",
    "language" : "eng"
  }, {
    "key" : "publicTitle",
    "value" : "Ulisses Soares",
    "language" : "eng"
  }, {
    "key" : "orderIndex",
    "value" : "26"
  } ],
  "children" : [ ],
  "assets" : [ {
    "asset" : {
      "assetID" : "890004d50cf67348a0fb3908b5054e17e192fab3"
    },
    "index" : 5,
    "addedDate" : 1702327922248,
    "metadata" : [ ]
  }, {
    "asset" : {
      "assetID" : "8d16ada1c184782961ad1931bd202caece390add"
    },
    "index" : 4,
    "addedDate" : 1595218254681,
    "metadata" : [ ]
  }, {
    "asset" : {
      "assetID" : "963EC7FF88F1FD2981B8AE994EB204F4EAE65598"
    },
    "index" : 3,
    "addedDate" : 1576803650632,
    "metadata" : [ ]
  }, {
    "asset" : {
      "assetID" : "666823F379447F07CB6A7FE0D12DFAE7BB461212"
    },
    "index" : 0,
    "addedDate" : 1595458325983,
    "metadata" : [ ]
  }, {
    "asset" : {
      "assetID" : "BA81BB9AA3038CFD2427A91E76E49884FA5B3BC6"
    },
    "index" : 1,
    "addedDate" : 1601307977647,
    "metadata" : [ ]
  }, {
    "asset" : {
      "assetID" : "72C1F00C580813EB46BCA99FEB22B37BA41911CF"
    },
    "index" : 2,
    "addedDate" : 1601307977760,
    "metadata" : [ ]
  }, {
    "asset" : {
      "assetID" : "C50277CE95BECE80E7391DB448EA3D59602FD3F9"
    },
    "index" : 6,
    "addedDate" : 1702327922545,
    "metadata" : [ ]
  } ],
  "fileName" : "e3a4b6ec2ed1b3b8a5d56d644917728bf2a81578.json",
  "name" : "Ulisses Soares",
  "english" : true,
  "publicTitle" : "Ulisses Soares",
  "collectionUri" : "ulisses-soares-video-collection"
}