{
  "parentCollectionID" : "22e3232e384c8650311b2940336759a89b8d6f8b",
  "parentCollectionPath" : "Mobile Media Library",
  "collectionType" : "collections",
  "path" : "Mobile Media Library/English - PDFs",
  "collectionID" : "e3b432b9d5e345099b187ca031b8a24a",
  "language" : "eng",
  "type" : "DEFAULT",
  "lastUpdatedDate" : "2022-10-28T08:32:58.938-06:00",
  "links" : [ {
    "rel" : "details",
    "href" : "https://titanapi.churchofjesuschrist.org/assetsearch/api/v2/collection/details/collectionID/e3b432b9d5e345099b187ca031b8a24a"
  } ],
  "coverImages" : [ ],
  "related" : [ ],
  "metadata" : [ {
    "key" : "orderIndex",
    "value" : "6"
  }, {
    "key" : "description",
    "value" : "public title is Digital Printables",
    "language" : "eng"
  }, {
    "key" : "collectionUri",
    "value" : "pdfs",
    "language" : "eng"
  } ],
  "children" : [ {
    "path" : "Mobile Media Library/English - PDFs/AP",
    "collectionID" : "d4944675c7ad44b9a2ea96af5d85a3de",
    "type" : "DEFAULT",
    "lastUpdatedDate" : "2022-09-15T12:30:45.303-06:00",
    "links" : [ {
      "rel" : "details",
      "href" : "https://titanapi.churchofjesuschrist.org/assetsearch/api/v2/collection/details/collectionID/d4944675c7ad44b9a2ea96af5d85a3de"
    } ],
    "fileName" : "d4944675c7ad44b9a2ea96af5d85a3de.json"
  }, {
    "path" : "Mobile Media Library/English - PDFs/Book of Mormon",
    "collectionID" : "382cf614f4dc4fdd886635e50ed6ce42",
    "type" : "DEFAULT",
    "lastUpdatedDate" : "2022-09-15T12:41:23.876-06:00",
    "links" : [ {
      "rel" : "details",
      "href" : "https://titanapi.churchofjesuschrist.org/assetsearch/api/v2/collection/details/collectionID/382cf614f4dc4fdd886635e50ed6ce42"
    } ],
    "fileName" : "382cf614f4dc4fdd886635e50ed6ce42.json"
  }, {
    "path" : "Mobile Media Library/English - PDFs/Aaronic Priesthood Young Women Theme",
    "collectionID" : "75b348cec49d478fbe95f2d9403fb76c",
    "type" : "DEFAULT",
    "lastUpdatedDate" : "2022-09-15T12:44:42.446-06:00",
    "links" : [ {
      "rel" : "details",
      "href" : "https://titanapi.churchofjesuschrist.org/assetsearch/api/v2/collection/details/collectionID/75b348cec49d478fbe95f2d9403fb76c"
    } ],
    "fileName" : "75b348cec49d478fbe95f2d9403fb76c.json"
  }, {
    "path" : "Mobile Media Library/English - PDFs/Coloring Pages",
    "collectionID" : "f369b9bd6cb041bc909e5f47ed98947e",
    "type" : "DEFAULT",
    "lastUpdatedDate" : "2022-09-18T08:20:47.054-06:00",
    "links" : [ {
      "rel" : "details",
      "href" : "https://titanapi.churchofjesuschrist.org/assetsearch/api/v2/collection/details/collectionID/f369b9bd6cb041bc909e5f47ed98947e"
    } ],
    "fileName" : "f369b9bd6cb041bc909e5f47ed98947e.json"
  }, {
    "path" : "Mobile Media Library/English - PDFs/Activity Pages",
    "collectionID" : "24764f7a62dc4004b6a65e62db10fb0c",
    "type" : "DEFAULT",
    "lastUpdatedDate" : "2023-02-01T10:13:23.653-07:00",
    "links" : [ {
      "rel" : "details",
      "href" : "https://titanapi.churchofjesuschrist.org/assetsearch/api/v2/collection/details/collectionID/24764f7a62dc4004b6a65e62db10fb0c"
    } ],
    "fileName" : "24764f7a62dc4004b6a65e62db10fb0c.json"
  } ],
  "assets" : [ ],
  "fileName" : "e3b432b9d5e345099b187ca031b8a24a.json",
  "name" : "English - PDFs",
  "english" : true,
  "description" : "public title is Digital Printables",
  "collectionUri" : "pdfs"
}