{
  "parentCollectionID" : "d4cf7c24f69b4d10aeb9ab5c79a9392e",
  "parentCollectionPath" : "Mobile Media Library/English - Video/Teaching and Lessons/Seminary and Institute/Seminary/Book of Mormon Visual Resources",
  "collectionType" : "assets",
  "path" : "Mobile Media Library/English - Video/Teaching and Lessons/Seminary and Institute/Seminary/Book of Mormon Visual Resources/Book of Mormon-Lessons 61-80",
  "collectionID" : "e57ca73c9c9e4ea9b9b5843528f9cc84",
  "language" : "eng",
  "type" : "DEFAULT",
  "lastUpdatedDate" : "2019-12-19T14:24:25.622-07:00",
  "links" : [ {
    "rel" : "details",
    "href" : "https://titanapi.churchofjesuschrist.org/assetsearch/api/v2/collection/details/collectionID/e57ca73c9c9e4ea9b9b5843528f9cc84"
  } ],
  "coverImages" : [ {
    "asset" : {
      "assetID" : "717cfe60b54beee079d9cc2ff7a05b5f83520dc1"
    }
  } ],
  "related" : [ ],
  "metadata" : [ {
    "key" : "collectionUri",
    "value" : "book-of-mormon-lessons-61-80",
    "language" : "eng"
  }, {
    "key" : "publicTitle",
    "value" : "Book of Mormon—Lessons 61-80",
    "language" : "eng"
  }, {
    "key" : "orderIndex",
    "value" : "4"
  } ],
  "children" : [ ],
  "assets" : [ {
    "asset" : {
      "assetID" : "34239ac29a24b092fe4179cfa1578b59a5368748"
    },
    "addedDate" : 1576856373130,
    "metadata" : [ ]
  }, {
    "asset" : {
      "assetID" : "d0f034f735d19abb9574e9f063f6b3c7aefa0053"
    },
    "addedDate" : 1576856373130,
    "metadata" : [ ]
  }, {
    "asset" : {
      "assetID" : "a0f71a1bd6b102c93e9eff1a4f528581208fccb3"
    },
    "addedDate" : 1576856373113,
    "metadata" : [ ]
  }, {
    "asset" : {
      "assetID" : "83e16fd6cf7aacf65383f95cf0695b4ded9e8235"
    },
    "index" : 15,
    "addedDate" : 1597187922402,
    "metadata" : [ ]
  }, {
    "asset" : {
      "assetID" : "5081a9df8477408d1278acb2d24836deeecda076"
    },
    "index" : 14,
    "addedDate" : 1597187062841,
    "metadata" : [ ]
  }, {
    "asset" : {
      "assetID" : "d2ea134c0b810fa277800e48ce0901728fefab0d"
    },
    "addedDate" : 1576856373130,
    "metadata" : [ ]
  }, {
    "asset" : {
      "assetID" : "55e057439aee4ad35e37397dc3e64685a0e0692d"
    },
    "addedDate" : 1576856373130,
    "metadata" : [ ]
  }, {
    "asset" : {
      "assetID" : "1c0b5da6fcc3a26c0924304615d27ea5de1e4d1d"
    },
    "addedDate" : 1576856373130,
    "metadata" : [ ]
  }, {
    "asset" : {
      "assetID" : "c87e6b1729b64c2e59c221c153540a463db4658a"
    },
    "addedDate" : 1576856373113,
    "metadata" : [ ]
  }, {
    "asset" : {
      "assetID" : "581ef80aa78eab0e0078f713796ac32b050e06ab"
    },
    "addedDate" : 1576856373113,
    "metadata" : [ ]
  }, {
    "asset" : {
      "assetID" : "e2e4dbdf84e1db0220b6c29e1a447d984387415c"
    },
    "addedDate" : 1576856373113,
    "metadata" : [ ]
  }, {
    "asset" : {
      "assetID" : "2ea5937d8df6f464f150ae3a0bf9df2827a83266"
    },
    "addedDate" : 1576856373130,
    "metadata" : [ ]
  }, {
    "asset" : {
      "assetID" : "601e2f8adce2d74571cb34218021e9526b059801"
    },
    "addedDate" : 1632956844988,
    "metadata" : [ ]
  }, {
    "asset" : {
      "assetID" : "233d9b174cbb73e65f2466a0543932fe7846fa7b"
    },
    "addedDate" : 1632956826857,
    "metadata" : [ ]
  }, {
    "asset" : {
      "assetID" : "a80b0357d226924f408f9af20f4ea99d5053db99"
    },
    "addedDate" : 1592433100637,
    "metadata" : [ ]
  }, {
    "asset" : {
      "assetID" : "b92d8cb26a1c7db6d23528e6f379cad4d12a9871"
    },
    "addedDate" : 1592433100590,
    "metadata" : [ ]
  } ],
  "fileName" : "e57ca73c9c9e4ea9b9b5843528f9cc84.json",
  "name" : "Book of Mormon-Lessons 61-80",
  "english" : true,
  "publicTitle" : "Book of Mormon—Lessons 61-80",
  "collectionUri" : "book-of-mormon-lessons-61-80"
}