{
  "parentCollectionID" : "b91d19b3a88f45129e9ec20d8c175bfa",
  "parentCollectionPath" : "Mobile Media Library/English - Video/Scriptural Reenactments and Teachings/Book of Mormon Videos",
  "collectionType" : "assets",
  "path" : "Mobile Media Library/English - Video/Scriptural Reenactments and Teachings/Book of Mormon Videos/Mormon 1-7",
  "collectionID" : "e5c40388c135400c8eff4159e853db63",
  "language" : "eng",
  "type" : "DEFAULT",
  "lastUpdatedDate" : "2024-11-25T14:44:37.382-07:00",
  "links" : [ {
    "rel" : "details",
    "href" : "https://titanapi.churchofjesuschrist.org/assetsearch/api/v2/collection/details/collectionID/e5c40388c135400c8eff4159e853db63"
  } ],
  "coverImages" : [ {
    "asset" : {
      "assetID" : "cc667e8f61154117a91ffaea2f2249702b34e7b9"
    }
  } ],
  "related" : [ ],
  "metadata" : [ {
    "key" : "channel",
    "value" : "mobile",
    "language" : "eng"
  }, {
    "key" : "orderIndex",
    "value" : "46"
  }, {
    "key" : "collectionUri",
    "value" : "Mormon-1-7",
    "language" : "eng"
  }, {
    "key" : "publicTitle",
    "value" : "Mormon 1-7",
    "language" : "eng"
  } ],
  "children" : [ ],
  "assets" : [ {
    "asset" : {
      "assetID" : "rkp2j5vkp4gldz31844guuuy5o8qe12plq52uhmz"
    },
    "index" : 0,
    "addedDate" : 1730227744823,
    "metadata" : [ ]
  }, {
    "asset" : {
      "assetID" : "6uy7ad79qj177kkl5p39xsedydja1d7eoqc55eb4"
    },
    "index" : 4,
    "addedDate" : 1730227774131,
    "metadata" : [ ]
  }, {
    "asset" : {
      "assetID" : "r7r0t7fswtzod827x9mu0qopxecpw2az7v578v85"
    },
    "index" : 2,
    "addedDate" : 1730227760401,
    "metadata" : [ ]
  }, {
    "asset" : {
      "assetID" : "4ewgh4me84flbp017cja706bafd88mefl2t2a5jr"
    },
    "index" : 1,
    "addedDate" : 1730227754223,
    "metadata" : [ ]
  }, {
    "asset" : {
      "assetID" : "t7cf8reblos5yklwnykw5mptfjyauel3umazd6w9"
    },
    "index" : 3,
    "addedDate" : 1730227767075,
    "metadata" : [ ]
  }, {
    "asset" : {
      "assetID" : "ov6z71t311fdl08qp8pqxbfozbmhio8igxs18oib"
    },
    "index" : 5,
    "addedDate" : 1730227779494,
    "metadata" : [ ]
  } ],
  "fileName" : "e5c40388c135400c8eff4159e853db63.json",
  "name" : "Mormon 1-7",
  "english" : true,
  "publicTitle" : "Mormon 1-7",
  "collectionUri" : "Mormon-1-7"
}