{
  "parentCollectionID" : "5a3ba1ceff2116bd34479c93c2c013de8ce70591",
  "parentCollectionPath" : "Mobile Media Library/English - Video/Life Help/Self-Reliance Services and PEF",
  "collectionType" : "assets",
  "path" : "Mobile Media Library/English - Video/Life Help/Self-Reliance Services and PEF/Perpetual Education Fund",
  "collectionID" : "e61d20fc3bc7471accee726b88e42a751a98f033",
  "language" : "eng",
  "type" : "DEFAULT",
  "lastUpdatedDate" : "2020-07-20T16:44:16.759-06:00",
  "links" : [ {
    "rel" : "details",
    "href" : "https://titanapi.churchofjesuschrist.org/assetsearch/api/v2/collection/details/collectionID/e61d20fc3bc7471accee726b88e42a751a98f033"
  } ],
  "coverImages" : [ {
    "asset" : {
      "assetID" : "7b504267a0961d96097c5863910194eaf2d479cb"
    }
  } ],
  "related" : [ ],
  "metadata" : [ {
    "key" : "collectionUri",
    "value" : "perpetual-education-fund",
    "language" : "eng"
  }, {
    "key" : "publicTitle",
    "value" : "Perpetual Education Fund",
    "language" : "eng"
  } ],
  "children" : [ ],
  "assets" : [ {
    "asset" : {
      "assetID" : "2FE6AFBD2427E2D172817162BB76AD8BD5CF4A96"
    },
    "index" : 0,
    "addedDate" : 1637358739807,
    "metadata" : [ ]
  } ],
  "fileName" : "e61d20fc3bc7471accee726b88e42a751a98f033.json",
  "name" : "Perpetual Education Fund",
  "english" : true,
  "publicTitle" : "Perpetual Education Fund",
  "collectionUri" : "perpetual-education-fund"
}