{
  "parentCollectionID" : "0e22f7439564f2b0e7eeca06cca014d23569bcae",
  "parentCollectionPath" : "Mobile Media Library/English - Video/Teaching and Lessons/Seminary and Institute/Online Seminary/D&C Online Seminary Reference",
  "collectionType" : "assets",
  "path" : "Mobile Media Library/English - Video/Teaching and Lessons/Seminary and Institute/Online Seminary/D&C Online Seminary Reference/Unit 12 (D&C)",
  "collectionID" : "e67925056071a68e263ada2a1908497c87920609",
  "language" : "eng",
  "type" : "DEFAULT",
  "lastUpdatedDate" : "2020-04-15T22:23:57.030-06:00",
  "links" : [ {
    "rel" : "details",
    "href" : "https://titanapi.churchofjesuschrist.org/assetsearch/api/v2/collection/details/collectionID/e67925056071a68e263ada2a1908497c87920609"
  } ],
  "coverImages" : [ {
    "asset" : {
      "assetID" : "75d67fd57c2878d4f0ce4e56be6b94319445a4f1"
    }
  } ],
  "related" : [ ],
  "metadata" : [ {
    "key" : "collectionUri",
    "value" : "unit-12-dc",
    "language" : "eng"
  }, {
    "key" : "publicTitle",
    "value" : "Unit 12 (D&C)",
    "language" : "eng"
  }, {
    "key" : "orderIndex",
    "value" : "6"
  } ],
  "children" : [ ],
  "assets" : [ {
    "asset" : {
      "assetID" : "6084b2ca694e4a8fc4ba301640f2e6913087d919"
    },
    "addedDate" : 1485446347055,
    "metadata" : [ ]
  }, {
    "asset" : {
      "assetID" : "3d61efd2234e546d81690401d8efa935bd352597"
    },
    "addedDate" : 1485446304093,
    "metadata" : [ ]
  }, {
    "asset" : {
      "assetID" : "f84183bd7536f3fccd2ed11d676096086ac88f7e"
    },
    "addedDate" : 1485446408028,
    "metadata" : [ ]
  }, {
    "asset" : {
      "assetID" : "63f0c99d77f7b15a05d8f7f92230daaa96cfe32d"
    },
    "addedDate" : 1485446328039,
    "metadata" : [ ]
  }, {
    "asset" : {
      "assetID" : "6dd91efc3b3de1ea705daac40932d3aabefff377"
    },
    "addedDate" : 1485446287080,
    "metadata" : [ ]
  } ],
  "fileName" : "e67925056071a68e263ada2a1908497c87920609.json",
  "name" : "Unit 12 (D&C)",
  "english" : true,
  "publicTitle" : "Unit 12 (D&C)",
  "collectionUri" : "unit-12-dc"
}