{
  "parentCollectionID" : "c0c5f76ced4d61d23a94b69f136869f2ca41991a",
  "parentCollectionPath" : "Mobile Media Library/English - Video/Life Help/Self-Reliance Services and PEF/Self-Reliance: My Foundation",
  "collectionType" : "assets",
  "path" : "Mobile Media Library/English - Video/Life Help/Self-Reliance Services and PEF/Self-Reliance: My Foundation/Principle 06: Solve Problems",
  "collectionID" : "e762cd0116ed7b944058be4dce576df90c8b974f",
  "language" : "eng",
  "type" : "DEFAULT",
  "lastUpdatedDate" : "2019-10-28T16:40:50.643-06:00",
  "links" : [ {
    "rel" : "details",
    "href" : "https://titanapi.churchofjesuschrist.org/assetsearch/api/v2/collection/details/collectionID/e762cd0116ed7b944058be4dce576df90c8b974f"
  } ],
  "coverImages" : [ {
    "asset" : {
      "assetID" : "9e5aa19e3e56e8bb8e144208e298562e789cc09c"
    }
  } ],
  "related" : [ ],
  "metadata" : [ {
    "key" : "collectionUri",
    "value" : "principle-6-solve-problems",
    "language" : "eng"
  }, {
    "key" : "publicTitle",
    "value" : "Principle 06: Solve Problems",
    "language" : "eng"
  } ],
  "children" : [ ],
  "assets" : [ {
    "asset" : {
      "assetID" : "c11aa722381bb42a6cf83bf62053bc9d040882e9"
    },
    "addedDate" : 1504107684040,
    "metadata" : [ ]
  }, {
    "asset" : {
      "assetID" : "23c3761afb9672c37de5311253d21c8469afa36a"
    },
    "addedDate" : 1478719568008,
    "metadata" : [ ]
  } ],
  "fileName" : "e762cd0116ed7b944058be4dce576df90c8b974f.json",
  "name" : "Principle 06: Solve Problems",
  "english" : true,
  "publicTitle" : "Principle 06: Solve Problems",
  "collectionUri" : "principle-6-solve-problems"
}