{
  "parentCollectionID" : "e60f922e58584686ad44d42a17a6dd66",
  "parentCollectionPath" : "Mobile Media Library/English - Video/People/Latter-day General Authorities and Officers",
  "collectionType" : "assets",
  "path" : "Mobile Media Library/English - Video/People/Latter-day General Authorities and Officers/Kent D. Watson",
  "collectionID" : "e77968816fef5c9413f790ed16f76fc8c06f7540",
  "language" : "eng",
  "type" : "DEFAULT",
  "lastUpdatedDate" : "2019-10-28T16:40:50.643-06:00",
  "links" : [ {
    "rel" : "details",
    "href" : "https://titanapi.churchofjesuschrist.org/assetsearch/api/v2/collection/details/collectionID/e77968816fef5c9413f790ed16f76fc8c06f7540"
  } ],
  "coverImages" : [ {
    "asset" : {
      "assetID" : "957550d0f132d2e4d472345db74383e84a76d805"
    }
  } ],
  "related" : [ ],
  "metadata" : [ {
    "key" : "collectionUri",
    "value" : "kent-d-watson",
    "language" : "eng"
  }, {
    "key" : "publicTitle",
    "value" : "Kent D. Watson",
    "language" : "eng"
  } ],
  "children" : [ ],
  "assets" : [ {
    "asset" : {
      "assetID" : "ab26106f43524a0c9fc06f5c1f29d013e579f2da"
    },
    "addedDate" : 1539880350719,
    "metadata" : [ ]
  } ],
  "fileName" : "e77968816fef5c9413f790ed16f76fc8c06f7540.json",
  "name" : "Kent D. Watson",
  "english" : true,
  "publicTitle" : "Kent D. Watson",
  "collectionUri" : "kent-d-watson"
}