{
  "parentCollectionID" : "f43fa47de38893a5eeeda10b226e687b07ac1fb9",
  "parentCollectionPath" : "Mobile Media Library/English - Video/Life Help/Self-Reliance Services and PEF/Starting and Growing My Business",
  "collectionType" : "assets",
  "path" : "Mobile Media Library/English - Video/Life Help/Self-Reliance Services and PEF/Starting and Growing My Business/Chapter 10: How will I attract more customers and close sales?",
  "collectionID" : "e86afc338797619b9d6ac21a6af3aa9d4e0a9f3f",
  "language" : "eng",
  "type" : "DEFAULT",
  "lastUpdatedDate" : "2019-10-28T16:40:50.643-06:00",
  "links" : [ {
    "rel" : "details",
    "href" : "https://titanapi.churchofjesuschrist.org/assetsearch/api/v2/collection/details/collectionID/e86afc338797619b9d6ac21a6af3aa9d4e0a9f3f"
  } ],
  "coverImages" : [ {
    "asset" : {
      "assetID" : "aa310655afa822edf39663c315c527eb107c9ed1"
    }
  } ],
  "related" : [ ],
  "metadata" : [ {
    "key" : "collectionUri",
    "value" : "chapter-10-how-will-i-attract-more-customers-and-close-sales",
    "language" : "eng"
  }, {
    "key" : "publicTitle",
    "value" : "Chapter 10: How will I attract more customers and close sales?",
    "language" : "eng"
  } ],
  "children" : [ ],
  "assets" : [ {
    "asset" : {
      "assetID" : "c03a58b8a333a4ca2d63961852458d3a72113f86"
    },
    "addedDate" : 1479151251045,
    "metadata" : [ ]
  }, {
    "asset" : {
      "assetID" : "18409cd8e1c9f5c7904cdb9fd5a5d74507c5df8e"
    },
    "addedDate" : 1479151249082,
    "metadata" : [ ]
  }, {
    "asset" : {
      "assetID" : "9c8e62b8b4f03a564ba78e91299a039b79a0b7aa"
    },
    "addedDate" : 1479151250037,
    "metadata" : [ ]
  }, {
    "asset" : {
      "assetID" : "216b205ab609eda7b1da8a15bbfe21b9d45cbb66"
    },
    "addedDate" : 1479151250089,
    "metadata" : [ ]
  }, {
    "asset" : {
      "assetID" : "6329f45a95e80674e3083a8e824d4229b17ae30a"
    },
    "addedDate" : 1479151252049,
    "metadata" : [ ]
  } ],
  "fileName" : "e86afc338797619b9d6ac21a6af3aa9d4e0a9f3f.json",
  "name" : "Chapter 10: How will I attract more customers and close sales?",
  "english" : true,
  "publicTitle" : "Chapter 10: How will I attract more customers and close sales?",
  "collectionUri" : "chapter-10-how-will-i-attract-more-customers-and-close-sales"
}