{
  "parentCollectionID" : "bd59191796027fc53f46f5811862b4ff2baaa3b2",
  "parentCollectionPath" : "Mobile Media Library/English - Video/Topics",
  "collectionType" : "assets",
  "path" : "Mobile Media Library/English - Video/Topics/Spirituality",
  "collectionID" : "e8755da4ff3644aeadbe740e1ed785e9",
  "language" : "eng",
  "type" : "DEFAULT",
  "lastUpdatedDate" : "2022-03-31T11:58:08.882-06:00",
  "links" : [ {
    "rel" : "details",
    "href" : "https://titanapi.churchofjesuschrist.org/assetsearch/api/v2/collection/details/collectionID/e8755da4ff3644aeadbe740e1ed785e9"
  } ],
  "coverImages" : [ {
    "asset" : {
      "assetID" : "110d2cb16a26bad7365d47c9381a32fe774f2dac"
    }
  } ],
  "related" : [ ],
  "metadata" : [ {
    "key" : "channel",
    "value" : "mobile",
    "language" : "eng"
  }, {
    "key" : "description",
    "value" : "Nurturing the divine and spiritual nature of God’s children is important in our lives. This collection discusses the spiritual strength we gain through participating in ordinances that invite purpose and standing up to opposition.",
    "language" : "eng"
  }, {
    "key" : "collectionUri",
    "value" : "spirituality-topic",
    "language" : "eng"
  }, {
    "key" : "publicTitle",
    "value" : "Spirituality",
    "language" : "eng"
  }, {
    "key" : "orderIndex",
    "value" : "93"
  } ],
  "children" : [ ],
  "assets" : [ {
    "asset" : {
      "assetID" : "192e03d6c605dc7270474f7ce260ee8eadd69cab"
    },
    "addedDate" : 1577398621412,
    "metadata" : [ ]
  }, {
    "asset" : {
      "assetID" : "132daef22bc33a0d7876afeff96ce20d05694b8b"
    },
    "addedDate" : 1583468740963,
    "metadata" : [ ]
  }, {
    "asset" : {
      "assetID" : "3a5122a3e796d487cf938b4b5d92aedd1c616631"
    },
    "addedDate" : 1583468222062,
    "metadata" : [ ]
  }, {
    "asset" : {
      "assetID" : "759c6b1d0ea99baec97a7ca08781c1028fc00511"
    },
    "addedDate" : 1583469408483,
    "metadata" : [ ]
  }, {
    "asset" : {
      "assetID" : "2f75926b1b3d3eefa41908ce540d5b5d4966e531"
    },
    "addedDate" : 1577398724455,
    "metadata" : [ ]
  }, {
    "asset" : {
      "assetID" : "1b795507bb7f4e4637beb45e89c5cd256022f5a1"
    },
    "addedDate" : 1577399056524,
    "metadata" : [ ]
  }, {
    "asset" : {
      "assetID" : "8bc4f655dd6d165a04bb831e003664a0554cebad"
    },
    "addedDate" : 1583469235969,
    "metadata" : [ ]
  }, {
    "asset" : {
      "assetID" : "d38ef719b2a9be7a54f1f6cc3c86b185abb7705f"
    },
    "addedDate" : 1583469666610,
    "metadata" : [ ]
  }, {
    "asset" : {
      "assetID" : "64c582536c10988fc83c4d2924cd298e18cf73ea"
    },
    "addedDate" : 1583468326415,
    "metadata" : [ ]
  }, {
    "asset" : {
      "assetID" : "830990dcf09e0af98283153ecf9d17fd2ab12df8"
    },
    "addedDate" : 1583468494374,
    "metadata" : [ ]
  }, {
    "asset" : {
      "assetID" : "27e17f69bbded90d6613d0def18ece9e820d467c"
    },
    "addedDate" : 1583469773746,
    "metadata" : [ ]
  }, {
    "asset" : {
      "assetID" : "45125db6848c3eed41544b509e84e833c1a65020"
    },
    "addedDate" : 1583468101459,
    "metadata" : [ ]
  } ],
  "fileName" : "e8755da4ff3644aeadbe740e1ed785e9.json",
  "name" : "Spirituality",
  "english" : true,
  "publicTitle" : "Spirituality",
  "description" : "Nurturing the divine and spiritual nature of God’s children is important in our lives. This collection discusses the spiritual strength we gain through participating in ordinances that invite purpose and standing up to opposition.",
  "collectionUri" : "spirituality-topic"
}