{
  "parentCollectionID" : "8568dd8fdd2d4c9a825fed97eb4fa095",
  "parentCollectionPath" : "Mobile Media Library/English - Video/Teaching and Lessons/Seminary and Institute/Teacher Training - Gospel Teaching and Learning Handbook Video Resources",
  "collectionType" : "assets",
  "path" : "Mobile Media Library/English - Video/Teaching and Lessons/Seminary and Institute/Teacher Training - Gospel Teaching and Learning Handbook Video Resources/New Teacher Training-Inservice Resources",
  "collectionID" : "e9b07272330b4097a5b361e0a6434c32",
  "language" : "eng",
  "type" : "DEFAULT",
  "lastUpdatedDate" : "2019-12-19T15:32:50.343-07:00",
  "links" : [ {
    "rel" : "details",
    "href" : "https://titanapi.churchofjesuschrist.org/assetsearch/api/v2/collection/details/collectionID/e9b07272330b4097a5b361e0a6434c32"
  } ],
  "coverImages" : [ {
    "asset" : {
      "assetID" : "2ce65b4b827cb41974041108c83279292a70814e"
    }
  } ],
  "related" : [ ],
  "metadata" : [ {
    "key" : "collectionUri",
    "value" : "new-teacher-training-inservice-resources",
    "language" : "eng"
  }, {
    "key" : "publicTitle",
    "value" : "New Teacher Training-Inservice Resources",
    "language" : "eng"
  }, {
    "key" : "orderIndex",
    "value" : "8"
  } ],
  "children" : [ ],
  "assets" : [ {
    "asset" : {
      "assetID" : "bf99171c17db10c8bae7ba76c0923d294b297728"
    },
    "addedDate" : 1576858599736,
    "metadata" : [ ]
  }, {
    "asset" : {
      "assetID" : "8162e21038ceedb0f4316e2c431a872189e648a6"
    },
    "addedDate" : 1576858599750,
    "metadata" : [ ]
  }, {
    "asset" : {
      "assetID" : "85c3e3be24ddb7f109d6ad004777eaf6012655b1"
    },
    "addedDate" : 1576858599736,
    "metadata" : [ ]
  }, {
    "asset" : {
      "assetID" : "3435812e96b3d9be7e09db3d9fe338b7efcedfb5"
    },
    "addedDate" : 1587430254529,
    "metadata" : [ ]
  }, {
    "asset" : {
      "assetID" : "0c95e2f7a746017e3f54563be48f528760f52f82"
    },
    "addedDate" : 1587430430145,
    "metadata" : [ ]
  }, {
    "asset" : {
      "assetID" : "a35301d921f24936fb8236f45c1c27657559d27c"
    },
    "addedDate" : 1587430590542,
    "metadata" : [ ]
  }, {
    "asset" : {
      "assetID" : "4ab24c14a91e820b3b7ff0fbda15da68a04fb5f4"
    },
    "addedDate" : 1587430506232,
    "metadata" : [ ]
  } ],
  "fileName" : "e9b07272330b4097a5b361e0a6434c32.json",
  "name" : "New Teacher Training-Inservice Resources",
  "english" : true,
  "publicTitle" : "New Teacher Training-Inservice Resources",
  "collectionUri" : "new-teacher-training-inservice-resources"
}