{
  "parentCollectionID" : "c058e5106b8e8d62008116bb1c25d6983599e78f",
  "parentCollectionPath" : "Mobile Media Library/English - Video/Life Help/Self-Reliance Services and PEF/Personal Finances",
  "collectionType" : "assets",
  "path" : "Mobile Media Library/English - Video/Life Help/Self-Reliance Services and PEF/Personal Finances/Chapter 2: Becoming Unified in Our Approach to Finances",
  "collectionID" : "ea8181081df77cc87d0136743039c731a3562a94",
  "language" : "eng",
  "type" : "DEFAULT",
  "lastUpdatedDate" : "2019-10-28T16:40:50.643-06:00",
  "links" : [ {
    "rel" : "details",
    "href" : "https://titanapi.churchofjesuschrist.org/assetsearch/api/v2/collection/details/collectionID/ea8181081df77cc87d0136743039c731a3562a94"
  } ],
  "coverImages" : [ {
    "asset" : {
      "assetID" : "d1a8a9472280ec57c67ea68b381e896197cffd06"
    }
  } ],
  "related" : [ ],
  "metadata" : [ {
    "key" : "collectionUri",
    "value" : "chapter-2-becoming-unified-in-our-approach-to-finances",
    "language" : "eng"
  }, {
    "key" : "publicTitle",
    "value" : "Chapter 2: Becoming Unified in Our Approach to Finances",
    "language" : "eng"
  } ],
  "children" : [ ],
  "assets" : [ {
    "asset" : {
      "assetID" : "a07115f4de67371499bd8a5a2b61d8fbd7079fb0"
    },
    "addedDate" : 1496343462065,
    "metadata" : [ ]
  } ],
  "fileName" : "ea8181081df77cc87d0136743039c731a3562a94.json",
  "name" : "Chapter 2: Becoming Unified in Our Approach to Finances",
  "english" : true,
  "publicTitle" : "Chapter 2: Becoming Unified in Our Approach to Finances",
  "collectionUri" : "chapter-2-becoming-unified-in-our-approach-to-finances"
}