{
  "parentCollectionID" : "b91d19b3a88f45129e9ec20d8c175bfa",
  "parentCollectionPath" : "Mobile Media Library/English - Video/Scriptural Reenactments and Teachings/Book of Mormon Videos",
  "collectionType" : "assets",
  "path" : "Mobile Media Library/English - Video/Scriptural Reenactments and Teachings/Book of Mormon Videos/Book of Mormon Video Soundtracks",
  "collectionID" : "eafdd7c586994eb78c206a5671770b4f",
  "language" : "eng",
  "type" : "DEFAULT",
  "lastUpdatedDate" : "2025-01-08T18:30:36.234-07:00",
  "links" : [ {
    "rel" : "details",
    "href" : "https://titanapi.churchofjesuschrist.org/assetsearch/api/v2/collection/details/collectionID/eafdd7c586994eb78c206a5671770b4f"
  } ],
  "coverImages" : [ {
    "asset" : {
      "assetID" : "c76e456f7d4911eca621eeeeac1e28ed447b5aac"
    }
  } ],
  "related" : [ ],
  "metadata" : [ {
    "key" : "orderIndex",
    "value" : "52"
  }, {
    "key" : "collectionUri",
    "value" : "book-of-mormon-videos-soundtracks",
    "language" : "eng"
  }, {
    "key" : "publicTitle",
    "value" : "Book of Mormon Video Soundtracks",
    "language" : "eng"
  } ],
  "children" : [ ],
  "assets" : [ {
    "asset" : {
      "assetID" : "d327aaa1c4cb11ecb50aeeeeac1e6a8d0e182034"
    },
    "index" : 1,
    "addedDate" : 1703120158977,
    "metadata" : [ ]
  }, {
    "asset" : {
      "assetID" : "d4d44926c4cb11ec9730eeeeac1e12c5f6b75228"
    },
    "index" : 0,
    "addedDate" : 1703120150128,
    "metadata" : [ ]
  }, {
    "asset" : {
      "assetID" : "d1cd23afc4cb11ec9e82eeeeac1e0fbb627a8e30"
    },
    "index" : 2,
    "addedDate" : 1703120168295,
    "metadata" : [ ]
  }, {
    "asset" : {
      "assetID" : "e873ff19ec5711ee837beeeeac1e116e1fcbf8b0"
    },
    "index" : 3,
    "addedDate" : 1714756940147,
    "metadata" : [ ]
  }, {
    "asset" : {
      "assetID" : "jyphzjvnu00vevgz99av77lxpf53gaxewyf2hks9"
    },
    "index" : 4,
    "addedDate" : 1736386221149,
    "metadata" : [ ]
  } ],
  "fileName" : "eafdd7c586994eb78c206a5671770b4f.json",
  "name" : "Book of Mormon Video Soundtracks",
  "english" : true,
  "publicTitle" : "Book of Mormon Video Soundtracks",
  "collectionUri" : "book-of-mormon-videos-soundtracks"
}