{
  "parentCollectionID" : "f43fa47de38893a5eeeda10b226e687b07ac1fb9",
  "parentCollectionPath" : "Mobile Media Library/English - Video/Life Help/Self-Reliance Services and PEF/Starting and Growing My Business",
  "collectionType" : "assets",
  "path" : "Mobile Media Library/English - Video/Life Help/Self-Reliance Services and PEF/Starting and Growing My Business/Chapter 12: How do I continue to improve my business?",
  "collectionID" : "ec0f7aee695ef5151e3a8ba99d3420e75e22c2f2",
  "language" : "eng",
  "type" : "DEFAULT",
  "lastUpdatedDate" : "2019-10-28T16:40:50.643-06:00",
  "links" : [ {
    "rel" : "details",
    "href" : "https://titanapi.churchofjesuschrist.org/assetsearch/api/v2/collection/details/collectionID/ec0f7aee695ef5151e3a8ba99d3420e75e22c2f2"
  } ],
  "coverImages" : [ {
    "asset" : {
      "assetID" : "5a4de8d225e85f78e470185cdbc609406714148e"
    }
  } ],
  "related" : [ ],
  "metadata" : [ {
    "key" : "collectionUri",
    "value" : "chapter-12-how-do-i-continue-to-improve-my-business",
    "language" : "eng"
  }, {
    "key" : "publicTitle",
    "value" : "Chapter 12: How do I continue to improve my business?",
    "language" : "eng"
  } ],
  "children" : [ ],
  "assets" : [ {
    "asset" : {
      "assetID" : "4ca70ca4f3fdbf3b84d7ae7df07fc6dce4275c72"
    },
    "addedDate" : 1479152562014,
    "metadata" : [ ]
  }, {
    "asset" : {
      "assetID" : "f83e61ca96ef6135a96d38312b8eb7eb772ce822"
    },
    "addedDate" : 1479152562064,
    "metadata" : [ ]
  } ],
  "fileName" : "ec0f7aee695ef5151e3a8ba99d3420e75e22c2f2.json",
  "name" : "Chapter 12: How do I continue to improve my business?",
  "english" : true,
  "publicTitle" : "Chapter 12: How do I continue to improve my business?",
  "collectionUri" : "chapter-12-how-do-i-continue-to-improve-my-business"
}