{
  "parentCollectionID" : "48bf4502c61b21234c27defe6561bca91dbd53f3",
  "parentCollectionPath" : "Mobile Media Library/English - Video/Broadcasts/Christmas Devotionals",
  "collectionType" : "assets",
  "path" : "Mobile Media Library/English - Video/Broadcasts/Christmas Devotionals/2019 First Presidency's Christmas Devotional",
  "collectionID" : "ec5bbca3634a4dcc85e5996747eafb74",
  "language" : "eng",
  "type" : "DEFAULT",
  "lastUpdatedDate" : "2023-12-01T15:10:48.717-07:00",
  "links" : [ {
    "rel" : "details",
    "href" : "https://titanapi.churchofjesuschrist.org/assetsearch/api/v2/collection/details/collectionID/ec5bbca3634a4dcc85e5996747eafb74"
  } ],
  "coverImages" : [ {
    "asset" : {
      "assetID" : "5cc0ab03180aff9eda693b73c0c5491b86509ad3"
    }
  } ],
  "related" : [ ],
  "metadata" : [ {
    "key" : "orderIndex",
    "value" : "6"
  }, {
    "key" : "channel",
    "value" : "mobile",
    "language" : "eng"
  }, {
    "key" : "collectionUri",
    "value" : "2019-first-presidencys-christmas-devotional",
    "language" : "eng"
  }, {
    "key" : "publicTitle",
    "value" : "2019 First Presidency's Christmas Devotional",
    "language" : "eng"
  } ],
  "children" : [ ],
  "assets" : [ {
    "asset" : {
      "assetID" : "11D114A8024D95FF9DE8B9489DA7AC6F47075698"
    },
    "index" : 0,
    "addedDate" : 1615323033879,
    "metadata" : [ ]
  } ],
  "fileName" : "ec5bbca3634a4dcc85e5996747eafb74.json",
  "name" : "2019 First Presidency's Christmas Devotional",
  "english" : true,
  "publicTitle" : "2019 First Presidency's Christmas Devotional",
  "collectionUri" : "2019-first-presidencys-christmas-devotional"
}