{
  "parentCollectionID" : "82aa484a719f4db2893e75ebefe44d97",
  "parentCollectionPath" : "Mobile Media Library/English - Video/Community Outreach/Humanitarian Efforts",
  "collectionType" : "assets",
  "path" : "Mobile Media Library/English - Video/Community Outreach/Humanitarian Efforts/Behind the Scenes - The Church's Humanitarian Efforts",
  "collectionID" : "ec790f0952c24ac9bfbc242f913f0c37",
  "language" : "eng",
  "type" : "DEFAULT",
  "lastUpdatedDate" : "2023-03-23T14:16:58.389-06:00",
  "links" : [ {
    "rel" : "details",
    "href" : "https://titanapi.churchofjesuschrist.org/assetsearch/api/v2/collection/details/collectionID/ec790f0952c24ac9bfbc242f913f0c37"
  } ],
  "coverImages" : [ {
    "asset" : {
      "assetID" : "2e02ad19d3d6701b635df915cab326fd8c2366b5"
    }
  } ],
  "related" : [ ],
  "metadata" : [ {
    "key" : "collectionUri",
    "value" : "behind-the-scenes-latter-day-saint-charities",
    "language" : "eng"
  }, {
    "key" : "publicTitle",
    "value" : "Behind the Scenes — Latter-day Saint Charities",
    "language" : "eng"
  } ],
  "children" : [ ],
  "assets" : [ {
    "asset" : {
      "assetID" : "074641a4d18a20cdb9d88023547d7295d548bef2"
    },
    "addedDate" : 1576631672973,
    "metadata" : [ ]
  }, {
    "asset" : {
      "assetID" : "117d70c9ec2df35f736be9dc5b7296ab0436d397"
    },
    "addedDate" : 1632956822066,
    "metadata" : [ ]
  }, {
    "asset" : {
      "assetID" : "ac00c8d85f21d5d4af6c199ada55d79a47f04654"
    },
    "addedDate" : 1576631672990,
    "metadata" : [ ]
  }, {
    "asset" : {
      "assetID" : "2501ab6fb4c850ea8bdcdf8228f8202c2ffcb581"
    },
    "addedDate" : 1576631672990,
    "metadata" : [ ]
  }, {
    "asset" : {
      "assetID" : "298fe833aedd7c295287d8e521a7cb5f5f5fff17"
    },
    "addedDate" : 1576631672990,
    "metadata" : [ ]
  }, {
    "asset" : {
      "assetID" : "30f4ee1b35bb512ce93d2d6ad83df31f9733c17a"
    },
    "addedDate" : 1576631672990,
    "metadata" : [ ]
  }, {
    "asset" : {
      "assetID" : "1861aa04d9b1fe961fb8961fe519fcf340807d79"
    },
    "addedDate" : 1576631673003,
    "metadata" : [ ]
  }, {
    "asset" : {
      "assetID" : "dad699aa29fbc453fff774369a05ef9baa1418e4"
    },
    "addedDate" : 1576631672973,
    "metadata" : [ ]
  }, {
    "asset" : {
      "assetID" : "47e41019d9c0bad0690a28c4e5b2e2c0e63ca804"
    },
    "addedDate" : 1592396750099,
    "metadata" : [ ]
  }, {
    "asset" : {
      "assetID" : "4db6d7c1c925a6163e6d78c8ead14729016d7953"
    },
    "addedDate" : 1576631672973,
    "metadata" : [ ]
  }, {
    "asset" : {
      "assetID" : "5376e180c4da7f7069aaf35184e1b86cce6046c0"
    },
    "addedDate" : 1576631672990,
    "metadata" : [ ]
  }, {
    "asset" : {
      "assetID" : "7bc2180f3f9669adf375dd9f4579040de0ad0627"
    },
    "addedDate" : 1576631672973,
    "metadata" : [ ]
  }, {
    "asset" : {
      "assetID" : "9c2ada6a79c7f2183dcd100713bd899f3d4533e3"
    },
    "addedDate" : 1576631672973,
    "metadata" : [ ]
  }, {
    "asset" : {
      "assetID" : "aef7c6d268bbea9c74213aa2993242c2ab4c4713"
    },
    "addedDate" : 1576631672973,
    "metadata" : [ ]
  }, {
    "asset" : {
      "assetID" : "d3fe681e62109d0041c23d4fcea1e2c4ad2cdd7e"
    },
    "addedDate" : 1576631672973,
    "metadata" : [ ]
  }, {
    "asset" : {
      "assetID" : "b3d064c042fb276f5d9a3a79781d02910a054de1"
    },
    "addedDate" : 1576631672990,
    "metadata" : [ ]
  }, {
    "asset" : {
      "assetID" : "2b9acfad6287686d4c01f3a69b09c4cc213583f4"
    },
    "addedDate" : 1576631672973,
    "metadata" : [ ]
  }, {
    "asset" : {
      "assetID" : "bf731c3edf167a068718d997729fdb4a88648a23"
    },
    "addedDate" : 1577771078399,
    "metadata" : [ ]
  }, {
    "asset" : {
      "assetID" : "f953a828193a1eb7515c64c8e1e6be10cea732e3"
    },
    "addedDate" : 1576631672973,
    "metadata" : [ ]
  }, {
    "asset" : {
      "assetID" : "ca0b0af9ea6a3ba2c1230caa277aa556c3ea6bd3"
    },
    "addedDate" : 1587014367819,
    "metadata" : [ ]
  }, {
    "asset" : {
      "assetID" : "88DBE9636D7179865409F456D65399A1E009DBBD"
    },
    "addedDate" : 1576631672990,
    "metadata" : [ ]
  }, {
    "asset" : {
      "assetID" : "2C0B0B1861A76900E48026C7224D6D533A413E43"
    },
    "addedDate" : 1576631672990,
    "metadata" : [ ]
  }, {
    "asset" : {
      "assetID" : "491E1B3A6E4098B7A068CCF06E64700C95663093"
    },
    "addedDate" : 1576631672990,
    "metadata" : [ ]
  }, {
    "asset" : {
      "assetID" : "222430b0f8901bacf088888992aea08b976fd47f"
    },
    "addedDate" : 1576631672990,
    "metadata" : [ ]
  }, {
    "asset" : {
      "assetID" : "d2235ed1ce697b786e3d3bbd4f47cd08edc04984"
    },
    "addedDate" : 1576631672990,
    "metadata" : [ ]
  }, {
    "asset" : {
      "assetID" : "605C8FF993F0B6A5852B057DD6B72C133E986DED"
    },
    "addedDate" : 1576631672973,
    "metadata" : [ ]
  } ],
  "fileName" : "ec790f0952c24ac9bfbc242f913f0c37.json",
  "name" : "Behind the Scenes - The Church's Humanitarian Efforts",
  "english" : true,
  "publicTitle" : "Behind the Scenes — Latter-day Saint Charities",
  "collectionUri" : "behind-the-scenes-latter-day-saint-charities"
}