{
  "parentCollectionID" : "82aa484a719f4db2893e75ebefe44d97",
  "parentCollectionPath" : "Mobile Media Library/English - Video/Community Outreach/Humanitarian Efforts",
  "collectionType" : "assets",
  "path" : "Mobile Media Library/English - Video/Community Outreach/Humanitarian Efforts/Emergency Response",
  "collectionID" : "eee8e8af3cd84cd399500bc39561d63f",
  "language" : "eng",
  "type" : "DEFAULT",
  "lastUpdatedDate" : "2020-03-19T19:19:29.674-06:00",
  "links" : [ {
    "rel" : "details",
    "href" : "https://titanapi.churchofjesuschrist.org/assetsearch/api/v2/collection/details/collectionID/eee8e8af3cd84cd399500bc39561d63f"
  } ],
  "coverImages" : [ {
    "asset" : {
      "assetID" : "757c8cc892d90b427700e94234f19189c65da065"
    }
  } ],
  "related" : [ ],
  "metadata" : [ {
    "key" : "collectionUri",
    "value" : "emergency-response-community-outreach",
    "language" : "eng"
  }, {
    "key" : "publicTitle",
    "value" : "Emergency Response",
    "language" : "eng"
  } ],
  "children" : [ ],
  "assets" : [ {
    "asset" : {
      "assetID" : "07d58a91a5f8f5da18e26a96bba56516374c47ca"
    },
    "addedDate" : 1576631790176,
    "metadata" : [ ]
  }, {
    "asset" : {
      "assetID" : "9fa43b88349f0c1dea453fb71cd5e2f297417d5e"
    },
    "addedDate" : 1576631790193,
    "metadata" : [ ]
  }, {
    "asset" : {
      "assetID" : "3fd37cd6be52cf8e23fd40224d9729b62c5181b7"
    },
    "addedDate" : 1632956834430,
    "metadata" : [ ]
  }, {
    "asset" : {
      "assetID" : "d686f587962ec7fc6abf8e6cb0dcf59655107a18"
    },
    "addedDate" : 1576631790163,
    "metadata" : [ ]
  }, {
    "asset" : {
      "assetID" : "80ec2a4b809be1869b62c0b5b20f7ff90cebbeda"
    },
    "addedDate" : 1576631790210,
    "metadata" : [ ]
  }, {
    "asset" : {
      "assetID" : "d6256321e2a9e85525006f6bfb2702ae41ae205d"
    },
    "addedDate" : 1576631790176,
    "metadata" : [ ]
  }, {
    "asset" : {
      "assetID" : "4f0f8f95bbf430c9911c55a18e9a85120f5d38be"
    },
    "addedDate" : 1576631790193,
    "metadata" : [ ]
  }, {
    "asset" : {
      "assetID" : "0b1b295711945c5b7e36693ef6855b21ab467ddf"
    },
    "addedDate" : 1576631790193,
    "metadata" : [ ]
  }, {
    "asset" : {
      "assetID" : "5ef091963aff5f20f35686ae1f7bf1f5db384196"
    },
    "addedDate" : 1576631790193,
    "metadata" : [ ]
  }, {
    "asset" : {
      "assetID" : "788c42fad414d37efbd121817a047dc0c627a97b"
    },
    "addedDate" : 1577755294931,
    "metadata" : [ ]
  }, {
    "asset" : {
      "assetID" : "8c82a6831bb107c75f6283ce1f1f38ab8fb48025"
    },
    "addedDate" : 1632956856544,
    "metadata" : [ ]
  }, {
    "asset" : {
      "assetID" : "8fdeb2a169d60281be2b95b7990d689420623d80"
    },
    "addedDate" : 1632956856980,
    "metadata" : [ ]
  }, {
    "asset" : {
      "assetID" : "07c77808477b02389c76b20feca32e22ebdb7144"
    },
    "addedDate" : 1576631790193,
    "metadata" : [ ]
  }, {
    "asset" : {
      "assetID" : "1a8d71211f279468e059ae0b0776e1cb52f70175"
    },
    "addedDate" : 1576631790193,
    "metadata" : [ ]
  }, {
    "asset" : {
      "assetID" : "a265c2a2b7a2c437bf1cba3108251eec7c23241e"
    },
    "addedDate" : 1576631790193,
    "metadata" : [ ]
  }, {
    "asset" : {
      "assetID" : "a992971d765cfdde574e06b48a2bc2c208a5c279"
    },
    "addedDate" : 1576631790176,
    "metadata" : [ ]
  }, {
    "asset" : {
      "assetID" : "fc4d3e7f881e9fa8251910c9018738d4d4d8e797"
    },
    "addedDate" : 1576631790176,
    "metadata" : [ ]
  }, {
    "asset" : {
      "assetID" : "d1499299b7e81ce8d404c3aae4c367c546d43853"
    },
    "addedDate" : 1576631790176,
    "metadata" : [ ]
  }, {
    "asset" : {
      "assetID" : "d4b9fe85fb0441a3465ad9afd290808699119ab9"
    },
    "addedDate" : 1576631790193,
    "metadata" : [ ]
  }, {
    "asset" : {
      "assetID" : "443f7b316cddd4168f933fa7543e7eca0ea72839"
    },
    "addedDate" : 1576631790193,
    "metadata" : [ ]
  }, {
    "asset" : {
      "assetID" : "5ae22569b32c557c794a4e34dbd7622c93d24c18"
    },
    "addedDate" : 1576631790193,
    "metadata" : [ ]
  }, {
    "asset" : {
      "assetID" : "6f9467305a34296765e1ecafe223b9193b9b3636"
    },
    "addedDate" : 1577755478932,
    "metadata" : [ ]
  }, {
    "asset" : {
      "assetID" : "5b6cec9539a9d01af8377b4a5671ac69a20d5d39"
    },
    "addedDate" : 1577755647522,
    "metadata" : [ ]
  }, {
    "asset" : {
      "assetID" : "a4a9ccd4b314b19441f6fe739d065ca543784138"
    },
    "addedDate" : 1592433100449,
    "metadata" : [ ]
  }, {
    "asset" : {
      "assetID" : "F28E015A0E7F697B82CC63888E8E72B629B62029"
    },
    "addedDate" : 1583960566000,
    "metadata" : [ ]
  }, {
    "asset" : {
      "assetID" : "0CDF19CE5B12082C727BF99C100FA8A43EE8BC85"
    },
    "addedDate" : 1583960479899,
    "metadata" : [ ]
  }, {
    "asset" : {
      "assetID" : "FC7A80BCB284A8278665BD1AE3F2B30D57400823"
    },
    "addedDate" : 1576631790193,
    "metadata" : [ ]
  }, {
    "asset" : {
      "assetID" : "6EAC1278D42E20A4A69CD10529EE7BE1EE56791F"
    },
    "addedDate" : 1576631790193,
    "metadata" : [ ]
  }, {
    "asset" : {
      "assetID" : "EC09C25D8E1B034306F0A9A0C9DA966F96C953D9"
    },
    "addedDate" : 1583960297852,
    "metadata" : [ ]
  }, {
    "asset" : {
      "assetID" : "9DB84B1F39BBED65E8085BF46B2BC0D02D776E3D"
    },
    "addedDate" : 1583960367282,
    "metadata" : [ ]
  }, {
    "asset" : {
      "assetID" : "3F6CB5AFE8D1AB051188C8F47A4DED99F8693122"
    },
    "addedDate" : 1583960411983,
    "metadata" : [ ]
  }, {
    "asset" : {
      "assetID" : "0AAA80A34DB2FB107C734CF7CE83339125591A84"
    },
    "addedDate" : 1583960619766,
    "metadata" : [ ]
  }, {
    "asset" : {
      "assetID" : "635DD33644FFC87614E297964055CE838816FCCD"
    },
    "addedDate" : 1583960186578,
    "metadata" : [ ]
  } ],
  "fileName" : "eee8e8af3cd84cd399500bc39561d63f.json",
  "name" : "Emergency Response",
  "english" : true,
  "publicTitle" : "Emergency Response",
  "collectionUri" : "emergency-response-community-outreach"
}