{
  "parentCollectionID" : "375eec1a990147dc8a60062511cb8b44",
  "parentCollectionPath" : "Mobile Media Library/English - Video/Teaching and Lessons/Come, Follow Me/2025 Doctrine and Covenants Resources",
  "collectionType" : "assets",
  "path" : "Mobile Media Library/English - Video/Teaching and Lessons/Come, Follow Me/2025 Doctrine and Covenants Resources/May",
  "collectionID" : "ef1b5c22df42491388701ddb522e3842",
  "language" : "eng",
  "type" : "DEFAULT",
  "lastUpdatedDate" : "2025-01-07T12:39:56.703-07:00",
  "links" : [ {
    "rel" : "details",
    "href" : "https://titanapi.churchofjesuschrist.org/assetsearch/api/v2/collection/details/collectionID/ef1b5c22df42491388701ddb522e3842"
  } ],
  "coverImages" : [ {
    "asset" : {
      "assetID" : "524bbe0f65fef3dc4bd1746e09abaa389db63cf0"
    }
  } ],
  "related" : [ ],
  "metadata" : [ {
    "key" : "orderIndex",
    "value" : "5"
  }, {
    "key" : "channel",
    "value" : "mobile",
    "language" : "eng"
  }, {
    "key" : "collectionUri",
    "value" : "2025-doctrine-and-covenants-resources-may",
    "language" : "eng"
  }, {
    "key" : "publicTitle",
    "value" : "May",
    "language" : "eng"
  } ],
  "children" : [ ],
  "assets" : [ {
    "asset" : {
      "assetID" : "9c754a9532df706f5800c10a9d0947db1672ce42"
    },
    "index" : 4,
    "addedDate" : 1735269771876,
    "metadata" : [ ]
  }, {
    "asset" : {
      "assetID" : "45952078ba809e59bde0f3b241f273ef4d4455da"
    },
    "index" : 5,
    "addedDate" : 1735269779496,
    "metadata" : [ ]
  }, {
    "asset" : {
      "assetID" : "768eee8f8f270314f9d0f90cacb26a175a4f6f76"
    },
    "index" : 0,
    "addedDate" : 1735269747008,
    "metadata" : [ ]
  }, {
    "asset" : {
      "assetID" : "0c984535804be9ce92dcbd5b6338c9983bbd367f"
    },
    "index" : 1,
    "addedDate" : 1735269753799,
    "metadata" : [ ]
  }, {
    "asset" : {
      "assetID" : "5da56e80367d11ec8868eeeeac1e3d3886e5c0a7"
    },
    "index" : 3,
    "addedDate" : 1735269765572,
    "metadata" : [ ]
  } ],
  "fileName" : "ef1b5c22df42491388701ddb522e3842.json",
  "name" : "May",
  "english" : true,
  "publicTitle" : "May",
  "collectionUri" : "2025-doctrine-and-covenants-resources-may"
}