{
  "parentCollectionID" : "b5252a65f1e64418a1253501d850495c",
  "parentCollectionPath" : "Mobile Media Library/English - Video/Teaching and Lessons/Seminary and Institute/Seminary/Doctrine and Covenants Visual Resources",
  "collectionType" : "assets",
  "path" : "Mobile Media Library/English - Video/Teaching and Lessons/Seminary and Institute/Seminary/Doctrine and Covenants Visual Resources/04 Doctrine and Covenants-Lesson 61-80",
  "collectionID" : "f00f16efdeab4a7e867189c8a8464b5d",
  "language" : "eng",
  "type" : "DEFAULT",
  "lastUpdatedDate" : "2019-12-20T10:33:07.558-07:00",
  "links" : [ {
    "rel" : "details",
    "href" : "https://titanapi.churchofjesuschrist.org/assetsearch/api/v2/collection/details/collectionID/f00f16efdeab4a7e867189c8a8464b5d"
  } ],
  "coverImages" : [ {
    "asset" : {
      "assetID" : "80a6c471c1fde846d405f11e0c61c85bbe480850"
    }
  } ],
  "related" : [ ],
  "metadata" : [ {
    "key" : "collectionUri",
    "value" : "doctrine-and-covenants-lesson-61-80",
    "language" : "eng"
  }, {
    "key" : "publicTitle",
    "value" : "Doctrine and Covenants—Lesson 61-80",
    "language" : "eng"
  } ],
  "children" : [ ],
  "assets" : [ {
    "asset" : {
      "assetID" : "0ad7d5787c659bf665dbd1cfb3dc36add5414e4b"
    },
    "addedDate" : 1576874867743,
    "metadata" : [ ]
  }, {
    "asset" : {
      "assetID" : "16230875e135316b15a44ef4545138f83c335755"
    },
    "addedDate" : 1576874867710,
    "metadata" : [ ]
  }, {
    "asset" : {
      "assetID" : "127c8a0557d6a75c8ad76c2fc8d75fabbff08934"
    },
    "addedDate" : 1576874867710,
    "metadata" : [ ]
  }, {
    "asset" : {
      "assetID" : "2367902ab621c4cc0109006a89be88c08a71e98c"
    },
    "addedDate" : 1576874867760,
    "metadata" : [ ]
  }, {
    "asset" : {
      "assetID" : "2011-05-43-sedricks-journey-eng"
    },
    "addedDate" : 1576874867726,
    "metadata" : [ ]
  }, {
    "asset" : {
      "assetID" : "fd01b77f3a8d3e7879d7f42cdce49d231f47171c"
    },
    "addedDate" : 1576874867726,
    "metadata" : [ ]
  }, {
    "asset" : {
      "assetID" : "80f19271f499ba5d87e856f71429aa7fc22a2908"
    },
    "addedDate" : 1576874867726,
    "metadata" : [ ]
  }, {
    "asset" : {
      "assetID" : "6278f77c5df599469eea60ed4a92ba57c8956c15"
    },
    "addedDate" : 1576874867743,
    "metadata" : [ ]
  }, {
    "asset" : {
      "assetID" : "3b86b65e7bd5f6418861d114dfd5f3e47ef6aadb"
    },
    "addedDate" : 1576874867710,
    "metadata" : [ ]
  }, {
    "asset" : {
      "assetID" : "e3202f0e39aad464a70f08a3ca6b68c3fee35539"
    },
    "addedDate" : 1576874867710,
    "metadata" : [ ]
  }, {
    "asset" : {
      "assetID" : "9608a4e98c1af393e9d0183bdda4a5378adee476"
    },
    "addedDate" : 1576874867743,
    "metadata" : [ ]
  }, {
    "asset" : {
      "assetID" : "add28f432e53f8358b1bc20a46a97d265a95427c"
    },
    "addedDate" : 1576874867726,
    "metadata" : [ ]
  }, {
    "asset" : {
      "assetID" : "cab37cfc33b0c958a18fa0e0a8326b21be6ccca5"
    },
    "addedDate" : 1576874867710,
    "metadata" : [ ]
  }, {
    "asset" : {
      "assetID" : "14aeb93acf00f963d751dabd1f86fcd2c982fd44"
    },
    "addedDate" : 1576874867760,
    "metadata" : [ ]
  }, {
    "asset" : {
      "assetID" : "2e2265357ca4a8e536a72e1fb73ca0f99aeeb913"
    },
    "addedDate" : 1587635256534,
    "metadata" : [ ]
  }, {
    "asset" : {
      "assetID" : "fa4e01f5cda079c2832722ee604c4f4f0f9f03b7"
    },
    "addedDate" : 1576874867760,
    "metadata" : [ ]
  }, {
    "asset" : {
      "assetID" : "2a510f2a8dfe7a147b09149f4316bd2b25fe2dc7"
    },
    "addedDate" : 1576874867760,
    "metadata" : [ ]
  }, {
    "asset" : {
      "assetID" : "6f4f0bfce3738a467fbe40d1ee8f032005c5f74c"
    },
    "addedDate" : 1576874867760,
    "metadata" : [ ]
  }, {
    "asset" : {
      "assetID" : "7fbcb7ac1cc2d1864821919b76b76ee25bc5e5ad"
    },
    "addedDate" : 1576874867726,
    "metadata" : [ ]
  }, {
    "asset" : {
      "assetID" : "86d6097b37f06a1301a9ab57aaac5713fcdbab9e"
    },
    "addedDate" : 1576874867726,
    "metadata" : [ ]
  }, {
    "asset" : {
      "assetID" : "b70313c193a542225e1a3a5968b1c72373579835"
    },
    "addedDate" : 1576874867760,
    "metadata" : [ ]
  }, {
    "asset" : {
      "assetID" : "df36f82c61c45dc8d80404bf1ac8febaa1c5a635"
    },
    "addedDate" : 1576874867743,
    "metadata" : [ ]
  }, {
    "asset" : {
      "assetID" : "abc97a3d200510346e994fd641571d03c66527bb"
    },
    "addedDate" : 1576874867760,
    "metadata" : [ ]
  }, {
    "asset" : {
      "assetID" : "a0b5fb1f694014b6bdbf20179e541fb381b468a8"
    },
    "addedDate" : 1576874867743,
    "metadata" : [ ]
  }, {
    "asset" : {
      "assetID" : "561750f29427f92e0215fe9662b25571d8f96226"
    },
    "addedDate" : 1576874867726,
    "metadata" : [ ]
  }, {
    "asset" : {
      "assetID" : "eccb6455ec120c0809f2009326af83898e7cd777"
    },
    "addedDate" : 1576874867743,
    "metadata" : [ ]
  }, {
    "asset" : {
      "assetID" : "c41cf3d97d1ac5dafdcf3b4c133a31cdf927db71"
    },
    "addedDate" : 1587635607473,
    "metadata" : [ ]
  }, {
    "asset" : {
      "assetID" : "b5b889e53c1e26512f9675a51cf475fc87a903f1"
    },
    "addedDate" : 1576874867743,
    "metadata" : [ ]
  }, {
    "asset" : {
      "assetID" : "c93b500015dd2dcce8ee4c478f0003ee251b7275"
    },
    "addedDate" : 1576874867726,
    "metadata" : [ ]
  }, {
    "asset" : {
      "assetID" : "962d3d27fc408d32a22dee51a17a08434f464bdc"
    },
    "addedDate" : 1576874867710,
    "metadata" : [ ]
  }, {
    "asset" : {
      "assetID" : "ec4a4638aede1d41dee965a31d1955e0575f0d11"
    },
    "addedDate" : 1576874867726,
    "metadata" : [ ]
  }, {
    "asset" : {
      "assetID" : "f8c671910dd7cc3e64a43058974258cbc9979fca"
    },
    "addedDate" : 1576874867726,
    "metadata" : [ ]
  }, {
    "asset" : {
      "assetID" : "11398a3fda15b3eb5a3dd16e794a20154e664ee1"
    },
    "addedDate" : 1576874867743,
    "metadata" : [ ]
  }, {
    "asset" : {
      "assetID" : "a389e21bdc4926037e1929b31c38056246c65667"
    },
    "addedDate" : 1587635179992,
    "metadata" : [ ]
  }, {
    "asset" : {
      "assetID" : "9e435c3fe4d0d2343f4f2428ebbceeecd33acefd"
    },
    "addedDate" : 1632956862010,
    "metadata" : [ ]
  }, {
    "asset" : {
      "assetID" : "e3235f1c49cb0511c72d2bbdb0620899f02b5663"
    },
    "addedDate" : 1632956876037,
    "metadata" : [ ]
  }, {
    "asset" : {
      "assetID" : "a85cc2c95e5fb4cd4b3110a0dbea3b793b5b88c8"
    },
    "addedDate" : 1587635109760,
    "metadata" : [ ]
  }, {
    "asset" : {
      "assetID" : "8537ab2b398aa38bf7a186d794ad649a7f8c6d13"
    },
    "addedDate" : 1592433099793,
    "metadata" : [ ]
  }, {
    "asset" : {
      "assetID" : "555ba2dcfcecf142fc363de695e2dec5e90dd630"
    },
    "addedDate" : 1632956842721,
    "metadata" : [ ]
  }, {
    "asset" : {
      "assetID" : "43707f45f9d602ff5736bea46d4e7a4c7403d4c9"
    },
    "addedDate" : 1632956834977,
    "metadata" : [ ]
  }, {
    "asset" : {
      "assetID" : "9d66e2797ff28ed45d8eed53e3b027364a687858"
    },
    "addedDate" : 1632956861870,
    "metadata" : [ ]
  }, {
    "asset" : {
      "assetID" : "d3ffc931bf20a07e93bfa72d8c25fdfe9f5a6faf"
    },
    "addedDate" : 1587635518835,
    "metadata" : [ ]
  }, {
    "asset" : {
      "assetID" : "772d6f61cbbca80cc9849632a9848dff0e8afff1"
    },
    "addedDate" : 1632956851408,
    "metadata" : [ ]
  }, {
    "asset" : {
      "assetID" : "08d8dea7ec2d6b071aa16eadd3a36eac7a0aa9b5"
    },
    "addedDate" : 1632956820038,
    "metadata" : [ ]
  }, {
    "asset" : {
      "assetID" : "2d452f2d9680f1b7bb74843dcef2e56cce2273f3"
    },
    "addedDate" : 1595218251723,
    "metadata" : [ ]
  }, {
    "asset" : {
      "assetID" : "78ecfb6a05d4157f7459713094c2497bf078bfc4"
    },
    "addedDate" : 1587635876797,
    "metadata" : [ ]
  } ],
  "fileName" : "f00f16efdeab4a7e867189c8a8464b5d.json",
  "name" : "04 Doctrine and Covenants-Lesson 61-80",
  "english" : true,
  "publicTitle" : "Doctrine and Covenants—Lesson 61-80",
  "collectionUri" : "doctrine-and-covenants-lesson-61-80"
}