{
  "parentCollectionID" : "e60f922e58584686ad44d42a17a6dd66",
  "parentCollectionPath" : "Mobile Media Library/English - Video/People/Latter-day General Authorities and Officers",
  "collectionType" : "assets",
  "path" : "Mobile Media Library/English - Video/People/Latter-day General Authorities and Officers/David E. Sorensen",
  "collectionID" : "f088117991e1cabd64aeb6a95d1a0cc9ac25f5b4",
  "language" : "eng",
  "type" : "DEFAULT",
  "lastUpdatedDate" : "2019-10-28T16:40:50.643-06:00",
  "links" : [ {
    "rel" : "details",
    "href" : "https://titanapi.churchofjesuschrist.org/assetsearch/api/v2/collection/details/collectionID/f088117991e1cabd64aeb6a95d1a0cc9ac25f5b4"
  } ],
  "coverImages" : [ {
    "asset" : {
      "assetID" : "6bb09782f1d68023944acb99f3837ea0494d76b3"
    }
  } ],
  "related" : [ ],
  "metadata" : [ {
    "key" : "collectionUri",
    "value" : "david-e-sorensen",
    "language" : "eng"
  }, {
    "key" : "publicTitle",
    "value" : "David E. Sorensen",
    "language" : "eng"
  } ],
  "children" : [ ],
  "assets" : [ {
    "asset" : {
      "assetID" : "1ed92cc86dfb8de71c239df3db73f6b73503cc8f"
    },
    "addedDate" : 1540497956105,
    "metadata" : [ ]
  }, {
    "asset" : {
      "assetID" : "f72e94bd1ad14341369d19b4842b10b98cbee4fc"
    },
    "addedDate" : 1539881965697,
    "metadata" : [ ]
  } ],
  "fileName" : "f088117991e1cabd64aeb6a95d1a0cc9ac25f5b4.json",
  "name" : "David E. Sorensen",
  "english" : true,
  "publicTitle" : "David E. Sorensen",
  "collectionUri" : "david-e-sorensen"
}