{
  "parentCollectionID" : "bd59191796027fc53f46f5811862b4ff2baaa3b2",
  "parentCollectionPath" : "Mobile Media Library/English - Video/Topics",
  "collectionType" : "assets",
  "path" : "Mobile Media Library/English - Video/Topics/Divine Nature",
  "collectionID" : "f142eeecad79770beb7259d6df6be9787acd50f3",
  "language" : "eng",
  "type" : "DEFAULT",
  "lastUpdatedDate" : "2022-03-31T11:53:06.084-06:00",
  "links" : [ {
    "rel" : "details",
    "href" : "https://titanapi.churchofjesuschrist.org/assetsearch/api/v2/collection/details/collectionID/f142eeecad79770beb7259d6df6be9787acd50f3"
  } ],
  "coverImages" : [ {
    "asset" : {
      "assetID" : "1169bdcdc9319f1bd09a98b8b99135d304de3e9a"
    }
  } ],
  "related" : [ ],
  "metadata" : [ {
    "key" : "channel",
    "value" : "mobile",
    "language" : "eng"
  }, {
    "key" : "description",
    "value" : "Leaders past and present in the Church speak of our relationship to God, our eternal potential, and the Light of Christ that is available to all to help us see how to be like Him.",
    "language" : "eng"
  }, {
    "key" : "collectionUri",
    "value" : "divine-nature-topic",
    "language" : "eng"
  }, {
    "key" : "publicTitle",
    "value" : "Divine Nature",
    "language" : "eng"
  }, {
    "key" : "orderIndex",
    "value" : "28"
  } ],
  "children" : [ ],
  "assets" : [ {
    "asset" : {
      "assetID" : "1bb4cc7d4b07a042c5f2575122e016efc346f697"
    },
    "index" : 11,
    "addedDate" : 1722627235228,
    "metadata" : [ ]
  }, {
    "asset" : {
      "assetID" : "a6c365f9084a6a7705cb9ab586aceb24ce85d965"
    },
    "index" : 2,
    "addedDate" : 1515624275069,
    "metadata" : [ ]
  }, {
    "asset" : {
      "assetID" : "e3077e5c6b94e8b034423fbe12943226f1325cb6"
    },
    "index" : 3,
    "addedDate" : 1515624338091,
    "metadata" : [ ]
  }, {
    "asset" : {
      "assetID" : "9772e938727e7cec91926aa3327eb95779e9eb16"
    },
    "index" : 5,
    "addedDate" : 1524155024080,
    "metadata" : [ ]
  }, {
    "asset" : {
      "assetID" : "a63534c7fa05132cce179bfab04d915464476724"
    },
    "index" : 10,
    "addedDate" : 1722627032577,
    "metadata" : [ ]
  }, {
    "asset" : {
      "assetID" : "a889436d8779b82092ff4eb0b4b0e1c28e113d43"
    },
    "index" : 9,
    "addedDate" : 1632956865746,
    "metadata" : [ ]
  }, {
    "asset" : {
      "assetID" : "aa8445a0ad007bccda98361f14b8d143d79083d0"
    },
    "index" : 4,
    "addedDate" : 1515624377002,
    "metadata" : [ ]
  }, {
    "asset" : {
      "assetID" : "12eb399e8afe610f3ef136113f1c09fa0cd8434a"
    },
    "index" : 1,
    "addedDate" : 1515624119039,
    "metadata" : [ ]
  }, {
    "asset" : {
      "assetID" : "384bee73144e0bfc6da3e805656104c8070033b0"
    },
    "index" : 8,
    "addedDate" : 1595218256072,
    "metadata" : [ ]
  }, {
    "asset" : {
      "assetID" : "27e17f69bbded90d6613d0def18ece9e820d467c"
    },
    "index" : 12,
    "addedDate" : 1722628320825,
    "metadata" : [ ]
  }, {
    "asset" : {
      "assetID" : "4382bac38724c5e6c49faee88a366abf6f2e6544"
    },
    "index" : 7,
    "addedDate" : 1595218254946,
    "metadata" : [ ]
  }, {
    "asset" : {
      "assetID" : "c7d696f7568642af0c0077c2a29fe07a3438256f"
    },
    "index" : 6,
    "addedDate" : 1592543646797,
    "metadata" : [ ]
  } ],
  "fileName" : "f142eeecad79770beb7259d6df6be9787acd50f3.json",
  "name" : "Divine Nature",
  "english" : true,
  "publicTitle" : "Divine Nature",
  "description" : "Leaders past and present in the Church speak of our relationship to God, our eternal potential, and the Light of Christ that is available to all to help us see how to be like Him.",
  "collectionUri" : "divine-nature-topic"
}