{
  "sourceCollectionId" : "c2199b453b7e41a4aeff18aa3446722b",
  "parentCollectionID" : "22e3232e384c8650311b2940336759a89b8d6f8b",
  "parentCollectionPath" : "Mobile Media Library",
  "collectionType" : "collections",
  "path" : "Mobile Media Library/Portuguese - Audio",
  "collectionID" : "f146f60f11fa45f1af8d889c77796b94",
  "language" : "por",
  "type" : "DEFAULT",
  "lastUpdatedDate" : "2021-04-30T12:44:01.977-06:00",
  "links" : [ {
    "rel" : "details",
    "href" : "https://titanapi.churchofjesuschrist.org/assetsearch/api/v2/collection/details/collectionID/f146f60f11fa45f1af8d889c77796b94"
  } ],
  "coverImages" : [ {
    "asset" : {
      "assetID" : "cff86be91539e8cfcf96d57e80f4427f722dce2c"
    }
  } ],
  "related" : [ ],
  "metadata" : [ {
    "key" : "collectionUri",
    "value" : "audio",
    "language" : "por"
  }, {
    "key" : "orderIndex",
    "value" : "17"
  } ],
  "children" : [ {
    "path" : "Mobile Media Library/Portuguese - Audio/Podcasts",
    "collectionID" : "810727d4a7224dee8fca954aeec3564c",
    "type" : "DEFAULT",
    "lastUpdatedDate" : "2021-05-05T13:51:51.445-06:00",
    "links" : [ {
      "rel" : "details",
      "href" : "https://titanapi.churchofjesuschrist.org/assetsearch/api/v2/collection/details/collectionID/810727d4a7224dee8fca954aeec3564c"
    } ],
    "fileName" : "810727d4a7224dee8fca954aeec3564c.json"
  } ],
  "assets" : [ ],
  "fileName" : "f146f60f11fa45f1af8d889c77796b94.json",
  "name" : "Portuguese - Audio",
  "english" : false,
  "collectionUri" : "audio"
}