{
  "parentCollectionID" : "bd59191796027fc53f46f5811862b4ff2baaa3b2",
  "parentCollectionPath" : "Mobile Media Library/English - Video/Topics",
  "collectionType" : "assets",
  "path" : "Mobile Media Library/English - Video/Topics/Talents",
  "collectionID" : "f218ca04a9194016a0f38680d29b5df8",
  "language" : "eng",
  "type" : "DEFAULT",
  "lastUpdatedDate" : "2020-09-20T12:01:07.152-06:00",
  "links" : [ {
    "rel" : "details",
    "href" : "https://titanapi.churchofjesuschrist.org/assetsearch/api/v2/collection/details/collectionID/f218ca04a9194016a0f38680d29b5df8"
  } ],
  "coverImages" : [ {
    "asset" : {
      "assetID" : "ae3e10d0410065f536b5887fac6b3251156cc1a7"
    }
  } ],
  "related" : [ ],
  "metadata" : [ {
    "key" : "description",
    "value" : "The ways to develop our personal gifts, special abilities, and skills are shared in this collection. We can prepare to serve others and build up our own self-esteem by learning about the parable of the talents and the blessings of work.",
    "language" : "eng"
  }, {
    "key" : "collectionUri",
    "value" : "talents-topic",
    "language" : "eng"
  }, {
    "key" : "publicTitle",
    "value" : "Talents",
    "language" : "eng"
  }, {
    "key" : "orderIndex",
    "value" : "97"
  } ],
  "children" : [ ],
  "assets" : [ {
    "asset" : {
      "assetID" : "360812a8ed42be3fe2d32d8f1e1bde46db03160d"
    },
    "addedDate" : 1577245854501,
    "metadata" : [ ]
  }, {
    "asset" : {
      "assetID" : "1867463573d6fe45ae86b6e054c952344f187c6f"
    },
    "addedDate" : 1583381140692,
    "metadata" : [ ]
  }, {
    "asset" : {
      "assetID" : "a17c041f0f80010f6c5ab6208ac8e922930eeab8"
    },
    "addedDate" : 1577245905551,
    "metadata" : [ ]
  }, {
    "asset" : {
      "assetID" : "efa90d55d07a3634eb5c5acba10c7942e0ac600d"
    },
    "addedDate" : 1583380545776,
    "metadata" : [ ]
  }, {
    "asset" : {
      "assetID" : "7c2936e9c29ef5a5d0c2b1acc1a155a27cc8cf12"
    },
    "addedDate" : 1583380832519,
    "metadata" : [ ]
  } ],
  "fileName" : "f218ca04a9194016a0f38680d29b5df8.json",
  "name" : "Talents",
  "english" : true,
  "publicTitle" : "Talents",
  "description" : "The ways to develop our personal gifts, special abilities, and skills are shared in this collection. We can prepare to serve others and build up our own self-esteem by learning about the parable of the talents and the blessings of work.",
  "collectionUri" : "talents-topic"
}