{
  "parentCollectionID" : "d5e8644312c74774b43cca21ad6ca6a0",
  "parentCollectionPath" : "Mobile Media Library/English - Video/People/Latter-day Apostles",
  "collectionType" : "assets",
  "path" : "Mobile Media Library/English - Video/People/Latter-day Apostles/Dieter F. Uchtdorf",
  "collectionID" : "f42ad8b5b8363deecc6f704e517e4fa54aa2d84f",
  "language" : "eng",
  "type" : "DEFAULT",
  "lastUpdatedDate" : "2019-10-28T16:40:50.643-06:00",
  "links" : [ {
    "rel" : "details",
    "href" : "https://titanapi.churchofjesuschrist.org/assetsearch/api/v2/collection/details/collectionID/f42ad8b5b8363deecc6f704e517e4fa54aa2d84f"
  } ],
  "coverImages" : [ {
    "asset" : {
      "assetID" : "57ebfbd7fe4d696e511d5ce1544ccada7d7bcf6b"
    }
  } ],
  "related" : [ ],
  "metadata" : [ {
    "key" : "collectionUri",
    "value" : "dieter-f-uchtdorf-video-collection",
    "language" : "eng"
  }, {
    "key" : "publicTitle",
    "value" : "Dieter F. Uchtdorf",
    "language" : "eng"
  }, {
    "key" : "orderIndex",
    "value" : "8"
  } ],
  "children" : [ ],
  "assets" : [ {
    "asset" : {
      "assetID" : "10b47733a350ef9ab33bb31ece6f8c98a0c1eea0"
    },
    "index" : 12,
    "addedDate" : 1539881038848,
    "metadata" : [ ]
  }, {
    "asset" : {
      "assetID" : "137317a65a9cd971562fb28a96923c6cb227f752"
    },
    "index" : 9,
    "addedDate" : 1539880587408,
    "metadata" : [ ]
  }, {
    "asset" : {
      "assetID" : "1d4603de44abcf08ecea2e68d517f2a96ed2ca20"
    },
    "index" : 11,
    "addedDate" : 1539880665963,
    "metadata" : [ ]
  }, {
    "asset" : {
      "assetID" : "5cc93d2a5ba7caf08c40121bd22b1992b9688f8d"
    },
    "index" : 3,
    "addedDate" : 1606803418281,
    "metadata" : [ ]
  }, {
    "asset" : {
      "assetID" : "26226a3f2d1e827b80d9fc17c42d8d61d273a811"
    },
    "index" : 7,
    "addedDate" : 1539880475812,
    "metadata" : [ ]
  }, {
    "asset" : {
      "assetID" : "87118f8a839c6a940ed70a9146c830e9295e66bc"
    },
    "index" : 14,
    "addedDate" : 1539896303441,
    "metadata" : [ ]
  }, {
    "asset" : {
      "assetID" : "99d802221716f786b7c5e6cf49e765cee53b5f2c"
    },
    "index" : 15,
    "addedDate" : 1576803702496,
    "metadata" : [ ]
  }, {
    "asset" : {
      "assetID" : "3ab42b159650587f631faa4b8830e901482b7ea6"
    },
    "index" : 8,
    "addedDate" : 1539880529926,
    "metadata" : [ ]
  }, {
    "asset" : {
      "assetID" : "697cd972fb402e13e99b568a8c4994bf859f7f4c"
    },
    "index" : 6,
    "addedDate" : 1539880442049,
    "metadata" : [ ]
  }, {
    "asset" : {
      "assetID" : "71cc2cf05b2798a96d9486f0a226ec4720f503bc"
    },
    "index" : 5,
    "addedDate" : 1606803418514,
    "metadata" : [ ]
  }, {
    "asset" : {
      "assetID" : "b8572597630f290f390621e5c9dd26669302fe05"
    },
    "index" : 10,
    "addedDate" : 1539880607050,
    "metadata" : [ ]
  }, {
    "asset" : {
      "assetID" : "cd08e884cefe3ecef67f7ea4f96a369fc24df739"
    },
    "index" : 18,
    "addedDate" : 1592433099385,
    "metadata" : [ ]
  }, {
    "asset" : {
      "assetID" : "fc8424ae11abf797dba99c15b64bfe1196138b80"
    },
    "index" : 0,
    "addedDate" : 1597175552644,
    "metadata" : [ ]
  }, {
    "asset" : {
      "assetID" : "c0f95e35c0a19a40f3f42dac3ccf0a385f7ff7e4"
    },
    "index" : 4,
    "addedDate" : 1606803418402,
    "metadata" : [ ]
  }, {
    "asset" : {
      "assetID" : "e93526b8a61b8a40864978766b805f6125f06101"
    },
    "index" : 22,
    "addedDate" : 1702327848637,
    "metadata" : [ ]
  }, {
    "asset" : {
      "assetID" : "e6e0174bb95c5f68b7c580e65562f3cb4b3678f8"
    },
    "index" : 13,
    "addedDate" : 1539896273773,
    "metadata" : [ ]
  }, {
    "asset" : {
      "assetID" : "0bc3ec9e141ce936de6a0a5148a69886f8cba601"
    },
    "index" : 19,
    "addedDate" : 1592433101215,
    "metadata" : [ ]
  }, {
    "asset" : {
      "assetID" : "7483b3072ea77b450b19107b3a2e7dfd772e18c4"
    },
    "index" : 17,
    "addedDate" : 1592396734120,
    "metadata" : [ ]
  }, {
    "asset" : {
      "assetID" : "19bdb315bc539c0fb552f20b593edbb2adcf27fa"
    },
    "index" : 21,
    "addedDate" : 1632956824580,
    "metadata" : [ ]
  }, {
    "asset" : {
      "assetID" : "5699583d9bab1840e51ed024f29c12872f48cf8b"
    },
    "index" : 20,
    "addedDate" : 1595218252193,
    "metadata" : [ ]
  }, {
    "asset" : {
      "assetID" : "99bd26144e0a407c77be18d175458c3c0cef279c"
    },
    "index" : 16,
    "addedDate" : 1592396732822,
    "metadata" : [ ]
  }, {
    "asset" : {
      "assetID" : "f81a61ca87e0151380f1f89160c14e40f0d13a9a"
    },
    "index" : 1,
    "addedDate" : 1597183963013,
    "metadata" : [ ]
  }, {
    "asset" : {
      "assetID" : "FE7EE772B2C7145D59F5EC20799FD2C3893F6C7B"
    },
    "index" : 2,
    "addedDate" : 1599254525383,
    "metadata" : [ ]
  } ],
  "fileName" : "f42ad8b5b8363deecc6f704e517e4fa54aa2d84f.json",
  "name" : "Dieter F. Uchtdorf",
  "english" : true,
  "publicTitle" : "Dieter F. Uchtdorf",
  "collectionUri" : "dieter-f-uchtdorf-video-collection"
}