{
  "parentCollectionID" : "b43d757eb019f6607ea99cf31d4f98fd0466720b",
  "parentCollectionPath" : "Mobile Media Library/English - Video/Videos for Children",
  "collectionType" : "assets",
  "path" : "Mobile Media Library/English - Video/Videos for Children/Doctrine and Covenants Stories for Young Readers",
  "collectionID" : "f6229534310f4026a795319e45cd66a8",
  "language" : "eng",
  "type" : "DEFAULT",
  "lastUpdatedDate" : "2022-10-13T08:56:49.418-06:00",
  "links" : [ {
    "rel" : "details",
    "href" : "https://titanapi.churchofjesuschrist.org/assetsearch/api/v2/collection/details/collectionID/f6229534310f4026a795319e45cd66a8"
  } ],
  "coverImages" : [ {
    "asset" : {
      "assetID" : "7fa152a2168925e43c95d99efaeddd08e0a5c5c0"
    }
  } ],
  "related" : [ ],
  "metadata" : [ {
    "key" : "orderIndex",
    "value" : "3"
  }, {
    "key" : "channel",
    "value" : "mobile",
    "language" : "eng"
  }, {
    "key" : "collectionUri",
    "value" : "doctrine-and-covenants-stories-for-young-readers-children",
    "language" : "eng"
  }, {
    "key" : "publicTitle",
    "value" : "Doctrine and Covenants Stories for Young Readers",
    "language" : "eng"
  } ],
  "children" : [ ],
  "assets" : [ {
    "asset" : {
      "assetID" : "3DD00DF8341C4E0F453656E49C56541798A0294F"
    },
    "index" : 0,
    "addedDate" : 1662489149073,
    "metadata" : [ ]
  }, {
    "asset" : {
      "assetID" : "C707F450CCDD245A4CCA30AAD86FF10315977375"
    },
    "index" : 1,
    "addedDate" : 1662489149070,
    "metadata" : [ ]
  }, {
    "asset" : {
      "assetID" : "2476C37ED4AEFE925764E48BA5D070E71326E75E"
    },
    "index" : 2,
    "addedDate" : 1662489149056,
    "metadata" : [ ]
  }, {
    "asset" : {
      "assetID" : "3ACCC417F4CB893E9E9992001C766647D0E3AFF3"
    },
    "index" : 4,
    "addedDate" : 1662489149066,
    "metadata" : [ ]
  }, {
    "asset" : {
      "assetID" : "9F7252CD7133B4E3B7E223638509CA6AAC026B63"
    },
    "index" : 3,
    "addedDate" : 1662489149050,
    "metadata" : [ ]
  }, {
    "asset" : {
      "assetID" : "36A255D9F40B9EADCA867FD6E4C16F1E6259F33C"
    },
    "index" : 5,
    "addedDate" : 1662489149080,
    "metadata" : [ ]
  }, {
    "asset" : {
      "assetID" : "EB9B4A9135A377B43573CF96C3606E50E9B0F842"
    },
    "index" : 6,
    "addedDate" : 1662489149083,
    "metadata" : [ ]
  }, {
    "asset" : {
      "assetID" : "a8d16c9cefb811eb87a7eeeeac1e081bff201066"
    },
    "index" : 7,
    "addedDate" : 1662489149086,
    "metadata" : [ ]
  }, {
    "asset" : {
      "assetID" : "cfa4ad150b5a11ecb3a9eeeeac1e68027a42395f"
    },
    "index" : 9,
    "addedDate" : 1662489149070,
    "metadata" : [ ]
  }, {
    "asset" : {
      "assetID" : "8f29c81b14bc11ec9645eeeeac1eed4867afd91e"
    },
    "index" : 8,
    "addedDate" : 1662489149076,
    "metadata" : [ ]
  }, {
    "asset" : {
      "assetID" : "e94d1a42215611ec8e61eeeeac1ed923ba8df017"
    },
    "index" : 10,
    "addedDate" : 1662489149063,
    "metadata" : [ ]
  }, {
    "asset" : {
      "assetID" : "2342ddf2515b11ecaa56eeeeac1e9a8e63488455"
    },
    "index" : 11,
    "addedDate" : 1662489149046,
    "metadata" : [ ]
  } ],
  "fileName" : "f6229534310f4026a795319e45cd66a8.json",
  "name" : "Doctrine and Covenants Stories for Young Readers",
  "english" : true,
  "publicTitle" : "Doctrine and Covenants Stories for Young Readers",
  "collectionUri" : "doctrine-and-covenants-stories-for-young-readers-children"
}