{
  "parentCollectionID" : "8d8905cef700b03cb3afaabc032a3af882139e59",
  "parentCollectionPath" : "Mobile Media Library/English - Video",
  "collectionType" : "collections",
  "path" : "Mobile Media Library/English - Video/Church History",
  "collectionID" : "f7129f67d14d2d334ff5fe0c9ee0674b272a1e3e",
  "language" : "eng",
  "type" : "DEFAULT",
  "lastUpdatedDate" : "2020-05-28T17:46:16.194-06:00",
  "links" : [ {
    "rel" : "details",
    "href" : "https://titanapi.churchofjesuschrist.org/assetsearch/api/v2/collection/details/collectionID/f7129f67d14d2d334ff5fe0c9ee0674b272a1e3e"
  } ],
  "coverImages" : [ {
    "asset" : {
      "assetID" : "b7476e71da144cb27a5cb9cbe7b005f2c7462014"
    }
  } ],
  "related" : [ ],
  "metadata" : [ {
    "key" : "description",
    "value" : "Learn more about the unique history of the Restoration of the gospel. This collection of videos addresses the Prophet Joseph Smith’s First Vision, modern-day revelation, religious persecution, and the pioneers’ journey across the plains to establish Zion and build temples in the American West.",
    "language" : "eng"
  }, {
    "key" : "collectionUri",
    "value" : "church-history",
    "language" : "eng"
  }, {
    "key" : "publicTitle",
    "value" : "Church History",
    "language" : "eng"
  }, {
    "key" : "orderIndex",
    "value" : "5"
  } ],
  "children" : [ {
    "path" : "Mobile Media Library/English - Video/Church History/Historic Sites Virtual Tours",
    "collectionID" : "885c9f79dbab4851ac810ae9dc275287",
    "type" : "DEFAULT",
    "lastUpdatedDate" : "2022-02-10T09:48:14.468-07:00",
    "links" : [ {
      "rel" : "details",
      "href" : "https://titanapi.churchofjesuschrist.org/assetsearch/api/v2/collection/details/collectionID/885c9f79dbab4851ac810ae9dc275287"
    } ],
    "fileName" : "885c9f79dbab4851ac810ae9dc275287.json"
  }, {
    "path" : "Mobile Media Library/English - Video/Church History/Joseph Smith Papers",
    "collectionID" : "78df7428a0f9817f3353b972d2bb8d9e4152e0b3",
    "type" : "DEFAULT",
    "lastUpdatedDate" : "2020-08-26T14:28:08.929-06:00",
    "links" : [ {
      "rel" : "details",
      "href" : "https://titanapi.churchofjesuschrist.org/assetsearch/api/v2/collection/details/collectionID/78df7428a0f9817f3353b972d2bb8d9e4152e0b3"
    } ],
    "fileName" : "78df7428a0f9817f3353b972d2bb8d9e4152e0b3.json"
  }, {
    "path" : "Mobile Media Library/English - Video/Church History/Church History Topics",
    "collectionID" : "cc3fd300cb9751036c65a7c92223f1c6e419028b",
    "type" : "DEFAULT",
    "lastUpdatedDate" : "2021-05-07T14:34:54.190-06:00",
    "links" : [ {
      "rel" : "details",
      "href" : "https://titanapi.churchofjesuschrist.org/assetsearch/api/v2/collection/details/collectionID/cc3fd300cb9751036c65a7c92223f1c6e419028b"
    } ],
    "fileName" : "cc3fd300cb9751036c65a7c92223f1c6e419028b.json"
  }, {
    "path" : "Mobile Media Library/English - Video/Church History/Prophets of the Restoration",
    "collectionID" : "8cfd45d9b1d9ecc1774e6b77f9ad83fd54dbc236",
    "type" : "DEFAULT",
    "lastUpdatedDate" : "2020-08-26T14:29:48.557-06:00",
    "links" : [ {
      "rel" : "details",
      "href" : "https://titanapi.churchofjesuschrist.org/assetsearch/api/v2/collection/details/collectionID/8cfd45d9b1d9ecc1774e6b77f9ad83fd54dbc236"
    } ],
    "fileName" : "8cfd45d9b1d9ecc1774e6b77f9ad83fd54dbc236.json"
  }, {
    "path" : "Mobile Media Library/English - Video/Church History/Women of Conviction",
    "collectionID" : "4fc5e15791f3d7abf8c07707d68f0d5958034fef",
    "type" : "DEFAULT",
    "lastUpdatedDate" : "2020-08-26T14:30:37.805-06:00",
    "links" : [ {
      "rel" : "details",
      "href" : "https://titanapi.churchofjesuschrist.org/assetsearch/api/v2/collection/details/collectionID/4fc5e15791f3d7abf8c07707d68f0d5958034fef"
    } ],
    "fileName" : "4fc5e15791f3d7abf8c07707d68f0d5958034fef.json"
  }, {
    "path" : "Mobile Media Library/English - Video/Church History/Joseph Smith Papers Television Documentary Series Season 1",
    "collectionID" : "254364fc402da0464baaadf8be05d614eee37b63",
    "type" : "DEFAULT",
    "lastUpdatedDate" : "2020-08-26T14:28:25.094-06:00",
    "links" : [ {
      "rel" : "details",
      "href" : "https://titanapi.churchofjesuschrist.org/assetsearch/api/v2/collection/details/collectionID/254364fc402da0464baaadf8be05d614eee37b63"
    } ],
    "fileName" : "254364fc402da0464baaadf8be05d614eee37b63.json"
  }, {
    "path" : "Mobile Media Library/English - Video/Church History/Pioneers in Every Land",
    "collectionID" : "12a29e79280a79ec6a9b23cd04ad4fadac5ca36a",
    "type" : "DEFAULT",
    "lastUpdatedDate" : "2020-08-26T14:29:32.818-06:00",
    "links" : [ {
      "rel" : "details",
      "href" : "https://titanapi.churchofjesuschrist.org/assetsearch/api/v2/collection/details/collectionID/12a29e79280a79ec6a9b23cd04ad4fadac5ca36a"
    } ],
    "fileName" : "12a29e79280a79ec6a9b23cd04ad4fadac5ca36a.json"
  } ],
  "assets" : [ ],
  "fileName" : "f7129f67d14d2d334ff5fe0c9ee0674b272a1e3e.json",
  "name" : "Church History",
  "english" : true,
  "publicTitle" : "Church History",
  "description" : "Learn more about the unique history of the Restoration of the gospel. This collection of videos addresses the Prophet Joseph Smith’s First Vision, modern-day revelation, religious persecution, and the pioneers’ journey across the plains to establish Zion and build temples in the American West.",
  "collectionUri" : "church-history"
}