{
  "parentCollectionID" : "bd59191796027fc53f46f5811862b4ff2baaa3b2",
  "parentCollectionPath" : "Mobile Media Library/English - Video/Topics",
  "collectionType" : "assets",
  "path" : "Mobile Media Library/English - Video/Topics/Priesthood",
  "collectionID" : "f724057dfb2c4bef440aa1e03bc663bcae5deed7",
  "language" : "eng",
  "type" : "DEFAULT",
  "lastUpdatedDate" : "2022-03-31T11:57:01.347-06:00",
  "links" : [ {
    "rel" : "details",
    "href" : "https://titanapi.churchofjesuschrist.org/assetsearch/api/v2/collection/details/collectionID/f724057dfb2c4bef440aa1e03bc663bcae5deed7"
  } ],
  "coverImages" : [ {
    "asset" : {
      "assetID" : "1af7f8ec0704e30eaea14b05c3df181eff0cc368"
    }
  } ],
  "related" : [ ],
  "metadata" : [ {
    "key" : "channel",
    "value" : "mobile",
    "language" : "eng"
  }, {
    "key" : "description",
    "value" : "The restored priesthood keys give Church leaders authority to act in God’s name and organize His Church. These essays speak to the duty, diligence, and developmental experiences of worthily holding and officiating in the Aaronic or Melchizedek Priesthoods.",
    "language" : "eng"
  }, {
    "key" : "collectionUri",
    "value" : "priesthood-topic",
    "language" : "eng"
  }, {
    "key" : "publicTitle",
    "value" : "Priesthood",
    "language" : "eng"
  }, {
    "key" : "orderIndex",
    "value" : "78"
  } ],
  "children" : [ ],
  "assets" : [ {
    "asset" : {
      "assetID" : "e97861a667da00faf016a8bc05eaadaba2807226"
    },
    "addedDate" : 1632956876662,
    "metadata" : [ ]
  }, {
    "asset" : {
      "assetID" : "f1045e312fcb45fe8d678baa844f823c4fcfb8af"
    },
    "addedDate" : 1479854387076,
    "metadata" : [ ]
  }, {
    "asset" : {
      "assetID" : "82ccfd0f5df5fbe06bd35065910d575e3e20bce0"
    },
    "addedDate" : 1479854858056,
    "metadata" : [ ]
  }, {
    "asset" : {
      "assetID" : "3b687ce8cb09e41356e5e0c3e67155a0ecf2fe13"
    },
    "addedDate" : 1479854457069,
    "metadata" : [ ]
  }, {
    "asset" : {
      "assetID" : "4af3e71ff77d3c529968e52551d1d682d909626e"
    },
    "addedDate" : 1479854596023,
    "metadata" : [ ]
  }, {
    "asset" : {
      "assetID" : "4742e3f58ac10c3b48b860178b3741448ae180fc"
    },
    "addedDate" : 1479854810041,
    "metadata" : [ ]
  }, {
    "asset" : {
      "assetID" : "69e89127dce353f68e5d2543240ec3c0a92e3633"
    },
    "addedDate" : 1479854839003,
    "metadata" : [ ]
  }, {
    "asset" : {
      "assetID" : "73cb36d50d63da795f6437567dd6874e2507bf06"
    },
    "addedDate" : 1479854656060,
    "metadata" : [ ]
  }, {
    "asset" : {
      "assetID" : "a53143aaa9486eb028c4a963d56b5bb639194457"
    },
    "addedDate" : 1479854800007,
    "metadata" : [ ]
  }, {
    "asset" : {
      "assetID" : "7565013ea2c88608ba1afabe801f677de10af0f3"
    },
    "addedDate" : 1479854386060,
    "metadata" : [ ]
  }, {
    "asset" : {
      "assetID" : "fa366e125167eedd22b3bbde0915a2ef7cd8cebb"
    },
    "addedDate" : 1479854282037,
    "metadata" : [ ]
  }, {
    "asset" : {
      "assetID" : "4cb14673807c396e5b83499b626e7d149700c49d"
    },
    "addedDate" : 1479854458023,
    "metadata" : [ ]
  }, {
    "asset" : {
      "assetID" : "4085bb2c2c355f72ef57a8108cdb74a7a3bec2e6"
    },
    "addedDate" : 1479854475082,
    "metadata" : [ ]
  }, {
    "asset" : {
      "assetID" : "85a439e9fb2ba5cd6c36ea1181925619f98a629f"
    },
    "addedDate" : 1479854387019,
    "metadata" : [ ]
  }, {
    "asset" : {
      "assetID" : "272f437d6ce0c5a66fabc18c8d64b0674ad378f9"
    },
    "addedDate" : 1479854066019,
    "metadata" : [ ]
  }, {
    "asset" : {
      "assetID" : "1e8ba3096e76d5277a204f99343e747b251e9ae4"
    },
    "addedDate" : 1565816095824,
    "metadata" : [ ]
  }, {
    "asset" : {
      "assetID" : "8fb98ec5e4ab4dc55982bdf5586f2014f8fb4527"
    },
    "addedDate" : 1479854595069,
    "metadata" : [ ]
  }, {
    "asset" : {
      "assetID" : "9d1f15122e4f2f86080269efbd45d1b51845becf"
    },
    "addedDate" : 1479854595009,
    "metadata" : [ ]
  }, {
    "asset" : {
      "assetID" : "be8a0b828fde07e1752811785383c01a51e7e55b"
    },
    "addedDate" : 1479854715026,
    "metadata" : [ ]
  }, {
    "asset" : {
      "assetID" : "1015d71744850979894d6bb5acaba144b456a04a"
    },
    "addedDate" : 1479854312023,
    "metadata" : [ ]
  }, {
    "asset" : {
      "assetID" : "9a6b0be9f723254315ae4d0f4bdc30ba184fa278"
    },
    "addedDate" : 1479854697047,
    "metadata" : [ ]
  }, {
    "asset" : {
      "assetID" : "5b4735fe7b5ceb1b01f075544e8adbe10efe606b"
    },
    "addedDate" : 1632956844126,
    "metadata" : [ ]
  }, {
    "asset" : {
      "assetID" : "af3e36431d24246fba008dd96507b2d6f48c2f51"
    },
    "addedDate" : 1592433100261,
    "metadata" : [ ]
  }, {
    "asset" : {
      "assetID" : "814f0e4b4dafafd83f78bf48117fff498427ef17"
    },
    "addedDate" : 1592433100168,
    "metadata" : [ ]
  }, {
    "asset" : {
      "assetID" : "4f34bea8ec6364aa007a04a5c48e89a7f3a5892d"
    },
    "addedDate" : 1592433101075,
    "metadata" : [ ]
  }, {
    "asset" : {
      "assetID" : "50926278e477970483c9b2612ffb627a7ae48f30"
    },
    "addedDate" : 1592433099557,
    "metadata" : [ ]
  }, {
    "asset" : {
      "assetID" : "f1ea03426b8360fdc1c2ecd4267b9847a28b9c3a"
    },
    "addedDate" : 1632956877959,
    "metadata" : [ ]
  }, {
    "asset" : {
      "assetID" : "55a56c9c138291a55530ec65aef12aa9f7962eeb"
    },
    "addedDate" : 1565668973627,
    "metadata" : [ ]
  }, {
    "asset" : {
      "assetID" : "115c8937423b7e103ee3bdc67ffc583e385c2a7e"
    },
    "addedDate" : 1565664757741,
    "metadata" : [ ]
  }, {
    "asset" : {
      "assetID" : "420f511ce8936b99c08b63ceb1f356840aaedfce"
    },
    "addedDate" : 1565664288914,
    "metadata" : [ ]
  }, {
    "asset" : {
      "assetID" : "118ea412a7e2b6d6b98508f462257fd0b6bede82"
    },
    "addedDate" : 1592433100825,
    "metadata" : [ ]
  }, {
    "asset" : {
      "assetID" : "ba6ed1780eaa09cf0c9848c26500931e43455524"
    },
    "addedDate" : 1592952635876,
    "metadata" : [ ]
  }, {
    "asset" : {
      "assetID" : "0ED8E30712D3CD3652945E6D0C040F429E1C7390"
    },
    "addedDate" : 1579147444134,
    "metadata" : [ ]
  } ],
  "fileName" : "f724057dfb2c4bef440aa1e03bc663bcae5deed7.json",
  "name" : "Priesthood",
  "english" : true,
  "publicTitle" : "Priesthood",
  "description" : "The restored priesthood keys give Church leaders authority to act in God’s name and organize His Church. These essays speak to the duty, diligence, and developmental experiences of worthily holding and officiating in the Aaronic or Melchizedek Priesthoods.",
  "collectionUri" : "priesthood-topic"
}