{
  "parentCollectionID" : "a341dd20a0a648239e545d7a84dbe3e5",
  "parentCollectionPath" : "Mobile Media Library/English - Video/Life Help",
  "collectionType" : "assets",
  "path" : "Mobile Media Library/English - Video/Life Help/Disabilities",
  "collectionID" : "f91e8e35f61d4192b89abebc8bf460aa",
  "language" : "eng",
  "type" : "DEFAULT",
  "lastUpdatedDate" : "2020-08-14T19:11:53.514-06:00",
  "links" : [ {
    "rel" : "details",
    "href" : "https://titanapi.churchofjesuschrist.org/assetsearch/api/v2/collection/details/collectionID/f91e8e35f61d4192b89abebc8bf460aa"
  } ],
  "coverImages" : [ {
    "asset" : {
      "assetID" : "6c6f2a67fce65a51dfb84dd1b48d35dede5ab51f"
    }
  } ],
  "related" : [ ],
  "metadata" : [ {
    "key" : "collectionUri",
    "value" : "disabilities-life-help",
    "language" : "eng"
  }, {
    "key" : "publicTitle",
    "value" : "Disabilities",
    "language" : "eng"
  }, {
    "key" : "orderIndex",
    "value" : "6"
  } ],
  "children" : [ ],
  "assets" : [ {
    "asset" : {
      "assetID" : "f251e12b02859c28f62fc757e74150b8acf339e0"
    },
    "index" : 21,
    "addedDate" : 1596829536358,
    "metadata" : [ ]
  }, {
    "asset" : {
      "assetID" : "518c0ba0189e8b7e72fa15a214c5dac9db24b382"
    },
    "index" : 12,
    "addedDate" : 1596601183390,
    "metadata" : [ ]
  }, {
    "asset" : {
      "assetID" : "bf6cf854baa4d7ed1b091736215d5a9d26a5253e"
    },
    "index" : 23,
    "addedDate" : 1596829614021,
    "metadata" : [ ]
  }, {
    "asset" : {
      "assetID" : "11ce7ecddbb62683ebeb090036b9094935d7a2b4"
    },
    "index" : 22,
    "addedDate" : 1596829589572,
    "metadata" : [ ]
  }, {
    "asset" : {
      "assetID" : "4B06CE85C1F5C24AEAB658F284E2E671E9EE2D18"
    },
    "index" : 11,
    "addedDate" : 1596601159560,
    "metadata" : [ ]
  }, {
    "asset" : {
      "assetID" : "246c345ca587f88922f189e67973bee26d8dfa00"
    },
    "index" : 16,
    "addedDate" : 1596601274699,
    "metadata" : [ ]
  }, {
    "asset" : {
      "assetID" : "f014ccde8792772697c9ed5c2f1a32fd969bacb2"
    },
    "index" : 19,
    "addedDate" : 1596829487968,
    "metadata" : [ ]
  }, {
    "asset" : {
      "assetID" : "b655b4d76ddb10f0da702696af2bd514a6f685b6"
    },
    "index" : 24,
    "addedDate" : 1597443851173,
    "metadata" : [ ]
  }, {
    "asset" : {
      "assetID" : "7c842843f46744b976df6099943320bbf919caaf"
    },
    "index" : 15,
    "addedDate" : 1596601253192,
    "metadata" : [ ]
  }, {
    "asset" : {
      "assetID" : "49a05e6925810f6dc32d78571ed251ab9ce15981"
    },
    "index" : 13,
    "addedDate" : 1596601217823,
    "metadata" : [ ]
  }, {
    "asset" : {
      "assetID" : "89c63e3573107182dd03bbc98d4419884b45217a"
    },
    "index" : 17,
    "addedDate" : 1596602259926,
    "metadata" : [ ]
  }, {
    "asset" : {
      "assetID" : "f8ba1531b358544e1859ac1da017fcc0a06a68ac"
    },
    "index" : 14,
    "addedDate" : 1596601236748,
    "metadata" : [ ]
  }, {
    "asset" : {
      "assetID" : "81326235bc9f72c9892cc0c26869521f75e96a27"
    },
    "index" : 18,
    "addedDate" : 1596829457328,
    "metadata" : [ ]
  }, {
    "asset" : {
      "assetID" : "A509C402CBA187B7FE72C20E2484C743DAB53308"
    },
    "index" : 7,
    "addedDate" : 1596601068587,
    "metadata" : [ ]
  }, {
    "asset" : {
      "assetID" : "E0DA985FF74173E160B29E615C8C80EC8830AC30"
    },
    "index" : 8,
    "addedDate" : 1596601094661,
    "metadata" : [ ]
  }, {
    "asset" : {
      "assetID" : "2C4A601836C56E9EC57DC395668B76FDF9F3F7EF"
    },
    "index" : 5,
    "addedDate" : 1596601024362,
    "metadata" : [ ]
  }, {
    "asset" : {
      "assetID" : "7795E2B127559B3189346E1AB1CD12DB5D8FA951"
    },
    "index" : 10,
    "addedDate" : 1596601133023,
    "metadata" : [ ]
  }, {
    "asset" : {
      "assetID" : "452BDECD7E33EBE60E1838B9BABCBC327E5C9CAC"
    },
    "index" : 3,
    "addedDate" : 1596600979161,
    "metadata" : [ ]
  }, {
    "asset" : {
      "assetID" : "6198024FE6C90EBB6E62DBD9EA148C2252D8BDA1"
    },
    "index" : 9,
    "addedDate" : 1596601118158,
    "metadata" : [ ]
  }, {
    "asset" : {
      "assetID" : "CA7C275091B570124F8298CEBC6C706A8F5E77F0"
    },
    "index" : 2,
    "addedDate" : 1596600949914,
    "metadata" : [ ]
  }, {
    "asset" : {
      "assetID" : "4EA35DDC0514EF71572C83B9D68BE0815D14851B"
    },
    "index" : 4,
    "addedDate" : 1596601000548,
    "metadata" : [ ]
  }, {
    "asset" : {
      "assetID" : "E784735A6B8422EC97D226447560D87E055E4DE3"
    },
    "index" : 1,
    "addedDate" : 1596600926708,
    "metadata" : [ ]
  }, {
    "asset" : {
      "assetID" : "3B6A0DAF7F1C70562225C081EFEF185DBA0CB10B"
    },
    "index" : 6,
    "addedDate" : 1596601044599,
    "metadata" : [ ]
  }, {
    "asset" : {
      "assetID" : "f8f1dbe92292688067041386bd16f584ac6044b7"
    },
    "index" : 20,
    "addedDate" : 1596829514639,
    "metadata" : [ ]
  }, {
    "asset" : {
      "assetID" : "255015c3d0b62b693e53bd32aa149eda87806489"
    },
    "index" : 0,
    "addedDate" : 1596600902219,
    "metadata" : [ ]
  }, {
    "asset" : {
      "assetID" : "eaf99c285e4711ee8014eeeeac1e074695a8b4d7"
    },
    "index" : 25,
    "addedDate" : 1706217706270,
    "metadata" : [ ]
  } ],
  "fileName" : "f91e8e35f61d4192b89abebc8bf460aa.json",
  "name" : "Disabilities",
  "english" : true,
  "publicTitle" : "Disabilities",
  "collectionUri" : "disabilities-life-help"
}