{
  "parentCollectionID" : "dd6c8fe134cd4e99819a622daecc2f76",
  "parentCollectionPath" : "Mobile Media Library/English - Video/Callings and Trainings/Leadership",
  "collectionType" : "collections",
  "path" : "Mobile Media Library/English - Video/Callings and Trainings/Leadership/Hasten the Work",
  "collectionID" : "faaf6bef0456c4c1f582be8783973fff6eb7c017",
  "language" : "eng",
  "type" : "DEFAULT",
  "lastUpdatedDate" : "2019-10-28T16:40:50.643-06:00",
  "links" : [ {
    "rel" : "details",
    "href" : "https://titanapi.churchofjesuschrist.org/assetsearch/api/v2/collection/details/collectionID/faaf6bef0456c4c1f582be8783973fff6eb7c017"
  } ],
  "coverImages" : [ {
    "asset" : {
      "assetID" : "1cf74874476be2cd868bd182588e8acb5fc378ff"
    }
  } ],
  "related" : [ ],
  "metadata" : [ {
    "key" : "collectionUri",
    "value" : "hasten-the-work",
    "language" : "eng"
  }, {
    "key" : "publicTitle",
    "value" : "Hasten the Work",
    "language" : "eng"
  } ],
  "children" : [ {
    "path" : "Mobile Media Library/English - Video/Callings and Trainings/Leadership/Hasten the Work/Members and Missionaries",
    "collectionID" : "5a5bfcd7ad55092dc9be01c1e66ea42326c49d94",
    "type" : "DEFAULT",
    "lastUpdatedDate" : "2019-10-28T16:40:50.643-06:00",
    "links" : [ {
      "rel" : "details",
      "href" : "https://titanapi.churchofjesuschrist.org/assetsearch/api/v2/collection/details/collectionID/5a5bfcd7ad55092dc9be01c1e66ea42326c49d94"
    } ],
    "fileName" : "5a5bfcd7ad55092dc9be01c1e66ea42326c49d94.json"
  }, {
    "path" : "Mobile Media Library/English - Video/Callings and Trainings/Leadership/Hasten the Work/Ward Councils and Ward Mission Leaders",
    "collectionID" : "1ca918fcbd792d161428f5639f5d1f7f59725bfe",
    "type" : "DEFAULT",
    "lastUpdatedDate" : "2019-10-28T16:40:50.643-06:00",
    "links" : [ {
      "rel" : "details",
      "href" : "https://titanapi.churchofjesuschrist.org/assetsearch/api/v2/collection/details/collectionID/1ca918fcbd792d161428f5639f5d1f7f59725bfe"
    } ],
    "fileName" : "1ca918fcbd792d161428f5639f5d1f7f59725bfe.json"
  }, {
    "path" : "Mobile Media Library/English - Video/Callings and Trainings/Leadership/Hasten the Work/Priesthood Leaders",
    "collectionID" : "a0f8f361c68fdb76ef0f1f762377182f2e667f51",
    "type" : "DEFAULT",
    "lastUpdatedDate" : "2019-10-28T16:40:50.643-06:00",
    "links" : [ {
      "rel" : "details",
      "href" : "https://titanapi.churchofjesuschrist.org/assetsearch/api/v2/collection/details/collectionID/a0f8f361c68fdb76ef0f1f762377182f2e667f51"
    } ],
    "fileName" : "a0f8f361c68fdb76ef0f1f762377182f2e667f51.json"
  }, {
    "path" : "Mobile Media Library/English - Video/Callings and Trainings/Leadership/Hasten the Work/A New Vision",
    "collectionID" : "d28d7eddf3f5ce9488cafff9d51cdd5d78f78432",
    "type" : "DEFAULT",
    "lastUpdatedDate" : "2019-10-28T16:40:50.643-06:00",
    "links" : [ {
      "rel" : "details",
      "href" : "https://titanapi.churchofjesuschrist.org/assetsearch/api/v2/collection/details/collectionID/d28d7eddf3f5ce9488cafff9d51cdd5d78f78432"
    } ],
    "fileName" : "d28d7eddf3f5ce9488cafff9d51cdd5d78f78432.json"
  }, {
    "path" : "Mobile Media Library/English - Video/Callings and Trainings/Leadership/Hasten the Work/Special Broadcast: The Work of Salvation",
    "collectionID" : "a55b15d45c318f74e5b613fc48262d239ea4aa91",
    "type" : "DEFAULT",
    "lastUpdatedDate" : "2019-10-28T16:40:50.643-06:00",
    "links" : [ {
      "rel" : "details",
      "href" : "https://titanapi.churchofjesuschrist.org/assetsearch/api/v2/collection/details/collectionID/a55b15d45c318f74e5b613fc48262d239ea4aa91"
    } ],
    "fileName" : "a55b15d45c318f74e5b613fc48262d239ea4aa91.json"
  } ],
  "assets" : [ ],
  "fileName" : "faaf6bef0456c4c1f582be8783973fff6eb7c017.json",
  "name" : "Hasten the Work",
  "english" : true,
  "publicTitle" : "Hasten the Work",
  "collectionUri" : "hasten-the-work"
}