{
  "parentCollectionID" : "c673d5ed57bf0830c574779a3125f5b769192493",
  "parentCollectionPath" : "Mobile Media Library/English - Video/Life Help/Self-Reliance Services and PEF/Education for Better Work",
  "collectionType" : "assets",
  "path" : "Mobile Media Library/English - Video/Life Help/Self-Reliance Services and PEF/Education for Better Work/Chapter 2: What education will qualify me for my work?",
  "collectionID" : "fb28e8681bc710d3368ba2fb4cbc4b03319664dd",
  "language" : "eng",
  "type" : "DEFAULT",
  "lastUpdatedDate" : "2019-10-28T16:40:50.643-06:00",
  "links" : [ {
    "rel" : "details",
    "href" : "https://titanapi.churchofjesuschrist.org/assetsearch/api/v2/collection/details/collectionID/fb28e8681bc710d3368ba2fb4cbc4b03319664dd"
  } ],
  "coverImages" : [ {
    "asset" : {
      "assetID" : "e44df5ccf78535133e41febfde6e448699a1c299"
    }
  } ],
  "related" : [ ],
  "metadata" : [ {
    "key" : "collectionUri",
    "value" : "chapter-2-what-education-will-qualify-me-for-my-work",
    "language" : "eng"
  }, {
    "key" : "publicTitle",
    "value" : "Chapter 2: What education will qualify me for my work?",
    "language" : "eng"
  } ],
  "children" : [ ],
  "assets" : [ {
    "asset" : {
      "assetID" : "2a7e416001127dd1c49fb14f523e7741d5603299"
    },
    "addedDate" : 1479313353025,
    "metadata" : [ ]
  }, {
    "asset" : {
      "assetID" : "4e1465e33153825b05faff4efc39b744e107ed72"
    },
    "addedDate" : 1504121884063,
    "metadata" : [ ]
  }, {
    "asset" : {
      "assetID" : "7accbbedd9ccbb77c8ec75c8ca72e491784a5cf2"
    },
    "addedDate" : 1479313356082,
    "metadata" : [ ]
  } ],
  "fileName" : "fb28e8681bc710d3368ba2fb4cbc4b03319664dd.json",
  "name" : "Chapter 2: What education will qualify me for my work?",
  "english" : true,
  "publicTitle" : "Chapter 2: What education will qualify me for my work?",
  "collectionUri" : "chapter-2-what-education-will-qualify-me-for-my-work"
}