{
  "parentCollectionID" : "38b9e81d44343bf4204296241568235d6e8e77c6",
  "parentCollectionPath" : "Mobile Media Library/English - Featured",
  "collectionType" : "assets",
  "path" : "Mobile Media Library/English - Featured/Virtual Tours of Church Sites",
  "collectionID" : "fca079c8d5b64b8db482659b7557c541",
  "language" : "eng",
  "type" : "DEFAULT",
  "lastUpdatedDate" : "2024-07-18T15:41:08.074-06:00",
  "links" : [ {
    "rel" : "details",
    "href" : "https://titanapi.churchofjesuschrist.org/assetsearch/api/v2/collection/details/collectionID/fca079c8d5b64b8db482659b7557c541"
  } ],
  "coverImages" : [ {
    "asset" : {
      "assetID" : "dbf16c8b1bf211ec8887eeeeac1e5b9a75ef7663"
    }
  } ],
  "related" : [ ],
  "metadata" : [ {
    "key" : "orderIndex",
    "value" : "13"
  }, {
    "key" : "channel",
    "value" : "mobile",
    "language" : "eng"
  }, {
    "key" : "collectionUri",
    "value" : "virtual-tours-of-church-sites-features",
    "language" : "eng"
  }, {
    "key" : "publicTitle",
    "value" : "Virtual Tours of Church Sites",
    "language" : "eng"
  } ],
  "children" : [ ],
  "assets" : [ {
    "asset" : {
      "assetID" : "ba1d37e0ffaa11ebba6ceeeeac1e0e9adbdfd975"
    },
    "index" : 2,
    "addedDate" : 1717623240540,
    "metadata" : [ ]
  }, {
    "asset" : {
      "assetID" : "bdbb945dffaa11eb80e5eeeeac1e3718d3df7a35"
    },
    "index" : 0,
    "addedDate" : 1717623240526,
    "metadata" : [ ]
  }, {
    "asset" : {
      "assetID" : "c2bfe97affaa11eb99c6eeeeac1e03b24906591e"
    },
    "index" : 9,
    "addedDate" : 1717623240590,
    "metadata" : [ ]
  }, {
    "asset" : {
      "assetID" : "e3f3e21c7b1a11ec82d6eeeeac1e33e8150d8723"
    },
    "index" : 5,
    "addedDate" : 1717623240580,
    "metadata" : [ ]
  }, {
    "asset" : {
      "assetID" : "eac41d797b1a11eca9f8eeeeac1e3637b24f3351"
    },
    "index" : 6,
    "addedDate" : 1717623240550,
    "metadata" : [ ]
  }, {
    "asset" : {
      "assetID" : "f256225f7b1a11ec855feeeeac1e1786758990bb"
    },
    "index" : 8,
    "addedDate" : 1717623240576,
    "metadata" : [ ]
  }, {
    "asset" : {
      "assetID" : "ebb684d07d4711ec8291eeeeac1e97e996b8bf7e"
    },
    "index" : 4,
    "addedDate" : 1717623240536,
    "metadata" : [ ]
  }, {
    "asset" : {
      "assetID" : "f9a9887f7d4711ec9409eeeeac1e095467795c02"
    },
    "index" : 3,
    "addedDate" : 1717623240586,
    "metadata" : [ ]
  }, {
    "asset" : {
      "assetID" : "fe4d1ff47d4711eca746eeeeac1e4d78ec8f01f5"
    },
    "index" : 7,
    "addedDate" : 1717623240556,
    "metadata" : [ ]
  }, {
    "asset" : {
      "assetID" : "0894cee57d4811ec85e7eeeeac1eb2ee5557db33"
    },
    "index" : 1,
    "addedDate" : 1717623240546,
    "metadata" : [ ]
  }, {
    "asset" : {
      "assetID" : "a416ac9a895c11eebc70eeeeac1e0f78a5bc3a8f"
    },
    "index" : 10,
    "addedDate" : 1721337506721,
    "metadata" : [ ]
  }, {
    "asset" : {
      "assetID" : "a354e33b895c11eeaca5eeeeac1e2fe2bbbf7e3b"
    },
    "index" : 12,
    "addedDate" : 1721337521909,
    "metadata" : [ ]
  }, {
    "asset" : {
      "assetID" : "f651b320895c11eebea0eeeeac1e9758d9d7745a"
    },
    "index" : 13,
    "addedDate" : 1721337547312,
    "metadata" : [ ]
  }, {
    "asset" : {
      "assetID" : "f8a58e2e895c11ee9cd1eeeeac1e44a075c93522"
    },
    "index" : 11,
    "addedDate" : 1721337476408,
    "metadata" : [ ]
  } ],
  "fileName" : "fca079c8d5b64b8db482659b7557c541.json",
  "name" : "Virtual Tours of Church Sites",
  "english" : true,
  "publicTitle" : "Virtual Tours of Church Sites",
  "collectionUri" : "virtual-tours-of-church-sites-features"
}