{
  "parentCollectionID" : "b91d19b3a88f45129e9ec20d8c175bfa",
  "parentCollectionPath" : "Mobile Media Library/English - Video/Scriptural Reenactments and Teachings/Book of Mormon Videos",
  "collectionType" : "assets",
  "path" : "Mobile Media Library/English - Video/Scriptural Reenactments and Teachings/Book of Mormon Videos/1 Nephi 8",
  "collectionID" : "fd6f70cd7c4b4ed7a077a7e5697aa076",
  "language" : "eng",
  "type" : "DEFAULT",
  "lastUpdatedDate" : "2023-09-11T15:51:25.322-06:00",
  "links" : [ {
    "rel" : "details",
    "href" : "https://titanapi.churchofjesuschrist.org/assetsearch/api/v2/collection/details/collectionID/fd6f70cd7c4b4ed7a077a7e5697aa076"
  } ],
  "coverImages" : [ {
    "asset" : {
      "assetID" : "57dddc185c52192cd886c3a1a17e9bc02e023a4b"
    }
  } ],
  "related" : [ ],
  "metadata" : [ {
    "key" : "orderIndex",
    "value" : "5"
  }, {
    "key" : "channel",
    "value" : "mobile",
    "language" : "eng"
  }, {
    "key" : "collectionUri",
    "value" : "1-nephi-8",
    "language" : "eng"
  }, {
    "key" : "publicTitle",
    "value" : "1 Nephi 8",
    "language" : "eng"
  } ],
  "children" : [ ],
  "assets" : [ {
    "asset" : {
      "assetID" : "A8583978B6B9247BB34E480799BA38B1AA411159"
    },
    "index" : 0,
    "addedDate" : 1662564882673,
    "metadata" : [ ]
  }, {
    "asset" : {
      "assetID" : "F663F456EF3DA7A998F53A72E53190FA21E567D7"
    },
    "index" : 1,
    "addedDate" : 1662564882676,
    "metadata" : [ ]
  }, {
    "asset" : {
      "assetID" : "950026ACAEECD629CE5EBDF6D7BC2A0925D39E52"
    },
    "index" : 2,
    "addedDate" : 1662564882676,
    "metadata" : [ ]
  }, {
    "asset" : {
      "assetID" : "49242C6B1DF65C3AB4051C7F4BF72A4589438596"
    },
    "index" : 3,
    "addedDate" : 1662564882680,
    "metadata" : [ ]
  }, {
    "asset" : {
      "assetID" : "4D5938C6DB3D24D520175DCBF7637D9BDEC329B3"
    },
    "index" : 4,
    "addedDate" : 1662564882680,
    "metadata" : [ ]
  } ],
  "fileName" : "fd6f70cd7c4b4ed7a077a7e5697aa076.json",
  "name" : "1 Nephi 8",
  "english" : true,
  "publicTitle" : "1 Nephi 8",
  "collectionUri" : "1-nephi-8"
}