{
  "parentCollectionID" : "bd59191796027fc53f46f5811862b4ff2baaa3b2",
  "parentCollectionPath" : "Mobile Media Library/English - Video/Topics",
  "collectionType" : "assets",
  "path" : "Mobile Media Library/English - Video/Topics/Music and Dancing",
  "collectionID" : "feaaca555b2744fda02ffb35a7f63409",
  "language" : "eng",
  "type" : "DEFAULT",
  "lastUpdatedDate" : "2020-09-20T12:17:13.764-06:00",
  "links" : [ {
    "rel" : "details",
    "href" : "https://titanapi.churchofjesuschrist.org/assetsearch/api/v2/collection/details/collectionID/feaaca555b2744fda02ffb35a7f63409"
  } ],
  "coverImages" : [ {
    "asset" : {
      "assetID" : "9eb9ca3cd2b616eb7edc72e0b29d1653cbeb9f21"
    }
  } ],
  "related" : [ ],
  "metadata" : [ {
    "key" : "description",
    "value" : "Learn how music is at the center of worship and dance is the universal method of celebration. These art forms build culture, showcase songs of the heart, and lead the faithful to bloom where they are planted.",
    "language" : "eng"
  }, {
    "key" : "collectionUri",
    "value" : "music-and-dancing-topic",
    "language" : "eng"
  }, {
    "key" : "publicTitle",
    "value" : "Music and Dancing",
    "language" : "eng"
  }, {
    "key" : "orderIndex",
    "value" : "66"
  } ],
  "children" : [ ],
  "assets" : [ {
    "asset" : {
      "assetID" : "47e739788b90d8d1c6e7e40ee9b21ee262a3384c"
    },
    "addedDate" : 1576803995640,
    "metadata" : [ ]
  }, {
    "asset" : {
      "assetID" : "30b9344d6001cc817fcd0db7d4206051192cb84d"
    },
    "addedDate" : 1576803995640,
    "metadata" : [ ]
  }, {
    "asset" : {
      "assetID" : "8b9b0859bf3aa473c1327b8e8baf27055856b286"
    },
    "addedDate" : 1576803995640,
    "metadata" : [ ]
  }, {
    "asset" : {
      "assetID" : "b154360e0991cab7658d7b32adbff0d9c2e045bc"
    },
    "addedDate" : 1632956867178,
    "metadata" : [ ]
  } ],
  "fileName" : "feaaca555b2744fda02ffb35a7f63409.json",
  "name" : "Music and Dancing",
  "english" : true,
  "publicTitle" : "Music and Dancing",
  "description" : "Learn how music is at the center of worship and dance is the universal method of celebration. These art forms build culture, showcase songs of the heart, and lead the faithful to bloom where they are planted.",
  "collectionUri" : "music-and-dancing-topic"
}