{
  "parentCollectionID" : "a362cf32612a48c380d0013df943b987",
  "parentCollectionPath" : "Mobile Media Library/English - Video/Teaching and Lessons/Come, Follow Me/2023 New Testament Media Resources",
  "collectionType" : "assets",
  "path" : "Mobile Media Library/English - Video/Teaching and Lessons/Come, Follow Me/2023 New Testament Media Resources/January 23–January 29. Matthew 3; Mark 1; Luke 3: \"Prepare Ye the Way of the Lord\"",
  "collectionID" : "ff0f782d3d5743aea9c991b744ded704",
  "language" : "eng",
  "type" : "DEFAULT",
  "lastUpdatedDate" : "2022-12-01T14:23:30.418-07:00",
  "links" : [ {
    "rel" : "details",
    "href" : "https://titanapi.churchofjesuschrist.org/assetsearch/api/v2/collection/details/collectionID/ff0f782d3d5743aea9c991b744ded704"
  } ],
  "coverImages" : [ {
    "asset" : {
      "assetID" : "54cce36d6d959f66d2a879d19f96059e2b944461"
    }
  } ],
  "related" : [ ],
  "metadata" : [ {
    "key" : "orderIndex",
    "value" : "5"
  }, {
    "key" : "collectionUri",
    "value" : "cfm-2023-videos-january-23-29",
    "language" : "eng"
  }, {
    "key" : "publicTitle",
    "value" : "January 23–January 29. Matthew 3; Mark 1; Luke 3: \"Prepare Ye the Way of the Lord\"",
    "language" : "eng"
  } ],
  "children" : [ ],
  "assets" : [ {
    "asset" : {
      "assetID" : "0d97ae1a3fadaf916b0ae58cd68f09937b8057e7"
    },
    "index" : 1,
    "addedDate" : 1650042862514,
    "metadata" : [ ]
  }, {
    "asset" : {
      "assetID" : "810552d75557a4623f1ead9508f75570ca21998d"
    },
    "index" : 0,
    "addedDate" : 1650042850897,
    "metadata" : [ ]
  }, {
    "asset" : {
      "assetID" : "c8e3957e35e011eca29deeeeac1e03f984b64f30"
    },
    "index" : 2,
    "addedDate" : 1652116522745,
    "metadata" : [ ]
  } ],
  "fileName" : "ff0f782d3d5743aea9c991b744ded704.json",
  "name" : "January 23–January 29. Matthew 3; Mark 1; Luke 3: \"Prepare Ye the Way of the Lord\"",
  "english" : true,
  "publicTitle" : "January 23–January 29. Matthew 3; Mark 1; Luke 3: \"Prepare Ye the Way of the Lord\"",
  "collectionUri" : "cfm-2023-videos-january-23-29"
}