{
  "parentCollectionID" : "e60f922e58584686ad44d42a17a6dd66",
  "parentCollectionPath" : "Mobile Media Library/English - Video/People/Latter-day General Authorities and Officers",
  "collectionType" : "assets",
  "path" : "Mobile Media Library/English - Video/People/Latter-day General Authorities and Officers/Bruce C. Hafen",
  "collectionID" : "ff181bbe3be0901994ab4ed37203cc2e3bfb0e65",
  "language" : "eng",
  "type" : "DEFAULT",
  "lastUpdatedDate" : "2019-10-28T16:40:50.643-06:00",
  "links" : [ {
    "rel" : "details",
    "href" : "https://titanapi.churchofjesuschrist.org/assetsearch/api/v2/collection/details/collectionID/ff181bbe3be0901994ab4ed37203cc2e3bfb0e65"
  } ],
  "coverImages" : [ {
    "asset" : {
      "assetID" : "9fe464ea230e7f4eb545f8a1f7b46364f2db9e92"
    }
  } ],
  "related" : [ ],
  "metadata" : [ {
    "key" : "collectionUri",
    "value" : "bruce-c-hafen-video-collection",
    "language" : "eng"
  }, {
    "key" : "publicTitle",
    "value" : "Bruce C. Hafen",
    "language" : "eng"
  } ],
  "children" : [ ],
  "assets" : [ {
    "asset" : {
      "assetID" : "e0befc8061d97c31f6d97307a274f058bde249d2"
    },
    "addedDate" : 1540474244545,
    "metadata" : [ ]
  } ],
  "fileName" : "ff181bbe3be0901994ab4ed37203cc2e3bfb0e65.json",
  "name" : "Bruce C. Hafen",
  "english" : true,
  "publicTitle" : "Bruce C. Hafen",
  "collectionUri" : "bruce-c-hafen-video-collection"
}