{
  "parentCollectionID" : "2d36c176fda04f608a8034bcfd1f7b539b72703c",
  "parentCollectionPath" : "Mobile Media Library/Mandarin Simplified - Video/Teaching and Lessons/Seminary and Institute",
  "collectionType" : "assets",
  "path" : "Mobile Media Library/Mandarin Simplified - Video/Teaching and Lessons/Seminary and Institute/Doctrinal Mastery",
  "collectionID" : "007e92f0bbd3488ba5b8c27f1dd40362",
  "type" : "DEFAULT",
  "lastUpdatedDate" : "2022-10-26T15:01:50.801-06:00",
  "links" : [ {
    "rel" : "details",
    "href" : "https://titanapi.churchofjesuschrist.org/assetsearch/api/v2/collection/details/collectionID/007e92f0bbd3488ba5b8c27f1dd40362"
  } ],
  "coverImages" : [ {
    "asset" : {
      "assetID" : "055190cf53a2023df21f984922e66ec113086747"
    }
  } ],
  "related" : [ ],
  "metadata" : [ {
    "key" : "orderIndex",
    "value" : "1"
  }, {
    "key" : "collectionUri",
    "value" : "doctrinal-mastery-seminary-institute-collection"
  }, {
    "key" : "publicTitle",
    "value" : "精通教義"
  } ],
  "children" : [ ],
  "assets" : [ {
    "asset" : {
      "assetID" : "17cdecb1d72dea4ffb20e4bd3de957887d1a4d8d"
    },
    "index" : 1,
    "addedDate" : 1641403326606,
    "metadata" : [ ]
  }, {
    "asset" : {
      "assetID" : "43B08EE19D3BBA12C00E83BF960A261D71DFA229"
    },
    "index" : 0,
    "addedDate" : 1641403303196,
    "metadata" : [ ]
  }, {
    "asset" : {
      "assetID" : "0cd536a9cdb98fd6d69742070ec45329e82295d8"
    },
    "index" : 2,
    "addedDate" : 1641403346634,
    "metadata" : [ ]
  }, {
    "asset" : {
      "assetID" : "c8aa38176d14c79ae2b254280f5d3e55d70e2c63"
    },
    "index" : 3,
    "addedDate" : 1641403367379,
    "metadata" : [ ]
  }, {
    "asset" : {
      "assetID" : "4ce73e67917b70126f43103fabdd87838fcc629a"
    },
    "index" : 4,
    "addedDate" : 1641403392250,
    "metadata" : [ ]
  } ],
  "fileName" : "007e92f0bbd3488ba5b8c27f1dd40362.json",
  "name" : "Doctrinal Mastery",
  "publicTitle" : "精通教義"
}