{
  "parentCollectionID" : "10765162a2bd4fe1bc1b304cf6496d81",
  "parentCollectionPath" : "Mobile Media Library/Japanese - Images/Everyday People/Portraits of Faith",
  "collectionType" : "assets",
  "path" : "Mobile Media Library/Japanese - Images/Everyday People/Portraits of Faith/Phan Phon",
  "collectionID" : "0095347a6ce941c3a2b5f092b97a5c91",
  "language" : "jpn",
  "type" : "DEFAULT",
  "lastUpdatedDate" : "2023-09-12T14:47:48.399-06:00",
  "links" : [ {
    "rel" : "details",
    "href" : "https://titanapi.churchofjesuschrist.org/assetsearch/api/v2/collection/details/collectionID/0095347a6ce941c3a2b5f092b97a5c91"
  } ],
  "coverImages" : [ {
    "asset" : {
      "assetID" : "ae37add300ec03e75c1073ecff9cb2ac9e022bc2"
    }
  } ],
  "related" : [ ],
  "metadata" : [ {
    "key" : "collectionUri",
    "value" : "phan-phon-images",
    "language" : "jpn"
  }, {
    "key" : "publicTitle",
    "value" : "ファン・ホン",
    "language" : "jpn"
  }, {
    "key" : "orderIndex",
    "value" : "21"
  } ],
  "children" : [ ],
  "assets" : [ {
    "asset" : {
      "assetID" : "ab4a9436a30be8803d3a907a2226b53c61ab1e02"
    },
    "addedDate" : 1694552252200,
    "metadata" : [ ]
  }, {
    "asset" : {
      "assetID" : "ae37add300ec03e75c1073ecff9cb2ac9e022bc2"
    },
    "addedDate" : 1694552252206,
    "metadata" : [ ]
  }, {
    "asset" : {
      "assetID" : "a4033cfe39b7a2a3ff6fe3ae491a914db64fe6e6"
    },
    "addedDate" : 1694552252203,
    "metadata" : [ ]
  } ],
  "fileName" : "0095347a6ce941c3a2b5f092b97a5c91.json",
  "name" : "Phan Phon",
  "publicTitle" : "ファン・ホン"
}