{
  "parentCollectionID" : "b3421ef7219b4b048bf5df6b24d97417",
  "parentCollectionPath" : "Mobile Media Library/Hungarian  - Images/Church Leaders/Current Church Leaders",
  "collectionType" : "assets",
  "path" : "Mobile Media Library/Hungarian  - Images/Church Leaders/Current Church Leaders/First Presidency and Quorum of the Twelve Apostles",
  "collectionID" : "00f6372106da4a39b08a1440b292d995",
  "language" : "hun",
  "type" : "DEFAULT",
  "lastUpdatedDate" : "2024-11-01T10:33:02.881-06:00",
  "links" : [ {
    "rel" : "details",
    "href" : "https://titanapi.churchofjesuschrist.org/assetsearch/api/v2/collection/details/collectionID/00f6372106da4a39b08a1440b292d995"
  } ],
  "coverImages" : [ {
    "asset" : {
      "assetID" : "12cb1155cdaf7edbf0934dd82d540b6d73092b27"
    }
  } ],
  "related" : [ ],
  "metadata" : [ {
    "key" : "collectionUri",
    "value" : "first-presidency-and-quorum-of-the-twelve-apostles-images",
    "language" : "hun"
  }, {
    "key" : "publicTitle",
    "value" : "Az Első Elnökség és a Tizenkét Apostol Kvóruma",
    "language" : "hun"
  }, {
    "key" : "orderIndex",
    "value" : "1"
  } ],
  "children" : [ ],
  "assets" : [ {
    "asset" : {
      "assetID" : "d71364c600cf1901798e9573ed3b9e2d2a58d030"
    },
    "index" : 10,
    "addedDate" : 1719873859733,
    "metadata" : [ ]
  }, {
    "asset" : {
      "assetID" : "a67ea44e15c8baa2ee172db318027cb6fb68121a"
    },
    "index" : 4,
    "addedDate" : 1719873859726,
    "metadata" : [ ]
  }, {
    "asset" : {
      "assetID" : "a7c605ca937e8581e54d91f799a0eed842324e39"
    },
    "index" : 16,
    "addedDate" : 1719873859736,
    "metadata" : [ ]
  }, {
    "asset" : {
      "assetID" : "bae61988676659b3e7eb363be6900759e593ceab"
    },
    "index" : 3,
    "addedDate" : 1719873859713,
    "metadata" : [ ]
  }, {
    "asset" : {
      "assetID" : "e50fc4d7b541a29c00ffd5e8c5405325975af414"
    },
    "index" : 15,
    "addedDate" : 1719873859730,
    "metadata" : [ ]
  }, {
    "asset" : {
      "assetID" : "1338540dbbcfd411090e1506ddd7bfb3f94a10c9"
    },
    "index" : 7,
    "addedDate" : 1719873859726,
    "metadata" : [ ]
  }, {
    "asset" : {
      "assetID" : "d529b36bf0de36243cea937218b085bf2de07364"
    },
    "index" : 12,
    "addedDate" : 1719873859730,
    "metadata" : [ ]
  }, {
    "asset" : {
      "assetID" : "3f31bcd00fa5096fae9ecf325017c30044fec558"
    },
    "index" : 13,
    "addedDate" : 1719873859716,
    "metadata" : [ ]
  }, {
    "asset" : {
      "assetID" : "d5782df341dcde9fc9b2b5f29dd56dd7ed419690"
    },
    "index" : 5,
    "addedDate" : 1719873859723,
    "metadata" : [ ]
  }, {
    "asset" : {
      "assetID" : "febc95cd7b3783c4e9f4a3bc806104aae362baf9"
    },
    "index" : 6,
    "addedDate" : 1719873859736,
    "metadata" : [ ]
  }, {
    "asset" : {
      "assetID" : "1b7ebce1330a10266203ae87e67d6ec86f4cd7f0"
    },
    "index" : 0,
    "addedDate" : 1719873859730,
    "metadata" : [ ]
  }, {
    "asset" : {
      "assetID" : "9553a4d2e8f5950c2d187807a919ccead9001c9d"
    },
    "index" : 1,
    "addedDate" : 1719873859720,
    "metadata" : [ ]
  }, {
    "asset" : {
      "assetID" : "d13a066af6d553d0039c1e4711b916b26b7408f3"
    },
    "index" : 2,
    "addedDate" : 1719873859740,
    "metadata" : [ ]
  }, {
    "asset" : {
      "assetID" : "dae4be8b04ece95199554c0433db968c25c18dc2"
    },
    "index" : 9,
    "addedDate" : 1719873859716,
    "metadata" : [ ]
  }, {
    "asset" : {
      "assetID" : "fd0d40d7159411ecbc5aeeeeac1e477b59ed5967"
    },
    "index" : 11,
    "addedDate" : 1719873859713,
    "metadata" : [ ]
  }, {
    "asset" : {
      "assetID" : "ee8344a5cab711ee9eabeeeeac1e6526039b7d6e"
    },
    "index" : 17,
    "addedDate" : 1719873859733,
    "metadata" : [ ]
  }, {
    "asset" : {
      "assetID" : "6109d216dbd311ee8f31eeeeac1e334607f7af73"
    },
    "index" : 8,
    "addedDate" : 1719873859736,
    "metadata" : [ ]
  }, {
    "asset" : {
      "assetID" : "7i4fhij4shegknopjbrzjl6gp0c3r2sx246rcyxc"
    },
    "index" : 14,
    "addedDate" : 1730478762082,
    "metadata" : [ ]
  } ],
  "fileName" : "00f6372106da4a39b08a1440b292d995.json",
  "name" : "First Presidency and Quorum of the Twelve Apostles",
  "publicTitle" : "Az Első Elnökség és a Tizenkét Apostol Kvóruma"
}