{
  "parentCollectionID" : "28e45203fbce4c0abaeefdde4400028dbccc2308",
  "parentCollectionPath" : "Mobile Media Library/Finnish - Video/Scriptures/Book of Mormon/Book of Mormon Videos",
  "collectionType" : "collections",
  "path" : "Mobile Media Library/Finnish - Video/Scriptures/Book of Mormon/Book of Mormon Videos/Jacob 7",
  "collectionID" : "023dddd25cba45128dc0bf64be01586db48a061c",
  "language" : "fin",
  "type" : "DEFAULT",
  "lastUpdatedDate" : "2022-04-17T22:59:40.286-06:00",
  "links" : [ {
    "rel" : "details",
    "href" : "https://titanapi.churchofjesuschrist.org/assetsearch/api/v2/collection/details/collectionID/023dddd25cba45128dc0bf64be01586db48a061c"
  } ],
  "coverImages" : [ {
    "asset" : {
      "assetID" : "80b56848d8f08bce83c2b8dbb170a375a4cd92f7"
    }
  } ],
  "related" : [ ],
  "metadata" : [ {
    "key" : "collectionUri",
    "value" : "jacob-7-video-collection",
    "language" : "fin"
  }, {
    "key" : "orderIndex",
    "value" : "14"
  } ],
  "children" : [ ],
  "assets" : [ ],
  "fileName" : "023dddd25cba45128dc0bf64be01586db48a061c.json",
  "name" : "Jacob 7"
}