{
  "parentCollectionID" : "6cc322cea5634f6eba25c0db96dd7e7d512794a3",
  "parentCollectionPath" : "Mobile Media Library/Hungarian - Video/Scriptures/Book of Mormon/Book of Mormon Videos",
  "collectionType" : "collections",
  "path" : "Mobile Media Library/Hungarian - Video/Scriptures/Book of Mormon/Book of Mormon Videos/1 Nephi 7",
  "collectionID" : "02f2d21a6e7147968c1a4fc2d8dfb1416f1c3034",
  "language" : "hun",
  "type" : "DEFAULT",
  "lastUpdatedDate" : "2022-04-17T23:31:21.973-06:00",
  "links" : [ {
    "rel" : "details",
    "href" : "https://titanapi.churchofjesuschrist.org/assetsearch/api/v2/collection/details/collectionID/02f2d21a6e7147968c1a4fc2d8dfb1416f1c3034"
  } ],
  "coverImages" : [ {
    "asset" : {
      "assetID" : "3d58c05b23c329648d02fbaf70c43913dbd3e333"
    }
  } ],
  "related" : [ ],
  "metadata" : [ {
    "key" : "collectionUri",
    "value" : "1-nephi-7",
    "language" : "hun"
  }, {
    "key" : "orderIndex",
    "value" : "3"
  } ],
  "children" : [ ],
  "assets" : [ ],
  "fileName" : "02f2d21a6e7147968c1a4fc2d8dfb1416f1c3034.json",
  "name" : "1 Nephi 7"
}