{
  "parentCollectionID" : "57008b4d03f843128974d78f63f44eb07e86de81",
  "parentCollectionPath" : "Mobile Media Library/Ukrainian - Video/Life Help/Self-Reliance Services and PEF/Self-Reliance: My Foundation",
  "collectionType" : "collections",
  "path" : "Mobile Media Library/Ukrainian - Video/Life Help/Self-Reliance Services and PEF/Self-Reliance: My Foundation/Principle 07: Become One, Work Together",
  "collectionID" : "03120fc7f6824cdf831781fb3dec3fb039b3abaf",
  "language" : "ukr",
  "type" : "DEFAULT",
  "lastUpdatedDate" : "2022-07-19T12:32:29.476-06:00",
  "links" : [ {
    "rel" : "details",
    "href" : "https://titanapi.churchofjesuschrist.org/assetsearch/api/v2/collection/details/collectionID/03120fc7f6824cdf831781fb3dec3fb039b3abaf"
  } ],
  "coverImages" : [ {
    "asset" : {
      "assetID" : "91070927b804427bb52c4769cab17428e303364d"
    }
  } ],
  "related" : [ ],
  "metadata" : [ {
    "key" : "collectionUri",
    "value" : "principle-7-become-one-work-together",
    "language" : "ukr"
  } ],
  "children" : [ ],
  "assets" : [ ],
  "fileName" : "03120fc7f6824cdf831781fb3dec3fb039b3abaf.json",
  "name" : "Principle 07: Become One, Work Together"
}