{
  "parentCollectionID" : "c04c4ce71030451c8a8e36cce71aff42",
  "parentCollectionPath" : "Mobile Media Library/Ukrainian  - Images/Church Leaders/Past Church Leaders",
  "collectionType" : "assets",
  "path" : "Mobile Media Library/Ukrainian  - Images/Church Leaders/Past Church Leaders/Presidents of the Church of Jesus Christ of Latter-day Saints",
  "collectionID" : "03ee27b20bb44b26a4e5d3a3b9beba38",
  "language" : "ukr",
  "type" : "DEFAULT",
  "lastUpdatedDate" : "2023-10-14T15:41:35.544-06:00",
  "links" : [ {
    "rel" : "details",
    "href" : "https://titanapi.churchofjesuschrist.org/assetsearch/api/v2/collection/details/collectionID/03ee27b20bb44b26a4e5d3a3b9beba38"
  } ],
  "coverImages" : [ {
    "asset" : {
      "assetID" : "3a855d808c714b90db0f9fe7719de5c1d7f92c72"
    }
  } ],
  "related" : [ ],
  "metadata" : [ {
    "key" : "orderIndex",
    "value" : "2"
  }, {
    "key" : "collectionUri",
    "value" : "presidents-of-the-church-of-jesus-christ-of-latter-day-saints-images",
    "language" : "ukr"
  }, {
    "key" : "publicTitle",
    "value" : "Президенти Церкви Ісуса Христа Святих Останніх Днів",
    "language" : "ukr"
  } ],
  "children" : [ ],
  "assets" : [ {
    "asset" : {
      "assetID" : "e91db3971dce6f6a3eaf2be19499d7200720c8d6"
    },
    "addedDate" : 1697320454333,
    "metadata" : [ ]
  }, {
    "asset" : {
      "assetID" : "3a855d808c714b90db0f9fe7719de5c1d7f92c72"
    },
    "addedDate" : 1697320454346,
    "metadata" : [ ]
  }, {
    "asset" : {
      "assetID" : "815b824ddb2bea9e2b11ad17c33340d0480be2ce"
    },
    "addedDate" : 1697320454340,
    "metadata" : [ ]
  }, {
    "asset" : {
      "assetID" : "39a5f874a7c823523fc149a04c5a4cb01ab0b42e"
    },
    "addedDate" : 1697320454350,
    "metadata" : [ ]
  }, {
    "asset" : {
      "assetID" : "cb940d396b82fe7e2591f8e8b4216703a94557f7"
    },
    "addedDate" : 1697320454356,
    "metadata" : [ ]
  }, {
    "asset" : {
      "assetID" : "9eb4f6de045d486665bb8aeb0e4e3bb4cdb822ab"
    },
    "addedDate" : 1697320454350,
    "metadata" : [ ]
  }, {
    "asset" : {
      "assetID" : "60fb328666a8227375d4644f23b21e6f91b45297"
    },
    "addedDate" : 1697320454353,
    "metadata" : [ ]
  }, {
    "asset" : {
      "assetID" : "9701f70857efeb5312f6085e737d15d4336b3c3f"
    },
    "addedDate" : 1697320454360,
    "metadata" : [ ]
  }, {
    "asset" : {
      "assetID" : "acfd585c5534c7b7f99797441f997573f38693ac"
    },
    "addedDate" : 1697320454356,
    "metadata" : [ ]
  }, {
    "asset" : {
      "assetID" : "782631e062d8988f869402aad8fa78779c8569c2"
    },
    "addedDate" : 1697320454330,
    "metadata" : [ ]
  }, {
    "asset" : {
      "assetID" : "7baa22e5a5f32ca253243f297ee74d6c31ef3486"
    },
    "addedDate" : 1697320454336,
    "metadata" : [ ]
  }, {
    "asset" : {
      "assetID" : "10e33a37cd14ef5116271610e1f64973afd15442"
    },
    "addedDate" : 1697320454343,
    "metadata" : [ ]
  }, {
    "asset" : {
      "assetID" : "0eee4f78d65f3675548a85a271d2ca4fd5ba289b"
    },
    "addedDate" : 1697320454346,
    "metadata" : [ ]
  }, {
    "asset" : {
      "assetID" : "a8fb36a2c0e2df20d9dd7f65c80e63b31bac8f94"
    },
    "addedDate" : 1697320454360,
    "metadata" : [ ]
  }, {
    "asset" : {
      "assetID" : "dfa5beb7316f8b9d566721e05c8f91cbc1918229"
    },
    "addedDate" : 1697320454340,
    "metadata" : [ ]
  }, {
    "asset" : {
      "assetID" : "cc949e8157d44deacbd347028a44d5f1abd5b58f"
    },
    "addedDate" : 1697320454340,
    "metadata" : [ ]
  } ],
  "fileName" : "03ee27b20bb44b26a4e5d3a3b9beba38.json",
  "name" : "Presidents of the Church of Jesus Christ of Latter-day Saints",
  "publicTitle" : "Президенти Церкви Ісуса Христа Святих Останніх Днів"
}