{
  "parentCollectionID" : "c0da8f84d1704cbfb29445533794d452",
  "parentCollectionPath" : "Mobile Media Library/English - Images/Primary/Coloring Pages",
  "collectionType" : "assets",
  "path" : "Mobile Media Library/English - Images/Primary/Coloring Pages/Scripture Stories Coloring Book: Book of Mormon",
  "collectionID" : "0457b33b95ae4e4f9ef3059050dba653",
  "language" : "eng",
  "type" : "DEFAULT",
  "lastUpdatedDate" : "2024-08-16T09:54:55.350-06:00",
  "links" : [ {
    "rel" : "details",
    "href" : "https://titanapi.churchofjesuschrist.org/assetsearch/api/v2/collection/details/collectionID/0457b33b95ae4e4f9ef3059050dba653"
  } ],
  "coverImages" : [ {
    "asset" : {
      "assetID" : "486957ee077846260a1f15810480d317deee619a"
    }
  } ],
  "related" : [ ],
  "metadata" : [ {
    "key" : "orderIndex",
    "value" : "4"
  }, {
    "key" : "collectionUri",
    "value" : "scripture-stories-coloring-book-book-of-mormon-images",
    "language" : "eng"
  }, {
    "key" : "publicTitle",
    "value" : "Scripture Stories Coloring Book: Book of Mormon",
    "language" : "eng"
  } ],
  "children" : [ ],
  "assets" : [ {
    "asset" : {
      "assetID" : "c8831564eb2dd059efeb0ba853179ce19596a47a"
    },
    "index" : 0,
    "addedDate" : 1577399496966,
    "metadata" : [ ]
  }, {
    "asset" : {
      "assetID" : "842c343a7dc5151051980be53392d605c0618117"
    },
    "index" : 5,
    "addedDate" : 1577399578913,
    "metadata" : [ ]
  }, {
    "asset" : {
      "assetID" : "eaa0462d4cb892da954564ee53b9c9139af7a5b8"
    },
    "index" : 3,
    "addedDate" : 1577399523265,
    "metadata" : [ ]
  }, {
    "asset" : {
      "assetID" : "486957ee077846260a1f15810480d317deee619a"
    },
    "index" : 15,
    "addedDate" : 1577399710425,
    "metadata" : [ ]
  }, {
    "asset" : {
      "assetID" : "6af73dbc89463f7186e06e369abdfa183d416509"
    },
    "index" : 21,
    "addedDate" : 1577399781221,
    "metadata" : [ ]
  }, {
    "asset" : {
      "assetID" : "1ebcf9b03bcbe46c0db92984418f8c757959ad51"
    },
    "index" : 10,
    "addedDate" : 1577399667350,
    "metadata" : [ ]
  }, {
    "asset" : {
      "assetID" : "65cbda26ce1f65d0b84c56541d8a8970e23a39df"
    },
    "index" : 12,
    "addedDate" : 1577399686238,
    "metadata" : [ ]
  }, {
    "asset" : {
      "assetID" : "2ad66fb4e763d3d563c370035ac8f351e31fc1e8"
    },
    "index" : 11,
    "addedDate" : 1577399675559,
    "metadata" : [ ]
  }, {
    "asset" : {
      "assetID" : "38be773baa2779e7acc92ffb2741cbaab16c224d"
    },
    "index" : 27,
    "addedDate" : 1577400095855,
    "metadata" : [ ]
  }, {
    "asset" : {
      "assetID" : "aff0bb0e7effe6d3e7f554428ad86e6ab9887539"
    },
    "index" : 16,
    "addedDate" : 1577399722730,
    "metadata" : [ ]
  }, {
    "asset" : {
      "assetID" : "bc27ba3fab1d266433978a03cfd7cd8504b652dc"
    },
    "index" : 14,
    "addedDate" : 1577399701557,
    "metadata" : [ ]
  }, {
    "asset" : {
      "assetID" : "999499d3b6a61db3b9ec3a89425633bd69c217e2"
    },
    "index" : 8,
    "addedDate" : 1577399603355,
    "metadata" : [ ]
  }, {
    "asset" : {
      "assetID" : "55270654836183e01eebeb3b5973b781b97986db"
    },
    "index" : 13,
    "addedDate" : 1577399693826,
    "metadata" : [ ]
  }, {
    "asset" : {
      "assetID" : "c3e74b5ee2729ebd604e1d6b26057a450ca23be4"
    },
    "index" : 31,
    "addedDate" : 1577400132142,
    "metadata" : [ ]
  }, {
    "asset" : {
      "assetID" : "00bc63762517aaaa0ca8fd49fc481e81f212ae19"
    },
    "index" : 9,
    "addedDate" : 1577399636822,
    "metadata" : [ ]
  }, {
    "asset" : {
      "assetID" : "c2e2fa93b5c793999bcc23155c5b05a4f16a4bc5"
    },
    "index" : 28,
    "addedDate" : 1577400106743,
    "metadata" : [ ]
  }, {
    "asset" : {
      "assetID" : "b0a1cf22e1f81a39f11ff0ce82b9ce01fcbf3862"
    },
    "index" : 30,
    "addedDate" : 1577400124009,
    "metadata" : [ ]
  }, {
    "asset" : {
      "assetID" : "f4fbeb23e99983719161a3b0be3060c49fba96ac"
    },
    "index" : 29,
    "addedDate" : 1577400115237,
    "metadata" : [ ]
  }, {
    "asset" : {
      "assetID" : "bd969e74275b5af39f22cc41e37ad5a5a8a6afb8"
    },
    "index" : 6,
    "addedDate" : 1577399586730,
    "metadata" : [ ]
  }, {
    "asset" : {
      "assetID" : "4cb698339a01415329e8d39b3f17a2b3810e4685"
    },
    "index" : 24,
    "addedDate" : 1577400065756,
    "metadata" : [ ]
  }, {
    "asset" : {
      "assetID" : "23c6c88f64907a46de7129a8416250e63343b185"
    },
    "index" : 23,
    "addedDate" : 1577399798340,
    "metadata" : [ ]
  }, {
    "asset" : {
      "assetID" : "588a90d8a67086383934cac66d031cbd5c8ce3ad"
    },
    "index" : 18,
    "addedDate" : 1577399748539,
    "metadata" : [ ]
  }, {
    "asset" : {
      "assetID" : "dc39994a0cb2f0f070eb8246b7795d9b36958e67"
    },
    "index" : 1,
    "addedDate" : 1577399505064,
    "metadata" : [ ]
  }, {
    "asset" : {
      "assetID" : "7b04926f37837b3e57c03c50b791b7a089b7a9e0"
    },
    "index" : 4,
    "addedDate" : 1577399570616,
    "metadata" : [ ]
  }, {
    "asset" : {
      "assetID" : "f1e38c86f96c37a4e7271f46a88af66c20e116f5"
    },
    "index" : 25,
    "addedDate" : 1577400075839,
    "metadata" : [ ]
  }, {
    "asset" : {
      "assetID" : "004d64179632526ff49137428ea93408688327a0"
    },
    "index" : 22,
    "addedDate" : 1577399789250,
    "metadata" : [ ]
  }, {
    "asset" : {
      "assetID" : "b9aa66a9484186d7cf55d822d217aeafe298c08e"
    },
    "index" : 2,
    "addedDate" : 1577399512613,
    "metadata" : [ ]
  }, {
    "asset" : {
      "assetID" : "e0bd96072762c6dd594ad9102c9769844aff922e"
    },
    "index" : 20,
    "addedDate" : 1577399767888,
    "metadata" : [ ]
  }, {
    "asset" : {
      "assetID" : "3397ab84ff2b79270e8062f826938c3d42ac1189"
    },
    "index" : 7,
    "addedDate" : 1577399594993,
    "metadata" : [ ]
  }, {
    "asset" : {
      "assetID" : "f166bed60d33edcc71fedcb4f0e95310f27b4cbf"
    },
    "index" : 19,
    "addedDate" : 1577399757885,
    "metadata" : [ ]
  }, {
    "asset" : {
      "assetID" : "87647e370d1040a2748438824f1da55d68a3cdec"
    },
    "index" : 26,
    "addedDate" : 1577400084602,
    "metadata" : [ ]
  }, {
    "asset" : {
      "assetID" : "56ca10496cee81e247eb7bfdb97cd906f0f91354"
    },
    "index" : 17,
    "addedDate" : 1577399737186,
    "metadata" : [ ]
  } ],
  "fileName" : "0457b33b95ae4e4f9ef3059050dba653.json",
  "name" : "Scripture Stories Coloring Book: Book of Mormon",
  "publicTitle" : "Scripture Stories Coloring Book: Book of Mormon"
}