{
  "parentCollectionID" : "6d3cf9a06d724412b3dea40f7188da540a762e31",
  "parentCollectionPath" : "Mobile Media Library/Tongan - Video/Teaching and Lessons/Seminary and Institute/Online Seminary/D&C Online Seminary Reference",
  "collectionType" : "assets",
  "path" : "Mobile Media Library/Tongan - Video/Teaching and Lessons/Seminary and Institute/Online Seminary/D&C Online Seminary Reference/Unit 26 (D&C)",
  "collectionID" : "04e53a9048e645a19d43ebc0186a21ec6c8d4633",
  "language" : "ton",
  "type" : "DEFAULT",
  "lastUpdatedDate" : "2022-04-18T00:56:46.063-06:00",
  "links" : [ {
    "rel" : "details",
    "href" : "https://titanapi.churchofjesuschrist.org/assetsearch/api/v2/collection/details/collectionID/04e53a9048e645a19d43ebc0186a21ec6c8d4633"
  } ],
  "coverImages" : [ {
    "asset" : {
      "assetID" : "575ae0468e4da8d196ae12988347871e18bd55d8"
    }
  } ],
  "related" : [ ],
  "metadata" : [ {
    "key" : "collectionUri",
    "value" : "unit-26-dc",
    "language" : "ton"
  }, {
    "key" : "orderIndex",
    "value" : "1"
  } ],
  "children" : [ ],
  "assets" : [ {
    "asset" : {
      "assetID" : "2013-02-0340-first-presidency-message-the-priesthood-is-a-gift-ton"
    },
    "index" : 0,
    "addedDate" : 1650265216903,
    "metadata" : [ ]
  } ],
  "fileName" : "04e53a9048e645a19d43ebc0186a21ec6c8d4633.json",
  "name" : "Unit 26 (D&C)"
}