{
  "parentCollectionID" : "8e1007d4e1954b7f970438edd1a2b48abd6d408b",
  "parentCollectionPath" : "Mobile Media Library/Indonesian - Video/Life Help/Self-Reliance Services and PEF/Self-Reliance: My Foundation",
  "collectionType" : "collections",
  "path" : "Mobile Media Library/Indonesian - Video/Life Help/Self-Reliance Services and PEF/Self-Reliance: My Foundation/Self-Reliance is a Principle of Salvation",
  "collectionID" : "057fc3126fec4ad091d4d8505d3c817738215190",
  "language" : "ind",
  "type" : "DEFAULT",
  "lastUpdatedDate" : "2022-11-02T07:34:53.996-06:00",
  "links" : [ {
    "rel" : "details",
    "href" : "https://titanapi.churchofjesuschrist.org/assetsearch/api/v2/collection/details/collectionID/057fc3126fec4ad091d4d8505d3c817738215190"
  } ],
  "coverImages" : [ {
    "asset" : {
      "assetID" : "70517d0a5aa3c16a20289e108d085d99b8272cda"
    }
  } ],
  "related" : [ ],
  "metadata" : [ {
    "key" : "collectionUri",
    "value" : "self-reliance-is-a-principle-of-salvation",
    "language" : "ind"
  } ],
  "children" : [ ],
  "assets" : [ ],
  "fileName" : "057fc3126fec4ad091d4d8505d3c817738215190.json",
  "name" : "Self-Reliance is a Principle of Salvation"
}