{
  "parentCollectionID" : "73f270b150754f46bcb42fc874e8959d3ca7f4d1",
  "parentCollectionPath" : "Mobile Media Library/German - Video/Life Help/Self-Reliance Services and PEF/Find a Better Job",
  "collectionType" : "collections",
  "path" : "Mobile Media Library/German - Video/Life Help/Self-Reliance Services and PEF/Find a Better Job/Chapter 02: Networking",
  "collectionID" : "059ccf33279a49c29a9102d31a919f7ad7ea7378",
  "language" : "deu",
  "type" : "DEFAULT",
  "lastUpdatedDate" : "2022-08-04T12:40:12.499-06:00",
  "links" : [ {
    "rel" : "details",
    "href" : "https://titanapi.churchofjesuschrist.org/assetsearch/api/v2/collection/details/collectionID/059ccf33279a49c29a9102d31a919f7ad7ea7378"
  } ],
  "coverImages" : [ {
    "asset" : {
      "assetID" : "bdaf9bd72676e77210e2aa161ed7474a6ee2181d"
    }
  } ],
  "related" : [ ],
  "metadata" : [ {
    "key" : "collectionUri",
    "value" : "chapter-02-networking",
    "language" : "deu"
  } ],
  "children" : [ ],
  "assets" : [ ],
  "fileName" : "059ccf33279a49c29a9102d31a919f7ad7ea7378.json",
  "name" : "Chapter 02: Networking"
}