{
  "parentCollectionID" : "d6c17e5d3ebd49fa9f2bf15499343296",
  "parentCollectionPath" : "Mobile Media Library/German - Video/Topics",
  "collectionType" : "assets",
  "path" : "Mobile Media Library/German - Video/Topics/Tithes and Offerings",
  "collectionID" : "066ace05e09c4d3bafc7a4d8b0c2848d",
  "language" : "deu",
  "type" : "DEFAULT",
  "lastUpdatedDate" : "2023-06-07T12:32:22.266-06:00",
  "links" : [ {
    "rel" : "details",
    "href" : "https://titanapi.churchofjesuschrist.org/assetsearch/api/v2/collection/details/collectionID/066ace05e09c4d3bafc7a4d8b0c2848d"
  } ],
  "coverImages" : [ {
    "asset" : {
      "assetID" : "5836436debfcefe5353f2b2b23aa23ec78426593"
    }
  } ],
  "related" : [ ],
  "metadata" : [ {
    "key" : "orderIndex",
    "value" : "34"
  }, {
    "key" : "collectionUri",
    "value" : "tithes-and-offerings-topic",
    "language" : "deu"
  }, {
    "key" : "publicTitle",
    "value" : "Zehnter und Opfergaben",
    "language" : "deu"
  } ],
  "children" : [ ],
  "assets" : [ {
    "asset" : {
      "assetID" : "3c8bcd9fd4b9c4053298287c66f07e071dbf1aeb"
    },
    "index" : 0,
    "addedDate" : 1633235890449,
    "metadata" : [ ]
  } ],
  "fileName" : "066ace05e09c4d3bafc7a4d8b0c2848d.json",
  "name" : "Tithes and Offerings",
  "publicTitle" : "Zehnter und Opfergaben"
}