{
  "parentCollectionID" : "ec3e77f93b394a939a5cc3836994c86730a7e321",
  "parentCollectionPath" : "Mobile Media Library/Danish - Video/Topics",
  "collectionType" : "assets",
  "path" : "Mobile Media Library/Danish - Video/Topics/Temples",
  "collectionID" : "06d7e5aa4e7f460182eb8ccca1b3c24a3573bd28",
  "language" : "dan",
  "type" : "DEFAULT",
  "lastUpdatedDate" : "2023-05-24T16:20:37.508-06:00",
  "links" : [ {
    "rel" : "details",
    "href" : "https://titanapi.churchofjesuschrist.org/assetsearch/api/v2/collection/details/collectionID/06d7e5aa4e7f460182eb8ccca1b3c24a3573bd28"
  } ],
  "coverImages" : [ {
    "asset" : {
      "assetID" : "445c86028ba608c093b84309f592cf80ca6866ac"
    }
  } ],
  "related" : [ ],
  "metadata" : [ {
    "key" : "orderIndex",
    "value" : "32"
  }, {
    "key" : "collectionUri",
    "value" : "temples-topic",
    "language" : "dan"
  }, {
    "key" : "publicTitle",
    "value" : "Templer",
    "language" : "dan"
  } ],
  "children" : [ ],
  "assets" : [ {
    "asset" : {
      "assetID" : "e15746cc01be174ae55c6e0d99d0baff53769e19"
    },
    "index" : 3,
    "addedDate" : 1648847570090,
    "metadata" : [ ]
  }, {
    "asset" : {
      "assetID" : "c4b0162620ac11ecb34aeeeeac1e8d8a92ac8755"
    },
    "index" : 2,
    "addedDate" : 1648847570090,
    "metadata" : [ ]
  } ],
  "fileName" : "06d7e5aa4e7f460182eb8ccca1b3c24a3573bd28.json",
  "name" : "Temples",
  "publicTitle" : "Templer"
}