{
  "parentCollectionID" : "c56fdcab47154c288da4365275f641533aed2e8b",
  "parentCollectionPath" : "Mobile Media Library/Mandarin Traditional - Video/Broadcasts/General Conference",
  "collectionType" : "assets",
  "path" : "Mobile Media Library/Mandarin Traditional - Video/Broadcasts/General Conference/April 2023",
  "collectionID" : "07544d0d00544920b1ac159aa3393eb4",
  "language" : "zho",
  "type" : "DEFAULT",
  "lastUpdatedDate" : "2024-09-25T13:48:41.631-06:00",
  "links" : [ {
    "rel" : "details",
    "href" : "https://titanapi.churchofjesuschrist.org/assetsearch/api/v2/collection/details/collectionID/07544d0d00544920b1ac159aa3393eb4"
  } ],
  "coverImages" : [ {
    "asset" : {
      "assetID" : "1150782d729e7d9a924a54a8a55bafa9980448fa"
    }
  } ],
  "related" : [ ],
  "metadata" : [ {
    "key" : "orderIndex",
    "value" : "4"
  }, {
    "key" : "channel",
    "value" : "mobile",
    "language" : "zho"
  }, {
    "key" : "collectionUri",
    "value" : "april-2023-general-conference",
    "language" : "eng"
  }, {
    "key" : "collectionUri",
    "value" : "april-2023-general-conference",
    "language" : "zho"
  }, {
    "key" : "publicTitle",
    "value" : "2022年4月",
    "language" : "eng"
  }, {
    "key" : "publicTitle",
    "value" : "2023年4月",
    "language" : "zho"
  } ],
  "children" : [ ],
  "assets" : [ {
    "asset" : {
      "assetID" : "b254e0a6d0ad11edb940eeeeac1e18a138ea4870"
    },
    "index" : 1,
    "addedDate" : 1681752402860,
    "metadata" : [ ]
  }, {
    "asset" : {
      "assetID" : "75db67b8d0b311edb638eeeeac1e30b0326e7818"
    },
    "index" : 2,
    "addedDate" : 1681752402939,
    "metadata" : [ ]
  }, {
    "asset" : {
      "assetID" : "ed4782c7d0b811ed9265eeeeac1ec645bae7f559"
    },
    "index" : 3,
    "addedDate" : 1681752403024,
    "metadata" : [ ]
  }, {
    "asset" : {
      "assetID" : "52c6b79cd0bb11ed9763eeeeac1ed33e3f02c184"
    },
    "index" : 5,
    "addedDate" : 1681752403184,
    "metadata" : [ ]
  }, {
    "asset" : {
      "assetID" : "bbabe8e0d0bf11ed987beeeeac1e475217f33963"
    },
    "index" : 6,
    "addedDate" : 1681752403264,
    "metadata" : [ ]
  }, {
    "asset" : {
      "assetID" : "848c1852d0c211ed9ecaeeeeac1eb666ae461eb3"
    },
    "index" : 7,
    "addedDate" : 1681752403344,
    "metadata" : [ ]
  }, {
    "asset" : {
      "assetID" : "6e67e8aad0cd11ed87d2eeeeac1eaa5b1c88ca51"
    },
    "index" : 4,
    "addedDate" : 1681752403107,
    "metadata" : [ ]
  }, {
    "asset" : {
      "assetID" : "6323a9f1d0d011ed9ecaeeeeac1eb666ff16d19a"
    },
    "index" : 9,
    "addedDate" : 1681765227231,
    "metadata" : [ ]
  }, {
    "asset" : {
      "assetID" : "b42f0d3fd0d411edadaeeeeeac1eabe189fb3bad"
    },
    "index" : 0,
    "addedDate" : 1681752402654,
    "metadata" : [ ]
  }, {
    "asset" : {
      "assetID" : "4481d9d2d0d711ed9692eeeeac1eee2f0b11806a"
    },
    "index" : 11,
    "addedDate" : 1681765227499,
    "metadata" : [ ]
  }, {
    "asset" : {
      "assetID" : "44e57d9bd0d711edb415eeeeac1e9a59d964496c"
    },
    "index" : 10,
    "addedDate" : 1681765227344,
    "metadata" : [ ]
  }, {
    "asset" : {
      "assetID" : "27c1f7b9d0d811edb5aeeeeeac1e8d15d1d0b362"
    },
    "index" : 14,
    "addedDate" : 1681765227841,
    "metadata" : [ ]
  }, {
    "asset" : {
      "assetID" : "3a750cd1d0de11edb940eeeeac1e18a132e62296"
    },
    "index" : 12,
    "addedDate" : 1681765227614,
    "metadata" : [ ]
  }, {
    "asset" : {
      "assetID" : "00ae9829d0df11edbe8deeeeac1e5b7a73fd34c2"
    },
    "index" : 15,
    "addedDate" : 1681765227952,
    "metadata" : [ ]
  }, {
    "asset" : {
      "assetID" : "ca6f005cd0df11ed8022eeeeac1e91177b8eb39d"
    },
    "index" : 17,
    "addedDate" : 1681765228179,
    "metadata" : [ ]
  }, {
    "asset" : {
      "assetID" : "a12e7251d0e411ed9cd2eeeeac1e8cefcbd211dc"
    },
    "index" : 13,
    "addedDate" : 1681765227726,
    "metadata" : [ ]
  }, {
    "asset" : {
      "assetID" : "c0899be8d0e711ed9997eeeeac1e63b736b96058"
    },
    "index" : 16,
    "addedDate" : 1681765228065,
    "metadata" : [ ]
  }, {
    "asset" : {
      "assetID" : "dd7c3ae3d0f311ed91d5eeeeac1ec6488dea1374"
    },
    "index" : 19,
    "addedDate" : 1681765228404,
    "metadata" : [ ]
  }, {
    "asset" : {
      "assetID" : "cb336a4fd0f611ed8a7feeeeac1ec1393f985ffc"
    },
    "index" : 21,
    "addedDate" : 1681765228622,
    "metadata" : [ ]
  }, {
    "asset" : {
      "assetID" : "673c7bcbd0f711edb6deeeeeac1eaa59ffafd8eb"
    },
    "index" : 20,
    "addedDate" : 1681765228512,
    "metadata" : [ ]
  }, {
    "asset" : {
      "assetID" : "00381446d0fa11eda9f0eeeeac1eabce9ba85e67"
    },
    "index" : 8,
    "addedDate" : 1681765226970,
    "metadata" : [ ]
  }, {
    "asset" : {
      "assetID" : "bfba918fd0fa11ed9cd2eeeeac1e8cefed93d528"
    },
    "index" : 18,
    "addedDate" : 1681765228293,
    "metadata" : [ ]
  }, {
    "asset" : {
      "assetID" : "5187451dd10311edb8b4eeeeac1e6ad58e433ef2"
    },
    "index" : 22,
    "addedDate" : 1681765749282,
    "metadata" : [ ]
  }, {
    "asset" : {
      "assetID" : "9b134c63d17711eda7edeeeeac1e5443ff4d78df"
    },
    "index" : 23,
    "addedDate" : 1681765749653,
    "metadata" : [ ]
  }, {
    "asset" : {
      "assetID" : "71788d6ad17811eda4e6eeeeac1e02a8d1913f4a"
    },
    "index" : 24,
    "addedDate" : 1681765749766,
    "metadata" : [ ]
  }, {
    "asset" : {
      "assetID" : "d115c520d17f11edbdc4eeeeac1ec39f819b8aae"
    },
    "index" : 27,
    "addedDate" : 1681765750102,
    "metadata" : [ ]
  }, {
    "asset" : {
      "assetID" : "74e4a033d18111ed8b20eeeeac1e5b790f525f8c"
    },
    "index" : 26,
    "addedDate" : 1681765749989,
    "metadata" : [ ]
  }, {
    "asset" : {
      "assetID" : "3e65bfffd18311edb7feeeeeac1eee9e7aca7b98"
    },
    "index" : 25,
    "addedDate" : 1681765749876,
    "metadata" : [ ]
  }, {
    "asset" : {
      "assetID" : "6c35b584d18811edbdc4eeeeac1ec39f48f199e8"
    },
    "index" : 29,
    "addedDate" : 1681765750331,
    "metadata" : [ ]
  }, {
    "asset" : {
      "assetID" : "2683f415d18911edbdc4eeeeac1ec39f32e985e3"
    },
    "index" : 39,
    "addedDate" : 1681766039969,
    "metadata" : [ ]
  }, {
    "asset" : {
      "assetID" : "32e035b4d18a11ed8cfbeeeeac1e7dce0ab5cb2f"
    },
    "index" : 28,
    "addedDate" : 1681765750218,
    "metadata" : [ ]
  }, {
    "asset" : {
      "assetID" : "99e7e188d19b11ed8283eeeeac1e8d03d5b7fa67"
    },
    "index" : 32,
    "addedDate" : 1681765750668,
    "metadata" : [ ]
  }, {
    "asset" : {
      "assetID" : "678e19fad19d11ed8214eeeeac1e9c198b31e59c"
    },
    "index" : 33,
    "addedDate" : 1681765750779,
    "metadata" : [ ]
  }, {
    "asset" : {
      "assetID" : "24fef54dd19e11edad35eeeeac1e38d2ea54ee16"
    },
    "index" : 31,
    "addedDate" : 1681765750556,
    "metadata" : [ ]
  }, {
    "asset" : {
      "assetID" : "c99103e0d1a011ed99d7eeeeac1ec8b4d9575339"
    },
    "index" : 34,
    "addedDate" : 1681765750895,
    "metadata" : [ ]
  }, {
    "asset" : {
      "assetID" : "deb7f16bd1a111edb862eeeeac1e710387ab37fd"
    },
    "index" : 36,
    "addedDate" : 1681765751324,
    "metadata" : [ ]
  }, {
    "asset" : {
      "assetID" : "8f1be680d1a611ed9ae2eeeeac1e35f2e6e065da"
    },
    "index" : 37,
    "addedDate" : 1681765751430,
    "metadata" : [ ]
  }, {
    "asset" : {
      "assetID" : "1ba5e094d1a811ed9997eeeeac1e63b7c5344bf3"
    },
    "index" : 35,
    "addedDate" : 1681765751018,
    "metadata" : [ ]
  }, {
    "asset" : {
      "assetID" : "141ac42ad1a911edb7feeeeeac1eee9e5f900c6e"
    },
    "index" : 30,
    "addedDate" : 1681765750440,
    "metadata" : [ ]
  }, {
    "asset" : {
      "assetID" : "3f7aaa23d1b611ed9faaeeeeac1eb66d13afcd18"
    },
    "index" : 38,
    "addedDate" : 1681765751529,
    "metadata" : [ ]
  } ],
  "fileName" : "07544d0d00544920b1ac159aa3393eb4.json",
  "name" : "April 2023",
  "publicTitle" : "2022年4月"
}