{
  "parentCollectionID" : "9a30088d96864244a8b6066337e7af394d238693",
  "parentCollectionPath" : "Mobile Media Library/Italian - Video/Broadcasts/General Conference",
  "collectionType" : "assets",
  "path" : "Mobile Media Library/Italian - Video/Broadcasts/General Conference/October 2019",
  "collectionID" : "07d6fd35b1f34a7498861e6875409607bd1962b3",
  "language" : "ita",
  "type" : "DEFAULT",
  "lastUpdatedDate" : "2024-07-22T14:00:02.158-06:00",
  "links" : [ {
    "rel" : "details",
    "href" : "https://titanapi.churchofjesuschrist.org/assetsearch/api/v2/collection/details/collectionID/07d6fd35b1f34a7498861e6875409607bd1962b3"
  } ],
  "coverImages" : [ {
    "asset" : {
      "assetID" : "e31c237a2831ff0f8db4db713e9eb4a7eebe399a"
    }
  } ],
  "related" : [ ],
  "metadata" : [ {
    "key" : "orderIndex",
    "value" : "11"
  }, {
    "key" : "channel",
    "value" : "mobile",
    "language" : "ita"
  }, {
    "key" : "collectionUri",
    "value" : "october-2019-general-conference",
    "language" : "ita"
  }, {
    "key" : "publicTitle",
    "value" : "Ottobre 2019",
    "language" : "ita"
  } ],
  "children" : [ ],
  "assets" : [ {
    "asset" : {
      "assetID" : "EBD5F3ECFD9B2A360453DD60801B9BDFCEF1E5F6"
    },
    "index" : 1,
    "addedDate" : 1648828538026,
    "metadata" : [ ]
  }, {
    "asset" : {
      "assetID" : "3ED1D57E2AFD57A8B031A2E5DD17178DDC43ACFD"
    },
    "index" : 2,
    "addedDate" : 1648828538026,
    "metadata" : [ ]
  }, {
    "asset" : {
      "assetID" : "108061FE3024D0F35B2C260A3B75C7E3DB3C42F3"
    },
    "index" : 3,
    "addedDate" : 1648828538026,
    "metadata" : [ ]
  }, {
    "asset" : {
      "assetID" : "D87F85B1F0BE9DF2A0587CA3F2580B399481BA6B"
    },
    "index" : 4,
    "addedDate" : 1648828538026,
    "metadata" : [ ]
  }, {
    "asset" : {
      "assetID" : "EA2DD6CAD4EB9579D77CD2CA67F846B7C2EAB2BE"
    },
    "index" : 5,
    "addedDate" : 1648828538026,
    "metadata" : [ ]
  }, {
    "asset" : {
      "assetID" : "186EE4C6B7D2F4DBA54E6CAF09B6676B93AAB792"
    },
    "index" : 6,
    "addedDate" : 1648828538026,
    "metadata" : [ ]
  }, {
    "asset" : {
      "assetID" : "B8B9AA99A0F6E2B2DFA87CFD4092C446802911B8"
    },
    "index" : 7,
    "addedDate" : 1648828538026,
    "metadata" : [ ]
  }, {
    "asset" : {
      "assetID" : "C17816674E5B65279746343AC141E70B2DD431C9"
    },
    "index" : 39,
    "addedDate" : 1648828538026,
    "metadata" : [ ]
  }, {
    "asset" : {
      "assetID" : "1BCB5B11E85CBCDBB4467A8E3F7DE4C77CDD0EEC"
    },
    "index" : 24,
    "addedDate" : 1648828538026,
    "metadata" : [ ]
  }, {
    "asset" : {
      "assetID" : "A3D749A9BE961F76748BE8CE5DE911A5805D9C7C"
    },
    "index" : 10,
    "addedDate" : 1648828538026,
    "metadata" : [ ]
  }, {
    "asset" : {
      "assetID" : "F87A58DCA139D4F48716AD29359692766BF49807"
    },
    "index" : 25,
    "addedDate" : 1648828538026,
    "metadata" : [ ]
  }, {
    "asset" : {
      "assetID" : "4B4CE14C6141D2C11472E5B835F2EFF1A7832911"
    },
    "index" : 11,
    "addedDate" : 1648828538026,
    "metadata" : [ ]
  }, {
    "asset" : {
      "assetID" : "2C4BEB015EAA1F42195D4143935668B2F28470A0"
    },
    "index" : 26,
    "addedDate" : 1648828538026,
    "metadata" : [ ]
  }, {
    "asset" : {
      "assetID" : "1F87C18C20A06492537909C8493EF4349F3B4399"
    },
    "index" : 12,
    "addedDate" : 1648828538026,
    "metadata" : [ ]
  }, {
    "asset" : {
      "assetID" : "A3401B38276E7ACC94205752F599E12774424337"
    },
    "index" : 27,
    "addedDate" : 1648828538026,
    "metadata" : [ ]
  }, {
    "asset" : {
      "assetID" : "9D6B1305D844637097109C5DBF3DC3CF2E4657C5"
    },
    "index" : 13,
    "addedDate" : 1648828538026,
    "metadata" : [ ]
  }, {
    "asset" : {
      "assetID" : "53D60C539144E33AA818BB83C59F3AFC8CCCD38C"
    },
    "index" : 28,
    "addedDate" : 1648828538026,
    "metadata" : [ ]
  }, {
    "asset" : {
      "assetID" : "2D6A0BEA94B352F2A34368C0ABA341A9AB49F1C1"
    },
    "index" : 0,
    "addedDate" : 1648828538026,
    "metadata" : [ ]
  }, {
    "asset" : {
      "assetID" : "ECAE556F778EDEE7628D327561681F30FA544F75"
    },
    "index" : 14,
    "addedDate" : 1648828538026,
    "metadata" : [ ]
  }, {
    "asset" : {
      "assetID" : "DA728A75EDE82FF655BBF8AAFD1F3CE6A4943D36"
    },
    "index" : 29,
    "addedDate" : 1648828538026,
    "metadata" : [ ]
  }, {
    "asset" : {
      "assetID" : "3888CAB259BF8CCF254EB4F38DF5BFA84FFC20B2"
    },
    "index" : 15,
    "addedDate" : 1648828538026,
    "metadata" : [ ]
  }, {
    "asset" : {
      "assetID" : "0DAAEFB573B455F24FF97DE83C247B29BC775162"
    },
    "index" : 30,
    "addedDate" : 1648828538026,
    "metadata" : [ ]
  }, {
    "asset" : {
      "assetID" : "CAF5298DFA61C22AEE2FE8B780C164A2FA55500D"
    },
    "index" : 16,
    "addedDate" : 1648828538026,
    "metadata" : [ ]
  }, {
    "asset" : {
      "assetID" : "F2A0926207088EE47F829C5EDB0A4B25681EF38E"
    },
    "index" : 31,
    "addedDate" : 1648828538026,
    "metadata" : [ ]
  }, {
    "asset" : {
      "assetID" : "56EB196CB571E50A89610EBD77391DDD183EC556"
    },
    "index" : 17,
    "addedDate" : 1648828538026,
    "metadata" : [ ]
  }, {
    "asset" : {
      "assetID" : "014AED9C54A7659B9070960A90294B506424C424"
    },
    "index" : 32,
    "addedDate" : 1648828538026,
    "metadata" : [ ]
  }, {
    "asset" : {
      "assetID" : "6FE5165BEA00393B45E56EA76605800A1C17E123"
    },
    "index" : 18,
    "addedDate" : 1648828538026,
    "metadata" : [ ]
  }, {
    "asset" : {
      "assetID" : "75DDD8C1BF34C042A74631979B6386EF83DFD7CD"
    },
    "index" : 33,
    "addedDate" : 1648828538026,
    "metadata" : [ ]
  }, {
    "asset" : {
      "assetID" : "A1174DC5DDA9544C2CE4D679775867D5CF3F14D4"
    },
    "index" : 34,
    "addedDate" : 1648828538026,
    "metadata" : [ ]
  }, {
    "asset" : {
      "assetID" : "425A47FBEE9232A8D539090A39847BB5F79199B6"
    },
    "index" : 19,
    "addedDate" : 1648828538026,
    "metadata" : [ ]
  }, {
    "asset" : {
      "assetID" : "6E69AED6CD16EFEBC3A367C4D1CCCCB779907F96"
    },
    "index" : 35,
    "addedDate" : 1648828538026,
    "metadata" : [ ]
  }, {
    "asset" : {
      "assetID" : "056AF970BB8CA503653B68572D05077AAD844E51"
    },
    "index" : 20,
    "addedDate" : 1648828538026,
    "metadata" : [ ]
  }, {
    "asset" : {
      "assetID" : "4D4CBE50242214027CE46D68E9D9F380BC5C4155"
    },
    "index" : 36,
    "addedDate" : 1648828538026,
    "metadata" : [ ]
  }, {
    "asset" : {
      "assetID" : "6194556A8D3A70B37F152EC10031967DE22CF394"
    },
    "index" : 21,
    "addedDate" : 1648828538026,
    "metadata" : [ ]
  }, {
    "asset" : {
      "assetID" : "11020C62C0079C3C277BD143E41580EF4DE69CA9"
    },
    "index" : 8,
    "addedDate" : 1648828538026,
    "metadata" : [ ]
  }, {
    "asset" : {
      "assetID" : "33EB450E3C66FB3ADDB24BDEFE1499B8C1D2B0E9"
    },
    "index" : 9,
    "addedDate" : 1648828538026,
    "metadata" : [ ]
  }, {
    "asset" : {
      "assetID" : "1C3DAD0A3673A16BD82805E95DB9B875AA191BC7"
    },
    "index" : 22,
    "addedDate" : 1648828538026,
    "metadata" : [ ]
  }, {
    "asset" : {
      "assetID" : "0DC0FF444CD9AAD39134D938E77FB7025BC5DD2A"
    },
    "index" : 23,
    "addedDate" : 1648828538026,
    "metadata" : [ ]
  }, {
    "asset" : {
      "assetID" : "C93535488AA279F320CA7F05D97AD9911473BBBA"
    },
    "index" : 37,
    "addedDate" : 1648828538026,
    "metadata" : [ ]
  }, {
    "asset" : {
      "assetID" : "18F5F4FF3C69D22584C3BC5668BEA5DB875AE0E9"
    },
    "index" : 38,
    "addedDate" : 1648828538026,
    "metadata" : [ ]
  } ],
  "fileName" : "07d6fd35b1f34a7498861e6875409607bd1962b3.json",
  "name" : "October 2019",
  "publicTitle" : "Ottobre 2019"
}