{
  "parentCollectionID" : "7017a89d47d64518aa550929e59377292bed8716",
  "parentCollectionPath" : "Mobile Media Library/Mandarin Traditional - Video/Teaching and Lessons/Come, Follow Me",
  "collectionType" : "assets",
  "path" : "Mobile Media Library/Mandarin Traditional - Video/Teaching and Lessons/Come, Follow Me/Come, Follow Me: About",
  "collectionID" : "0935b3b3ad7f4a53929c9463bb5d90ad37e839d1",
  "language" : "zho",
  "type" : "DEFAULT",
  "lastUpdatedDate" : "2024-09-18T08:52:25.440-06:00",
  "links" : [ {
    "rel" : "details",
    "href" : "https://titanapi.churchofjesuschrist.org/assetsearch/api/v2/collection/details/collectionID/0935b3b3ad7f4a53929c9463bb5d90ad37e839d1"
  } ],
  "coverImages" : [ {
    "asset" : {
      "assetID" : "fe42798cb5f082937ec24b088914f614e0b836a5"
    }
  } ],
  "related" : [ ],
  "metadata" : [ {
    "key" : "collectionUri",
    "value" : "come-follow-me-about",
    "language" : "zho"
  }, {
    "key" : "orderIndex",
    "value" : "1"
  } ],
  "children" : [ ],
  "assets" : [ {
    "asset" : {
      "assetID" : "2145FDECBD1A74F88C96AC321F06E2EBBBF28AEB"
    },
    "index" : 0,
    "addedDate" : 1650582348116,
    "metadata" : [ ]
  }, {
    "asset" : {
      "assetID" : "453C0527CC066934381B496FF18756F18F645376"
    },
    "index" : 2,
    "addedDate" : 1650582348116,
    "metadata" : [ ]
  }, {
    "asset" : {
      "assetID" : "E47638F8379C47E4D9A71C583DB3FBB774B05E88"
    },
    "index" : 3,
    "addedDate" : 1650582348116,
    "metadata" : [ ]
  }, {
    "asset" : {
      "assetID" : "5177C3071AB5536DC40A2645419B4CF69CC4D86D"
    },
    "index" : 4,
    "addedDate" : 1650582348116,
    "metadata" : [ ]
  }, {
    "asset" : {
      "assetID" : "8B0D4EC61AFDA84AFE1767855EE3B9B3A5BBACBB"
    },
    "index" : 7,
    "addedDate" : 1650582348116,
    "metadata" : [ ]
  }, {
    "asset" : {
      "assetID" : "991F731879922D1E609AC06425B23187AB8C9341"
    },
    "index" : 11,
    "addedDate" : 1650582348116,
    "metadata" : [ ]
  }, {
    "asset" : {
      "assetID" : "7EB287BA80B3AFA316C7C9F68949A84C9B05A2F6"
    },
    "index" : 9,
    "addedDate" : 1650582348116,
    "metadata" : [ ]
  }, {
    "asset" : {
      "assetID" : "A9ADF48992C6D366568BB7A6065948006F4619C8"
    },
    "index" : 12,
    "addedDate" : 1650582348116,
    "metadata" : [ ]
  }, {
    "asset" : {
      "assetID" : "424D5A57BDA560BA78CE22032F72FC45F591B8C7"
    },
    "index" : 5,
    "addedDate" : 1650582348116,
    "metadata" : [ ]
  }, {
    "asset" : {
      "assetID" : "700C860118825791BB72FA06DFE5FAFBB2046C43"
    },
    "index" : 6,
    "addedDate" : 1650582348116,
    "metadata" : [ ]
  }, {
    "asset" : {
      "assetID" : "07F342FC175E46D43B3308BB84677A2777844910"
    },
    "index" : 10,
    "addedDate" : 1650582348116,
    "metadata" : [ ]
  }, {
    "asset" : {
      "assetID" : "5B7B948AE77D3E0B647E46E55A9BF255B2E084A3"
    },
    "index" : 8,
    "addedDate" : 1650582348116,
    "metadata" : [ ]
  }, {
    "asset" : {
      "assetID" : "ba75e14c219611ec8887eeeeac1e5b9aac397918"
    },
    "index" : 1,
    "addedDate" : 1650582348116,
    "metadata" : [ ]
  } ],
  "fileName" : "0935b3b3ad7f4a53929c9463bb5d90ad37e839d1.json",
  "name" : "Come, Follow Me: About"
}