{
  "parentCollectionID" : "e677e33b61b4448a80bd6d8f1fb1e127cf00670e",
  "parentCollectionPath" : "Mobile Media Library/Thai - Video/Life Help/Self-Reliance Services and PEF",
  "collectionType" : "collections",
  "path" : "Mobile Media Library/Thai - Video/Life Help/Self-Reliance Services and PEF/Perpetual Education Fund",
  "collectionID" : "09be01a6c17c46d4a1b5ce430c1aff164f7e1172",
  "language" : "tha",
  "type" : "DEFAULT",
  "lastUpdatedDate" : "2022-08-26T14:30:07.698-06:00",
  "links" : [ {
    "rel" : "details",
    "href" : "https://titanapi.churchofjesuschrist.org/assetsearch/api/v2/collection/details/collectionID/09be01a6c17c46d4a1b5ce430c1aff164f7e1172"
  } ],
  "coverImages" : [ {
    "asset" : {
      "assetID" : "7b504267a0961d96097c5863910194eaf2d479cb"
    }
  } ],
  "related" : [ ],
  "metadata" : [ {
    "key" : "collectionUri",
    "value" : "perpetual-education-fund",
    "language" : "tha"
  } ],
  "children" : [ ],
  "assets" : [ ],
  "fileName" : "09be01a6c17c46d4a1b5ce430c1aff164f7e1172.json",
  "name" : "Perpetual Education Fund"
}