{
  "parentCollectionID" : "18a537cd677f4710a0560f0f04b0f178",
  "parentCollectionPath" : "Mobile Media Library/English - Images/Primary/Primary Cutouts",
  "collectionType" : "assets",
  "path" : "Mobile Media Library/English - Images/Primary/Primary Cutouts/Primary 3-Choose the Right B: Cutouts",
  "collectionID" : "0b25923022454b10885ec9edf93915ca",
  "language" : "eng",
  "type" : "DEFAULT",
  "lastUpdatedDate" : "2019-12-15T12:46:47.127-07:00",
  "links" : [ {
    "rel" : "details",
    "href" : "https://titanapi.churchofjesuschrist.org/assetsearch/api/v2/collection/details/collectionID/0b25923022454b10885ec9edf93915ca"
  } ],
  "coverImages" : [ {
    "asset" : {
      "assetID" : "e67f8781c05aecad8f75962048cfd2fd98ad7391"
    }
  } ],
  "related" : [ ],
  "metadata" : [ {
    "key" : "collectionUri",
    "value" : "primary-3-choose-the-right-b-cutouts-images",
    "language" : "eng"
  }, {
    "key" : "publicTitle",
    "value" : "Primary 3—Choose the Right B: Cutouts",
    "language" : "eng"
  } ],
  "children" : [ ],
  "assets" : [ {
    "asset" : {
      "assetID" : "d7e273b597095b2c2f1f9b22ec08e8d404ee5a89"
    },
    "addedDate" : 1577484958623,
    "metadata" : [ ]
  }, {
    "asset" : {
      "assetID" : "4c6faf330d08b0da85f415f204985844bac531aa"
    },
    "addedDate" : 1577484969064,
    "metadata" : [ ]
  }, {
    "asset" : {
      "assetID" : "2868550411deb69e48ddf78f8403a94f2ae5afd1"
    },
    "addedDate" : 1577484948964,
    "metadata" : [ ]
  }, {
    "asset" : {
      "assetID" : "c988aecacfebfaaabca0f61448db7a817eb2b021"
    },
    "addedDate" : 1577484988740,
    "metadata" : [ ]
  }, {
    "asset" : {
      "assetID" : "e67f8781c05aecad8f75962048cfd2fd98ad7391"
    },
    "addedDate" : 1577485010241,
    "metadata" : [ ]
  }, {
    "asset" : {
      "assetID" : "b9a640113ed7a86125c97f1896e466eee03c1061"
    },
    "addedDate" : 1577485000675,
    "metadata" : [ ]
  } ],
  "fileName" : "0b25923022454b10885ec9edf93915ca.json",
  "name" : "Primary 3-Choose the Right B: Cutouts",
  "publicTitle" : "Primary 3—Choose the Right B: Cutouts"
}