{
  "parentCollectionID" : "dba1b65a58c242dd86a99bc43d58831cb3c98784",
  "parentCollectionPath" : "Mobile Media Library/Samoan - Video/Teaching and Lessons/Come, Follow Me/Come, Follow Me: New Testament Learning and Teaching Resources",
  "collectionType" : "collections",
  "path" : "Mobile Media Library/Samoan - Video/Teaching and Lessons/Come, Follow Me/Come, Follow Me: New Testament Learning and Teaching Resources/Feb. 4-10: Matthew 4; Luke 4-5",
  "collectionID" : "0c29a75e90d44ff59a3be4cf0da4a11ab18d9e17",
  "language" : "smo",
  "type" : "DEFAULT",
  "lastUpdatedDate" : "2022-04-18T00:18:59.976-06:00",
  "links" : [ {
    "rel" : "details",
    "href" : "https://titanapi.churchofjesuschrist.org/assetsearch/api/v2/collection/details/collectionID/0c29a75e90d44ff59a3be4cf0da4a11ab18d9e17"
  } ],
  "coverImages" : [ {
    "asset" : {
      "assetID" : "b87d70689ffe1796ef1f6a6fd39692d315f2e9b5"
    }
  } ],
  "related" : [ ],
  "metadata" : [ {
    "key" : "collectionUri",
    "value" : "feb-4-10-matthew-4-luke-4-5",
    "language" : "smo"
  }, {
    "key" : "orderIndex",
    "value" : "6"
  } ],
  "children" : [ ],
  "assets" : [ ],
  "fileName" : "0c29a75e90d44ff59a3be4cf0da4a11ab18d9e17.json",
  "name" : "Feb. 4-10: Matthew 4; Luke 4-5"
}