{
  "parentCollectionID" : "da2d3f68959042ac87912735eed53f2796caf375",
  "parentCollectionPath" : "Mobile Media Library/Japanese - Video/People/Special Witnesses of Christ",
  "collectionType" : "assets",
  "path" : "Mobile Media Library/Japanese - Video/People/Special Witnesses of Christ/Past Special Witnesses Videos",
  "collectionID" : "0ca08fd9912b487a830f17683a04b50583fce3dc",
  "language" : "jpn",
  "type" : "DEFAULT",
  "lastUpdatedDate" : "2022-10-25T15:38:38.001-06:00",
  "links" : [ {
    "rel" : "details",
    "href" : "https://titanapi.churchofjesuschrist.org/assetsearch/api/v2/collection/details/collectionID/0ca08fd9912b487a830f17683a04b50583fce3dc"
  } ],
  "coverImages" : [ {
    "asset" : {
      "assetID" : "11f2c5937cce7074ae1a42e0110da8c25ef006f3"
    }
  } ],
  "related" : [ ],
  "metadata" : [ {
    "key" : "orderIndex",
    "value" : "1"
  }, {
    "key" : "collectionUri",
    "value" : "past-special-witnesses-videos",
    "language" : "jpn"
  }, {
    "key" : "publicTitle",
    "value" : "過去の「特別な証人」ビデオ",
    "language" : "jpn"
  } ],
  "children" : [ ],
  "assets" : [ {
    "asset" : {
      "assetID" : "012c37a5dbc8645104e038b2decce5f667126ea4"
    },
    "index" : 4,
    "addedDate" : 1648836848500,
    "metadata" : [ ]
  }, {
    "asset" : {
      "assetID" : "309339d42bc1848b9bf6f0774a3a80a191fd649f"
    },
    "index" : 1,
    "addedDate" : 1648836848500,
    "metadata" : [ ]
  }, {
    "asset" : {
      "assetID" : "38b13e22c4853ec6d4249d28efb4bcb8e2f6016f"
    },
    "index" : 3,
    "addedDate" : 1648836848500,
    "metadata" : [ ]
  }, {
    "asset" : {
      "assetID" : "59be40b4b87905f8eac827fda8d31976e28b6d49"
    },
    "index" : 2,
    "addedDate" : 1648836848500,
    "metadata" : [ ]
  }, {
    "asset" : {
      "assetID" : "5ce3aa4eba2eec8dc8dbb6dcb349623a8d67e90c"
    },
    "index" : 0,
    "addedDate" : 1648836848500,
    "metadata" : [ ]
  }, {
    "asset" : {
      "assetID" : "76e2c3e044e745a849081c78685d7f807496d778"
    },
    "index" : 5,
    "addedDate" : 1648836848500,
    "metadata" : [ ]
  } ],
  "fileName" : "0ca08fd9912b487a830f17683a04b50583fce3dc.json",
  "name" : "Past Special Witnesses Videos",
  "publicTitle" : "過去の「特別な証人」ビデオ"
}