{
  "parentCollectionID" : "fa9a45a95fc44717aa65fd4bc72784f2af819595",
  "parentCollectionPath" : "Mobile Media Library/Italian - Video/Sharing the Gospel",
  "collectionType" : "assets",
  "path" : "Mobile Media Library/Italian - Video/Sharing the Gospel/Come and See",
  "collectionID" : "0cfddc1f47e643d1abb856a4bcb8c1d3a0cd0c1f",
  "language" : "ita",
  "type" : "DEFAULT",
  "lastUpdatedDate" : "2022-04-01T01:15:44.700-06:00",
  "links" : [ {
    "rel" : "details",
    "href" : "https://titanapi.churchofjesuschrist.org/assetsearch/api/v2/collection/details/collectionID/0cfddc1f47e643d1abb856a4bcb8c1d3a0cd0c1f"
  } ],
  "coverImages" : [ {
    "asset" : {
      "assetID" : "0aae85802cadc934f6388361cdc6659105b47fd5"
    }
  } ],
  "related" : [ ],
  "metadata" : [ {
    "key" : "collectionUri",
    "value" : "come-and-see",
    "language" : "ita"
  }, {
    "key" : "orderIndex",
    "value" : "8"
  } ],
  "children" : [ ],
  "assets" : [ {
    "asset" : {
      "assetID" : "6ADE1EA70156D5161E3456FD2914D2AB5E358254"
    },
    "index" : 0,
    "addedDate" : 1648828538026,
    "metadata" : [ ]
  }, {
    "asset" : {
      "assetID" : "1A95EC273C96991524FDB068B82F31A570A3836E"
    },
    "index" : 1,
    "addedDate" : 1648828538026,
    "metadata" : [ ]
  } ],
  "fileName" : "0cfddc1f47e643d1abb856a4bcb8c1d3a0cd0c1f.json",
  "name" : "Come and See"
}