{
  "parentCollectionID" : "937096cf155944c687ac06f5d90c68e122355eb4",
  "parentCollectionPath" : "Mobile Media Library/Korean - Video/Teaching and Lessons/Come, Follow Me: New Testament Learning and Teaching Resources",
  "collectionType" : "collections",
  "path" : "Mobile Media Library/Korean - Video/Teaching and Lessons/Come, Follow Me: New Testament Learning and Teaching Resources/Mar. 11-17: Matthew 10-12; Mark 2; Luke 7; 11",
  "collectionID" : "0d14d394768f4e29a4997f99403bdab04754ef9a",
  "language" : "kor",
  "type" : "DEFAULT",
  "lastUpdatedDate" : "2022-04-01T02:01:17.036-06:00",
  "links" : [ {
    "rel" : "details",
    "href" : "https://titanapi.churchofjesuschrist.org/assetsearch/api/v2/collection/details/collectionID/0d14d394768f4e29a4997f99403bdab04754ef9a"
  } ],
  "coverImages" : [ ],
  "related" : [ ],
  "metadata" : [ {
    "key" : "collectionUri",
    "value" : "mar-11-17-matthew-10-12-mark-2-luke-7-11",
    "language" : "kor"
  }, {
    "key" : "orderIndex",
    "value" : "2"
  } ],
  "children" : [ ],
  "assets" : [ ],
  "fileName" : "0d14d394768f4e29a4997f99403bdab04754ef9a.json",
  "name" : "Mar. 11-17: Matthew 10-12; Mark 2; Luke 7; 11"
}