{
  "parentCollectionID" : "a6b69394a436a7ff9e4dea2170944aa0eb0066a4",
  "parentCollectionPath" : "Mobile Media Library/Spanish - Video",
  "collectionType" : "assets",
  "path" : "Mobile Media Library/Spanish - Video/Videos with Audio Description",
  "collectionID" : "0d684be6662a4c1699cdfaf30a55b95f",
  "language" : "spa",
  "type" : "DEFAULT",
  "lastUpdatedDate" : "2022-03-01T06:20:15.096-07:00",
  "links" : [ {
    "rel" : "details",
    "href" : "https://titanapi.churchofjesuschrist.org/assetsearch/api/v2/collection/details/collectionID/0d684be6662a4c1699cdfaf30a55b95f"
  } ],
  "coverImages" : [ {
    "asset" : {
      "assetID" : "60eeb913b8d37cd0fd2723ce40abee75102ea7cd"
    }
  } ],
  "related" : [ ],
  "metadata" : [ {
    "key" : "collectionUri",
    "value" : "videos-with-audio-description",
    "language" : "spa"
  }, {
    "key" : "orderIndex",
    "value" : "17"
  } ],
  "children" : [ ],
  "assets" : [ {
    "asset" : {
      "assetID" : "8e8c274940cf11ec91c8eeeeac1e74a398888ebc"
    },
    "index" : 0,
    "addedDate" : 1646140878739,
    "metadata" : [ ]
  }, {
    "asset" : {
      "assetID" : "c03f056053a711ec80e1eeeeac1e58a3cd37bbd8"
    },
    "index" : 1,
    "addedDate" : 1646140892911,
    "metadata" : [ ]
  } ],
  "fileName" : "0d684be6662a4c1699cdfaf30a55b95f.json",
  "name" : "Videos with Audio Description"
}