{
  "parentCollectionID" : "f2d604b9114b49feaea71a63630c84353814c4cd",
  "parentCollectionPath" : "Mobile Media Library/Japanese - Video/Topics",
  "collectionType" : "assets",
  "path" : "Mobile Media Library/Japanese - Video/Topics/Chastity",
  "collectionID" : "0d7c4c17c1374b6b9a78f8f61820daba67d45706",
  "language" : "jpn",
  "type" : "DEFAULT",
  "lastUpdatedDate" : "2023-06-08T13:02:28.577-06:00",
  "links" : [ {
    "rel" : "details",
    "href" : "https://titanapi.churchofjesuschrist.org/assetsearch/api/v2/collection/details/collectionID/0d7c4c17c1374b6b9a78f8f61820daba67d45706"
  } ],
  "coverImages" : [ {
    "asset" : {
      "assetID" : "f6cd4f8f94ce157e4afa2012fe45b78dc7b17fa9"
    }
  } ],
  "related" : [ ],
  "metadata" : [ {
    "key" : "orderIndex",
    "value" : "5"
  }, {
    "key" : "collectionUri",
    "value" : "chastity-topic",
    "language" : "jpn"
  }, {
    "key" : "publicTitle",
    "value" : "純潔",
    "language" : "jpn"
  } ],
  "children" : [ ],
  "assets" : [ {
    "asset" : {
      "assetID" : "e69d04080710766aee7ad0a61bf1f463d74a8360"
    },
    "index" : 0,
    "addedDate" : 1648836848500,
    "metadata" : [ ]
  } ],
  "fileName" : "0d7c4c17c1374b6b9a78f8f61820daba67d45706.json",
  "name" : "Chastity",
  "publicTitle" : "純潔"
}