{
  "parentCollectionID" : "cb11a4212bc0eac62a1ba2f2e9b9d5cdaf20fe46",
  "parentCollectionPath" : "Mobile Media Library/English - Images/Inspirational Picture Quotes/Mormonads",
  "collectionType" : "assets",
  "path" : "Mobile Media Library/English - Images/Inspirational Picture Quotes/Mormonads/Agency and Accountability-Mormonads",
  "collectionID" : "0e22f0344592eaf3ed2f6f07a9527273d1ae874b",
  "language" : "eng",
  "type" : "DEFAULT",
  "lastUpdatedDate" : "2019-10-28T16:40:50.643-06:00",
  "links" : [ {
    "rel" : "details",
    "href" : "https://titanapi.churchofjesuschrist.org/assetsearch/api/v2/collection/details/collectionID/0e22f0344592eaf3ed2f6f07a9527273d1ae874b"
  } ],
  "coverImages" : [ {
    "asset" : {
      "assetID" : "09bfdb467bc883ac52703198e23e70224b017014"
    }
  } ],
  "related" : [ ],
  "metadata" : [ {
    "key" : "collectionUri",
    "value" : "agency-and-accountability-mormonads-images",
    "language" : "eng"
  }, {
    "key" : "publicTitle",
    "value" : "Agency and Accountability—Mormonads",
    "language" : "eng"
  } ],
  "children" : [ ],
  "assets" : [ {
    "asset" : {
      "assetID" : "3e6e67545a0aebd6bfda9a29ec4e55a1f4b1fab9"
    },
    "addedDate" : 1577166724811,
    "metadata" : [ ]
  }, {
    "asset" : {
      "assetID" : "5e79e41f2cb5dac7e19f8e32dc92148bd0011fb6"
    },
    "addedDate" : 1577166718345,
    "metadata" : [ ]
  }, {
    "asset" : {
      "assetID" : "d94ae95695875e2f303705e6327081c1b5b2e037"
    },
    "addedDate" : 1577166742872,
    "metadata" : [ ]
  }, {
    "asset" : {
      "assetID" : "26818042a9d0b7373822365d2c0de1002af7a4d9"
    },
    "addedDate" : 1577166760826,
    "metadata" : [ ]
  }, {
    "asset" : {
      "assetID" : "eb4e5f8fc0bc4504fe331ad22ccdd400627d6979"
    },
    "addedDate" : 1577166794149,
    "metadata" : [ ]
  }, {
    "asset" : {
      "assetID" : "0545061ea7b4eb13ea17a5a78b56c1ea6c07eda8"
    },
    "addedDate" : 1577166835047,
    "metadata" : [ ]
  }, {
    "asset" : {
      "assetID" : "4b2ae468c5e498eeb3c606a64f6b1c0277b99c60"
    },
    "addedDate" : 1577166818042,
    "metadata" : [ ]
  }, {
    "asset" : {
      "assetID" : "5d7f9c222aa9428de8cddcf76672f72fca31dd47"
    },
    "addedDate" : 1577166779620,
    "metadata" : [ ]
  }, {
    "asset" : {
      "assetID" : "0f58f7fc2032c51390a416fd131b572e1863c71c"
    },
    "addedDate" : 1577166768488,
    "metadata" : [ ]
  }, {
    "asset" : {
      "assetID" : "c057f2c380ae9e2496eaf22a7d3382124afba40e"
    },
    "addedDate" : 1577166824747,
    "metadata" : [ ]
  }, {
    "asset" : {
      "assetID" : "b8e82eb14ef19d9e076fdabf069d98d54219eb16"
    },
    "addedDate" : 1577166708558,
    "metadata" : [ ]
  }, {
    "asset" : {
      "assetID" : "44afcfaf12b389c16191a334cf572bd730c39a22"
    },
    "addedDate" : 1577166733095,
    "metadata" : [ ]
  }, {
    "asset" : {
      "assetID" : "09bfdb467bc883ac52703198e23e70224b017014"
    },
    "addedDate" : 1577166752400,
    "metadata" : [ ]
  } ],
  "fileName" : "0e22f0344592eaf3ed2f6f07a9527273d1ae874b.json",
  "name" : "Agency and Accountability-Mormonads",
  "publicTitle" : "Agency and Accountability—Mormonads"
}