{
  "parentCollectionID" : "1d789a25b95e4cc989707b56bdd3c926de0ccfa0",
  "parentCollectionPath" : "Mobile Media Library/Dutch - Video/Life Help/Self-Reliance Services and PEF/Education for Better Work",
  "collectionType" : "collections",
  "path" : "Mobile Media Library/Dutch - Video/Life Help/Self-Reliance Services and PEF/Education for Better Work/Chapter 2: What education will qualify me for my work?",
  "collectionID" : "0e4d36778281460e974d06368daa210b475ba594",
  "language" : "nld",
  "type" : "DEFAULT",
  "lastUpdatedDate" : "2022-04-17T21:40:22.596-06:00",
  "links" : [ {
    "rel" : "details",
    "href" : "https://titanapi.churchofjesuschrist.org/assetsearch/api/v2/collection/details/collectionID/0e4d36778281460e974d06368daa210b475ba594"
  } ],
  "coverImages" : [ {
    "asset" : {
      "assetID" : "e44df5ccf78535133e41febfde6e448699a1c299"
    }
  } ],
  "related" : [ ],
  "metadata" : [ ],
  "children" : [ ],
  "assets" : [ ],
  "fileName" : "0e4d36778281460e974d06368daa210b475ba594.json",
  "name" : "Chapter 2: What education will qualify me for my work?"
}