{
  "parentCollectionID" : "33e6f6a20fa54d929344f09d40f3a53b9c6ad902",
  "parentCollectionPath" : "Mobile Media Library/Mandarin Traditional - Video/Life Help/Self-Reliance Services and PEF/Self-Reliance: My Foundation",
  "collectionType" : "collections",
  "path" : "Mobile Media Library/Mandarin Traditional - Video/Life Help/Self-Reliance Services and PEF/Self-Reliance: My Foundation/Principle 09: Persevere",
  "collectionID" : "0ed49074537c4969842c8344d636a32a3f831887",
  "language" : "zho",
  "type" : "DEFAULT",
  "lastUpdatedDate" : "2024-09-18T08:52:25.440-06:00",
  "links" : [ {
    "rel" : "details",
    "href" : "https://titanapi.churchofjesuschrist.org/assetsearch/api/v2/collection/details/collectionID/0ed49074537c4969842c8344d636a32a3f831887"
  } ],
  "coverImages" : [ {
    "asset" : {
      "assetID" : "0ed3418b0231c3bbc5723500d8bbf179c81fb14c"
    }
  } ],
  "related" : [ ],
  "metadata" : [ {
    "key" : "collectionUri",
    "value" : "principle-9-persevere",
    "language" : "zho"
  }, {
    "key" : "publicTitle",
    "value" : "原則9：堅持",
    "language" : "zho"
  } ],
  "children" : [ ],
  "assets" : [ ],
  "fileName" : "0ed49074537c4969842c8344d636a32a3f831887.json",
  "name" : "Principle 09: Persevere",
  "publicTitle" : "原則9：堅持"
}