{
  "parentCollectionID" : "c07aa978335940c79adfac26f75ab9ab",
  "parentCollectionPath" : "Mobile Media Library/Spanish - Video/Teaching and Lessons/Come, Follow Me/Come, Follow Me: Book of Mormon Learning and Teaching Resources",
  "collectionType" : "assets",
  "path" : "Mobile Media Library/Spanish - Video/Teaching and Lessons/Come, Follow Me/Come, Follow Me: Book of Mormon Learning and Teaching Resources/06 February 3-9: 2 Nephi 1-5",
  "collectionID" : "0f2a931eb2c440b59615fa182d500d28",
  "language" : "spa",
  "type" : "DEFAULT",
  "lastUpdatedDate" : "2021-04-05T16:42:37.011-06:00",
  "links" : [ {
    "rel" : "details",
    "href" : "https://titanapi.churchofjesuschrist.org/assetsearch/api/v2/collection/details/collectionID/0f2a931eb2c440b59615fa182d500d28"
  } ],
  "coverImages" : [ {
    "asset" : {
      "assetID" : "ca8d42ab4849555236016d183acf6e7b7998349f"
    }
  } ],
  "related" : [ ],
  "metadata" : [ {
    "key" : "collectionUri",
    "value" : "february-3–9-2-nephi-1–5",
    "language" : "spa"
  }, {
    "key" : "publicTitle",
    "value" : "3 –9 febrero: 2 Nefi 1–5",
    "language" : "spa"
  } ],
  "children" : [ ],
  "assets" : [ {
    "asset" : {
      "assetID" : "AFE64AB900F0124862BCDDC07288C8FA37346EF3"
    },
    "addedDate" : 1580338052588,
    "metadata" : [ ]
  }, {
    "asset" : {
      "assetID" : "9EA04B6DE7399CE910D6A015C1EAA7B1B2921381"
    },
    "addedDate" : 1580338159790,
    "metadata" : [ ]
  }, {
    "asset" : {
      "assetID" : "9B15A4854EC1898C97EFB042C7D19B377477F9F8"
    },
    "addedDate" : 1580338257195,
    "metadata" : [ ]
  }, {
    "asset" : {
      "assetID" : "D194B827463FFE824A63B6B086C82B64B5F36AD1"
    },
    "addedDate" : 1580338293726,
    "metadata" : [ ]
  }, {
    "asset" : {
      "assetID" : "B096153AD9EAAA1E4D78B7CE933241CE7F430186"
    },
    "addedDate" : 1580338295204,
    "metadata" : [ ]
  }, {
    "asset" : {
      "assetID" : "C2539E6E4632657047FF80FB4702329795A70ABC"
    },
    "addedDate" : 1580338397060,
    "metadata" : [ ]
  }, {
    "asset" : {
      "assetID" : "73F9673BDF5D44893E6799F440A9123B21253A13"
    },
    "addedDate" : 1580338486778,
    "metadata" : [ ]
  }, {
    "asset" : {
      "assetID" : "9929E8A7B2DCF97979A7210CBB59D2B44EA054EF"
    },
    "addedDate" : 1580338488279,
    "metadata" : [ ]
  }, {
    "asset" : {
      "assetID" : "076F6026EB0BFCBC180358ADCBB46E3E7C0E8101"
    },
    "addedDate" : 1580338551747,
    "metadata" : [ ]
  }, {
    "asset" : {
      "assetID" : "746789F8DC5AED6FA4ECBD67203C139B23FC0E47"
    },
    "addedDate" : 1580338609807,
    "metadata" : [ ]
  } ],
  "fileName" : "0f2a931eb2c440b59615fa182d500d28.json",
  "name" : "06 February 3-9: 2 Nephi 1-5",
  "publicTitle" : "3 –9 febrero: 2 Nefi 1–5"
}