{
  "parentCollectionID" : "c0da8f84d1704cbfb29445533794d452",
  "parentCollectionPath" : "Mobile Media Library/English - Images/Primary/Coloring Pages",
  "collectionType" : "assets",
  "path" : "Mobile Media Library/English - Images/Primary/Coloring Pages/Family History Coloring Pages",
  "collectionID" : "0ff1a095bc194585964fc8b00b5350a2",
  "language" : "eng",
  "type" : "DEFAULT",
  "lastUpdatedDate" : "2019-12-15T12:33:48.017-07:00",
  "links" : [ {
    "rel" : "details",
    "href" : "https://titanapi.churchofjesuschrist.org/assetsearch/api/v2/collection/details/collectionID/0ff1a095bc194585964fc8b00b5350a2"
  } ],
  "coverImages" : [ {
    "asset" : {
      "assetID" : "a6a74557bafd12b6fdb39c0eca19b07df2ec7827"
    }
  } ],
  "related" : [ ],
  "metadata" : [ {
    "key" : "collectionUri",
    "value" : "family-history-coloring-pages-images",
    "language" : "eng"
  }, {
    "key" : "publicTitle",
    "value" : "Family History Coloring Pages",
    "language" : "eng"
  }, {
    "key" : "orderIndex",
    "value" : "3"
  } ],
  "children" : [ ],
  "assets" : [ {
    "asset" : {
      "assetID" : "07e912c7eb1b0ba6dcd47f82ee9129b21af6c84c"
    },
    "addedDate" : 1577396964014,
    "metadata" : [ ]
  }, {
    "asset" : {
      "assetID" : "f356f1f7db6b4c86bddb07e302ca10ff8e29e36b"
    },
    "addedDate" : 1577397013787,
    "metadata" : [ ]
  }, {
    "asset" : {
      "assetID" : "4f717a0ce6628cec679c98d71fa9474dbe59c695"
    },
    "addedDate" : 1577396978811,
    "metadata" : [ ]
  }, {
    "asset" : {
      "assetID" : "e9280264356ff06fd197ce0b6948a52a4ade62c4"
    },
    "addedDate" : 1577396898268,
    "metadata" : [ ]
  }, {
    "asset" : {
      "assetID" : "f8a4b9f5770c972a9c1ee90e64501479e4fe32da"
    },
    "addedDate" : 1577397028065,
    "metadata" : [ ]
  }, {
    "asset" : {
      "assetID" : "7b41eb588de4b3973ba4e3372c0f3256bf45756f"
    },
    "addedDate" : 1577396995087,
    "metadata" : [ ]
  }, {
    "asset" : {
      "assetID" : "c69b640124f4000a74bc2e430a83530fc3e266cd"
    },
    "addedDate" : 1577396950240,
    "metadata" : [ ]
  }, {
    "asset" : {
      "assetID" : "13ac22935a5459123a8fdd1a1b0c1c50821ea693"
    },
    "addedDate" : 1577397005191,
    "metadata" : [ ]
  }, {
    "asset" : {
      "assetID" : "13858e91184815d67d3d09d62a4253b51cc73ee0"
    },
    "addedDate" : 1577396987631,
    "metadata" : [ ]
  }, {
    "asset" : {
      "assetID" : "7d8961a8c98578c65703357edf528fd984ef37e7"
    },
    "addedDate" : 1577396969886,
    "metadata" : [ ]
  }, {
    "asset" : {
      "assetID" : "ddab6f47120259b77d9f87e6be30b8014ce9430e"
    },
    "addedDate" : 1577396914871,
    "metadata" : [ ]
  }, {
    "asset" : {
      "assetID" : "6c02e4f4e7c063a235f3dc4d34b3fa42f37c2493"
    },
    "addedDate" : 1577396927129,
    "metadata" : [ ]
  }, {
    "asset" : {
      "assetID" : "582c0b6fe5e27d78b31cde3e5bc8e932364c1c28"
    },
    "addedDate" : 1577396885729,
    "metadata" : [ ]
  }, {
    "asset" : {
      "assetID" : "0aa69fa905ad90569fae04c7525fa1987c2a0628"
    },
    "addedDate" : 1577397019757,
    "metadata" : [ ]
  }, {
    "asset" : {
      "assetID" : "fe541f3a052f1225bac4e5f080fb5de522d74fbb"
    },
    "addedDate" : 1577396932515,
    "metadata" : [ ]
  }, {
    "asset" : {
      "assetID" : "ce9d29ebcd4d36b374f6b490ae5595bc1b404b6d"
    },
    "addedDate" : 1577396921195,
    "metadata" : [ ]
  }, {
    "asset" : {
      "assetID" : "bfad1ef13ecb88c16de321a8c38b3bfc16825cad"
    },
    "addedDate" : 1577396942782,
    "metadata" : [ ]
  }, {
    "asset" : {
      "assetID" : "4a33c66cc221cc0203acb9c4ea51ed0621b7d99c"
    },
    "addedDate" : 1577396891366,
    "metadata" : [ ]
  }, {
    "asset" : {
      "assetID" : "c4a8fe4f71404c481fb3164b84d8ffab61b76b4d"
    },
    "addedDate" : 1577396908611,
    "metadata" : [ ]
  }, {
    "asset" : {
      "assetID" : "7d5180819ee92c680e4de2211f38a0706e43364c"
    },
    "addedDate" : 1577396955761,
    "metadata" : [ ]
  }, {
    "asset" : {
      "assetID" : "8ed307684512004cd2cc40be96f0d66e2e83cde5"
    },
    "addedDate" : 1577397077534,
    "metadata" : [ ]
  }, {
    "asset" : {
      "assetID" : "a6a74557bafd12b6fdb39c0eca19b07df2ec7827"
    },
    "addedDate" : 1577397071087,
    "metadata" : [ ]
  }, {
    "asset" : {
      "assetID" : "d96d967947d3a2d3e935535527f0c993c314b5e3"
    },
    "addedDate" : 1577397085428,
    "metadata" : [ ]
  }, {
    "asset" : {
      "assetID" : "0eb21336901ff43dd2598e6a739e9eed01e456a4"
    },
    "addedDate" : 1577397108571,
    "metadata" : [ ]
  }, {
    "asset" : {
      "assetID" : "3000a648aa9c13956b3e57b76015c77d64de2e6f"
    },
    "addedDate" : 1577397046856,
    "metadata" : [ ]
  }, {
    "asset" : {
      "assetID" : "f390c18476669cb62c3fc7132df6dbcd2a6d836c"
    },
    "addedDate" : 1577397053393,
    "metadata" : [ ]
  }, {
    "asset" : {
      "assetID" : "9422f35153d288037447a052fe4a59999b17108d"
    },
    "addedDate" : 1577397091168,
    "metadata" : [ ]
  }, {
    "asset" : {
      "assetID" : "cf27fe3d3a02c1006f3d10f84a8d5acde3836d7c"
    },
    "addedDate" : 1577397115779,
    "metadata" : [ ]
  }, {
    "asset" : {
      "assetID" : "1b0b2e18c527e914c1ddc1630ebac74244e4da16"
    },
    "addedDate" : 1577397096235,
    "metadata" : [ ]
  }, {
    "asset" : {
      "assetID" : "9c0ec4fe16490a8d7cbf6e8ac3f8599dc8be2a9f"
    },
    "addedDate" : 1577397059808,
    "metadata" : [ ]
  }, {
    "asset" : {
      "assetID" : "99437fb2d00a580b6502dac3c61b0763b99a5918"
    },
    "addedDate" : 1577397101516,
    "metadata" : [ ]
  }, {
    "asset" : {
      "assetID" : "338d2c437a78bdb97ac1238a578af2ae62455578"
    },
    "addedDate" : 1577397065167,
    "metadata" : [ ]
  } ],
  "fileName" : "0ff1a095bc194585964fc8b00b5350a2.json",
  "name" : "Family History Coloring Pages",
  "publicTitle" : "Family History Coloring Pages"
}