{
  "parentCollectionID" : "fefb94c092f04d14aa687cf2508310b9",
  "parentCollectionPath" : "Mobile Media Library/Mandarin Traditional - Video/Holidays",
  "collectionType" : "assets",
  "path" : "Mobile Media Library/Mandarin Traditional - Video/Holidays/Father's Day",
  "collectionID" : "11091cc8ae8647bd8b7358654aa90366",
  "language" : "zho",
  "type" : "DEFAULT",
  "lastUpdatedDate" : "2024-09-18T08:52:25.440-06:00",
  "links" : [ {
    "rel" : "details",
    "href" : "https://titanapi.churchofjesuschrist.org/assetsearch/api/v2/collection/details/collectionID/11091cc8ae8647bd8b7358654aa90366"
  } ],
  "coverImages" : [ {
    "asset" : {
      "assetID" : "f13e9466f12a601255a7e26e2e01f3d51a7ac298"
    }
  } ],
  "related" : [ ],
  "metadata" : [ {
    "key" : "collectionUri",
    "value" : "fathers-day-holiday",
    "language" : "zho"
  }, {
    "key" : "publicTitle",
    "value" : "父親節",
    "language" : "zho"
  }, {
    "key" : "orderIndex",
    "value" : "7"
  } ],
  "children" : [ ],
  "assets" : [ {
    "asset" : {
      "assetID" : "1b17c623de93751451952a5cab4660255e8c6fe5"
    },
    "index" : 0,
    "addedDate" : 1686077278332,
    "metadata" : [ ]
  } ],
  "fileName" : "11091cc8ae8647bd8b7358654aa90366.json",
  "name" : "Father's Day",
  "publicTitle" : "父親節"
}