{
  "parentCollectionID" : "2002992981324d9a917237a7abd9eb82",
  "parentCollectionPath" : "Mobile Media Library/French - Video/Broadcasts/Teaching Religion to Youth and Young Adults",
  "collectionType" : "assets",
  "path" : "Mobile Media Library/French - Video/Broadcasts/Teaching Religion to Youth and Young Adults/2006–An Evening with Elder David A. Bednar",
  "collectionID" : "11bae3f932c84bb489aae44e495c5b51",
  "language" : "fra",
  "type" : "DEFAULT",
  "lastUpdatedDate" : "2023-07-05T14:58:50.735-06:00",
  "links" : [ {
    "rel" : "details",
    "href" : "https://titanapi.churchofjesuschrist.org/assetsearch/api/v2/collection/details/collectionID/11bae3f932c84bb489aae44e495c5b51"
  } ],
  "coverImages" : [ {
    "asset" : {
      "assetID" : "497901c95b3f51f19c18c4565613c713356ce532"
    }
  } ],
  "related" : [ ],
  "metadata" : [ {
    "key" : "collectionUri",
    "value" : "evening-with-a-general-authority-2006",
    "language" : "fra"
  }, {
    "key" : "publicTitle",
    "value" : "Une soirée avec David A. Bednar, 2006",
    "language" : "fra"
  }, {
    "key" : "orderIndex",
    "value" : "15"
  } ],
  "children" : [ ],
  "assets" : [ {
    "asset" : {
      "assetID" : "2006-02-1000-an-evening-with-elder-david-a-bednar-fra"
    },
    "index" : 0,
    "addedDate" : 1688590779434,
    "metadata" : [ ]
  } ],
  "fileName" : "11bae3f932c84bb489aae44e495c5b51.json",
  "name" : "2006–An Evening with Elder David A. Bednar",
  "publicTitle" : "Une soirée avec David A. Bednar, 2006"
}