{
  "parentCollectionID" : "0b04a8307fe244508fe68aa6adc09d51",
  "parentCollectionPath" : "Mobile Media Library/Portuguese - Featured",
  "collectionType" : "assets",
  "path" : "Mobile Media Library/Portuguese - Featured/General Conference Feature",
  "collectionID" : "1267f3adf4544ed1b4dd2310ec616b18",
  "language" : "por",
  "type" : "DEFAULT",
  "lastUpdatedDate" : "2024-10-21T15:12:45.274-06:00",
  "links" : [ {
    "rel" : "details",
    "href" : "https://titanapi.churchofjesuschrist.org/assetsearch/api/v2/collection/details/collectionID/1267f3adf4544ed1b4dd2310ec616b18"
  } ],
  "coverImages" : [ {
    "asset" : {
      "assetID" : "4kjpahrj015593n6vfw57sjoo6w9clo2ensncxm1"
    }
  } ],
  "related" : [ ],
  "metadata" : [ {
    "key" : "orderIndex",
    "value" : "3"
  }, {
    "key" : "channel",
    "value" : "mobile",
    "language" : "por"
  }, {
    "key" : "collectionUri",
    "value" : "october-2024-general-conference-feature",
    "language" : "por"
  }, {
    "key" : "publicTitle",
    "value" : "Conferência Geral de Outubro de 2024",
    "language" : "por"
  } ],
  "children" : [ ],
  "assets" : [ {
    "asset" : {
      "assetID" : "648bca757f5e11efb0ca022e7e432ed9a0d80044"
    },
    "index" : 4,
    "addedDate" : 1729544164283,
    "metadata" : [ ]
  }, {
    "asset" : {
      "assetID" : "66e8a6c97f5e11efb0ca022e7e432ed9cecbc9cf"
    },
    "index" : 1,
    "addedDate" : 1729544135579,
    "metadata" : [ ]
  }, {
    "asset" : {
      "assetID" : "61c68f5c7f5e11efb0ca022e7e432ed981a5930a"
    },
    "index" : 3,
    "addedDate" : 1729544154105,
    "metadata" : [ ]
  }, {
    "asset" : {
      "assetID" : "62740d907f5e11efb0ca022e7e432ed9e4b08358"
    },
    "index" : 6,
    "addedDate" : 1729544183227,
    "metadata" : [ ]
  }, {
    "asset" : {
      "assetID" : "67f3fc877f5e11efb0ca022e7e432ed93ec26870"
    },
    "index" : 5,
    "addedDate" : 1729544173305,
    "metadata" : [ ]
  }, {
    "asset" : {
      "assetID" : "6ba7413b7f5e11efb0ca022e7e432ed92917a3ca"
    },
    "index" : 0,
    "addedDate" : 1729544122272,
    "metadata" : [ ]
  }, {
    "asset" : {
      "assetID" : "6aa5fdaa7f5e11efb0ca022e7e432ed917a802c5"
    },
    "index" : 2,
    "addedDate" : 1729544145389,
    "metadata" : [ ]
  }, {
    "asset" : {
      "assetID" : "a6e73d987f6811efb0ca022e7e432ed9ed4d21c3"
    },
    "index" : 10,
    "addedDate" : 1729544228546,
    "metadata" : [ ]
  }, {
    "asset" : {
      "assetID" : "ab3c19b47f6811efb0ca022e7e432ed986aa3f95"
    },
    "index" : 12,
    "addedDate" : 1729544249922,
    "metadata" : [ ]
  }, {
    "asset" : {
      "assetID" : "a9f47e407f6811efb0ca022e7e432ed933fc3aee"
    },
    "index" : 11,
    "addedDate" : 1729544240317,
    "metadata" : [ ]
  }, {
    "asset" : {
      "assetID" : "ae2ecd6e7f6811efb0ca022e7e432ed9875f0ba4"
    },
    "index" : 14,
    "addedDate" : 1729544268793,
    "metadata" : [ ]
  }, {
    "asset" : {
      "assetID" : "a2defac97f6811efb0ca022e7e432ed9ee9033ce"
    },
    "index" : 7,
    "addedDate" : 1729544201041,
    "metadata" : [ ]
  }, {
    "asset" : {
      "assetID" : "a38d3c547f6811efb0ca022e7e432ed90f840ab2"
    },
    "index" : 8,
    "addedDate" : 1729544211873,
    "metadata" : [ ]
  }, {
    "asset" : {
      "assetID" : "ad71bed87f6811efb0ca022e7e432ed9878bc359"
    },
    "index" : 13,
    "addedDate" : 1729544260410,
    "metadata" : [ ]
  }, {
    "asset" : {
      "assetID" : "a69462957f6811efb0ca022e7e432ed9993bd765"
    },
    "index" : 9,
    "addedDate" : 1729544220705,
    "metadata" : [ ]
  }, {
    "asset" : {
      "assetID" : "d1a6e42f7f6211efb0ca022e7e432ed9d350e3ed"
    },
    "index" : 17,
    "addedDate" : 1729544307290,
    "metadata" : [ ]
  }, {
    "asset" : {
      "assetID" : "d35690597f6211efb0ca022e7e432ed963403bd2"
    },
    "index" : 18,
    "addedDate" : 1729544576206,
    "metadata" : [ ]
  }, {
    "asset" : {
      "assetID" : "d585f3e77f6211efb0ca022e7e432ed9e1bd52fd"
    },
    "index" : 19,
    "addedDate" : 1729544330173,
    "metadata" : [ ]
  }, {
    "asset" : {
      "assetID" : "cf9394207f6211efb0ca022e7e432ed936c8bc0f"
    },
    "index" : 16,
    "addedDate" : 1729544298705,
    "metadata" : [ ]
  }, {
    "asset" : {
      "assetID" : "cd64308d7f6211efb0ca022e7e432ed95b32d9bb"
    },
    "index" : 15,
    "addedDate" : 1729544292121,
    "metadata" : [ ]
  }, {
    "asset" : {
      "assetID" : "3ceb89807f6011efb0ca022e7e432ed922122cd0"
    },
    "index" : 20,
    "addedDate" : 1729544344744,
    "metadata" : [ ]
  }, {
    "asset" : {
      "assetID" : "3f2af2b47f6011efb0ca022e7e432ed9b3e46d0d"
    },
    "index" : 21,
    "addedDate" : 1729544461660,
    "metadata" : [ ]
  }, {
    "asset" : {
      "assetID" : "43e4d2567f6011efb0ca022e7e432ed991b10e1a"
    },
    "index" : 23,
    "addedDate" : 1729544596459,
    "metadata" : [ ]
  }, {
    "asset" : {
      "assetID" : "4340a2f07f6011efb0ca022e7e432ed92f91b79c"
    },
    "index" : 24,
    "addedDate" : 1729544605895,
    "metadata" : [ ]
  }, {
    "asset" : {
      "assetID" : "461dd2d37f6011efb0ca022e7e432ed90c6b8631"
    },
    "index" : 25,
    "addedDate" : 1729544615517,
    "metadata" : [ ]
  }, {
    "asset" : {
      "assetID" : "4752a9997f6011efb0ca022e7e432ed9886e1f10"
    },
    "index" : 26,
    "addedDate" : 1729544625979,
    "metadata" : [ ]
  }, {
    "asset" : {
      "assetID" : "8256d9967f6b11ef9c8c0626c361eb5516c86377"
    },
    "index" : 30,
    "addedDate" : 1729544672593,
    "metadata" : [ ]
  }, {
    "asset" : {
      "assetID" : "7e27fc217f6b11ef9c8c0626c361eb55d0d46a97"
    },
    "index" : 29,
    "addedDate" : 1729544661328,
    "metadata" : [ ]
  }, {
    "asset" : {
      "assetID" : "810ccd247f6b11ef9c8c0626c361eb5572676743"
    },
    "index" : 31,
    "addedDate" : 1729544681174,
    "metadata" : [ ]
  }, {
    "asset" : {
      "assetID" : "7d9dbd667f6b11ef9c8c0626c361eb550d03f5b0"
    },
    "index" : 28,
    "addedDate" : 1729544652643,
    "metadata" : [ ]
  }, {
    "asset" : {
      "assetID" : "7a9efbb57f6b11ef9c8c0626c361eb55887f4158"
    },
    "index" : 27,
    "addedDate" : 1729544644081,
    "metadata" : [ ]
  }, {
    "asset" : {
      "assetID" : "861038b77f6b11ef9c8c0626c361eb55d2142068"
    },
    "index" : 32,
    "addedDate" : 1729545090762,
    "metadata" : [ ]
  }, {
    "asset" : {
      "assetID" : "8740f0c37f6b11ef9c8c0626c361eb55074cf640"
    },
    "index" : 33,
    "addedDate" : 1729544700965,
    "metadata" : [ ]
  }, {
    "asset" : {
      "assetID" : "407881a17f6011efb0ca022e7e432ed91c6ae4d9"
    },
    "index" : 22,
    "addedDate" : 1729544475916,
    "metadata" : [ ]
  } ],
  "fileName" : "1267f3adf4544ed1b4dd2310ec616b18.json",
  "name" : "General Conference Feature",
  "publicTitle" : "Conferência Geral de Outubro de 2024"
}