{
  "parentCollectionID" : "ebe9643e887b47f7a92f89c4bb1a06ec",
  "parentCollectionPath" : "Mobile Media Library/Spanish - Video/Scriptural Reenactments and Teachings/Book of Mormon Videos",
  "collectionType" : "assets",
  "path" : "Mobile Media Library/Spanish - Video/Scriptural Reenactments and Teachings/Book of Mormon Videos/Helaman 5",
  "collectionID" : "144f103fc3a34ec3a11de1b7f87b7ac0",
  "language" : "spa",
  "type" : "DEFAULT",
  "lastUpdatedDate" : "2024-09-09T10:56:08.893-06:00",
  "links" : [ {
    "rel" : "details",
    "href" : "https://titanapi.churchofjesuschrist.org/assetsearch/api/v2/collection/details/collectionID/144f103fc3a34ec3a11de1b7f87b7ac0"
  } ],
  "coverImages" : [ {
    "asset" : {
      "assetID" : "6f3f399174207ea5618a32a184a0ec5fd756df3d"
    }
  } ],
  "related" : [ ],
  "metadata" : [ {
    "key" : "orderIndex",
    "value" : "30"
  }, {
    "key" : "channel",
    "value" : "mobile",
    "language" : "spa"
  }, {
    "key" : "collectionUri",
    "value" : "helaman-5",
    "language" : "eng"
  }, {
    "key" : "collectionUri",
    "value" : "helaman-5",
    "language" : "spa"
  }, {
    "key" : "publicTitle",
    "value" : "Helamán 5",
    "language" : "spa"
  } ],
  "children" : [ ],
  "assets" : [ {
    "asset" : {
      "assetID" : "Xe53Xc79S3u9IRiGjxTIJdvsxxzGCGGRG5gHdQbA"
    },
    "index" : 0,
    "addedDate" : 1724242024935,
    "metadata" : [ ]
  } ],
  "fileName" : "144f103fc3a34ec3a11de1b7f87b7ac0.json",
  "name" : "Helaman 5",
  "publicTitle" : "Helamán 5"
}