{
  "parentCollectionID" : "b0d2c2f537a248a2acf5035f9d8549d4",
  "parentCollectionPath" : "Mobile Media Library/Korean - Images/Church Leaders",
  "collectionType" : "collections",
  "path" : "Mobile Media Library/Korean - Images/Church Leaders/Past Church Leaders",
  "collectionID" : "1534f16d2b8944b39eb3fd3b91c5f0cc",
  "language" : "kor",
  "type" : "DEFAULT",
  "lastUpdatedDate" : "2023-09-07T19:27:08.257-06:00",
  "links" : [ {
    "rel" : "details",
    "href" : "https://titanapi.churchofjesuschrist.org/assetsearch/api/v2/collection/details/collectionID/1534f16d2b8944b39eb3fd3b91c5f0cc"
  } ],
  "coverImages" : [ {
    "asset" : {
      "assetID" : "b2180e0f3c542d5934cbacfbc88d0c969e4becc7"
    }
  } ],
  "related" : [ ],
  "metadata" : [ {
    "key" : "collectionUri",
    "value" : "past-church-leaders-images",
    "language" : "kor"
  }, {
    "key" : "publicTitle",
    "value" : "과거의 교회 지도자",
    "language" : "kor"
  }, {
    "key" : "orderIndex",
    "value" : "2"
  } ],
  "children" : [ {
    "path" : "Mobile Media Library/Korean - Images/Church Leaders/Past Church Leaders/Joseph Smith",
    "collectionID" : "242a6ed6c2e145a6b2f485cd1cded2ee",
    "type" : "DEFAULT",
    "lastUpdatedDate" : "2023-09-07T19:27:54.139-06:00",
    "links" : [ {
      "rel" : "details",
      "href" : "https://titanapi.churchofjesuschrist.org/assetsearch/api/v2/collection/details/collectionID/242a6ed6c2e145a6b2f485cd1cded2ee"
    } ],
    "fileName" : "242a6ed6c2e145a6b2f485cd1cded2ee.json"
  }, {
    "path" : "Mobile Media Library/Korean - Images/Church Leaders/Past Church Leaders/Presidents of the Church of Jesus Christ of Latter-day Saints",
    "collectionID" : "fe9c56f74aee4bae872defdc657e42f3",
    "type" : "DEFAULT",
    "lastUpdatedDate" : "2023-09-07T19:28:32.428-06:00",
    "links" : [ {
      "rel" : "details",
      "href" : "https://titanapi.churchofjesuschrist.org/assetsearch/api/v2/collection/details/collectionID/fe9c56f74aee4bae872defdc657e42f3"
    } ],
    "fileName" : "fe9c56f74aee4bae872defdc657e42f3.json"
  }, {
    "path" : "Mobile Media Library/Korean - Images/Church Leaders/Past Church Leaders/Primary General Presidents",
    "collectionID" : "23274ec8cfeb41b0a4d265f4bfd03141",
    "type" : "DEFAULT",
    "lastUpdatedDate" : "2023-09-07T19:29:14.584-06:00",
    "links" : [ {
      "rel" : "details",
      "href" : "https://titanapi.churchofjesuschrist.org/assetsearch/api/v2/collection/details/collectionID/23274ec8cfeb41b0a4d265f4bfd03141"
    } ],
    "fileName" : "23274ec8cfeb41b0a4d265f4bfd03141.json"
  }, {
    "path" : "Mobile Media Library/Korean - Images/Church Leaders/Past Church Leaders/Relief Society General Presidents",
    "collectionID" : "a520d94daab04bc9a8eb9e751a65e7bd",
    "type" : "DEFAULT",
    "lastUpdatedDate" : "2023-09-07T19:30:57.755-06:00",
    "links" : [ {
      "rel" : "details",
      "href" : "https://titanapi.churchofjesuschrist.org/assetsearch/api/v2/collection/details/collectionID/a520d94daab04bc9a8eb9e751a65e7bd"
    } ],
    "fileName" : "a520d94daab04bc9a8eb9e751a65e7bd.json"
  }, {
    "path" : "Mobile Media Library/Korean - Images/Church Leaders/Past Church Leaders/Young Women General Presidents",
    "collectionID" : "4a0776e6caf247538b313bf8adf0aa53",
    "type" : "DEFAULT",
    "lastUpdatedDate" : "2023-09-07T19:31:41.576-06:00",
    "links" : [ {
      "rel" : "details",
      "href" : "https://titanapi.churchofjesuschrist.org/assetsearch/api/v2/collection/details/collectionID/4a0776e6caf247538b313bf8adf0aa53"
    } ],
    "fileName" : "4a0776e6caf247538b313bf8adf0aa53.json"
  } ],
  "assets" : [ ],
  "fileName" : "1534f16d2b8944b39eb3fd3b91c5f0cc.json",
  "name" : "Past Church Leaders",
  "publicTitle" : "과거의 교회 지도자"
}