{
  "parentCollectionID" : "89b2905ef9f741cda68b2e978fd1aff8fbc0fc28",
  "parentCollectionPath" : "Mobile Media Library/Ukrainian - Video/Scriptures/Book of Mormon/Book of Mormon Videos",
  "collectionType" : "collections",
  "path" : "Mobile Media Library/Ukrainian - Video/Scriptures/Book of Mormon/Book of Mormon Videos/Jacob 2-3",
  "collectionID" : "153ace807b5943dfbc2f490034aa65850a52a6ad",
  "language" : "ukr",
  "type" : "DEFAULT",
  "lastUpdatedDate" : "2022-04-18T01:12:35.553-06:00",
  "links" : [ {
    "rel" : "details",
    "href" : "https://titanapi.churchofjesuschrist.org/assetsearch/api/v2/collection/details/collectionID/153ace807b5943dfbc2f490034aa65850a52a6ad"
  } ],
  "coverImages" : [ {
    "asset" : {
      "assetID" : "8884d12b4c309c62cc713d5ffe528064a979fb51"
    }
  } ],
  "related" : [ ],
  "metadata" : [ {
    "key" : "collectionUri",
    "value" : "jacob-2-3",
    "language" : "ukr"
  }, {
    "key" : "orderIndex",
    "value" : "13"
  } ],
  "children" : [ ],
  "assets" : [ ],
  "fileName" : "153ace807b5943dfbc2f490034aa65850a52a6ad.json",
  "name" : "Jacob 2-3"
}