{
  "parentCollectionID" : "6e82c9d8e86c4a7098149d9f4ae2df68634b1fd9",
  "parentCollectionPath" : "Mobile Media Library/Dutch - Video/Topics",
  "collectionType" : "collections",
  "path" : "Mobile Media Library/Dutch - Video/Topics/Disabilities",
  "collectionID" : "15693f287b894693b753c544a3af0165457bd743",
  "language" : "nld",
  "type" : "DEFAULT",
  "lastUpdatedDate" : "2023-05-24T16:24:10.223-06:00",
  "links" : [ {
    "rel" : "details",
    "href" : "https://titanapi.churchofjesuschrist.org/assetsearch/api/v2/collection/details/collectionID/15693f287b894693b753c544a3af0165457bd743"
  } ],
  "coverImages" : [ {
    "asset" : {
      "assetID" : "6c6f2a67fce65a51dfb84dd1b48d35dede5ab51f"
    }
  } ],
  "related" : [ ],
  "metadata" : [ {
    "key" : "orderIndex",
    "value" : "8"
  }, {
    "key" : "collectionUri",
    "value" : "disabilities-topic",
    "language" : "nld"
  }, {
    "key" : "publicTitle",
    "value" : "Handicaps",
    "language" : "nld"
  } ],
  "children" : [ ],
  "assets" : [ ],
  "fileName" : "15693f287b894693b753c544a3af0165457bd743.json",
  "name" : "Disabilities",
  "publicTitle" : "Handicaps"
}