{
  "parentCollectionID" : "26f335ce3e09418c8cebbe7e5262e8188531302f",
  "parentCollectionPath" : "Mobile Media Library/Swedish - Video/Topics",
  "collectionType" : "assets",
  "path" : "Mobile Media Library/Swedish - Video/Topics/Prayer",
  "collectionID" : "157308b5905748a68218a5f457af1f159e3f0198",
  "language" : "swe",
  "type" : "DEFAULT",
  "lastUpdatedDate" : "2023-05-25T19:45:11.411-06:00",
  "links" : [ {
    "rel" : "details",
    "href" : "https://titanapi.churchofjesuschrist.org/assetsearch/api/v2/collection/details/collectionID/157308b5905748a68218a5f457af1f159e3f0198"
  } ],
  "coverImages" : [ {
    "asset" : {
      "assetID" : "b602c40aff368b2733c5bb8ac666847f58adf382"
    }
  } ],
  "related" : [ ],
  "metadata" : [ {
    "key" : "orderIndex",
    "value" : "25"
  }, {
    "key" : "collectionUri",
    "value" : "prayer-topic",
    "language" : "swe"
  }, {
    "key" : "publicTitle",
    "value" : "Bön",
    "language" : "swe"
  } ],
  "children" : [ ],
  "assets" : [ {
    "asset" : {
      "assetID" : "715a87200feeea5ddacd76ca3a54d1542eecb8e9"
    },
    "index" : 0,
    "addedDate" : 1650264002056,
    "metadata" : [ ]
  } ],
  "fileName" : "157308b5905748a68218a5f457af1f159e3f0198.json",
  "name" : "Prayer",
  "publicTitle" : "Bön"
}