{
  "parentCollectionID" : "8c820c3acbc248df92b0aed9b7c3725c",
  "parentCollectionPath" : "Mobile Media Library/Danish - Video/Teaching and Lessons/Come, Follow Me/Come, Follow Me: For Aaronic Priesthood Quorums and Young Women/Media for 2023 Doctrinal Topics",
  "collectionType" : "collections",
  "path" : "Mobile Media Library/Danish - Video/Teaching and Lessons/Come, Follow Me/Come, Follow Me: For Aaronic Priesthood Quorums and Young Women/Media for 2023 Doctrinal Topics/December",
  "collectionID" : "161b26718a7345c58d0104cfcb1a48fd",
  "language" : "dan",
  "type" : "DEFAULT",
  "lastUpdatedDate" : "2022-07-13T13:26:12.486-06:00",
  "links" : [ {
    "rel" : "details",
    "href" : "https://titanapi.churchofjesuschrist.org/assetsearch/api/v2/collection/details/collectionID/161b26718a7345c58d0104cfcb1a48fd"
  } ],
  "coverImages" : [ ],
  "related" : [ ],
  "metadata" : [ {
    "key" : "collectionUri",
    "value" : "december-2023-doctrinal-media-for-youth",
    "language" : "dan"
  }, {
    "key" : "orderIndex",
    "value" : "12"
  } ],
  "children" : [ ],
  "assets" : [ ],
  "fileName" : "161b26718a7345c58d0104cfcb1a48fd.json",
  "name" : "December"
}