{
  "parentCollectionID" : "5f76037134834414a707b3599a737053f149caee",
  "parentCollectionPath" : "Mobile Media Library/Dutch - Video/Life Help/Self-Reliance Services and PEF/Starting and Growing My Business",
  "collectionType" : "collections",
  "path" : "Mobile Media Library/Dutch - Video/Life Help/Self-Reliance Services and PEF/Starting and Growing My Business/Chapter 05: How do I separate my business and family money?",
  "collectionID" : "1672fe4f40a74eb99d104e29ab5cb08eb5993baf",
  "language" : "nld",
  "type" : "DEFAULT",
  "lastUpdatedDate" : "2022-04-17T21:40:22.596-06:00",
  "links" : [ {
    "rel" : "details",
    "href" : "https://titanapi.churchofjesuschrist.org/assetsearch/api/v2/collection/details/collectionID/1672fe4f40a74eb99d104e29ab5cb08eb5993baf"
  } ],
  "coverImages" : [ {
    "asset" : {
      "assetID" : "6575956af7d94cd4f19ebd0444cd06a63ccf1274"
    }
  } ],
  "related" : [ ],
  "metadata" : [ ],
  "children" : [ ],
  "assets" : [ ],
  "fileName" : "1672fe4f40a74eb99d104e29ab5cb08eb5993baf.json",
  "name" : "Chapter 05: How do I separate my business and family money?"
}