{
  "parentCollectionID" : "083b0f23f0d54fa09e9a42eb0ed17a94",
  "parentCollectionPath" : "Mobile Media Library/German - Images/Everyday People/Portraits of Faith",
  "collectionType" : "assets",
  "path" : "Mobile Media Library/German - Images/Everyday People/Portraits of Faith/Blanca Solis",
  "collectionID" : "168391aa0f4046f098584e03f85f8e6a",
  "language" : "deu",
  "type" : "DEFAULT",
  "lastUpdatedDate" : "2023-09-04T11:37:10.353-06:00",
  "links" : [ {
    "rel" : "details",
    "href" : "https://titanapi.churchofjesuschrist.org/assetsearch/api/v2/collection/details/collectionID/168391aa0f4046f098584e03f85f8e6a"
  } ],
  "coverImages" : [ {
    "asset" : {
      "assetID" : "4bab704aa022c90b7344f92b665f91442c5d622d"
    }
  } ],
  "related" : [ ],
  "metadata" : [ {
    "key" : "collectionUri",
    "value" : "blanca-solis-images",
    "language" : "deu"
  }, {
    "key" : "publicTitle",
    "value" : "Blanca Solis",
    "language" : "deu"
  }, {
    "key" : "orderIndex",
    "value" : "3"
  } ],
  "children" : [ ],
  "assets" : [ {
    "asset" : {
      "assetID" : "4bab704aa022c90b7344f92b665f91442c5d622d"
    },
    "addedDate" : 1693850361430,
    "metadata" : [ ]
  }, {
    "asset" : {
      "assetID" : "dd56765f83dbdc507fbac8508e83a66304ca5b06"
    },
    "addedDate" : 1693850361430,
    "metadata" : [ ]
  }, {
    "asset" : {
      "assetID" : "9bbefc5009dc5930db5e0fd8c7fea279f755d061"
    },
    "addedDate" : 1693850361436,
    "metadata" : [ ]
  }, {
    "asset" : {
      "assetID" : "1af0ecbc26c0ba7f272f19f79ddb4c48901501d9"
    },
    "addedDate" : 1693850361433,
    "metadata" : [ ]
  }, {
    "asset" : {
      "assetID" : "f4a7947d286384e645616b4beb7f130da86ac98c"
    },
    "addedDate" : 1693850361436,
    "metadata" : [ ]
  } ],
  "fileName" : "168391aa0f4046f098584e03f85f8e6a.json",
  "name" : "Blanca Solis",
  "publicTitle" : "Blanca Solis"
}