{
  "parentCollectionID" : "9a06d7efb9ba423f9e295154e9b4b68e",
  "parentCollectionPath" : "Mobile Media Library/English - Images/Come, Follow Me: Learning and Teaching Resources/2023 Come Follow Me Image Resources",
  "collectionType" : "assets",
  "path" : "Mobile Media Library/English - Images/Come, Follow Me: Learning and Teaching Resources/2023 Come Follow Me Image Resources/January 30–February 5. Matthew 4; Luke 4-5: \"The Spirit of the Lord is Upon Me\"",
  "collectionID" : "1685ec0933314b4ab54ce543ec33b4aa",
  "language" : "eng",
  "type" : "DEFAULT",
  "lastUpdatedDate" : "2022-12-27T21:18:39.747-07:00",
  "links" : [ {
    "rel" : "details",
    "href" : "https://titanapi.churchofjesuschrist.org/assetsearch/api/v2/collection/details/collectionID/1685ec0933314b4ab54ce543ec33b4aa"
  } ],
  "coverImages" : [ {
    "asset" : {
      "assetID" : "563f9da59846bfe0cc4f4c534d3e9b39a4e2894c"
    }
  } ],
  "related" : [ ],
  "metadata" : [ {
    "key" : "orderIndex",
    "value" : "5"
  }, {
    "key" : "collectionUri",
    "value" : "cfm-2023-images-january-30-february-5",
    "language" : "eng"
  }, {
    "key" : "publicTitle",
    "value" : "January 30–February 5. Matthew 4; Luke 4-5: \"The Spirit of the Lord is Upon Me\"",
    "language" : "eng"
  } ],
  "children" : [ ],
  "assets" : [ {
    "asset" : {
      "assetID" : "bb2ea5d2d97b2ab2dd60660c48be6c4725b49e81"
    },
    "index" : 1,
    "addedDate" : 1665939017291,
    "metadata" : [ ]
  }, {
    "asset" : {
      "assetID" : "db42e230f77a7803ffc83baae984f9de3d642e64"
    },
    "index" : 3,
    "addedDate" : 1665939028601,
    "metadata" : [ ]
  } ],
  "fileName" : "1685ec0933314b4ab54ce543ec33b4aa.json",
  "name" : "January 30–February 5. Matthew 4; Luke 4-5: \"The Spirit of the Lord is Upon Me\"",
  "publicTitle" : "January 30–February 5. Matthew 4; Luke 4-5: \"The Spirit of the Lord is Upon Me\""
}