{
  "parentCollectionID" : "3aae2fbe4d064f58bf3a108fc51d630b6a00300a",
  "parentCollectionPath" : "Mobile Media Library/Cantonese - Video/Teaching and Lessons/Come, Follow Me/Come, Follow Me: New Testament Learning and Teaching Resources",
  "collectionType" : "assets",
  "path" : "Mobile Media Library/Cantonese - Video/Teaching and Lessons/Come, Follow Me/Come, Follow Me: New Testament Learning and Teaching Resources/Oct. 14-20: Philippians; Colossians",
  "collectionID" : "174d59999f2342afb1726807d0c80d852fea29a5",
  "language" : "yue",
  "type" : "DEFAULT",
  "lastUpdatedDate" : "2022-04-15T20:52:07.660-06:00",
  "links" : [ {
    "rel" : "details",
    "href" : "https://titanapi.churchofjesuschrist.org/assetsearch/api/v2/collection/details/collectionID/174d59999f2342afb1726807d0c80d852fea29a5"
  } ],
  "coverImages" : [ {
    "asset" : {
      "assetID" : "d5fb25e6fb1835a4b1668dc285522a817a970e53"
    }
  } ],
  "related" : [ ],
  "metadata" : [ {
    "key" : "collectionUri",
    "value" : "Oct-14-20-Philippians-Colossians-videos",
    "language" : "yue"
  }, {
    "key" : "orderIndex",
    "value" : "40"
  } ],
  "children" : [ ],
  "assets" : [ {
    "asset" : {
      "assetID" : "3efa5c38f5a17e8af450c18b0d3828a60f7c6544"
    },
    "index" : 0,
    "addedDate" : 1650079503130,
    "metadata" : [ ]
  } ],
  "fileName" : "174d59999f2342afb1726807d0c80d852fea29a5.json",
  "name" : "Oct. 14-20: Philippians; Colossians"
}