{
  "parentCollectionID" : "60f9a609dc0f42c0a782c08fb586f086eacd61e7",
  "parentCollectionPath" : "Mobile Media Library/French - Video/Inspiration",
  "collectionType" : "assets",
  "path" : "Mobile Media Library/French - Video/Inspiration/Music Videos",
  "collectionID" : "18378420c37e42c4adfb4d869bc98979",
  "language" : "fra",
  "type" : "DEFAULT",
  "lastUpdatedDate" : "2024-06-05T14:46:56.774-06:00",
  "links" : [ {
    "rel" : "details",
    "href" : "https://titanapi.churchofjesuschrist.org/assetsearch/api/v2/collection/details/collectionID/18378420c37e42c4adfb4d869bc98979"
  } ],
  "coverImages" : [ {
    "asset" : {
      "assetID" : "23c4fb3a860e5a2a719c8c15e2834d91603844c6"
    }
  } ],
  "related" : [ ],
  "metadata" : [ {
    "key" : "orderIndex",
    "value" : "6"
  }, {
    "key" : "collectionUri",
    "value" : "music-videos",
    "language" : "fra"
  }, {
    "key" : "publicTitle",
    "value" : "Vidéos musicales",
    "language" : "fra"
  } ],
  "children" : [ ],
  "assets" : [ {
    "asset" : {
      "assetID" : "88ecb26517ed310b004ba58afcf46609cd10b584"
    },
    "index" : 4,
    "addedDate" : 1717619342898,
    "metadata" : [ ]
  }, {
    "asset" : {
      "assetID" : "f56282befb9e65391fb36fdb217bc1fb4f60238e"
    },
    "index" : 0,
    "addedDate" : 1717619271368,
    "metadata" : [ ]
  }, {
    "asset" : {
      "assetID" : "d4f8e6c858b56448846f8fca7a42915ccf4b6f9e"
    },
    "index" : 3,
    "addedDate" : 1717619342801,
    "metadata" : [ ]
  }, {
    "asset" : {
      "assetID" : "58a434b14c5c6dbdad4dbe2f7c42bb36d499c443"
    },
    "index" : 2,
    "addedDate" : 1717619318425,
    "metadata" : [ ]
  }, {
    "asset" : {
      "assetID" : "DBA921435090C1E8A0E2CDFC4CF225EC09420F93"
    },
    "index" : 6,
    "addedDate" : 1717619358599,
    "metadata" : [ ]
  }, {
    "asset" : {
      "assetID" : "ee608d85e16e79b850248437c53dd55ee172c082"
    },
    "index" : 1,
    "addedDate" : 1717619297039,
    "metadata" : [ ]
  }, {
    "asset" : {
      "assetID" : "57de42431900ec197400ee4eaee3390e55318ddc"
    },
    "index" : 5,
    "addedDate" : 1717619358354,
    "metadata" : [ ]
  }, {
    "asset" : {
      "assetID" : "C27B955A59F8F0CE8376B8472763DCC030013637"
    },
    "index" : 9,
    "addedDate" : 1717622832366,
    "metadata" : [ ]
  }, {
    "asset" : {
      "assetID" : "6BB5F33F2B73FD3E2D1E0BB64A3979F7B4510A76"
    },
    "index" : 8,
    "addedDate" : 1717622832257,
    "metadata" : [ ]
  }, {
    "asset" : {
      "assetID" : "7C53801B444989126E562BF25474602DA9167651"
    },
    "index" : 10,
    "addedDate" : 1717622832471,
    "metadata" : [ ]
  }, {
    "asset" : {
      "assetID" : "B5F3A82D87A6F853C1CB08F745DFD6237CCA56E5"
    },
    "index" : 11,
    "addedDate" : 1717622832572,
    "metadata" : [ ]
  }, {
    "asset" : {
      "assetID" : "c5fafbd4229b11efb301eeeeac1e7a20041eb418"
    },
    "index" : 7,
    "addedDate" : 1717619404487,
    "metadata" : [ ]
  } ],
  "fileName" : "18378420c37e42c4adfb4d869bc98979.json",
  "name" : "Music Videos",
  "publicTitle" : "Vidéos musicales"
}