{
  "parentCollectionID" : "f70d6123d9034b4a8e8a68dcc19b4c1b39d95cf5",
  "parentCollectionPath" : "Mobile Media Library/Russian - Video/Topics",
  "collectionType" : "assets",
  "path" : "Mobile Media Library/Russian - Video/Topics/Women",
  "collectionID" : "195f7eae946b465984aaf99b05a6595be96fd0dd",
  "language" : "rus",
  "type" : "DEFAULT",
  "lastUpdatedDate" : "2023-06-09T15:41:06.538-06:00",
  "links" : [ {
    "rel" : "details",
    "href" : "https://titanapi.churchofjesuschrist.org/assetsearch/api/v2/collection/details/collectionID/195f7eae946b465984aaf99b05a6595be96fd0dd"
  } ],
  "coverImages" : [ {
    "asset" : {
      "assetID" : "73ea107abef4e7eb469f1b5d198a53c009e207ad"
    }
  } ],
  "related" : [ ],
  "metadata" : [ {
    "key" : "orderIndex",
    "value" : "36"
  }, {
    "key" : "collectionUri",
    "value" : "women-topic",
    "language" : "rus"
  }, {
    "key" : "publicTitle",
    "value" : "Женщины",
    "language" : "rus"
  } ],
  "children" : [ ],
  "assets" : [ {
    "asset" : {
      "assetID" : "6CD3D7005105936F8490D4C6373E1AD576663410"
    },
    "index" : 0,
    "addedDate" : 1648866312830,
    "metadata" : [ ]
  }, {
    "asset" : {
      "assetID" : "657EAA2DD5A29D07DD67C7D50C4E8302B1B2399A"
    },
    "index" : 1,
    "addedDate" : 1648866312830,
    "metadata" : [ ]
  } ],
  "fileName" : "195f7eae946b465984aaf99b05a6595be96fd0dd.json",
  "name" : "Women",
  "publicTitle" : "Женщины"
}