{
  "parentCollectionID" : "561501a91e414261bb712838c2ec450f4b1f7e15",
  "parentCollectionPath" : "Mobile Media Library/Ukrainian - Video/Life Help/Self-Reliance Services and PEF",
  "collectionType" : "collections",
  "path" : "Mobile Media Library/Ukrainian - Video/Life Help/Self-Reliance Services and PEF/My Plan for Returned Missionaries",
  "collectionID" : "19acdc87511e452497315663b2a5193dd2a080e3",
  "language" : "ukr",
  "type" : "DEFAULT",
  "lastUpdatedDate" : "2022-07-19T12:11:22.378-06:00",
  "links" : [ {
    "rel" : "details",
    "href" : "https://titanapi.churchofjesuschrist.org/assetsearch/api/v2/collection/details/collectionID/19acdc87511e452497315663b2a5193dd2a080e3"
  } ],
  "coverImages" : [ {
    "asset" : {
      "assetID" : "860df3536e92d8ff1947d65e3420636a496ff413"
    }
  } ],
  "related" : [ ],
  "metadata" : [ {
    "key" : "collectionUri",
    "value" : "my-plan-for-returned-missionaries",
    "language" : "ukr"
  } ],
  "children" : [ ],
  "assets" : [ ],
  "fileName" : "19acdc87511e452497315663b2a5193dd2a080e3.json",
  "name" : "My Plan for Returned Missionaries"
}