{
  "parentCollectionID" : "d828a8815ece40b981f050f45dd71d63cd0d6db9",
  "parentCollectionPath" : "Mobile Media Library/Samoan - Video/Life Help/Self-Reliance Services and PEF/Education for Better Work",
  "collectionType" : "collections",
  "path" : "Mobile Media Library/Samoan - Video/Life Help/Self-Reliance Services and PEF/Education for Better Work/Chapter 5: How will I succeed in the classroom?",
  "collectionID" : "1a5a24d7311242eab6071da6c21e0076ad236c53",
  "language" : "smo",
  "type" : "DEFAULT",
  "lastUpdatedDate" : "2022-08-01T17:39:04.828-06:00",
  "links" : [ {
    "rel" : "details",
    "href" : "https://titanapi.churchofjesuschrist.org/assetsearch/api/v2/collection/details/collectionID/1a5a24d7311242eab6071da6c21e0076ad236c53"
  } ],
  "coverImages" : [ {
    "asset" : {
      "assetID" : "0dd8ca6aeae92527eebf6d545adb4f18e10017e7"
    }
  } ],
  "related" : [ ],
  "metadata" : [ {
    "key" : "collectionUri",
    "value" : "chapter-5-how-will-i-succeed-in-the-classroom",
    "language" : "smo"
  } ],
  "children" : [ ],
  "assets" : [ ],
  "fileName" : "1a5a24d7311242eab6071da6c21e0076ad236c53.json",
  "name" : "Chapter 5: How will I succeed in the classroom?"
}