{
  "parentCollectionID" : "69e030756096450c895d57e155369773dc3ff3d1",
  "parentCollectionPath" : "Mobile Media Library/Mandarin Traditional - Video/Teaching and Lessons/Come, Follow Me/Come, Follow Me: For Aaronic Priesthood Quorums and Young Women/Media for Parents, Leaders and Teachers",
  "collectionType" : "assets",
  "path" : "Mobile Media Library/Mandarin Traditional - Video/Teaching and Lessons/Come, Follow Me/Come, Follow Me: For Aaronic Priesthood Quorums and Young Women/Media for Parents, Leaders and Teachers/Videos for Leaders",
  "collectionID" : "1a7da55dc79c499f9c20245955e7a88b530ded05",
  "language" : "zho",
  "type" : "DEFAULT",
  "lastUpdatedDate" : "2024-09-18T08:52:25.440-06:00",
  "links" : [ {
    "rel" : "details",
    "href" : "https://titanapi.churchofjesuschrist.org/assetsearch/api/v2/collection/details/collectionID/1a7da55dc79c499f9c20245955e7a88b530ded05"
  } ],
  "coverImages" : [ {
    "asset" : {
      "assetID" : "55f7a2cc86fdc52b0b27cbcb5582855d30d72c2c"
    }
  } ],
  "related" : [ ],
  "metadata" : [ {
    "key" : "collectionUri",
    "value" : "videos-for-leaders",
    "language" : "zho"
  }, {
    "key" : "orderIndex",
    "value" : "2"
  } ],
  "children" : [ ],
  "assets" : [ {
    "asset" : {
      "assetID" : "380f6ad493c2431643c3c06429f35e698f0b2c32"
    },
    "index" : 7,
    "addedDate" : 1650582348116,
    "metadata" : [ ]
  }, {
    "asset" : {
      "assetID" : "a9d26533d71fdedab2cd6985e471a8e82616a6b4"
    },
    "index" : 5,
    "addedDate" : 1650582348116,
    "metadata" : [ ]
  }, {
    "asset" : {
      "assetID" : "c0585378cd5cfcbeb39daba26ee47ebb5b91a8e4"
    },
    "index" : 0,
    "addedDate" : 1650582348116,
    "metadata" : [ ]
  }, {
    "asset" : {
      "assetID" : "1adeeb31ef38d7dc2c1d527c4f6803e43fc915e4"
    },
    "index" : 11,
    "addedDate" : 1650582348116,
    "metadata" : [ ]
  }, {
    "asset" : {
      "assetID" : "1ddad231b2d99de4e8ce12ea3d140d79a40d8b70"
    },
    "index" : 8,
    "addedDate" : 1650582348116,
    "metadata" : [ ]
  }, {
    "asset" : {
      "assetID" : "6c39fb6acafbd2ffdafe8db9877a94cef9ca80b1"
    },
    "index" : 4,
    "addedDate" : 1650582348116,
    "metadata" : [ ]
  }, {
    "asset" : {
      "assetID" : "2422a9b963515db64a0b5260713bff0c03465f27"
    },
    "index" : 6,
    "addedDate" : 1650582348116,
    "metadata" : [ ]
  }, {
    "asset" : {
      "assetID" : "d0d036a63c837cfb71127b9d7c8bfbaa759f4487"
    },
    "index" : 9,
    "addedDate" : 1650582348116,
    "metadata" : [ ]
  }, {
    "asset" : {
      "assetID" : "f046a78222bd1d477b94d3eff5d1f38465f663ac"
    },
    "index" : 3,
    "addedDate" : 1650582348116,
    "metadata" : [ ]
  }, {
    "asset" : {
      "assetID" : "a0b88d7a219311ec9b75eeeeac1e708db881d971"
    },
    "index" : 2,
    "addedDate" : 1650582348116,
    "metadata" : [ ]
  }, {
    "asset" : {
      "assetID" : "a3629f0f219311ec86faeeeeac1e09d21df64cb7"
    },
    "index" : 1,
    "addedDate" : 1650582348116,
    "metadata" : [ ]
  }, {
    "asset" : {
      "assetID" : "a55bd6ed219311ec8887eeeeac1e5b9a6cd49c78"
    },
    "index" : 10,
    "addedDate" : 1650582348116,
    "metadata" : [ ]
  } ],
  "fileName" : "1a7da55dc79c499f9c20245955e7a88b530ded05.json",
  "name" : "Videos for Leaders"
}