{
  "parentCollectionID" : "378a0180935a4458b54c7593ff2cbdcc385f8ebd",
  "parentCollectionPath" : "Mobile Media Library/Hungarian - Video/Teaching and Lessons/Come, Follow Me/Come, Follow Me: New Testament Learning and Teaching Resources",
  "collectionType" : "collections",
  "path" : "Mobile Media Library/Hungarian - Video/Teaching and Lessons/Come, Follow Me/Come, Follow Me: New Testament Learning and Teaching Resources/Jan. 14-20: Luke 2; Matthew 2",
  "collectionID" : "1a90db42a3f74ab7b888ed71e67b477d226d70ea",
  "language" : "hun",
  "type" : "DEFAULT",
  "lastUpdatedDate" : "2022-04-17T23:31:21.973-06:00",
  "links" : [ {
    "rel" : "details",
    "href" : "https://titanapi.churchofjesuschrist.org/assetsearch/api/v2/collection/details/collectionID/1a90db42a3f74ab7b888ed71e67b477d226d70ea"
  } ],
  "coverImages" : [ {
    "asset" : {
      "assetID" : "2e65be2d37686e8aa9788655f3cfe44b72b3bd7c"
    }
  } ],
  "related" : [ ],
  "metadata" : [ {
    "key" : "collectionUri",
    "value" : "jan-14-20-luke-2-matthew-2",
    "language" : "hun"
  }, {
    "key" : "orderIndex",
    "value" : "3"
  } ],
  "children" : [ ],
  "assets" : [ ],
  "fileName" : "1a90db42a3f74ab7b888ed71e67b477d226d70ea.json",
  "name" : "Jan. 14-20: Luke 2; Matthew 2"
}