{
  "parentCollectionID" : "33bad3f5df08ea239a473889493eba52128cf6f8",
  "parentCollectionPath" : "Mobile Media Library/English - Video/Callings and Trainings/Leadership/Leadership Training Library/Young Women",
  "collectionType" : "assets",
  "path" : "Mobile Media Library/English - Video/Callings and Trainings/Leadership/Leadership Training Library/Young Women/10.6 Sunday Gospel Instruction",
  "collectionID" : "1ace4704f508a6ee589d9694e8aaa36f2f3c74ad",
  "language" : "eng",
  "type" : "DEFAULT",
  "lastUpdatedDate" : "2019-10-28T16:40:50.643-06:00",
  "links" : [ {
    "rel" : "details",
    "href" : "https://titanapi.churchofjesuschrist.org/assetsearch/api/v2/collection/details/collectionID/1ace4704f508a6ee589d9694e8aaa36f2f3c74ad"
  } ],
  "coverImages" : [ {
    "asset" : {
      "assetID" : "ac0641ffaaff406cffa8b4d8bb379d7b853fde7d"
    }
  } ],
  "related" : [ ],
  "metadata" : [ {
    "key" : "collectionUri",
    "value" : "ltl-106-sunday-gospel-instruction",
    "language" : "eng"
  }, {
    "key" : "publicTitle",
    "value" : "10.6 Sunday Gospel Instruction",
    "language" : "eng"
  } ],
  "children" : [ ],
  "assets" : [ {
    "asset" : {
      "assetID" : "c27a2ec933e8767006bbaa34ddd7bca27089b88d"
    },
    "addedDate" : 1529077721016,
    "metadata" : [ ]
  } ],
  "fileName" : "1ace4704f508a6ee589d9694e8aaa36f2f3c74ad.json",
  "name" : "10.6 Sunday Gospel Instruction",
  "publicTitle" : "10.6 Sunday Gospel Instruction"
}