{
  "parentCollectionID" : "2234ca7fb9b44305b4a8c887454d5b2c",
  "parentCollectionPath" : "Mobile Media Library/Portuguese - Video/Scriptural Reenactments and Teachings/Bible Videos - The Life of Jesus Christ",
  "collectionType" : "assets",
  "path" : "Mobile Media Library/Portuguese - Video/Scriptural Reenactments and Teachings/Bible Videos - The Life of Jesus Christ/Final Events",
  "collectionID" : "1b766d15dc4a4da5a9ba69e631e76062",
  "language" : "por",
  "type" : "DEFAULT",
  "lastUpdatedDate" : "2023-04-27T16:57:12.337-06:00",
  "links" : [ {
    "rel" : "details",
    "href" : "https://titanapi.churchofjesuschrist.org/assetsearch/api/v2/collection/details/collectionID/1b766d15dc4a4da5a9ba69e631e76062"
  } ],
  "coverImages" : [ {
    "asset" : {
      "assetID" : "a968ac902537e9b19f55a1936b7fe5472edf1b31"
    }
  } ],
  "related" : [ ],
  "metadata" : [ {
    "key" : "orderIndex",
    "value" : "4"
  }, {
    "key" : "channel",
    "value" : "mobile",
    "language" : "por"
  }, {
    "key" : "collectionUri",
    "value" : "bible-videos-final-events",
    "language" : "por"
  }, {
    "key" : "publicTitle",
    "value" : "Acontecimentos finais",
    "language" : "por"
  } ],
  "children" : [ ],
  "assets" : [ {
    "asset" : {
      "assetID" : "6d39aca51e192b87d0f9d7cd9940c5d571ff284e"
    },
    "addedDate" : 1663683517240,
    "metadata" : [ ]
  }, {
    "asset" : {
      "assetID" : "07e0694064998677b4a5fe3437eb63d388b91479"
    },
    "addedDate" : 1663683517246,
    "metadata" : [ ]
  }, {
    "asset" : {
      "assetID" : "5a9f3453316c4d3c96f01ec17ee8f147d951336d"
    },
    "addedDate" : 1663683517226,
    "metadata" : [ ]
  }, {
    "asset" : {
      "assetID" : "729251bd31b49a1d553570422da0f39b531b11ed"
    },
    "addedDate" : 1663683517230,
    "metadata" : [ ]
  }, {
    "asset" : {
      "assetID" : "5e99aff35e4ec7e4cc1c1b970731257fee2ca98d"
    },
    "addedDate" : 1663683517233,
    "metadata" : [ ]
  }, {
    "asset" : {
      "assetID" : "2d34f8aefbeb65f3780dabf622fee573db4fc1ce"
    },
    "addedDate" : 1663683517236,
    "metadata" : [ ]
  }, {
    "asset" : {
      "assetID" : "da57c3e29fab2b381c9548a0e7750ea147cb1f23"
    },
    "addedDate" : 1663683517256,
    "metadata" : [ ]
  }, {
    "asset" : {
      "assetID" : "f42c5781c2a3ed4e651fceb159d12af75b3b5270"
    },
    "addedDate" : 1663683517213,
    "metadata" : [ ]
  }, {
    "asset" : {
      "assetID" : "5c2fd48a2461b77f17b2379449fdd8357245aba7"
    },
    "addedDate" : 1663683517253,
    "metadata" : [ ]
  }, {
    "asset" : {
      "assetID" : "e71b6c76b23c7e096b289b83f3f22c406e683ec0"
    },
    "addedDate" : 1663683517253,
    "metadata" : [ ]
  }, {
    "asset" : {
      "assetID" : "0dd81fe8f23be1fab8ae0d99ce4b51671f5d40eb"
    },
    "addedDate" : 1663683517233,
    "metadata" : [ ]
  }, {
    "asset" : {
      "assetID" : "c158e803746ddb16446adb9badbf60cf2b3366e0"
    },
    "addedDate" : 1663683517263,
    "metadata" : [ ]
  }, {
    "asset" : {
      "assetID" : "475dbfd0770a084baf08eb2d87321a9c0bf19cf1"
    },
    "addedDate" : 1663683517220,
    "metadata" : [ ]
  }, {
    "asset" : {
      "assetID" : "b473e2c61053bbe3543c4ad3f97dff60771c152d"
    },
    "addedDate" : 1663683517243,
    "metadata" : [ ]
  }, {
    "asset" : {
      "assetID" : "f627a09b42a358c001ae2dc5455fa3c6549cee0d"
    },
    "addedDate" : 1663683517240,
    "metadata" : [ ]
  }, {
    "asset" : {
      "assetID" : "74ed0b81b855be0e14646ae0c5769b51d9cab050"
    },
    "addedDate" : 1663683517250,
    "metadata" : [ ]
  } ],
  "fileName" : "1b766d15dc4a4da5a9ba69e631e76062.json",
  "name" : "Final Events",
  "publicTitle" : "Acontecimentos finais"
}