{
  "parentCollectionID" : "5560fba1f32cc2da4ac1bcc392de7ab8eb626b35",
  "parentCollectionPath" : "Mobile Media Library/Spanish - Video/Scriptural Reenactments and Teachings",
  "collectionType" : "collections",
  "path" : "Mobile Media Library/Spanish - Video/Scriptural Reenactments and Teachings/Bible Videos - The Life of Jesus Christ",
  "collectionID" : "1bb2abd1d42f45c098f46dfd2ec463cf",
  "language" : "spa",
  "type" : "DEFAULT",
  "lastUpdatedDate" : "2023-04-27T16:54:45.841-06:00",
  "links" : [ {
    "rel" : "details",
    "href" : "https://titanapi.churchofjesuschrist.org/assetsearch/api/v2/collection/details/collectionID/1bb2abd1d42f45c098f46dfd2ec463cf"
  } ],
  "coverImages" : [ {
    "asset" : {
      "assetID" : "9890c304d3e92d464c7686ee0f3238d950544b4d"
    }
  } ],
  "related" : [ ],
  "metadata" : [ {
    "key" : "orderIndex",
    "value" : "1"
  }, {
    "key" : "channel",
    "value" : "mobile",
    "language" : "spa"
  }, {
    "key" : "collectionUri",
    "value" : "bible-videos-the-life-of-jesus-christ",
    "language" : "spa"
  }, {
    "key" : "publicTitle",
    "value" : "Videos de la Biblia",
    "language" : "spa"
  } ],
  "children" : [ {
    "path" : "Mobile Media Library/Spanish - Video/Scriptural Reenactments and Teachings/Bible Videos - The Life of Jesus Christ/Nativity",
    "collectionID" : "687f5124439a4aeabeafac78b3fdb491",
    "type" : "DEFAULT",
    "lastUpdatedDate" : "2022-09-14T10:34:28.298-06:00",
    "links" : [ {
      "rel" : "details",
      "href" : "https://titanapi.churchofjesuschrist.org/assetsearch/api/v2/collection/details/collectionID/687f5124439a4aeabeafac78b3fdb491"
    } ],
    "fileName" : "687f5124439a4aeabeafac78b3fdb491.json"
  }, {
    "path" : "Mobile Media Library/Spanish - Video/Scriptural Reenactments and Teachings/Bible Videos - The Life of Jesus Christ/Miracles",
    "collectionID" : "939b38fb89a04f0b95b4de7982e8f928",
    "type" : "DEFAULT",
    "lastUpdatedDate" : "2022-09-14T10:34:44.657-06:00",
    "links" : [ {
      "rel" : "details",
      "href" : "https://titanapi.churchofjesuschrist.org/assetsearch/api/v2/collection/details/collectionID/939b38fb89a04f0b95b4de7982e8f928"
    } ],
    "fileName" : "939b38fb89a04f0b95b4de7982e8f928.json"
  }, {
    "path" : "Mobile Media Library/Spanish - Video/Scriptural Reenactments and Teachings/Bible Videos - The Life of Jesus Christ/Teachings",
    "collectionID" : "7fe2a4d558d347bab6498637ccef2f0a",
    "type" : "DEFAULT",
    "lastUpdatedDate" : "2022-09-14T10:35:13.536-06:00",
    "links" : [ {
      "rel" : "details",
      "href" : "https://titanapi.churchofjesuschrist.org/assetsearch/api/v2/collection/details/collectionID/7fe2a4d558d347bab6498637ccef2f0a"
    } ],
    "fileName" : "7fe2a4d558d347bab6498637ccef2f0a.json"
  }, {
    "path" : "Mobile Media Library/Spanish - Video/Scriptural Reenactments and Teachings/Bible Videos - The Life of Jesus Christ/Final Events",
    "collectionID" : "083284d76bbf4fac95eb3e95915b5e7f",
    "type" : "DEFAULT",
    "lastUpdatedDate" : "2022-09-14T10:35:45.280-06:00",
    "links" : [ {
      "rel" : "details",
      "href" : "https://titanapi.churchofjesuschrist.org/assetsearch/api/v2/collection/details/collectionID/083284d76bbf4fac95eb3e95915b5e7f"
    } ],
    "fileName" : "083284d76bbf4fac95eb3e95915b5e7f.json"
  }, {
    "path" : "Mobile Media Library/Spanish - Video/Scriptural Reenactments and Teachings/Bible Videos - The Life of Jesus Christ/Acts of the Apostles",
    "collectionID" : "cb484fa3e2434bc48d3ac414c0226910",
    "type" : "DEFAULT",
    "lastUpdatedDate" : "2022-09-14T10:35:56.363-06:00",
    "links" : [ {
      "rel" : "details",
      "href" : "https://titanapi.churchofjesuschrist.org/assetsearch/api/v2/collection/details/collectionID/cb484fa3e2434bc48d3ac414c0226910"
    } ],
    "fileName" : "cb484fa3e2434bc48d3ac414c0226910.json"
  } ],
  "assets" : [ ],
  "fileName" : "1bb2abd1d42f45c098f46dfd2ec463cf.json",
  "name" : "Bible Videos - The Life of Jesus Christ",
  "publicTitle" : "Videos de la Biblia"
}