{
  "parentCollectionID" : "5e2713ecada842019b8ff707427b1ea16212bd41",
  "parentCollectionPath" : "Mobile Media Library/Indonesian - Video/Scriptures/Book of Mormon/Book of Mormon Videos",
  "collectionType" : "collections",
  "path" : "Mobile Media Library/Indonesian - Video/Scriptures/Book of Mormon/Book of Mormon Videos/1 Nephi 18",
  "collectionID" : "1bbadf7f310744e88c7a359759b8f3bdb51a4365",
  "language" : "ind",
  "type" : "DEFAULT",
  "lastUpdatedDate" : "2022-04-17T23:47:08.716-06:00",
  "links" : [ {
    "rel" : "details",
    "href" : "https://titanapi.churchofjesuschrist.org/assetsearch/api/v2/collection/details/collectionID/1bbadf7f310744e88c7a359759b8f3bdb51a4365"
  } ],
  "coverImages" : [ {
    "asset" : {
      "assetID" : "bee4eedb0f9e76092c6149d9fc4b8962fa3cc3de"
    }
  } ],
  "related" : [ ],
  "metadata" : [ {
    "key" : "collectionUri",
    "value" : "1-nephi-18",
    "language" : "ind"
  }, {
    "key" : "orderIndex",
    "value" : "7"
  } ],
  "children" : [ ],
  "assets" : [ ],
  "fileName" : "1bbadf7f310744e88c7a359759b8f3bdb51a4365.json",
  "name" : "1 Nephi 18"
}