{
  "parentCollectionID" : "ad9a34e99d27438884207274a908541a69f4fca6",
  "parentCollectionPath" : "Mobile Media Library/Ukrainian - Video/Life Help/Self-Reliance Services and PEF/Starting and Growing My Business (US and Canada Only)",
  "collectionType" : "collections",
  "path" : "Mobile Media Library/Ukrainian - Video/Life Help/Self-Reliance Services and PEF/Starting and Growing My Business (US and Canada Only)/Chapter 5: Keeping Customers",
  "collectionID" : "1bd66b5e385d4ded8248ef754d2e3e8509624ef5",
  "language" : "ukr",
  "type" : "DEFAULT",
  "lastUpdatedDate" : "2022-07-19T13:21:19.674-06:00",
  "links" : [ {
    "rel" : "details",
    "href" : "https://titanapi.churchofjesuschrist.org/assetsearch/api/v2/collection/details/collectionID/1bd66b5e385d4ded8248ef754d2e3e8509624ef5"
  } ],
  "coverImages" : [ {
    "asset" : {
      "assetID" : "d69c021b464d179529bc8ecd893153bcae41b3be"
    }
  } ],
  "related" : [ ],
  "metadata" : [ {
    "key" : "collectionUri",
    "value" : "chapter-5-keeping-customers",
    "language" : "ukr"
  } ],
  "children" : [ ],
  "assets" : [ ],
  "fileName" : "1bd66b5e385d4ded8248ef754d2e3e8509624ef5.json",
  "name" : "Chapter 5: Keeping Customers"
}