{
  "parentCollectionID" : "b91d19b3a88f45129e9ec20d8c175bfa",
  "parentCollectionPath" : "Mobile Media Library/English - Video/Scriptural Reenactments and Teachings/Book of Mormon Videos",
  "collectionType" : "assets",
  "path" : "Mobile Media Library/English - Video/Scriptural Reenactments and Teachings/Book of Mormon Videos/3 Nephi 27",
  "collectionID" : "1c3fb2450a77468bb001018b1f5e5715",
  "language" : "eng",
  "type" : "DEFAULT",
  "lastUpdatedDate" : "2023-12-15T16:07:52.250-07:00",
  "links" : [ {
    "rel" : "details",
    "href" : "https://titanapi.churchofjesuschrist.org/assetsearch/api/v2/collection/details/collectionID/1c3fb2450a77468bb001018b1f5e5715"
  } ],
  "coverImages" : [ {
    "asset" : {
      "assetID" : "7746de80850b11eca621eeeeac1e28edd96c2ac6"
    }
  } ],
  "related" : [ ],
  "metadata" : [ {
    "key" : "orderIndex",
    "value" : "45"
  }, {
    "key" : "channel",
    "value" : "mobile",
    "language" : "eng"
  }, {
    "key" : "collectionUri",
    "value" : "3-nephi-27",
    "language" : "eng"
  }, {
    "key" : "publicTitle",
    "value" : "3 Nephi 27",
    "language" : "eng"
  } ],
  "children" : [ ],
  "assets" : [ {
    "asset" : {
      "assetID" : "12bee3b2093511ed93b3eeeeac1e67df4bee7362"
    },
    "index" : 0,
    "addedDate" : 1664492437869,
    "metadata" : [ ]
  }, {
    "asset" : {
      "assetID" : "d562139a2ebb11eda04feeeeac1edcd885325a5b"
    },
    "index" : 1,
    "addedDate" : 1664492517370,
    "metadata" : [ ]
  }, {
    "asset" : {
      "assetID" : "d8191d4d2ebb11eda047eeeeac1e54b654c08d07"
    },
    "index" : 2,
    "addedDate" : 1664492536299,
    "metadata" : [ ]
  } ],
  "fileName" : "1c3fb2450a77468bb001018b1f5e5715.json",
  "name" : "3 Nephi 27",
  "publicTitle" : "3 Nephi 27"
}