{
  "parentCollectionID" : "f70d6123d9034b4a8e8a68dcc19b4c1b39d95cf5",
  "parentCollectionPath" : "Mobile Media Library/Russian - Video/Topics",
  "collectionType" : "assets",
  "path" : "Mobile Media Library/Russian - Video/Topics/Chastity",
  "collectionID" : "1c70a48aa00d471a927cccbf9b769562cfe0ec1f",
  "language" : "rus",
  "type" : "DEFAULT",
  "lastUpdatedDate" : "2023-06-09T15:29:23.669-06:00",
  "links" : [ {
    "rel" : "details",
    "href" : "https://titanapi.churchofjesuschrist.org/assetsearch/api/v2/collection/details/collectionID/1c70a48aa00d471a927cccbf9b769562cfe0ec1f"
  } ],
  "coverImages" : [ {
    "asset" : {
      "assetID" : "f6cd4f8f94ce157e4afa2012fe45b78dc7b17fa9"
    }
  } ],
  "related" : [ ],
  "metadata" : [ {
    "key" : "orderIndex",
    "value" : "5"
  }, {
    "key" : "collectionUri",
    "value" : "chastity-topic",
    "language" : "rus"
  }, {
    "key" : "publicTitle",
    "value" : "Целомудрие",
    "language" : "rus"
  } ],
  "children" : [ ],
  "assets" : [ {
    "asset" : {
      "assetID" : "59a3d08737e5c857536ee9dfd3388b1132fb5efa"
    },
    "index" : 0,
    "addedDate" : 1648866312830,
    "metadata" : [ ]
  } ],
  "fileName" : "1c70a48aa00d471a927cccbf9b769562cfe0ec1f.json",
  "name" : "Chastity",
  "publicTitle" : "Целомудрие"
}