{
  "parentCollectionID" : "c3aafc0d2e0649cc90d1da85236b14e97d1a4e26",
  "parentCollectionPath" : "Mobile Media Library/Mandarin Traditional - Video/Broadcasts",
  "collectionType" : "collections",
  "path" : "Mobile Media Library/Mandarin Traditional - Video/Broadcasts/Teaching Religion to Youth and Young Adults",
  "collectionID" : "1c72897830e840ea80c1c3faa887df18",
  "language" : "zho",
  "type" : "DEFAULT",
  "lastUpdatedDate" : "2024-09-18T08:52:25.440-06:00",
  "links" : [ {
    "rel" : "details",
    "href" : "https://titanapi.churchofjesuschrist.org/assetsearch/api/v2/collection/details/collectionID/1c72897830e840ea80c1c3faa887df18"
  } ],
  "coverImages" : [ {
    "asset" : {
      "assetID" : "f804edabf4f911eda054eeeeac1eef6a73b55d62"
    }
  } ],
  "related" : [ ],
  "metadata" : [ {
    "key" : "orderIndex",
    "value" : "11"
  }, {
    "key" : "description",
    "value" : "教會資深領袖對福音進修班及研究所教師、行政主管和職員演講。",
    "language" : "zho"
  }, {
    "key" : "collectionUri",
    "value" : "teaching-religion-to-youth-and-young-adults",
    "language" : "zho"
  }, {
    "key" : "publicTitle",
    "value" : "對青少年和年輕成人教導宗教——開會致詞",
    "language" : "zho"
  } ],
  "children" : [ {
    "path" : "Mobile Media Library/Mandarin Traditional - Video/Broadcasts/Teaching Religion to Youth and Young Adults/2023–The Power of Jesus Christ and Pure Doctrine with Elder Neil L. Andersen",
    "collectionID" : "b5d042ddcf1245d1bd6accc37e9c9a9a",
    "type" : "DEFAULT",
    "lastUpdatedDate" : "2024-09-18T08:52:25.440-06:00",
    "links" : [ {
      "rel" : "details",
      "href" : "https://titanapi.churchofjesuschrist.org/assetsearch/api/v2/collection/details/collectionID/b5d042ddcf1245d1bd6accc37e9c9a9a"
    } ],
    "fileName" : "b5d042ddcf1245d1bd6accc37e9c9a9a.json"
  }, {
    "path" : "Mobile Media Library/Mandarin Traditional - Video/Broadcasts/Teaching Religion to Youth and Young Adults/2022–Teaching in the Savior's Way with Elder Dieter F. Uchtdorf",
    "collectionID" : "3e200e0c0cf44553a141c903b1919220",
    "type" : "DEFAULT",
    "lastUpdatedDate" : "2024-09-18T08:52:25.440-06:00",
    "links" : [ {
      "rel" : "details",
      "href" : "https://titanapi.churchofjesuschrist.org/assetsearch/api/v2/collection/details/collectionID/3e200e0c0cf44553a141c903b1919220"
    } ],
    "fileName" : "3e200e0c0cf44553a141c903b1919220.json"
  }, {
    "path" : "Mobile Media Library/Mandarin Traditional - Video/Broadcasts/Teaching Religion to Youth and Young Adults/2020–An Evening with Elder David A. Bednar",
    "collectionID" : "175005ee23d34b6d9b477eea510e65e6",
    "type" : "DEFAULT",
    "lastUpdatedDate" : "2024-09-18T08:52:25.440-06:00",
    "links" : [ {
      "rel" : "details",
      "href" : "https://titanapi.churchofjesuschrist.org/assetsearch/api/v2/collection/details/collectionID/175005ee23d34b6d9b477eea510e65e6"
    } ],
    "fileName" : "175005ee23d34b6d9b477eea510e65e6.json"
  }, {
    "path" : "Mobile Media Library/Mandarin Traditional - Video/Broadcasts/Teaching Religion to Youth and Young Adults/2019–An Evening with Elder Ronald A. Rasband",
    "collectionID" : "e274cc2029ed4712a7a76ce732cb3a45",
    "type" : "DEFAULT",
    "lastUpdatedDate" : "2024-09-18T08:52:25.440-06:00",
    "links" : [ {
      "rel" : "details",
      "href" : "https://titanapi.churchofjesuschrist.org/assetsearch/api/v2/collection/details/collectionID/e274cc2029ed4712a7a76ce732cb3a45"
    } ],
    "fileName" : "e274cc2029ed4712a7a76ce732cb3a45.json"
  }, {
    "path" : "Mobile Media Library/Mandarin Traditional - Video/Broadcasts/Teaching Religion to Youth and Young Adults/2018–An Evening with Elder D. Todd Christofferson",
    "collectionID" : "5932ff048ed04bd5ab3a15ea95152702",
    "type" : "DEFAULT",
    "lastUpdatedDate" : "2024-09-18T08:52:25.440-06:00",
    "links" : [ {
      "rel" : "details",
      "href" : "https://titanapi.churchofjesuschrist.org/assetsearch/api/v2/collection/details/collectionID/5932ff048ed04bd5ab3a15ea95152702"
    } ],
    "fileName" : "5932ff048ed04bd5ab3a15ea95152702.json"
  }, {
    "path" : "Mobile Media Library/Mandarin Traditional - Video/Broadcasts/Teaching Religion to Youth and Young Adults/2017–An Evening with Elder Gerrit W. Gong",
    "collectionID" : "77492ab3503c494a88eb66a4c58e57ce",
    "type" : "DEFAULT",
    "lastUpdatedDate" : "2024-09-18T08:52:25.440-06:00",
    "links" : [ {
      "rel" : "details",
      "href" : "https://titanapi.churchofjesuschrist.org/assetsearch/api/v2/collection/details/collectionID/77492ab3503c494a88eb66a4c58e57ce"
    } ],
    "fileName" : "77492ab3503c494a88eb66a4c58e57ce.json"
  }, {
    "path" : "Mobile Media Library/Mandarin Traditional - Video/Broadcasts/Teaching Religion to Youth and Young Adults/2016–An Evening with Elder M. Russell Ballard",
    "collectionID" : "3955825d5e7943f2b0db4b620b5ef799",
    "type" : "DEFAULT",
    "lastUpdatedDate" : "2024-09-18T08:52:25.440-06:00",
    "links" : [ {
      "rel" : "details",
      "href" : "https://titanapi.churchofjesuschrist.org/assetsearch/api/v2/collection/details/collectionID/3955825d5e7943f2b0db4b620b5ef799"
    } ],
    "fileName" : "3955825d5e7943f2b0db4b620b5ef799.json"
  }, {
    "path" : "Mobile Media Library/Mandarin Traditional - Video/Broadcasts/Teaching Religion to Youth and Young Adults/2015–An Evening with Elder Jeffrey R. Holland",
    "collectionID" : "337cecdf053c4f1e8339823f9b4bcba7",
    "type" : "DEFAULT",
    "lastUpdatedDate" : "2024-09-18T08:52:25.440-06:00",
    "links" : [ {
      "rel" : "details",
      "href" : "https://titanapi.churchofjesuschrist.org/assetsearch/api/v2/collection/details/collectionID/337cecdf053c4f1e8339823f9b4bcba7"
    } ],
    "fileName" : "337cecdf053c4f1e8339823f9b4bcba7.json"
  }, {
    "path" : "Mobile Media Library/Mandarin Traditional - Video/Broadcasts/Teaching Religion to Youth and Young Adults/2014–An Evening with Elder Neil L. Andersen",
    "collectionID" : "067bd111c43c4337bf729bc870c5cdd3",
    "type" : "DEFAULT",
    "lastUpdatedDate" : "2024-09-18T08:52:25.440-06:00",
    "links" : [ {
      "rel" : "details",
      "href" : "https://titanapi.churchofjesuschrist.org/assetsearch/api/v2/collection/details/collectionID/067bd111c43c4337bf729bc870c5cdd3"
    } ],
    "fileName" : "067bd111c43c4337bf729bc870c5cdd3.json"
  }, {
    "path" : "Mobile Media Library/Mandarin Traditional - Video/Broadcasts/Teaching Religion to Youth and Young Adults/2013–An Evening with Elder Dallin H. Oaks",
    "collectionID" : "dcfee12428b84434bf00625f8b07cbe2",
    "type" : "DEFAULT",
    "lastUpdatedDate" : "2024-09-18T08:52:25.440-06:00",
    "links" : [ {
      "rel" : "details",
      "href" : "https://titanapi.churchofjesuschrist.org/assetsearch/api/v2/collection/details/collectionID/dcfee12428b84434bf00625f8b07cbe2"
    } ],
    "fileName" : "dcfee12428b84434bf00625f8b07cbe2.json"
  }, {
    "path" : "Mobile Media Library/Mandarin Traditional - Video/Broadcasts/Teaching Religion to Youth and Young Adults/2009–An Evening with Elder Quentin L. Cook",
    "collectionID" : "f8f73110dd3143c99c034db7edc76e04",
    "type" : "DEFAULT",
    "lastUpdatedDate" : "2024-09-18T08:52:25.440-06:00",
    "links" : [ {
      "rel" : "details",
      "href" : "https://titanapi.churchofjesuschrist.org/assetsearch/api/v2/collection/details/collectionID/f8f73110dd3143c99c034db7edc76e04"
    } ],
    "fileName" : "f8f73110dd3143c99c034db7edc76e04.json"
  }, {
    "path" : "Mobile Media Library/Mandarin Traditional - Video/Broadcasts/Teaching Religion to Youth and Young Adults/2008–An Evening with President Boyd K. Packer",
    "collectionID" : "593f4b1ad956453b809687898f60e7ee",
    "type" : "DEFAULT",
    "lastUpdatedDate" : "2024-09-18T08:52:25.440-06:00",
    "links" : [ {
      "rel" : "details",
      "href" : "https://titanapi.churchofjesuschrist.org/assetsearch/api/v2/collection/details/collectionID/593f4b1ad956453b809687898f60e7ee"
    } ],
    "fileName" : "593f4b1ad956453b809687898f60e7ee.json"
  }, {
    "path" : "Mobile Media Library/Mandarin Traditional - Video/Broadcasts/Teaching Religion to Youth and Young Adults/2006–An Evening with Elder David A. Bednar",
    "collectionID" : "78e3ad069b4c465db0d228c03a8d2cd1",
    "type" : "DEFAULT",
    "lastUpdatedDate" : "2024-09-18T08:52:25.440-06:00",
    "links" : [ {
      "rel" : "details",
      "href" : "https://titanapi.churchofjesuschrist.org/assetsearch/api/v2/collection/details/collectionID/78e3ad069b4c465db0d228c03a8d2cd1"
    } ],
    "fileName" : "78e3ad069b4c465db0d228c03a8d2cd1.json"
  }, {
    "path" : "Mobile Media Library/Mandarin Traditional - Video/Broadcasts/Teaching Religion to Youth and Young Adults/2021–Teaching Religion to Youth and Young Adults with President and Sister Oaks",
    "collectionID" : "6cb1f868500e4fb08682df627cb08bc0",
    "type" : "DEFAULT",
    "lastUpdatedDate" : "2024-09-18T08:52:25.440-06:00",
    "links" : [ {
      "rel" : "details",
      "href" : "https://titanapi.churchofjesuschrist.org/assetsearch/api/v2/collection/details/collectionID/6cb1f868500e4fb08682df627cb08bc0"
    } ],
    "fileName" : "6cb1f868500e4fb08682df627cb08bc0.json"
  } ],
  "assets" : [ ],
  "fileName" : "1c72897830e840ea80c1c3faa887df18.json",
  "name" : "Teaching Religion to Youth and Young Adults",
  "publicTitle" : "對青少年和年輕成人教導宗教——開會致詞",
  "description" : "教會資深領袖對福音進修班及研究所教師、行政主管和職員演講。"
}