{
  "parentCollectionID" : "bb811292c42b44bbbedcd8d3ebc41613c6382990",
  "parentCollectionPath" : "Mobile Media Library/Cantonese - Video/Teaching and Lessons/Seminary and Institute/Online Seminary/Old Testament Online Seminary Reference",
  "collectionType" : "assets",
  "path" : "Mobile Media Library/Cantonese - Video/Teaching and Lessons/Seminary and Institute/Online Seminary/Old Testament Online Seminary Reference/Lessons 81-120",
  "collectionID" : "1cd5b4c2464b44d6873a2e6d61e79960a317affe",
  "language" : "yue",
  "type" : "DEFAULT",
  "lastUpdatedDate" : "2022-04-15T20:52:07.660-06:00",
  "links" : [ {
    "rel" : "details",
    "href" : "https://titanapi.churchofjesuschrist.org/assetsearch/api/v2/collection/details/collectionID/1cd5b4c2464b44d6873a2e6d61e79960a317affe"
  } ],
  "coverImages" : [ {
    "asset" : {
      "assetID" : "a07ab4e69ab32b73cbdb13630c4947e5766007b7"
    }
  } ],
  "related" : [ ],
  "metadata" : [ {
    "key" : "collectionUri",
    "value" : "lessons-81-120",
    "language" : "yue"
  }, {
    "key" : "orderIndex",
    "value" : "1"
  } ],
  "children" : [ ],
  "assets" : [ {
    "asset" : {
      "assetID" : "e8cd79d1101b6f9143fd19cdda49a9a5239afae2"
    },
    "index" : 0,
    "addedDate" : 1650079503130,
    "metadata" : [ ]
  } ],
  "fileName" : "1cd5b4c2464b44d6873a2e6d61e79960a317affe.json",
  "name" : "Lessons 81-120"
}