{
  "parentCollectionID" : "73f270b150754f46bcb42fc874e8959d3ca7f4d1",
  "parentCollectionPath" : "Mobile Media Library/German - Video/Life Help/Self-Reliance Services and PEF/Find a Better Job",
  "collectionType" : "collections",
  "path" : "Mobile Media Library/German - Video/Life Help/Self-Reliance Services and PEF/Find a Better Job/Chapter 05: Better Written Materials",
  "collectionID" : "1d24d83082b64d0abc851cd02cd110aa479c13ca",
  "language" : "deu",
  "type" : "DEFAULT",
  "lastUpdatedDate" : "2022-08-04T12:43:18.527-06:00",
  "links" : [ {
    "rel" : "details",
    "href" : "https://titanapi.churchofjesuschrist.org/assetsearch/api/v2/collection/details/collectionID/1d24d83082b64d0abc851cd02cd110aa479c13ca"
  } ],
  "coverImages" : [ {
    "asset" : {
      "assetID" : "9112066d1fdc9357834f0f016e308d994e9ee1cc"
    }
  } ],
  "related" : [ ],
  "metadata" : [ {
    "key" : "collectionUri",
    "value" : "chapter-05-better-written-materials",
    "language" : "deu"
  } ],
  "children" : [ ],
  "assets" : [ ],
  "fileName" : "1d24d83082b64d0abc851cd02cd110aa479c13ca.json",
  "name" : "Chapter 05: Better Written Materials"
}