{
  "parentCollectionID" : "22e3232e384c8650311b2940336759a89b8d6f8b",
  "parentCollectionPath" : "Mobile Media Library",
  "collectionType" : "assets",
  "path" : "Mobile Media Library/Italian - GS Banner - Videos Only",
  "collectionID" : "1d9bb92ad85e4dbb82485c6d38f2b6c2",
  "language" : "ita",
  "type" : "DEFAULT",
  "lastUpdatedDate" : "2025-01-13T14:57:42.796-07:00",
  "links" : [ {
    "rel" : "details",
    "href" : "https://titanapi.churchofjesuschrist.org/assetsearch/api/v2/collection/details/collectionID/1d9bb92ad85e4dbb82485c6d38f2b6c2"
  } ],
  "coverImages" : [ ],
  "related" : [ ],
  "metadata" : [ {
    "key" : "orderIndex",
    "value" : "28"
  }, {
    "key" : "channel",
    "value" : "mobile",
    "language" : "ita"
  }, {
    "key" : "collectionUri",
    "value" : "gospel-stream-banner",
    "language" : "ita"
  }, {
    "key" : "publicTitle",
    "value" : "Gospel Stream Banner",
    "language" : "ita"
  } ],
  "children" : [ ],
  "assets" : [ {
    "asset" : {
      "assetID" : "0a3d8cb35db4ba7fe3799299838534e7a182c507"
    },
    "index" : 2,
    "addedDate" : 1736303775518,
    "metadata" : [ ]
  }, {
    "asset" : {
      "assetID" : "df8e65936c9611efba4e022e7e432ed9405978d8"
    },
    "index" : 3,
    "addedDate" : 1736304075760,
    "metadata" : [ ]
  }, {
    "asset" : {
      "assetID" : "d621229e7f6211efb0ca022e7e432ed9d9dfc3bf"
    },
    "index" : 0,
    "addedDate" : 1736805212526,
    "metadata" : [ ]
  }, {
    "asset" : {
      "assetID" : "fmuy1rjmb7lhn5690tu65as859tobe5n3yb2oqjv"
    },
    "index" : 1,
    "addedDate" : 1736011331203,
    "metadata" : [ ]
  } ],
  "fileName" : "1d9bb92ad85e4dbb82485c6d38f2b6c2.json",
  "name" : "Italian - GS Banner - Videos Only",
  "publicTitle" : "Gospel Stream Banner"
}