{
  "parentCollectionID" : "11cd5540f70e40a9b5f7332eaaf718e7",
  "parentCollectionPath" : "Mobile Media Library/Portuguese - Video/Broadcasts/Worldwide Devotionals",
  "collectionType" : "assets",
  "path" : "Mobile Media Library/Portuguese - Video/Broadcasts/Worldwide Devotionals/Young Adult and Youth Devotionals",
  "collectionID" : "1e299b85d2344934aac2829598e836e5",
  "language" : "por",
  "type" : "DEFAULT",
  "lastUpdatedDate" : "2023-05-08T16:21:45.455-06:00",
  "links" : [ {
    "rel" : "details",
    "href" : "https://titanapi.churchofjesuschrist.org/assetsearch/api/v2/collection/details/collectionID/1e299b85d2344934aac2829598e836e5"
  } ],
  "coverImages" : [ {
    "asset" : {
      "assetID" : "7a2d4851dba411ecbf04eeeeac1e1f66973e677f"
    }
  } ],
  "related" : [ ],
  "metadata" : [ {
    "key" : "orderIndex",
    "value" : "3"
  }, {
    "key" : "channel",
    "value" : "mobile",
    "language" : "por"
  }, {
    "key" : "collectionUri",
    "value" : "special-youth-devotionals",
    "language" : "por"
  }, {
    "key" : "publicTitle",
    "value" : "Devocionais para jovens e jovens adultos",
    "language" : "por"
  } ],
  "children" : [ ],
  "assets" : [ {
    "asset" : {
      "assetID" : "0e895e118fcb11edb776eeeeac1e327a118554d6"
    },
    "index" : 0,
    "addedDate" : 1684174374671,
    "metadata" : [ ]
  }, {
    "asset" : {
      "assetID" : "46b380728fcd11edb198eeeeac1e594be64e8162"
    },
    "index" : 1,
    "addedDate" : 1684174390136,
    "metadata" : [ ]
  } ],
  "fileName" : "1e299b85d2344934aac2829598e836e5.json",
  "name" : "Young Adult and Youth Devotionals",
  "publicTitle" : "Devocionais para jovens e jovens adultos"
}