{
  "parentCollectionID" : "94a20769135e4e70b8dcdab1f260abd2279ddd78",
  "parentCollectionPath" : "Mobile Media Library/Korean - Video/Teaching and Lessons/Come, Follow Me",
  "collectionType" : "collections",
  "path" : "Mobile Media Library/Korean - Video/Teaching and Lessons/Come, Follow Me/Come, Follow Me: Youth Curriculum - Getting Started",
  "collectionID" : "1f0ec4bfd4484e548717131eee84118e",
  "language" : "kor",
  "type" : "DEFAULT",
  "lastUpdatedDate" : "2023-04-24T19:33:25.380-06:00",
  "links" : [ {
    "rel" : "details",
    "href" : "https://titanapi.churchofjesuschrist.org/assetsearch/api/v2/collection/details/collectionID/1f0ec4bfd4484e548717131eee84118e"
  } ],
  "coverImages" : [ {
    "asset" : {
      "assetID" : "55f7a2cc86fdc52b0b27cbcb5582855d30d72c2c"
    }
  } ],
  "related" : [ ],
  "metadata" : [ {
    "key" : "orderIndex",
    "value" : "4"
  } ],
  "children" : [ {
    "path" : "Mobile Media Library/Korean - Video/Teaching and Lessons/Come, Follow Me/Come, Follow Me: Youth Curriculum - Getting Started/Teaching Tips",
    "collectionID" : "2926b25fa8d24ae48e787e6f8be97fbb",
    "type" : "DEFAULT",
    "lastUpdatedDate" : "2023-04-24T19:35:25.977-06:00",
    "links" : [ {
      "rel" : "details",
      "href" : "https://titanapi.churchofjesuschrist.org/assetsearch/api/v2/collection/details/collectionID/2926b25fa8d24ae48e787e6f8be97fbb"
    } ],
    "fileName" : "2926b25fa8d24ae48e787e6f8be97fbb.json"
  }, {
    "path" : "Mobile Media Library/Korean - Video/Teaching and Lessons/Come, Follow Me/Come, Follow Me: Youth Curriculum - Getting Started/Videos for Leaders",
    "collectionID" : "f0e531d56d124995ab2f0c8bb07c5279",
    "type" : "DEFAULT",
    "lastUpdatedDate" : "2023-04-24T19:36:48.198-06:00",
    "links" : [ {
      "rel" : "details",
      "href" : "https://titanapi.churchofjesuschrist.org/assetsearch/api/v2/collection/details/collectionID/f0e531d56d124995ab2f0c8bb07c5279"
    } ],
    "fileName" : "f0e531d56d124995ab2f0c8bb07c5279.json"
  }, {
    "path" : "Mobile Media Library/Korean - Video/Teaching and Lessons/Come, Follow Me/Come, Follow Me: Youth Curriculum - Getting Started/Videos for Youth and Parents",
    "collectionID" : "9305e3818050463b80e959819082716a",
    "type" : "DEFAULT",
    "lastUpdatedDate" : "2023-04-24T19:37:43.255-06:00",
    "links" : [ {
      "rel" : "details",
      "href" : "https://titanapi.churchofjesuschrist.org/assetsearch/api/v2/collection/details/collectionID/9305e3818050463b80e959819082716a"
    } ],
    "fileName" : "9305e3818050463b80e959819082716a.json"
  } ],
  "assets" : [ ],
  "fileName" : "1f0ec4bfd4484e548717131eee84118e.json",
  "name" : "Come, Follow Me: Youth Curriculum - Getting Started"
}