{
  "parentCollectionID" : "8465555f82f84f7db699299f4658eefc",
  "parentCollectionPath" : "Mobile Media Library/English - Video/Teaching and Lessons/Come, Follow Me/Come, Follow Me: Book of Mormon Learning and Teaching Resources",
  "collectionType" : "assets",
  "path" : "Mobile Media Library/English - Video/Teaching and Lessons/Come, Follow Me/Come, Follow Me: Book of Mormon Learning and Teaching Resources/June 22-28: Alma 17-22",
  "collectionID" : "1f16ab82015546f38b28c138637e90ed",
  "language" : "eng",
  "type" : "DEFAULT",
  "lastUpdatedDate" : "2020-06-08T18:57:34.907-06:00",
  "links" : [ {
    "rel" : "details",
    "href" : "https://titanapi.churchofjesuschrist.org/assetsearch/api/v2/collection/details/collectionID/1f16ab82015546f38b28c138637e90ed"
  } ],
  "coverImages" : [ {
    "asset" : {
      "assetID" : "de236a535916c95ae23b88492b3bed35e540d0fd"
    }
  } ],
  "related" : [ ],
  "metadata" : [ {
    "key" : "orderIndex",
    "value" : "24"
  }, {
    "key" : "collectionUri",
    "value" : "june-22–28-alma-17–22-videos",
    "language" : "eng"
  }, {
    "key" : "publicTitle",
    "value" : "June 22–28: Alma 17–22",
    "language" : "eng"
  } ],
  "children" : [ ],
  "assets" : [ {
    "asset" : {
      "assetID" : "2ef98aeb3c0580c92c0780c0396c1dbd4678aa75"
    },
    "index" : 0,
    "addedDate" : 1591663985003,
    "metadata" : [ ]
  }, {
    "asset" : {
      "assetID" : "a7a44e820ca9421e6adef633c5edfa1cc6990305"
    },
    "index" : 1,
    "addedDate" : 1591664016373,
    "metadata" : [ ]
  }, {
    "asset" : {
      "assetID" : "63b37652faab55930183878c44069acdc2aa2de4"
    },
    "index" : 4,
    "addedDate" : 1591664122410,
    "metadata" : [ ]
  }, {
    "asset" : {
      "assetID" : "c5149efe5cf91ad744b99c042f23c904afcb0f71"
    },
    "index" : 3,
    "addedDate" : 1595218257338,
    "metadata" : [ ]
  }, {
    "asset" : {
      "assetID" : "e56a6a696bb4bbc0f7e86f0fa2a2a69e5f0cb341"
    },
    "index" : 2,
    "addedDate" : 1632956876256,
    "metadata" : [ ]
  }, {
    "asset" : {
      "assetID" : "CE9211E4D1F56C682D0B8A221941CDA17411CA24"
    },
    "addedDate" : 1591642594943,
    "metadata" : [ ]
  }, {
    "asset" : {
      "assetID" : "A62B90B2A6CA7D3AC5EBCDD3ED4C29A2AD97F6DF"
    },
    "addedDate" : 1591642594943,
    "metadata" : [ ]
  }, {
    "asset" : {
      "assetID" : "73995D1D0D469913EA55C204C39770D35A7467A0"
    },
    "addedDate" : 1591642594943,
    "metadata" : [ ]
  }, {
    "asset" : {
      "assetID" : "BCEE087D7612295C4793CA31448DFBFB8BD17E5D"
    },
    "addedDate" : 1591642594930,
    "metadata" : [ ]
  }, {
    "asset" : {
      "assetID" : "FAE497465531D0C84CEFB1452563DE96D3FA8C71"
    },
    "addedDate" : 1591642594943,
    "metadata" : [ ]
  }, {
    "asset" : {
      "assetID" : "03488FE203C0D90FA499F62E0339C61CF3A008C8"
    },
    "addedDate" : 1591642594943,
    "metadata" : [ ]
  }, {
    "asset" : {
      "assetID" : "763DC68A9577F44DE70647E1D98CEFAAE4F44993"
    },
    "addedDate" : 1591642594943,
    "metadata" : [ ]
  } ],
  "fileName" : "1f16ab82015546f38b28c138637e90ed.json",
  "name" : "June 22-28: Alma 17-22",
  "publicTitle" : "June 22–28: Alma 17–22"
}