{
  "parentCollectionID" : "ee39ae5a9c974a1a8b267379c98d2594",
  "parentCollectionPath" : "Mobile Media Library/Spanish - Video/Broadcasts",
  "collectionType" : "assets",
  "path" : "Mobile Media Library/Spanish - Video/Broadcasts/Teaching in the Savior's Way",
  "collectionID" : "1fd1db6aaa0f46308d70958887e63beb",
  "language" : "spa",
  "type" : "DEFAULT",
  "lastUpdatedDate" : "2022-06-17T13:48:35.061-06:00",
  "links" : [ {
    "rel" : "details",
    "href" : "https://titanapi.churchofjesuschrist.org/assetsearch/api/v2/collection/details/collectionID/1fd1db6aaa0f46308d70958887e63beb"
  } ],
  "coverImages" : [ {
    "asset" : {
      "assetID" : "dc1db0b2227d70369ab9d9aa1c15d35576c64a9a"
    }
  } ],
  "related" : [ ],
  "metadata" : [ {
    "key" : "collectionUri",
    "value" : "teaching-in-the-saviors-way-broadcast",
    "language" : "spa"
  }, {
    "key" : "orderIndex",
    "value" : "13"
  } ],
  "children" : [ ],
  "assets" : [ {
    "asset" : {
      "assetID" : "7dbd7c32e5ee11ecaa0ceeeeac1e8809309b0626"
    },
    "index" : 0,
    "addedDate" : 1655495437019,
    "metadata" : [ ]
  }, {
    "asset" : {
      "assetID" : "0446d1d2e6b211eca18aeeeeac1e536b1754a014"
    },
    "index" : 1,
    "addedDate" : 1655495456315,
    "metadata" : [ ]
  }, {
    "asset" : {
      "assetID" : "349a4667e6ce11ec952eeeeeac1e6a5aa56660be"
    },
    "index" : 2,
    "addedDate" : 1655495472091,
    "metadata" : [ ]
  } ],
  "fileName" : "1fd1db6aaa0f46308d70958887e63beb.json",
  "name" : "Teaching in the Savior's Way"
}