{
  "parentCollectionID" : "9a06d7efb9ba423f9e295154e9b4b68e",
  "parentCollectionPath" : "Mobile Media Library/English - Images/Come, Follow Me: Learning and Teaching Resources/2023 Come Follow Me Image Resources",
  "collectionType" : "assets",
  "path" : "Mobile Media Library/English - Images/Come, Follow Me: Learning and Teaching Resources/2023 Come Follow Me Image Resources/March 27–April 2. Matthew 14; Mark 6; John 5-6: \"Be Not Afraid\"",
  "collectionID" : "204be9f9497841009d288253ce5ca50f",
  "language" : "eng",
  "type" : "DEFAULT",
  "lastUpdatedDate" : "2022-12-27T16:59:15.945-07:00",
  "links" : [ {
    "rel" : "details",
    "href" : "https://titanapi.churchofjesuschrist.org/assetsearch/api/v2/collection/details/collectionID/204be9f9497841009d288253ce5ca50f"
  } ],
  "coverImages" : [ {
    "asset" : {
      "assetID" : "f20fbe1671d5991fef4e20e48db1a968c390ea8b"
    }
  } ],
  "related" : [ ],
  "metadata" : [ {
    "key" : "orderIndex",
    "value" : "13"
  }, {
    "key" : "collectionUri",
    "value" : "cfm-2023-images-march-27-april-2",
    "language" : "eng"
  }, {
    "key" : "publicTitle",
    "value" : "March 27–April 2. Matthew 14; Mark 6; John 5-6: \"Be Not Afraid\"",
    "language" : "eng"
  } ],
  "children" : [ ],
  "assets" : [ {
    "asset" : {
      "assetID" : "e99e082f265b3c39dedd5093c7e4460a468f5c2d"
    },
    "index" : 2,
    "addedDate" : 1665939681271,
    "metadata" : [ ]
  }, {
    "asset" : {
      "assetID" : "c61e9b32f9d5e6455af61e96d96aa54c90a66341"
    },
    "index" : 0,
    "addedDate" : 1665939669791,
    "metadata" : [ ]
  } ],
  "fileName" : "204be9f9497841009d288253ce5ca50f.json",
  "name" : "March 27–April 2. Matthew 14; Mark 6; John 5-6: \"Be Not Afraid\"",
  "publicTitle" : "March 27–April 2. Matthew 14; Mark 6; John 5-6: \"Be Not Afraid\""
}