{
  "parentCollectionID" : "b1ffa79b5ac34175876f0c65dcca7a70349e37d7",
  "parentCollectionPath" : "Mobile Media Library/Korean - Video/Callings and Trainings/Leadership",
  "collectionType" : "collections",
  "path" : "Mobile Media Library/Korean - Video/Callings and Trainings/Leadership/Leadership Training Library",
  "collectionID" : "20d47d217b5f4402bc2cb8c9538b54fab7fa575c",
  "language" : "kor",
  "type" : "DEFAULT",
  "lastUpdatedDate" : "2022-11-02T20:49:52.581-06:00",
  "links" : [ {
    "rel" : "details",
    "href" : "https://titanapi.churchofjesuschrist.org/assetsearch/api/v2/collection/details/collectionID/20d47d217b5f4402bc2cb8c9538b54fab7fa575c"
  } ],
  "coverImages" : [ {
    "asset" : {
      "assetID" : "30da7d3dd714697496516913004fbdef417adfca"
    }
  } ],
  "related" : [ ],
  "metadata" : [ {
    "key" : "orderIndex",
    "value" : "8"
  }, {
    "key" : "collectionUri",
    "value" : "training-leadership-training-library",
    "language" : "kor"
  }, {
    "key" : "publicTitle",
    "value" : "지도력 훈련 자료실",
    "language" : "kor"
  } ],
  "children" : [ {
    "path" : "Mobile Media Library/Korean - Video/Callings and Trainings/Leadership/Leadership Training Library/Teaching in the Savior's Way",
    "collectionID" : "935dc38886d74926bccf81de7ef840b23a92395c",
    "type" : "DEFAULT",
    "lastUpdatedDate" : "2022-11-02T19:47:30.332-06:00",
    "links" : [ {
      "rel" : "details",
      "href" : "https://titanapi.churchofjesuschrist.org/assetsearch/api/v2/collection/details/collectionID/935dc38886d74926bccf81de7ef840b23a92395c"
    } ],
    "fileName" : "935dc38886d74926bccf81de7ef840b23a92395c.json"
  } ],
  "assets" : [ ],
  "fileName" : "20d47d217b5f4402bc2cb8c9538b54fab7fa575c.json",
  "name" : "Leadership Training Library",
  "publicTitle" : "지도력 훈련 자료실"
}