{
  "parentCollectionID" : "1ac152895bbd40d79a53b230e8cf4300432cf4fb",
  "parentCollectionPath" : "Mobile Media Library/Mandarin Simplified - Video/Life Help/Self-Reliance Services and PEF/Personal Finances",
  "collectionType" : "collections",
  "path" : "Mobile Media Library/Mandarin Simplified - Video/Life Help/Self-Reliance Services and PEF/Personal Finances/Chapter 5: Sticking to a Budget",
  "collectionID" : "21440868a3e7491c9173ed02ebbf9627f73e61b4",
  "type" : "DEFAULT",
  "lastUpdatedDate" : "2022-08-19T14:40:01.867-06:00",
  "links" : [ {
    "rel" : "details",
    "href" : "https://titanapi.churchofjesuschrist.org/assetsearch/api/v2/collection/details/collectionID/21440868a3e7491c9173ed02ebbf9627f73e61b4"
  } ],
  "coverImages" : [ {
    "asset" : {
      "assetID" : "b15e54bfcb9e76a1b4e8cd2857a2fee66d080c47"
    }
  } ],
  "related" : [ ],
  "metadata" : [ {
    "key" : "collectionUri",
    "value" : "chapter-5-sticking-to-a-budget"
  } ],
  "children" : [ ],
  "assets" : [ ],
  "fileName" : "21440868a3e7491c9173ed02ebbf9627f73e61b4.json",
  "name" : "Chapter 5: Sticking to a Budget"
}