{
  "parentCollectionID" : "9a06d7efb9ba423f9e295154e9b4b68e",
  "parentCollectionPath" : "Mobile Media Library/English - Images/Come, Follow Me: Learning and Teaching Resources/2023 Come Follow Me Image Resources",
  "collectionType" : "assets",
  "path" : "Mobile Media Library/English - Images/Come, Follow Me: Learning and Teaching Resources/2023 Come Follow Me Image Resources/April 17–April 23. Matthew 18; Luke 10: \"What Shall I Do to Inherit Eternal Life?\"",
  "collectionID" : "218c86e4cea54895a318c07aaeb9c54e",
  "language" : "eng",
  "type" : "DEFAULT",
  "lastUpdatedDate" : "2022-12-27T16:56:25.967-07:00",
  "links" : [ {
    "rel" : "details",
    "href" : "https://titanapi.churchofjesuschrist.org/assetsearch/api/v2/collection/details/collectionID/218c86e4cea54895a318c07aaeb9c54e"
  } ],
  "coverImages" : [ {
    "asset" : {
      "assetID" : "85ce897746b55e490e69be1857056e6765f5c1ef"
    }
  } ],
  "related" : [ ],
  "metadata" : [ {
    "key" : "orderIndex",
    "value" : "16"
  }, {
    "key" : "collectionUri",
    "value" : "cfm-2023-images-april-17-23",
    "language" : "eng"
  }, {
    "key" : "publicTitle",
    "value" : "April 17–April 23. Matthew 18; Luke 10: \"What Shall I Do to Inherit Eternal Life?\"",
    "language" : "eng"
  } ],
  "children" : [ ],
  "assets" : [ {
    "asset" : {
      "assetID" : "0296a9b3b3ec1004cb83c74f35cedad9ef803a48"
    },
    "index" : 3,
    "addedDate" : 1665939754814,
    "metadata" : [ ]
  }, {
    "asset" : {
      "assetID" : "28493c0803dcb59300e9db77d55e7da7d0ff0d14"
    },
    "index" : 0,
    "addedDate" : 1665939728423,
    "metadata" : [ ]
  }, {
    "asset" : {
      "assetID" : "b921535b86db2684466a9242b9308dc19f7bcd40"
    },
    "index" : 1,
    "addedDate" : 1665939734819,
    "metadata" : [ ]
  }, {
    "asset" : {
      "assetID" : "cb203d0b53bbe63e8fac60a31fe9b14a0cef24ef"
    },
    "index" : 2,
    "addedDate" : 1665939743474,
    "metadata" : [ ]
  }, {
    "asset" : {
      "assetID" : "ea00eb672ae411ec9229eeeeac1e279666ff349c"
    },
    "index" : 6,
    "addedDate" : 1666726876488,
    "metadata" : [ ]
  } ],
  "fileName" : "218c86e4cea54895a318c07aaeb9c54e.json",
  "name" : "April 17–April 23. Matthew 18; Luke 10: \"What Shall I Do to Inherit Eternal Life?\"",
  "publicTitle" : "April 17–April 23. Matthew 18; Luke 10: \"What Shall I Do to Inherit Eternal Life?\""
}