{
  "parentCollectionID" : "9e74a5a0519a4b6ba95069a0403d1b2d",
  "parentCollectionPath" : "Mobile Media Library/Finnish - Video",
  "collectionType" : "collections",
  "path" : "Mobile Media Library/Finnish - Video/Topics",
  "collectionID" : "22311a4569134057bf32120891029b87e4fec69c",
  "language" : "fin",
  "type" : "DEFAULT",
  "lastUpdatedDate" : "2023-05-24T16:34:40.772-06:00",
  "links" : [ {
    "rel" : "details",
    "href" : "https://titanapi.churchofjesuschrist.org/assetsearch/api/v2/collection/details/collectionID/22311a4569134057bf32120891029b87e4fec69c"
  } ],
  "coverImages" : [ {
    "asset" : {
      "assetID" : "15d8b2d9413521ec50a30774ed33af78a87cde5d"
    }
  } ],
  "related" : [ ],
  "metadata" : [ {
    "key" : "orderIndex",
    "value" : "14"
  }, {
    "key" : "collectionUri",
    "value" : "topics-list-view",
    "language" : "fin"
  }, {
    "key" : "publicTitle",
    "value" : "Aiheita",
    "language" : "fin"
  } ],
  "children" : [ {
    "path" : "Mobile Media Library/Finnish - Video/Topics/Adversity",
    "collectionID" : "0cd53b1ace214575a75a924e519a2b32d45f2e6a",
    "type" : "DEFAULT",
    "lastUpdatedDate" : "2023-05-24T16:34:52.858-06:00",
    "links" : [ {
      "rel" : "details",
      "href" : "https://titanapi.churchofjesuschrist.org/assetsearch/api/v2/collection/details/collectionID/0cd53b1ace214575a75a924e519a2b32d45f2e6a"
    } ],
    "fileName" : "0cd53b1ace214575a75a924e519a2b32d45f2e6a.json"
  }, {
    "path" : "Mobile Media Library/Finnish - Video/Topics/Agency",
    "collectionID" : "f19b9e1a18524939a423920cca83c45cf779c020",
    "type" : "DEFAULT",
    "lastUpdatedDate" : "2023-05-24T16:35:00.999-06:00",
    "links" : [ {
      "rel" : "details",
      "href" : "https://titanapi.churchofjesuschrist.org/assetsearch/api/v2/collection/details/collectionID/f19b9e1a18524939a423920cca83c45cf779c020"
    } ],
    "fileName" : "f19b9e1a18524939a423920cca83c45cf779c020.json"
  }, {
    "path" : "Mobile Media Library/Finnish - Video/Topics/Atonement",
    "collectionID" : "0506754a6fa041d28d29c2069e9efe4251334629",
    "type" : "DEFAULT",
    "lastUpdatedDate" : "2023-05-24T16:35:12.460-06:00",
    "links" : [ {
      "rel" : "details",
      "href" : "https://titanapi.churchofjesuschrist.org/assetsearch/api/v2/collection/details/collectionID/0506754a6fa041d28d29c2069e9efe4251334629"
    } ],
    "fileName" : "0506754a6fa041d28d29c2069e9efe4251334629.json"
  }, {
    "path" : "Mobile Media Library/Finnish - Video/Topics/Charity",
    "collectionID" : "31d6b3ab461f4bc7b637c7655676b78e84b0ce2a",
    "type" : "DEFAULT",
    "lastUpdatedDate" : "2023-05-24T16:35:21.731-06:00",
    "links" : [ {
      "rel" : "details",
      "href" : "https://titanapi.churchofjesuschrist.org/assetsearch/api/v2/collection/details/collectionID/31d6b3ab461f4bc7b637c7655676b78e84b0ce2a"
    } ],
    "fileName" : "31d6b3ab461f4bc7b637c7655676b78e84b0ce2a.json"
  }, {
    "path" : "Mobile Media Library/Finnish - Video/Topics/Chastity",
    "collectionID" : "275f85c7c01144d8ba6d1a1effd49ae4977d7602",
    "type" : "DEFAULT",
    "lastUpdatedDate" : "2023-05-24T16:35:29.794-06:00",
    "links" : [ {
      "rel" : "details",
      "href" : "https://titanapi.churchofjesuschrist.org/assetsearch/api/v2/collection/details/collectionID/275f85c7c01144d8ba6d1a1effd49ae4977d7602"
    } ],
    "fileName" : "275f85c7c01144d8ba6d1a1effd49ae4977d7602.json"
  }, {
    "path" : "Mobile Media Library/Finnish - Video/Topics/Christmas",
    "collectionID" : "6f5a81febbd3480eadc19a17acb9c62976bbca6e",
    "type" : "DEFAULT",
    "lastUpdatedDate" : "2023-05-24T16:35:37.845-06:00",
    "links" : [ {
      "rel" : "details",
      "href" : "https://titanapi.churchofjesuschrist.org/assetsearch/api/v2/collection/details/collectionID/6f5a81febbd3480eadc19a17acb9c62976bbca6e"
    } ],
    "fileName" : "6f5a81febbd3480eadc19a17acb9c62976bbca6e.json"
  }, {
    "path" : "Mobile Media Library/Finnish - Video/Topics/Commandments",
    "collectionID" : "e51f090f48724e9889112d3a2b624beb3cd4d778",
    "type" : "DEFAULT",
    "lastUpdatedDate" : "2023-05-24T16:35:48.868-06:00",
    "links" : [ {
      "rel" : "details",
      "href" : "https://titanapi.churchofjesuschrist.org/assetsearch/api/v2/collection/details/collectionID/e51f090f48724e9889112d3a2b624beb3cd4d778"
    } ],
    "fileName" : "e51f090f48724e9889112d3a2b624beb3cd4d778.json"
  }, {
    "path" : "Mobile Media Library/Finnish - Video/Topics/Disabilities",
    "collectionID" : "5a92c7baf03c4d29b09e7f217ff1a410253fb737",
    "type" : "DEFAULT",
    "lastUpdatedDate" : "2023-05-24T16:35:57.493-06:00",
    "links" : [ {
      "rel" : "details",
      "href" : "https://titanapi.churchofjesuschrist.org/assetsearch/api/v2/collection/details/collectionID/5a92c7baf03c4d29b09e7f217ff1a410253fb737"
    } ],
    "fileName" : "5a92c7baf03c4d29b09e7f217ff1a410253fb737.json"
  }, {
    "path" : "Mobile Media Library/Finnish - Video/Topics/Easter",
    "collectionID" : "635c8e8db85a47aa881606e59dc918c14e9d8fa8",
    "type" : "DEFAULT",
    "lastUpdatedDate" : "2023-05-24T16:36:10.103-06:00",
    "links" : [ {
      "rel" : "details",
      "href" : "https://titanapi.churchofjesuschrist.org/assetsearch/api/v2/collection/details/collectionID/635c8e8db85a47aa881606e59dc918c14e9d8fa8"
    } ],
    "fileName" : "635c8e8db85a47aa881606e59dc918c14e9d8fa8.json"
  }, {
    "path" : "Mobile Media Library/Finnish - Video/Topics/Education",
    "collectionID" : "d30dfd3de1d54943820130c6d125e053df71adb4",
    "type" : "DEFAULT",
    "lastUpdatedDate" : "2023-05-24T16:36:18.555-06:00",
    "links" : [ {
      "rel" : "details",
      "href" : "https://titanapi.churchofjesuschrist.org/assetsearch/api/v2/collection/details/collectionID/d30dfd3de1d54943820130c6d125e053df71adb4"
    } ],
    "fileName" : "d30dfd3de1d54943820130c6d125e053df71adb4.json"
  }, {
    "path" : "Mobile Media Library/Finnish - Video/Topics/Faith",
    "collectionID" : "732e516f14a944febc4eabaf847e992e5287b0c4",
    "type" : "DEFAULT",
    "lastUpdatedDate" : "2023-05-24T16:39:43.225-06:00",
    "links" : [ {
      "rel" : "details",
      "href" : "https://titanapi.churchofjesuschrist.org/assetsearch/api/v2/collection/details/collectionID/732e516f14a944febc4eabaf847e992e5287b0c4"
    } ],
    "fileName" : "732e516f14a944febc4eabaf847e992e5287b0c4.json"
  }, {
    "path" : "Mobile Media Library/Finnish - Video/Topics/Fasting",
    "collectionID" : "ca96aee22a4d44f5bbe14592d2a661cf253489fe",
    "type" : "DEFAULT",
    "lastUpdatedDate" : "2023-05-24T16:39:51.648-06:00",
    "links" : [ {
      "rel" : "details",
      "href" : "https://titanapi.churchofjesuschrist.org/assetsearch/api/v2/collection/details/collectionID/ca96aee22a4d44f5bbe14592d2a661cf253489fe"
    } ],
    "fileName" : "ca96aee22a4d44f5bbe14592d2a661cf253489fe.json"
  }, {
    "path" : "Mobile Media Library/Finnish - Video/Topics/Fathers",
    "collectionID" : "39b24fbbee7648cb93a7f339bcf30fce11dabaf1",
    "type" : "DEFAULT",
    "lastUpdatedDate" : "2023-05-24T16:40:05.547-06:00",
    "links" : [ {
      "rel" : "details",
      "href" : "https://titanapi.churchofjesuschrist.org/assetsearch/api/v2/collection/details/collectionID/39b24fbbee7648cb93a7f339bcf30fce11dabaf1"
    } ],
    "fileName" : "39b24fbbee7648cb93a7f339bcf30fce11dabaf1.json"
  }, {
    "path" : "Mobile Media Library/Finnish - Video/Topics/Gratitude",
    "collectionID" : "77ae64df4a5a49cab90204a7d6034cc3d2d31805",
    "type" : "DEFAULT",
    "lastUpdatedDate" : "2023-05-24T16:40:14.943-06:00",
    "links" : [ {
      "rel" : "details",
      "href" : "https://titanapi.churchofjesuschrist.org/assetsearch/api/v2/collection/details/collectionID/77ae64df4a5a49cab90204a7d6034cc3d2d31805"
    } ],
    "fileName" : "77ae64df4a5a49cab90204a7d6034cc3d2d31805.json"
  }, {
    "path" : "Mobile Media Library/Finnish - Video/Topics/Holy Ghost",
    "collectionID" : "0e340294743049acb3f882428d037f41a7112537",
    "type" : "DEFAULT",
    "lastUpdatedDate" : "2023-05-24T16:40:23.658-06:00",
    "links" : [ {
      "rel" : "details",
      "href" : "https://titanapi.churchofjesuschrist.org/assetsearch/api/v2/collection/details/collectionID/0e340294743049acb3f882428d037f41a7112537"
    } ],
    "fileName" : "0e340294743049acb3f882428d037f41a7112537.json"
  }, {
    "path" : "Mobile Media Library/Finnish - Video/Topics/Home",
    "collectionID" : "fb3adbb26a504dd0a98e375cfcaf312cc655f184",
    "type" : "DEFAULT",
    "lastUpdatedDate" : "2023-05-24T16:40:33.895-06:00",
    "links" : [ {
      "rel" : "details",
      "href" : "https://titanapi.churchofjesuschrist.org/assetsearch/api/v2/collection/details/collectionID/fb3adbb26a504dd0a98e375cfcaf312cc655f184"
    } ],
    "fileName" : "fb3adbb26a504dd0a98e375cfcaf312cc655f184.json"
  }, {
    "path" : "Mobile Media Library/Finnish - Video/Topics/Hope",
    "collectionID" : "82e5942bbc0d49e583f65fbbcac7669d3fcceaa2",
    "type" : "DEFAULT",
    "lastUpdatedDate" : "2023-05-24T16:40:43.472-06:00",
    "links" : [ {
      "rel" : "details",
      "href" : "https://titanapi.churchofjesuschrist.org/assetsearch/api/v2/collection/details/collectionID/82e5942bbc0d49e583f65fbbcac7669d3fcceaa2"
    } ],
    "fileName" : "82e5942bbc0d49e583f65fbbcac7669d3fcceaa2.json"
  }, {
    "path" : "Mobile Media Library/Finnish - Video/Topics/Humility",
    "collectionID" : "34c6fe0eae794e5aabfe86fb22dd4bd6290128b9",
    "type" : "DEFAULT",
    "lastUpdatedDate" : "2023-05-24T16:41:10.311-06:00",
    "links" : [ {
      "rel" : "details",
      "href" : "https://titanapi.churchofjesuschrist.org/assetsearch/api/v2/collection/details/collectionID/34c6fe0eae794e5aabfe86fb22dd4bd6290128b9"
    } ],
    "fileName" : "34c6fe0eae794e5aabfe86fb22dd4bd6290128b9.json"
  }, {
    "path" : "Mobile Media Library/Finnish - Video/Topics/Jesus Christ",
    "collectionID" : "e163d707bc594690995ae848ef8fa0203d4cae89",
    "type" : "DEFAULT",
    "lastUpdatedDate" : "2023-05-24T16:41:22.422-06:00",
    "links" : [ {
      "rel" : "details",
      "href" : "https://titanapi.churchofjesuschrist.org/assetsearch/api/v2/collection/details/collectionID/e163d707bc594690995ae848ef8fa0203d4cae89"
    } ],
    "fileName" : "e163d707bc594690995ae848ef8fa0203d4cae89.json"
  }, {
    "path" : "Mobile Media Library/Finnish - Video/Topics/Judgment",
    "collectionID" : "95fadc88ea194ff5ab9e1ee8c116d8b8916d2a1e",
    "type" : "DEFAULT",
    "lastUpdatedDate" : "2023-05-24T16:41:31.176-06:00",
    "links" : [ {
      "rel" : "details",
      "href" : "https://titanapi.churchofjesuschrist.org/assetsearch/api/v2/collection/details/collectionID/95fadc88ea194ff5ab9e1ee8c116d8b8916d2a1e"
    } ],
    "fileName" : "95fadc88ea194ff5ab9e1ee8c116d8b8916d2a1e.json"
  }, {
    "path" : "Mobile Media Library/Finnish - Video/Topics/Marriage and Family",
    "collectionID" : "8888d3f41b7e46e2bc8cf0613eaf041c824caa0b",
    "type" : "DEFAULT",
    "lastUpdatedDate" : "2023-05-24T16:41:43.194-06:00",
    "links" : [ {
      "rel" : "details",
      "href" : "https://titanapi.churchofjesuschrist.org/assetsearch/api/v2/collection/details/collectionID/8888d3f41b7e46e2bc8cf0613eaf041c824caa0b"
    } ],
    "fileName" : "8888d3f41b7e46e2bc8cf0613eaf041c824caa0b.json"
  }, {
    "path" : "Mobile Media Library/Finnish - Video/Topics/Missionary Work",
    "collectionID" : "edfbe503f96c43cd8eb439585bd3b2007e40ddf8",
    "type" : "DEFAULT",
    "lastUpdatedDate" : "2023-05-24T16:41:52.243-06:00",
    "links" : [ {
      "rel" : "details",
      "href" : "https://titanapi.churchofjesuschrist.org/assetsearch/api/v2/collection/details/collectionID/edfbe503f96c43cd8eb439585bd3b2007e40ddf8"
    } ],
    "fileName" : "edfbe503f96c43cd8eb439585bd3b2007e40ddf8.json"
  }, {
    "path" : "Mobile Media Library/Finnish - Video/Topics/Plan of Salvation",
    "collectionID" : "a9f4d6de10d04145a2b6946041666c94c92145b7",
    "type" : "DEFAULT",
    "lastUpdatedDate" : "2023-05-24T16:42:04.218-06:00",
    "links" : [ {
      "rel" : "details",
      "href" : "https://titanapi.churchofjesuschrist.org/assetsearch/api/v2/collection/details/collectionID/a9f4d6de10d04145a2b6946041666c94c92145b7"
    } ],
    "fileName" : "a9f4d6de10d04145a2b6946041666c94c92145b7.json"
  }, {
    "path" : "Mobile Media Library/Finnish - Video/Topics/Pornography",
    "collectionID" : "51bc5bfb42a940cd885585e0ed943b3671a0daad",
    "type" : "DEFAULT",
    "lastUpdatedDate" : "2023-05-24T16:42:17.915-06:00",
    "links" : [ {
      "rel" : "details",
      "href" : "https://titanapi.churchofjesuschrist.org/assetsearch/api/v2/collection/details/collectionID/51bc5bfb42a940cd885585e0ed943b3671a0daad"
    } ],
    "fileName" : "51bc5bfb42a940cd885585e0ed943b3671a0daad.json"
  }, {
    "path" : "Mobile Media Library/Finnish - Video/Topics/Prayer",
    "collectionID" : "0b87fb9f99d74c389c3213960034ddfca8b26535",
    "type" : "DEFAULT",
    "lastUpdatedDate" : "2023-05-24T16:42:31.666-06:00",
    "links" : [ {
      "rel" : "details",
      "href" : "https://titanapi.churchofjesuschrist.org/assetsearch/api/v2/collection/details/collectionID/0b87fb9f99d74c389c3213960034ddfca8b26535"
    } ],
    "fileName" : "0b87fb9f99d74c389c3213960034ddfca8b26535.json"
  }, {
    "path" : "Mobile Media Library/Finnish - Video/Topics/Priesthood",
    "collectionID" : "9141852251e941779d7c352000a449b3e7373420",
    "type" : "DEFAULT",
    "lastUpdatedDate" : "2023-05-24T16:42:50.353-06:00",
    "links" : [ {
      "rel" : "details",
      "href" : "https://titanapi.churchofjesuschrist.org/assetsearch/api/v2/collection/details/collectionID/9141852251e941779d7c352000a449b3e7373420"
    } ],
    "fileName" : "9141852251e941779d7c352000a449b3e7373420.json"
  }, {
    "path" : "Mobile Media Library/Finnish - Video/Topics/Repentance and Forgiveness",
    "collectionID" : "93e1869db6da49c6919145c4dacd1dd7176c4e6e",
    "type" : "DEFAULT",
    "lastUpdatedDate" : "2023-05-24T16:43:04.003-06:00",
    "links" : [ {
      "rel" : "details",
      "href" : "https://titanapi.churchofjesuschrist.org/assetsearch/api/v2/collection/details/collectionID/93e1869db6da49c6919145c4dacd1dd7176c4e6e"
    } ],
    "fileName" : "93e1869db6da49c6919145c4dacd1dd7176c4e6e.json"
  }, {
    "path" : "Mobile Media Library/Finnish - Video/Topics/Revelation",
    "collectionID" : "ff4fa508f2344cd8828fdbb5a9a812569cb24f75",
    "type" : "DEFAULT",
    "lastUpdatedDate" : "2023-05-24T16:43:16.714-06:00",
    "links" : [ {
      "rel" : "details",
      "href" : "https://titanapi.churchofjesuschrist.org/assetsearch/api/v2/collection/details/collectionID/ff4fa508f2344cd8828fdbb5a9a812569cb24f75"
    } ],
    "fileName" : "ff4fa508f2344cd8828fdbb5a9a812569cb24f75.json"
  }, {
    "path" : "Mobile Media Library/Finnish - Video/Topics/Service",
    "collectionID" : "509e18c5939f4475bb3c775ea4108653aa018073",
    "type" : "DEFAULT",
    "lastUpdatedDate" : "2023-05-24T16:43:26.140-06:00",
    "links" : [ {
      "rel" : "details",
      "href" : "https://titanapi.churchofjesuschrist.org/assetsearch/api/v2/collection/details/collectionID/509e18c5939f4475bb3c775ea4108653aa018073"
    } ],
    "fileName" : "509e18c5939f4475bb3c775ea4108653aa018073.json"
  }, {
    "path" : "Mobile Media Library/Finnish - Video/Topics/Spirituality",
    "collectionID" : "f92cb4aaea504ee98e2ed76049403a3721763e9f",
    "type" : "DEFAULT",
    "lastUpdatedDate" : "2023-05-24T16:43:51.634-06:00",
    "links" : [ {
      "rel" : "details",
      "href" : "https://titanapi.churchofjesuschrist.org/assetsearch/api/v2/collection/details/collectionID/f92cb4aaea504ee98e2ed76049403a3721763e9f"
    } ],
    "fileName" : "f92cb4aaea504ee98e2ed76049403a3721763e9f.json"
  }, {
    "path" : "Mobile Media Library/Finnish - Video/Topics/Standards",
    "collectionID" : "0018deecb1a14e1fb4b2e550748aa4a615442818",
    "type" : "DEFAULT",
    "lastUpdatedDate" : "2023-05-24T16:44:03.716-06:00",
    "links" : [ {
      "rel" : "details",
      "href" : "https://titanapi.churchofjesuschrist.org/assetsearch/api/v2/collection/details/collectionID/0018deecb1a14e1fb4b2e550748aa4a615442818"
    } ],
    "fileName" : "0018deecb1a14e1fb4b2e550748aa4a615442818.json"
  }, {
    "path" : "Mobile Media Library/Finnish - Video/Topics/Temples",
    "collectionID" : "3c20843149ef4d5ba53c316c84927d5f439cc53c",
    "type" : "DEFAULT",
    "lastUpdatedDate" : "2023-05-24T16:44:16.556-06:00",
    "links" : [ {
      "rel" : "details",
      "href" : "https://titanapi.churchofjesuschrist.org/assetsearch/api/v2/collection/details/collectionID/3c20843149ef4d5ba53c316c84927d5f439cc53c"
    } ],
    "fileName" : "3c20843149ef4d5ba53c316c84927d5f439cc53c.json"
  }, {
    "path" : "Mobile Media Library/Finnish - Video/Topics/Testimony",
    "collectionID" : "bfb8e26fc0624930a45622cd9a2b87c780f3e26e",
    "type" : "DEFAULT",
    "lastUpdatedDate" : "2023-05-24T16:44:27.426-06:00",
    "links" : [ {
      "rel" : "details",
      "href" : "https://titanapi.churchofjesuschrist.org/assetsearch/api/v2/collection/details/collectionID/bfb8e26fc0624930a45622cd9a2b87c780f3e26e"
    } ],
    "fileName" : "bfb8e26fc0624930a45622cd9a2b87c780f3e26e.json"
  }, {
    "path" : "Mobile Media Library/Finnish - Video/Topics/Tithes and Offerings",
    "collectionID" : "71012fa766314a7584da5be3935994a9c9809893",
    "type" : "DEFAULT",
    "lastUpdatedDate" : "2023-05-24T16:45:17.655-06:00",
    "links" : [ {
      "rel" : "details",
      "href" : "https://titanapi.churchofjesuschrist.org/assetsearch/api/v2/collection/details/collectionID/71012fa766314a7584da5be3935994a9c9809893"
    } ],
    "fileName" : "71012fa766314a7584da5be3935994a9c9809893.json"
  }, {
    "path" : "Mobile Media Library/Finnish - Video/Topics/Virtue",
    "collectionID" : "24d718c08dda471295733920a32c7d826f0c2b4a",
    "type" : "DEFAULT",
    "lastUpdatedDate" : "2023-05-24T16:45:30.104-06:00",
    "links" : [ {
      "rel" : "details",
      "href" : "https://titanapi.churchofjesuschrist.org/assetsearch/api/v2/collection/details/collectionID/24d718c08dda471295733920a32c7d826f0c2b4a"
    } ],
    "fileName" : "24d718c08dda471295733920a32c7d826f0c2b4a.json"
  }, {
    "path" : "Mobile Media Library/Finnish - Video/Topics/Women",
    "collectionID" : "b7e7a6c81a9645f9b16589afaeea3af5c864a07a",
    "type" : "DEFAULT",
    "lastUpdatedDate" : "2023-05-24T16:45:39.977-06:00",
    "links" : [ {
      "rel" : "details",
      "href" : "https://titanapi.churchofjesuschrist.org/assetsearch/api/v2/collection/details/collectionID/b7e7a6c81a9645f9b16589afaeea3af5c864a07a"
    } ],
    "fileName" : "b7e7a6c81a9645f9b16589afaeea3af5c864a07a.json"
  } ],
  "assets" : [ ],
  "fileName" : "22311a4569134057bf32120891029b87e4fec69c.json",
  "name" : "Topics",
  "publicTitle" : "Aiheita"
}