{
  "parentCollectionID" : "99f27c0d834345eeb35d02136fbca30d",
  "parentCollectionPath" : "Mobile Media Library/ASL - Video/Scriptural Reenactments and Teachings/Book of Mormon Videos",
  "collectionType" : "assets",
  "path" : "Mobile Media Library/ASL - Video/Scriptural Reenactments and Teachings/Book of Mormon Videos/Enos 1",
  "collectionID" : "236c9bf2914644a2bac21c61840d424a",
  "language" : "ase",
  "type" : "DEFAULT",
  "lastUpdatedDate" : "2024-09-23T14:52:12.589-06:00",
  "links" : [ {
    "rel" : "details",
    "href" : "https://titanapi.churchofjesuschrist.org/assetsearch/api/v2/collection/details/collectionID/236c9bf2914644a2bac21c61840d424a"
  } ],
  "coverImages" : [ {
    "asset" : {
      "assetID" : "e7e11d7337941050cccada471f32f1b72d1509ad"
    }
  } ],
  "related" : [ ],
  "metadata" : [ {
    "key" : "channel",
    "value" : "mobile",
    "language" : "ase"
  }, {
    "key" : "collectionUri",
    "value" : "enos-1",
    "language" : "ase"
  }, {
    "key" : "publicTitle",
    "value" : "ASL: Enos 1",
    "language" : "ase"
  }, {
    "key" : "orderIndex",
    "value" : "17"
  } ],
  "children" : [ ],
  "assets" : [ {
    "asset" : {
      "assetID" : "gkp9uotw51dj68w27kxxv079tr313ojw81gr3yf9"
    },
    "index" : 0,
    "addedDate" : 1727125517521,
    "metadata" : [ ]
  } ],
  "fileName" : "236c9bf2914644a2bac21c61840d424a.json",
  "name" : "Enos 1",
  "publicTitle" : "ASL: Enos 1"
}