{
  "parentCollectionID" : "6cbc351383c34b498df7f88712233aec93703781",
  "parentCollectionPath" : "Mobile Media Library/Mandarin Simplified - Video/Scriptural Reenactments and Teachings/Book of Mormon/Book of Mormon Videos",
  "collectionType" : "collections",
  "path" : "Mobile Media Library/Mandarin Simplified - Video/Scriptural Reenactments and Teachings/Book of Mormon/Book of Mormon Videos/3 Nephi 15-16",
  "collectionID" : "240c07ed016a4b14b08f79bbb326daa1",
  "type" : "DEFAULT",
  "lastUpdatedDate" : "2022-10-05T11:47:56.256-06:00",
  "links" : [ {
    "rel" : "details",
    "href" : "https://titanapi.churchofjesuschrist.org/assetsearch/api/v2/collection/details/collectionID/240c07ed016a4b14b08f79bbb326daa1"
  } ],
  "coverImages" : [ {
    "asset" : {
      "assetID" : "1570c823965d11ecb29ceeeeac1ee20301347a34"
    }
  } ],
  "related" : [ ],
  "metadata" : [ {
    "key" : "collectionUri",
    "value" : "bmvl-3-nephi-15-16"
  }, {
    "key" : "orderIndex",
    "value" : "34"
  } ],
  "children" : [ ],
  "assets" : [ ],
  "fileName" : "240c07ed016a4b14b08f79bbb326daa1.json",
  "name" : "3 Nephi 15-16"
}