{
  "parentCollectionID" : "c90986716ce04072aebbf7a1403e230c",
  "parentCollectionPath" : "Mobile Media Library/German - Video/Family History",
  "collectionType" : "assets",
  "path" : "Mobile Media Library/German - Video/Family History/Personal Stories: Temple and Family History",
  "collectionID" : "24f90f497dee4d7ebe444b25b4c7cb40",
  "language" : "deu",
  "type" : "DEFAULT",
  "lastUpdatedDate" : "2022-10-24T12:16:35.627-06:00",
  "links" : [ {
    "rel" : "details",
    "href" : "https://titanapi.churchofjesuschrist.org/assetsearch/api/v2/collection/details/collectionID/24f90f497dee4d7ebe444b25b4c7cb40"
  } ],
  "coverImages" : [ {
    "asset" : {
      "assetID" : "cc5991886eebafa786a644e8766e91137916d332"
    }
  } ],
  "related" : [ ],
  "metadata" : [ {
    "key" : "orderIndex",
    "value" : "1"
  }, {
    "key" : "collectionUri",
    "value" : "personal-stories-temple-and-family-history",
    "language" : "deu"
  }, {
    "key" : "publicTitle",
    "value" : "Eigene Geschichten: Tempel und Familiengeschichte",
    "language" : "deu"
  } ],
  "children" : [ ],
  "assets" : [ {
    "asset" : {
      "assetID" : "2a2c5f6ecf585f1794d8e31abd3c177a0255e3ad"
    },
    "index" : 2,
    "addedDate" : 1633117440630,
    "metadata" : [ ]
  }, {
    "asset" : {
      "assetID" : "39300f0386fd5e33841040393b510616ef45d32f"
    },
    "index" : 0,
    "addedDate" : 1633117401022,
    "metadata" : [ ]
  }, {
    "asset" : {
      "assetID" : "186e32148e8cc82780f07d86e14c637d51a661f1"
    },
    "index" : 1,
    "addedDate" : 1633117420279,
    "metadata" : [ ]
  }, {
    "asset" : {
      "assetID" : "f4ccc6ab134521809bebbbb5fee744578edd2292"
    },
    "index" : 3,
    "addedDate" : 1633117460024,
    "metadata" : [ ]
  }, {
    "asset" : {
      "assetID" : "f09aaa929d9f1407f4ffbbc09b593850ab0afe3d"
    },
    "index" : 4,
    "addedDate" : 1633117483255,
    "metadata" : [ ]
  }, {
    "asset" : {
      "assetID" : "cc474eeaa4ffb7433e02c48f2d678317af4e9f30"
    },
    "index" : 7,
    "addedDate" : 1633117551491,
    "metadata" : [ ]
  }, {
    "asset" : {
      "assetID" : "f3b664ae1307e0d887456f8c6124e76746696396"
    },
    "index" : 6,
    "addedDate" : 1633117524377,
    "metadata" : [ ]
  }, {
    "asset" : {
      "assetID" : "1fff823e01b9bcccdc8e674249e0b96e0b694222"
    },
    "index" : 5,
    "addedDate" : 1633117505556,
    "metadata" : [ ]
  } ],
  "fileName" : "24f90f497dee4d7ebe444b25b4c7cb40.json",
  "name" : "Personal Stories: Temple and Family History",
  "publicTitle" : "Eigene Geschichten: Tempel und Familiengeschichte"
}