{
  "parentCollectionID" : "506e932ea6b2448db5a721be503e53305abba0e0",
  "parentCollectionPath" : "Mobile Media Library/Samoan - Video/Sharing the Gospel",
  "collectionType" : "assets",
  "path" : "Mobile Media Library/Samoan - Video/Sharing the Gospel/Come and See",
  "collectionID" : "25c1fbdfc37545cb9065544ff9f66ff293c109d0",
  "language" : "smo",
  "type" : "DEFAULT",
  "lastUpdatedDate" : "2024-10-16T09:49:39.295-06:00",
  "links" : [ {
    "rel" : "details",
    "href" : "https://titanapi.churchofjesuschrist.org/assetsearch/api/v2/collection/details/collectionID/25c1fbdfc37545cb9065544ff9f66ff293c109d0"
  } ],
  "coverImages" : [ {
    "asset" : {
      "assetID" : "0aae85802cadc934f6388361cdc6659105b47fd5"
    }
  } ],
  "related" : [ ],
  "metadata" : [ {
    "key" : "orderIndex",
    "value" : "8"
  }, {
    "key" : "collectionUri",
    "value" : "come-and-see",
    "language" : "smo"
  } ],
  "children" : [ ],
  "assets" : [ {
    "asset" : {
      "assetID" : "C0168DE508515AC03CEAC7E5F331415632F987C6"
    },
    "index" : 0,
    "addedDate" : 1650262958030,
    "metadata" : [ ]
  }, {
    "asset" : {
      "assetID" : "04E627EF91E38E46D20D86F77E0FE6AE299ECD52"
    },
    "index" : 1,
    "addedDate" : 1650262958030,
    "metadata" : [ ]
  } ],
  "fileName" : "25c1fbdfc37545cb9065544ff9f66ff293c109d0.json",
  "name" : "Come and See"
}