{
  "parentCollectionID" : "0f1003f0041bb459565693512fa84360e591ef64",
  "parentCollectionPath" : "Mobile Media Library/Spanish - Video/Life Help/Self Reliance Services and PEF/Find a Better Job",
  "collectionType" : "assets",
  "path" : "Mobile Media Library/Spanish - Video/Life Help/Self Reliance Services and PEF/Find a Better Job/Chapter 02: Networking",
  "collectionID" : "2629076b80ff2cd7f2c7210c94804c168eee946d",
  "language" : "spa",
  "type" : "DEFAULT",
  "lastUpdatedDate" : "2021-05-21T16:36:56.358-06:00",
  "links" : [ {
    "rel" : "details",
    "href" : "https://titanapi.churchofjesuschrist.org/assetsearch/api/v2/collection/details/collectionID/2629076b80ff2cd7f2c7210c94804c168eee946d"
  } ],
  "coverImages" : [ {
    "asset" : {
      "assetID" : "bdaf9bd72676e77210e2aa161ed7474a6ee2181d"
    }
  } ],
  "related" : [ ],
  "metadata" : [ {
    "key" : "collectionUri",
    "value" : "chapter-02-networking",
    "language" : "spa"
  }, {
    "key" : "publicTitle",
    "value" : "Capítulo 02: Establecer redes de contactos",
    "language" : "spa"
  } ],
  "children" : [ ],
  "assets" : [ {
    "asset" : {
      "assetID" : "0e60f45f062053b1026a586c06246029bc75a5ed"
    },
    "addedDate" : 1496262696043,
    "metadata" : [ ]
  }, {
    "asset" : {
      "assetID" : "aab4ad47ff5de88a8e1f3d160a340307405e49e6"
    },
    "addedDate" : 1496262740037,
    "metadata" : [ ]
  } ],
  "fileName" : "2629076b80ff2cd7f2c7210c94804c168eee946d.json",
  "name" : "Chapter 02: Networking",
  "publicTitle" : "Capítulo 02: Establecer redes de contactos"
}