{
  "parentCollectionID" : "b043d99f4aea4ea48ef3490404eb2df5da1df199",
  "parentCollectionPath" : "Mobile Media Library/Tongan - Video/Teaching and Lessons/Come, Follow Me/Come, Follow Me: New Testament Learning and Teaching Resources",
  "collectionType" : "collections",
  "path" : "Mobile Media Library/Tongan - Video/Teaching and Lessons/Come, Follow Me/Come, Follow Me: New Testament Learning and Teaching Resources/Mar. 25-31: Matthew 14-15; Mark 6-7; John 5-6",
  "collectionID" : "269f31761413460bb9f0daea2888039abc47f6c7",
  "language" : "ton",
  "type" : "DEFAULT",
  "lastUpdatedDate" : "2022-07-22T11:02:47.584-06:00",
  "links" : [ {
    "rel" : "details",
    "href" : "https://titanapi.churchofjesuschrist.org/assetsearch/api/v2/collection/details/collectionID/269f31761413460bb9f0daea2888039abc47f6c7"
  } ],
  "coverImages" : [ {
    "asset" : {
      "assetID" : "a350538776173f954e101b44c45eba5d7b81c026"
    }
  } ],
  "related" : [ ],
  "metadata" : [ {
    "key" : "orderIndex",
    "value" : "13"
  }, {
    "key" : "collectionUri",
    "value" : "Mar-25-31-Matthew-14-15-Mark-6-7-John-5-6",
    "language" : "ton"
  } ],
  "children" : [ ],
  "assets" : [ ],
  "fileName" : "269f31761413460bb9f0daea2888039abc47f6c7.json",
  "name" : "Mar. 25-31: Matthew 14-15; Mark 6-7; John 5-6"
}