{
  "parentCollectionID" : "1341bce05ff84979a3ce2a1e40cf5e7862c98775",
  "parentCollectionPath" : "Mobile Media Library/Korean - Video/Life Help/Self-Reliance Services and PEF/Find a Better Job",
  "collectionType" : "collections",
  "path" : "Mobile Media Library/Korean - Video/Life Help/Self-Reliance Services and PEF/Find a Better Job/Chapter 07: Nail the Interview Part 2",
  "collectionID" : "26cf1855aa724ea79a97f2d8b30d1741c0d9d216",
  "language" : "kor",
  "type" : "DEFAULT",
  "lastUpdatedDate" : "2022-08-15T10:22:20.758-06:00",
  "links" : [ {
    "rel" : "details",
    "href" : "https://titanapi.churchofjesuschrist.org/assetsearch/api/v2/collection/details/collectionID/26cf1855aa724ea79a97f2d8b30d1741c0d9d216"
  } ],
  "coverImages" : [ {
    "asset" : {
      "assetID" : "b5a1283d4e67a5822b487de8e9dde495b872b207"
    }
  } ],
  "related" : [ ],
  "metadata" : [ {
    "key" : "collectionUri",
    "value" : "chapter-7-nail-the-interview-part-2",
    "language" : "kor"
  } ],
  "children" : [ ],
  "assets" : [ ],
  "fileName" : "26cf1855aa724ea79a97f2d8b30d1741c0d9d216.json",
  "name" : "Chapter 07: Nail the Interview Part 2"
}