{
  "parentCollectionID" : "0350f4cd8dd94700b0d23924a449005a2e0fb757",
  "parentCollectionPath" : "Mobile Media Library/Swedish - Video/Life Help/Self-Reliance Services and PEF/Find a Better Job",
  "collectionType" : "collections",
  "path" : "Mobile Media Library/Swedish - Video/Life Help/Self-Reliance Services and PEF/Find a Better Job/Chapter 08: Practice Interviews",
  "collectionID" : "2803f729d45340a6984bba378638c2529101ad2e",
  "language" : "swe",
  "type" : "DEFAULT",
  "lastUpdatedDate" : "2022-08-25T20:49:45.541-06:00",
  "links" : [ {
    "rel" : "details",
    "href" : "https://titanapi.churchofjesuschrist.org/assetsearch/api/v2/collection/details/collectionID/2803f729d45340a6984bba378638c2529101ad2e"
  } ],
  "coverImages" : [ {
    "asset" : {
      "assetID" : "3e7d745f6e6f9a9d87042718c8500520a38290b7"
    }
  } ],
  "related" : [ ],
  "metadata" : [ {
    "key" : "collectionUri",
    "value" : "chapter-8-practice-interviews",
    "language" : "swe"
  } ],
  "children" : [ ],
  "assets" : [ ],
  "fileName" : "2803f729d45340a6984bba378638c2529101ad2e.json",
  "name" : "Chapter 08: Practice Interviews"
}