{
  "parentCollectionID" : "6f53a6dbfd776b9dc312d7c4886cd601ef740039",
  "parentCollectionPath" : "Mobile Media Library/English - Images/Inspirational Picture Quotes/Inspirational Picture Quotes By Speaker",
  "collectionType" : "assets",
  "path" : "Mobile Media Library/English - Images/Inspirational Picture Quotes/Inspirational Picture Quotes By Speaker/President Spencer W. Kimball-Picture Quotes",
  "collectionID" : "291bb5472548773b843a1b9bf8144e771959d27c",
  "language" : "eng",
  "type" : "DEFAULT",
  "lastUpdatedDate" : "2019-10-28T16:40:50.643-06:00",
  "links" : [ {
    "rel" : "details",
    "href" : "https://titanapi.churchofjesuschrist.org/assetsearch/api/v2/collection/details/collectionID/291bb5472548773b843a1b9bf8144e771959d27c"
  } ],
  "coverImages" : [ {
    "asset" : {
      "assetID" : "7dc1f8356412174cdc9152573381638eb6d50b0a"
    }
  } ],
  "related" : [ ],
  "metadata" : [ {
    "key" : "collectionUri",
    "value" : "president-spencer-w-kimball-picture-quotes-images",
    "language" : "eng"
  }, {
    "key" : "publicTitle",
    "value" : "President Spencer W. Kimball—Picture Quotes",
    "language" : "eng"
  } ],
  "children" : [ ],
  "assets" : [ {
    "asset" : {
      "assetID" : "7dc1f8356412174cdc9152573381638eb6d50b0a"
    },
    "addedDate" : 1576798383486,
    "metadata" : [ ]
  }, {
    "asset" : {
      "assetID" : "f3c23053ac2e7471c7fdbc33f1ae6fd2403880e1"
    },
    "addedDate" : 1576798398509,
    "metadata" : [ ]
  }, {
    "asset" : {
      "assetID" : "c2cf2e68082e69af93be6ef66260be86aba1a43b"
    },
    "addedDate" : 1576798407778,
    "metadata" : [ ]
  } ],
  "fileName" : "291bb5472548773b843a1b9bf8144e771959d27c.json",
  "name" : "President Spencer W. Kimball-Picture Quotes",
  "publicTitle" : "President Spencer W. Kimball—Picture Quotes"
}