{
  "parentCollectionID" : "b1edfe4a9ddd4be28bc253e686648b4f",
  "parentCollectionPath" : "Mobile Media Library/German - Images/Church Leaders/Past Church Leaders",
  "collectionType" : "assets",
  "path" : "Mobile Media Library/German - Images/Church Leaders/Past Church Leaders/Relief Society General Presidents",
  "collectionID" : "292d02bb0f57451db2a5201db5ce3d55",
  "language" : "deu",
  "type" : "DEFAULT",
  "lastUpdatedDate" : "2023-09-04T11:24:01.736-06:00",
  "links" : [ {
    "rel" : "details",
    "href" : "https://titanapi.churchofjesuschrist.org/assetsearch/api/v2/collection/details/collectionID/292d02bb0f57451db2a5201db5ce3d55"
  } ],
  "coverImages" : [ {
    "asset" : {
      "assetID" : "4a961aba78207e112af3385fbc0244d228b53c1b"
    }
  } ],
  "related" : [ ],
  "metadata" : [ {
    "key" : "collectionUri",
    "value" : "relief-society-general-presidents-images",
    "language" : "deu"
  }, {
    "key" : "publicTitle",
    "value" : "Präsidentinnen der Frauenhilfsvereinigung",
    "language" : "deu"
  }, {
    "key" : "orderIndex",
    "value" : "4"
  } ],
  "children" : [ ],
  "assets" : [ {
    "asset" : {
      "assetID" : "f90f43190e4a4f151d48cce184707fd43ad6b1a4"
    },
    "addedDate" : 1693848488386,
    "metadata" : [ ]
  }, {
    "asset" : {
      "assetID" : "2af73176bcf7393bee54e7ed3076a90344574be6"
    },
    "addedDate" : 1693848488386,
    "metadata" : [ ]
  }, {
    "asset" : {
      "assetID" : "c6b3c52092022227921652cd6ffb071834dfff12"
    },
    "addedDate" : 1693848488373,
    "metadata" : [ ]
  }, {
    "asset" : {
      "assetID" : "907280ab984dc40062d14cf4421a411a474025f2"
    },
    "addedDate" : 1693848488370,
    "metadata" : [ ]
  }, {
    "asset" : {
      "assetID" : "9b757dbf47ed6b4fe0e71b8a56e3072d8f5de1e0"
    },
    "addedDate" : 1693848488393,
    "metadata" : [ ]
  }, {
    "asset" : {
      "assetID" : "f47fb483f0549aa358bcaf0d84978c339d97cb9f"
    },
    "addedDate" : 1693848488380,
    "metadata" : [ ]
  }, {
    "asset" : {
      "assetID" : "41826ae668d7db4658fe2ebfbd7e793f06604382"
    },
    "addedDate" : 1693848488383,
    "metadata" : [ ]
  }, {
    "asset" : {
      "assetID" : "f86d57332da2535d3feccf518fcf5657f3e16678"
    },
    "addedDate" : 1693848488393,
    "metadata" : [ ]
  }, {
    "asset" : {
      "assetID" : "195fc68e414ca0c0a82deebf3bcaf257b9bca146"
    },
    "addedDate" : 1693848488380,
    "metadata" : [ ]
  }, {
    "asset" : {
      "assetID" : "4a961aba78207e112af3385fbc0244d228b53c1b"
    },
    "addedDate" : 1693848488383,
    "metadata" : [ ]
  }, {
    "asset" : {
      "assetID" : "0999af80da39e7767b957f37b7f47f862a2cf92f"
    },
    "addedDate" : 1693848488390,
    "metadata" : [ ]
  }, {
    "asset" : {
      "assetID" : "227b706ddfa2f5fd99158fca5e5777c2c5d9e362"
    },
    "addedDate" : 1693848488390,
    "metadata" : [ ]
  }, {
    "asset" : {
      "assetID" : "9e30fabf560ad80583649dad3a0c8fc8e02f0d23"
    },
    "addedDate" : 1693848488390,
    "metadata" : [ ]
  }, {
    "asset" : {
      "assetID" : "dd5f2e921f4e02a7294573c8f4c3d195a9612a23"
    },
    "addedDate" : 1693848488373,
    "metadata" : [ ]
  }, {
    "asset" : {
      "assetID" : "85dc2f8cbf5acb1dc822b8cab056e2d087d9dd65"
    },
    "addedDate" : 1693848488376,
    "metadata" : [ ]
  }, {
    "asset" : {
      "assetID" : "edc8c95f8161e37434646ce68c4cbdb8855fa891"
    },
    "addedDate" : 1693848488380,
    "metadata" : [ ]
  }, {
    "asset" : {
      "assetID" : "ed9f36596d574f541bf1122200295b46b64fed6e"
    },
    "addedDate" : 1693848488376,
    "metadata" : [ ]
  } ],
  "fileName" : "292d02bb0f57451db2a5201db5ce3d55.json",
  "name" : "Relief Society General Presidents",
  "publicTitle" : "Präsidentinnen der Frauenhilfsvereinigung"
}