{
  "parentCollectionID" : "d88e86f22081421a835182ae2bb9eb34ae7e6460",
  "parentCollectionPath" : "Mobile Media Library/French - Video/Broadcasts",
  "collectionType" : "assets",
  "path" : "Mobile Media Library/French - Video/Broadcasts/Special Broadcasts",
  "collectionID" : "29f9b55977c64f15bd7a30d9694dd7c2ab93da45",
  "language" : "fra",
  "type" : "DEFAULT",
  "lastUpdatedDate" : "2022-03-31T23:13:43.790-06:00",
  "links" : [ {
    "rel" : "details",
    "href" : "https://titanapi.churchofjesuschrist.org/assetsearch/api/v2/collection/details/collectionID/29f9b55977c64f15bd7a30d9694dd7c2ab93da45"
  } ],
  "coverImages" : [ {
    "asset" : {
      "assetID" : "1df71ee42158dded8d975bf470335e952f91f616"
    }
  } ],
  "related" : [ ],
  "metadata" : [ {
    "key" : "collectionUri",
    "value" : "special-broadcasts",
    "language" : "fra"
  }, {
    "key" : "orderIndex",
    "value" : "7"
  } ],
  "children" : [ ],
  "assets" : [ {
    "asset" : {
      "assetID" : "9aedd4c9cd5340b82824bac26a50337c9410d043"
    },
    "index" : 3,
    "addedDate" : 1678852819791,
    "metadata" : [ ]
  }, {
    "asset" : {
      "assetID" : "ae13a9e8762055bf5162ecdd038d84839f6e4ab7"
    },
    "index" : 4,
    "addedDate" : 1678852862730,
    "metadata" : [ ]
  }, {
    "asset" : {
      "assetID" : "e7521f9c4b92b557e7223a199ea03210e0eeb91a"
    },
    "index" : 2,
    "addedDate" : 1678852788896,
    "metadata" : [ ]
  }, {
    "asset" : {
      "assetID" : "D055510A481681BE4C7CD91172BAD8551B9B827B"
    },
    "index" : 0,
    "addedDate" : 1648811319726,
    "metadata" : [ ]
  }, {
    "asset" : {
      "assetID" : "CE926A048E68807A51BFD508E596A42AEEBFC830"
    },
    "index" : 5,
    "addedDate" : 1678852895468,
    "metadata" : [ ]
  }, {
    "asset" : {
      "assetID" : "914450fc817a11ed9da1eeeeac1ee158c8004ff1"
    },
    "index" : 1,
    "addedDate" : 1673407941260,
    "metadata" : [ ]
  } ],
  "fileName" : "29f9b55977c64f15bd7a30d9694dd7c2ab93da45.json",
  "name" : "Special Broadcasts"
}