{
  "parentCollectionID" : "8d3bb0b2a87e38236f379416dfbc9d3bee8f049e",
  "parentCollectionPath" : "Mobile Media Library/English - Images/Scriptures",
  "collectionType" : "assets",
  "path" : "Mobile Media Library/English - Images/Scriptures/Scripture Study",
  "collectionID" : "2a1207a53361e9dc22df1ddf0f05767cff9e9d74",
  "language" : "eng",
  "type" : "DEFAULT",
  "lastUpdatedDate" : "2019-10-28T16:40:50.643-06:00",
  "links" : [ {
    "rel" : "details",
    "href" : "https://titanapi.churchofjesuschrist.org/assetsearch/api/v2/collection/details/collectionID/2a1207a53361e9dc22df1ddf0f05767cff9e9d74"
  } ],
  "coverImages" : [ ],
  "related" : [ ],
  "metadata" : [ {
    "key" : "collectionUri",
    "value" : "scripture-study",
    "language" : "eng"
  }, {
    "key" : "publicTitle",
    "value" : "Scripture Study",
    "language" : "eng"
  } ],
  "children" : [ ],
  "assets" : [ {
    "asset" : {
      "assetID" : "b85de90bf662b47ab8e17378d85251032facafdf"
    },
    "addedDate" : 1660951450184,
    "metadata" : [ ]
  }, {
    "asset" : {
      "assetID" : "167eecd333c3d446eea603927bc84ebeb6ead364"
    },
    "addedDate" : 1577614671075,
    "metadata" : [ ]
  }, {
    "asset" : {
      "assetID" : "2e1288ae7ed7cb7f4ce875d9333fb50740096d70"
    },
    "addedDate" : 1577614480364,
    "metadata" : [ ]
  }, {
    "asset" : {
      "assetID" : "cf9a43830ac8ef7cfb2aeb763c29ba4b30da9ed5"
    },
    "addedDate" : 1660951464475,
    "metadata" : [ ]
  }, {
    "asset" : {
      "assetID" : "398292f032efd35aaf0445d50f3c8e07fe7dbeb2"
    },
    "addedDate" : 1577614470225,
    "metadata" : [ ]
  }, {
    "asset" : {
      "assetID" : "1a4885e34343c4993bf81d19a69b20d675b9dc1e"
    },
    "addedDate" : 1660951467039,
    "metadata" : [ ]
  }, {
    "asset" : {
      "assetID" : "3e838de92bb7984400d6461d5dcb27f33b05d7fb"
    },
    "addedDate" : 1577614581683,
    "metadata" : [ ]
  }, {
    "asset" : {
      "assetID" : "2e516c4e1e98e11549f41f3b01c535a59ad51669"
    },
    "addedDate" : 1660951468773,
    "metadata" : [ ]
  }, {
    "asset" : {
      "assetID" : "4a947f8b720f800441b0173ade1e5988776a6575"
    },
    "addedDate" : 1660951469927,
    "metadata" : [ ]
  }, {
    "asset" : {
      "assetID" : "4e7b0e9e01d8d1d8ec047c949706ddf2ab837041"
    },
    "addedDate" : 1577614689700,
    "metadata" : [ ]
  }, {
    "asset" : {
      "assetID" : "d9390afd2ed360e7415054b5a7b741d861ec2bb4"
    },
    "addedDate" : 1660951472681,
    "metadata" : [ ]
  }, {
    "asset" : {
      "assetID" : "568a7ea1800321213296830cfb00e0193c79177d"
    },
    "addedDate" : 1577614738021,
    "metadata" : [ ]
  }, {
    "asset" : {
      "assetID" : "5879e2b78ef79978b8a383d8ec22e46adc72239f"
    },
    "addedDate" : 1660951473196,
    "metadata" : [ ]
  }, {
    "asset" : {
      "assetID" : "73db964f932bb1c4ef423d590a798c01e881ae58"
    },
    "addedDate" : 1577614523944,
    "metadata" : [ ]
  }, {
    "asset" : {
      "assetID" : "be0b9c09342eadbaecec859014f79b228bfd71be"
    },
    "addedDate" : 1660951478235,
    "metadata" : [ ]
  }, {
    "asset" : {
      "assetID" : "803dd2e628c8c21b3e1eb607de4b2c9e0cab5613"
    },
    "addedDate" : 1660951479900,
    "metadata" : [ ]
  }, {
    "asset" : {
      "assetID" : "84c13b71e72d94565beb42308206d32749060296"
    },
    "addedDate" : 1577614825869,
    "metadata" : [ ]
  }, {
    "asset" : {
      "assetID" : "8af0d0a62e5cc6915aad04c1d495674c68cc1f17"
    },
    "addedDate" : 1577614341493,
    "metadata" : [ ]
  }, {
    "asset" : {
      "assetID" : "8d46506453256660ecce235f59700d69124c95ea"
    },
    "addedDate" : 1577614535495,
    "metadata" : [ ]
  }, {
    "asset" : {
      "assetID" : "941a08cd15da5eff2ddcd432c37348936d1ddec5"
    },
    "addedDate" : 1577614574382,
    "metadata" : [ ]
  }, {
    "asset" : {
      "assetID" : "a5ea92d38638fcff710d33144307de77e7215069"
    },
    "addedDate" : 1577614561513,
    "metadata" : [ ]
  }, {
    "asset" : {
      "assetID" : "b1ccee71c9d5e22fdfee5944eca84141afe27bc2"
    },
    "addedDate" : 1577614841391,
    "metadata" : [ ]
  }, {
    "asset" : {
      "assetID" : "c427959002c5d1e9ba2bff7b5bd57a3894853aa4"
    },
    "addedDate" : 1577614546458,
    "metadata" : [ ]
  }, {
    "asset" : {
      "assetID" : "c5cb2d913d93e0c20a179cf1f92417aa6046b65c"
    },
    "addedDate" : 1577614596960,
    "metadata" : [ ]
  }, {
    "asset" : {
      "assetID" : "c71ea3817e9f7471258f12a66d5bdbb5fa2fed83"
    },
    "addedDate" : 1577614590713,
    "metadata" : [ ]
  }, {
    "asset" : {
      "assetID" : "010e0c5c237a216ec0fbbb2ee0430519e959df98"
    },
    "addedDate" : 1660951494507,
    "metadata" : [ ]
  }, {
    "asset" : {
      "assetID" : "ccc009aaade5bc6f61b0c58c71bb8950f3281f06"
    },
    "addedDate" : 1577614263802,
    "metadata" : [ ]
  }, {
    "asset" : {
      "assetID" : "d9ad8b58ae74863d8e3c2fe14af70c06dabf85f5"
    },
    "addedDate" : 1577614603662,
    "metadata" : [ ]
  }, {
    "asset" : {
      "assetID" : "96cc930d4143170325eec479f8b09079fe6d881b"
    },
    "addedDate" : 1660951500197,
    "metadata" : [ ]
  }, {
    "asset" : {
      "assetID" : "f06d21374926effc2c7ff39efdbdf6dd1f3b3657"
    },
    "addedDate" : 1577614731325,
    "metadata" : [ ]
  }, {
    "asset" : {
      "assetID" : "c199a57cdf00b9328aae7c80f2a9e27dc34f6767"
    },
    "addedDate" : 1577614226018,
    "metadata" : [ ]
  }, {
    "asset" : {
      "assetID" : "df35013627f58cc32a0482d73946e26879fe3373"
    },
    "addedDate" : 1577614697084,
    "metadata" : [ ]
  }, {
    "asset" : {
      "assetID" : "f1be29e0882d0a0910369acc910a12e3df04070a"
    },
    "addedDate" : 1660951508345,
    "metadata" : [ ]
  }, {
    "asset" : {
      "assetID" : "30ef656f204ed94344e8a0581bb328589d1a530b"
    },
    "addedDate" : 1660951508612,
    "metadata" : [ ]
  }, {
    "asset" : {
      "assetID" : "a1103b58880ba7d17e881679ff10f303de91766c"
    },
    "addedDate" : 1577614490034,
    "metadata" : [ ]
  }, {
    "asset" : {
      "assetID" : "37c3d3ec2f59723c1a3a78e2b031d23252cfb676"
    },
    "addedDate" : 1577614440033,
    "metadata" : [ ]
  }, {
    "asset" : {
      "assetID" : "11be50fe0d34b2d12fd434f4b39938ef8d49a96f"
    },
    "addedDate" : 1577614348120,
    "metadata" : [ ]
  }, {
    "asset" : {
      "assetID" : "fbf5d001bbca962a63fe42a56883bf9de45714a6"
    },
    "addedDate" : 1577614833248,
    "metadata" : [ ]
  }, {
    "asset" : {
      "assetID" : "53d4df03e58cdea563fa7bf25e01f80cb066bec8"
    },
    "addedDate" : 1577614654946,
    "metadata" : [ ]
  }, {
    "asset" : {
      "assetID" : "d3440a11c42e4d8ebc24eed5831be20f93545464"
    },
    "addedDate" : 1577614289805,
    "metadata" : [ ]
  }, {
    "asset" : {
      "assetID" : "3fe0e68c90b21fd8aab74baf3ffc8488758211cb"
    },
    "addedDate" : 1577614354277,
    "metadata" : [ ]
  }, {
    "asset" : {
      "assetID" : "8e4c23a56ab115ac59142acc01bde4122a0acfd5"
    },
    "addedDate" : 1577614252946,
    "metadata" : [ ]
  }, {
    "asset" : {
      "assetID" : "d8c9e52a31968116a0d1fd44d0e584d6f344044b"
    },
    "addedDate" : 1577614334555,
    "metadata" : [ ]
  }, {
    "asset" : {
      "assetID" : "ef161e2334ef371aa8e29bd67f68bdfb0ddf34d4"
    },
    "addedDate" : 1577614554573,
    "metadata" : [ ]
  }, {
    "asset" : {
      "assetID" : "dccc29e1680dd1580df7d3cf4e1128c83df88948"
    },
    "addedDate" : 1577614315909,
    "metadata" : [ ]
  }, {
    "asset" : {
      "assetID" : "527004e6031d549cad8aba76e7e762968dea0ff7"
    },
    "addedDate" : 1577614809966,
    "metadata" : [ ]
  }, {
    "asset" : {
      "assetID" : "155ee81e052ff0e342a47609d5ec90d6adf013cc"
    },
    "addedDate" : 1577614629038,
    "metadata" : [ ]
  }, {
    "asset" : {
      "assetID" : "66a0bb50e8059cce7381318cf30f247b36be5ca7"
    },
    "addedDate" : 1577614281114,
    "metadata" : [ ]
  }, {
    "asset" : {
      "assetID" : "57349969b7131ed1c06bbe603fe5ab756ba317f5"
    },
    "addedDate" : 1577614270454,
    "metadata" : [ ]
  }, {
    "asset" : {
      "assetID" : "2c8ab2d43752a4142d0c76104bc3631a194bfc29"
    },
    "addedDate" : 1577614244055,
    "metadata" : [ ]
  }, {
    "asset" : {
      "assetID" : "dbc71d3e130bba0f98b8a4703deb8c580861e36d"
    },
    "addedDate" : 1577614747221,
    "metadata" : [ ]
  }, {
    "asset" : {
      "assetID" : "41dba40bf5bbc90b21d90ea69501d5d782d09338"
    },
    "addedDate" : 1577614204762,
    "metadata" : [ ]
  }, {
    "asset" : {
      "assetID" : "8718ee59d40550661ea2a8959d8efe72fb4d4290"
    },
    "addedDate" : 1577614682661,
    "metadata" : [ ]
  }, {
    "asset" : {
      "assetID" : "91cfaacecd16f7300e67825fadac564f3b532fd3"
    },
    "addedDate" : 1577614819233,
    "metadata" : [ ]
  }, {
    "asset" : {
      "assetID" : "13f4bc80e70e305a6eb4667528592f1f5cac4a45"
    },
    "addedDate" : 1577614424176,
    "metadata" : [ ]
  }, {
    "asset" : {
      "assetID" : "cba1f1f2b16d2ea81324a328549bef2b1fd50588"
    },
    "addedDate" : 1577614616817,
    "metadata" : [ ]
  }, {
    "asset" : {
      "assetID" : "6208adf8d18353196dfa202640aa04e37c79c3a1"
    },
    "addedDate" : 1577614430529,
    "metadata" : [ ]
  }, {
    "asset" : {
      "assetID" : "55beab295d2b9b08b8d676c25410222013fbeea6"
    },
    "addedDate" : 1577614770674,
    "metadata" : [ ]
  } ],
  "fileName" : "2a1207a53361e9dc22df1ddf0f05767cff9e9d74.json",
  "name" : "Scripture Study",
  "publicTitle" : "Scripture Study"
}