{
  "parentCollectionID" : "8465555f82f84f7db699299f4658eefc",
  "parentCollectionPath" : "Mobile Media Library/English - Video/Teaching and Lessons/Come, Follow Me/Come, Follow Me: Book of Mormon Learning and Teaching Resources",
  "collectionType" : "assets",
  "path" : "Mobile Media Library/English - Video/Teaching and Lessons/Come, Follow Me/Come, Follow Me: Book of Mormon Learning and Teaching Resources/May 11-17: Mosiah 18-24",
  "collectionID" : "2a352e9313bb45be99e17b476fa3f241",
  "language" : "eng",
  "type" : "DEFAULT",
  "lastUpdatedDate" : "2019-12-04T16:10:17.234-07:00",
  "links" : [ {
    "rel" : "details",
    "href" : "https://titanapi.churchofjesuschrist.org/assetsearch/api/v2/collection/details/collectionID/2a352e9313bb45be99e17b476fa3f241"
  } ],
  "coverImages" : [ {
    "asset" : {
      "assetID" : "a922be55ff2eef350ca1dbeb5b30afada2dab26e"
    }
  } ],
  "related" : [ ],
  "metadata" : [ {
    "key" : "collectionUri",
    "value" : "may-11–17-mosiah-18–24-videos",
    "language" : "eng"
  }, {
    "key" : "publicTitle",
    "value" : "May 11–17: Mosiah 18–24",
    "language" : "eng"
  }, {
    "key" : "orderIndex",
    "value" : "18"
  } ],
  "children" : [ ],
  "assets" : [ {
    "asset" : {
      "assetID" : "db39963bbe6be9e29d5fb4474667364178dbbfa8"
    },
    "addedDate" : 1576133330269,
    "metadata" : [ ]
  }, {
    "asset" : {
      "assetID" : "77203c802a95f34bf7ac8fd107a602903a15bc9c"
    },
    "addedDate" : 1576133056801,
    "metadata" : [ ]
  }, {
    "asset" : {
      "assetID" : "a79f6a3f812d10908fcc6df3bf1577cf142b4a96"
    },
    "addedDate" : 1592433100105,
    "metadata" : [ ]
  }, {
    "asset" : {
      "assetID" : "62ffc1433dc36ece114f8eff776354c048bb16b6"
    },
    "addedDate" : 1582603105539,
    "metadata" : [ ]
  }, {
    "asset" : {
      "assetID" : "30b0bcd5e02af8c0781879b94aa1d57a8c35fda5"
    },
    "addedDate" : 1576133181885,
    "metadata" : [ ]
  }, {
    "asset" : {
      "assetID" : "933770383913c28116be93812e2bd461eb68115e"
    },
    "addedDate" : 1576133094614,
    "metadata" : [ ]
  }, {
    "asset" : {
      "assetID" : "fcfea55f0259ccab7b30293ed838f1e923b4ea8c"
    },
    "addedDate" : 1595218252083,
    "metadata" : [ ]
  } ],
  "fileName" : "2a352e9313bb45be99e17b476fa3f241.json",
  "name" : "May 11-17: Mosiah 18-24",
  "publicTitle" : "May 11–17: Mosiah 18–24"
}