{
  "parentCollectionID" : "b162c02d0a8041eaad40be70e07acc719c07a4d8",
  "parentCollectionPath" : "Mobile Media Library/Ukrainian - Video/Teaching and Lessons/Come, Follow Me/Come, Follow Me: New Testament Learning and Teaching Resources",
  "collectionType" : "assets",
  "path" : "Mobile Media Library/Ukrainian - Video/Teaching and Lessons/Come, Follow Me/Come, Follow Me: New Testament Learning and Teaching Resources/Oct. 14-20: Philippians; Colossians",
  "collectionID" : "2a6687e05ab44c89adbf56bd36442847e2356462",
  "language" : "ukr",
  "type" : "DEFAULT",
  "lastUpdatedDate" : "2022-04-18T01:12:35.553-06:00",
  "links" : [ {
    "rel" : "details",
    "href" : "https://titanapi.churchofjesuschrist.org/assetsearch/api/v2/collection/details/collectionID/2a6687e05ab44c89adbf56bd36442847e2356462"
  } ],
  "coverImages" : [ {
    "asset" : {
      "assetID" : "d5fb25e6fb1835a4b1668dc285522a817a970e53"
    }
  } ],
  "related" : [ ],
  "metadata" : [ {
    "key" : "collectionUri",
    "value" : "Oct-14-20-Philippians-Colossians-videos",
    "language" : "ukr"
  }, {
    "key" : "orderIndex",
    "value" : "40"
  } ],
  "children" : [ ],
  "assets" : [ {
    "asset" : {
      "assetID" : "c3c9adb520ac11eca865eeeeac1e3df99bf81f1c"
    },
    "index" : 0,
    "addedDate" : 1650266189583,
    "metadata" : [ ]
  } ],
  "fileName" : "2a6687e05ab44c89adbf56bd36442847e2356462.json",
  "name" : "Oct. 14-20: Philippians; Colossians"
}