{
  "parentCollectionID" : "131be9842bfa4fcdb83522e8244874ad6fb72c8b",
  "parentCollectionPath" : "Mobile Media Library/Cantonese - Video/Life Help/Self-Reliance Services and PEF/Personal Finances",
  "collectionType" : "collections",
  "path" : "Mobile Media Library/Cantonese - Video/Life Help/Self-Reliance Services and PEF/Personal Finances/Chapter 3: Tithes and Offerings",
  "collectionID" : "2ab5bcd74ac649c2bd4a5edf86b239a679d92054",
  "language" : "yue",
  "type" : "DEFAULT",
  "lastUpdatedDate" : "2022-08-26T01:40:22.322-06:00",
  "links" : [ {
    "rel" : "details",
    "href" : "https://titanapi.churchofjesuschrist.org/assetsearch/api/v2/collection/details/collectionID/2ab5bcd74ac649c2bd4a5edf86b239a679d92054"
  } ],
  "coverImages" : [ ],
  "related" : [ ],
  "metadata" : [ {
    "key" : "collectionUri",
    "value" : "chapter-3-tithes-and-offerings",
    "language" : "yue"
  } ],
  "children" : [ ],
  "assets" : [ ],
  "fileName" : "2ab5bcd74ac649c2bd4a5edf86b239a679d92054.json",
  "name" : "Chapter 3: Tithes and Offerings"
}