{
  "parentCollectionID" : "2a73a834f68146454eded7351f1c4b5a876593da",
  "parentCollectionPath" : "Mobile Media Library/English - Images/Temples",
  "collectionType" : "assets",
  "path" : "Mobile Media Library/English - Images/Temples/Preston England Temple",
  "collectionID" : "2b44d298818149bea6eb50c6b21b38e7",
  "language" : "eng",
  "type" : "DEFAULT",
  "lastUpdatedDate" : "2019-12-23T19:36:28.141-07:00",
  "links" : [ {
    "rel" : "details",
    "href" : "https://titanapi.churchofjesuschrist.org/assetsearch/api/v2/collection/details/collectionID/2b44d298818149bea6eb50c6b21b38e7"
  } ],
  "coverImages" : [ {
    "asset" : {
      "assetID" : "a68695910157ca975763cf0a7b321d5462b1d1d9"
    }
  } ],
  "related" : [ ],
  "metadata" : [ {
    "key" : "collectionUri",
    "value" : "preston-england-temple-images",
    "language" : "eng"
  }, {
    "key" : "publicTitle",
    "value" : "Preston England Temple",
    "language" : "eng"
  } ],
  "children" : [ ],
  "assets" : [ {
    "asset" : {
      "assetID" : "4145a29669485d8ef67fc00b851f20baeafe6042"
    },
    "addedDate" : 1577580054593,
    "metadata" : [ ]
  }, {
    "asset" : {
      "assetID" : "4f09a606b5a42ea2586c2a5c8a56555f7908c3f9"
    },
    "addedDate" : 1577579971634,
    "metadata" : [ ]
  }, {
    "asset" : {
      "assetID" : "5a0a178ff80f92be6dc32d47975b2645a0eccd40"
    },
    "addedDate" : 1577580032357,
    "metadata" : [ ]
  }, {
    "asset" : {
      "assetID" : "b0779ece93e1b7fb82d4f256ab0a6016cd94f077"
    },
    "addedDate" : 1577579995084,
    "metadata" : [ ]
  }, {
    "asset" : {
      "assetID" : "b65a218abedf6850fd9ed56b2fb1a278db9f3ae9"
    },
    "addedDate" : 1577579948805,
    "metadata" : [ ]
  }, {
    "asset" : {
      "assetID" : "d68707ae0f04c3d292eb579680948b352d0b1221"
    },
    "addedDate" : 1577579932365,
    "metadata" : [ ]
  }, {
    "asset" : {
      "assetID" : "dafda3d9cb0b8f120919a2a8559a71d4d021ecd3"
    },
    "addedDate" : 1577579916409,
    "metadata" : [ ]
  }, {
    "asset" : {
      "assetID" : "a68695910157ca975763cf0a7b321d5462b1d1d9"
    },
    "addedDate" : 1577580089105,
    "metadata" : [ ]
  }, {
    "asset" : {
      "assetID" : "ff0af54da5c7e8382ce9f4a7fb4b0c19e4f3764e"
    },
    "addedDate" : 1577580012672,
    "metadata" : [ ]
  } ],
  "fileName" : "2b44d298818149bea6eb50c6b21b38e7.json",
  "name" : "Preston England Temple",
  "publicTitle" : "Preston England Temple"
}