{
  "parentCollectionID" : "710fe3a6376941bf91e6103d6016300451e57bdd",
  "parentCollectionPath" : "Mobile Media Library/Danish - Video/Sharing the Gospel",
  "collectionType" : "assets",
  "path" : "Mobile Media Library/Danish - Video/Sharing the Gospel/Come and See",
  "collectionID" : "2b77104616d14a63a179332a52c165735bb26103",
  "language" : "dan",
  "type" : "DEFAULT",
  "lastUpdatedDate" : "2022-11-02T20:13:14.055-06:00",
  "links" : [ {
    "rel" : "details",
    "href" : "https://titanapi.churchofjesuschrist.org/assetsearch/api/v2/collection/details/collectionID/2b77104616d14a63a179332a52c165735bb26103"
  } ],
  "coverImages" : [ {
    "asset" : {
      "assetID" : "0aae85802cadc934f6388361cdc6659105b47fd5"
    }
  } ],
  "related" : [ ],
  "metadata" : [ {
    "key" : "orderIndex",
    "value" : "3"
  }, {
    "key" : "collectionUri",
    "value" : "come-and-see",
    "language" : "dan"
  }, {
    "key" : "publicTitle",
    "value" : "Kom og se",
    "language" : "dan"
  } ],
  "children" : [ ],
  "assets" : [ {
    "asset" : {
      "assetID" : "A92CC996FB8DA5B5C204FB9A71D94D609B4E582C"
    },
    "index" : 0,
    "addedDate" : 1648847570090,
    "metadata" : [ ]
  }, {
    "asset" : {
      "assetID" : "D779A64CB1F3EDD3B9AB814FB0BFA961650B44FB"
    },
    "index" : 1,
    "addedDate" : 1648847570090,
    "metadata" : [ ]
  } ],
  "fileName" : "2b77104616d14a63a179332a52c165735bb26103.json",
  "name" : "Come and See",
  "publicTitle" : "Kom og se"
}