{
  "parentCollectionID" : "a649d99e8e654e7195ed7eaf20c0155cda0d1a3b",
  "parentCollectionPath" : "Mobile Media Library/Italian - Video/Scriptural Reenactments and Teachings/Book of Mormon/Book of Mormon Videos",
  "collectionType" : "collections",
  "path" : "Mobile Media Library/Italian - Video/Scriptural Reenactments and Teachings/Book of Mormon/Book of Mormon Videos/Alma 17-19",
  "collectionID" : "2c7c935018a84d13aac2eba2efb729cd08a4e160",
  "language" : "ita",
  "type" : "DEFAULT",
  "lastUpdatedDate" : "2024-09-06T12:06:52.248-06:00",
  "links" : [ {
    "rel" : "details",
    "href" : "https://titanapi.churchofjesuschrist.org/assetsearch/api/v2/collection/details/collectionID/2c7c935018a84d13aac2eba2efb729cd08a4e160"
  } ],
  "coverImages" : [ {
    "asset" : {
      "assetID" : "13b24f5d67f66b75091771f3b7812a08ef51b2d8"
    }
  } ],
  "related" : [ ],
  "metadata" : [ {
    "key" : "orderIndex",
    "value" : "24"
  }, {
    "key" : "channel",
    "value" : "mobile",
    "language" : "ita"
  }, {
    "key" : "collectionUri",
    "value" : "alma-17-19",
    "language" : "ita"
  }, {
    "key" : "publicTitle",
    "value" : "Alma 17-19",
    "language" : "ita"
  } ],
  "children" : [ ],
  "assets" : [ ],
  "fileName" : "2c7c935018a84d13aac2eba2efb729cd08a4e160.json",
  "name" : "Alma 17-19",
  "publicTitle" : "Alma 17-19"
}