{
  "parentCollectionID" : "5271adb10ad744abadb761c15371292d",
  "parentCollectionPath" : "Mobile Media Library/Norwegian - Video/Holidays",
  "collectionType" : "collections",
  "path" : "Mobile Media Library/Norwegian - Video/Holidays/Christmas Music",
  "collectionID" : "2d34b4c9ea7e4406bd0412bf27068ab2",
  "language" : "nor",
  "type" : "DEFAULT",
  "lastUpdatedDate" : "2023-02-21T16:24:43.715-07:00",
  "links" : [ {
    "rel" : "details",
    "href" : "https://titanapi.churchofjesuschrist.org/assetsearch/api/v2/collection/details/collectionID/2d34b4c9ea7e4406bd0412bf27068ab2"
  } ],
  "coverImages" : [ {
    "asset" : {
      "assetID" : "a30d15a878391e32f460a241888ca1dc948bec19"
    }
  } ],
  "related" : [ ],
  "metadata" : [ {
    "key" : "collectionUri",
    "value" : "christmas-songs",
    "language" : "nor"
  }, {
    "key" : "publicTitle",
    "value" : "Julemusikk",
    "language" : "nor"
  }, {
    "key" : "orderIndex",
    "value" : "2"
  } ],
  "children" : [ ],
  "assets" : [ ],
  "fileName" : "2d34b4c9ea7e4406bd0412bf27068ab2.json",
  "name" : "Christmas Music",
  "publicTitle" : "Julemusikk"
}