{
  "parentCollectionID" : "375eec1a990147dc8a60062511cb8b44",
  "parentCollectionPath" : "Mobile Media Library/English - Video/Teaching and Lessons/Come, Follow Me/2025 Doctrine and Covenants Resources",
  "collectionType" : "assets",
  "path" : "Mobile Media Library/English - Video/Teaching and Lessons/Come, Follow Me/2025 Doctrine and Covenants Resources/October",
  "collectionID" : "2d518906d3984bda86f5e67353fcea58",
  "language" : "eng",
  "type" : "DEFAULT",
  "lastUpdatedDate" : "2025-01-07T12:41:58.887-07:00",
  "links" : [ {
    "rel" : "details",
    "href" : "https://titanapi.churchofjesuschrist.org/assetsearch/api/v2/collection/details/collectionID/2d518906d3984bda86f5e67353fcea58"
  } ],
  "coverImages" : [ {
    "asset" : {
      "assetID" : "6cf52733597963743a62acf5fc109a1b9eac68ba"
    }
  } ],
  "related" : [ ],
  "metadata" : [ {
    "key" : "channel",
    "value" : "mobile",
    "language" : "eng"
  }, {
    "key" : "orderIndex",
    "value" : "10"
  }, {
    "key" : "collectionUri",
    "value" : "2025-doctrine-and-covenants-resources-october",
    "language" : "eng"
  }, {
    "key" : "publicTitle",
    "value" : "October",
    "language" : "eng"
  } ],
  "children" : [ ],
  "assets" : [ {
    "asset" : {
      "assetID" : "eecd96ad576aa1720e1138c97d68ad3ec6a439cc"
    },
    "index" : 4,
    "addedDate" : 1735270190883,
    "metadata" : [ ]
  }, {
    "asset" : {
      "assetID" : "dda5d9037eb34766ad2ea9b50df6d01731b874b9"
    },
    "index" : 8,
    "addedDate" : 1735270224191,
    "metadata" : [ ]
  }, {
    "asset" : {
      "assetID" : "743e66f4bf5721067b60f6660304011913556c8e"
    },
    "index" : 6,
    "addedDate" : 1735270204899,
    "metadata" : [ ]
  }, {
    "asset" : {
      "assetID" : "8ee06ce516ac857576fb85378e555f347de4ac2c"
    },
    "index" : 9,
    "addedDate" : 1735270231475,
    "metadata" : [ ]
  }, {
    "asset" : {
      "assetID" : "c87050a90be52e1cd9c0b5795082842d6d6fa92d"
    },
    "index" : 1,
    "addedDate" : 1735270146358,
    "metadata" : [ ]
  }, {
    "asset" : {
      "assetID" : "C22305A13BCD5F5693F0B9E72950418499209986"
    },
    "index" : 7,
    "addedDate" : 1735270216909,
    "metadata" : [ ]
  }, {
    "asset" : {
      "assetID" : "62c5fdf7367d11ecbc25eeeeac1e2962f930eff4"
    },
    "index" : 2,
    "addedDate" : 1735270159149,
    "metadata" : [ ]
  }, {
    "asset" : {
      "assetID" : "6a87290e367d11ec8ef9eeeeac1e99aa19fe2802"
    },
    "index" : 3,
    "addedDate" : 1735270179590,
    "metadata" : [ ]
  }, {
    "asset" : {
      "assetID" : "6ab6c4a2367d11eca29deeeeac1e03f960ebfe71"
    },
    "index" : 5,
    "addedDate" : 1735270197746,
    "metadata" : [ ]
  }, {
    "asset" : {
      "assetID" : "621c023a367d11ecb890eeeeac1e0eb4e46d58bf"
    },
    "index" : 0,
    "addedDate" : 1735270135661,
    "metadata" : [ ]
  } ],
  "fileName" : "2d518906d3984bda86f5e67353fcea58.json",
  "name" : "October",
  "publicTitle" : "October"
}