{
  "parentCollectionID" : "bb7718944c094c3984facf66daf864b0a21726d4",
  "parentCollectionPath" : "Mobile Media Library/Dutch - Video/Teaching and Lessons/Come, Follow Me/Come, Follow Me: New Testament Learning and Teaching Resources",
  "collectionType" : "collections",
  "path" : "Mobile Media Library/Dutch - Video/Teaching and Lessons/Come, Follow Me/Come, Follow Me: New Testament Learning and Teaching Resources/Mar. 25-31: Matthew 14-15; Mark 6-7; John 5-6",
  "collectionID" : "2d61c7338ff944f5900bcafc9612e6526c457dc3",
  "language" : "nld",
  "type" : "DEFAULT",
  "lastUpdatedDate" : "2022-04-17T21:40:22.596-06:00",
  "links" : [ {
    "rel" : "details",
    "href" : "https://titanapi.churchofjesuschrist.org/assetsearch/api/v2/collection/details/collectionID/2d61c7338ff944f5900bcafc9612e6526c457dc3"
  } ],
  "coverImages" : [ {
    "asset" : {
      "assetID" : "a350538776173f954e101b44c45eba5d7b81c026"
    }
  } ],
  "related" : [ ],
  "metadata" : [ {
    "key" : "collectionUri",
    "value" : "Mar. 25-31: Matthew 14-15; Mark 6-7; John 5-6",
    "language" : "nld"
  }, {
    "key" : "orderIndex",
    "value" : "13"
  } ],
  "children" : [ ],
  "assets" : [ ],
  "fileName" : "2d61c7338ff944f5900bcafc9612e6526c457dc3.json",
  "name" : "Mar. 25-31: Matthew 14-15; Mark 6-7; John 5-6"
}