{
  "parentCollectionID" : "b57c09afe0b14c7b895e818fe07c54dcbe8c3c80",
  "parentCollectionPath" : "Mobile Media Library/Thai - Video/Teaching and Lessons/Seminary and Institute/Teacher Training - Gospel Teaching and Learning Handbook Video Resources",
  "collectionType" : "collections",
  "path" : "Mobile Media Library/Thai - Video/Teaching and Lessons/Seminary and Institute/Teacher Training - Gospel Teaching and Learning Handbook Video Resources/4-Preparing to Teach",
  "collectionID" : "2d96d70cb038476b9b2537e4be505fdf3555834f",
  "language" : "tha",
  "type" : "DEFAULT",
  "lastUpdatedDate" : "2022-04-18T00:50:08.796-06:00",
  "links" : [ {
    "rel" : "details",
    "href" : "https://titanapi.churchofjesuschrist.org/assetsearch/api/v2/collection/details/collectionID/2d96d70cb038476b9b2537e4be505fdf3555834f"
  } ],
  "coverImages" : [ {
    "asset" : {
      "assetID" : "829d0579f7180a22333ec0c988ef069fe928fa81"
    }
  } ],
  "related" : [ ],
  "metadata" : [ {
    "key" : "collectionUri",
    "value" : "4-preparing-to-teach",
    "language" : "tha"
  }, {
    "key" : "orderIndex",
    "value" : "4"
  } ],
  "children" : [ ],
  "assets" : [ ],
  "fileName" : "2d96d70cb038476b9b2537e4be505fdf3555834f.json",
  "name" : "4-Preparing to Teach"
}