{
  "parentCollectionID" : "307080aa2c83484c8c7a99ece96f3d77d3eafb22",
  "parentCollectionPath" : "Mobile Media Library/Swedish - Video/Scriptures/New Testament/Bible Videos",
  "collectionType" : "collections",
  "path" : "Mobile Media Library/Swedish - Video/Scriptures/New Testament/Bible Videos/Nativity",
  "collectionID" : "2db6f5be6f80432ab7bce394fb8f78bcff615917",
  "language" : "swe",
  "type" : "DEFAULT",
  "lastUpdatedDate" : "2022-04-18T00:36:59.336-06:00",
  "links" : [ {
    "rel" : "details",
    "href" : "https://titanapi.churchofjesuschrist.org/assetsearch/api/v2/collection/details/collectionID/2db6f5be6f80432ab7bce394fb8f78bcff615917"
  } ],
  "coverImages" : [ {
    "asset" : {
      "assetID" : "41ea1c3fd2e8c325703ccd5e124841810b53902f"
    }
  } ],
  "related" : [ ],
  "metadata" : [ {
    "key" : "collectionUri",
    "value" : "bible-videos-nativity",
    "language" : "swe"
  }, {
    "key" : "orderIndex",
    "value" : "1"
  } ],
  "children" : [ ],
  "assets" : [ ],
  "fileName" : "2db6f5be6f80432ab7bce394fb8f78bcff615917.json",
  "name" : "Nativity"
}