{
  "parentCollectionID" : "8b6f0f913c324107821674c86ff5e583c09478ad",
  "parentCollectionPath" : "Mobile Media Library/Tongan - Video/Scriptural Reenactments and Teachings/New Testament/Bible Videos",
  "collectionType" : "assets",
  "path" : "Mobile Media Library/Tongan - Video/Scriptural Reenactments and Teachings/New Testament/Bible Videos/Teachings",
  "collectionID" : "2e7da835227f4987abbd11a8228d3c20f8adcbe3",
  "language" : "ton",
  "type" : "DEFAULT",
  "lastUpdatedDate" : "2022-04-18T00:56:46.063-06:00",
  "links" : [ {
    "rel" : "details",
    "href" : "https://titanapi.churchofjesuschrist.org/assetsearch/api/v2/collection/details/collectionID/2e7da835227f4987abbd11a8228d3c20f8adcbe3"
  } ],
  "coverImages" : [ {
    "asset" : {
      "assetID" : "7f0046965d152dd6208da4351863f077844a6536"
    }
  } ],
  "related" : [ ],
  "metadata" : [ {
    "key" : "collectionUri",
    "value" : "bible-videos-teachings",
    "language" : "ton"
  }, {
    "key" : "orderIndex",
    "value" : "3"
  } ],
  "children" : [ ],
  "assets" : [ {
    "asset" : {
      "assetID" : "0851f06b437be30acb7eccb1558519c2463e8805"
    },
    "index" : 0,
    "addedDate" : 1650265216903,
    "metadata" : [ ]
  }, {
    "asset" : {
      "assetID" : "ced7e91cf3b249164cab2a7e9edfb48620403bff"
    },
    "index" : 15,
    "addedDate" : 1650265216903,
    "metadata" : [ ]
  }, {
    "asset" : {
      "assetID" : "069a0f9b31029e8b12526cc0a2ae2ffa1fbab42d"
    },
    "index" : 8,
    "addedDate" : 1650265216903,
    "metadata" : [ ]
  }, {
    "asset" : {
      "assetID" : "02b362e109d211ecab09eeeeac1ec5fbb85386eb"
    },
    "index" : 6,
    "addedDate" : 1650265216903,
    "metadata" : [ ]
  }, {
    "asset" : {
      "assetID" : "644d8b4e1d4311eca865eeeeac1e3df9bf4bcb10"
    },
    "index" : 1,
    "addedDate" : 1650265216903,
    "metadata" : [ ]
  }, {
    "asset" : {
      "assetID" : "3110d08c217411ec9b75eeeeac1e708dbfa30921"
    },
    "index" : 7,
    "addedDate" : 1650265216903,
    "metadata" : [ ]
  }, {
    "asset" : {
      "assetID" : "5e739ed6217411ecb34aeeeeac1e8d8ad2e07ae6"
    },
    "index" : 22,
    "addedDate" : 1650265216903,
    "metadata" : [ ]
  }, {
    "asset" : {
      "assetID" : "2d8cb039217411ec9229eeeeac1e27969a207eed"
    },
    "index" : 3,
    "addedDate" : 1650265216903,
    "metadata" : [ ]
  } ],
  "fileName" : "2e7da835227f4987abbd11a8228d3c20f8adcbe3.json",
  "name" : "Teachings"
}