{
  "parentCollectionID" : "083b0f23f0d54fa09e9a42eb0ed17a94",
  "parentCollectionPath" : "Mobile Media Library/German - Images/Everyday People/Portraits of Faith",
  "collectionType" : "assets",
  "path" : "Mobile Media Library/German - Images/Everyday People/Portraits of Faith/Darren and Stacey Rea",
  "collectionID" : "2eb3b686ae3845099ce0d7fa6b488c56",
  "language" : "deu",
  "type" : "DEFAULT",
  "lastUpdatedDate" : "2023-09-04T11:40:34.786-06:00",
  "links" : [ {
    "rel" : "details",
    "href" : "https://titanapi.churchofjesuschrist.org/assetsearch/api/v2/collection/details/collectionID/2eb3b686ae3845099ce0d7fa6b488c56"
  } ],
  "coverImages" : [ {
    "asset" : {
      "assetID" : "9a7267f2fddaa17e4afee38a01fd7633a33b0b2d"
    }
  } ],
  "related" : [ ],
  "metadata" : [ {
    "key" : "collectionUri",
    "value" : "darren-stacey-rea-images",
    "language" : "deu"
  }, {
    "key" : "publicTitle",
    "value" : "Darren und Stacey Rea",
    "language" : "deu"
  }, {
    "key" : "orderIndex",
    "value" : "7"
  } ],
  "children" : [ ],
  "assets" : [ {
    "asset" : {
      "assetID" : "dd90e0571abeab19296ec0c9872c6688c0ce1cf0"
    },
    "addedDate" : 1693850417450,
    "metadata" : [ ]
  }, {
    "asset" : {
      "assetID" : "d155436ebe33bb40f59b38fece7285077139920f"
    },
    "addedDate" : 1693850417446,
    "metadata" : [ ]
  }, {
    "asset" : {
      "assetID" : "b9d321710056afbcae2e2a78644e34c2e436f954"
    },
    "addedDate" : 1693850417450,
    "metadata" : [ ]
  }, {
    "asset" : {
      "assetID" : "9a7267f2fddaa17e4afee38a01fd7633a33b0b2d"
    },
    "addedDate" : 1693850417453,
    "metadata" : [ ]
  }, {
    "asset" : {
      "assetID" : "9483562a4e7288fd83e051de4910cfd8a25fa58d"
    },
    "addedDate" : 1693850417453,
    "metadata" : [ ]
  } ],
  "fileName" : "2eb3b686ae3845099ce0d7fa6b488c56.json",
  "name" : "Darren and Stacey Rea",
  "publicTitle" : "Darren und Stacey Rea"
}