{
  "parentCollectionID" : "40ff4b93c202414198e18a6de19a687b3074bae5",
  "parentCollectionPath" : "Mobile Media Library/Japanese - Video/Family History",
  "collectionType" : "assets",
  "path" : "Mobile Media Library/Japanese - Video/Family History/Personal Stories: Temple and Family History",
  "collectionID" : "2ed7dde74a844a019676096187e11d69f3124027",
  "language" : "jpn",
  "type" : "DEFAULT",
  "lastUpdatedDate" : "2022-10-25T12:10:43.291-06:00",
  "links" : [ {
    "rel" : "details",
    "href" : "https://titanapi.churchofjesuschrist.org/assetsearch/api/v2/collection/details/collectionID/2ed7dde74a844a019676096187e11d69f3124027"
  } ],
  "coverImages" : [ {
    "asset" : {
      "assetID" : "cc5991886eebafa786a644e8766e91137916d332"
    }
  } ],
  "related" : [ ],
  "metadata" : [ {
    "key" : "orderIndex",
    "value" : "1"
  }, {
    "key" : "collectionUri",
    "value" : "personal-stories-temple-and-family-history",
    "language" : "jpn"
  }, {
    "key" : "publicTitle",
    "value" : "個人の体験談：神殿・家族歴史",
    "language" : "jpn"
  } ],
  "children" : [ ],
  "assets" : [ {
    "asset" : {
      "assetID" : "0075ecb32c101a6472f1c569aa7da899c31d1c4b"
    },
    "index" : 2,
    "addedDate" : 1648836848500,
    "metadata" : [ ]
  }, {
    "asset" : {
      "assetID" : "6639248e63f8b549f7f591b3e47392f85e0c11f3"
    },
    "index" : 0,
    "addedDate" : 1648836848500,
    "metadata" : [ ]
  }, {
    "asset" : {
      "assetID" : "8bc9955e05fe13001c0247c53577ef88391a576f"
    },
    "index" : 3,
    "addedDate" : 1648836848500,
    "metadata" : [ ]
  }, {
    "asset" : {
      "assetID" : "a715adde28b769f79c6365643d57869a3d62bb56"
    },
    "index" : 4,
    "addedDate" : 1648836848500,
    "metadata" : [ ]
  }, {
    "asset" : {
      "assetID" : "f99793fb5adb12f5ed6d6f10c6f9e325153c9bac"
    },
    "index" : 1,
    "addedDate" : 1648836848500,
    "metadata" : [ ]
  }, {
    "asset" : {
      "assetID" : "e083ad6ab57a371308c9e9610d8cd38897dc60fc"
    },
    "index" : 7,
    "addedDate" : 1648836848500,
    "metadata" : [ ]
  }, {
    "asset" : {
      "assetID" : "8d7545aa07cd94938764a457bd4ef0b6dccb6e36"
    },
    "index" : 6,
    "addedDate" : 1648836848500,
    "metadata" : [ ]
  }, {
    "asset" : {
      "assetID" : "c7867a99dd44b62d30c425c0a483beaa431d1157"
    },
    "index" : 5,
    "addedDate" : 1648836848500,
    "metadata" : [ ]
  } ],
  "fileName" : "2ed7dde74a844a019676096187e11d69f3124027.json",
  "name" : "Personal Stories: Temple and Family History",
  "publicTitle" : "個人の体験談：神殿・家族歴史"
}