{
  "parentCollectionID" : "e589170b41224f08b778eadf62d16aea",
  "parentCollectionPath" : "Mobile Media Library/Korean - Images/Gospel Art/Gospel Art Book",
  "collectionType" : "assets",
  "path" : "Mobile Media Library/Korean - Images/Gospel Art/Gospel Art Book/Latter-day Prophets-Gospel Art Book",
  "collectionID" : "2f0a237dd2fb48daa72a2ecdc7d8a003",
  "language" : "kor",
  "type" : "DEFAULT",
  "lastUpdatedDate" : "2023-09-08T18:18:47.340-06:00",
  "links" : [ {
    "rel" : "details",
    "href" : "https://titanapi.churchofjesuschrist.org/assetsearch/api/v2/collection/details/collectionID/2f0a237dd2fb48daa72a2ecdc7d8a003"
  } ],
  "coverImages" : [ {
    "asset" : {
      "assetID" : "782631e062d8988f869402aad8fa78779c8569c2"
    }
  } ],
  "related" : [ ],
  "metadata" : [ {
    "key" : "collectionUri",
    "value" : "latter-day-prophets-gospel-art-book-images",
    "language" : "kor"
  }, {
    "key" : "publicTitle",
    "value" : "후기의 선지자들—복음 그림책",
    "language" : "kor"
  }, {
    "key" : "orderIndex",
    "value" : "4"
  } ],
  "children" : [ ],
  "assets" : [ {
    "asset" : {
      "assetID" : "b1584eb6fbce5ace472c1cc2af1064e01a5e2c07"
    },
    "addedDate" : 1694219015460,
    "metadata" : [ ]
  }, {
    "asset" : {
      "assetID" : "cc97da1d2033c35485a4d4589267d7045ded9990"
    },
    "addedDate" : 1694219015450,
    "metadata" : [ ]
  }, {
    "asset" : {
      "assetID" : "9c2c85ae4030f80bae4eb68d66cf2237aca483fe"
    },
    "addedDate" : 1694219015476,
    "metadata" : [ ]
  }, {
    "asset" : {
      "assetID" : "f26378f949f423734983084e9897c299a5f4e92e"
    },
    "addedDate" : 1694219015453,
    "metadata" : [ ]
  }, {
    "asset" : {
      "assetID" : "11055d9b82d8fa41917b5317172392dd8b120bca"
    },
    "addedDate" : 1694219015450,
    "metadata" : [ ]
  }, {
    "asset" : {
      "assetID" : "8fe726e9f8adc6eaa4998af2756582efc6e6813d"
    },
    "addedDate" : 1694219015480,
    "metadata" : [ ]
  }, {
    "asset" : {
      "assetID" : "ebcf4e3627a0d183198c88d3b469f1cda5753582"
    },
    "addedDate" : 1694219015450,
    "metadata" : [ ]
  }, {
    "asset" : {
      "assetID" : "3364016fb6bd8eea090e4c3c4f1fcd9c88367f0f"
    },
    "addedDate" : 1694219015470,
    "metadata" : [ ]
  }, {
    "asset" : {
      "assetID" : "a8a0daf57c187fb40437de5c14cbc3859e59b3b5"
    },
    "addedDate" : 1694219015460,
    "metadata" : [ ]
  }, {
    "asset" : {
      "assetID" : "3f9e227070d6c8a50e1c401fd9da97bc0bdfbc5a"
    },
    "addedDate" : 1694219015466,
    "metadata" : [ ]
  }, {
    "asset" : {
      "assetID" : "cf903c04fecc6fd3c520674d638fb71b26d63138"
    },
    "addedDate" : 1694219015443,
    "metadata" : [ ]
  }, {
    "asset" : {
      "assetID" : "57efa9db7ae0bb889d74594f5a694c413b4483de"
    },
    "addedDate" : 1694219015456,
    "metadata" : [ ]
  }, {
    "asset" : {
      "assetID" : "edebd80334eeb2e676ed054065955aaf209f3012"
    },
    "addedDate" : 1694219015470,
    "metadata" : [ ]
  }, {
    "asset" : {
      "assetID" : "b569f4f5f224cc5e1be26d618340ec64b19e2cfb"
    },
    "addedDate" : 1694219015470,
    "metadata" : [ ]
  }, {
    "asset" : {
      "assetID" : "9d7d6a4d97378f7ee4a8f9a3a92061ab3bcc496c"
    },
    "addedDate" : 1694219015473,
    "metadata" : [ ]
  }, {
    "asset" : {
      "assetID" : "ce1f4f39ba0d194681175d8a24f76096afbb53b7"
    },
    "addedDate" : 1694219015473,
    "metadata" : [ ]
  }, {
    "asset" : {
      "assetID" : "c3cbd39613b50962c0f07170d503cf6378387ac3"
    },
    "addedDate" : 1694219015473,
    "metadata" : [ ]
  } ],
  "fileName" : "2f0a237dd2fb48daa72a2ecdc7d8a003.json",
  "name" : "Latter-day Prophets-Gospel Art Book",
  "publicTitle" : "후기의 선지자들—복음 그림책"
}