{
  "parentCollectionID" : "6cbc351383c34b498df7f88712233aec93703781",
  "parentCollectionPath" : "Mobile Media Library/Mandarin Simplified - Video/Scriptural Reenactments and Teachings/Book of Mormon/Book of Mormon Videos",
  "collectionType" : "collections",
  "path" : "Mobile Media Library/Mandarin Simplified - Video/Scriptural Reenactments and Teachings/Book of Mormon/Book of Mormon Videos/Alma 17-19",
  "collectionID" : "305123cdca5340e98495b72bd3d55508ee17929c",
  "type" : "DEFAULT",
  "lastUpdatedDate" : "2022-04-07T15:29:38.950-06:00",
  "links" : [ {
    "rel" : "details",
    "href" : "https://titanapi.churchofjesuschrist.org/assetsearch/api/v2/collection/details/collectionID/305123cdca5340e98495b72bd3d55508ee17929c"
  } ],
  "coverImages" : [ {
    "asset" : {
      "assetID" : "13b24f5d67f66b75091771f3b7812a08ef51b2d8"
    }
  } ],
  "related" : [ ],
  "metadata" : [ {
    "key" : "collectionUri",
    "value" : "alma-17-19"
  }, {
    "key" : "orderIndex",
    "value" : "23"
  } ],
  "children" : [ ],
  "assets" : [ ],
  "fileName" : "305123cdca5340e98495b72bd3d55508ee17929c.json",
  "name" : "Alma 17-19"
}