{
  "parentCollectionID" : "5a560dffb8324b2fa66de6b4d471030de07e025c",
  "parentCollectionPath" : "Mobile Media Library/Indonesian - Video/Teaching and Lessons/Come, Follow Me/Come, Follow Me: New Testament Learning and Teaching Resources",
  "collectionType" : "collections",
  "path" : "Mobile Media Library/Indonesian - Video/Teaching and Lessons/Come, Follow Me/Come, Follow Me: New Testament Learning and Teaching Resources/Jun. 3-9: John 13-17",
  "collectionID" : "312054dfe02a46abaec185ac4d6aa19a609ae707",
  "language" : "ind",
  "type" : "DEFAULT",
  "lastUpdatedDate" : "2022-04-17T23:47:08.716-06:00",
  "links" : [ {
    "rel" : "details",
    "href" : "https://titanapi.churchofjesuschrist.org/assetsearch/api/v2/collection/details/collectionID/312054dfe02a46abaec185ac4d6aa19a609ae707"
  } ],
  "coverImages" : [ {
    "asset" : {
      "assetID" : "a628a7aeb068e0630c75d2cdd7af5d24abe21325"
    }
  } ],
  "related" : [ ],
  "metadata" : [ {
    "key" : "collectionUri",
    "value" : "jun-3-9-john-13-17",
    "language" : "ind"
  }, {
    "key" : "orderIndex",
    "value" : "22"
  } ],
  "children" : [ ],
  "assets" : [ ],
  "fileName" : "312054dfe02a46abaec185ac4d6aa19a609ae707.json",
  "name" : "Jun. 3-9: John 13-17"
}