{
  "parentCollectionID" : "e4f6ccf23b1d4892be7df80bd6da2b2578e528f8",
  "parentCollectionPath" : "Mobile Media Library/Italian - Video/Teaching and Lessons",
  "collectionType" : "collections",
  "path" : "Mobile Media Library/Italian - Video/Teaching and Lessons/Teaching in the Savior's Way",
  "collectionID" : "314760faaf914426a78207e222b56d29505e7ba6",
  "language" : "ita",
  "type" : "DEFAULT",
  "lastUpdatedDate" : "2022-11-01T05:55:51.070-06:00",
  "links" : [ {
    "rel" : "details",
    "href" : "https://titanapi.churchofjesuschrist.org/assetsearch/api/v2/collection/details/collectionID/314760faaf914426a78207e222b56d29505e7ba6"
  } ],
  "coverImages" : [ {
    "asset" : {
      "assetID" : "612c2b52ad58f7696804f45a69814841c8bc3134"
    }
  } ],
  "related" : [ ],
  "metadata" : [ {
    "key" : "orderIndex",
    "value" : "4"
  }, {
    "key" : "collectionUri",
    "value" : "teaching-in-the-saviors-way",
    "language" : "ita"
  }, {
    "key" : "publicTitle",
    "value" : "Insegnare alla maniera del Salvatore",
    "language" : "ita"
  } ],
  "children" : [ ],
  "assets" : [ ],
  "fileName" : "314760faaf914426a78207e222b56d29505e7ba6.json",
  "name" : "Teaching in the Savior's Way",
  "publicTitle" : "Insegnare alla maniera del Salvatore"
}