{
  "parentCollectionID" : "1b3d9f44dce442eda4ed4df16741313073449848",
  "parentCollectionPath" : "Mobile Media Library/Thai - Video/Callings and Trainings",
  "collectionType" : "collections",
  "path" : "Mobile Media Library/Thai - Video/Callings and Trainings/Children and Youth Program",
  "collectionID" : "31873dcf5e9a4b82858135b205b21e3d3b87c6dd",
  "language" : "tha",
  "type" : "DEFAULT",
  "lastUpdatedDate" : "2022-04-18T00:50:08.796-06:00",
  "links" : [ {
    "rel" : "details",
    "href" : "https://titanapi.churchofjesuschrist.org/assetsearch/api/v2/collection/details/collectionID/31873dcf5e9a4b82858135b205b21e3d3b87c6dd"
  } ],
  "coverImages" : [ {
    "asset" : {
      "assetID" : "fcd45e54c0a31dc6c25c2a440eba6239b85ec059"
    }
  } ],
  "related" : [ ],
  "metadata" : [ {
    "key" : "collectionUri",
    "value" : "children-and-youth-program",
    "language" : "tha"
  }, {
    "key" : "orderIndex",
    "value" : "7"
  } ],
  "children" : [ ],
  "assets" : [ ],
  "fileName" : "31873dcf5e9a4b82858135b205b21e3d3b87c6dd.json",
  "name" : "Children and Youth Program"
}