{
  "parentCollectionID" : "c18c0ba93335458cbfd04561fd20a3a7f4fd9914",
  "parentCollectionPath" : "Mobile Media Library/Japanese - Video/Life Help/Self-Reliance Services and PEF/Starting and Growing My Business",
  "collectionType" : "collections",
  "path" : "Mobile Media Library/Japanese - Video/Life Help/Self-Reliance Services and PEF/Starting and Growing My Business/Chapter 08: How much can I afford to invest to grow my business?",
  "collectionID" : "320bea2d91234759a32eb29a3b4209432d3075c2",
  "language" : "jpn",
  "type" : "DEFAULT",
  "lastUpdatedDate" : "2022-08-10T18:08:12.818-06:00",
  "links" : [ {
    "rel" : "details",
    "href" : "https://titanapi.churchofjesuschrist.org/assetsearch/api/v2/collection/details/collectionID/320bea2d91234759a32eb29a3b4209432d3075c2"
  } ],
  "coverImages" : [ {
    "asset" : {
      "assetID" : "fe04b0d80114fcd739a944a5ff294cf81b768f73"
    }
  } ],
  "related" : [ ],
  "metadata" : [ {
    "key" : "collectionUri",
    "value" : "chapter-8-how-much-can-i-afford-to-invest-to-grow-my-business",
    "language" : "jpn"
  } ],
  "children" : [ ],
  "assets" : [ ],
  "fileName" : "320bea2d91234759a32eb29a3b4209432d3075c2.json",
  "name" : "Chapter 08: How much can I afford to invest to grow my business?"
}