{
  "parentCollectionID" : "3aae2fbe4d064f58bf3a108fc51d630b6a00300a",
  "parentCollectionPath" : "Mobile Media Library/Cantonese - Video/Teaching and Lessons/Come, Follow Me/Come, Follow Me: New Testament Learning and Teaching Resources",
  "collectionType" : "collections",
  "path" : "Mobile Media Library/Cantonese - Video/Teaching and Lessons/Come, Follow Me/Come, Follow Me: New Testament Learning and Teaching Resources/Apr. 15-21: Easter",
  "collectionID" : "324f8c5c230c4ee2bf8b0bbf49b0c4093210174e",
  "language" : "yue",
  "type" : "DEFAULT",
  "lastUpdatedDate" : "2022-04-15T20:52:07.660-06:00",
  "links" : [ {
    "rel" : "details",
    "href" : "https://titanapi.churchofjesuschrist.org/assetsearch/api/v2/collection/details/collectionID/324f8c5c230c4ee2bf8b0bbf49b0c4093210174e"
  } ],
  "coverImages" : [ {
    "asset" : {
      "assetID" : "bda36388333c85eedb166e86304c8b80e9070c1b"
    }
  } ],
  "related" : [ ],
  "metadata" : [ {
    "key" : "collectionUri",
    "value" : "apr-15-21-easter",
    "language" : "yue"
  }, {
    "key" : "orderIndex",
    "value" : "15"
  } ],
  "children" : [ ],
  "assets" : [ ],
  "fileName" : "324f8c5c230c4ee2bf8b0bbf49b0c4093210174e.json",
  "name" : "Apr. 15-21: Easter"
}