{
  "parentCollectionID" : "8072d44f91474d0da4fdf878467655f7a8cc439b",
  "parentCollectionPath" : "Mobile Media Library/Indonesian - Video/People",
  "collectionType" : "assets",
  "path" : "Mobile Media Library/Indonesian - Video/People/Testimonies from Prophets and Apostles",
  "collectionID" : "32593586b8624c6e9dc3d06a0a4720bd6105ef68",
  "language" : "ind",
  "type" : "DEFAULT",
  "lastUpdatedDate" : "2022-04-17T23:47:08.716-06:00",
  "links" : [ {
    "rel" : "details",
    "href" : "https://titanapi.churchofjesuschrist.org/assetsearch/api/v2/collection/details/collectionID/32593586b8624c6e9dc3d06a0a4720bd6105ef68"
  } ],
  "coverImages" : [ {
    "asset" : {
      "assetID" : "3c320ec2c36be65b51297dabf86dad98f6ecfa99"
    }
  } ],
  "related" : [ ],
  "metadata" : [ {
    "key" : "collectionUri",
    "value" : "testimonies-from-prophets-and-apostles",
    "language" : "ind"
  }, {
    "key" : "orderIndex",
    "value" : "2"
  } ],
  "children" : [ ],
  "assets" : [ {
    "asset" : {
      "assetID" : "dd6585866785e2ad709c9886e05e3f25681173a5"
    },
    "index" : 3,
    "addedDate" : 1650261069460,
    "metadata" : [ ]
  } ],
  "fileName" : "32593586b8624c6e9dc3d06a0a4720bd6105ef68.json",
  "name" : "Testimonies from Prophets and Apostles"
}