{
  "parentCollectionID" : "1437209f2e6342eebc512ec9375e0d1996f8317d",
  "parentCollectionPath" : "Mobile Media Library/Korean - Video/Scriptural Reenactments and Teachings/Book of Mormon/Book of Mormon Videos",
  "collectionType" : "assets",
  "path" : "Mobile Media Library/Korean - Video/Scriptural Reenactments and Teachings/Book of Mormon/Book of Mormon Videos/1 Nephi 8",
  "collectionID" : "325e4a0f8174476086c98d53627c794e9bff1c49",
  "language" : "kor",
  "type" : "DEFAULT",
  "lastUpdatedDate" : "2024-09-20T15:39:04.092-06:00",
  "links" : [ {
    "rel" : "details",
    "href" : "https://titanapi.churchofjesuschrist.org/assetsearch/api/v2/collection/details/collectionID/325e4a0f8174476086c98d53627c794e9bff1c49"
  } ],
  "coverImages" : [ {
    "asset" : {
      "assetID" : "57dddc185c52192cd886c3a1a17e9bc02e023a4b"
    }
  } ],
  "related" : [ ],
  "metadata" : [ {
    "key" : "orderIndex",
    "value" : "4"
  }, {
    "key" : "channel",
    "value" : "mobile",
    "language" : "kor"
  }, {
    "key" : "collectionUri",
    "value" : "1-nephi-8",
    "language" : "kor"
  }, {
    "key" : "publicTitle",
    "value" : "니파이전서 8",
    "language" : "kor"
  } ],
  "children" : [ ],
  "assets" : [ {
    "asset" : {
      "assetID" : "D2F21D5F8E803E65C35C428D2D31852A323A9FEA"
    },
    "index" : 0,
    "addedDate" : 1648837590603,
    "metadata" : [ ]
  }, {
    "asset" : {
      "assetID" : "0894431CCFBF6A690C1AE50ABF167D3B4E6168C7"
    },
    "index" : 1,
    "addedDate" : 1648837590603,
    "metadata" : [ ]
  }, {
    "asset" : {
      "assetID" : "3EF95BD77DF7D8A1A5643C16816C0B3FA70FEE08"
    },
    "index" : 2,
    "addedDate" : 1648837590603,
    "metadata" : [ ]
  }, {
    "asset" : {
      "assetID" : "C440A2320087422E74C55ADDFE972EA5C835C46E"
    },
    "index" : 3,
    "addedDate" : 1648837590603,
    "metadata" : [ ]
  }, {
    "asset" : {
      "assetID" : "7EE5E0C82C762937A610896AF4859B7836F143A3"
    },
    "index" : 4,
    "addedDate" : 1648837590603,
    "metadata" : [ ]
  } ],
  "fileName" : "325e4a0f8174476086c98d53627c794e9bff1c49.json",
  "name" : "1 Nephi 8",
  "publicTitle" : "니파이전서 8"
}