{
  "parentCollectionID" : "ad6da9d3c8884baa91fb79c74f83c97a32093c75",
  "parentCollectionPath" : "Mobile Media Library/Dutch - Video/Life Help/Self-Reliance Services and PEF/Find a Better Job",
  "collectionType" : "collections",
  "path" : "Mobile Media Library/Dutch - Video/Life Help/Self-Reliance Services and PEF/Find a Better Job/Chapter 06: Nail the Interview Part 1",
  "collectionID" : "32e86ab2e7b545f59a7927461a756eb90f11bab3",
  "language" : "nld",
  "type" : "DEFAULT",
  "lastUpdatedDate" : "2022-04-17T21:40:22.596-06:00",
  "links" : [ {
    "rel" : "details",
    "href" : "https://titanapi.churchofjesuschrist.org/assetsearch/api/v2/collection/details/collectionID/32e86ab2e7b545f59a7927461a756eb90f11bab3"
  } ],
  "coverImages" : [ {
    "asset" : {
      "assetID" : "c4cfba84633bdbb310a513b0926b3abfc2a83043"
    }
  } ],
  "related" : [ ],
  "metadata" : [ ],
  "children" : [ ],
  "assets" : [ ],
  "fileName" : "32e86ab2e7b545f59a7927461a756eb90f11bab3.json",
  "name" : "Chapter 06: Nail the Interview Part 1"
}