{
  "parentCollectionID" : "afa2a3da3e5942ba8e37f7028d03cfe7b3dc1d6d",
  "parentCollectionPath" : "Mobile Media Library/Korean - Video/Teaching and Lessons/Come, Follow Me/Come, Follow Me: New Testament Learning and Teaching Resources",
  "collectionType" : "assets",
  "path" : "Mobile Media Library/Korean - Video/Teaching and Lessons/Come, Follow Me/Come, Follow Me: New Testament Learning and Teaching Resources/Sep. 30-Oct. 13: Ephesians",
  "collectionID" : "331ab7b3b9544d62964d15b6c9123db75a6a9c8f",
  "language" : "kor",
  "type" : "DEFAULT",
  "lastUpdatedDate" : "2022-04-01T02:01:17.036-06:00",
  "links" : [ {
    "rel" : "details",
    "href" : "https://titanapi.churchofjesuschrist.org/assetsearch/api/v2/collection/details/collectionID/331ab7b3b9544d62964d15b6c9123db75a6a9c8f"
  } ],
  "coverImages" : [ {
    "asset" : {
      "assetID" : "ceb77b9ff20a27e573d7930e026754644735be49"
    }
  } ],
  "related" : [ ],
  "metadata" : [ {
    "key" : "collectionUri",
    "value" : "Sep-30-Oct-13-Ephesians-videos",
    "language" : "kor"
  }, {
    "key" : "orderIndex",
    "value" : "39"
  } ],
  "children" : [ ],
  "assets" : [ {
    "asset" : {
      "assetID" : "4153e2e7996a035501857f1d217247794e10f1a7"
    },
    "index" : 0,
    "addedDate" : 1648837590603,
    "metadata" : [ ]
  } ],
  "fileName" : "331ab7b3b9544d62964d15b6c9123db75a6a9c8f.json",
  "name" : "Sep. 30-Oct. 13: Ephesians"
}