{
  "parentCollectionID" : "bf3ddba4b98b4305be731e8667fb233883858d82",
  "parentCollectionPath" : "Mobile Media Library/Swedish - Video/Life Help/Self-Reliance Services and PEF/Self-Reliance: My Foundation",
  "collectionType" : "collections",
  "path" : "Mobile Media Library/Swedish - Video/Life Help/Self-Reliance Services and PEF/Self-Reliance: My Foundation/Principle 07: Become One, Work Together",
  "collectionID" : "332d383ae90f4e599a0bbb8bc57a49576db56ecf",
  "language" : "swe",
  "type" : "DEFAULT",
  "lastUpdatedDate" : "2022-08-25T21:10:31.259-06:00",
  "links" : [ {
    "rel" : "details",
    "href" : "https://titanapi.churchofjesuschrist.org/assetsearch/api/v2/collection/details/collectionID/332d383ae90f4e599a0bbb8bc57a49576db56ecf"
  } ],
  "coverImages" : [ {
    "asset" : {
      "assetID" : "91070927b804427bb52c4769cab17428e303364d"
    }
  } ],
  "related" : [ ],
  "metadata" : [ {
    "key" : "collectionUri",
    "value" : "principle-7-become-one-work-together",
    "language" : "swe"
  } ],
  "children" : [ ],
  "assets" : [ ],
  "fileName" : "332d383ae90f4e599a0bbb8bc57a49576db56ecf.json",
  "name" : "Principle 07: Become One, Work Together"
}