{
  "parentCollectionID" : "0043bd922ba74a349e6a68c7399911072ad86005",
  "parentCollectionPath" : "Mobile Media Library/Tongan - Video/Scriptural Reenactments and Teachings/Book of Mormon/Book of Mormon Videos",
  "collectionType" : "assets",
  "path" : "Mobile Media Library/Tongan - Video/Scriptural Reenactments and Teachings/Book of Mormon/Book of Mormon Videos/3 Nephi 8-11",
  "collectionID" : "341a5dca83784a5bb0fd10bcd03d18b3",
  "language" : "ton",
  "type" : "DEFAULT",
  "lastUpdatedDate" : "2022-10-28T16:13:34.863-06:00",
  "links" : [ {
    "rel" : "details",
    "href" : "https://titanapi.churchofjesuschrist.org/assetsearch/api/v2/collection/details/collectionID/341a5dca83784a5bb0fd10bcd03d18b3"
  } ],
  "coverImages" : [ {
    "asset" : {
      "assetID" : "b063a5f6f71f11ecaf96eeeeac1e40b1bef32e6a"
    }
  } ],
  "related" : [ ],
  "metadata" : [ {
    "key" : "orderIndex",
    "value" : "29"
  }, {
    "key" : "collectionUri",
    "value" : "bmvl-3-nephi-8-11",
    "language" : "ton"
  }, {
    "key" : "publicTitle",
    "value" : "3 Nifai 8–11",
    "language" : "ton"
  } ],
  "children" : [ ],
  "assets" : [ {
    "asset" : {
      "assetID" : "0d8bf2de3f5c11ed8999eeeeac1e0a5fde176d9a"
    },
    "index" : 3,
    "addedDate" : 1665012310031,
    "metadata" : [ ]
  }, {
    "asset" : {
      "assetID" : "10a5dd123f5c11ed97a5eeeeac1e9d430ed70522"
    },
    "index" : 1,
    "addedDate" : 1665012277046,
    "metadata" : [ ]
  }, {
    "asset" : {
      "assetID" : "49b456e63f5c11edbba2eeeeac1e8a124db06b07"
    },
    "index" : 2,
    "addedDate" : 1665012290333,
    "metadata" : [ ]
  }, {
    "asset" : {
      "assetID" : "4fbe83333f5c11ed82e5eeeeac1e5619f29e901a"
    },
    "index" : 0,
    "addedDate" : 1665012258187,
    "metadata" : [ ]
  } ],
  "fileName" : "341a5dca83784a5bb0fd10bcd03d18b3.json",
  "name" : "3 Nephi 8-11",
  "publicTitle" : "3 Nifai 8–11"
}