{
  "parentCollectionID" : "8465555f82f84f7db699299f4658eefc",
  "parentCollectionPath" : "Mobile Media Library/English - Video/Teaching and Lessons/Come, Follow Me/Come, Follow Me: Book of Mormon Learning and Teaching Resources",
  "collectionType" : "assets",
  "path" : "Mobile Media Library/English - Video/Teaching and Lessons/Come, Follow Me/Come, Follow Me: Book of Mormon Learning and Teaching Resources/January 6-12: 1 Nephi 1-7",
  "collectionID" : "3546c86525fe42b88390314b3fdc996b",
  "language" : "eng",
  "type" : "DEFAULT",
  "lastUpdatedDate" : "2019-12-04T15:00:23.299-07:00",
  "links" : [ {
    "rel" : "details",
    "href" : "https://titanapi.churchofjesuschrist.org/assetsearch/api/v2/collection/details/collectionID/3546c86525fe42b88390314b3fdc996b"
  } ],
  "coverImages" : [ {
    "asset" : {
      "assetID" : "d0cce11ada70ce68b9f52168f7c48daf3b43e9a4"
    }
  } ],
  "related" : [ ],
  "metadata" : [ {
    "key" : "collectionUri",
    "value" : "january-6–12-1-nephi-1–7-videos",
    "language" : "eng"
  }, {
    "key" : "publicTitle",
    "value" : "January 6–12: 1 Nephi 1–7",
    "language" : "eng"
  }, {
    "key" : "orderIndex",
    "value" : "1"
  } ],
  "children" : [ ],
  "assets" : [ {
    "asset" : {
      "assetID" : "1bb4cc7d4b07a042c5f2575122e016efc346f697"
    },
    "index" : 22,
    "addedDate" : 1722627316304,
    "metadata" : [ ]
  }, {
    "asset" : {
      "assetID" : "a5d19cc6968cdfbcabd65395c7282faef5e86bb2"
    },
    "index" : 0,
    "addedDate" : 1575528888541,
    "metadata" : [ ]
  }, {
    "asset" : {
      "assetID" : "de54e95785a6292101390a64708101fece59ec02"
    },
    "index" : 1,
    "addedDate" : 1592433100997,
    "metadata" : [ ]
  }, {
    "asset" : {
      "assetID" : "1779B6AEB542DC7A21C5EFA437D911A2BC45035D"
    },
    "index" : 4,
    "addedDate" : 1580865237636,
    "metadata" : [ ]
  }, {
    "asset" : {
      "assetID" : "C0BD2DC63F794E1EDB463EA47B7A00F14FD4B27E"
    },
    "index" : 5,
    "addedDate" : 1580865250733,
    "metadata" : [ ]
  }, {
    "asset" : {
      "assetID" : "55D6CE12A0F070D4184C813D9A40D2C6D6F52E59"
    },
    "index" : 6,
    "addedDate" : 1580865266885,
    "metadata" : [ ]
  }, {
    "asset" : {
      "assetID" : "7253EB44323028E4430FCAAECB6325FAD51B38D8"
    },
    "index" : 7,
    "addedDate" : 1580865286517,
    "metadata" : [ ]
  }, {
    "asset" : {
      "assetID" : "913C81998F1888C408103F61B7FD406DF413A92C"
    },
    "index" : 8,
    "addedDate" : 1580865386469,
    "metadata" : [ ]
  }, {
    "asset" : {
      "assetID" : "8B93FDD2F6CAED224830410E150D6E7E3F38E83B"
    },
    "index" : 9,
    "addedDate" : 1580865397553,
    "metadata" : [ ]
  }, {
    "asset" : {
      "assetID" : "836E12A2FEBC707247490AC9F1519AB7991CBAE3"
    },
    "index" : 10,
    "addedDate" : 1580865709895,
    "metadata" : [ ]
  }, {
    "asset" : {
      "assetID" : "6651AD8DF601512612B9D2E77E3F2ED92410A840"
    },
    "index" : 11,
    "addedDate" : 1580865724230,
    "metadata" : [ ]
  }, {
    "asset" : {
      "assetID" : "B273030FDEF8C44D6EFE06A1883F5108C8FBAB3C"
    },
    "index" : 12,
    "addedDate" : 1580865749428,
    "metadata" : [ ]
  }, {
    "asset" : {
      "assetID" : "DF0773EC017E91E546FE404FAC654399B0B19FBE"
    },
    "index" : 13,
    "addedDate" : 1580865764157,
    "metadata" : [ ]
  }, {
    "asset" : {
      "assetID" : "45AF8890BC0EF1969BDE506461D6AF00A2224F05"
    },
    "index" : 14,
    "addedDate" : 1580865810129,
    "metadata" : [ ]
  }, {
    "asset" : {
      "assetID" : "A23B7CAADDE22E631B595CA5E950BFFE6F4211E3"
    },
    "index" : 15,
    "addedDate" : 1580865884050,
    "metadata" : [ ]
  }, {
    "asset" : {
      "assetID" : "B8FA8322FCA096C17E6D167065A0626488A37664"
    },
    "index" : 16,
    "addedDate" : 1580865899765,
    "metadata" : [ ]
  }, {
    "asset" : {
      "assetID" : "E7F934F4B51BEFC9E4F9C34BC042BD4C8B0D01CB"
    },
    "index" : 17,
    "addedDate" : 1580865939570,
    "metadata" : [ ]
  }, {
    "asset" : {
      "assetID" : "CF6E158B07FB8BB4DA5104E1282EFF1FF4A38C60"
    },
    "index" : 18,
    "addedDate" : 1580865949381,
    "metadata" : [ ]
  }, {
    "asset" : {
      "assetID" : "60572A094354FDDA2547C071E0C652925D0F4A91"
    },
    "index" : 19,
    "addedDate" : 1580865989639,
    "metadata" : [ ]
  }, {
    "asset" : {
      "assetID" : "593A9E8A9FED81A698D50CA4424B4F6A08795466"
    },
    "index" : 20,
    "addedDate" : 1580866004607,
    "metadata" : [ ]
  }, {
    "asset" : {
      "assetID" : "3CF98FC6321EE9DD371A24B7D96476FDB08F0792"
    },
    "index" : 21,
    "addedDate" : 1580866016598,
    "metadata" : [ ]
  }, {
    "asset" : {
      "assetID" : "E0D598BD8985DA918425A93B8C21FEF5B84AD62B"
    },
    "index" : 2,
    "addedDate" : 1579647667833,
    "metadata" : [ ]
  } ],
  "fileName" : "3546c86525fe42b88390314b3fdc996b.json",
  "name" : "January 6-12: 1 Nephi 1-7",
  "publicTitle" : "January 6–12: 1 Nephi 1–7"
}