{
  "parentCollectionID" : "58dd1af9695d4a8e8ab8211edb5e37e5ba435d91",
  "parentCollectionPath" : "Mobile Media Library/Indonesian - Video/Life Help/Self-Reliance Services and PEF",
  "collectionType" : "collections",
  "path" : "Mobile Media Library/Indonesian - Video/Life Help/Self-Reliance Services and PEF/My Job Search",
  "collectionID" : "3585599f73c8451b850a894eb7a02f32443c42a0",
  "language" : "ind",
  "type" : "DEFAULT",
  "lastUpdatedDate" : "2022-11-02T07:11:27.833-06:00",
  "links" : [ {
    "rel" : "details",
    "href" : "https://titanapi.churchofjesuschrist.org/assetsearch/api/v2/collection/details/collectionID/3585599f73c8451b850a894eb7a02f32443c42a0"
  } ],
  "coverImages" : [ {
    "asset" : {
      "assetID" : "955711032c3868ececbc8c80d3353b955d53ff43"
    }
  } ],
  "related" : [ ],
  "metadata" : [ {
    "key" : "collectionUri",
    "value" : "my-job-search",
    "language" : "ind"
  }, {
    "key" : "publicTitle",
    "value" : "Pencarian Kerja Saya",
    "language" : "ind"
  } ],
  "children" : [ {
    "path" : "Mobile Media Library/Indonesian - Video/Life Help/Self-Reliance Services and PEF/My Job Search/Chapter 1: How do I find the right job opportunities?",
    "collectionID" : "cb57267f1d2341d8a3845c4cc8f1f7d23c015e9a",
    "type" : "DEFAULT",
    "lastUpdatedDate" : "2022-11-02T07:11:48.046-06:00",
    "links" : [ {
      "rel" : "details",
      "href" : "https://titanapi.churchofjesuschrist.org/assetsearch/api/v2/collection/details/collectionID/cb57267f1d2341d8a3845c4cc8f1f7d23c015e9a"
    } ],
    "fileName" : "cb57267f1d2341d8a3845c4cc8f1f7d23c015e9a.json"
  }, {
    "path" : "Mobile Media Library/Indonesian - Video/Life Help/Self-Reliance Services and PEF/My Job Search/Chapter 2: How do I present myself with convincing power?",
    "collectionID" : "197337a62cc146efb1fd74e64c51184266ffaf0f",
    "type" : "DEFAULT",
    "lastUpdatedDate" : "2022-11-02T07:12:32.604-06:00",
    "links" : [ {
      "rel" : "details",
      "href" : "https://titanapi.churchofjesuschrist.org/assetsearch/api/v2/collection/details/collectionID/197337a62cc146efb1fd74e64c51184266ffaf0f"
    } ],
    "fileName" : "197337a62cc146efb1fd74e64c51184266ffaf0f.json"
  }, {
    "path" : "Mobile Media Library/Indonesian - Video/Life Help/Self-Reliance Services and PEF/My Job Search/Chapter 3: How do I access the \"hidden\" job market?",
    "collectionID" : "12a5e4906e504ace9eb8ada70d5e325a13cf9f27",
    "type" : "DEFAULT",
    "lastUpdatedDate" : "2022-11-02T07:12:53.217-06:00",
    "links" : [ {
      "rel" : "details",
      "href" : "https://titanapi.churchofjesuschrist.org/assetsearch/api/v2/collection/details/collectionID/12a5e4906e504ace9eb8ada70d5e325a13cf9f27"
    } ],
    "fileName" : "12a5e4906e504ace9eb8ada70d5e325a13cf9f27.json"
  }, {
    "path" : "Mobile Media Library/Indonesian - Video/Life Help/Self-Reliance Services and PEF/My Job Search/Chapter 4: How do I stand out as the clear choice?",
    "collectionID" : "bb74ade9e20041fe81ed702c696d16391df523ef",
    "type" : "DEFAULT",
    "lastUpdatedDate" : "2022-11-02T07:19:39.447-06:00",
    "links" : [ {
      "rel" : "details",
      "href" : "https://titanapi.churchofjesuschrist.org/assetsearch/api/v2/collection/details/collectionID/bb74ade9e20041fe81ed702c696d16391df523ef"
    } ],
    "fileName" : "bb74ade9e20041fe81ed702c696d16391df523ef.json"
  }, {
    "path" : "Mobile Media Library/Indonesian - Video/Life Help/Self-Reliance Services and PEF/My Job Search/Chapter 5: How do I accelerate my job search?",
    "collectionID" : "dad1f2226ac94a95b1303c6a769a4b5095a912ed",
    "type" : "DEFAULT",
    "lastUpdatedDate" : "2022-11-02T07:19:59.681-06:00",
    "links" : [ {
      "rel" : "details",
      "href" : "https://titanapi.churchofjesuschrist.org/assetsearch/api/v2/collection/details/collectionID/dad1f2226ac94a95b1303c6a769a4b5095a912ed"
    } ],
    "fileName" : "dad1f2226ac94a95b1303c6a769a4b5095a912ed.json"
  }, {
    "path" : "Mobile Media Library/Indonesian - Video/Life Help/Self-Reliance Services and PEF/My Job Search/Chapter 6: How do I excel on the job and continue to succeed?",
    "collectionID" : "9f423af2f5934236978f42a118abd2742c906b30",
    "type" : "DEFAULT",
    "lastUpdatedDate" : "2022-11-02T07:20:21.741-06:00",
    "links" : [ {
      "rel" : "details",
      "href" : "https://titanapi.churchofjesuschrist.org/assetsearch/api/v2/collection/details/collectionID/9f423af2f5934236978f42a118abd2742c906b30"
    } ],
    "fileName" : "9f423af2f5934236978f42a118abd2742c906b30.json"
  } ],
  "assets" : [ ],
  "fileName" : "3585599f73c8451b850a894eb7a02f32443c42a0.json",
  "name" : "My Job Search",
  "publicTitle" : "Pencarian Kerja Saya"
}