{
  "parentCollectionID" : "9a06d7efb9ba423f9e295154e9b4b68e",
  "parentCollectionPath" : "Mobile Media Library/English - Images/Come, Follow Me: Learning and Teaching Resources/2023 Come Follow Me Image Resources",
  "collectionType" : "assets",
  "path" : "Mobile Media Library/English - Images/Come, Follow Me: Learning and Teaching Resources/2023 Come Follow Me Image Resources/July 24–July 30. Acts 16-21: \"The Lord Had Called Us For to Preach the Gospel\"",
  "collectionID" : "35f00803c99340cb9e87bdc33bb7aa2c",
  "language" : "eng",
  "type" : "DEFAULT",
  "lastUpdatedDate" : "2022-12-27T16:44:24.108-07:00",
  "links" : [ {
    "rel" : "details",
    "href" : "https://titanapi.churchofjesuschrist.org/assetsearch/api/v2/collection/details/collectionID/35f00803c99340cb9e87bdc33bb7aa2c"
  } ],
  "coverImages" : [ {
    "asset" : {
      "assetID" : "cfe4c04cc00411ecb747eeeeac1e1254061d7b38"
    }
  } ],
  "related" : [ ],
  "metadata" : [ {
    "key" : "orderIndex",
    "value" : "30"
  }, {
    "key" : "collectionUri",
    "value" : "cfm-2023-images-july-24-30",
    "language" : "eng"
  }, {
    "key" : "publicTitle",
    "value" : "July 24–July 30. Acts 16-21: \"The Lord Had Called Us For to Preach the Gospel\"",
    "language" : "eng"
  } ],
  "children" : [ ],
  "assets" : [ {
    "asset" : {
      "assetID" : "398d8f699d92975ce96bdfd77dc2c74600bf43d9"
    },
    "index" : 0,
    "addedDate" : 1665940529767,
    "metadata" : [ ]
  }, {
    "asset" : {
      "assetID" : "6a0c34ee2fde51e49520e6fc385ad9e3967c7c9f"
    },
    "index" : 2,
    "addedDate" : 1665940545737,
    "metadata" : [ ]
  }, {
    "asset" : {
      "assetID" : "bbcfa2966cf42e55d97ccfab4fb2b56776bd69e7"
    },
    "index" : 3,
    "addedDate" : 1666723665133,
    "metadata" : [ ]
  }, {
    "asset" : {
      "assetID" : "964a1a9d7903bac39fc2703c22d5522d35bb19d0"
    },
    "index" : 1,
    "addedDate" : 1665940537383,
    "metadata" : [ ]
  } ],
  "fileName" : "35f00803c99340cb9e87bdc33bb7aa2c.json",
  "name" : "July 24–July 30. Acts 16-21: \"The Lord Had Called Us For to Preach the Gospel\"",
  "publicTitle" : "July 24–July 30. Acts 16-21: \"The Lord Had Called Us For to Preach the Gospel\""
}