{
  "parentCollectionID" : "eee9c62bb23a46c393c9f666d0d294c7c31f61a0",
  "parentCollectionPath" : "Mobile Media Library/Norwegian - Video/Teaching and Lessons/Come, Follow Me",
  "collectionType" : "collections",
  "path" : "Mobile Media Library/Norwegian - Video/Teaching and Lessons/Come, Follow Me/Come, Follow Me: For Aaronic Priesthood Quorums and Young Women",
  "collectionID" : "3734df0e08564ab380a6ddd016e3cbce8433d45a",
  "language" : "nor",
  "type" : "DEFAULT",
  "lastUpdatedDate" : "2022-10-28T10:13:01.196-06:00",
  "links" : [ {
    "rel" : "details",
    "href" : "https://titanapi.churchofjesuschrist.org/assetsearch/api/v2/collection/details/collectionID/3734df0e08564ab380a6ddd016e3cbce8433d45a"
  } ],
  "coverImages" : [ {
    "asset" : {
      "assetID" : "876e3574518dfb972d3a62baa1d39765f0ab0609"
    }
  } ],
  "related" : [ ],
  "metadata" : [ {
    "key" : "orderIndex",
    "value" : "1"
  }, {
    "key" : "collectionUri",
    "value" : "come-follow-me-for-aaronic-priesthood-quorums-and-young-women",
    "language" : "nor"
  }, {
    "key" : "publicTitle",
    "value" : "Bruk av Kom følg med meg – for Det aronske prestedømmes quorumer og Unge kvinners klasser",
    "language" : "nor"
  } ],
  "children" : [ {
    "path" : "Mobile Media Library/Norwegian - Video/Teaching and Lessons/Come, Follow Me/Come, Follow Me: For Aaronic Priesthood Quorums and Young Women/Media for Parents, Leaders and Teachers",
    "collectionID" : "c8078f8b6890498b8dfe873da5f38d343998919f",
    "type" : "DEFAULT",
    "lastUpdatedDate" : "2022-10-28T10:22:39.348-06:00",
    "links" : [ {
      "rel" : "details",
      "href" : "https://titanapi.churchofjesuschrist.org/assetsearch/api/v2/collection/details/collectionID/c8078f8b6890498b8dfe873da5f38d343998919f"
    } ],
    "fileName" : "c8078f8b6890498b8dfe873da5f38d343998919f.json"
  }, {
    "path" : "Mobile Media Library/Norwegian - Video/Teaching and Lessons/Come, Follow Me/Come, Follow Me: For Aaronic Priesthood Quorums and Young Women/Media for 2023 Doctrinal Topics",
    "collectionID" : "03ed8c307d534c1c9349d6c66c43f7af",
    "type" : "DEFAULT",
    "lastUpdatedDate" : "2022-10-28T10:15:31.982-06:00",
    "links" : [ {
      "rel" : "details",
      "href" : "https://titanapi.churchofjesuschrist.org/assetsearch/api/v2/collection/details/collectionID/03ed8c307d534c1c9349d6c66c43f7af"
    } ],
    "fileName" : "03ed8c307d534c1c9349d6c66c43f7af.json"
  } ],
  "assets" : [ ],
  "fileName" : "3734df0e08564ab380a6ddd016e3cbce8433d45a.json",
  "name" : "Come, Follow Me: For Aaronic Priesthood Quorums and Young Women",
  "publicTitle" : "Bruk av Kom følg med meg – for Det aronske prestedømmes quorumer og Unge kvinners klasser"
}