{
  "parentCollectionID" : "e96ddc43dde94993ae2d2bafd414caa1",
  "parentCollectionPath" : "Mobile Media Library/French - Images/Everyday People/Portraits of Faith",
  "collectionType" : "assets",
  "path" : "Mobile Media Library/French - Images/Everyday People/Portraits of Faith/Amanda Jiri",
  "collectionID" : "37c312ad998a4d57a56b5701784f72eb",
  "language" : "fra",
  "type" : "DEFAULT",
  "lastUpdatedDate" : "2023-09-01T13:20:44.365-06:00",
  "links" : [ {
    "rel" : "details",
    "href" : "https://titanapi.churchofjesuschrist.org/assetsearch/api/v2/collection/details/collectionID/37c312ad998a4d57a56b5701784f72eb"
  } ],
  "coverImages" : [ {
    "asset" : {
      "assetID" : "864ad1ceaa997206e04deac611751d26ce21e282"
    }
  } ],
  "related" : [ ],
  "metadata" : [ {
    "key" : "collectionUri",
    "value" : "amanda-jiri-images",
    "language" : "fra"
  }, {
    "key" : "publicTitle",
    "value" : "Amanda Jiri",
    "language" : "fra"
  }, {
    "key" : "orderIndex",
    "value" : "2"
  } ],
  "children" : [ ],
  "assets" : [ {
    "asset" : {
      "assetID" : "acc894576f66fe34a091cbed82974bfd2260a4b4"
    },
    "addedDate" : 1693597690940,
    "metadata" : [ ]
  }, {
    "asset" : {
      "assetID" : "9d995213ff951b46fbea06bf248a0c349772763e"
    },
    "addedDate" : 1693597690943,
    "metadata" : [ ]
  }, {
    "asset" : {
      "assetID" : "864ad1ceaa997206e04deac611751d26ce21e282"
    },
    "addedDate" : 1693597690946,
    "metadata" : [ ]
  }, {
    "asset" : {
      "assetID" : "f106b8e9fe2a16c8de5ae7ed40e6e9de5426efbe"
    },
    "addedDate" : 1693597690946,
    "metadata" : [ ]
  }, {
    "asset" : {
      "assetID" : "72d5b885f3d204fb7fb46ee829d9a629138e1f9c"
    },
    "addedDate" : 1693597690943,
    "metadata" : [ ]
  }, {
    "asset" : {
      "assetID" : "99317b31edc6d361278ee1fc10b4c9edc8833ec4"
    },
    "addedDate" : 1693597690936,
    "metadata" : [ ]
  } ],
  "fileName" : "37c312ad998a4d57a56b5701784f72eb.json",
  "name" : "Amanda Jiri",
  "publicTitle" : "Amanda Jiri"
}