{
  "parentCollectionID" : "e85396c9c1b04978b7785a733c2f907f",
  "parentCollectionPath" : "Mobile Media Library/Spanish - Video/Broadcasts/General Conference",
  "collectionType" : "assets",
  "path" : "Mobile Media Library/Spanish - Video/Broadcasts/General Conference/October 2020",
  "collectionID" : "37d2f48ea9a147e4a480c60d5a328478",
  "language" : "spa",
  "type" : "DEFAULT",
  "lastUpdatedDate" : "2022-09-09T09:16:30.739-06:00",
  "links" : [ {
    "rel" : "details",
    "href" : "https://titanapi.churchofjesuschrist.org/assetsearch/api/v2/collection/details/collectionID/37d2f48ea9a147e4a480c60d5a328478"
  } ],
  "coverImages" : [ {
    "asset" : {
      "assetID" : "8c538435301f1e1532d263f5be11fb0ccf95c9ce"
    }
  } ],
  "related" : [ ],
  "metadata" : [ {
    "key" : "orderIndex",
    "value" : "8"
  }, {
    "key" : "channel",
    "value" : "mobile",
    "language" : "spa"
  }, {
    "key" : "collectionUri",
    "value" : "october-2020-general-conference-videos",
    "language" : "spa"
  }, {
    "key" : "publicTitle",
    "value" : "Octubre 2020",
    "language" : "spa"
  } ],
  "children" : [ ],
  "assets" : [ {
    "asset" : {
      "assetID" : "670C3166DE37B1449D4DEAEE3DBA77374C1708DE"
    },
    "index" : 3,
    "addedDate" : 1662677866136,
    "metadata" : [ ]
  }, {
    "asset" : {
      "assetID" : "B3A52F05EDD25247F7DF03EB363A056CAF8A44AB"
    },
    "index" : 6,
    "addedDate" : 1662734008424,
    "metadata" : [ ]
  }, {
    "asset" : {
      "assetID" : "F935EB12E5ED20805CCBFFF536660A9BFB50C0B0"
    },
    "index" : 12,
    "addedDate" : 1662730026715,
    "metadata" : [ ]
  }, {
    "asset" : {
      "assetID" : "C79D3B83528B0F8EAE740477E462CDB66B816DDC"
    },
    "index" : 18,
    "addedDate" : 1662730433269,
    "metadata" : [ ]
  }, {
    "asset" : {
      "assetID" : "9B215DE184A7476D16E522D6CD6D302AD8CE8282"
    },
    "index" : 23,
    "addedDate" : 1662730624508,
    "metadata" : [ ]
  }, {
    "asset" : {
      "assetID" : "ED8C740A71F4841AAD76CC299A46CCEA611405BA"
    },
    "index" : 24,
    "addedDate" : 1662730648037,
    "metadata" : [ ]
  }, {
    "asset" : {
      "assetID" : "73C0BDB7A356E276BF4DB2214A5CEE9346E7AC97"
    },
    "index" : 0,
    "addedDate" : 1662677776782,
    "metadata" : [ ]
  }, {
    "asset" : {
      "assetID" : "1B13D928F7B938A6DEA0C5C2BB2F0173AE3766E6"
    },
    "index" : 1,
    "addedDate" : 1662677834116,
    "metadata" : [ ]
  }, {
    "asset" : {
      "assetID" : "84C0B8293AF81CDC5A5493AB73A0B87722BD7EEA"
    },
    "index" : 2,
    "addedDate" : 1662677850464,
    "metadata" : [ ]
  }, {
    "asset" : {
      "assetID" : "A60F1ED2625269175D392DA9896610D57F8437B2"
    },
    "index" : 4,
    "addedDate" : 1662677883680,
    "metadata" : [ ]
  }, {
    "asset" : {
      "assetID" : "286759F49CA15489A7CFD5D0F59DAB7C701B35B6"
    },
    "index" : 5,
    "addedDate" : 1662677898291,
    "metadata" : [ ]
  }, {
    "asset" : {
      "assetID" : "1DA1B0CC2BDCCDE078CBCE124B124566E5A6FB12"
    },
    "index" : 8,
    "addedDate" : 1662678019756,
    "metadata" : [ ]
  }, {
    "asset" : {
      "assetID" : "35196A105DF5EE2CB19243DFA9174542FCC124F0"
    },
    "index" : 9,
    "addedDate" : 1662729953834,
    "metadata" : [ ]
  }, {
    "asset" : {
      "assetID" : "B804CEFB7A2A3094B737FA979C2DF16C88717BB2"
    },
    "index" : 10,
    "addedDate" : 1662729973020,
    "metadata" : [ ]
  }, {
    "asset" : {
      "assetID" : "BC92A5C6AEFDDDEA33235B640957A67738898FEF"
    },
    "index" : 7,
    "addedDate" : 1662677940695,
    "metadata" : [ ]
  }, {
    "asset" : {
      "assetID" : "76827AB8892FA3367B3E7697C429A45ABD5D0B44"
    },
    "index" : 11,
    "addedDate" : 1662730001264,
    "metadata" : [ ]
  }, {
    "asset" : {
      "assetID" : "CA1EF6405F0A30FFA9B4DBD1EA632FC9352F8336"
    },
    "index" : 13,
    "addedDate" : 1662730059852,
    "metadata" : [ ]
  }, {
    "asset" : {
      "assetID" : "41CEB76F7CF602C10F729F4788ED511BFB797FD8"
    },
    "index" : 14,
    "addedDate" : 1662730082137,
    "metadata" : [ ]
  }, {
    "asset" : {
      "assetID" : "5CB1B0F244AE52C3068E00210D3ACA32468A6064"
    },
    "index" : 17,
    "addedDate" : 1662733988214,
    "metadata" : [ ]
  }, {
    "asset" : {
      "assetID" : "A9D7587BC953C0D71644FE4A32AAA6E2DE79FB86"
    },
    "index" : 15,
    "addedDate" : 1662730262642,
    "metadata" : [ ]
  }, {
    "asset" : {
      "assetID" : "18606EF6CC8FEC09DB4A02324F573E9837372212"
    },
    "index" : 16,
    "addedDate" : 1662730296692,
    "metadata" : [ ]
  }, {
    "asset" : {
      "assetID" : "3EE7DDEBE7DE2555E581FB5551BC1A2E1FDB988D"
    },
    "index" : 19,
    "addedDate" : 1662734043092,
    "metadata" : [ ]
  }, {
    "asset" : {
      "assetID" : "24F8BF28E2887A28A54F88D281CA169D076400EC"
    },
    "index" : 20,
    "addedDate" : 1662736402253,
    "metadata" : [ ]
  }, {
    "asset" : {
      "assetID" : "56494DAB0643FA4BAAC070CB71DBE5D3E4921EBF"
    },
    "index" : 21,
    "addedDate" : 1662730583699,
    "metadata" : [ ]
  }, {
    "asset" : {
      "assetID" : "FDC1E5833B11B3C44F18D58C699F0266F9C45594"
    },
    "index" : 22,
    "addedDate" : 1662735672669,
    "metadata" : [ ]
  }, {
    "asset" : {
      "assetID" : "E56EF9850AD7A01F315CA7E8FA2D873F52D48C80"
    },
    "index" : 25,
    "addedDate" : 1662730855421,
    "metadata" : [ ]
  }, {
    "asset" : {
      "assetID" : "37A982FCAF6DA89B069F9CD7A72A86BDEB1A8FA9"
    },
    "index" : 26,
    "addedDate" : 1662730884011,
    "metadata" : [ ]
  }, {
    "asset" : {
      "assetID" : "8E3A3DAA23A5221BA92C323CE8BAC17A48FCC52C"
    },
    "index" : 27,
    "addedDate" : 1662730903192,
    "metadata" : [ ]
  }, {
    "asset" : {
      "assetID" : "6C4D353B7C90644D5314A4A32FCDC16AD29B2E92"
    },
    "index" : 28,
    "addedDate" : 1662730923469,
    "metadata" : [ ]
  }, {
    "asset" : {
      "assetID" : "247F6FACF43A5AE0D2DAF3C1F840DCACF064867D"
    },
    "index" : 29,
    "addedDate" : 1662731340984,
    "metadata" : [ ]
  }, {
    "asset" : {
      "assetID" : "68F7BA498E602075419EAD4DC7A266C712A3E6E9"
    },
    "index" : 30,
    "addedDate" : 1662731370371,
    "metadata" : [ ]
  }, {
    "asset" : {
      "assetID" : "93FE6804FDF93942905F36AEE3BE6556993F8E9F"
    },
    "index" : 31,
    "addedDate" : 1662731387064,
    "metadata" : [ ]
  }, {
    "asset" : {
      "assetID" : "4F94335AE0ECD487D1D13847CD0A1A18B3801CA8"
    },
    "index" : 32,
    "addedDate" : 1662731490034,
    "metadata" : [ ]
  }, {
    "asset" : {
      "assetID" : "BF3AD58FCFB795998ACA04336902942987610818"
    },
    "index" : 33,
    "addedDate" : 1662731507449,
    "metadata" : [ ]
  }, {
    "asset" : {
      "assetID" : "DC80F6D4ABC077E3E0A5442C0106252604CCA8C2"
    },
    "index" : 34,
    "addedDate" : 1662731527459,
    "metadata" : [ ]
  }, {
    "asset" : {
      "assetID" : "B3FD4A0B8B3882C0A62970E84B0BC391833DCCF2"
    },
    "index" : 35,
    "addedDate" : 1662731546384,
    "metadata" : [ ]
  }, {
    "asset" : {
      "assetID" : "E8012822887E486709B790F0F6AC7D6D3FACC55C"
    },
    "index" : 36,
    "addedDate" : 1662731563338,
    "metadata" : [ ]
  }, {
    "asset" : {
      "assetID" : "D90425511C814519AD154AEF9714D6C11831A90C"
    },
    "index" : 37,
    "addedDate" : 1662731596284,
    "metadata" : [ ]
  }, {
    "asset" : {
      "assetID" : "8B7E6D0619A9AB8246873D63A7792C1B7ED691BC"
    },
    "index" : 38,
    "addedDate" : 1662731615262,
    "metadata" : [ ]
  }, {
    "asset" : {
      "assetID" : "58538B9D53E45D89E32A3344292F30B87B714756"
    },
    "index" : 39,
    "addedDate" : 1662731652986,
    "metadata" : [ ]
  }, {
    "asset" : {
      "assetID" : "B49659732F3EAC01FB31112733B0B6B214929DDE"
    },
    "index" : 40,
    "addedDate" : 1662731669087,
    "metadata" : [ ]
  } ],
  "fileName" : "37d2f48ea9a147e4a480c60d5a328478.json",
  "name" : "October 2020",
  "publicTitle" : "Octubre 2020"
}