{
  "parentCollectionID" : "7365d8cb88df411ebfd2f482077a451f1e60fa21",
  "parentCollectionPath" : "Mobile Media Library/Hungarian - Video/Teaching and Lessons/Seminary and Institute/Teacher Training - Gospel Teaching and Learning Handbook Video Resources",
  "collectionType" : "collections",
  "path" : "Mobile Media Library/Hungarian - Video/Teaching and Lessons/Seminary and Institute/Teacher Training - Gospel Teaching and Learning Handbook Video Resources/5 - Teaching Methods, Skills, and Approaches",
  "collectionID" : "37d8a44b73a44ea2b13bb8337e3f23476455ee0d",
  "language" : "hun",
  "type" : "DEFAULT",
  "lastUpdatedDate" : "2022-10-28T08:00:31.328-06:00",
  "links" : [ {
    "rel" : "details",
    "href" : "https://titanapi.churchofjesuschrist.org/assetsearch/api/v2/collection/details/collectionID/37d8a44b73a44ea2b13bb8337e3f23476455ee0d"
  } ],
  "coverImages" : [ {
    "asset" : {
      "assetID" : "286654cc48ad244c6f026153c500a1bed9efea3c"
    }
  } ],
  "related" : [ ],
  "metadata" : [ {
    "key" : "orderIndex",
    "value" : "5"
  }, {
    "key" : "collectionUri",
    "value" : "5-teaching-methods-skills-and-approaches",
    "language" : "hun"
  }, {
    "key" : "publicTitle",
    "value" : "5 – Tanítási módszerek, készségek és szemléletek",
    "language" : "hun"
  } ],
  "children" : [ ],
  "assets" : [ ],
  "fileName" : "37d8a44b73a44ea2b13bb8337e3f23476455ee0d.json",
  "name" : "5 - Teaching Methods, Skills, and Approaches",
  "publicTitle" : "5 – Tanítási módszerek, készségek és szemléletek"
}