{
  "parentCollectionID" : "295401b6bf28408a88048e5583dd402f",
  "parentCollectionPath" : "Mobile Media Library/Mandarin Simplified - Video/Broadcasts/Teaching Religion to Youth and Young Adults",
  "collectionType" : "assets",
  "path" : "Mobile Media Library/Mandarin Simplified - Video/Broadcasts/Teaching Religion to Youth and Young Adults/2014–An Evening with Elder Neil L. Andersen",
  "collectionID" : "37f020dcce294374bea59f399a7bd7f4",
  "type" : "DEFAULT",
  "lastUpdatedDate" : "2023-07-06T10:03:12.433-06:00",
  "links" : [ {
    "rel" : "details",
    "href" : "https://titanapi.churchofjesuschrist.org/assetsearch/api/v2/collection/details/collectionID/37f020dcce294374bea59f399a7bd7f4"
  } ],
  "coverImages" : [ {
    "asset" : {
      "assetID" : "273e3c15dde87a9473044606d81b689ecdc9987b"
    }
  } ],
  "related" : [ ],
  "metadata" : [ {
    "key" : "collectionUri",
    "value" : "evening-with-a-general-authority-2014"
  }, {
    "key" : "publicTitle",
    "value" : "2014—与尼尔·安德森长老一夕谈"
  }, {
    "key" : "orderIndex",
    "value" : "10"
  } ],
  "children" : [ ],
  "assets" : [ {
    "asset" : {
      "assetID" : "2014-02-1010-a-classroom-of-faith-hope-and-charity-cmn"
    },
    "index" : 0,
    "addedDate" : 1688659413540,
    "metadata" : [ ]
  }, {
    "asset" : {
      "assetID" : "2014-02-1000-an-evening-with-a-general-authority-2014-cmn"
    },
    "index" : 1,
    "addedDate" : 1688659423901,
    "metadata" : [ ]
  } ],
  "fileName" : "37f020dcce294374bea59f399a7bd7f4.json",
  "name" : "2014–An Evening with Elder Neil L. Andersen",
  "publicTitle" : "2014—与尼尔·安德森长老一夕谈"
}