{
  "parentCollectionID" : "ec3e77f93b394a939a5cc3836994c86730a7e321",
  "parentCollectionPath" : "Mobile Media Library/Danish - Video/Topics",
  "collectionType" : "assets",
  "path" : "Mobile Media Library/Danish - Video/Topics/Gratitude",
  "collectionID" : "3820f56730364f398cfc1a6029950eafa522a793",
  "language" : "dan",
  "type" : "DEFAULT",
  "lastUpdatedDate" : "2023-05-24T14:28:33.650-06:00",
  "links" : [ {
    "rel" : "details",
    "href" : "https://titanapi.churchofjesuschrist.org/assetsearch/api/v2/collection/details/collectionID/3820f56730364f398cfc1a6029950eafa522a793"
  } ],
  "coverImages" : [ {
    "asset" : {
      "assetID" : "844f0db7a9f14a274f47b866ae49e2ecf7856cbb"
    }
  } ],
  "related" : [ ],
  "metadata" : [ {
    "key" : "orderIndex",
    "value" : "14"
  }, {
    "key" : "collectionUri",
    "value" : "gratitude-topic",
    "language" : "dan"
  }, {
    "key" : "publicTitle",
    "value" : "Taknemmelighed",
    "language" : "dan"
  } ],
  "children" : [ ],
  "assets" : [ {
    "asset" : {
      "assetID" : "E9F9470C6C189395C70A34D5ED688F5E2BE6C8DF"
    },
    "index" : 2,
    "addedDate" : 1648847570090,
    "metadata" : [ ]
  }, {
    "asset" : {
      "assetID" : "2cac91d520ad11ecbc34eeeeac1e09a5a3f20ada"
    },
    "index" : 0,
    "addedDate" : 1648847570090,
    "metadata" : [ ]
  } ],
  "fileName" : "3820f56730364f398cfc1a6029950eafa522a793.json",
  "name" : "Gratitude",
  "publicTitle" : "Taknemmelighed"
}