{
  "parentCollectionID" : "2de04d251c5647ee9a1d11f997380555",
  "parentCollectionPath" : "Mobile Media Library/Indonesian - Video/Teaching and Lessons/Come, Follow Me/Come, Follow Me: For Aaronic Priesthood Quorums and Young Women/Media for 2023 Doctrinal Topics",
  "collectionType" : "collections",
  "path" : "Mobile Media Library/Indonesian - Video/Teaching and Lessons/Come, Follow Me/Come, Follow Me: For Aaronic Priesthood Quorums and Young Women/Media for 2023 Doctrinal Topics/December",
  "collectionID" : "3a4a9e91578742e784a1aa129b2f2221",
  "language" : "ind",
  "type" : "DEFAULT",
  "lastUpdatedDate" : "2022-07-14T08:33:41.938-06:00",
  "links" : [ {
    "rel" : "details",
    "href" : "https://titanapi.churchofjesuschrist.org/assetsearch/api/v2/collection/details/collectionID/3a4a9e91578742e784a1aa129b2f2221"
  } ],
  "coverImages" : [ ],
  "related" : [ ],
  "metadata" : [ {
    "key" : "collectionUri",
    "value" : "december-2023-doctrinal-media-for-youth",
    "language" : "ind"
  }, {
    "key" : "orderIndex",
    "value" : "12"
  } ],
  "children" : [ ],
  "assets" : [ ],
  "fileName" : "3a4a9e91578742e784a1aa129b2f2221.json",
  "name" : "December"
}