{
  "parentCollectionID" : "d6efbe45c2c14949970bbef5f15453090ef9799c",
  "parentCollectionPath" : "Mobile Media Library/Korean - Video/Topics",
  "collectionType" : "collections",
  "path" : "Mobile Media Library/Korean - Video/Topics/Fathers",
  "collectionID" : "3a8ca7ac341d4c9ab9a7bef025be50e2d8b89104",
  "language" : "kor",
  "type" : "DEFAULT",
  "lastUpdatedDate" : "2023-06-08T17:06:40.056-06:00",
  "links" : [ {
    "rel" : "details",
    "href" : "https://titanapi.churchofjesuschrist.org/assetsearch/api/v2/collection/details/collectionID/3a8ca7ac341d4c9ab9a7bef025be50e2d8b89104"
  } ],
  "coverImages" : [ {
    "asset" : {
      "assetID" : "f13e9466f12a601255a7e26e2e01f3d51a7ac298"
    }
  } ],
  "related" : [ ],
  "metadata" : [ {
    "key" : "orderIndex",
    "value" : "13"
  }, {
    "key" : "collectionUri",
    "value" : "fathers-topic",
    "language" : "kor"
  }, {
    "key" : "publicTitle",
    "value" : "아버지",
    "language" : "kor"
  } ],
  "children" : [ ],
  "assets" : [ ],
  "fileName" : "3a8ca7ac341d4c9ab9a7bef025be50e2d8b89104.json",
  "name" : "Fathers",
  "publicTitle" : "아버지"
}