{
  "parentCollectionID" : "d38346ad61b7b39e39a6d80bc1cb287a91138882",
  "parentCollectionPath" : "Mobile Media Library/Portuguese - Video/Life Help/Self-Reliance Services PEF/My Foundation",
  "collectionType" : "assets",
  "path" : "Mobile Media Library/Portuguese - Video/Life Help/Self-Reliance Services PEF/My Foundation/Principle 06: Solve Problems",
  "collectionID" : "3a9a181c672dafec7b273bc574b24a973f5d6b7f",
  "language" : "por",
  "type" : "DEFAULT",
  "lastUpdatedDate" : "2021-04-01T13:50:05.573-06:00",
  "links" : [ {
    "rel" : "details",
    "href" : "https://titanapi.churchofjesuschrist.org/assetsearch/api/v2/collection/details/collectionID/3a9a181c672dafec7b273bc574b24a973f5d6b7f"
  } ],
  "coverImages" : [ {
    "asset" : {
      "assetID" : "9e5aa19e3e56e8bb8e144208e298562e789cc09c"
    }
  } ],
  "related" : [ ],
  "metadata" : [ {
    "key" : "collectionUri",
    "value" : "principle-6-solve-problems",
    "language" : "por"
  }, {
    "key" : "publicTitle",
    "value" : "06º Princípio: Solucionar Problemas",
    "language" : "por"
  } ],
  "children" : [ ],
  "assets" : [ {
    "asset" : {
      "assetID" : "d568bc3f8ac6f00593d9bef706d24faefbedec50"
    },
    "addedDate" : 1504107676094,
    "metadata" : [ ]
  }, {
    "asset" : {
      "assetID" : "be557a5f214e0ad1b6851dc8c9937ac682073225"
    },
    "addedDate" : 1480520098013,
    "metadata" : [ ]
  } ],
  "fileName" : "3a9a181c672dafec7b273bc574b24a973f5d6b7f.json",
  "name" : "Principle 06: Solve Problems",
  "publicTitle" : "06º Princípio: Solucionar Problemas"
}