{
  "parentCollectionID" : "c1bb4f8f3c5b4cc399ecc5ebe155095d",
  "parentCollectionPath" : "Mobile Media Library/Italian - Images/Everyday People/Portraits of Faith",
  "collectionType" : "assets",
  "path" : "Mobile Media Library/Italian - Images/Everyday People/Portraits of Faith/Christian Karlsson",
  "collectionID" : "3b10c6e146494d708855b736970774d3",
  "language" : "ita",
  "type" : "DEFAULT",
  "lastUpdatedDate" : "2023-09-01T15:49:38.644-06:00",
  "links" : [ {
    "rel" : "details",
    "href" : "https://titanapi.churchofjesuschrist.org/assetsearch/api/v2/collection/details/collectionID/3b10c6e146494d708855b736970774d3"
  } ],
  "coverImages" : [ {
    "asset" : {
      "assetID" : "41fc14096404b439873e97df6809c1fb30a6756d"
    }
  } ],
  "related" : [ ],
  "metadata" : [ {
    "key" : "collectionUri",
    "value" : "christian-karlsson-images",
    "language" : "ita"
  }, {
    "key" : "publicTitle",
    "value" : "Christian Karlsson",
    "language" : "ita"
  }, {
    "key" : "orderIndex",
    "value" : "6"
  } ],
  "children" : [ ],
  "assets" : [ {
    "asset" : {
      "assetID" : "41fc14096404b439873e97df6809c1fb30a6756d"
    },
    "addedDate" : 1693843328923,
    "metadata" : [ ]
  }, {
    "asset" : {
      "assetID" : "5d8773db46650b521b9cca881bc1ed2ec6b26986"
    },
    "addedDate" : 1693843328920,
    "metadata" : [ ]
  }, {
    "asset" : {
      "assetID" : "b2c12aed6a713b248ac9ea87667811c953ea53dc"
    },
    "addedDate" : 1693843328903,
    "metadata" : [ ]
  }, {
    "asset" : {
      "assetID" : "7d8166b369a9341d74e1535d7152faee8389b026"
    },
    "addedDate" : 1693843328920,
    "metadata" : [ ]
  }, {
    "asset" : {
      "assetID" : "8ea7626eb10f2d226a224ec410cfe4bd6b6a38ae"
    },
    "addedDate" : 1693843328916,
    "metadata" : [ ]
  }, {
    "asset" : {
      "assetID" : "f28ef185f7c5eccf66dde9b7accbac912db5d123"
    },
    "addedDate" : 1693843328913,
    "metadata" : [ ]
  }, {
    "asset" : {
      "assetID" : "b8938fecd4d32c5da30afdaa0e341af26a1ea0cf"
    },
    "addedDate" : 1693843328910,
    "metadata" : [ ]
  }, {
    "asset" : {
      "assetID" : "82ee0625c55f5b02a0c6af29d425b4b66b9534a6"
    },
    "addedDate" : 1693843328920,
    "metadata" : [ ]
  }, {
    "asset" : {
      "assetID" : "2527b82814fc13b663f255283040b30fa368cef6"
    },
    "addedDate" : 1693843328910,
    "metadata" : [ ]
  } ],
  "fileName" : "3b10c6e146494d708855b736970774d3.json",
  "name" : "Christian Karlsson",
  "publicTitle" : "Christian Karlsson"
}