{
  "parentCollectionID" : "d6efbe45c2c14949970bbef5f15453090ef9799c",
  "parentCollectionPath" : "Mobile Media Library/Korean - Video/Topics",
  "collectionType" : "assets",
  "path" : "Mobile Media Library/Korean - Video/Topics/Missionary Work",
  "collectionID" : "3b5c27a63b2f471bbf1b33528a102b8d45171a56",
  "language" : "kor",
  "type" : "DEFAULT",
  "lastUpdatedDate" : "2023-06-08T17:10:54.525-06:00",
  "links" : [ {
    "rel" : "details",
    "href" : "https://titanapi.churchofjesuschrist.org/assetsearch/api/v2/collection/details/collectionID/3b5c27a63b2f471bbf1b33528a102b8d45171a56"
  } ],
  "coverImages" : [ {
    "asset" : {
      "assetID" : "5d883bdd997e6b0320c350e679ff8e0cf409cf3f"
    }
  } ],
  "related" : [ ],
  "metadata" : [ {
    "key" : "orderIndex",
    "value" : "22"
  }, {
    "key" : "collectionUri",
    "value" : "missionary-work-topic",
    "language" : "kor"
  }, {
    "key" : "publicTitle",
    "value" : "선교 사업",
    "language" : "kor"
  } ],
  "children" : [ ],
  "assets" : [ {
    "asset" : {
      "assetID" : "23c8aa4552a7c9390d62efd1f4d3b901890e75e8"
    },
    "index" : 3,
    "addedDate" : 1648837590603,
    "metadata" : [ ]
  }, {
    "asset" : {
      "assetID" : "7f3d727526504c311f0f321882b78a4d7d5435da"
    },
    "index" : 0,
    "addedDate" : 1648837590603,
    "metadata" : [ ]
  }, {
    "asset" : {
      "assetID" : "c044d41a4e49f0f51d8b1ac41b96b9b703d12eba"
    },
    "index" : 2,
    "addedDate" : 1648837590603,
    "metadata" : [ ]
  }, {
    "asset" : {
      "assetID" : "f2a2e622f0b19b35516839423122c72b60625c57"
    },
    "index" : 1,
    "addedDate" : 1648837590603,
    "metadata" : [ ]
  }, {
    "asset" : {
      "assetID" : "5578908cb48811ed8502eeeeac1e60a18620bb51"
    },
    "index" : 4,
    "addedDate" : 1678212841654,
    "metadata" : [ ]
  } ],
  "fileName" : "3b5c27a63b2f471bbf1b33528a102b8d45171a56.json",
  "name" : "Missionary Work",
  "publicTitle" : "선교 사업"
}