{
  "parentCollectionID" : "ee7466778e8d46c6be89c1091ccf92ce40413146",
  "parentCollectionPath" : "Mobile Media Library/Russian - Video/Life Help/Self-Reliance Services and PEF/My Job Search",
  "collectionType" : "collections",
  "path" : "Mobile Media Library/Russian - Video/Life Help/Self-Reliance Services and PEF/My Job Search/Chapter 4: How do I stand out as the clear choice?",
  "collectionID" : "3c2250f13d9e434b9b1aed98df44e9a63c7ab038",
  "language" : "rus",
  "type" : "DEFAULT",
  "lastUpdatedDate" : "2022-07-18T13:45:01.616-06:00",
  "links" : [ {
    "rel" : "details",
    "href" : "https://titanapi.churchofjesuschrist.org/assetsearch/api/v2/collection/details/collectionID/3c2250f13d9e434b9b1aed98df44e9a63c7ab038"
  } ],
  "coverImages" : [ {
    "asset" : {
      "assetID" : "955711032c3868ececbc8c80d3353b955d53ff43"
    }
  } ],
  "related" : [ ],
  "metadata" : [ {
    "key" : "collectionUri",
    "value" : "chapter-4-how-do-i-stand-out-as-the-clear-choice",
    "language" : "rus"
  } ],
  "children" : [ ],
  "assets" : [ ],
  "fileName" : "3c2250f13d9e434b9b1aed98df44e9a63c7ab038.json",
  "name" : "Chapter 4: How do I stand out as the clear choice?"
}