{
  "parentCollectionID" : "6ead528194d4472c82e5b54d7edc51f0",
  "parentCollectionPath" : "Mobile Media Library/German - Video/Broadcasts/Worldwide Devotionals",
  "collectionType" : "assets",
  "path" : "Mobile Media Library/German - Video/Broadcasts/Worldwide Devotionals/Worldwide Devotional Full Sessions",
  "collectionID" : "3cc2cf1a085c45a691884539731694da",
  "language" : "deu",
  "type" : "DEFAULT",
  "lastUpdatedDate" : "2024-06-14T17:09:42.728-06:00",
  "links" : [ {
    "rel" : "details",
    "href" : "https://titanapi.churchofjesuschrist.org/assetsearch/api/v2/collection/details/collectionID/3cc2cf1a085c45a691884539731694da"
  } ],
  "coverImages" : [ {
    "asset" : {
      "assetID" : "7a2d4851dba411ecbf04eeeeac1e1f66973e677f"
    }
  } ],
  "related" : [ ],
  "metadata" : [ {
    "key" : "orderIndex",
    "value" : "1"
  }, {
    "key" : "channel",
    "value" : "mobile",
    "language" : "deu"
  }, {
    "key" : "collectionUri",
    "value" : "worldwide-devotional-full-sessions",
    "language" : "deu"
  }, {
    "key" : "publicTitle",
    "value" : "Weltweite Andacht – vollständige Versammlung",
    "language" : "deu"
  } ],
  "children" : [ ],
  "assets" : [ {
    "asset" : {
      "assetID" : "4e3d2ca5009754c7ad067abcc8cddb467bf186b4"
    },
    "index" : 7,
    "addedDate" : 1680012993340,
    "metadata" : [ ]
  }, {
    "asset" : {
      "assetID" : "61136ec01730220dcca7b5755e180ad1f3af967d"
    },
    "index" : 19,
    "addedDate" : 1680012993356,
    "metadata" : [ ]
  }, {
    "asset" : {
      "assetID" : "7ad0cecd71e4e3c70bf1b78c9f0180ad6f66af15"
    },
    "index" : 13,
    "addedDate" : 1680012993346,
    "metadata" : [ ]
  }, {
    "asset" : {
      "assetID" : "81099ba0d19c6df5fd7585a6b8503594eae164ce"
    },
    "index" : 6,
    "addedDate" : 1680012993336,
    "metadata" : [ ]
  }, {
    "asset" : {
      "assetID" : "921acebf2c88cfb29bea36fcdfd12d2641f3ee02"
    },
    "index" : 16,
    "addedDate" : 1680012993350,
    "metadata" : [ ]
  }, {
    "asset" : {
      "assetID" : "9ff81554a78d436e0fbfb6b8e1260b9c51659aba"
    },
    "index" : 8,
    "addedDate" : 1680012993340,
    "metadata" : [ ]
  }, {
    "asset" : {
      "assetID" : "d36e2539fddf6c5e8c79398d6bb53b4d80c0381c"
    },
    "index" : 15,
    "addedDate" : 1680012993350,
    "metadata" : [ ]
  }, {
    "asset" : {
      "assetID" : "f357d7ecd7806beacb24bf4688389adfd328eff8"
    },
    "index" : 9,
    "addedDate" : 1680012993340,
    "metadata" : [ ]
  }, {
    "asset" : {
      "assetID" : "5C2DE7224CAE23444111F421B7ACA79E7EF572CD"
    },
    "index" : 20,
    "addedDate" : 1680012993356,
    "metadata" : [ ]
  }, {
    "asset" : {
      "assetID" : "C2449833A57DDB353016FEF5AABD50C250146442"
    },
    "index" : 4,
    "addedDate" : 1680012993330,
    "metadata" : [ ]
  }, {
    "asset" : {
      "assetID" : "48E2ECA4FF957A74744767D05CFC40F7D301E46E"
    },
    "index" : 11,
    "addedDate" : 1680012993343,
    "metadata" : [ ]
  }, {
    "asset" : {
      "assetID" : "1492A290C607336641E6234A2C85BC5ED99028F7"
    },
    "index" : 17,
    "addedDate" : 1680012993353,
    "metadata" : [ ]
  }, {
    "asset" : {
      "assetID" : "0A7F2DCB54CDCD191A33454A6952C7BCA9B09BBE"
    },
    "index" : 21,
    "addedDate" : 1680012993360,
    "metadata" : [ ]
  }, {
    "asset" : {
      "assetID" : "879B35AF8D8222E03A85E6AEDE18E248AD415991"
    },
    "index" : 14,
    "addedDate" : 1680012993350,
    "metadata" : [ ]
  }, {
    "asset" : {
      "assetID" : "EDF094910CB7A8055D3C7F05E3579EBDC307E412"
    },
    "index" : 18,
    "addedDate" : 1680012993356,
    "metadata" : [ ]
  }, {
    "asset" : {
      "assetID" : "5BEB60D45AB54069AFCBF3D31C9EECF22E3379CE"
    },
    "index" : 5,
    "addedDate" : 1680012993336,
    "metadata" : [ ]
  }, {
    "asset" : {
      "assetID" : "1217496C8FDA22363B349B89C7F1A6BF35E57BA5"
    },
    "index" : 10,
    "addedDate" : 1680012993343,
    "metadata" : [ ]
  }, {
    "asset" : {
      "assetID" : "4F56B7AC442D4E31F81716F50404B69197795629"
    },
    "index" : 12,
    "addedDate" : 1680012993346,
    "metadata" : [ ]
  }, {
    "asset" : {
      "assetID" : "4774df348fce11ed9399eeeeac1eb0a4a71d403d"
    },
    "index" : 1,
    "addedDate" : 1680013015247,
    "metadata" : [ ]
  }, {
    "asset" : {
      "assetID" : "0bff3b73f9b011edb222eeeeac1e2b8d1fc18c2a"
    },
    "index" : 3,
    "addedDate" : 1688593479384,
    "metadata" : [ ]
  }, {
    "asset" : {
      "assetID" : "315c3448f9b011eda8f5eeeeac1ef1f0726c18c2"
    },
    "index" : 2,
    "addedDate" : 1688593455666,
    "metadata" : [ ]
  }, {
    "asset" : {
      "assetID" : "d61a813b865411ee81f3eeeeac1eec71fb4f99b1"
    },
    "index" : 0,
    "addedDate" : 1709185280541,
    "metadata" : [ ]
  } ],
  "fileName" : "3cc2cf1a085c45a691884539731694da.json",
  "name" : "Worldwide Devotional Full Sessions",
  "publicTitle" : "Weltweite Andacht – vollständige Versammlung"
}