{
  "parentCollectionID" : "90f45e18a26d43648a41fdc7f306aa54",
  "parentCollectionPath" : "Mobile Media Library/English - Video/Teaching and Lessons/Seminary and Institute/Institute/I Love Institute",
  "collectionType" : "assets",
  "path" : "Mobile Media Library/English - Video/Teaching and Lessons/Seminary and Institute/Institute/I Love Institute/I Love Institute",
  "collectionID" : "3df514aff0a941aab5df86ecfde4d7a5",
  "language" : "eng",
  "type" : "DEFAULT",
  "lastUpdatedDate" : "2024-10-22T11:35:15.092-06:00",
  "links" : [ {
    "rel" : "details",
    "href" : "https://titanapi.churchofjesuschrist.org/assetsearch/api/v2/collection/details/collectionID/3df514aff0a941aab5df86ecfde4d7a5"
  } ],
  "coverImages" : [ {
    "asset" : {
      "assetID" : "b8de9b3752b39f3e7a85dff3c0b5a2463e963afc"
    }
  } ],
  "related" : [ ],
  "metadata" : [ {
    "key" : "channel",
    "value" : "mobile",
    "language" : "eng"
  }, {
    "key" : "orderIndex",
    "value" : "1"
  }, {
    "key" : "collectionUri",
    "value" : "I-love-institute",
    "language" : "eng"
  }, {
    "key" : "publicTitle",
    "value" : "I Love Institute",
    "language" : "eng"
  } ],
  "children" : [ ],
  "assets" : [ {
    "asset" : {
      "assetID" : "f6d2464b41f611eeac40eeeeac1e2f1617037157"
    },
    "index" : 0,
    "addedDate" : 1729174157417,
    "metadata" : [ ]
  }, {
    "asset" : {
      "assetID" : "855169a5dfd411eead8ceeeeac1eb8acfd288be2"
    },
    "index" : 2,
    "addedDate" : 1729174157789,
    "metadata" : [ ]
  }, {
    "asset" : {
      "assetID" : "87510a35dfd411eeba59eeeeac1e32b93366c05b"
    },
    "index" : 10,
    "addedDate" : 1729174308769,
    "metadata" : [ ]
  }, {
    "asset" : {
      "assetID" : "812cc63bdfd411ee88fceeeeac1e179ec87721c8"
    },
    "index" : 11,
    "addedDate" : 1729174319225,
    "metadata" : [ ]
  }, {
    "asset" : {
      "assetID" : "93d20756dfd411eeba59eeeeac1e32b9f7419b0c"
    },
    "index" : 3,
    "addedDate" : 1729174158020,
    "metadata" : [ ]
  }, {
    "asset" : {
      "assetID" : "809c942bdfd411ee95b2eeeeac1e28cd9b913f26"
    },
    "index" : 12,
    "addedDate" : 1729174344698,
    "metadata" : [ ]
  }, {
    "asset" : {
      "assetID" : "8d484ac6dfd411eeae72eeeeac1e3f4d047e3448"
    },
    "index" : 13,
    "addedDate" : 1729174353843,
    "metadata" : [ ]
  }, {
    "asset" : {
      "assetID" : "8adffd5adfd411eeaca8eeeeac1ebba0766f0817"
    },
    "index" : 4,
    "addedDate" : 1729174245036,
    "metadata" : [ ]
  }, {
    "asset" : {
      "assetID" : "79480d8adfd411ee95b2eeeeac1e28cddd86ec7f"
    },
    "index" : 5,
    "addedDate" : 1729174253895,
    "metadata" : [ ]
  }, {
    "asset" : {
      "assetID" : "89feec30dfd411eea160eeeeac1e3b5a99bad392"
    },
    "index" : 8,
    "addedDate" : 1729174285332,
    "metadata" : [ ]
  }, {
    "asset" : {
      "assetID" : "a95c6707dfd411ee94e5eeeeac1ec3b26166a8f1"
    },
    "index" : 1,
    "addedDate" : 1729174157691,
    "metadata" : [ ]
  } ],
  "fileName" : "3df514aff0a941aab5df86ecfde4d7a5.json",
  "name" : "I Love Institute",
  "publicTitle" : "I Love Institute"
}