{
  "parentCollectionID" : "1c72897830e840ea80c1c3faa887df18",
  "parentCollectionPath" : "Mobile Media Library/Mandarin Traditional - Video/Broadcasts/Teaching Religion to Youth and Young Adults",
  "collectionType" : "assets",
  "path" : "Mobile Media Library/Mandarin Traditional - Video/Broadcasts/Teaching Religion to Youth and Young Adults/2022–Teaching in the Savior's Way with Elder Dieter F. Uchtdorf",
  "collectionID" : "3e200e0c0cf44553a141c903b1919220",
  "language" : "zho",
  "type" : "DEFAULT",
  "lastUpdatedDate" : "2024-09-18T08:52:25.440-06:00",
  "links" : [ {
    "rel" : "details",
    "href" : "https://titanapi.churchofjesuschrist.org/assetsearch/api/v2/collection/details/collectionID/3e200e0c0cf44553a141c903b1919220"
  } ],
  "coverImages" : [ {
    "asset" : {
      "assetID" : "a49379119ed185e6a7d84ecce9bc0f613375c1c6"
    }
  } ],
  "related" : [ ],
  "metadata" : [ {
    "key" : "collectionUri",
    "value" : "teaching-in-the-saviors-way-2022",
    "language" : "zho"
  }, {
    "key" : "publicTitle",
    "value" : "2022—以救主的方式教導，與鄔希鐸長老有約",
    "language" : "zho"
  }, {
    "key" : "orderIndex",
    "value" : "2"
  } ],
  "children" : [ ],
  "assets" : [ {
    "asset" : {
      "assetID" : "802358a1e5ee11ecaddfeeeeac1ed77865fb0119"
    },
    "index" : 2,
    "addedDate" : 1688661558871,
    "metadata" : [ ]
  }, {
    "asset" : {
      "assetID" : "fd0955aae6b111ecaa0ceeeeac1e88099cc2c2a7"
    },
    "index" : 0,
    "addedDate" : 1688661544637,
    "metadata" : [ ]
  }, {
    "asset" : {
      "assetID" : "0689ac22e6ce11ecb6afeeeeac1edfec5e589e30"
    },
    "index" : 1,
    "addedDate" : 1688661551004,
    "metadata" : [ ]
  } ],
  "fileName" : "3e200e0c0cf44553a141c903b1919220.json",
  "name" : "2022–Teaching in the Savior's Way with Elder Dieter F. Uchtdorf",
  "publicTitle" : "2022—以救主的方式教導，與鄔希鐸長老有約"
}