{
  "parentCollectionID" : "1b3d9f44dce442eda4ed4df16741313073449848",
  "parentCollectionPath" : "Mobile Media Library/Thai - Video/Callings and Trainings",
  "collectionType" : "assets",
  "path" : "Mobile Media Library/Thai - Video/Callings and Trainings/Ministering",
  "collectionID" : "3e66b0b76cc14797bf41255c44a26151f86a1e27",
  "language" : "tha",
  "type" : "DEFAULT",
  "lastUpdatedDate" : "2022-10-31T07:44:45.616-06:00",
  "links" : [ {
    "rel" : "details",
    "href" : "https://titanapi.churchofjesuschrist.org/assetsearch/api/v2/collection/details/collectionID/3e66b0b76cc14797bf41255c44a26151f86a1e27"
  } ],
  "coverImages" : [ {
    "asset" : {
      "assetID" : "8842775e6a5bf2bf958f8821ed8a4ed4171bcbcc"
    }
  } ],
  "related" : [ ],
  "metadata" : [ {
    "key" : "orderIndex",
    "value" : "5"
  }, {
    "key" : "collectionUri",
    "value" : "ministering",
    "language" : "tha"
  }, {
    "key" : "publicTitle",
    "value" : "การปฏิบัติศาสนกิจ",
    "language" : "tha"
  } ],
  "children" : [ ],
  "assets" : [ {
    "asset" : {
      "assetID" : "4c88073db9d8209e8b8b8508a89913d6eaca1e0e"
    },
    "index" : 1,
    "addedDate" : 1650264759756,
    "metadata" : [ ]
  }, {
    "asset" : {
      "assetID" : "69e83c282ee5747b5b44f79e51faa578205fa98c"
    },
    "index" : 2,
    "addedDate" : 1650264759756,
    "metadata" : [ ]
  }, {
    "asset" : {
      "assetID" : "cf012d0edcd812fcd784e93646915481682cbf6d"
    },
    "index" : 0,
    "addedDate" : 1650264759756,
    "metadata" : [ ]
  } ],
  "fileName" : "3e66b0b76cc14797bf41255c44a26151f86a1e27.json",
  "name" : "Ministering",
  "publicTitle" : "การปฏิบัติศาสนกิจ"
}