{
  "parentCollectionID" : "9cc27aac31b240498ec34f939960a9023d4f8a74",
  "parentCollectionPath" : "Mobile Media Library/Dutch - Video/Life Help/Self-Reliance Services and PEF",
  "collectionType" : "collections",
  "path" : "Mobile Media Library/Dutch - Video/Life Help/Self-Reliance Services and PEF/Self-Reliance: My Path",
  "collectionID" : "3ecb7d8a11fa4687bdba1b27bdaa82b51bb3c23c",
  "language" : "nld",
  "type" : "DEFAULT",
  "lastUpdatedDate" : "2022-04-17T21:40:22.596-06:00",
  "links" : [ {
    "rel" : "details",
    "href" : "https://titanapi.churchofjesuschrist.org/assetsearch/api/v2/collection/details/collectionID/3ecb7d8a11fa4687bdba1b27bdaa82b51bb3c23c"
  } ],
  "coverImages" : [ {
    "asset" : {
      "assetID" : "340ae780086301eec437c56eeb382384e93db0b1"
    }
  } ],
  "related" : [ ],
  "metadata" : [ ],
  "children" : [ ],
  "assets" : [ ],
  "fileName" : "3ecb7d8a11fa4687bdba1b27bdaa82b51bb3c23c.json",
  "name" : "Self-Reliance: My Path"
}