{
  "parentCollectionID" : "be2732e8985b4252afd9f10dfa621782",
  "parentCollectionPath" : "Mobile Media Library/Portuguese - Video/Scriptural Reenactments and Teachings/Doctrine and Covenants Teaching Videos",
  "collectionType" : "assets",
  "path" : "Mobile Media Library/Portuguese - Video/Scriptural Reenactments and Teachings/Doctrine and Covenants Teaching Videos/Section 85 - Section 119",
  "collectionID" : "3f5173f4c94a4856a5c401feff76c95e",
  "language" : "por",
  "type" : "DEFAULT",
  "lastUpdatedDate" : "2022-09-20T07:59:02.785-06:00",
  "links" : [ {
    "rel" : "details",
    "href" : "https://titanapi.churchofjesuschrist.org/assetsearch/api/v2/collection/details/collectionID/3f5173f4c94a4856a5c401feff76c95e"
  } ],
  "coverImages" : [ {
    "asset" : {
      "assetID" : "37dfe3bbe932630d5f827673a44fdca207ebf2cf"
    }
  } ],
  "related" : [ ],
  "metadata" : [ {
    "key" : "orderIndex",
    "value" : "3"
  }, {
    "key" : "channel",
    "value" : "mobile",
    "language" : "por"
  }, {
    "key" : "collectionUri",
    "value" : "section-85-section-119",
    "language" : "por"
  }, {
    "key" : "publicTitle",
    "value" : "Seção 85 - Seção 119",
    "language" : "por"
  } ],
  "children" : [ ],
  "assets" : [ {
    "asset" : {
      "assetID" : "003009168a4bb856ba6903faec377671a9ca8d9a"
    },
    "addedDate" : 1663681669340,
    "metadata" : [ ]
  }, {
    "asset" : {
      "assetID" : "04c16df1b1ca58666837f90129780e775b5604ab"
    },
    "addedDate" : 1663681669370,
    "metadata" : [ ]
  }, {
    "asset" : {
      "assetID" : "1035c070419427638fef331f24b79823dfcac9a4"
    },
    "addedDate" : 1663681669420,
    "metadata" : [ ]
  }, {
    "asset" : {
      "assetID" : "11b2c339df572b64d6ce68c126cf42536858e619"
    },
    "addedDate" : 1663681669380,
    "metadata" : [ ]
  }, {
    "asset" : {
      "assetID" : "129ec4b4b8f49f913e4892858dca7c6752cf3dc4"
    },
    "addedDate" : 1663681669390,
    "metadata" : [ ]
  }, {
    "asset" : {
      "assetID" : "1afaa8b13d40f2836a50b802bf7dae4e8354b13d"
    },
    "addedDate" : 1663681669323,
    "metadata" : [ ]
  }, {
    "asset" : {
      "assetID" : "1d9beae0babd20cd32c4c1c540b740cfd1271f3e"
    },
    "addedDate" : 1663681669336,
    "metadata" : [ ]
  }, {
    "asset" : {
      "assetID" : "1efb472f5b43d6fe04d9bc6a7b15a8fa520e5b75"
    },
    "addedDate" : 1663681669410,
    "metadata" : [ ]
  }, {
    "asset" : {
      "assetID" : "2306254a56d878b8c329a480d677a6c2e8bf09c4"
    },
    "addedDate" : 1663681669353,
    "metadata" : [ ]
  }, {
    "asset" : {
      "assetID" : "2402813aba08ef4fb0a9a4bb3e7a827a00fc5ba4"
    },
    "addedDate" : 1663681669350,
    "metadata" : [ ]
  }, {
    "asset" : {
      "assetID" : "3201ef7990e3529898b2f2fbbcdb09b4a38e829c"
    },
    "addedDate" : 1663681669386,
    "metadata" : [ ]
  }, {
    "asset" : {
      "assetID" : "4997780e0f23b78607a1297a1d52cc9f817f75a6"
    },
    "addedDate" : 1663681669346,
    "metadata" : [ ]
  }, {
    "asset" : {
      "assetID" : "53241a787fe6b2283c62f24a3d8b871a74a3db1e"
    },
    "addedDate" : 1663681669360,
    "metadata" : [ ]
  }, {
    "asset" : {
      "assetID" : "57434c948c11b44d724586f535f4328af9a0b92b"
    },
    "addedDate" : 1663681669373,
    "metadata" : [ ]
  }, {
    "asset" : {
      "assetID" : "5a7a331c70d83193441ad020be1b4e7c6f6a7035"
    },
    "addedDate" : 1663681669416,
    "metadata" : [ ]
  }, {
    "asset" : {
      "assetID" : "5c874b27fccff5e397cbdfa4fad4bdd7969c3943"
    },
    "addedDate" : 1663681669400,
    "metadata" : [ ]
  }, {
    "asset" : {
      "assetID" : "61c6a5a8b77bc4583be1c08952932f463912b71d"
    },
    "addedDate" : 1663681669350,
    "metadata" : [ ]
  }, {
    "asset" : {
      "assetID" : "9ed0b731d2a78bc91a97e7c30ba03f9a75c84804"
    },
    "addedDate" : 1663681669363,
    "metadata" : [ ]
  }, {
    "asset" : {
      "assetID" : "756de34e3b7771c94ab63fd261a6e7f176e81d84"
    },
    "addedDate" : 1663681669360,
    "metadata" : [ ]
  }, {
    "asset" : {
      "assetID" : "764edb46b9b9688175cda664f65634b7f20b73aa"
    },
    "addedDate" : 1663681669406,
    "metadata" : [ ]
  }, {
    "asset" : {
      "assetID" : "7f360423c612d3d2852740a037a54e708c3019fb"
    },
    "addedDate" : 1663681669380,
    "metadata" : [ ]
  }, {
    "asset" : {
      "assetID" : "ad0973e990405c91deda41ccda7ec57e22f5ff8e"
    },
    "addedDate" : 1663681669393,
    "metadata" : [ ]
  }, {
    "asset" : {
      "assetID" : "be9c5f957be0ab6d32b6ffa9a686a6b94219d123"
    },
    "addedDate" : 1663681669403,
    "metadata" : [ ]
  }, {
    "asset" : {
      "assetID" : "033386a7bba5d6f78b73889e9605a95dc3140551"
    },
    "addedDate" : 1663681669420,
    "metadata" : [ ]
  }, {
    "asset" : {
      "assetID" : "ea62b1d7c7518e0ef54bb89312e61f17e2a49bc9"
    },
    "addedDate" : 1663681669330,
    "metadata" : [ ]
  }, {
    "asset" : {
      "assetID" : "f36951df85cd5e23b32baaaffa909358a4c030a6"
    },
    "addedDate" : 1663681669343,
    "metadata" : [ ]
  }, {
    "asset" : {
      "assetID" : "a9ce5b98dcda344976b9eabf092c7dbb094aa805"
    },
    "addedDate" : 1663681669316,
    "metadata" : [ ]
  }, {
    "asset" : {
      "assetID" : "c374bad5e7bb021ac42ec47f4718444b6a342ec0"
    },
    "addedDate" : 1663681669370,
    "metadata" : [ ]
  }, {
    "asset" : {
      "assetID" : "5d8b07797277414d687deb3a7e596c7d5551c2ae"
    },
    "addedDate" : 1663681669330,
    "metadata" : [ ]
  } ],
  "fileName" : "3f5173f4c94a4856a5c401feff76c95e.json",
  "name" : "Section 85 - Section 119",
  "publicTitle" : "Seção 85 - Seção 119"
}