{
  "parentCollectionID" : "2a73a834f68146454eded7351f1c4b5a876593da",
  "parentCollectionPath" : "Mobile Media Library/English - Images/Temples",
  "collectionType" : "assets",
  "path" : "Mobile Media Library/English - Images/Temples/Manaus Brazil Temple",
  "collectionID" : "400109707eb341b9965d96b5bfaa9b07",
  "language" : "eng",
  "type" : "DEFAULT",
  "lastUpdatedDate" : "2019-12-23T18:40:52.012-07:00",
  "links" : [ {
    "rel" : "details",
    "href" : "https://titanapi.churchofjesuschrist.org/assetsearch/api/v2/collection/details/collectionID/400109707eb341b9965d96b5bfaa9b07"
  } ],
  "coverImages" : [ {
    "asset" : {
      "assetID" : "1960ac6c8302db9b125f90b0b6f37e6b376455e9"
    }
  } ],
  "related" : [ ],
  "metadata" : [ {
    "key" : "collectionUri",
    "value" : "manaus-brazil-temple-images",
    "language" : "eng"
  }, {
    "key" : "publicTitle",
    "value" : "Manaus Brazil Temple",
    "language" : "eng"
  } ],
  "children" : [ ],
  "assets" : [ {
    "asset" : {
      "assetID" : "38dc01ddc2b27c3f787b5c672b24e2e6ba4729c8"
    },
    "addedDate" : 1577491425001,
    "metadata" : [ ]
  }, {
    "asset" : {
      "assetID" : "861889f15f749d92021aafb88dca3227606a5b01"
    },
    "addedDate" : 1577491369198,
    "metadata" : [ ]
  }, {
    "asset" : {
      "assetID" : "98f8500894ab19294a843d0a00644c829b8590a3"
    },
    "addedDate" : 1577491469675,
    "metadata" : [ ]
  }, {
    "asset" : {
      "assetID" : "b0b9e8abdcd841aa2c87d8d7e82120fceba84eea"
    },
    "addedDate" : 1577491488353,
    "metadata" : [ ]
  }, {
    "asset" : {
      "assetID" : "1bf1f53e6dd12d08141dd6827ac21421bf2e1fc6"
    },
    "addedDate" : 1577491448730,
    "metadata" : [ ]
  }, {
    "asset" : {
      "assetID" : "1960ac6c8302db9b125f90b0b6f37e6b376455e9"
    },
    "addedDate" : 1577491512481,
    "metadata" : [ ]
  } ],
  "fileName" : "400109707eb341b9965d96b5bfaa9b07.json",
  "name" : "Manaus Brazil Temple",
  "publicTitle" : "Manaus Brazil Temple"
}