{
  "parentCollectionID" : "c782af3c163d41899925843a168d6671",
  "parentCollectionPath" : "Mobile Media Library/German - Video/Teaching and Lessons",
  "collectionType" : "collections",
  "path" : "Mobile Media Library/German - Video/Teaching and Lessons/Come, Follow Me",
  "collectionID" : "411ffb2bd2e546ec893d2e3ad14b1e6b",
  "language" : "deu",
  "type" : "DEFAULT",
  "lastUpdatedDate" : "2022-10-24T17:24:40.641-06:00",
  "links" : [ {
    "rel" : "details",
    "href" : "https://titanapi.churchofjesuschrist.org/assetsearch/api/v2/collection/details/collectionID/411ffb2bd2e546ec893d2e3ad14b1e6b"
  } ],
  "coverImages" : [ {
    "asset" : {
      "assetID" : "8642f92427c1d6a0b43c1b995d3dac88ccb76f8d"
    }
  } ],
  "related" : [ ],
  "metadata" : [ {
    "key" : "orderIndex",
    "value" : "2"
  }, {
    "key" : "collectionUri",
    "value" : "come-follow-me",
    "language" : "deu"
  }, {
    "key" : "publicTitle",
    "value" : "Komm und folge mir nach!",
    "language" : "deu"
  } ],
  "children" : [ {
    "path" : "Mobile Media Library/German - Video/Teaching and Lessons/Come, Follow Me/Come, Follow Me: About",
    "collectionID" : "1e317c0fced64cf2a5c3556d314bcff4",
    "type" : "DEFAULT",
    "lastUpdatedDate" : "2021-09-21T20:50:53.754-06:00",
    "links" : [ {
      "rel" : "details",
      "href" : "https://titanapi.churchofjesuschrist.org/assetsearch/api/v2/collection/details/collectionID/1e317c0fced64cf2a5c3556d314bcff4"
    } ],
    "fileName" : "1e317c0fced64cf2a5c3556d314bcff4.json"
  }, {
    "path" : "Mobile Media Library/German - Video/Teaching and Lessons/Come, Follow Me/2024 Teacher and Leader Training",
    "collectionID" : "de05f870883c4d45835711f38d0e3cea",
    "type" : "DEFAULT",
    "lastUpdatedDate" : "2023-12-12T09:56:11.605-07:00",
    "links" : [ {
      "rel" : "details",
      "href" : "https://titanapi.churchofjesuschrist.org/assetsearch/api/v2/collection/details/collectionID/de05f870883c4d45835711f38d0e3cea"
    } ],
    "fileName" : "de05f870883c4d45835711f38d0e3cea.json"
  }, {
    "path" : "Mobile Media Library/German - Video/Teaching and Lessons/Come, Follow Me/Come, Follow Me: New Testament Learning and Teaching Resources",
    "collectionID" : "46e2d3dbe63d4f05bc9679de541997ca",
    "type" : "DEFAULT",
    "lastUpdatedDate" : "2021-09-21T20:52:29.436-06:00",
    "links" : [ {
      "rel" : "details",
      "href" : "https://titanapi.churchofjesuschrist.org/assetsearch/api/v2/collection/details/collectionID/46e2d3dbe63d4f05bc9679de541997ca"
    } ],
    "fileName" : "46e2d3dbe63d4f05bc9679de541997ca.json"
  }, {
    "path" : "Mobile Media Library/German - Video/Teaching and Lessons/Come, Follow Me/Come, Follow Me: For Aaronic Priesthood Quorums and Young Women",
    "collectionID" : "e09e36fba0544c00854db3a54b8bf401",
    "type" : "DEFAULT",
    "lastUpdatedDate" : "2022-10-24T17:25:39.289-06:00",
    "links" : [ {
      "rel" : "details",
      "href" : "https://titanapi.churchofjesuschrist.org/assetsearch/api/v2/collection/details/collectionID/e09e36fba0544c00854db3a54b8bf401"
    } ],
    "fileName" : "e09e36fba0544c00854db3a54b8bf401.json"
  } ],
  "assets" : [ ],
  "fileName" : "411ffb2bd2e546ec893d2e3ad14b1e6b.json",
  "name" : "Come, Follow Me",
  "publicTitle" : "Komm und folge mir nach!"
}