{
  "parentCollectionID" : "64e55ef0b52a4cb88c237697ed36d6b193312a10",
  "parentCollectionPath" : "Mobile Media Library/Swedish - Video/Scriptures/Book of Mormon/Book of Mormon Videos",
  "collectionType" : "collections",
  "path" : "Mobile Media Library/Swedish - Video/Scriptures/Book of Mormon/Book of Mormon Videos/Mosiah 27; Alma 36",
  "collectionID" : "41914bf65b354646a7dec953c5175af2f9af6d69",
  "language" : "swe",
  "type" : "DEFAULT",
  "lastUpdatedDate" : "2022-04-18T00:36:59.336-06:00",
  "links" : [ {
    "rel" : "details",
    "href" : "https://titanapi.churchofjesuschrist.org/assetsearch/api/v2/collection/details/collectionID/41914bf65b354646a7dec953c5175af2f9af6d69"
  } ],
  "coverImages" : [ {
    "asset" : {
      "assetID" : "16ec87d6d0c0cbe6246d2b530f689b83992962ed"
    }
  } ],
  "related" : [ ],
  "metadata" : [ {
    "key" : "collectionUri",
    "value" : "mosiah-27-alma-36",
    "language" : "swe"
  }, {
    "key" : "orderIndex",
    "value" : "18"
  } ],
  "children" : [ ],
  "assets" : [ ],
  "fileName" : "41914bf65b354646a7dec953c5175af2f9af6d69.json",
  "name" : "Mosiah 27; Alma 36"
}