{
  "parentCollectionID" : "92a57352a4794729a622a112b1e86126",
  "parentCollectionPath" : "Mobile Media Library/English - Images/Things/Nature and Creation/Seasons",
  "collectionType" : "assets",
  "path" : "Mobile Media Library/English - Images/Things/Nature and Creation/Seasons/Winter",
  "collectionID" : "432f851251ba4f24ac1b6da3fab882d6",
  "language" : "eng",
  "type" : "DEFAULT",
  "lastUpdatedDate" : "2019-12-30T09:45:22.458-07:00",
  "links" : [ {
    "rel" : "details",
    "href" : "https://titanapi.churchofjesuschrist.org/assetsearch/api/v2/collection/details/collectionID/432f851251ba4f24ac1b6da3fab882d6"
  } ],
  "coverImages" : [ {
    "asset" : {
      "assetID" : "15b870c91cc6a124ba13995e59d7e22278a766db"
    }
  } ],
  "related" : [ ],
  "metadata" : [ {
    "key" : "collectionUri",
    "value" : "winter-images",
    "language" : "eng"
  }, {
    "key" : "publicTitle",
    "value" : "Winter",
    "language" : "eng"
  } ],
  "children" : [ ],
  "assets" : [ {
    "asset" : {
      "assetID" : "00ffdda5486ec3884b479d7ffc434b0d3f8309e5"
    },
    "addedDate" : 1577764197964,
    "metadata" : [ ]
  }, {
    "asset" : {
      "assetID" : "07e83c2208f8059f2b974a259f5169af36840d34"
    },
    "addedDate" : 1577764245471,
    "metadata" : [ ]
  }, {
    "asset" : {
      "assetID" : "094ed8e275719edec0bf438baa1a695685c97fa2"
    },
    "addedDate" : 1577764127336,
    "metadata" : [ ]
  }, {
    "asset" : {
      "assetID" : "0b74fa321a3fa22eafcbaa8702e5831803e88565"
    },
    "addedDate" : 1577764204652,
    "metadata" : [ ]
  }, {
    "asset" : {
      "assetID" : "0e422c984d6ccbeedf6c4a7b501702cb4b4d185c"
    },
    "addedDate" : 1577764168393,
    "metadata" : [ ]
  }, {
    "asset" : {
      "assetID" : "0f1ef8032b98f0366c595408daaa0519284bf8cf"
    },
    "addedDate" : 1577764310653,
    "metadata" : [ ]
  }, {
    "asset" : {
      "assetID" : "14556b16ebf63e94d49c140f1479d21d34ff7f89"
    },
    "addedDate" : 1577764266918,
    "metadata" : [ ]
  }, {
    "asset" : {
      "assetID" : "1c7157e415b0e698916fb8adb3e7f77d046998cd"
    },
    "addedDate" : 1577764296907,
    "metadata" : [ ]
  }, {
    "asset" : {
      "assetID" : "9fb0621dab1c0f45e69fafbc77f8dca38e19f31d"
    },
    "addedDate" : 1660951457845,
    "metadata" : [ ]
  }, {
    "asset" : {
      "assetID" : "308c40213b2961428a8c7a71a801107d7548fd1c"
    },
    "addedDate" : 1577764303817,
    "metadata" : [ ]
  }, {
    "asset" : {
      "assetID" : "3312ebc823aff2114c38620611eace99566d8d80"
    },
    "addedDate" : 1577764135013,
    "metadata" : [ ]
  }, {
    "asset" : {
      "assetID" : "4d261a2396472b0d6d3059b4590e0546f118425a"
    },
    "addedDate" : 1577764059986,
    "metadata" : [ ]
  }, {
    "asset" : {
      "assetID" : "4e4d102871ada891089fb084d840c9a3b3c8c8cb"
    },
    "addedDate" : 1577764191457,
    "metadata" : [ ]
  }, {
    "asset" : {
      "assetID" : "5848d645e36508a0de251349fecfe36bf67827aa"
    },
    "addedDate" : 1577764120162,
    "metadata" : [ ]
  }, {
    "asset" : {
      "assetID" : "623b624ec6749ab2ed2b6ada182af57123134e12"
    },
    "addedDate" : 1577764252957,
    "metadata" : [ ]
  }, {
    "asset" : {
      "assetID" : "651cc9baecbb02949f5d444f8465dede4ef7027f"
    },
    "addedDate" : 1577764210654,
    "metadata" : [ ]
  }, {
    "asset" : {
      "assetID" : "7414a6460342977a91dac3b3bed44f9650e789bb"
    },
    "addedDate" : 1577764239446,
    "metadata" : [ ]
  }, {
    "asset" : {
      "assetID" : "856fa880e38d7813c502d750a8d6da26d5cf07be"
    },
    "addedDate" : 1577764224426,
    "metadata" : [ ]
  }, {
    "asset" : {
      "assetID" : "85b7d9c7f892eaecbe50e5fb888e97f92346afb2"
    },
    "addedDate" : 1577764054077,
    "metadata" : [ ]
  }, {
    "asset" : {
      "assetID" : "85f46d26bd8965c3d67dddc39c0e47bf20c27c4f"
    },
    "addedDate" : 1577764316805,
    "metadata" : [ ]
  }, {
    "asset" : {
      "assetID" : "9b18b1c81bc8c6fec01b688731d279b27e6acc53"
    },
    "addedDate" : 1577764182457,
    "metadata" : [ ]
  }, {
    "asset" : {
      "assetID" : "219ff8ab970cffaefa5c009b037df3cc58357321"
    },
    "addedDate" : 1660951486840,
    "metadata" : [ ]
  }, {
    "asset" : {
      "assetID" : "a04976a89ae93b28b08f63830484f7632a5d6523"
    },
    "addedDate" : 1577764230632,
    "metadata" : [ ]
  }, {
    "asset" : {
      "assetID" : "abec2465003fc4296740a68cf82b915d6a7c4825"
    },
    "addedDate" : 1577764259305,
    "metadata" : [ ]
  }, {
    "asset" : {
      "assetID" : "baaf9a84dd789de2fa1bc58aeed21d465e5724af"
    },
    "addedDate" : 1577764072804,
    "metadata" : [ ]
  }, {
    "asset" : {
      "assetID" : "9c441b3975839f06ff8719adf0095596c92e8d2e"
    },
    "addedDate" : 1660951494007,
    "metadata" : [ ]
  }, {
    "asset" : {
      "assetID" : "c86312b2498ab9ddffe89f38bd7e9ceba21d5b2e"
    },
    "addedDate" : 1577764151060,
    "metadata" : [ ]
  }, {
    "asset" : {
      "assetID" : "cb1f47c6ffb2cb1a67018b0cb3944eb5e96024bc"
    },
    "addedDate" : 1577764217065,
    "metadata" : [ ]
  }, {
    "asset" : {
      "assetID" : "e2748c39cb3a86c363c114a0451feef15e935b53"
    },
    "addedDate" : 1577764088564,
    "metadata" : [ ]
  }, {
    "asset" : {
      "assetID" : "e33065bbc90cd9742d60026528dd216daa3b40b1"
    },
    "addedDate" : 1577764100440,
    "metadata" : [ ]
  }, {
    "asset" : {
      "assetID" : "ed6b78d0179da1466182b00dda693a7dce94edcd"
    },
    "addedDate" : 1577764066567,
    "metadata" : [ ]
  }, {
    "asset" : {
      "assetID" : "95a5e07574f0987c729abfca55b9297bc45edee0"
    },
    "addedDate" : 1660951502616,
    "metadata" : [ ]
  }, {
    "asset" : {
      "assetID" : "e90cff9b8c971b675194bf7ee145ad0d46e47f14"
    },
    "addedDate" : 1577764276006,
    "metadata" : [ ]
  }, {
    "asset" : {
      "assetID" : "56c9350d18cf51a0053feca55502c84a20693365"
    },
    "addedDate" : 1660951508080,
    "metadata" : [ ]
  }, {
    "asset" : {
      "assetID" : "e1202459d3a006bba0ced9ff9a53bf7c4497f7c8"
    },
    "addedDate" : 1577764159294,
    "metadata" : [ ]
  }, {
    "asset" : {
      "assetID" : "15b870c91cc6a124ba13995e59d7e22278a766db"
    },
    "addedDate" : 1577764106740,
    "metadata" : [ ]
  }, {
    "asset" : {
      "assetID" : "7c5ce78c88e9e2669da1301d0ddcfa65b63628e2"
    },
    "addedDate" : 1577764047309,
    "metadata" : [ ]
  }, {
    "asset" : {
      "assetID" : "e3e0206128c7a75975d3937e890b78ec853e7fd1"
    },
    "addedDate" : 1577764282761,
    "metadata" : [ ]
  }, {
    "asset" : {
      "assetID" : "06e714b38ec2563642fa4402f83936f0b548ba3b"
    },
    "addedDate" : 1577764095142,
    "metadata" : [ ]
  }, {
    "asset" : {
      "assetID" : "c37038b9e478f1fc8f1a9769708bd757a89d9a51"
    },
    "addedDate" : 1577764144657,
    "metadata" : [ ]
  } ],
  "fileName" : "432f851251ba4f24ac1b6da3fab882d6.json",
  "name" : "Winter",
  "publicTitle" : "Winter"
}