{
  "parentCollectionID" : "80660001c1f441ebbd77b4e0511f50aa79ec3f1f",
  "parentCollectionPath" : "Mobile Media Library/Tongan - Video/Topics",
  "collectionType" : "assets",
  "path" : "Mobile Media Library/Tongan - Video/Topics/Marriage and Family",
  "collectionID" : "43d56558eb3244ddbb078f6f26b8e1d28116892c",
  "language" : "ton",
  "type" : "DEFAULT",
  "lastUpdatedDate" : "2023-06-09T16:13:29.968-06:00",
  "links" : [ {
    "rel" : "details",
    "href" : "https://titanapi.churchofjesuschrist.org/assetsearch/api/v2/collection/details/collectionID/43d56558eb3244ddbb078f6f26b8e1d28116892c"
  } ],
  "coverImages" : [ {
    "asset" : {
      "assetID" : "36bea372c8f159a2ed353ff1116207ae624e9a56"
    }
  } ],
  "related" : [ ],
  "metadata" : [ {
    "key" : "orderIndex",
    "value" : "21"
  }, {
    "key" : "collectionUri",
    "value" : "marriage-and-family-topic",
    "language" : "ton"
  }, {
    "key" : "publicTitle",
    "value" : "Malí mo e Fāmilí",
    "language" : "ton"
  } ],
  "children" : [ ],
  "assets" : [ {
    "asset" : {
      "assetID" : "68a465b0e428ae78799aaf00d34ff560fbd17a49"
    },
    "index" : 1,
    "addedDate" : 1650265216903,
    "metadata" : [ ]
  }, {
    "asset" : {
      "assetID" : "42d65b65ce8c12bebed20deea7dc500809628e6f"
    },
    "index" : 4,
    "addedDate" : 1650265216903,
    "metadata" : [ ]
  }, {
    "asset" : {
      "assetID" : "726edf8983aba7d14e2481c21c27ddbfd4d7f535"
    },
    "index" : 3,
    "addedDate" : 1650265216903,
    "metadata" : [ ]
  }, {
    "asset" : {
      "assetID" : "f22c01189889c203aa81678b1a31e54dcc9fbb31"
    },
    "index" : 6,
    "addedDate" : 1650265216903,
    "metadata" : [ ]
  }, {
    "asset" : {
      "assetID" : "2013-02-0250-bringing-up-children-in-light-and-truth-loving-gods-children-ton"
    },
    "index" : 2,
    "addedDate" : 1650265216903,
    "metadata" : [ ]
  }, {
    "asset" : {
      "assetID" : "ec509a81ad93ca7e3824f64c5703ec1dc98502f5"
    },
    "index" : 10,
    "addedDate" : 1650265216903,
    "metadata" : [ ]
  }, {
    "asset" : {
      "assetID" : "d1f9366b212c11ecbc34eeeeac1e09a54f8417a3"
    },
    "index" : 8,
    "addedDate" : 1650265216903,
    "metadata" : [ ]
  }, {
    "asset" : {
      "assetID" : "cfd0b11d212c11ec9f65eeeeac1ecd5a582e4a5a"
    },
    "index" : 0,
    "addedDate" : 1650265216903,
    "metadata" : [ ]
  }, {
    "asset" : {
      "assetID" : "09a7f93a212d11ecbc34eeeeac1e09a53286f5d4"
    },
    "index" : 5,
    "addedDate" : 1650265216903,
    "metadata" : [ ]
  }, {
    "asset" : {
      "assetID" : "d737ba6e20ac11ec9229eeeeac1e2796406e9f88"
    },
    "index" : 7,
    "addedDate" : 1650265216903,
    "metadata" : [ ]
  } ],
  "fileName" : "43d56558eb3244ddbb078f6f26b8e1d28116892c.json",
  "name" : "Marriage and Family",
  "publicTitle" : "Malí mo e Fāmilí"
}