{
  "parentCollectionID" : "f7b35b40833f426db1d05e70cc56e2e89edebc7f",
  "parentCollectionPath" : "Mobile Media Library/Danish - Video/Teaching and Lessons/Come, Follow Me/Come, Follow Me: New Testament Learning and Teaching Resources",
  "collectionType" : "collections",
  "path" : "Mobile Media Library/Danish - Video/Teaching and Lessons/Come, Follow Me/Come, Follow Me: New Testament Learning and Teaching Resources/Aug. 5-11: Romans 1-6",
  "collectionID" : "45025930258d42759e5843143732fcf11491cb5c",
  "language" : "dan",
  "type" : "DEFAULT",
  "lastUpdatedDate" : "2022-04-01T02:30:20.016-06:00",
  "links" : [ {
    "rel" : "details",
    "href" : "https://titanapi.churchofjesuschrist.org/assetsearch/api/v2/collection/details/collectionID/45025930258d42759e5843143732fcf11491cb5c"
  } ],
  "coverImages" : [ {
    "asset" : {
      "assetID" : "09a7ff7367c42e92a44b3d94726cd583f3eebaca"
    }
  } ],
  "related" : [ ],
  "metadata" : [ {
    "key" : "collectionUri",
    "value" : "Aug-5-11-Romans-1-6",
    "language" : "dan"
  }, {
    "key" : "orderIndex",
    "value" : "31"
  } ],
  "children" : [ ],
  "assets" : [ ],
  "fileName" : "45025930258d42759e5843143732fcf11491cb5c.json",
  "name" : "Aug. 5-11: Romans 1-6"
}