{
  "parentCollectionID" : "8568dd8fdd2d4c9a825fed97eb4fa095",
  "parentCollectionPath" : "Mobile Media Library/English - Video/Teaching and Lessons/Seminary and Institute/Teacher Training - Gospel Teaching and Learning Handbook Video Resources",
  "collectionType" : "assets",
  "path" : "Mobile Media Library/English - Video/Teaching and Lessons/Seminary and Institute/Teacher Training - Gospel Teaching and Learning Handbook Video Resources/Introduction",
  "collectionID" : "45062170995541f7a515e647c74efaee",
  "language" : "eng",
  "type" : "DEFAULT",
  "lastUpdatedDate" : "2019-12-19T15:30:25.531-07:00",
  "links" : [ {
    "rel" : "details",
    "href" : "https://titanapi.churchofjesuschrist.org/assetsearch/api/v2/collection/details/collectionID/45062170995541f7a515e647c74efaee"
  } ],
  "coverImages" : [ {
    "asset" : {
      "assetID" : "286654cc48ad244c6f026153c500a1bed9efea3c"
    }
  } ],
  "related" : [ ],
  "metadata" : [ {
    "key" : "collectionUri",
    "value" : "teacher-training-introduction",
    "language" : "eng"
  }, {
    "key" : "publicTitle",
    "value" : "Introduction",
    "language" : "eng"
  }, {
    "key" : "orderIndex",
    "value" : "0"
  } ],
  "children" : [ ],
  "assets" : [ {
    "asset" : {
      "assetID" : "5e34027c8518d5e5f6e0b9bf9c286568ac587e1d"
    },
    "addedDate" : 1576858472583,
    "metadata" : [ ]
  }, {
    "asset" : {
      "assetID" : "a43447a9795913aea11d27fe2b22819348eba3be"
    },
    "addedDate" : 1592396736370,
    "metadata" : [ ]
  } ],
  "fileName" : "45062170995541f7a515e647c74efaee.json",
  "name" : "Introduction",
  "publicTitle" : "Introduction"
}