{
  "parentCollectionID" : "d88e86f22081421a835182ae2bb9eb34ae7e6460",
  "parentCollectionPath" : "Mobile Media Library/French - Video/Broadcasts",
  "collectionType" : "assets",
  "path" : "Mobile Media Library/French - Video/Broadcasts/Worldwide Relief Society Devotional and Testimony Meeting",
  "collectionID" : "452f1dfbf9444a51b424961288884af2",
  "language" : "fra",
  "type" : "DEFAULT",
  "lastUpdatedDate" : "2024-03-14T11:48:57.503-06:00",
  "links" : [ {
    "rel" : "details",
    "href" : "https://titanapi.churchofjesuschrist.org/assetsearch/api/v2/collection/details/collectionID/452f1dfbf9444a51b424961288884af2"
  } ],
  "coverImages" : [ {
    "asset" : {
      "assetID" : "6e1df8ac47ea45df941e73ab4f25f5fc7bc26df0"
    }
  } ],
  "related" : [ ],
  "metadata" : [ {
    "key" : "description",
    "value" : "Le 17 mars 2024, Russell M. Nelson et la présidence générale de la Société de Secours s’adresseront aux femmes lors d’une réunion spirituelle en hommage à la fondation de la Société de Secours le 17 mars 1842.",
    "language" : "fra"
  }, {
    "key" : "collectionUri",
    "value" : "worldwide-relief-society-devotional-and-testimony-meeting-broadcast",
    "language" : "fra"
  }, {
    "key" : "publicTitle",
    "value" : "Réunion mondiale de la Société de Secours et réunion de témoignage",
    "language" : "fra"
  }, {
    "key" : "orderIndex",
    "value" : "14"
  } ],
  "children" : [ ],
  "assets" : [ {
    "asset" : {
      "assetID" : "748eada1dcab11ee8cf5eeeeac1eb2d0ffe25bc5"
    },
    "index" : 0,
    "addedDate" : 1710438573035,
    "metadata" : [ ]
  } ],
  "fileName" : "452f1dfbf9444a51b424961288884af2.json",
  "name" : "Worldwide Relief Society Devotional and Testimony Meeting",
  "publicTitle" : "Réunion mondiale de la Société de Secours et réunion de témoignage",
  "description" : "Le 17 mars 2024, Russell M. Nelson et la présidence générale de la Société de Secours s’adresseront aux femmes lors d’une réunion spirituelle en hommage à la fondation de la Société de Secours le 17 mars 1842."
}