{
  "parentCollectionID" : "c7c673343a624c49a5e820aa3a26f6048fed5732",
  "parentCollectionPath" : "Mobile Media Library/Swedish - Video/Teaching and Lessons/Come, Follow Me/Come, Follow Me: New Testament Learning and Teaching Resources",
  "collectionType" : "collections",
  "path" : "Mobile Media Library/Swedish - Video/Teaching and Lessons/Come, Follow Me/Come, Follow Me: New Testament Learning and Teaching Resources/Sep. 9-15: 2 Corinthians 1-7",
  "collectionID" : "4697a078eaf5445085d469ef72b0021dee137078",
  "language" : "swe",
  "type" : "DEFAULT",
  "lastUpdatedDate" : "2022-04-18T00:36:59.336-06:00",
  "links" : [ {
    "rel" : "details",
    "href" : "https://titanapi.churchofjesuschrist.org/assetsearch/api/v2/collection/details/collectionID/4697a078eaf5445085d469ef72b0021dee137078"
  } ],
  "coverImages" : [ {
    "asset" : {
      "assetID" : "71dc9cda96220f2b4acd0fd6a37d6a18f9f180aa"
    }
  } ],
  "related" : [ ],
  "metadata" : [ {
    "key" : "collectionUri",
    "value" : "Sep-9-15-2-Corinthians-1-7-videos",
    "language" : "swe"
  }, {
    "key" : "orderIndex",
    "value" : "36"
  } ],
  "children" : [ ],
  "assets" : [ ],
  "fileName" : "4697a078eaf5445085d469ef72b0021dee137078.json",
  "name" : "Sep. 9-15: 2 Corinthians 1-7"
}