{
  "parentCollectionID" : "78e52700041380c54bc698db2b0fb2cb8ff0ee9d",
  "parentCollectionPath" : "Mobile Media Library/English - Video/Teaching and Lessons",
  "collectionType" : "collections",
  "path" : "Mobile Media Library/English - Video/Teaching and Lessons/Teaching in the Savior's Way",
  "collectionID" : "46d7cbc8226c424d9977f43d8d743e32",
  "language" : "eng",
  "type" : "DEFAULT",
  "lastUpdatedDate" : "2020-08-25T15:05:13.023-06:00",
  "links" : [ {
    "rel" : "details",
    "href" : "https://titanapi.churchofjesuschrist.org/assetsearch/api/v2/collection/details/collectionID/46d7cbc8226c424d9977f43d8d743e32"
  } ],
  "coverImages" : [ {
    "asset" : {
      "assetID" : "c08d3b1d12f91435c4612e6a9658cb01439e4c5e"
    }
  } ],
  "related" : [ ],
  "metadata" : [ {
    "key" : "orderIndex",
    "value" : "1"
  }, {
    "key" : "description",
    "value" : "Group discussions are recorded and demonstrated in loving those you teach, counseling together, and orienting newly called teachers as they learn how to prepare, teach by the Spirit, and hear from those with similar experiences.",
    "language" : "eng"
  }, {
    "key" : "collectionUri",
    "value" : "teaching-in-the-saviors-way",
    "language" : "eng"
  }, {
    "key" : "publicTitle",
    "value" : "Teaching in the Savior's Way",
    "language" : "eng"
  } ],
  "children" : [ {
    "path" : "Mobile Media Library/English - Video/Teaching and Lessons/Teaching in the Savior's Way/Teacher Council Meetings",
    "collectionID" : "d58d4bdcfbdc4d2da7913338ddc40764",
    "type" : "DEFAULT",
    "lastUpdatedDate" : "2024-08-12T15:07:19.261-06:00",
    "links" : [ {
      "rel" : "details",
      "href" : "https://titanapi.churchofjesuschrist.org/assetsearch/api/v2/collection/details/collectionID/d58d4bdcfbdc4d2da7913338ddc40764"
    } ],
    "fileName" : "d58d4bdcfbdc4d2da7913338ddc40764.json"
  }, {
    "path" : "Mobile Media Library/English - Video/Teaching and Lessons/Teaching in the Savior's Way/Teaching in the Savior's Way Worldwide Training Broadcast",
    "collectionID" : "3f43ca96afe74f3589f3cd379e99703b",
    "type" : "DEFAULT",
    "lastUpdatedDate" : "2020-05-22T18:45:45.173-06:00",
    "links" : [ {
      "rel" : "details",
      "href" : "https://titanapi.churchofjesuschrist.org/assetsearch/api/v2/collection/details/collectionID/3f43ca96afe74f3589f3cd379e99703b"
    } ],
    "fileName" : "3f43ca96afe74f3589f3cd379e99703b.json"
  }, {
    "path" : "Mobile Media Library/English - Video/Teaching and Lessons/Teaching in the Savior's Way/Teaching in the Savior's Way",
    "collectionID" : "a3fdecf55df74964b1f01ab90e7b4df3",
    "type" : "DEFAULT",
    "lastUpdatedDate" : "2022-11-08T13:59:15.850-07:00",
    "links" : [ {
      "rel" : "details",
      "href" : "https://titanapi.churchofjesuschrist.org/assetsearch/api/v2/collection/details/collectionID/a3fdecf55df74964b1f01ab90e7b4df3"
    } ],
    "fileName" : "a3fdecf55df74964b1f01ab90e7b4df3.json"
  } ],
  "assets" : [ ],
  "fileName" : "46d7cbc8226c424d9977f43d8d743e32.json",
  "name" : "Teaching in the Savior's Way",
  "publicTitle" : "Teaching in the Savior's Way",
  "description" : "Group discussions are recorded and demonstrated in loving those you teach, counseling together, and orienting newly called teachers as they learn how to prepare, teach by the Spirit, and hear from those with similar experiences."
}