{
  "parentCollectionID" : "6e72238894ec4146be878225d241616b",
  "parentCollectionPath" : "Mobile Media Library/Mandarin Simpified - Images/Everyday People/Portraits of Faith",
  "collectionType" : "assets",
  "path" : "Mobile Media Library/Mandarin Simpified - Images/Everyday People/Portraits of Faith/Cayo and Anthony",
  "collectionID" : "46e1ee17b43f4f83a83bbc68fc4e4f0a",
  "language" : "zhs",
  "type" : "DEFAULT",
  "lastUpdatedDate" : "2024-09-17T14:55:20.947-06:00",
  "links" : [ {
    "rel" : "details",
    "href" : "https://titanapi.churchofjesuschrist.org/assetsearch/api/v2/collection/details/collectionID/46e1ee17b43f4f83a83bbc68fc4e4f0a"
  } ],
  "coverImages" : [ {
    "asset" : {
      "assetID" : "d63eb1c8926e842126e6abfe04873b67a5ed0471"
    }
  } ],
  "related" : [ ],
  "metadata" : [ ],
  "children" : [ ],
  "assets" : [ {
    "asset" : {
      "assetID" : "a10dff9a5b016e4cf4c7c2c5a4657012ca575dfd"
    },
    "addedDate" : 1695405037080,
    "metadata" : [ ]
  }, {
    "asset" : {
      "assetID" : "c61a7f5bd4ed85b18b7379423e5d5b97a1655957"
    },
    "addedDate" : 1695405037080,
    "metadata" : [ ]
  }, {
    "asset" : {
      "assetID" : "f5674cc80c58f9f92be0211e81b34374da8d687f"
    },
    "addedDate" : 1695405037083,
    "metadata" : [ ]
  }, {
    "asset" : {
      "assetID" : "654deb51ecbfd8ec2077b8fbc2c65c501271fb3a"
    },
    "addedDate" : 1695405037070,
    "metadata" : [ ]
  }, {
    "asset" : {
      "assetID" : "30431abb45b67fa87b2aeb4699ba5550f5e6f4c1"
    },
    "addedDate" : 1695405037076,
    "metadata" : [ ]
  }, {
    "asset" : {
      "assetID" : "b6eb6fbe1a8a2b2885a0912488e09baf1ef637ef"
    },
    "addedDate" : 1695405037076,
    "metadata" : [ ]
  }, {
    "asset" : {
      "assetID" : "d63eb1c8926e842126e6abfe04873b67a5ed0471"
    },
    "addedDate" : 1695405037073,
    "metadata" : [ ]
  } ],
  "fileName" : "46e1ee17b43f4f83a83bbc68fc4e4f0a.json",
  "name" : "Cayo and Anthony"
}