{
  "parentCollectionID" : "8517bdd6a27f4e55bfc1740a5ed3706a",
  "parentCollectionPath" : "Mobile Media Library/Spanish - Video/Community Outreach",
  "collectionType" : "assets",
  "path" : "Mobile Media Library/Spanish - Video/Community Outreach/Community Projects",
  "collectionID" : "46f62cef0f33970ec0e8c39b57b4c0cc017d4214",
  "language" : "spa",
  "type" : "DEFAULT",
  "lastUpdatedDate" : "2021-05-24T10:41:48.700-06:00",
  "links" : [ {
    "rel" : "details",
    "href" : "https://titanapi.churchofjesuschrist.org/assetsearch/api/v2/collection/details/collectionID/46f62cef0f33970ec0e8c39b57b4c0cc017d4214"
  } ],
  "coverImages" : [ {
    "asset" : {
      "assetID" : "98b84476e27789d6f6c9789b489fe9375f8d88a3"
    }
  } ],
  "related" : [ ],
  "metadata" : [ {
    "key" : "collectionUri",
    "value" : "community-projects",
    "language" : "spa"
  }, {
    "key" : "publicTitle",
    "value" : "Iniciativa de Área",
    "language" : "spa"
  } ],
  "children" : [ ],
  "assets" : [ {
    "asset" : {
      "assetID" : "c0c1d1a2e945c7817a49e4e1f95a70d294126601"
    },
    "addedDate" : 1493394077030,
    "metadata" : [ ]
  }, {
    "asset" : {
      "assetID" : "0125d515a57f929e067a8c225f1aa01f5f8928dc"
    },
    "addedDate" : 1492440670057,
    "metadata" : [ ]
  } ],
  "fileName" : "46f62cef0f33970ec0e8c39b57b4c0cc017d4214.json",
  "name" : "Community Projects",
  "publicTitle" : "Iniciativa de Área"
}