{
  "parentCollectionID" : "5a560dffb8324b2fa66de6b4d471030de07e025c",
  "parentCollectionPath" : "Mobile Media Library/Indonesian - Video/Teaching and Lessons/Come, Follow Me/Come, Follow Me: New Testament Learning and Teaching Resources",
  "collectionType" : "collections",
  "path" : "Mobile Media Library/Indonesian - Video/Teaching and Lessons/Come, Follow Me/Come, Follow Me: New Testament Learning and Teaching Resources/Aug. 19-25: 1 Corinthians 1-7",
  "collectionID" : "46f786cbad7c4bbc9f3208009c604cd968d50624",
  "language" : "ind",
  "type" : "DEFAULT",
  "lastUpdatedDate" : "2022-04-17T23:47:08.716-06:00",
  "links" : [ {
    "rel" : "details",
    "href" : "https://titanapi.churchofjesuschrist.org/assetsearch/api/v2/collection/details/collectionID/46f786cbad7c4bbc9f3208009c604cd968d50624"
  } ],
  "coverImages" : [ {
    "asset" : {
      "assetID" : "01e637452167b05b502512eb319e7304d13e816d"
    }
  } ],
  "related" : [ ],
  "metadata" : [ {
    "key" : "collectionUri",
    "value" : "Aug-19-25-1-Corinthians-1-7",
    "language" : "ind"
  }, {
    "key" : "orderIndex",
    "value" : "33"
  } ],
  "children" : [ ],
  "assets" : [ ],
  "fileName" : "46f786cbad7c4bbc9f3208009c604cd968d50624.json",
  "name" : "Aug. 19-25: 1 Corinthians 1-7"
}