{
  "parentCollectionID" : "a362cf32612a48c380d0013df943b987",
  "parentCollectionPath" : "Mobile Media Library/English - Video/Teaching and Lessons/Come, Follow Me/2023 New Testament Media Resources",
  "collectionType" : "assets",
  "path" : "Mobile Media Library/English - Video/Teaching and Lessons/Come, Follow Me/2023 New Testament Media Resources/April 24–April 30. John 7-10: \"I Am The Good Shepherd\"",
  "collectionID" : "47eac8c1c6be42a4a83d7cf7868d9b36",
  "language" : "eng",
  "type" : "DEFAULT",
  "lastUpdatedDate" : "2022-12-01T14:27:23.391-07:00",
  "links" : [ {
    "rel" : "details",
    "href" : "https://titanapi.churchofjesuschrist.org/assetsearch/api/v2/collection/details/collectionID/47eac8c1c6be42a4a83d7cf7868d9b36"
  } ],
  "coverImages" : [ {
    "asset" : {
      "assetID" : "59c31f556ea3af217fbf781a2ae188029ec3d5c4"
    }
  } ],
  "related" : [ ],
  "metadata" : [ {
    "key" : "orderIndex",
    "value" : "17"
  }, {
    "key" : "collectionUri",
    "value" : "cfm-2023-videos-april-24-30",
    "language" : "eng"
  }, {
    "key" : "publicTitle",
    "value" : "April 24–April 30. John 7-10: \"I Am The Good Shepherd\"",
    "language" : "eng"
  } ],
  "children" : [ ],
  "assets" : [ {
    "asset" : {
      "assetID" : "bd5dc8f27f6834954ea26558d4387fac5f0e6483"
    },
    "index" : 1,
    "addedDate" : 1650043674414,
    "metadata" : [ ]
  }, {
    "asset" : {
      "assetID" : "81c338f872e096ce4ece27d8e67be452bd5ed70b"
    },
    "index" : 0,
    "addedDate" : 1650043663820,
    "metadata" : [ ]
  } ],
  "fileName" : "47eac8c1c6be42a4a83d7cf7868d9b36.json",
  "name" : "April 24–April 30. John 7-10: \"I Am The Good Shepherd\"",
  "publicTitle" : "April 24–April 30. John 7-10: \"I Am The Good Shepherd\""
}