{
  "parentCollectionID" : "9a06d7efb9ba423f9e295154e9b4b68e",
  "parentCollectionPath" : "Mobile Media Library/English - Images/Come, Follow Me: Learning and Teaching Resources/2023 Come Follow Me Image Resources",
  "collectionType" : "assets",
  "path" : "Mobile Media Library/English - Images/Come, Follow Me: Learning and Teaching Resources/2023 Come Follow Me Image Resources/June 12–June 18. Luke 22; John 18: \"Not My Will, But Thine, Be Done\"",
  "collectionID" : "485b41451ad64df084ef013d9904c87a",
  "language" : "eng",
  "type" : "DEFAULT",
  "lastUpdatedDate" : "2022-12-27T16:49:48.648-07:00",
  "links" : [ {
    "rel" : "details",
    "href" : "https://titanapi.churchofjesuschrist.org/assetsearch/api/v2/collection/details/collectionID/485b41451ad64df084ef013d9904c87a"
  } ],
  "coverImages" : [ {
    "asset" : {
      "assetID" : "cfe4c050c00411ecb482eeeeac1e84973cb85dbe"
    }
  } ],
  "related" : [ ],
  "metadata" : [ {
    "key" : "orderIndex",
    "value" : "24"
  }, {
    "key" : "collectionUri",
    "value" : "cfm-2023-images-june-12-18",
    "language" : "eng"
  }, {
    "key" : "publicTitle",
    "value" : "June 12–June 18. Luke 22; John 18: \"Not My Will, But Thine, Be Done\"",
    "language" : "eng"
  } ],
  "children" : [ ],
  "assets" : [ {
    "asset" : {
      "assetID" : "ab3bb1d93fc00be37bda26bdc71c325019504ec3"
    },
    "index" : 4,
    "addedDate" : 1666723396872,
    "metadata" : [ ]
  } ],
  "fileName" : "485b41451ad64df084ef013d9904c87a.json",
  "name" : "June 12–June 18. Luke 22; John 18: \"Not My Will, But Thine, Be Done\"",
  "publicTitle" : "June 12–June 18. Luke 22; John 18: \"Not My Will, But Thine, Be Done\""
}