{
  "parentCollectionID" : "7f671e7bbda842c6b32871c475f06a6b",
  "parentCollectionPath" : "Mobile Media Library/Cebuano - Video/Broadcasts/Youth and Young Adult Devotionals",
  "collectionType" : "assets",
  "path" : "Mobile Media Library/Cebuano - Video/Broadcasts/Youth and Young Adult Devotionals/Worldwide Devotional Segments",
  "collectionID" : "48620a56d08a411b91c148bd73ec7a1a",
  "language" : "ceb",
  "type" : "DEFAULT",
  "lastUpdatedDate" : "2024-02-28T23:40:21.558-07:00",
  "links" : [ {
    "rel" : "details",
    "href" : "https://titanapi.churchofjesuschrist.org/assetsearch/api/v2/collection/details/collectionID/48620a56d08a411b91c148bd73ec7a1a"
  } ],
  "coverImages" : [ {
    "asset" : {
      "assetID" : "1f5aa830a488c3a32b8f239ca4e02dbe284dcbbb"
    }
  } ],
  "related" : [ ],
  "metadata" : [ {
    "key" : "collectionUri",
    "value" : "worldwide-devotional-segments",
    "language" : "ceb"
  }, {
    "key" : "orderIndex",
    "value" : "2"
  } ],
  "children" : [ ],
  "assets" : [ {
    "asset" : {
      "assetID" : "7543361f863d11eeab46eeeeac1ed59f4e7733b8"
    },
    "index" : 0,
    "addedDate" : 1709188864873,
    "metadata" : [ ]
  }, {
    "asset" : {
      "assetID" : "9d1083e6864311ee99e5eeeeac1e34576739cfcc"
    },
    "index" : 1,
    "addedDate" : 1709188873442,
    "metadata" : [ ]
  }, {
    "asset" : {
      "assetID" : "0a2bc854864911ee9c40eeeeac1e0f73b7bf7051"
    },
    "index" : 2,
    "addedDate" : 1709188881793,
    "metadata" : [ ]
  }, {
    "asset" : {
      "assetID" : "e681768f864a11ee9cf4eeeeac1e8b35ce3315a3"
    },
    "index" : 3,
    "addedDate" : 1709188890142,
    "metadata" : [ ]
  }, {
    "asset" : {
      "assetID" : "907c2c47864b11ee81f3eeeeac1eec71a5b9e625"
    },
    "index" : 5,
    "addedDate" : 1709188909947,
    "metadata" : [ ]
  }, {
    "asset" : {
      "assetID" : "9a46e2f5864b11ee9cf4eeeeac1e8b35b6c55922"
    },
    "index" : 4,
    "addedDate" : 1709188901281,
    "metadata" : [ ]
  }, {
    "asset" : {
      "assetID" : "a0ca5df7864b11ee8b4eeeeeac1e66c9b0a424a1"
    },
    "index" : 6,
    "addedDate" : 1709188919067,
    "metadata" : [ ]
  } ],
  "fileName" : "48620a56d08a411b91c148bd73ec7a1a.json",
  "name" : "Worldwide Devotional Segments"
}