{
  "parentCollectionID" : "2234ca7fb9b44305b4a8c887454d5b2c",
  "parentCollectionPath" : "Mobile Media Library/Portuguese - Video/Scriptural Reenactments and Teachings/Bible Videos - The Life of Jesus Christ",
  "collectionType" : "assets",
  "path" : "Mobile Media Library/Portuguese - Video/Scriptural Reenactments and Teachings/Bible Videos - The Life of Jesus Christ/Teachings",
  "collectionID" : "48bc676e201944719a16e3f238d56b00",
  "language" : "por",
  "type" : "DEFAULT",
  "lastUpdatedDate" : "2023-05-10T10:31:04.639-06:00",
  "links" : [ {
    "rel" : "details",
    "href" : "https://titanapi.churchofjesuschrist.org/assetsearch/api/v2/collection/details/collectionID/48bc676e201944719a16e3f238d56b00"
  } ],
  "coverImages" : [ {
    "asset" : {
      "assetID" : "7f0046965d152dd6208da4351863f077844a6536"
    }
  } ],
  "related" : [ ],
  "metadata" : [ {
    "key" : "orderIndex",
    "value" : "3"
  }, {
    "key" : "channel",
    "value" : "mobile",
    "language" : "por"
  }, {
    "key" : "collectionUri",
    "value" : "bible-videos-teachings",
    "language" : "por"
  }, {
    "key" : "publicTitle",
    "value" : "Ensinamentos",
    "language" : "por"
  } ],
  "children" : [ ],
  "assets" : [ {
    "asset" : {
      "assetID" : "54fba39336f86cbdc58fdbf25f4213214625bd41"
    },
    "addedDate" : 1663683358840,
    "metadata" : [ ]
  }, {
    "asset" : {
      "assetID" : "9ec8097dd9bd80fd01a3af216197680e2454066d"
    },
    "addedDate" : 1663683358840,
    "metadata" : [ ]
  }, {
    "asset" : {
      "assetID" : "24d645528365a9747f8e1929659412a3ebb668cf"
    },
    "addedDate" : 1663683358866,
    "metadata" : [ ]
  }, {
    "asset" : {
      "assetID" : "198ef73859b554481caf66a01f1baac921960352"
    },
    "addedDate" : 1663683358936,
    "metadata" : [ ]
  }, {
    "asset" : {
      "assetID" : "3d67c67f3e4a57231782c91d58967a5a280ee35b"
    },
    "addedDate" : 1663683358830,
    "metadata" : [ ]
  }, {
    "asset" : {
      "assetID" : "414fd5ae654e564c025826004d4c27c6acbe4d33"
    },
    "addedDate" : 1663683358860,
    "metadata" : [ ]
  }, {
    "asset" : {
      "assetID" : "4d790dba522312e1ce19e95c6a509397be77301c"
    },
    "addedDate" : 1663683358996,
    "metadata" : [ ]
  }, {
    "asset" : {
      "assetID" : "57f82c8f61fb0481c83cb22e6eddcd380d4eaf14"
    },
    "addedDate" : 1663683358883,
    "metadata" : [ ]
  }, {
    "asset" : {
      "assetID" : "5ab519ce596fe2c2bc850fdc8d2f4913b4c5c8f5"
    },
    "addedDate" : 1663683358870,
    "metadata" : [ ]
  }, {
    "asset" : {
      "assetID" : "6e06b1a3b075b1d5e88ae49c271f5c134bdb2996"
    },
    "addedDate" : 1663683358846,
    "metadata" : [ ]
  }, {
    "asset" : {
      "assetID" : "7cd86f3888c4e1da7616ed9a127b514e3764d7a7"
    },
    "addedDate" : 1663683358963,
    "metadata" : [ ]
  }, {
    "asset" : {
      "assetID" : "8785682c9444be07061213a4b0f13ac9d35035da"
    },
    "addedDate" : 1663683358990,
    "metadata" : [ ]
  }, {
    "asset" : {
      "assetID" : "87e4c9404a293090ad6a3a8101ee332a4e9ac9dd"
    },
    "addedDate" : 1663683358983,
    "metadata" : [ ]
  }, {
    "asset" : {
      "assetID" : "7eb98bdf4d995c8a737089bde47b83696e37d8ac"
    },
    "addedDate" : 1663683358923,
    "metadata" : [ ]
  }, {
    "asset" : {
      "assetID" : "910be8c569a0fe550cb3087b039b88f011c4d26c"
    },
    "addedDate" : 1663683358896,
    "metadata" : [ ]
  }, {
    "asset" : {
      "assetID" : "91ef3dc80cbdfa3748c2e40ab6243451a9a9e363"
    },
    "addedDate" : 1663683358876,
    "metadata" : [ ]
  }, {
    "asset" : {
      "assetID" : "9bac6871cbd943eb7fc51a82d8eb25ab5a4a3fd1"
    },
    "addedDate" : 1663683358893,
    "metadata" : [ ]
  }, {
    "asset" : {
      "assetID" : "9ead5ef0d858bdbb1dd2de8ce95f5242d1c248c2"
    },
    "addedDate" : 1663683358850,
    "metadata" : [ ]
  }, {
    "asset" : {
      "assetID" : "a1df7d0a20cd0f7d65dee29c17bbc93cde6c935d"
    },
    "addedDate" : 1663683358980,
    "metadata" : [ ]
  }, {
    "asset" : {
      "assetID" : "73f6a5159705a57b8cf9b4a5865bba9326e029cb"
    },
    "addedDate" : 1663683358966,
    "metadata" : [ ]
  }, {
    "asset" : {
      "assetID" : "babd17ea41587b1fdc117a0a5c242532422aa01b"
    },
    "addedDate" : 1663683358903,
    "metadata" : [ ]
  }, {
    "asset" : {
      "assetID" : "c45c64e325ecbe32c28982333ab6a20ec85d630f"
    },
    "addedDate" : 1663683358880,
    "metadata" : [ ]
  }, {
    "asset" : {
      "assetID" : "c466c32adb652a91a3b1e8245e65cb0ee1428c03"
    },
    "addedDate" : 1663683358910,
    "metadata" : [ ]
  }, {
    "asset" : {
      "assetID" : "046d921105274e3f6e1a7f78ad561940b87652b5"
    },
    "addedDate" : 1663683358953,
    "metadata" : [ ]
  }, {
    "asset" : {
      "assetID" : "94822523d6ff9fe2f9294ed4c9d606b1d7a34781"
    },
    "addedDate" : 1663683358870,
    "metadata" : [ ]
  }, {
    "asset" : {
      "assetID" : "fffe0adead01b18b38557372effd60de73c3836d"
    },
    "addedDate" : 1663683358930,
    "metadata" : [ ]
  }, {
    "asset" : {
      "assetID" : "faa57e2037c58b7bd3abb86ff9b200ffaaafd52b"
    },
    "addedDate" : 1663683358960,
    "metadata" : [ ]
  }, {
    "asset" : {
      "assetID" : "ddc4d20f3f47eec2867268dc480406e0c168af7e"
    },
    "addedDate" : 1663683358960,
    "metadata" : [ ]
  }, {
    "asset" : {
      "assetID" : "9909fe1fdc1ca2892aea4119dcc0157bb72b93b5"
    },
    "addedDate" : 1663683358990,
    "metadata" : [ ]
  }, {
    "asset" : {
      "assetID" : "0abe90a43edf49c16a73d1f3510610c059eb078f"
    },
    "index" : 43,
    "addedDate" : 1682719007645,
    "metadata" : [ ]
  }, {
    "asset" : {
      "assetID" : "e3086bc3904459abc7481c6b8059d3e05542de9a"
    },
    "addedDate" : 1663683358916,
    "metadata" : [ ]
  }, {
    "asset" : {
      "assetID" : "9a77670316c09f8ebbc358ef71cc6e2838bc8476"
    },
    "addedDate" : 1663683358863,
    "metadata" : [ ]
  }, {
    "asset" : {
      "assetID" : "cfe8580b677566c36b38961a9a984f36dc20adc0"
    },
    "addedDate" : 1663683358956,
    "metadata" : [ ]
  }, {
    "asset" : {
      "assetID" : "928030be9478333fcbc33187e850a05c0808c494"
    },
    "addedDate" : 1663683358920,
    "metadata" : [ ]
  }, {
    "asset" : {
      "assetID" : "bd2880613d95d44116a8c6a1ad9ab15bd255a0c5"
    },
    "addedDate" : 1663683358856,
    "metadata" : [ ]
  }, {
    "asset" : {
      "assetID" : "c90cb8039da0d78f6953bd0dd9b3bd3d3e23c52c"
    },
    "addedDate" : 1663683358976,
    "metadata" : [ ]
  }, {
    "asset" : {
      "assetID" : "b2180601b34b516351bee7c309975a2ffd1d49ea"
    },
    "addedDate" : 1663683358943,
    "metadata" : [ ]
  }, {
    "asset" : {
      "assetID" : "f5507b97e285f83edd1d24f06600eb5f791dc188"
    },
    "addedDate" : 1663683358913,
    "metadata" : [ ]
  }, {
    "asset" : {
      "assetID" : "cdabcafff70b6dc18fec32a09a5bf9c445d89ef9"
    },
    "addedDate" : 1663683358980,
    "metadata" : [ ]
  }, {
    "asset" : {
      "assetID" : "3064a89fa65cf3601261ecf1e4a26ab0cb2010c1"
    },
    "addedDate" : 1663683358940,
    "metadata" : [ ]
  }, {
    "asset" : {
      "assetID" : "d8dd8883b9c9e0ef5b98f308169c0f505342fdcf"
    },
    "index" : 42,
    "addedDate" : 1683736242051,
    "metadata" : [ ]
  }, {
    "asset" : {
      "assetID" : "edee9fe74be9737de181812e083763784ec3b8f2"
    },
    "addedDate" : 1663683358890,
    "metadata" : [ ]
  }, {
    "asset" : {
      "assetID" : "0c7d00158ebf33314cce4312a1c8a92c9a6dee9d"
    },
    "index" : 41,
    "addedDate" : 1682718216510,
    "metadata" : [ ]
  } ],
  "fileName" : "48bc676e201944719a16e3f238d56b00.json",
  "name" : "Teachings",
  "publicTitle" : "Ensinamentos"
}