{
  "parentCollectionID" : "2150d823cdc445fda323ee5ebce6bb4e",
  "parentCollectionPath" : "Mobile Media Library/Indonesian  - Images/Gospel Art/Gospel Art Book",
  "collectionType" : "assets",
  "path" : "Mobile Media Library/Indonesian  - Images/Gospel Art/Gospel Art Book/Living Prophets and Apostles-Gospel Art Book",
  "collectionID" : "4be0ae9490d24d77a8180e029e0078de",
  "language" : "ind",
  "type" : "DEFAULT",
  "lastUpdatedDate" : "2023-10-14T12:44:40.583-06:00",
  "links" : [ {
    "rel" : "details",
    "href" : "https://titanapi.churchofjesuschrist.org/assetsearch/api/v2/collection/details/collectionID/4be0ae9490d24d77a8180e029e0078de"
  } ],
  "coverImages" : [ {
    "asset" : {
      "assetID" : "1e0b5667c68c5cda1c45999b3f429794d7b3168b"
    }
  } ],
  "related" : [ ],
  "metadata" : [ {
    "key" : "collectionUri",
    "value" : "living-prophets-and-apostles-gospel-art-book-images",
    "language" : "ind"
  }, {
    "key" : "publicTitle",
    "value" : "Hidup para nabi dan Rasul—Buku Seni Injil",
    "language" : "ind"
  }, {
    "key" : "orderIndex",
    "value" : "5"
  } ],
  "children" : [ ],
  "assets" : [ {
    "asset" : {
      "assetID" : "a67ea44e15c8baa2ee172db318027cb6fb68121a"
    },
    "addedDate" : 1697309699426,
    "metadata" : [ ]
  }, {
    "asset" : {
      "assetID" : "bae61988676659b3e7eb363be6900759e593ceab"
    },
    "addedDate" : 1697309699420,
    "metadata" : [ ]
  }, {
    "asset" : {
      "assetID" : "8b28f6636d8f23f5c88594e4780e212b8b204699"
    },
    "addedDate" : 1697309699433,
    "metadata" : [ ]
  }, {
    "asset" : {
      "assetID" : "7719e6257624e0b2f4812b0139e202e66c25be0e"
    },
    "addedDate" : 1697309699436,
    "metadata" : [ ]
  }, {
    "asset" : {
      "assetID" : "70b1e7b31c87c46d85ed9521ef57057fb1020a73"
    },
    "addedDate" : 1697309699430,
    "metadata" : [ ]
  }, {
    "asset" : {
      "assetID" : "537dbf1b6ae9ee9283f136ebda78b3c00e61af37"
    },
    "addedDate" : 1697309699433,
    "metadata" : [ ]
  }, {
    "asset" : {
      "assetID" : "1e0b5667c68c5cda1c45999b3f429794d7b3168b"
    },
    "addedDate" : 1697309699436,
    "metadata" : [ ]
  }, {
    "asset" : {
      "assetID" : "d0616b4c2e2b4f8d176c09d62afc08866a02c705"
    },
    "addedDate" : 1697309699443,
    "metadata" : [ ]
  }, {
    "asset" : {
      "assetID" : "57efa9db7ae0bb889d74594f5a694c413b4483de"
    },
    "addedDate" : 1697309699430,
    "metadata" : [ ]
  }, {
    "asset" : {
      "assetID" : "1307952407525e24bde2874d991bea1772615aad"
    },
    "addedDate" : 1697309699440,
    "metadata" : [ ]
  }, {
    "asset" : {
      "assetID" : "12cb1155cdaf7edbf0934dd82d540b6d73092b27"
    },
    "addedDate" : 1697309699440,
    "metadata" : [ ]
  }, {
    "asset" : {
      "assetID" : "1bb468da4974a82584dc0fafc0a1a29f691f7f9b"
    },
    "addedDate" : 1697309699443,
    "metadata" : [ ]
  }, {
    "asset" : {
      "assetID" : "56caf7ddec731dba5099d953caadae556ba7652a"
    },
    "addedDate" : 1697309699416,
    "metadata" : [ ]
  }, {
    "asset" : {
      "assetID" : "6e461e0304c2fe7e757dc6564442509f2f23d939"
    },
    "addedDate" : 1697309699440,
    "metadata" : [ ]
  }, {
    "asset" : {
      "assetID" : "1338540dbbcfd411090e1506ddd7bfb3f94a10c9"
    },
    "addedDate" : 1697309699423,
    "metadata" : [ ]
  }, {
    "asset" : {
      "assetID" : "d529b36bf0de36243cea937218b085bf2de07364"
    },
    "addedDate" : 1697309699426,
    "metadata" : [ ]
  }, {
    "asset" : {
      "assetID" : "3f31bcd00fa5096fae9ecf325017c30044fec558"
    },
    "addedDate" : 1697309699423,
    "metadata" : [ ]
  }, {
    "asset" : {
      "assetID" : "fd0d40d7159411ecbc5aeeeeac1e477b59ed5967"
    },
    "addedDate" : 1697309699420,
    "metadata" : [ ]
  } ],
  "fileName" : "4be0ae9490d24d77a8180e029e0078de.json",
  "name" : "Living Prophets and Apostles-Gospel Art Book",
  "publicTitle" : "Hidup para nabi dan Rasul—Buku Seni Injil"
}