{
  "parentCollectionID" : "b1df5251c3db4bd2bcf623861c879c2880835203",
  "parentCollectionPath" : "Mobile Media Library/Samoan - Video/Life Help/Self-Reliance Services and PEF/Self-Reliance Leader Guide",
  "collectionType" : "collections",
  "path" : "Mobile Media Library/Samoan - Video/Life Help/Self-Reliance Services and PEF/Self-Reliance Leader Guide/Priesthood Leader",
  "collectionID" : "4c48ddac7f9c411d8f0fd25ead345fa3346c3674",
  "language" : "smo",
  "type" : "DEFAULT",
  "lastUpdatedDate" : "2022-08-02T09:49:51.404-06:00",
  "links" : [ {
    "rel" : "details",
    "href" : "https://titanapi.churchofjesuschrist.org/assetsearch/api/v2/collection/details/collectionID/4c48ddac7f9c411d8f0fd25ead345fa3346c3674"
  } ],
  "coverImages" : [ {
    "asset" : {
      "assetID" : "7040ea8202f54e9766160752918f61fe276b9435"
    }
  } ],
  "related" : [ ],
  "metadata" : [ {
    "key" : "collectionUri",
    "value" : "priesthood-leader",
    "language" : "smo"
  } ],
  "children" : [ ],
  "assets" : [ ],
  "fileName" : "4c48ddac7f9c411d8f0fd25ead345fa3346c3674.json",
  "name" : "Priesthood Leader"
}