{
  "parentCollectionID" : "dc9b952342934f3db9872fed261a759bfed9b721",
  "parentCollectionPath" : "Mobile Media Library/Thai - Video/Teaching and Lessons/Come, Follow Me/Come, Follow Me: New Testament Learning and Teaching Resources",
  "collectionType" : "collections",
  "path" : "Mobile Media Library/Thai - Video/Teaching and Lessons/Come, Follow Me/Come, Follow Me: New Testament Learning and Teaching Resources/Jun. 17-23: Matthew 27; Mark 15; Luke 23; John 19",
  "collectionID" : "4c6a8d9705ed460198816456dd1ca3436cd18d65",
  "language" : "tha",
  "type" : "DEFAULT",
  "lastUpdatedDate" : "2022-04-18T00:50:08.796-06:00",
  "links" : [ {
    "rel" : "details",
    "href" : "https://titanapi.churchofjesuschrist.org/assetsearch/api/v2/collection/details/collectionID/4c6a8d9705ed460198816456dd1ca3436cd18d65"
  } ],
  "coverImages" : [ {
    "asset" : {
      "assetID" : "cbf5c7dc922fd09a3acff2be9ffd00cd92df918a"
    }
  } ],
  "related" : [ ],
  "metadata" : [ {
    "key" : "collectionUri",
    "value" : "Jun-17-23-Matthew-27-Mark-15-Luke-23-John-19",
    "language" : "tha"
  }, {
    "key" : "orderIndex",
    "value" : "24"
  } ],
  "children" : [ ],
  "assets" : [ ],
  "fileName" : "4c6a8d9705ed460198816456dd1ca3436cd18d65.json",
  "name" : "Jun. 17-23: Matthew 27; Mark 15; Luke 23; John 19"
}