{
  "parentCollectionID" : "c7c673343a624c49a5e820aa3a26f6048fed5732",
  "parentCollectionPath" : "Mobile Media Library/Swedish - Video/Teaching and Lessons/Come, Follow Me/Come, Follow Me: New Testament Learning and Teaching Resources",
  "collectionType" : "collections",
  "path" : "Mobile Media Library/Swedish - Video/Teaching and Lessons/Come, Follow Me/Come, Follow Me: New Testament Learning and Teaching Resources/May 20-26: Matthew 21-23; Mark 11; Luke 19-20; John 12",
  "collectionID" : "4d24094548a14ecc8a47575263b69c409898ab0d",
  "language" : "swe",
  "type" : "DEFAULT",
  "lastUpdatedDate" : "2022-04-18T00:36:59.336-06:00",
  "links" : [ {
    "rel" : "details",
    "href" : "https://titanapi.churchofjesuschrist.org/assetsearch/api/v2/collection/details/collectionID/4d24094548a14ecc8a47575263b69c409898ab0d"
  } ],
  "coverImages" : [ {
    "asset" : {
      "assetID" : "e6fdc07cf2d82772bb9358ce1268a4b9d7930786"
    }
  } ],
  "related" : [ ],
  "metadata" : [ {
    "key" : "collectionUri",
    "value" : "may-20-26-matthew-21-23-mark-11-luke-19-20-john-12",
    "language" : "swe"
  }, {
    "key" : "orderIndex",
    "value" : "20"
  } ],
  "children" : [ ],
  "assets" : [ ],
  "fileName" : "4d24094548a14ecc8a47575263b69c409898ab0d.json",
  "name" : "May 20-26: Matthew 21-23; Mark 11; Luke 19-20; John 12"
}