{
  "parentCollectionID" : "e2c5e17fe5c5471ab1785da60e5963ba",
  "parentCollectionPath" : "Mobile Media Library/Thai  - Images/Church Leaders/Past Church Leaders",
  "collectionType" : "assets",
  "path" : "Mobile Media Library/Thai  - Images/Church Leaders/Past Church Leaders/Primary General Presidents",
  "collectionID" : "4d2ad118875d4a319cd2d2345f935476",
  "language" : "tha",
  "type" : "DEFAULT",
  "lastUpdatedDate" : "2023-10-14T15:09:15.274-06:00",
  "links" : [ {
    "rel" : "details",
    "href" : "https://titanapi.churchofjesuschrist.org/assetsearch/api/v2/collection/details/collectionID/4d2ad118875d4a319cd2d2345f935476"
  } ],
  "coverImages" : [ {
    "asset" : {
      "assetID" : "f904fda60dc8814548fdbe3d9fb499ed792b924b"
    }
  } ],
  "related" : [ ],
  "metadata" : [ {
    "key" : "collectionUri",
    "value" : "primary-general-presidents-images",
    "language" : "tha"
  }, {
    "key" : "publicTitle",
    "value" : "ประธานปฐมวัยสามัญ",
    "language" : "tha"
  }, {
    "key" : "orderIndex",
    "value" : "3"
  } ],
  "children" : [ ],
  "assets" : [ {
    "asset" : {
      "assetID" : "5ee03e3f00d3a2737b1a898f64eecd955f4766bc"
    },
    "addedDate" : 1697318813380,
    "metadata" : [ ]
  }, {
    "asset" : {
      "assetID" : "83ea2b2db83f0b5ee42f3a5739d6ef1bfeb95e0e"
    },
    "addedDate" : 1697318813380,
    "metadata" : [ ]
  }, {
    "asset" : {
      "assetID" : "5764ee5fa4e119260e7d9e17befda0ad3708df73"
    },
    "addedDate" : 1697318813383,
    "metadata" : [ ]
  }, {
    "asset" : {
      "assetID" : "953c9a4c3bb1c860f1b456a37a5fbd76fb9e9804"
    },
    "addedDate" : 1697318813386,
    "metadata" : [ ]
  }, {
    "asset" : {
      "assetID" : "15462aa7c1d5a4e836347b9450897ad84c5f2427"
    },
    "addedDate" : 1697318813390,
    "metadata" : [ ]
  }, {
    "asset" : {
      "assetID" : "80fb3e91af4c0bde8b3408074f7c40cb328c7926"
    },
    "addedDate" : 1697318813390,
    "metadata" : [ ]
  }, {
    "asset" : {
      "assetID" : "a5590143162ac833e8c9f88cf63ef3f27152b9d0"
    },
    "addedDate" : 1697318813366,
    "metadata" : [ ]
  }, {
    "asset" : {
      "assetID" : "b8b28597cf8742b11c193ff45c677a777e6c052b"
    },
    "addedDate" : 1697318813383,
    "metadata" : [ ]
  }, {
    "asset" : {
      "assetID" : "43b089e62168e282699c29304704fb18efc2c9ab"
    },
    "addedDate" : 1697318813373,
    "metadata" : [ ]
  }, {
    "asset" : {
      "assetID" : "f904fda60dc8814548fdbe3d9fb499ed792b924b"
    },
    "addedDate" : 1697318813386,
    "metadata" : [ ]
  }, {
    "asset" : {
      "assetID" : "339624d1233cd62dc0c8f0b38882c18cb3841690"
    },
    "addedDate" : 1697318813370,
    "metadata" : [ ]
  }, {
    "asset" : {
      "assetID" : "6b8e5c65a4dc5bcac47a2245ef6b6f6bcef45013"
    },
    "addedDate" : 1697318813376,
    "metadata" : [ ]
  }, {
    "asset" : {
      "assetID" : "8b6c39b2f7a78f931f72c741aa38f90c4d3c27c1"
    },
    "addedDate" : 1697318813376,
    "metadata" : [ ]
  }, {
    "asset" : {
      "assetID" : "9ea0f12ba580b3ce277cf0ef983d4eed3086074f"
    },
    "addedDate" : 1697318813373,
    "metadata" : [ ]
  } ],
  "fileName" : "4d2ad118875d4a319cd2d2345f935476.json",
  "name" : "Primary General Presidents",
  "publicTitle" : "ประธานปฐมวัยสามัญ"
}