{
  "parentCollectionID" : "1a0103f22eab426fb410d353e1fd180c",
  "parentCollectionPath" : "Mobile Media Library/Portuguese - Video/Scriptural Reenactments and Teachings/Book of Mormon Videos",
  "collectionType" : "assets",
  "path" : "Mobile Media Library/Portuguese - Video/Scriptural Reenactments and Teachings/Book of Mormon Videos/Helaman 5",
  "collectionID" : "4f9a0849bc5148e2ae99a15562055006",
  "language" : "por",
  "type" : "DEFAULT",
  "lastUpdatedDate" : "2024-09-09T10:35:30.457-06:00",
  "links" : [ {
    "rel" : "details",
    "href" : "https://titanapi.churchofjesuschrist.org/assetsearch/api/v2/collection/details/collectionID/4f9a0849bc5148e2ae99a15562055006"
  } ],
  "coverImages" : [ {
    "asset" : {
      "assetID" : "6f3f399174207ea5618a32a184a0ec5fd756df3d"
    }
  } ],
  "related" : [ ],
  "metadata" : [ {
    "key" : "orderIndex",
    "value" : "30"
  }, {
    "key" : "channel",
    "value" : "mobile",
    "language" : "por"
  }, {
    "key" : "collectionUri",
    "value" : "helaman-5",
    "language" : "por"
  }, {
    "key" : "publicTitle",
    "value" : "Helamã 5",
    "language" : "por"
  } ],
  "children" : [ ],
  "assets" : [ {
    "asset" : {
      "assetID" : "he5pgif2f2k29ak5uhjsmpxcx74bfswr0dge6dcn"
    },
    "index" : 0,
    "addedDate" : 1724242092610,
    "metadata" : [ ]
  } ],
  "fileName" : "4f9a0849bc5148e2ae99a15562055006.json",
  "name" : "Helaman 5",
  "publicTitle" : "Helamã 5"
}