{
  "parentCollectionID" : "328502d5f15b40bb8942a90044844aa2",
  "parentCollectionPath" : "Mobile Media Library/German - Video/Scriptural Reenactments and Teachings/Book of Mormon/Book of Mormon Videos",
  "collectionType" : "assets",
  "path" : "Mobile Media Library/German - Video/Scriptural Reenactments and Teachings/Book of Mormon/Book of Mormon Videos/2 Nephi 33",
  "collectionID" : "520a4dc91885484092afbdf6159c1cc7",
  "language" : "deu",
  "type" : "DEFAULT",
  "lastUpdatedDate" : "2024-06-18T10:39:59.582-06:00",
  "links" : [ {
    "rel" : "details",
    "href" : "https://titanapi.churchofjesuschrist.org/assetsearch/api/v2/collection/details/collectionID/520a4dc91885484092afbdf6159c1cc7"
  } ],
  "coverImages" : [ {
    "asset" : {
      "assetID" : "c48869e11b20a6038e1643849d7d5bed180e0234"
    }
  } ],
  "related" : [ ],
  "metadata" : [ {
    "key" : "orderIndex",
    "value" : "13"
  }, {
    "key" : "channel",
    "value" : "mobile",
    "language" : "deu"
  }, {
    "key" : "collectionUri",
    "value" : "2-nephi-33",
    "language" : "deu"
  }, {
    "key" : "publicTitle",
    "value" : "2 Nephi 33",
    "language" : "deu"
  } ],
  "children" : [ ],
  "assets" : [ {
    "asset" : {
      "assetID" : "EAFBC41123AFAA72A3C0AA878918F46466DDC3A7"
    },
    "index" : 0,
    "addedDate" : 1633132190956,
    "metadata" : [ ]
  } ],
  "fileName" : "520a4dc91885484092afbdf6159c1cc7.json",
  "name" : "2 Nephi 33",
  "publicTitle" : "2 Nephi 33"
}