{
  "parentCollectionID" : "a59b8f0ac9804a898ad32cfa7927dd12",
  "parentCollectionPath" : "Mobile Media Library/Italian - Video/Teaching and Lessons/Come, Follow Me/Come, Follow Me: For Aaronic Priesthood Quorums and Young Women/Media for 2023 Doctrinal Topics",
  "collectionType" : "collections",
  "path" : "Mobile Media Library/Italian - Video/Teaching and Lessons/Come, Follow Me/Come, Follow Me: For Aaronic Priesthood Quorums and Young Women/Media for 2023 Doctrinal Topics/July",
  "collectionID" : "52434b52e3264f50b1e5000679070f9d",
  "language" : "ita",
  "type" : "DEFAULT",
  "lastUpdatedDate" : "2022-07-13T09:27:50.027-06:00",
  "links" : [ {
    "rel" : "details",
    "href" : "https://titanapi.churchofjesuschrist.org/assetsearch/api/v2/collection/details/collectionID/52434b52e3264f50b1e5000679070f9d"
  } ],
  "coverImages" : [ ],
  "related" : [ ],
  "metadata" : [ {
    "key" : "collectionUri",
    "value" : "july-2023-doctrinal-media-for-youth",
    "language" : "ita"
  }, {
    "key" : "orderIndex",
    "value" : "7"
  } ],
  "children" : [ ],
  "assets" : [ ],
  "fileName" : "52434b52e3264f50b1e5000679070f9d.json",
  "name" : "July"
}