{
  "parentCollectionID" : "e64d93dfa3bb4ddbbf8352528c37636f39b4fc06",
  "parentCollectionPath" : "Mobile Media Library/Norwegian - Video/Topics",
  "collectionType" : "assets",
  "path" : "Mobile Media Library/Norwegian - Video/Topics/Hope",
  "collectionID" : "524597a7c6854884b8435db446de9eb4d8340aa2",
  "language" : "nor",
  "type" : "DEFAULT",
  "lastUpdatedDate" : "2023-05-25T20:02:00.183-06:00",
  "links" : [ {
    "rel" : "details",
    "href" : "https://titanapi.churchofjesuschrist.org/assetsearch/api/v2/collection/details/collectionID/524597a7c6854884b8435db446de9eb4d8340aa2"
  } ],
  "coverImages" : [ {
    "asset" : {
      "assetID" : "71fd42a19b0f501a452acffed4387d5aca98579f"
    }
  } ],
  "related" : [ ],
  "metadata" : [ {
    "key" : "orderIndex",
    "value" : "17"
  }, {
    "key" : "collectionUri",
    "value" : "hope-topic",
    "language" : "nor"
  }, {
    "key" : "publicTitle",
    "value" : "Håp",
    "language" : "nor"
  } ],
  "children" : [ ],
  "assets" : [ {
    "asset" : {
      "assetID" : "6732986cc4e9cc6d97533dc15146a75ec2be6029"
    },
    "index" : 1,
    "addedDate" : 1650262194300,
    "metadata" : [ ]
  }, {
    "asset" : {
      "assetID" : "c7fc4189212b11eca865eeeeac1e3df931719546"
    },
    "index" : 0,
    "addedDate" : 1650262194300,
    "metadata" : [ ]
  } ],
  "fileName" : "524597a7c6854884b8435db446de9eb4d8340aa2.json",
  "name" : "Hope",
  "publicTitle" : "Håp"
}