{
  "parentCollectionID" : "9a06d7efb9ba423f9e295154e9b4b68e",
  "parentCollectionPath" : "Mobile Media Library/English - Images/Come, Follow Me: Learning and Teaching Resources/2023 Come Follow Me Image Resources",
  "collectionType" : "assets",
  "path" : "Mobile Media Library/English - Images/Come, Follow Me: Learning and Teaching Resources/2023 Come Follow Me Image Resources/August 21–August 27. 1 Corinthians 1-7: \"Be Perfectly Joined Together\"",
  "collectionID" : "52eafbcbf9b8431ebc04a9fcfad7155e",
  "language" : "eng",
  "type" : "DEFAULT",
  "lastUpdatedDate" : "2022-12-27T16:41:25.506-07:00",
  "links" : [ {
    "rel" : "details",
    "href" : "https://titanapi.churchofjesuschrist.org/assetsearch/api/v2/collection/details/collectionID/52eafbcbf9b8431ebc04a9fcfad7155e"
  } ],
  "coverImages" : [ {
    "asset" : {
      "assetID" : "5ab91ba729fb93e93b32460f8c6a207584805d90"
    }
  } ],
  "related" : [ ],
  "metadata" : [ {
    "key" : "orderIndex",
    "value" : "34"
  }, {
    "key" : "collectionUri",
    "value" : "cfm-2023-images-august-21-27",
    "language" : "eng"
  }, {
    "key" : "publicTitle",
    "value" : "August 21–August 27. 1 Corinthians 1-7: \"Be Perfectly Joined Together\"",
    "language" : "eng"
  } ],
  "children" : [ ],
  "assets" : [ {
    "asset" : {
      "assetID" : "3ae6f7063b5c11ecbcf7eeeeac1e744ed77c7f4d"
    },
    "index" : 3,
    "addedDate" : 1666727066964,
    "metadata" : [ ]
  }, {
    "asset" : {
      "assetID" : "3b1fba973b5c11ecac35eeeeac1e7c59b2dc9c69"
    },
    "index" : 4,
    "addedDate" : 1666727077746,
    "metadata" : [ ]
  } ],
  "fileName" : "52eafbcbf9b8431ebc04a9fcfad7155e.json",
  "name" : "August 21–August 27. 1 Corinthians 1-7: \"Be Perfectly Joined Together\"",
  "publicTitle" : "August 21–August 27. 1 Corinthians 1-7: \"Be Perfectly Joined Together\""
}