{
  "parentCollectionID" : "d6efbe45c2c14949970bbef5f15453090ef9799c",
  "parentCollectionPath" : "Mobile Media Library/Korean - Video/Topics",
  "collectionType" : "assets",
  "path" : "Mobile Media Library/Korean - Video/Topics/Humility",
  "collectionID" : "537b68fa56e04363820de3b9bdbaacca595a7558",
  "language" : "kor",
  "type" : "DEFAULT",
  "lastUpdatedDate" : "2023-06-08T17:08:09.781-06:00",
  "links" : [ {
    "rel" : "details",
    "href" : "https://titanapi.churchofjesuschrist.org/assetsearch/api/v2/collection/details/collectionID/537b68fa56e04363820de3b9bdbaacca595a7558"
  } ],
  "coverImages" : [ {
    "asset" : {
      "assetID" : "22aaaa5fecc3420b7c60bcce45ccc55ed66ea5ff"
    }
  } ],
  "related" : [ ],
  "metadata" : [ {
    "key" : "orderIndex",
    "value" : "18"
  }, {
    "key" : "collectionUri",
    "value" : "humility-topic",
    "language" : "kor"
  }, {
    "key" : "publicTitle",
    "value" : "겸손",
    "language" : "kor"
  } ],
  "children" : [ ],
  "assets" : [ {
    "asset" : {
      "assetID" : "bf49ec8af8384dd8049ad95f46aef9f07320f2d3"
    },
    "index" : 0,
    "addedDate" : 1648837590603,
    "metadata" : [ ]
  } ],
  "fileName" : "537b68fa56e04363820de3b9bdbaacca595a7558.json",
  "name" : "Humility",
  "publicTitle" : "겸손"
}