{
  "parentCollectionID" : "7c6b052773404f369ceb0ed5f82a974d22da45bc",
  "parentCollectionPath" : "Mobile Media Library/Dutch - Video/Broadcasts",
  "collectionType" : "assets",
  "path" : "Mobile Media Library/Dutch - Video/Broadcasts/RootsTech",
  "collectionID" : "53eaf62ec48845409186c4592a9f959eda66f27d",
  "language" : "nld",
  "type" : "DEFAULT",
  "lastUpdatedDate" : "2022-04-17T21:40:22.596-06:00",
  "links" : [ {
    "rel" : "details",
    "href" : "https://titanapi.churchofjesuschrist.org/assetsearch/api/v2/collection/details/collectionID/53eaf62ec48845409186c4592a9f959eda66f27d"
  } ],
  "coverImages" : [ {
    "asset" : {
      "assetID" : "9e76052e1f16f18704312472ec39e4d80c950ce3"
    }
  } ],
  "related" : [ ],
  "metadata" : [ {
    "key" : "collectionUri",
    "value" : "roots-tech-video-collection",
    "language" : "nld"
  }, {
    "key" : "orderIndex",
    "value" : "3"
  } ],
  "children" : [ ],
  "assets" : [ {
    "asset" : {
      "assetID" : "E83A9CEB16C71486209A369B950F329A8DF45E32"
    },
    "index" : 0,
    "addedDate" : 1650255751940,
    "metadata" : [ ]
  } ],
  "fileName" : "53eaf62ec48845409186c4592a9f959eda66f27d.json",
  "name" : "RootsTech"
}