{
  "parentCollectionID" : "b04ff2a05fab450c9da56820f6f06d2b",
  "parentCollectionPath" : "Mobile Media Library/German - Images/Book of Mormon Videos Images",
  "collectionType" : "assets",
  "path" : "Mobile Media Library/German - Images/Book of Mormon Videos Images/3 Nephi 12-14",
  "collectionID" : "5419f6d533394a88ba8ff491bb579a65",
  "language" : "deu",
  "type" : "DEFAULT",
  "lastUpdatedDate" : "2023-09-04T10:46:48.152-06:00",
  "links" : [ {
    "rel" : "details",
    "href" : "https://titanapi.churchofjesuschrist.org/assetsearch/api/v2/collection/details/collectionID/5419f6d533394a88ba8ff491bb579a65"
  } ],
  "coverImages" : [ {
    "asset" : {
      "assetID" : "52a8becb756511ec89c0eeeeac1e5d7e05c508fb"
    }
  } ],
  "related" : [ ],
  "metadata" : [ {
    "key" : "collectionUri",
    "value" : "bmvl-images-3-nephi-12-14",
    "language" : "deu"
  }, {
    "key" : "publicTitle",
    "value" : "3 Nephi 12 bis 14",
    "language" : "deu"
  }, {
    "key" : "orderIndex",
    "value" : "16"
  } ],
  "children" : [ ],
  "assets" : [ {
    "asset" : {
      "assetID" : "0ea6ce2bf0bd11ebb48aeeeeac1eecb678b493cd"
    },
    "addedDate" : 1693847106620,
    "metadata" : [ ]
  }, {
    "asset" : {
      "assetID" : "0bb41b6cf0bd11eb9f66eeeeac1e22273336175a"
    },
    "addedDate" : 1693847106620,
    "metadata" : [ ]
  }, {
    "asset" : {
      "assetID" : "1169e631f0bd11ebb963eeeeac1eca6ba715c7cf"
    },
    "addedDate" : 1693847106616,
    "metadata" : [ ]
  }, {
    "asset" : {
      "assetID" : "8a6c624dfba011ebb5d9eeeeac1ebcf2a578f3c2"
    },
    "addedDate" : 1693847106610,
    "metadata" : [ ]
  }, {
    "asset" : {
      "assetID" : "9f56ff9ffba011eba393eeeeac1e50dfa48f0059"
    },
    "addedDate" : 1693847106613,
    "metadata" : [ ]
  }, {
    "asset" : {
      "assetID" : "9a5b5d0ffba011ebba6ceeeeac1e0e9a3585d498"
    },
    "addedDate" : 1693847106626,
    "metadata" : [ ]
  }, {
    "asset" : {
      "assetID" : "9142df04fba011eb9ee7eeeeac1e7c5343a9d2d6"
    },
    "addedDate" : 1693847106626,
    "metadata" : [ ]
  }, {
    "asset" : {
      "assetID" : "879f1134fba011eb9119eeeeac1ef188dc84f8d9"
    },
    "addedDate" : 1693847106623,
    "metadata" : [ ]
  }, {
    "asset" : {
      "assetID" : "8341aa83fba011eb9ee7eeeeac1e7c53c4890341"
    },
    "addedDate" : 1693847106623,
    "metadata" : [ ]
  }, {
    "asset" : {
      "assetID" : "9d5ba4c0fba011ebba6ceeeeac1e0e9a77e5d4d0"
    },
    "addedDate" : 1693847106616,
    "metadata" : [ ]
  }, {
    "asset" : {
      "assetID" : "7cdb06a2fba011eb8bffeeeeac1e6f0dd0b45f23"
    },
    "addedDate" : 1693847106620,
    "metadata" : [ ]
  } ],
  "fileName" : "5419f6d533394a88ba8ff491bb579a65.json",
  "name" : "3 Nephi 12-14",
  "publicTitle" : "3 Nephi 12 bis 14"
}