{
  "parentCollectionID" : "79ab2ab167304a9fa8d4573e1e7358fd",
  "parentCollectionPath" : "Mobile Media Library/Portuguese - Video/Scriptural Reenactments and Teachings/New Testament Teaching Videos",
  "collectionType" : "collections",
  "path" : "Mobile Media Library/Portuguese - Video/Scriptural Reenactments and Teachings/New Testament Teaching Videos/2 Corinthians - Revelation",
  "collectionID" : "5581bdd234bf4cc29ceb2d74e5f481be",
  "language" : "por",
  "type" : "DEFAULT",
  "lastUpdatedDate" : "2022-11-22T09:36:18.312-07:00",
  "links" : [ {
    "rel" : "details",
    "href" : "https://titanapi.churchofjesuschrist.org/assetsearch/api/v2/collection/details/collectionID/5581bdd234bf4cc29ceb2d74e5f481be"
  } ],
  "coverImages" : [ {
    "asset" : {
      "assetID" : "9c32aa032d796b11aa5879c3c7617e14b066d87f"
    }
  } ],
  "related" : [ ],
  "metadata" : [ {
    "key" : "orderIndex",
    "value" : "4"
  }, {
    "key" : "channel",
    "value" : "mobile",
    "language" : "por"
  }, {
    "key" : "collectionUri",
    "value" : "2corinthians-revelation",
    "language" : "por"
  }, {
    "key" : "publicTitle",
    "value" : "2 Coríntios – Apocalipse",
    "language" : "por"
  } ],
  "children" : [ ],
  "assets" : [ ],
  "fileName" : "5581bdd234bf4cc29ceb2d74e5f481be.json",
  "name" : "2 Corinthians - Revelation",
  "publicTitle" : "2 Coríntios – Apocalipse"
}