{
  "parentCollectionID" : "d6efbe45c2c14949970bbef5f15453090ef9799c",
  "parentCollectionPath" : "Mobile Media Library/Korean - Video/Topics",
  "collectionType" : "assets",
  "path" : "Mobile Media Library/Korean - Video/Topics/Holy Ghost",
  "collectionID" : "55a6a86ea1a140b6a9ceac276f5d5db6d4b60c8d",
  "language" : "kor",
  "type" : "DEFAULT",
  "lastUpdatedDate" : "2023-06-08T17:07:21.577-06:00",
  "links" : [ {
    "rel" : "details",
    "href" : "https://titanapi.churchofjesuschrist.org/assetsearch/api/v2/collection/details/collectionID/55a6a86ea1a140b6a9ceac276f5d5db6d4b60c8d"
  } ],
  "coverImages" : [ {
    "asset" : {
      "assetID" : "7a4d25f81c7360a6150b9b55482e545e8f69d542"
    }
  } ],
  "related" : [ ],
  "metadata" : [ {
    "key" : "orderIndex",
    "value" : "15"
  }, {
    "key" : "collectionUri",
    "value" : "holy-ghost-topic",
    "language" : "kor"
  }, {
    "key" : "publicTitle",
    "value" : "성신",
    "language" : "kor"
  } ],
  "children" : [ ],
  "assets" : [ {
    "asset" : {
      "assetID" : "b94228087166447fd9c1522f8d096b7c457d88ea"
    },
    "index" : 1,
    "addedDate" : 1648837590603,
    "metadata" : [ ]
  }, {
    "asset" : {
      "assetID" : "c5b91fe32b13d7bc098c700945d3dcda65ec79c1"
    },
    "index" : 0,
    "addedDate" : 1648837590603,
    "metadata" : [ ]
  } ],
  "fileName" : "55a6a86ea1a140b6a9ceac276f5d5db6d4b60c8d.json",
  "name" : "Holy Ghost",
  "publicTitle" : "성신"
}