{
  "parentCollectionID" : "3d9757999d1141aba4a8ddedf2caefac15eb09e0",
  "parentCollectionPath" : "Mobile Media Library/Mandarin Simplified - Video/Broadcasts/General Conference",
  "collectionType" : "collections",
  "path" : "Mobile Media Library/Mandarin Simplified - Video/Broadcasts/General Conference/October 2022",
  "collectionID" : "5679a3602a6548f68ba73a2590360e3e",
  "language" : "zhs",
  "type" : "DEFAULT",
  "lastUpdatedDate" : "2024-09-30T16:26:48.538-06:00",
  "links" : [ {
    "rel" : "details",
    "href" : "https://titanapi.churchofjesuschrist.org/assetsearch/api/v2/collection/details/collectionID/5679a3602a6548f68ba73a2590360e3e"
  } ],
  "coverImages" : [ {
    "asset" : {
      "assetID" : "9d7de82fafe4b21969098f50e984a9cb1291c1d5"
    }
  } ],
  "related" : [ ],
  "metadata" : [ {
    "key" : "orderIndex",
    "value" : "5"
  }, {
    "key" : "collectionUri",
    "value" : "october-2022-general-conference"
  }, {
    "key" : "collectionUri",
    "value" : "october-2022",
    "language" : "zhs"
  }, {
    "key" : "publicTitle",
    "value" : "2022年10月总会大会",
    "language" : "zhs"
  } ],
  "children" : [ ],
  "assets" : [ ],
  "fileName" : "5679a3602a6548f68ba73a2590360e3e.json",
  "name" : "October 2022",
  "publicTitle" : "2022年10月总会大会"
}