{
  "parentCollectionID" : "18d6cbd720a17cdd47c2b4f1a8846c098ba9a1fc",
  "parentCollectionPath" : "Mobile Media Library/English - Video/Broadcasts/Youth Events",
  "collectionType" : "assets",
  "path" : "Mobile Media Library/English - Video/Broadcasts/Youth Events/Face to Face with Lindsey Stirling",
  "collectionID" : "57724969efd541e5921c5d62608887b4",
  "language" : "eng",
  "type" : "DEFAULT",
  "lastUpdatedDate" : "2020-05-22T05:02:20.343-06:00",
  "links" : [ {
    "rel" : "details",
    "href" : "https://titanapi.churchofjesuschrist.org/assetsearch/api/v2/collection/details/collectionID/57724969efd541e5921c5d62608887b4"
  } ],
  "coverImages" : [ {
    "asset" : {
      "assetID" : "c1f3c1c0ef12578106ae34c38a28a8304e7cac1b"
    }
  } ],
  "related" : [ ],
  "metadata" : [ {
    "key" : "orderIndex",
    "value" : "20"
  }, {
    "key" : "collectionUri",
    "value" : "face-to-face-lindsey-stirling",
    "language" : "eng"
  }, {
    "key" : "publicTitle",
    "value" : "Face to Face with Lindsey Stirling",
    "language" : "eng"
  } ],
  "children" : [ ],
  "assets" : [ {
    "asset" : {
      "assetID" : "2014-11-1000-face-to-face-with-lindsey-stirling-eng"
    },
    "addedDate" : 1592433100997,
    "metadata" : [ ]
  } ],
  "fileName" : "57724969efd541e5921c5d62608887b4.json",
  "name" : "Face to Face with Lindsey Stirling",
  "publicTitle" : "Face to Face with Lindsey Stirling"
}