{
  "parentCollectionID" : "68026a3ccb30406783950e2837cdb3aaec8bfb38",
  "parentCollectionPath" : "Mobile Media Library/Cantonese - Video/Scriptural Reenactments and Teachings/Book of Mormon/Book of Mormon Videos",
  "collectionType" : "assets",
  "path" : "Mobile Media Library/Cantonese - Video/Scriptural Reenactments and Teachings/Book of Mormon/Book of Mormon Videos/3 Nephi 8-11",
  "collectionID" : "577b84ff94634941bea7ebcc0f6551bf",
  "language" : "yue",
  "type" : "DEFAULT",
  "lastUpdatedDate" : "2024-09-27T08:38:03.112-06:00",
  "links" : [ {
    "rel" : "details",
    "href" : "https://titanapi.churchofjesuschrist.org/assetsearch/api/v2/collection/details/collectionID/577b84ff94634941bea7ebcc0f6551bf"
  } ],
  "coverImages" : [ {
    "asset" : {
      "assetID" : "b063a5f6f71f11ecaf96eeeeac1e40b1bef32e6a"
    }
  } ],
  "related" : [ ],
  "metadata" : [ {
    "key" : "orderIndex",
    "value" : "32"
  }, {
    "key" : "channel",
    "value" : "mobile",
    "language" : "yue"
  }, {
    "key" : "collectionUri",
    "value" : "bmvl-3-nephi-8-11",
    "language" : "yue"
  }, {
    "key" : "publicTitle",
    "value" : "尼腓三書第8～11章",
    "language" : "yue"
  } ],
  "children" : [ ],
  "assets" : [ {
    "asset" : {
      "assetID" : "db082aef39db11ed8695eeeeac1e29e3d7d97511"
    },
    "index" : 2,
    "addedDate" : 1665011876711,
    "metadata" : [ ]
  }, {
    "asset" : {
      "assetID" : "de649c5e39db11eda318eeeeac1ec9fe716c4b52"
    },
    "index" : 3,
    "addedDate" : 1665011895761,
    "metadata" : [ ]
  }, {
    "asset" : {
      "assetID" : "0ed6a63939dc11ed80faeeeeac1eed3d10adbe94"
    },
    "index" : 0,
    "addedDate" : 1665011837278,
    "metadata" : [ ]
  }, {
    "asset" : {
      "assetID" : "e8a56d8039db11ed89f7eeeeac1eef373e675393"
    },
    "index" : 1,
    "addedDate" : 1665011857955,
    "metadata" : [ ]
  } ],
  "fileName" : "577b84ff94634941bea7ebcc0f6551bf.json",
  "name" : "3 Nephi 8-11",
  "publicTitle" : "尼腓三書第8～11章"
}