{
  "parentCollectionID" : "8748bc348385411dad2a8e1b4d87131346994993",
  "parentCollectionPath" : "Mobile Media Library/Ukrainian - Video/Callings and Trainings/Leadership",
  "collectionType" : "collections",
  "path" : "Mobile Media Library/Ukrainian - Video/Callings and Trainings/Leadership/Organization Training Videos",
  "collectionID" : "57dfad4df1604176af73b0e5bcd9cb3299ce6911",
  "language" : "ukr",
  "type" : "DEFAULT",
  "lastUpdatedDate" : "2022-04-18T01:12:35.553-06:00",
  "links" : [ {
    "rel" : "details",
    "href" : "https://titanapi.churchofjesuschrist.org/assetsearch/api/v2/collection/details/collectionID/57dfad4df1604176af73b0e5bcd9cb3299ce6911"
  } ],
  "coverImages" : [ {
    "asset" : {
      "assetID" : "aaf3bf8c0582767179fe47331d63756e39c444f2"
    }
  } ],
  "related" : [ ],
  "metadata" : [ {
    "key" : "collectionUri",
    "value" : "organization-training-videos",
    "language" : "ukr"
  }, {
    "key" : "orderIndex",
    "value" : "1"
  } ],
  "children" : [ ],
  "assets" : [ ],
  "fileName" : "57dfad4df1604176af73b0e5bcd9cb3299ce6911.json",
  "name" : "Organization Training Videos"
}