{
  "parentCollectionID" : "85cea3b7f97a449f8b23fcb59bc526accf74d95d",
  "parentCollectionPath" : "Mobile Media Library/Mandarin Traditional - Video/Topics",
  "collectionType" : "assets",
  "path" : "Mobile Media Library/Mandarin Traditional - Video/Topics/Adversity",
  "collectionID" : "5875314c8a5d41fca30be95260e72237e3a5f6c0",
  "language" : "zho",
  "type" : "DEFAULT",
  "lastUpdatedDate" : "2024-09-18T08:52:25.440-06:00",
  "links" : [ {
    "rel" : "details",
    "href" : "https://titanapi.churchofjesuschrist.org/assetsearch/api/v2/collection/details/collectionID/5875314c8a5d41fca30be95260e72237e3a5f6c0"
  } ],
  "coverImages" : [ {
    "asset" : {
      "assetID" : "478d09368014e9228af040bbb6b22590f8d50c68"
    }
  } ],
  "related" : [ ],
  "metadata" : [ {
    "key" : "orderIndex",
    "value" : "1"
  }, {
    "key" : "collectionUri",
    "value" : "adversity-topic",
    "language" : "zho"
  }, {
    "key" : "publicTitle",
    "value" : "逆境",
    "language" : "zho"
  } ],
  "children" : [ ],
  "assets" : [ {
    "asset" : {
      "assetID" : "5be8e08a319415b35a651e91df285bddfa228473"
    },
    "index" : 0,
    "addedDate" : 1650582348116,
    "metadata" : [ ]
  }, {
    "asset" : {
      "assetID" : "d5a9b9a36d6ab7b689e3a2611dfd6166280b967a"
    },
    "index" : 1,
    "addedDate" : 1650582348116,
    "metadata" : [ ]
  } ],
  "fileName" : "5875314c8a5d41fca30be95260e72237e3a5f6c0.json",
  "name" : "Adversity",
  "publicTitle" : "逆境"
}