{
  "parentCollectionID" : "62d9e1296d244f9e8fb1751b04f85bedb535d0bb",
  "parentCollectionPath" : "Mobile Media Library/Danish - Video/Life Help/Self-Reliance Services and PEF/Education for Better Work",
  "collectionType" : "collections",
  "path" : "Mobile Media Library/Danish - Video/Life Help/Self-Reliance Services and PEF/Education for Better Work/Chapter 4: Should I apply for a Perpetual Education Fund loan?",
  "collectionID" : "588181544b7c4e81a75e608bc3f7aa241a91557d",
  "language" : "dan",
  "type" : "DEFAULT",
  "lastUpdatedDate" : "2022-08-03T12:58:41.214-06:00",
  "links" : [ {
    "rel" : "details",
    "href" : "https://titanapi.churchofjesuschrist.org/assetsearch/api/v2/collection/details/collectionID/588181544b7c4e81a75e608bc3f7aa241a91557d"
  } ],
  "coverImages" : [ {
    "asset" : {
      "assetID" : "befd60337367b0a0fe0d1024b09af25826298341"
    }
  } ],
  "related" : [ ],
  "metadata" : [ {
    "key" : "collectionUri",
    "value" : "chapter-4-should-i-apply-for-a-perpetual-education-fund-loan",
    "language" : "dan"
  } ],
  "children" : [ ],
  "assets" : [ ],
  "fileName" : "588181544b7c4e81a75e608bc3f7aa241a91557d.json",
  "name" : "Chapter 4: Should I apply for a Perpetual Education Fund loan?"
}