{
  "parentCollectionID" : "1a0103f22eab426fb410d353e1fd180c",
  "parentCollectionPath" : "Mobile Media Library/Portuguese - Video/Scriptural Reenactments and Teachings/Book of Mormon Videos",
  "collectionType" : "assets",
  "path" : "Mobile Media Library/Portuguese - Video/Scriptural Reenactments and Teachings/Book of Mormon Videos/1 Nephi 18",
  "collectionID" : "5972a12b34d940fda92e2f66b1d02a4f",
  "language" : "por",
  "type" : "DEFAULT",
  "lastUpdatedDate" : "2023-09-13T08:47:35.801-06:00",
  "links" : [ {
    "rel" : "details",
    "href" : "https://titanapi.churchofjesuschrist.org/assetsearch/api/v2/collection/details/collectionID/5972a12b34d940fda92e2f66b1d02a4f"
  } ],
  "coverImages" : [ {
    "asset" : {
      "assetID" : "bee4eedb0f9e76092c6149d9fc4b8962fa3cc3de"
    }
  } ],
  "related" : [ ],
  "metadata" : [ {
    "key" : "orderIndex",
    "value" : "8"
  }, {
    "key" : "channel",
    "value" : "mobile",
    "language" : "por"
  }, {
    "key" : "collectionUri",
    "value" : "1-nephi-18",
    "language" : "por"
  }, {
    "key" : "publicTitle",
    "value" : "1 Néfi 18",
    "language" : "por"
  } ],
  "children" : [ ],
  "assets" : [ {
    "asset" : {
      "assetID" : "0C70324EB8D968EE2E2F0A5291092E15430E9410"
    },
    "index" : 0,
    "addedDate" : 1663618100350,
    "metadata" : [ ]
  }, {
    "asset" : {
      "assetID" : "DE9CDD5C1D615E557CA789B291E4A52E55B2EEC2"
    },
    "index" : 4,
    "addedDate" : 1663618100346,
    "metadata" : [ ]
  }, {
    "asset" : {
      "assetID" : "27A484B28621C53F259ABFD855FC5198A6D6CB39"
    },
    "index" : 1,
    "addedDate" : 1663618100350,
    "metadata" : [ ]
  }, {
    "asset" : {
      "assetID" : "FE9CFCF25698E89939C24F029DA5752EFBACAC2B"
    },
    "index" : 2,
    "addedDate" : 1663618100346,
    "metadata" : [ ]
  }, {
    "asset" : {
      "assetID" : "D609553D0BBFFD8446BBFE937F264568A065B28F"
    },
    "index" : 3,
    "addedDate" : 1663618100336,
    "metadata" : [ ]
  } ],
  "fileName" : "5972a12b34d940fda92e2f66b1d02a4f.json",
  "name" : "1 Nephi 18",
  "publicTitle" : "1 Néfi 18"
}