{
  "parentCollectionID" : "f590fbf417cd47afb943aa8206baa85c",
  "parentCollectionPath" : "Mobile Media Library/Mandarin Traditional - Images/Book of Mormon Videos Images",
  "collectionType" : "assets",
  "path" : "Mobile Media Library/Mandarin Traditional - Images/Book of Mormon Videos Images/3 Nephi 8-11",
  "collectionID" : "5a468ee88e4f4252a19b98739dba7960",
  "language" : "zho",
  "type" : "DEFAULT",
  "lastUpdatedDate" : "2024-09-17T14:59:14.074-06:00",
  "links" : [ {
    "rel" : "details",
    "href" : "https://titanapi.churchofjesuschrist.org/assetsearch/api/v2/collection/details/collectionID/5a468ee88e4f4252a19b98739dba7960"
  } ],
  "coverImages" : [ {
    "asset" : {
      "assetID" : "c08abd4b756411ec8f02eeeeac1eaad85ee4cbbe"
    }
  } ],
  "related" : [ ],
  "metadata" : [ {
    "key" : "collectionUri",
    "value" : "bmvl-images-3-nephi-8-11"
  }, {
    "key" : "publicTitle",
    "value" : "尼腓三書第8～11章"
  }, {
    "key" : "orderIndex",
    "value" : "14"
  } ],
  "children" : [ ],
  "assets" : [ {
    "asset" : {
      "assetID" : "64a62963eb3411eb87a7eeeeac1e081b22ba2326"
    },
    "addedDate" : 1695053475760,
    "metadata" : [ ]
  }, {
    "asset" : {
      "assetID" : "d2da7ea1eb1411ebace2eeeeac1ee58a392299f0"
    },
    "addedDate" : 1695053475750,
    "metadata" : [ ]
  }, {
    "asset" : {
      "assetID" : "eac6c324eb1411eb87a7eeeeac1e081b6b0dbedb"
    },
    "addedDate" : 1695053475736,
    "metadata" : [ ]
  }, {
    "asset" : {
      "assetID" : "e661bb53eb1411ebb3c6eeeeac1e56c6e2d55928"
    },
    "addedDate" : 1695053475743,
    "metadata" : [ ]
  }, {
    "asset" : {
      "assetID" : "e274c9b4eb1411eba936eeeeac1eee6b18b15561"
    },
    "addedDate" : 1695053475726,
    "metadata" : [ ]
  }, {
    "asset" : {
      "assetID" : "de6f1ff2eb1411ebb3c6eeeeac1e56c62c4ad402"
    },
    "addedDate" : 1695053475733,
    "metadata" : [ ]
  }, {
    "asset" : {
      "assetID" : "dab12d92eb1411eba00deeeeac1e0b860664ae78"
    },
    "addedDate" : 1695053475773,
    "metadata" : [ ]
  }, {
    "asset" : {
      "assetID" : "d716efd3eb1411eba936eeeeac1eee6bd95e61dc"
    },
    "addedDate" : 1695053475776,
    "metadata" : [ ]
  }, {
    "asset" : {
      "assetID" : "cf1f9982eb1411ebb963eeeeac1eca6be3a1444d"
    },
    "addedDate" : 1695053475770,
    "metadata" : [ ]
  }, {
    "asset" : {
      "assetID" : "f50b3dc5eb1411eb87a7eeeeac1e081b36d5bb2f"
    },
    "addedDate" : 1695053475766,
    "metadata" : [ ]
  }, {
    "asset" : {
      "assetID" : "02d3d614eb1511eb8881eeeeac1e70fe7256fb55"
    },
    "addedDate" : 1695053475763,
    "metadata" : [ ]
  }, {
    "asset" : {
      "assetID" : "f9a36383eb1411eba566eeeeac1e655376bf22f3"
    },
    "addedDate" : 1695053475860,
    "metadata" : [ ]
  }, {
    "asset" : {
      "assetID" : "cc4c7c51eb1411eb94caeeeeac1e42aea9087713"
    },
    "addedDate" : 1695053475863,
    "metadata" : [ ]
  }, {
    "asset" : {
      "assetID" : "efed9452eb1411eb94caeeeeac1e42ae9688894f"
    },
    "addedDate" : 1695053475856,
    "metadata" : [ ]
  }, {
    "asset" : {
      "assetID" : "fe89d055eb1411eba936eeeeac1eee6bc8097109"
    },
    "addedDate" : 1695053475850,
    "metadata" : [ ]
  }, {
    "asset" : {
      "assetID" : "0bb69dd3eb1511ebb963eeeeac1eca6bf3061cea"
    },
    "addedDate" : 1695053475853,
    "metadata" : [ ]
  }, {
    "asset" : {
      "assetID" : "07612663eb1511ebade4eeeeac1e688f2ef9249e"
    },
    "addedDate" : 1695053475866,
    "metadata" : [ ]
  }, {
    "asset" : {
      "assetID" : "76fc048ff0b011ebb963eeeeac1eca6bbfd7257c"
    },
    "addedDate" : 1695053475803,
    "metadata" : [ ]
  }, {
    "asset" : {
      "assetID" : "86ea9f41f0b211eb87a7eeeeac1e081bafae174c"
    },
    "addedDate" : 1695053475806,
    "metadata" : [ ]
  }, {
    "asset" : {
      "assetID" : "d856c78af0b311eb9f66eeeeac1e2227d1a91f96"
    },
    "addedDate" : 1695053475800,
    "metadata" : [ ]
  }, {
    "asset" : {
      "assetID" : "dcf814b6f0b311eb8f66eeeeac1ee59a1771fcfe"
    },
    "addedDate" : 1695053475756,
    "metadata" : [ ]
  }, {
    "asset" : {
      "assetID" : "ab3cc82b09c211eca4aceeeeac1e0759e50cf5af"
    },
    "addedDate" : 1695053475826,
    "metadata" : [ ]
  }, {
    "asset" : {
      "assetID" : "a4a3546709c211eca545eeeeac1e665954ef90f7"
    },
    "addedDate" : 1695053475823,
    "metadata" : [ ]
  }, {
    "asset" : {
      "assetID" : "9bb987af09c211ecb5d9eeeeac1ebcf2f6ea3185"
    },
    "addedDate" : 1695053475816,
    "metadata" : [ ]
  }, {
    "asset" : {
      "assetID" : "932be52509c211ec80e5eeeeac1e371802ca3ed8"
    },
    "addedDate" : 1695053475843,
    "metadata" : [ ]
  }, {
    "asset" : {
      "assetID" : "8863bb2a09c211ecba6ceeeeac1e0e9a73f7b0e5"
    },
    "addedDate" : 1695053475836,
    "metadata" : [ ]
  }, {
    "asset" : {
      "assetID" : "915b6a6a09c211ecb3a9eeeeac1e68025c40d9a4"
    },
    "addedDate" : 1695053475830,
    "metadata" : [ ]
  }, {
    "asset" : {
      "assetID" : "892b77e909c211ecb3a9eeeeac1e68028c963c67"
    },
    "addedDate" : 1695053475830,
    "metadata" : [ ]
  }, {
    "asset" : {
      "assetID" : "72bece9809c211ecba6ceeeeac1e0e9abf49b3ef"
    },
    "addedDate" : 1695053475796,
    "metadata" : [ ]
  }, {
    "asset" : {
      "assetID" : "bf3eb31d09c211ecb3a9eeeeac1e6802997cb652"
    },
    "addedDate" : 1695053475793,
    "metadata" : [ ]
  }, {
    "asset" : {
      "assetID" : "ac13a02c09c211eca4aceeeeac1e0759f07f479f"
    },
    "addedDate" : 1695053475790,
    "metadata" : [ ]
  }, {
    "asset" : {
      "assetID" : "d06be03809c211ec86fceeeeac1ed7dc6ae48b18"
    },
    "addedDate" : 1695053475786,
    "metadata" : [ ]
  }, {
    "asset" : {
      "assetID" : "7bb3bec909c211ecba6ceeeeac1e0e9a3bdfcb8b"
    },
    "addedDate" : 1695053475786,
    "metadata" : [ ]
  }, {
    "asset" : {
      "assetID" : "db7e73a409c211eca393eeeeac1e50df8819dc0b"
    },
    "addedDate" : 1695053475783,
    "metadata" : [ ]
  }, {
    "asset" : {
      "assetID" : "ffc85f2f09c211ec9244eeeeac1e5646682957b1"
    },
    "addedDate" : 1695053475780,
    "metadata" : [ ]
  }, {
    "asset" : {
      "assetID" : "ca94771309c211eca393eeeeac1e50df296683ca"
    },
    "addedDate" : 1695053475810,
    "metadata" : [ ]
  } ],
  "fileName" : "5a468ee88e4f4252a19b98739dba7960.json",
  "name" : "3 Nephi 8-11",
  "publicTitle" : "尼腓三書第8～11章"
}