{
  "parentCollectionID" : "3d94bd8c33eb489fa3c28a189ceeea7a",
  "parentCollectionPath" : "Mobile Media Library/Portuguese - Images/Gospel Art/Gospel Art Book",
  "collectionType" : "assets",
  "path" : "Mobile Media Library/Portuguese - Images/Gospel Art/Gospel Art Book/Church History-Gospel Art Book",
  "collectionID" : "5bd11b35013b486a9e4cc693a129d63b",
  "language" : "por",
  "type" : "DEFAULT",
  "lastUpdatedDate" : "2023-09-06T16:26:01.140-06:00",
  "links" : [ {
    "rel" : "details",
    "href" : "https://titanapi.churchofjesuschrist.org/assetsearch/api/v2/collection/details/collectionID/5bd11b35013b486a9e4cc693a129d63b"
  } ],
  "coverImages" : [ {
    "asset" : {
      "assetID" : "adb805d36e3208f9a7dde11246bbd0eef4f49f9b"
    }
  } ],
  "related" : [ ],
  "metadata" : [ {
    "key" : "collectionUri",
    "value" : "church-history-gospel-art-book-images",
    "language" : "por"
  }, {
    "key" : "publicTitle",
    "value" : "História da Igreja — Livro de Gravuras do Evangelho",
    "language" : "por"
  }, {
    "key" : "orderIndex",
    "value" : "2"
  } ],
  "children" : [ ],
  "assets" : [ {
    "asset" : {
      "assetID" : "65ab27e2d00e74009fda90d4b06c086d1f8b95b6"
    },
    "addedDate" : 1694039482000,
    "metadata" : [ ]
  }, {
    "asset" : {
      "assetID" : "d1073fe162bfd726fa0a59d1deff3b8ceb0e6005"
    },
    "addedDate" : 1694039481993,
    "metadata" : [ ]
  }, {
    "asset" : {
      "assetID" : "d424eaa659d3102b717c1825b0e48388d689a966"
    },
    "addedDate" : 1694039481996,
    "metadata" : [ ]
  }, {
    "asset" : {
      "assetID" : "197b56335a4c8c36fb81c7a26d075df31e9b34ed"
    },
    "addedDate" : 1694039482000,
    "metadata" : [ ]
  }, {
    "asset" : {
      "assetID" : "adb805d36e3208f9a7dde11246bbd0eef4f49f9b"
    },
    "addedDate" : 1694039481993,
    "metadata" : [ ]
  }, {
    "asset" : {
      "assetID" : "d11376319c2d8ff296e8797ed6d538736c0da295"
    },
    "addedDate" : 1694039481983,
    "metadata" : [ ]
  }, {
    "asset" : {
      "assetID" : "671e85a694ea9da1b106afde7a37f8554d414215"
    },
    "addedDate" : 1694039481986,
    "metadata" : [ ]
  }, {
    "asset" : {
      "assetID" : "bbd1f861a745a57f4495c95fcd9cf01485924e3c"
    },
    "addedDate" : 1694039481990,
    "metadata" : [ ]
  }, {
    "asset" : {
      "assetID" : "dcb9a9a115dd33e66767e142b65d8d94e570a366"
    },
    "addedDate" : 1694039481996,
    "metadata" : [ ]
  }, {
    "asset" : {
      "assetID" : "631e5f6e65c8be600fccbda6f03b15a474f4f477"
    },
    "addedDate" : 1694039481990,
    "metadata" : [ ]
  }, {
    "asset" : {
      "assetID" : "f1e7548b53fc4695fb67bef691fa159b36154dee"
    },
    "addedDate" : 1694039482003,
    "metadata" : [ ]
  }, {
    "asset" : {
      "assetID" : "9b757dbf47ed6b4fe0e71b8a56e3072d8f5de1e0"
    },
    "addedDate" : 1694039482003,
    "metadata" : [ ]
  }, {
    "asset" : {
      "assetID" : "bb88c207037968a8bd064616afc636146ccee457"
    },
    "addedDate" : 1694039481990,
    "metadata" : [ ]
  }, {
    "asset" : {
      "assetID" : "5f68ab3ebd717592dce9ee3819123a44f1853e1e"
    },
    "addedDate" : 1694039482000,
    "metadata" : [ ]
  } ],
  "fileName" : "5bd11b35013b486a9e4cc693a129d63b.json",
  "name" : "Church History-Gospel Art Book",
  "publicTitle" : "História da Igreja — Livro de Gravuras do Evangelho"
}