{
  "parentCollectionID" : "f7f4433ac5024d909ecda42cdfb07937",
  "parentCollectionPath" : "Mobile Media Library/Danish - Images/Gospel Art/Gospel Art Book",
  "collectionType" : "assets",
  "path" : "Mobile Media Library/Danish - Images/Gospel Art/Gospel Art Book/Temples-Gospel Art Book",
  "collectionID" : "5bef76a1dab24c9eae6405d32fe0817d",
  "language" : "dan",
  "type" : "DEFAULT",
  "lastUpdatedDate" : "2023-10-05T18:48:25.246-06:00",
  "links" : [ {
    "rel" : "details",
    "href" : "https://titanapi.churchofjesuschrist.org/assetsearch/api/v2/collection/details/collectionID/5bef76a1dab24c9eae6405d32fe0817d"
  } ],
  "coverImages" : [ {
    "asset" : {
      "assetID" : "c855fc8126668721302a5eaa649340eaf2be1d4c"
    }
  } ],
  "related" : [ ],
  "metadata" : [ {
    "key" : "collectionUri",
    "value" : "temples-gospel-art-book-images",
    "language" : "dan"
  }, {
    "key" : "publicTitle",
    "value" : "Templer – Bogen Evangelisk kunst",
    "language" : "dan"
  }, {
    "key" : "orderIndex",
    "value" : "8"
  } ],
  "children" : [ ],
  "assets" : [ {
    "asset" : {
      "assetID" : "37e3bd39b5f7a4e4af1f45d3d9b785d6e614c0fa"
    },
    "addedDate" : 1696553888600,
    "metadata" : [ ]
  }, {
    "asset" : {
      "assetID" : "d6037ab6ff0fa1431efcc539b1809e86d63a1d50"
    },
    "addedDate" : 1696553888790,
    "metadata" : [ ]
  }, {
    "asset" : {
      "assetID" : "181024509da70c841ef7e27c88ee0c98ff3cd762"
    },
    "addedDate" : 1696553888823,
    "metadata" : [ ]
  }, {
    "asset" : {
      "assetID" : "2487cd627a110735aaa3195227f5991db9d4dadd"
    },
    "addedDate" : 1696553888603,
    "metadata" : [ ]
  }, {
    "asset" : {
      "assetID" : "26e0eb04a0a8e9fc7dddd0c1fabdcb0a46926047"
    },
    "addedDate" : 1696553888506,
    "metadata" : [ ]
  }, {
    "asset" : {
      "assetID" : "2717080e04aa153631120f5a16692ce1feebe67f"
    },
    "addedDate" : 1696553888593,
    "metadata" : [ ]
  }, {
    "asset" : {
      "assetID" : "297c7989d5b8c144c10a4c3f53fefc44753abce3"
    },
    "addedDate" : 1696553888726,
    "metadata" : [ ]
  }, {
    "asset" : {
      "assetID" : "88ef0d8ec26cb47d31143b07bc74d1f580600410"
    },
    "addedDate" : 1696553888656,
    "metadata" : [ ]
  }, {
    "asset" : {
      "assetID" : "45399ac153a8debe797454ad1efe4cdb77af8199"
    },
    "addedDate" : 1696553888813,
    "metadata" : [ ]
  }, {
    "asset" : {
      "assetID" : "c09f89d28ed71e6f874e5e2193b2d67d8e2d53da"
    },
    "addedDate" : 1696553888540,
    "metadata" : [ ]
  }, {
    "asset" : {
      "assetID" : "37521ddce9cdd44e764065ca947984a032d76cb7"
    },
    "addedDate" : 1696553888563,
    "metadata" : [ ]
  }, {
    "asset" : {
      "assetID" : "41b14802e77e3af509835aa14f1eb54a27b9eb06"
    },
    "addedDate" : 1696553888583,
    "metadata" : [ ]
  }, {
    "asset" : {
      "assetID" : "b46e5bcbaedd131b1a3f2647ef1721108b35c30f"
    },
    "addedDate" : 1696553888560,
    "metadata" : [ ]
  }, {
    "asset" : {
      "assetID" : "cc1ed5eb420f25a1bf6338781592eb9b8bbdb437"
    },
    "addedDate" : 1696553888676,
    "metadata" : [ ]
  }, {
    "asset" : {
      "assetID" : "5bf6850468720495a7b35d5ca2e8747354f49f10"
    },
    "addedDate" : 1696553888706,
    "metadata" : [ ]
  }, {
    "asset" : {
      "assetID" : "5ec026c4efeaaa19a98e40f0f1b4c6069ae63517"
    },
    "addedDate" : 1696553888800,
    "metadata" : [ ]
  }, {
    "asset" : {
      "assetID" : "63ee0de38ed3430d92daeecaa5e200ed72dc26d9"
    },
    "addedDate" : 1696553888820,
    "metadata" : [ ]
  }, {
    "asset" : {
      "assetID" : "805f18d994114aee8b8925319ce0010b7d4b235d"
    },
    "addedDate" : 1696553888660,
    "metadata" : [ ]
  }, {
    "asset" : {
      "assetID" : "1dc0b8602087f0f95c062dd122dd45e080d25432"
    },
    "addedDate" : 1696553888523,
    "metadata" : [ ]
  }, {
    "asset" : {
      "assetID" : "8992d85669af96dd61ecf98e249a7da21bd7f7b0"
    },
    "addedDate" : 1696553888680,
    "metadata" : [ ]
  }, {
    "asset" : {
      "assetID" : "9aea1121d343c8f73b2f358a692b33cf9a2db559"
    },
    "addedDate" : 1696553888623,
    "metadata" : [ ]
  }, {
    "asset" : {
      "assetID" : "9fc6d53550ed3243fb8eca9ebceb284d4865e7db"
    },
    "addedDate" : 1696553888663,
    "metadata" : [ ]
  }, {
    "asset" : {
      "assetID" : "f44fa0d21e44659d9a141e0dccb552a057cdae58"
    },
    "addedDate" : 1696553888643,
    "metadata" : [ ]
  }, {
    "asset" : {
      "assetID" : "a39f94f26161c5ce5dac43b41bbdd896c055bd45"
    },
    "addedDate" : 1696553888700,
    "metadata" : [ ]
  }, {
    "asset" : {
      "assetID" : "ac1a0eb6d109a653e1d52ffa5b515c1d2f7b5832"
    },
    "addedDate" : 1696553888646,
    "metadata" : [ ]
  }, {
    "asset" : {
      "assetID" : "d08e861b3d488bc4327fd4183e1136e23bd441c7"
    },
    "addedDate" : 1696553888546,
    "metadata" : [ ]
  }, {
    "asset" : {
      "assetID" : "b8a175b549d4b45a0ac5ab6ad42a9a7ff3f415b0"
    },
    "addedDate" : 1696553888686,
    "metadata" : [ ]
  }, {
    "asset" : {
      "assetID" : "bad230b94fa4067c6c8079849f5f1a82a8d9f927"
    },
    "addedDate" : 1696553888696,
    "metadata" : [ ]
  }, {
    "asset" : {
      "assetID" : "c484fbc46cec529ca91229983577bef615e512e6"
    },
    "addedDate" : 1696553888520,
    "metadata" : [ ]
  }, {
    "asset" : {
      "assetID" : "c5d27d196f7b58ce3267af61a746073ec7e94ac2"
    },
    "addedDate" : 1696553888590,
    "metadata" : [ ]
  }, {
    "asset" : {
      "assetID" : "c855fc8126668721302a5eaa649340eaf2be1d4c"
    },
    "addedDate" : 1696553888610,
    "metadata" : [ ]
  }, {
    "asset" : {
      "assetID" : "cf8bfded996c669b5e0ff1533d6186eb5e68cf7a"
    },
    "addedDate" : 1696553888606,
    "metadata" : [ ]
  }, {
    "asset" : {
      "assetID" : "d3314069b0111c411c5e21948f4d2d331a98eb3d"
    },
    "addedDate" : 1696553888786,
    "metadata" : [ ]
  }, {
    "asset" : {
      "assetID" : "74d57cefebf31773df61b0b882067ee236de5279"
    },
    "addedDate" : 1696553888526,
    "metadata" : [ ]
  }, {
    "asset" : {
      "assetID" : "428e53e0058b61b4a56edc7a7e8026a246724860"
    },
    "addedDate" : 1696553888780,
    "metadata" : [ ]
  }, {
    "asset" : {
      "assetID" : "dc0be5a092a02498cf62ba4f2805aa1ff33d3859"
    },
    "addedDate" : 1696553888616,
    "metadata" : [ ]
  }, {
    "asset" : {
      "assetID" : "df8c28a226486483f0c41cc98efd4f4091af1394"
    },
    "addedDate" : 1696553888546,
    "metadata" : [ ]
  }, {
    "asset" : {
      "assetID" : "efc8b3641db69038094c6467ffcb3f7acb07d5b7"
    },
    "addedDate" : 1696553888796,
    "metadata" : [ ]
  }, {
    "asset" : {
      "assetID" : "fbd79639873ea6df9927ecc310a21fd4d3094e36"
    },
    "addedDate" : 1696553888626,
    "metadata" : [ ]
  }, {
    "asset" : {
      "assetID" : "fceeff831280ad8dd2ef425bcdac6d4fade5a7ae"
    },
    "addedDate" : 1696553888650,
    "metadata" : [ ]
  }, {
    "asset" : {
      "assetID" : "d33a3407f39612a343f6f1ac26c59e0c00db4296"
    },
    "addedDate" : 1696553888670,
    "metadata" : [ ]
  }, {
    "asset" : {
      "assetID" : "f025caf96202cb0efcceda4337db6a0e1a0c4f27"
    },
    "addedDate" : 1696553888510,
    "metadata" : [ ]
  }, {
    "asset" : {
      "assetID" : "2dd435e106a197f6688d86d96f2b171268e00f53"
    },
    "addedDate" : 1696553888723,
    "metadata" : [ ]
  }, {
    "asset" : {
      "assetID" : "f1af7ca8298c87f7f5a701a29e7559f9f358618f"
    },
    "addedDate" : 1696553888513,
    "metadata" : [ ]
  }, {
    "asset" : {
      "assetID" : "91e85c77c80c2183fc42fdf16b84bf75ad34f4c5"
    },
    "addedDate" : 1696553888680,
    "metadata" : [ ]
  }, {
    "asset" : {
      "assetID" : "b926c8980481a4a282479e8515e01df8e7d74d58"
    },
    "addedDate" : 1696553888660,
    "metadata" : [ ]
  }, {
    "asset" : {
      "assetID" : "1a533d9a3023d6579bf07948e26e0ee6a031c9d9"
    },
    "addedDate" : 1696553888666,
    "metadata" : [ ]
  }, {
    "asset" : {
      "assetID" : "8540649d4237393e9b6ae327ab4aac3992f62bd9"
    },
    "addedDate" : 1696553888673,
    "metadata" : [ ]
  }, {
    "asset" : {
      "assetID" : "f431fe56971da9b9003d8991c2091c88305253e6"
    },
    "addedDate" : 1696553888710,
    "metadata" : [ ]
  }, {
    "asset" : {
      "assetID" : "737ccc6c29c0694553b1ec748cdfb5522327d16c"
    },
    "addedDate" : 1696553888710,
    "metadata" : [ ]
  }, {
    "asset" : {
      "assetID" : "327d372c89e0e01fc2ea425649f8573023346fed"
    },
    "addedDate" : 1696553888690,
    "metadata" : [ ]
  }, {
    "asset" : {
      "assetID" : "7a66995069da049701afff92cdcd013e77a0bf0e"
    },
    "addedDate" : 1696553888766,
    "metadata" : [ ]
  }, {
    "asset" : {
      "assetID" : "543450762942ce590f1eb9e43e4b2547d13ee36b"
    },
    "addedDate" : 1696553888770,
    "metadata" : [ ]
  }, {
    "asset" : {
      "assetID" : "36e4c4f367cfab006feb507790c6d9e94c5d146c"
    },
    "addedDate" : 1696553888773,
    "metadata" : [ ]
  }, {
    "asset" : {
      "assetID" : "6ba3ebd40bb1c16a76c34b8f5d5e82e2090a023d"
    },
    "addedDate" : 1696553888780,
    "metadata" : [ ]
  }, {
    "asset" : {
      "assetID" : "bc0bdaab3941141359f6f34bccf041c1cc830085"
    },
    "addedDate" : 1696553888720,
    "metadata" : [ ]
  }, {
    "asset" : {
      "assetID" : "9d855458b4c4af5d7e78058800c860f509101e4f"
    },
    "addedDate" : 1696553888730,
    "metadata" : [ ]
  }, {
    "asset" : {
      "assetID" : "3b3493a0f627b344da04c31a87c3973eae0b5453"
    },
    "addedDate" : 1696553888753,
    "metadata" : [ ]
  }, {
    "asset" : {
      "assetID" : "e44b3c89b3485fa2f2c8aa09791d4334dfe23511"
    },
    "addedDate" : 1696553888803,
    "metadata" : [ ]
  }, {
    "asset" : {
      "assetID" : "c09eab29b0c718920fd2ecac2218b5c589211082"
    },
    "addedDate" : 1696553888813,
    "metadata" : [ ]
  }, {
    "asset" : {
      "assetID" : "40bfa124e10210065021b4f3580e27d40e592021"
    },
    "addedDate" : 1696553888820,
    "metadata" : [ ]
  }, {
    "asset" : {
      "assetID" : "d3c50ef2bc653474951cc3666aa6518671a3ab45"
    },
    "addedDate" : 1696553888793,
    "metadata" : [ ]
  }, {
    "asset" : {
      "assetID" : "fd6d75177441ba184c29b4aa8b4bba50b214c052"
    },
    "addedDate" : 1696553888760,
    "metadata" : [ ]
  }, {
    "asset" : {
      "assetID" : "5dbebad7cd20cfc90592b6acb8c5864db3a98ade"
    },
    "addedDate" : 1696553888763,
    "metadata" : [ ]
  }, {
    "asset" : {
      "assetID" : "572178871ee23c9cf26a43733ff3749c6d8c5d27"
    },
    "addedDate" : 1696553888763,
    "metadata" : [ ]
  }, {
    "asset" : {
      "assetID" : "d709367e4fd0fdb422b80130d127f341947f6dfa"
    },
    "addedDate" : 1696553888770,
    "metadata" : [ ]
  }, {
    "asset" : {
      "assetID" : "f534f074cc36343cc0e77c8aae0849729514bebf"
    },
    "addedDate" : 1696553888776,
    "metadata" : [ ]
  }, {
    "asset" : {
      "assetID" : "10ce6272302d3d7705fddceae21cf92846022eb6"
    },
    "addedDate" : 1696553888783,
    "metadata" : [ ]
  }, {
    "asset" : {
      "assetID" : "167b081b94fddc43d81200a03a9d5fc26c38a770"
    },
    "addedDate" : 1696553888726,
    "metadata" : [ ]
  }, {
    "asset" : {
      "assetID" : "f5add01178f02edd063ed997171f3d4a58aa1899"
    },
    "addedDate" : 1696553888733,
    "metadata" : [ ]
  }, {
    "asset" : {
      "assetID" : "25afe588cadc51e633900ac873853464ef28fa95"
    },
    "addedDate" : 1696553888743,
    "metadata" : [ ]
  }, {
    "asset" : {
      "assetID" : "008400fa79cbec444ae4a294724757f34d97e4a2"
    },
    "addedDate" : 1696553888746,
    "metadata" : [ ]
  }, {
    "asset" : {
      "assetID" : "b28597796300dda1724e1844db40d74790020bf0"
    },
    "addedDate" : 1696553888750,
    "metadata" : [ ]
  }, {
    "asset" : {
      "assetID" : "c923571406cf2a7298f6dc2c29470444a352bae8"
    },
    "addedDate" : 1696553888806,
    "metadata" : [ ]
  }, {
    "asset" : {
      "assetID" : "c242078ac8317d9f5b9effc15e3ef032c18ed061"
    },
    "addedDate" : 1696553888810,
    "metadata" : [ ]
  }, {
    "asset" : {
      "assetID" : "1fc5caf020e033e989a3177d30ae1e3ef00d99f2"
    },
    "addedDate" : 1696553888816,
    "metadata" : [ ]
  }, {
    "asset" : {
      "assetID" : "61b20596478021fff20309c8f3772b6a3fc9a0e5"
    },
    "addedDate" : 1696553888516,
    "metadata" : [ ]
  }, {
    "asset" : {
      "assetID" : "9b1836f5622b5eba399984b40d3f3ccb4e16153b"
    },
    "addedDate" : 1696553888566,
    "metadata" : [ ]
  }, {
    "asset" : {
      "assetID" : "87401745d00892cbb1946404bbd94b1429eff415"
    },
    "addedDate" : 1696553888570,
    "metadata" : [ ]
  }, {
    "asset" : {
      "assetID" : "2a834bc01de0a14834b2fe1827b74d9bc20a74ca"
    },
    "addedDate" : 1696553888570,
    "metadata" : [ ]
  }, {
    "asset" : {
      "assetID" : "210c8ece8b6e5ba8e54554952023d9c80ed03144"
    },
    "addedDate" : 1696553888580,
    "metadata" : [ ]
  }, {
    "asset" : {
      "assetID" : "bf22f02099128746663d6860dfa1309a8709d08c"
    },
    "addedDate" : 1696553888586,
    "metadata" : [ ]
  }, {
    "asset" : {
      "assetID" : "1960ac6c8302db9b125f90b0b6f37e6b376455e9"
    },
    "addedDate" : 1696553888596,
    "metadata" : [ ]
  }, {
    "asset" : {
      "assetID" : "c5cc2a1d92a020ae4358dfeedb3085d924954f66"
    },
    "addedDate" : 1696553888543,
    "metadata" : [ ]
  }, {
    "asset" : {
      "assetID" : "22f66553cbb2b3dd4ad2b4406a88c22fd2442066"
    },
    "addedDate" : 1696553888553,
    "metadata" : [ ]
  }, {
    "asset" : {
      "assetID" : "a240f8560afb7e6cc22ac7060ced18a371908af8"
    },
    "addedDate" : 1696553888560,
    "metadata" : [ ]
  }, {
    "asset" : {
      "assetID" : "2aeec88e7081042272f9d24edbff2502e93caf62"
    },
    "addedDate" : 1696553888563,
    "metadata" : [ ]
  }, {
    "asset" : {
      "assetID" : "1a2b3f38922ebe5a9f01dba74003bb9a0e378b44"
    },
    "addedDate" : 1696553888620,
    "metadata" : [ ]
  }, {
    "asset" : {
      "assetID" : "0e87d1c971617476db90316703d286ca544a81f0"
    },
    "addedDate" : 1696553888600,
    "metadata" : [ ]
  }, {
    "asset" : {
      "assetID" : "528057ed061346d859957d68d0c43079bc738045"
    },
    "addedDate" : 1696553888646,
    "metadata" : [ ]
  }, {
    "asset" : {
      "assetID" : "581374a61f8732d11ebff1496246465905078e11"
    },
    "addedDate" : 1696553888650,
    "metadata" : [ ]
  }, {
    "asset" : {
      "assetID" : "6418c4a4c76803fe7b565b145c79d0e42f5c3aec"
    },
    "addedDate" : 1696553888630,
    "metadata" : [ ]
  }, {
    "asset" : {
      "assetID" : "8c9a8135ae6962307b0150233443cb45b40673f4"
    },
    "addedDate" : 1696553888633,
    "metadata" : [ ]
  }, {
    "asset" : {
      "assetID" : "92c33bcbf9cf85483e008d6871f8ced5f6d7b661"
    },
    "addedDate" : 1696553888676,
    "metadata" : [ ]
  }, {
    "asset" : {
      "assetID" : "4e35ef2858432da81d11185b5e6dece42f7b1105"
    },
    "addedDate" : 1696553888683,
    "metadata" : [ ]
  }, {
    "asset" : {
      "assetID" : "e08c5f68d919c3673ee7777429291c372b906e2f"
    },
    "addedDate" : 1696553888656,
    "metadata" : [ ]
  }, {
    "asset" : {
      "assetID" : "ca25b2b8e9bff82de3a7546cc6c76727120588d7"
    },
    "addedDate" : 1696553888670,
    "metadata" : [ ]
  }, {
    "asset" : {
      "assetID" : "99150987eb47932123245903c24098943111a417"
    },
    "addedDate" : 1696553888700,
    "metadata" : [ ]
  }, {
    "asset" : {
      "assetID" : "4dfe3445d97a1c43634c0600ae017e3475057ff7"
    },
    "addedDate" : 1696553888683,
    "metadata" : [ ]
  }, {
    "asset" : {
      "assetID" : "249d5717cea3f67ba627819a9616a53f591fc9d7"
    },
    "addedDate" : 1696553888690,
    "metadata" : [ ]
  }, {
    "asset" : {
      "assetID" : "3438dd947a2950830216e997404f8e3464c7b58f"
    },
    "addedDate" : 1696553888693,
    "metadata" : [ ]
  }, {
    "asset" : {
      "assetID" : "abf91be528428e28fa277f642b3abd192a0ddc6e"
    },
    "addedDate" : 1696553888696,
    "metadata" : [ ]
  }, {
    "asset" : {
      "assetID" : "3675dfb847f74faae7c1ee8c1a73cf83532811ab"
    },
    "addedDate" : 1696553888756,
    "metadata" : [ ]
  }, {
    "asset" : {
      "assetID" : "8ba6fafeca107ed760a446ef8963dac2cae9045b"
    },
    "addedDate" : 1696553888760,
    "metadata" : [ ]
  }, {
    "asset" : {
      "assetID" : "126c1c53fabb1dc9f5fb4208197705937701d752"
    },
    "addedDate" : 1696553888743,
    "metadata" : [ ]
  }, {
    "asset" : {
      "assetID" : "97b5478acf438f4cd6320fd9b4b17051ea281990"
    },
    "addedDate" : 1696553888753,
    "metadata" : [ ]
  }, {
    "asset" : {
      "assetID" : "3f9dd22ecc9291dd057e315c25f433db3bc454d2"
    },
    "addedDate" : 1696553888803,
    "metadata" : [ ]
  }, {
    "asset" : {
      "assetID" : "d8c07cd3032b589fba11a8a8ab2bc160949ee735"
    },
    "addedDate" : 1696553888816,
    "metadata" : [ ]
  }, {
    "asset" : {
      "assetID" : "48446444a7b8d2d2aebe3e3cfc2706d7b026a464"
    },
    "addedDate" : 1696553888783,
    "metadata" : [ ]
  }, {
    "asset" : {
      "assetID" : "19f60186ebc927484e22202c70f5f56770edf474"
    },
    "addedDate" : 1696553888790,
    "metadata" : [ ]
  }, {
    "asset" : {
      "assetID" : "4ce7ba3b22bd0abef0e4ae25030920b398425cbd"
    },
    "addedDate" : 1696553888750,
    "metadata" : [ ]
  }, {
    "asset" : {
      "assetID" : "675a15db019ee07ee8cef82de80b2c1d5fd3f862"
    },
    "addedDate" : 1696553888793,
    "metadata" : [ ]
  }, {
    "asset" : {
      "assetID" : "717861576ed08d4de6b1c3d0bd4b8de8fb48a542"
    },
    "addedDate" : 1696553888553,
    "metadata" : [ ]
  }, {
    "asset" : {
      "assetID" : "10176c2193f3bfbf9a00adf17c35343c9e77e887"
    },
    "addedDate" : 1696553888606,
    "metadata" : [ ]
  }, {
    "asset" : {
      "assetID" : "78777afb12e4e91fad5ce92867a13fc52ceb7cf8"
    },
    "addedDate" : 1696553888636,
    "metadata" : [ ]
  }, {
    "asset" : {
      "assetID" : "6cf5534366ee359cb42d7e6eb0daede56939fca8"
    },
    "addedDate" : 1696553888660,
    "metadata" : [ ]
  }, {
    "asset" : {
      "assetID" : "5593e96f9dfee7623632ffa05af7807ef7d84c1b"
    },
    "addedDate" : 1696553888620,
    "metadata" : [ ]
  }, {
    "asset" : {
      "assetID" : "00eada1bd8dddbc4d59af65f66865734c76a69e3"
    },
    "addedDate" : 1696553888653,
    "metadata" : [ ]
  }, {
    "asset" : {
      "assetID" : "343ce8def08b60587ce3d24aa36522110586f8e5"
    },
    "addedDate" : 1696553888623,
    "metadata" : [ ]
  }, {
    "asset" : {
      "assetID" : "32ee7c27ae82d11691a7d95ad36c350935bfdacf"
    },
    "addedDate" : 1696553888633,
    "metadata" : [ ]
  }, {
    "asset" : {
      "assetID" : "7118453153811f24bf0da76aba8c7c8dd87d139e"
    },
    "addedDate" : 1696553888673,
    "metadata" : [ ]
  }, {
    "asset" : {
      "assetID" : "13d8673c0571e8cb5aad3b2101abfbcbb8067a2b"
    },
    "addedDate" : 1696553888586,
    "metadata" : [ ]
  }, {
    "asset" : {
      "assetID" : "c85632672919c0424997855308294168fc7a226f"
    },
    "addedDate" : 1696553888593,
    "metadata" : [ ]
  }, {
    "asset" : {
      "assetID" : "35fd231831506d3e7ae534b1a2017fd387980433"
    },
    "addedDate" : 1696553888693,
    "metadata" : [ ]
  }, {
    "asset" : {
      "assetID" : "e40917022f073fee847f707bdd922d4a91cce778"
    },
    "addedDate" : 1696553888766,
    "metadata" : [ ]
  }, {
    "asset" : {
      "assetID" : "7363ce783cd84562007af4653bd691e69375e464"
    },
    "addedDate" : 1696553888526,
    "metadata" : [ ]
  }, {
    "asset" : {
      "assetID" : "2b324ee7a730547ecd232c096d4af401293e33be"
    },
    "addedDate" : 1696553888530,
    "metadata" : [ ]
  }, {
    "asset" : {
      "assetID" : "fa0c80f38e63d292488221a87926420df3e2ec83"
    },
    "addedDate" : 1696553888530,
    "metadata" : [ ]
  }, {
    "asset" : {
      "assetID" : "bbb8f94c62bde81e2f21e85937f86627d7fdc43a"
    },
    "addedDate" : 1696553888516,
    "metadata" : [ ]
  }, {
    "asset" : {
      "assetID" : "0e178963c9edc078d7e87c4b9fc55d819415059c"
    },
    "addedDate" : 1696553888556,
    "metadata" : [ ]
  }, {
    "asset" : {
      "assetID" : "396dd44dcb8c55b10150bae7f3916389465acc0d"
    },
    "addedDate" : 1696553888740,
    "metadata" : [ ]
  }, {
    "asset" : {
      "assetID" : "7966d14e4b63698bddfbfbf57b6ed9dc1649fb5d"
    },
    "addedDate" : 1696553888750,
    "metadata" : [ ]
  }, {
    "asset" : {
      "assetID" : "ed1ed51c7d1b0dfa3fec7decafbc373297df3cd3"
    },
    "addedDate" : 1696553888800,
    "metadata" : [ ]
  }, {
    "asset" : {
      "assetID" : "15f15e9574f6bed3b99b7bd7220eaa29ad1c8dab"
    },
    "addedDate" : 1696553888806,
    "metadata" : [ ]
  }, {
    "asset" : {
      "assetID" : "94c4205c68ebf5c9680eea174c808221daed27ae"
    },
    "addedDate" : 1696553888540,
    "metadata" : [ ]
  }, {
    "asset" : {
      "assetID" : "0a5ff56bebe2492e8c1e7ca797d461fff8fdac1a"
    },
    "addedDate" : 1696553888520,
    "metadata" : [ ]
  }, {
    "asset" : {
      "assetID" : "e8b5e8acfbb15ac4c69db04d50894fe72861b6b8"
    },
    "addedDate" : 1696553888576,
    "metadata" : [ ]
  }, {
    "asset" : {
      "assetID" : "a68695910157ca975763cf0a7b321d5462b1d1d9"
    },
    "addedDate" : 1696553888703,
    "metadata" : [ ]
  }, {
    "asset" : {
      "assetID" : "15e3f7bd07d84cbff0cb7440cc9b32253706fc39"
    },
    "addedDate" : 1696553888710,
    "metadata" : [ ]
  }, {
    "asset" : {
      "assetID" : "7cce892f6367f5797c66b771149bdfb186fa9b2d"
    },
    "addedDate" : 1696553888543,
    "metadata" : [ ]
  }, {
    "asset" : {
      "assetID" : "2bcf6455a4fdbf49974dc89afb46d8ef057a25a4"
    },
    "addedDate" : 1696553888613,
    "metadata" : [ ]
  }, {
    "asset" : {
      "assetID" : "c78f22d629481082f694883b0dfa83dec3e9ccb6"
    },
    "addedDate" : 1696553888793,
    "metadata" : [ ]
  }, {
    "asset" : {
      "assetID" : "08d5a9e90a0c8347a61d17335775c5e118b33a9a"
    },
    "addedDate" : 1696553888533,
    "metadata" : [ ]
  }, {
    "asset" : {
      "assetID" : "165dc66321dfd7b3f59570883647b3a9476e69a7"
    },
    "addedDate" : 1696553888536,
    "metadata" : [ ]
  }, {
    "asset" : {
      "assetID" : "ff8c7df0c3ca5323549b8f87790ec42c0ce18662"
    },
    "addedDate" : 1696553888510,
    "metadata" : [ ]
  }, {
    "asset" : {
      "assetID" : "ad9cc8cae1de942b70eba26bfc65ccc35ea576e1"
    },
    "addedDate" : 1696553888696,
    "metadata" : [ ]
  }, {
    "asset" : {
      "assetID" : "fe90ecb3fc8a72241e1906b4bed1296650b0a0e7"
    },
    "addedDate" : 1696553888776,
    "metadata" : [ ]
  }, {
    "asset" : {
      "assetID" : "a62091a0385314d0c3daee9f106583b1ad10d505"
    },
    "addedDate" : 1696553888730,
    "metadata" : [ ]
  }, {
    "asset" : {
      "assetID" : "ad136e9292c808a43e65262d436d94291dad09c8"
    },
    "addedDate" : 1696553888533,
    "metadata" : [ ]
  }, {
    "asset" : {
      "assetID" : "ea817531789318cff9d81198cdc39923708b7b79"
    },
    "addedDate" : 1696553888613,
    "metadata" : [ ]
  }, {
    "asset" : {
      "assetID" : "da7965e5c992e2b4d7e09a59d686b293abcc52af"
    },
    "addedDate" : 1696553888596,
    "metadata" : [ ]
  }, {
    "asset" : {
      "assetID" : "d987d547ea75e1556e719efd8cf1a3067cfc40c4"
    },
    "addedDate" : 1696553888823,
    "metadata" : [ ]
  }, {
    "asset" : {
      "assetID" : "0b6461093b5abb78869c2fc094f0dcd6b492fce2"
    },
    "addedDate" : 1696553888583,
    "metadata" : [ ]
  }, {
    "asset" : {
      "assetID" : "24bcad982986901547e0de80260376fa2c8401be"
    },
    "addedDate" : 1696553888690,
    "metadata" : [ ]
  }, {
    "asset" : {
      "assetID" : "d263e088c07f2ace211618e088e63b1388da90a1"
    },
    "addedDate" : 1696553888573,
    "metadata" : [ ]
  }, {
    "asset" : {
      "assetID" : "9591632feb8a8e4221de920d9bf78b23b950a5e0"
    },
    "addedDate" : 1696553888600,
    "metadata" : [ ]
  }, {
    "asset" : {
      "assetID" : "825014ad7522e9baeadfafbee6ac86a4aecad6e0"
    },
    "addedDate" : 1696553888610,
    "metadata" : [ ]
  }, {
    "asset" : {
      "assetID" : "360e1e0d39b054ef0a6aad0d21a5a03410c0f077"
    },
    "addedDate" : 1696553888786,
    "metadata" : [ ]
  }, {
    "asset" : {
      "assetID" : "446d571c8e7f49db44b215f4450a412b8b32cce8"
    },
    "addedDate" : 1696553888640,
    "metadata" : [ ]
  }, {
    "asset" : {
      "assetID" : "57b0f5d9140e832e9db311ff0bb4096c8ecdaeb0"
    },
    "addedDate" : 1696553888540,
    "metadata" : [ ]
  } ],
  "fileName" : "5bef76a1dab24c9eae6405d32fe0817d.json",
  "name" : "Temples-Gospel Art Book",
  "publicTitle" : "Templer – Bogen Evangelisk kunst"
}