{
  "parentCollectionID" : "b162c02d0a8041eaad40be70e07acc719c07a4d8",
  "parentCollectionPath" : "Mobile Media Library/Ukrainian - Video/Teaching and Lessons/Come, Follow Me/Come, Follow Me: New Testament Learning and Teaching Resources",
  "collectionType" : "collections",
  "path" : "Mobile Media Library/Ukrainian - Video/Teaching and Lessons/Come, Follow Me/Come, Follow Me: New Testament Learning and Teaching Resources/Dec. 23-29: Revelation 12-22",
  "collectionID" : "5c6d08814c744a77aaf36648d3f4954a4b28968e",
  "language" : "ukr",
  "type" : "DEFAULT",
  "lastUpdatedDate" : "2022-04-18T01:12:35.553-06:00",
  "links" : [ {
    "rel" : "details",
    "href" : "https://titanapi.churchofjesuschrist.org/assetsearch/api/v2/collection/details/collectionID/5c6d08814c744a77aaf36648d3f4954a4b28968e"
  } ],
  "coverImages" : [ {
    "asset" : {
      "assetID" : "3aaf588a953e3ce42a76fd676d4863334ef70aba"
    }
  } ],
  "related" : [ ],
  "metadata" : [ {
    "key" : "collectionUri",
    "value" : "Dec-23-29-Revelation-12-22",
    "language" : "ukr"
  }, {
    "key" : "orderIndex",
    "value" : "50"
  } ],
  "children" : [ ],
  "assets" : [ ],
  "fileName" : "5c6d08814c744a77aaf36648d3f4954a4b28968e.json",
  "name" : "Dec. 23-29: Revelation 12-22"
}