{
  "parentCollectionID" : "16e444cf6d5a447a803eecf80d7887b4",
  "parentCollectionPath" : "Mobile Media Library/German - Featured",
  "collectionType" : "assets",
  "path" : "Mobile Media Library/German - Featured/Just Added",
  "collectionID" : "5d9ad6393b694fd1be6625b0ac5af065",
  "language" : "deu",
  "type" : "DEFAULT",
  "lastUpdatedDate" : "2025-01-04T10:23:50.593-07:00",
  "links" : [ {
    "rel" : "details",
    "href" : "https://titanapi.churchofjesuschrist.org/assetsearch/api/v2/collection/details/collectionID/5d9ad6393b694fd1be6625b0ac5af065"
  } ],
  "coverImages" : [ {
    "asset" : {
      "assetID" : "c2a7ef3863338dcedf7652d57583e83aa05c82a5"
    }
  } ],
  "related" : [ ],
  "metadata" : [ {
    "key" : "orderIndex",
    "value" : "1"
  }, {
    "key" : "channel",
    "value" : "mobile",
    "language" : "deu"
  }, {
    "key" : "collectionUri",
    "value" : "just-added",
    "language" : "deu"
  }, {
    "key" : "publicTitle",
    "value" : "Neu hinzugefügt",
    "language" : "deu"
  } ],
  "children" : [ ],
  "assets" : [ {
    "asset" : {
      "assetID" : "79ac8b13dd4b11eda060eeeeac1eee184e52f508"
    },
    "index" : 2,
    "addedDate" : 1699890824960,
    "metadata" : [ ]
  }, {
    "asset" : {
      "assetID" : "d61a813b865411ee81f3eeeeac1eec71fb4f99b1"
    },
    "index" : 1,
    "addedDate" : 1701452763720,
    "metadata" : [ ]
  }, {
    "asset" : {
      "assetID" : "aa112d12925211ee9686eeeeac1ef65f7e94b648"
    },
    "index" : 3,
    "addedDate" : 1701898606799,
    "metadata" : [ ]
  }, {
    "asset" : {
      "assetID" : "ylahbbtpmjapmv2dhx1uhanc0nujkzzx6odyzx0a"
    },
    "index" : 0,
    "addedDate" : 1736011405406,
    "metadata" : [ ]
  } ],
  "fileName" : "5d9ad6393b694fd1be6625b0ac5af065.json",
  "name" : "Just Added",
  "publicTitle" : "Neu hinzugefügt"
}