{
  "parentCollectionID" : "5217efdbc2284bfea0b8de42b641c200f8f37903",
  "parentCollectionPath" : "Mobile Media Library/Tongan - Video/Youth",
  "collectionType" : "assets",
  "path" : "Mobile Media Library/Tongan - Video/Youth/Youth Themes",
  "collectionID" : "5e82e51431d648f097aa92d988092a3660ebad32",
  "language" : "ton",
  "type" : "DEFAULT",
  "lastUpdatedDate" : "2022-10-28T16:22:12.401-06:00",
  "links" : [ {
    "rel" : "details",
    "href" : "https://titanapi.churchofjesuschrist.org/assetsearch/api/v2/collection/details/collectionID/5e82e51431d648f097aa92d988092a3660ebad32"
  } ],
  "coverImages" : [ {
    "asset" : {
      "assetID" : "70487f5f30fcfae67af7f7d89d893d09a39fa1a3"
    }
  } ],
  "related" : [ ],
  "metadata" : [ {
    "key" : "orderIndex",
    "value" : "1"
  }, {
    "key" : "collectionUri",
    "value" : "annual-mutual-theme",
    "language" : "ton"
  }, {
    "key" : "publicTitle",
    "value" : "Kaveinga ʻa e Toʻu tupú",
    "language" : "ton"
  } ],
  "children" : [ ],
  "assets" : [ {
    "asset" : {
      "assetID" : "d3c2eb9b2b5678ca79533048fbcc603f5ac3179f"
    },
    "index" : 46,
    "addedDate" : 1650265216903,
    "metadata" : [ ]
  }, {
    "asset" : {
      "assetID" : "01B8F84AA270C1713E4B38EB259CCF6121755E3D"
    },
    "index" : 59,
    "addedDate" : 1650265216903,
    "metadata" : [ ]
  }, {
    "asset" : {
      "assetID" : "6daa27538d8ab314f4173f61df35b98dadef8176"
    },
    "index" : 47,
    "addedDate" : 1650265216903,
    "metadata" : [ ]
  }, {
    "asset" : {
      "assetID" : "5d870a24dc57fdb4b24d850e627516e47bc0a3b6"
    },
    "index" : 38,
    "addedDate" : 1650265216903,
    "metadata" : [ ]
  }, {
    "asset" : {
      "assetID" : "32c7e30c51165c964ff009d84161c15eeb6aeede"
    },
    "index" : 37,
    "addedDate" : 1650265216903,
    "metadata" : [ ]
  }, {
    "asset" : {
      "assetID" : "f5aab29968e059db84daff758d78d9106edbb88a"
    },
    "index" : 48,
    "addedDate" : 1650265216903,
    "metadata" : [ ]
  }, {
    "asset" : {
      "assetID" : "7fb7e3c4527d6cc8e27c21c9d080e26447369223"
    },
    "index" : 41,
    "addedDate" : 1650265216903,
    "metadata" : [ ]
  }, {
    "asset" : {
      "assetID" : "36eefa37ea69858ba23db73f03b88e98d1b56214"
    },
    "index" : 40,
    "addedDate" : 1650265216903,
    "metadata" : [ ]
  }, {
    "asset" : {
      "assetID" : "3e55f35bd05896a411d534f9f575f40b46444e0a"
    },
    "index" : 39,
    "addedDate" : 1650265216903,
    "metadata" : [ ]
  }, {
    "asset" : {
      "assetID" : "65988c40bd29bb9c800bbac2763fd962939b3794"
    },
    "index" : 45,
    "addedDate" : 1650265216903,
    "metadata" : [ ]
  }, {
    "asset" : {
      "assetID" : "b956114a62c62acf7ac53c03596b226f1e582b3a"
    },
    "index" : 44,
    "addedDate" : 1650265216903,
    "metadata" : [ ]
  }, {
    "asset" : {
      "assetID" : "7cd19fffba349b4c37adb21df87807c8d93264b7"
    },
    "index" : 42,
    "addedDate" : 1650265216903,
    "metadata" : [ ]
  }, {
    "asset" : {
      "assetID" : "f32d178a7aa6ba085494bd417fd5a077f0092a43"
    },
    "index" : 30,
    "addedDate" : 1650265216903,
    "metadata" : [ ]
  }, {
    "asset" : {
      "assetID" : "7c4c5f8b7ec71f47c4e05a4187f732a0404092a5"
    },
    "index" : 55,
    "addedDate" : 1650265216903,
    "metadata" : [ ]
  }, {
    "asset" : {
      "assetID" : "16f070ff1aaefc983f4aabd4464359c3396dd0db"
    },
    "index" : 4,
    "addedDate" : 1650265216903,
    "metadata" : [ ]
  }, {
    "asset" : {
      "assetID" : "b9f95ebf2e9d7fe2f46bd0fb631294dea41b2ea9"
    },
    "index" : 0,
    "addedDate" : 1650265216903,
    "metadata" : [ ]
  }, {
    "asset" : {
      "assetID" : "c12797a6cba6b5785152657f7966577ec0220d90"
    },
    "index" : 49,
    "addedDate" : 1650265216903,
    "metadata" : [ ]
  }, {
    "asset" : {
      "assetID" : "16e52dcafa3ce64f59e27d864b014eb82e55cb1a"
    },
    "index" : 50,
    "addedDate" : 1650265216903,
    "metadata" : [ ]
  }, {
    "asset" : {
      "assetID" : "bedf04b34055ad6f0c3d9fda7caa875f6769f8bf"
    },
    "index" : 51,
    "addedDate" : 1650265216903,
    "metadata" : [ ]
  }, {
    "asset" : {
      "assetID" : "c4714764a42cf1835b11971a0ef7caa43bff08ab"
    },
    "index" : 52,
    "addedDate" : 1650265216903,
    "metadata" : [ ]
  }, {
    "asset" : {
      "assetID" : "254ebaa084c8ff42f1b99d1d850e46494a4ebe41"
    },
    "index" : 58,
    "addedDate" : 1650265216903,
    "metadata" : [ ]
  }, {
    "asset" : {
      "assetID" : "4ced66958afd1bd4162ef0bc989744f65cfd754b"
    },
    "index" : 60,
    "addedDate" : 1650265216903,
    "metadata" : [ ]
  } ],
  "fileName" : "5e82e51431d648f097aa92d988092a3660ebad32.json",
  "name" : "Youth Themes",
  "publicTitle" : "Kaveinga ʻa e Toʻu tupú"
}