{
  "parentCollectionID" : "035b99a520cb43b895700f5cbe96a3d5",
  "parentCollectionPath" : "Mobile Media Library/Ukrainian - Featured",
  "collectionType" : "collections",
  "path" : "Mobile Media Library/Ukrainian - Featured/Just Added",
  "collectionID" : "6011149b9d1e4be5a814a36abaa1f84c",
  "language" : "ukr",
  "type" : "DEFAULT",
  "lastUpdatedDate" : "2023-06-24T17:23:48.576-06:00",
  "links" : [ {
    "rel" : "details",
    "href" : "https://titanapi.churchofjesuschrist.org/assetsearch/api/v2/collection/details/collectionID/6011149b9d1e4be5a814a36abaa1f84c"
  } ],
  "coverImages" : [ {
    "asset" : {
      "assetID" : "c2a7ef3863338dcedf7652d57583e83aa05c82a5"
    }
  } ],
  "related" : [ ],
  "metadata" : [ {
    "key" : "description",
    "value" : "Public Title: Щойно додане",
    "language" : "ukr"
  }, {
    "key" : "collectionUri",
    "value" : "just-added",
    "language" : "ukr"
  }, {
    "key" : "orderIndex",
    "value" : "2"
  } ],
  "children" : [ ],
  "assets" : [ ],
  "fileName" : "6011149b9d1e4be5a814a36abaa1f84c.json",
  "name" : "Just Added",
  "description" : "Public Title: Щойно додане"
}