{
  "parentCollectionID" : "10765162a2bd4fe1bc1b304cf6496d81",
  "parentCollectionPath" : "Mobile Media Library/Japanese - Images/Everyday People/Portraits of Faith",
  "collectionType" : "assets",
  "path" : "Mobile Media Library/Japanese - Images/Everyday People/Portraits of Faith/Victor Barbinyagra",
  "collectionID" : "60196a6023f0407abffa52bd8b364f28",
  "language" : "jpn",
  "type" : "DEFAULT",
  "lastUpdatedDate" : "2023-09-12T14:52:11.104-06:00",
  "links" : [ {
    "rel" : "details",
    "href" : "https://titanapi.churchofjesuschrist.org/assetsearch/api/v2/collection/details/collectionID/60196a6023f0407abffa52bd8b364f28"
  } ],
  "coverImages" : [ {
    "asset" : {
      "assetID" : "d4ae392ff0044963b6bbcae0cd8a5785a9c01810"
    }
  } ],
  "related" : [ ],
  "metadata" : [ {
    "key" : "collectionUri",
    "value" : "victor-barbinyagra-images",
    "language" : "jpn"
  }, {
    "key" : "publicTitle",
    "value" : "ビクトル・バルビンヤグラ",
    "language" : "jpn"
  }, {
    "key" : "orderIndex",
    "value" : "27"
  } ],
  "children" : [ ],
  "assets" : [ {
    "asset" : {
      "assetID" : "0e41ff31443795c01f16fad9d6181ec321905e09"
    },
    "addedDate" : 1694552343603,
    "metadata" : [ ]
  }, {
    "asset" : {
      "assetID" : "d4ae392ff0044963b6bbcae0cd8a5785a9c01810"
    },
    "addedDate" : 1694552343606,
    "metadata" : [ ]
  }, {
    "asset" : {
      "assetID" : "53ed441d67d54fb0f5a4a22ce84d9aee70464dc5"
    },
    "addedDate" : 1694552343610,
    "metadata" : [ ]
  }, {
    "asset" : {
      "assetID" : "142151ee083f85ac20e4c948dfc4b1a3c0083746"
    },
    "addedDate" : 1694552343610,
    "metadata" : [ ]
  }, {
    "asset" : {
      "assetID" : "e4733aa5cab0cdab96d00f11856b80eba723f043"
    },
    "addedDate" : 1694552343610,
    "metadata" : [ ]
  } ],
  "fileName" : "60196a6023f0407abffa52bd8b364f28.json",
  "name" : "Victor Barbinyagra",
  "publicTitle" : "ビクトル・バルビンヤグラ"
}