{
  "parentCollectionID" : "315c68b228b34e85ab03ebc1e2f9ac5a",
  "parentCollectionPath" : "Mobile Media Library/French - Video/Teaching and Lessons/Come, Follow Me/2024 Book of Mormon Media Resources",
  "collectionType" : "assets",
  "path" : "Mobile Media Library/French - Video/Teaching and Lessons/Come, Follow Me/2024 Book of Mormon Media Resources/March",
  "collectionID" : "601e0fc7ddeb4ea280c28dceb2a38f0c",
  "language" : "fra",
  "type" : "DEFAULT",
  "lastUpdatedDate" : "2023-11-08T17:48:14.463-07:00",
  "links" : [ {
    "rel" : "details",
    "href" : "https://titanapi.churchofjesuschrist.org/assetsearch/api/v2/collection/details/collectionID/601e0fc7ddeb4ea280c28dceb2a38f0c"
  } ],
  "coverImages" : [ {
    "asset" : {
      "assetID" : "cf48e90cdcbad56632ab67a8b6cf373a2620da95"
    }
  } ],
  "related" : [ ],
  "metadata" : [ {
    "key" : "collectionUri",
    "value" : "2024-book-of-mormon-media-resources-march",
    "language" : "fra"
  }, {
    "key" : "publicTitle",
    "value" : "Mars",
    "language" : "fra"
  }, {
    "key" : "orderIndex",
    "value" : "3"
  } ],
  "children" : [ ],
  "assets" : [ {
    "asset" : {
      "assetID" : "2e27b6d9671d08eaabd7ca29141215cb2faa0624"
    },
    "index" : 1,
    "addedDate" : 1707862889391,
    "metadata" : [ ]
  }, {
    "asset" : {
      "assetID" : "4f3817a9e7976bf07eb6c6425e48d68ca700ef93"
    },
    "index" : 2,
    "addedDate" : 1707862897257,
    "metadata" : [ ]
  }, {
    "asset" : {
      "assetID" : "1a84fd28c2a3c0e86dae822820a2e8a392d2d6f5"
    },
    "index" : 4,
    "addedDate" : 1707862910686,
    "metadata" : [ ]
  }, {
    "asset" : {
      "assetID" : "026894B4B4F25DC261D227A80A00972C4B38648A"
    },
    "index" : 0,
    "addedDate" : 1707862883112,
    "metadata" : [ ]
  }, {
    "asset" : {
      "assetID" : "F0647B3CDE3B57D704FECD877D69222CCEA6DE78"
    },
    "index" : 5,
    "addedDate" : 1707862920227,
    "metadata" : [ ]
  }, {
    "asset" : {
      "assetID" : "4F3A7B6ADE747AF1AE2139432D8847BAC3BA92D2"
    },
    "index" : 3,
    "addedDate" : 1707862904108,
    "metadata" : [ ]
  } ],
  "fileName" : "601e0fc7ddeb4ea280c28dceb2a38f0c.json",
  "name" : "March",
  "publicTitle" : "Mars"
}