{
  "parentCollectionID" : "8a2cf84cb4d549b2922fda8737f9c3f2",
  "parentCollectionPath" : "Mobile Media Library/Portuguese - Video/Children",
  "collectionType" : "assets",
  "path" : "Mobile Media Library/Portuguese - Video/Children/Come Draw with Me",
  "collectionID" : "60b102a9bee741009be49967d9b1affb",
  "language" : "por",
  "type" : "DEFAULT",
  "lastUpdatedDate" : "2024-07-31T12:49:16.078-06:00",
  "links" : [ {
    "rel" : "details",
    "href" : "https://titanapi.churchofjesuschrist.org/assetsearch/api/v2/collection/details/collectionID/60b102a9bee741009be49967d9b1affb"
  } ],
  "coverImages" : [ {
    "asset" : {
      "assetID" : "35f83f4be6ae53a1e1e65faa8c05528521a45749"
    }
  } ],
  "related" : [ ],
  "metadata" : [ {
    "key" : "orderIndex",
    "value" : "14"
  }, {
    "key" : "channel",
    "value" : "mobile",
    "language" : "por"
  }, {
    "key" : "collectionUri",
    "value" : "come-draw-with-me",
    "language" : "por"
  } ],
  "children" : [ ],
  "assets" : [ {
    "asset" : {
      "assetID" : "7e79e187682811eca4ebeeeeac1e11761a8584da"
    },
    "index" : 4,
    "addedDate" : 1651166345638,
    "metadata" : [ ]
  }, {
    "asset" : {
      "assetID" : "7f4b1445682811ec9459eeeeac1e337adf40d1a4"
    },
    "index" : 3,
    "addedDate" : 1651166310630,
    "metadata" : [ ]
  }, {
    "asset" : {
      "assetID" : "801fa25b682811ec93fbeeeeac1e9962caaddbe2"
    },
    "index" : 2,
    "addedDate" : 1651166275511,
    "metadata" : [ ]
  }, {
    "asset" : {
      "assetID" : "81de1b30682811ec9733eeeeac1e92c4c9903df5"
    },
    "index" : 1,
    "addedDate" : 1651166216660,
    "metadata" : [ ]
  }, {
    "asset" : {
      "assetID" : "defb2f197d4d11eca746eeeeac1e4d78a5facf31"
    },
    "index" : 6,
    "addedDate" : 1651166395263,
    "metadata" : [ ]
  }, {
    "asset" : {
      "assetID" : "e7eebfb47d4d11eca3feeeeeac1e84d07224de04"
    },
    "index" : 5,
    "addedDate" : 1651166372620,
    "metadata" : [ ]
  }, {
    "asset" : {
      "assetID" : "f75d8de97d4d11ec9315eeeeac1e5d4dfc60adac"
    },
    "index" : 0,
    "addedDate" : 1651166187625,
    "metadata" : [ ]
  }, {
    "asset" : {
      "assetID" : "2fbd386a7fed11ed9b89eeeeac1e83782198e181"
    },
    "index" : 7,
    "addedDate" : 1684946575188,
    "metadata" : [ ]
  }, {
    "asset" : {
      "assetID" : "73d837cf7fed11ed85feeeeeac1e6229d77f648a"
    },
    "index" : 8,
    "addedDate" : 1684946583645,
    "metadata" : [ ]
  } ],
  "fileName" : "60b102a9bee741009be49967d9b1affb.json",
  "name" : "Come Draw with Me"
}