{
  "parentCollectionID" : "f11ae6838ca24ef489feb621ebd39dc9",
  "parentCollectionPath" : "Mobile Media Library/Portuguese - Video/Callings and Trainings",
  "collectionType" : "collections",
  "path" : "Mobile Media Library/Portuguese - Video/Callings and Trainings/Children and Youth Program",
  "collectionID" : "60b2f4b1a2ef4b3387e9510b10ee1766",
  "language" : "por",
  "type" : "DEFAULT",
  "lastUpdatedDate" : "2021-04-07T15:41:24.722-06:00",
  "links" : [ {
    "rel" : "details",
    "href" : "https://titanapi.churchofjesuschrist.org/assetsearch/api/v2/collection/details/collectionID/60b2f4b1a2ef4b3387e9510b10ee1766"
  } ],
  "coverImages" : [ {
    "asset" : {
      "assetID" : "fcd45e54c0a31dc6c25c2a440eba6239b85ec059"
    }
  } ],
  "related" : [ ],
  "metadata" : [ {
    "key" : "collectionUri",
    "value" : "children-and-youth-program",
    "language" : "por"
  }, {
    "key" : "publicTitle",
    "value" : "Programa Crianças e Jovens",
    "language" : "por"
  }, {
    "key" : "orderIndex",
    "value" : "0"
  } ],
  "children" : [ {
    "path" : "Mobile Media Library/Portuguese - Video/Callings and Trainings/Children and Youth Program/For Children",
    "collectionID" : "604837c65be442698d292fcadcb79e53",
    "type" : "DEFAULT",
    "lastUpdatedDate" : "2021-04-02T13:52:52.213-06:00",
    "links" : [ {
      "rel" : "details",
      "href" : "https://titanapi.churchofjesuschrist.org/assetsearch/api/v2/collection/details/collectionID/604837c65be442698d292fcadcb79e53"
    } ],
    "fileName" : "604837c65be442698d292fcadcb79e53.json"
  } ],
  "assets" : [ ],
  "fileName" : "60b2f4b1a2ef4b3387e9510b10ee1766.json",
  "name" : "Children and Youth Program",
  "publicTitle" : "Programa Crianças e Jovens"
}