{
  "parentCollectionID" : "a59b8f0ac9804a898ad32cfa7927dd12",
  "parentCollectionPath" : "Mobile Media Library/Italian - Video/Teaching and Lessons/Come, Follow Me/Come, Follow Me: For Aaronic Priesthood Quorums and Young Women/Media for 2023 Doctrinal Topics",
  "collectionType" : "assets",
  "path" : "Mobile Media Library/Italian - Video/Teaching and Lessons/Come, Follow Me/Come, Follow Me: For Aaronic Priesthood Quorums and Young Women/Media for 2023 Doctrinal Topics/April",
  "collectionID" : "61948c7b7bfd4f33a80ce0c3fbe9ac75",
  "language" : "ita",
  "type" : "DEFAULT",
  "lastUpdatedDate" : "2022-12-07T07:32:46.156-07:00",
  "links" : [ {
    "rel" : "details",
    "href" : "https://titanapi.churchofjesuschrist.org/assetsearch/api/v2/collection/details/collectionID/61948c7b7bfd4f33a80ce0c3fbe9ac75"
  } ],
  "coverImages" : [ {
    "asset" : {
      "assetID" : "317e46a21b3588cf111697e304a497bf60a622dd"
    }
  } ],
  "related" : [ ],
  "metadata" : [ {
    "key" : "orderIndex",
    "value" : "4"
  }, {
    "key" : "collectionUri",
    "value" : "april-2023-doctrinal-media-for-youth",
    "language" : "ita"
  }, {
    "key" : "publicTitle",
    "value" : "Aprile",
    "language" : "ita"
  } ],
  "children" : [ ],
  "assets" : [ {
    "asset" : {
      "assetID" : "126ea8be034c14ab801f1609153083e9f65d315d"
    },
    "index" : 0,
    "addedDate" : 1657726338932,
    "metadata" : [ ]
  } ],
  "fileName" : "61948c7b7bfd4f33a80ce0c3fbe9ac75.json",
  "name" : "April",
  "publicTitle" : "Aprile"
}