{
  "parentCollectionID" : "58693a49fc784a958364d477d4bdf6dc1f18beb6",
  "parentCollectionPath" : "Mobile Media Library/Samoan - Video/Broadcasts/General Conference",
  "collectionType" : "assets",
  "path" : "Mobile Media Library/Samoan - Video/Broadcasts/General Conference/April 2020",
  "collectionID" : "62a3c7ccbbe141a1b1fcdeafcf7585f5db105a12",
  "language" : "smo",
  "type" : "DEFAULT",
  "lastUpdatedDate" : "2022-10-31T14:20:22.970-06:00",
  "links" : [ {
    "rel" : "details",
    "href" : "https://titanapi.churchofjesuschrist.org/assetsearch/api/v2/collection/details/collectionID/62a3c7ccbbe141a1b1fcdeafcf7585f5db105a12"
  } ],
  "coverImages" : [ {
    "asset" : {
      "assetID" : "cbb8506372ca58cdcafffd63e80f5f378f16f186"
    }
  } ],
  "related" : [ ],
  "metadata" : [ {
    "key" : "orderIndex",
    "value" : "9"
  }, {
    "key" : "collectionUri",
    "value" : "april-2020-general-conference",
    "language" : "smo"
  }, {
    "key" : "publicTitle",
    "value" : "Aperila 2020",
    "language" : "smo"
  } ],
  "children" : [ ],
  "assets" : [ {
    "asset" : {
      "assetID" : "F2369E0376194A42D8CF7A5DE2B515DDEDD33BF6"
    },
    "index" : 1,
    "addedDate" : 1650262958030,
    "metadata" : [ ]
  }, {
    "asset" : {
      "assetID" : "6540196C8839C09504DBA1AF4F8B59EBA2868040"
    },
    "index" : 4,
    "addedDate" : 1650262958030,
    "metadata" : [ ]
  }, {
    "asset" : {
      "assetID" : "FC7D94145661F2186AC9ECF681E35A8EAAF02204"
    },
    "index" : 0,
    "addedDate" : 1650262958030,
    "metadata" : [ ]
  }, {
    "asset" : {
      "assetID" : "75B3A150ADB8CAE1D6E35D6339456EFF302011E5"
    },
    "index" : 3,
    "addedDate" : 1650262958030,
    "metadata" : [ ]
  }, {
    "asset" : {
      "assetID" : "718B17355C28DB7215480E0AD71511A182AB5DE6"
    },
    "index" : 2,
    "addedDate" : 1650262958030,
    "metadata" : [ ]
  }, {
    "asset" : {
      "assetID" : "32852BE55A15FA75A2673E1930DC50AAAC88BA4A"
    },
    "index" : 6,
    "addedDate" : 1650262958030,
    "metadata" : [ ]
  }, {
    "asset" : {
      "assetID" : "065DA41136157EE5B408D7F2F79CB61BD9354065"
    },
    "index" : 9,
    "addedDate" : 1650262958030,
    "metadata" : [ ]
  }, {
    "asset" : {
      "assetID" : "7BE5FC0013001D5BFE8B3223A26787413CD7C5E6"
    },
    "index" : 7,
    "addedDate" : 1650262958030,
    "metadata" : [ ]
  }, {
    "asset" : {
      "assetID" : "CFD45D2333580CB0B7D041779BF812D2FC129A17"
    },
    "index" : 5,
    "addedDate" : 1650262958030,
    "metadata" : [ ]
  }, {
    "asset" : {
      "assetID" : "5BF2B39E7A64F411BC39F22FAAB4C3CA178A9D0E"
    },
    "index" : 8,
    "addedDate" : 1650262958030,
    "metadata" : [ ]
  }, {
    "asset" : {
      "assetID" : "1682651E05F882DECEA6164BA6957ACAA52C54E2"
    },
    "index" : 11,
    "addedDate" : 1650262958030,
    "metadata" : [ ]
  }, {
    "asset" : {
      "assetID" : "B3D803C91705E4AC7D64E86EE2D9086FC12815E2"
    },
    "index" : 13,
    "addedDate" : 1650262958030,
    "metadata" : [ ]
  }, {
    "asset" : {
      "assetID" : "4A887443EEFF16CACCC18058A312ACC3369BC438"
    },
    "index" : 10,
    "addedDate" : 1650262958030,
    "metadata" : [ ]
  }, {
    "asset" : {
      "assetID" : "2026C588BA516C4202E10CC256DB2EC40661035B"
    },
    "index" : 12,
    "addedDate" : 1650262958030,
    "metadata" : [ ]
  }, {
    "asset" : {
      "assetID" : "5D305B53904493E7E32745942B8FCA5CC65FBB23"
    },
    "index" : 14,
    "addedDate" : 1650262958030,
    "metadata" : [ ]
  }, {
    "asset" : {
      "assetID" : "63C13BB18BCFFF1CAF7BEC0C3F4702AD65316F92"
    },
    "index" : 15,
    "addedDate" : 1650262958030,
    "metadata" : [ ]
  }, {
    "asset" : {
      "assetID" : "FC59B0B7D968ED417A3707725A6CFF032A291042"
    },
    "index" : 17,
    "addedDate" : 1650262958030,
    "metadata" : [ ]
  }, {
    "asset" : {
      "assetID" : "C478F9F2F4739B772D60BD3ACB5AD8569102C243"
    },
    "index" : 19,
    "addedDate" : 1650262958030,
    "metadata" : [ ]
  }, {
    "asset" : {
      "assetID" : "E27799244224B67A4319B08A9ED18ABF52934A3C"
    },
    "index" : 16,
    "addedDate" : 1650262958030,
    "metadata" : [ ]
  }, {
    "asset" : {
      "assetID" : "5E39BCBA2598874D3CCB8DF3FB1A425CB6B11EE5"
    },
    "index" : 18,
    "addedDate" : 1650262958030,
    "metadata" : [ ]
  }, {
    "asset" : {
      "assetID" : "DF01F8858490F6462A9239148735B057762B8126"
    },
    "index" : 20,
    "addedDate" : 1650262958030,
    "metadata" : [ ]
  }, {
    "asset" : {
      "assetID" : "FA3BEEF4AD09CA9F9E75C57834548E5069E7A9F2"
    },
    "index" : 23,
    "addedDate" : 1650262958030,
    "metadata" : [ ]
  }, {
    "asset" : {
      "assetID" : "964C6DB80C77A9914D175DD09430D940908387AE"
    },
    "index" : 22,
    "addedDate" : 1650262958030,
    "metadata" : [ ]
  }, {
    "asset" : {
      "assetID" : "EA9A97D531DFBA45EC23357F84FAC80271B7FB89"
    },
    "index" : 21,
    "addedDate" : 1650262958030,
    "metadata" : [ ]
  }, {
    "asset" : {
      "assetID" : "E5AAD4CDA5B24C58F862A66C163C5333656129B7"
    },
    "index" : 25,
    "addedDate" : 1650262958030,
    "metadata" : [ ]
  }, {
    "asset" : {
      "assetID" : "FA52F48BA8CB6BB55A1174BB9CA5294DD7C808CB"
    },
    "index" : 26,
    "addedDate" : 1650262958030,
    "metadata" : [ ]
  }, {
    "asset" : {
      "assetID" : "7E45A8E945C6646390AEAB7EC683A479AC794677"
    },
    "index" : 29,
    "addedDate" : 1650262958030,
    "metadata" : [ ]
  }, {
    "asset" : {
      "assetID" : "09671FAFED50981C94EC48A902C6C4540A096863"
    },
    "index" : 30,
    "addedDate" : 1650262958030,
    "metadata" : [ ]
  }, {
    "asset" : {
      "assetID" : "D49ED3CAA298A00BB7DC956ED85C22572936F9BA"
    },
    "index" : 27,
    "addedDate" : 1650262958030,
    "metadata" : [ ]
  }, {
    "asset" : {
      "assetID" : "2B319E55DA1243A119758456F2B9946FF1919A63"
    },
    "index" : 32,
    "addedDate" : 1650262958030,
    "metadata" : [ ]
  }, {
    "asset" : {
      "assetID" : "DF547770CEEA97648A5AE9FE27FDEDE76F2B6070"
    },
    "index" : 35,
    "addedDate" : 1650262958030,
    "metadata" : [ ]
  }, {
    "asset" : {
      "assetID" : "C2DE16B1A6267B926FFA52A530A19A8F22B7B975"
    },
    "index" : 33,
    "addedDate" : 1650262958030,
    "metadata" : [ ]
  }, {
    "asset" : {
      "assetID" : "1853BFCEBF1AEE05662214BEDBAE7AA3BBDBB925"
    },
    "index" : 39,
    "addedDate" : 1650262958030,
    "metadata" : [ ]
  }, {
    "asset" : {
      "assetID" : "D0EEB13350FA5F0F42691C9681C9AF7CECC3929F"
    },
    "index" : 36,
    "addedDate" : 1650262958030,
    "metadata" : [ ]
  }, {
    "asset" : {
      "assetID" : "41332AC035BA6633B90A75BEA150078891800880"
    },
    "index" : 38,
    "addedDate" : 1650262958030,
    "metadata" : [ ]
  }, {
    "asset" : {
      "assetID" : "69AA178C4C6324EE707A9346FDF55E4468AED8E1"
    },
    "index" : 31,
    "addedDate" : 1650262958030,
    "metadata" : [ ]
  }, {
    "asset" : {
      "assetID" : "CB9897BB80974988D4ED8248236DB737ADD8B7A3"
    },
    "index" : 37,
    "addedDate" : 1650262958030,
    "metadata" : [ ]
  }, {
    "asset" : {
      "assetID" : "e047060e0b6711ec9ee7eeeeac1e7c534538f31b"
    },
    "index" : 28,
    "addedDate" : 1650262958030,
    "metadata" : [ ]
  }, {
    "asset" : {
      "assetID" : "45d9e0010b6811ec8ff1eeeeac1e0b1290429259"
    },
    "index" : 34,
    "addedDate" : 1650262958030,
    "metadata" : [ ]
  }, {
    "asset" : {
      "assetID" : "9c023ac50b6b11ec9ee7eeeeac1e7c539d012b57"
    },
    "index" : 24,
    "addedDate" : 1650262958030,
    "metadata" : [ ]
  } ],
  "fileName" : "62a3c7ccbbe141a1b1fcdeafcf7585f5db105a12.json",
  "name" : "April 2020",
  "publicTitle" : "Aperila 2020"
}