{
  "parentCollectionID" : "dc9b952342934f3db9872fed261a759bfed9b721",
  "parentCollectionPath" : "Mobile Media Library/Thai - Video/Teaching and Lessons/Come, Follow Me/Come, Follow Me: New Testament Learning and Teaching Resources",
  "collectionType" : "collections",
  "path" : "Mobile Media Library/Thai - Video/Teaching and Lessons/Come, Follow Me/Come, Follow Me: New Testament Learning and Teaching Resources/Dec. 31-Jan. 6: We Are Responsible for Our Own Learning",
  "collectionID" : "64924ae750e544bead109b23c049f240208a5ee2",
  "language" : "tha",
  "type" : "DEFAULT",
  "lastUpdatedDate" : "2022-04-18T00:50:08.796-06:00",
  "links" : [ {
    "rel" : "details",
    "href" : "https://titanapi.churchofjesuschrist.org/assetsearch/api/v2/collection/details/collectionID/64924ae750e544bead109b23c049f240208a5ee2"
  } ],
  "coverImages" : [ {
    "asset" : {
      "assetID" : "681fa846a6b5bb7f80fa1cc503f57a6c9d073f4d"
    }
  } ],
  "related" : [ ],
  "metadata" : [ {
    "key" : "collectionUri",
    "value" : "dec-31-jan-6-we-are-responsible-for-our-own-learning-videos",
    "language" : "tha"
  }, {
    "key" : "orderIndex",
    "value" : "1"
  } ],
  "children" : [ ],
  "assets" : [ ],
  "fileName" : "64924ae750e544bead109b23c049f240208a5ee2.json",
  "name" : "Dec. 31-Jan. 6: We Are Responsible for Our Own Learning"
}