{
  "parentCollectionID" : "321c85a577f34e9c95086e2cc6a981c222a5d2ea",
  "parentCollectionPath" : "Mobile Media Library/French - Video/Life Help/Self-Reliance Services and PEF",
  "collectionType" : "assets",
  "path" : "Mobile Media Library/French - Video/Life Help/Self-Reliance Services and PEF/Self-Reliance Leader Guide",
  "collectionID" : "64d14eeaad7f4a81a0ccd369e39d064d8c6f573f",
  "language" : "fra",
  "type" : "DEFAULT",
  "lastUpdatedDate" : "2022-10-24T09:14:22.944-06:00",
  "links" : [ {
    "rel" : "details",
    "href" : "https://titanapi.churchofjesuschrist.org/assetsearch/api/v2/collection/details/collectionID/64d14eeaad7f4a81a0ccd369e39d064d8c6f573f"
  } ],
  "coverImages" : [ {
    "asset" : {
      "assetID" : "a0e1127e46ba1cf9aa56663c4c19476172837d97"
    }
  } ],
  "related" : [ ],
  "metadata" : [ {
    "key" : "collectionUri",
    "value" : "self-reliance-leader-guide",
    "language" : "fra"
  }, {
    "key" : "publicTitle",
    "value" : "Guide du dirigeant",
    "language" : "fra"
  } ],
  "children" : [ ],
  "assets" : [ {
    "asset" : {
      "assetID" : "30f326837538326623e7f7562212caec146751d4"
    },
    "index" : 14,
    "addedDate" : 1680442332386,
    "metadata" : [ ]
  }, {
    "asset" : {
      "assetID" : "d3a43dd212e65cc9834ec9ea3f937c9fe9cbfd0c"
    },
    "index" : 6,
    "addedDate" : 1680442196916,
    "metadata" : [ ]
  }, {
    "asset" : {
      "assetID" : "5104a49f3cdd25e0462650a1811fb8d793636797"
    },
    "index" : 13,
    "addedDate" : 1680442278679,
    "metadata" : [ ]
  }, {
    "asset" : {
      "assetID" : "ffea3d3217aa6f85c748db90f89572d211019bce"
    },
    "index" : 8,
    "addedDate" : 1680442212562,
    "metadata" : [ ]
  }, {
    "asset" : {
      "assetID" : "25f3ccfabd2009b90e56fc24d02963836a03181c"
    },
    "index" : 1,
    "addedDate" : 1680442158188,
    "metadata" : [ ]
  }, {
    "asset" : {
      "assetID" : "ee59a3e29a0b5baf24943c8bd98d5938af7a5116"
    },
    "index" : 5,
    "addedDate" : 1680442187760,
    "metadata" : [ ]
  }, {
    "asset" : {
      "assetID" : "75f6d21a530d4394bfcff3b0cc46471a6965ce83"
    },
    "index" : 16,
    "addedDate" : 1723054244945,
    "metadata" : [ ]
  }, {
    "asset" : {
      "assetID" : "80275eeff51d827ffa54620214e2b481f000f091"
    },
    "index" : 10,
    "addedDate" : 1680442250337,
    "metadata" : [ ]
  }, {
    "asset" : {
      "assetID" : "e28f8d29b6528c601c66d44a98f7cfcfd25a4613"
    },
    "index" : 3,
    "addedDate" : 1680442173390,
    "metadata" : [ ]
  }, {
    "asset" : {
      "assetID" : "4d6280948ec306e17434a6933f13b29036880b42"
    },
    "index" : 0,
    "addedDate" : 1680442150318,
    "metadata" : [ ]
  }, {
    "asset" : {
      "assetID" : "aaaf7000ba939e5ed0790bfdde3fd66bb8c5b030"
    },
    "index" : 15,
    "addedDate" : 1680442432438,
    "metadata" : [ ]
  }, {
    "asset" : {
      "assetID" : "fd54bdca36f6c540dcce7a762eaf79d317ced02e"
    },
    "index" : 2,
    "addedDate" : 1680442166527,
    "metadata" : [ ]
  }, {
    "asset" : {
      "assetID" : "a7c36283c572e8357e23e8ae21138e48880339e4"
    },
    "index" : 7,
    "addedDate" : 1680442203433,
    "metadata" : [ ]
  }, {
    "asset" : {
      "assetID" : "32e4feef1dadd81306599633a53f511f37093d44"
    },
    "index" : 12,
    "addedDate" : 1680442268801,
    "metadata" : [ ]
  }, {
    "asset" : {
      "assetID" : "4d4d3264b218972cd09685d0e72e83a166ddcec9"
    },
    "index" : 9,
    "addedDate" : 1680442241474,
    "metadata" : [ ]
  }, {
    "asset" : {
      "assetID" : "d14ce0cec9464af170bee8a064449ee24481dc2c"
    },
    "index" : 11,
    "addedDate" : 1680442259239,
    "metadata" : [ ]
  }, {
    "asset" : {
      "assetID" : "2d72f35e60131063e734d166851e30abc9ccb726"
    },
    "index" : 4,
    "addedDate" : 1680442180511,
    "metadata" : [ ]
  } ],
  "fileName" : "64d14eeaad7f4a81a0ccd369e39d064d8c6f573f.json",
  "name" : "Self-Reliance Leader Guide",
  "publicTitle" : "Guide du dirigeant"
}