{
  "parentCollectionID" : "c90986716ce04072aebbf7a1403e230c",
  "parentCollectionPath" : "Mobile Media Library/German - Video/Family History",
  "collectionType" : "assets",
  "path" : "Mobile Media Library/German - Video/Family History/Temple and Family History Messages from Leaders",
  "collectionID" : "65cc6d2020014853a4cb64a7b2ebf750",
  "language" : "deu",
  "type" : "DEFAULT",
  "lastUpdatedDate" : "2024-03-01T16:35:52.207-07:00",
  "links" : [ {
    "rel" : "details",
    "href" : "https://titanapi.churchofjesuschrist.org/assetsearch/api/v2/collection/details/collectionID/65cc6d2020014853a4cb64a7b2ebf750"
  } ],
  "coverImages" : [ {
    "asset" : {
      "assetID" : "2bccd6d9cfa1f3a8b3e52b89be5ce80db1cc6940"
    }
  } ],
  "related" : [ ],
  "metadata" : [ {
    "key" : "orderIndex",
    "value" : "2"
  }, {
    "key" : "collectionUri",
    "value" : "temple-and-family-history-messages-from-leaders",
    "language" : "deu"
  }, {
    "key" : "publicTitle",
    "value" : "Botschaften von Führern zum Thema Tempel und Familiengeschichte",
    "language" : "deu"
  } ],
  "children" : [ ],
  "assets" : [ {
    "asset" : {
      "assetID" : "87164e042774f30432c73b0583253635dbb1bfd3"
    },
    "index" : 1,
    "addedDate" : 1633117589016,
    "metadata" : [ ]
  }, {
    "asset" : {
      "assetID" : "8c73d4e3af5771d571a708d9c0eb155c26bab15f"
    },
    "index" : 3,
    "addedDate" : 1633117629202,
    "metadata" : [ ]
  }, {
    "asset" : {
      "assetID" : "c985723ec4b9da3c821be414414e4599bc5c32cf"
    },
    "index" : 6,
    "addedDate" : 1633117743774,
    "metadata" : [ ]
  }, {
    "asset" : {
      "assetID" : "ee7100663a52cb71c5c6762c918255c0cffeafed"
    },
    "index" : 5,
    "addedDate" : 1633117721779,
    "metadata" : [ ]
  }, {
    "asset" : {
      "assetID" : "c13532aae031eb10bf7e7889f92003d57161b6d0"
    },
    "index" : 4,
    "addedDate" : 1633117695311,
    "metadata" : [ ]
  }, {
    "asset" : {
      "assetID" : "5FD148D9A247D7E9F5C3523D533DA12EFFDDB2FB"
    },
    "index" : 7,
    "addedDate" : 1633117766522,
    "metadata" : [ ]
  }, {
    "asset" : {
      "assetID" : "e9865716207511ec9645eeeeac1eed4869a8d603"
    },
    "index" : 2,
    "addedDate" : 1633117610159,
    "metadata" : [ ]
  }, {
    "asset" : {
      "assetID" : "6daf6528d4e311eea7cceeeeac1ef98ea7b08726"
    },
    "index" : 0,
    "addedDate" : 1709336141838,
    "metadata" : [ ]
  } ],
  "fileName" : "65cc6d2020014853a4cb64a7b2ebf750.json",
  "name" : "Temple and Family History Messages from Leaders",
  "publicTitle" : "Botschaften von Führern zum Thema Tempel und Familiengeschichte"
}