{
  "parentCollectionID" : "9e74a5a0519a4b6ba95069a0403d1b2d",
  "parentCollectionPath" : "Mobile Media Library/Finnish - Video",
  "collectionType" : "assets",
  "path" : "Mobile Media Library/Finnish - Video/Community Outreach",
  "collectionID" : "669f176de0aa4afe99ce0c9da1c9a0b137fc0fd4",
  "language" : "fin",
  "type" : "DEFAULT",
  "lastUpdatedDate" : "2022-04-17T22:59:40.286-06:00",
  "links" : [ {
    "rel" : "details",
    "href" : "https://titanapi.churchofjesuschrist.org/assetsearch/api/v2/collection/details/collectionID/669f176de0aa4afe99ce0c9da1c9a0b137fc0fd4"
  } ],
  "coverImages" : [ {
    "asset" : {
      "assetID" : "757c8cc892d90b427700e94234f19189c65da065"
    }
  } ],
  "related" : [ ],
  "metadata" : [ {
    "key" : "collectionUri",
    "value" : "community-outreach",
    "language" : "fin"
  }, {
    "key" : "orderIndex",
    "value" : "3"
  } ],
  "children" : [ ],
  "assets" : [ {
    "asset" : {
      "assetID" : "f333d54e899709daaf9851e461278195e1ffcb68"
    },
    "index" : 2,
    "addedDate" : 1650258340993,
    "metadata" : [ ]
  }, {
    "asset" : {
      "assetID" : "69e511ae6da0b37c04eee0c94c31e15348500f4f"
    },
    "index" : 0,
    "addedDate" : 1650258340993,
    "metadata" : [ ]
  }, {
    "asset" : {
      "assetID" : "d197a0c381c4ff2ff513afb7ceb37038b4890e5e"
    },
    "index" : 1,
    "addedDate" : 1650258340993,
    "metadata" : [ ]
  } ],
  "fileName" : "669f176de0aa4afe99ce0c9da1c9a0b137fc0fd4.json",
  "name" : "Community Outreach"
}