{
  "parentCollectionID" : "03ed8c307d534c1c9349d6c66c43f7af",
  "parentCollectionPath" : "Mobile Media Library/Norwegian - Video/Teaching and Lessons/Come, Follow Me/Come, Follow Me: For Aaronic Priesthood Quorums and Young Women/Media for 2023 Doctrinal Topics",
  "collectionType" : "collections",
  "path" : "Mobile Media Library/Norwegian - Video/Teaching and Lessons/Come, Follow Me/Come, Follow Me: For Aaronic Priesthood Quorums and Young Women/Media for 2023 Doctrinal Topics/December",
  "collectionID" : "674ba795a88f47e097138daa7155d445",
  "language" : "nor",
  "type" : "DEFAULT",
  "lastUpdatedDate" : "2022-07-14T09:04:46.687-06:00",
  "links" : [ {
    "rel" : "details",
    "href" : "https://titanapi.churchofjesuschrist.org/assetsearch/api/v2/collection/details/collectionID/674ba795a88f47e097138daa7155d445"
  } ],
  "coverImages" : [ ],
  "related" : [ ],
  "metadata" : [ {
    "key" : "collectionUri",
    "value" : "december-2023-doctrinal-media-for-youth",
    "language" : "nor"
  }, {
    "key" : "orderIndex",
    "value" : "12"
  } ],
  "children" : [ ],
  "assets" : [ ],
  "fileName" : "674ba795a88f47e097138daa7155d445.json",
  "name" : "December"
}