{
  "parentCollectionID" : "c56fdcab47154c288da4365275f641533aed2e8b",
  "parentCollectionPath" : "Mobile Media Library/Mandarin Traditional - Video/Broadcasts/General Conference",
  "collectionType" : "assets",
  "path" : "Mobile Media Library/Mandarin Traditional - Video/Broadcasts/General Conference/October 2019",
  "collectionID" : "680b95394bb94a0d84a6eb3b7593a13cbdf82f20",
  "language" : "zho",
  "type" : "DEFAULT",
  "lastUpdatedDate" : "2024-09-25T13:50:10.328-06:00",
  "links" : [ {
    "rel" : "details",
    "href" : "https://titanapi.churchofjesuschrist.org/assetsearch/api/v2/collection/details/collectionID/680b95394bb94a0d84a6eb3b7593a13cbdf82f20"
  } ],
  "coverImages" : [ {
    "asset" : {
      "assetID" : "e31c237a2831ff0f8db4db713e9eb4a7eebe399a"
    }
  } ],
  "related" : [ ],
  "metadata" : [ {
    "key" : "orderIndex",
    "value" : "11"
  }, {
    "key" : "channel",
    "value" : "mobile",
    "language" : "zho"
  }, {
    "key" : "collectionUri",
    "value" : "october-2019-general-conference",
    "language" : "zho"
  }, {
    "key" : "publicTitle",
    "value" : "2019年10月",
    "language" : "zho"
  } ],
  "children" : [ ],
  "assets" : [ {
    "asset" : {
      "assetID" : "50531A8AA1CBB709AF8795ED7E9B756820B24F05"
    },
    "index" : 38,
    "addedDate" : 1650582348116,
    "metadata" : [ ]
  }, {
    "asset" : {
      "assetID" : "7ABB0AAAD3C0DDD4A6C709A4169BD7EF160C93C6"
    },
    "index" : 23,
    "addedDate" : 1650582348116,
    "metadata" : [ ]
  }, {
    "asset" : {
      "assetID" : "70BEA25E0631C0EF03E7354087E2CEA960691AD3"
    },
    "index" : 9,
    "addedDate" : 1650582348116,
    "metadata" : [ ]
  }, {
    "asset" : {
      "assetID" : "5FABE9CB20ABAEB7E262AF112BEA9E34DDB93D56"
    },
    "index" : 39,
    "addedDate" : 1650582348116,
    "metadata" : [ ]
  }, {
    "asset" : {
      "assetID" : "CA31EBDADD32547D715C7152BDAF1A9538E34D69"
    },
    "index" : 24,
    "addedDate" : 1650582348116,
    "metadata" : [ ]
  }, {
    "asset" : {
      "assetID" : "D00759709E0E7C3C82BF090EFA7819D7D9C8DB7A"
    },
    "index" : 10,
    "addedDate" : 1650582348116,
    "metadata" : [ ]
  }, {
    "asset" : {
      "assetID" : "DC351089B4AD1C23F805BC404725E7DB312EC53F"
    },
    "index" : 25,
    "addedDate" : 1650582348116,
    "metadata" : [ ]
  }, {
    "asset" : {
      "assetID" : "51856C927A53EE2C56E7004560B84BB36265120C"
    },
    "index" : 11,
    "addedDate" : 1650582348116,
    "metadata" : [ ]
  }, {
    "asset" : {
      "assetID" : "D665A4A5522F8D9868820E88A2087AB44E4E2585"
    },
    "index" : 26,
    "addedDate" : 1650582348116,
    "metadata" : [ ]
  }, {
    "asset" : {
      "assetID" : "DC84BEBC95AA3DBC11309ED8AC4414C695C69099"
    },
    "index" : 12,
    "addedDate" : 1650582348116,
    "metadata" : [ ]
  }, {
    "asset" : {
      "assetID" : "06E00720B14E601E5B3D1E93317084A3A1C578F2"
    },
    "index" : 27,
    "addedDate" : 1650582348116,
    "metadata" : [ ]
  }, {
    "asset" : {
      "assetID" : "3E714887C115ECA3BABADC795612E3034AD7464C"
    },
    "index" : 13,
    "addedDate" : 1650582348116,
    "metadata" : [ ]
  }, {
    "asset" : {
      "assetID" : "8565645172F0D7F267CDDE8A5F83430EEAA76F7E"
    },
    "index" : 28,
    "addedDate" : 1650582348116,
    "metadata" : [ ]
  }, {
    "asset" : {
      "assetID" : "E9753FEE77AD7C8AA5B3D80431FDC0739FA8E612"
    },
    "index" : 14,
    "addedDate" : 1650582348116,
    "metadata" : [ ]
  }, {
    "asset" : {
      "assetID" : "CA331BF6B6B0495F5C11CBACF029CCB9B6A75EB8"
    },
    "index" : 0,
    "addedDate" : 1650582348116,
    "metadata" : [ ]
  }, {
    "asset" : {
      "assetID" : "1D4D79DF607D15869AEE24C015DBCFA882D2E397"
    },
    "index" : 29,
    "addedDate" : 1650582348116,
    "metadata" : [ ]
  }, {
    "asset" : {
      "assetID" : "356544E715203D046303E9FDEC735056CAC182C4"
    },
    "index" : 15,
    "addedDate" : 1650582348116,
    "metadata" : [ ]
  }, {
    "asset" : {
      "assetID" : "34F7CF2A0BA7A226DC0A1DF5E53BDB774FC50103"
    },
    "index" : 1,
    "addedDate" : 1650582348116,
    "metadata" : [ ]
  }, {
    "asset" : {
      "assetID" : "A27185916FB28BCB2FF10ED707458AD57CFF2BAF"
    },
    "index" : 30,
    "addedDate" : 1650582348116,
    "metadata" : [ ]
  }, {
    "asset" : {
      "assetID" : "95296F2CEDFF678B28C09A4191894E98B5C7FBFF"
    },
    "index" : 2,
    "addedDate" : 1650582348116,
    "metadata" : [ ]
  }, {
    "asset" : {
      "assetID" : "A3BF405A69E5071594AF82F5D4C597B3A50EC3EA"
    },
    "index" : 16,
    "addedDate" : 1650582348116,
    "metadata" : [ ]
  }, {
    "asset" : {
      "assetID" : "F6769BF529489B7D2EC22D5301083534D5DC4370"
    },
    "index" : 31,
    "addedDate" : 1650582348116,
    "metadata" : [ ]
  }, {
    "asset" : {
      "assetID" : "52BFD8D0879DA4875988F1F1488E5F35825ED1A4"
    },
    "index" : 17,
    "addedDate" : 1650582348116,
    "metadata" : [ ]
  }, {
    "asset" : {
      "assetID" : "F83ABFADC9C75F86C68FC259DFA69D8A6E6F43EE"
    },
    "index" : 3,
    "addedDate" : 1650582348116,
    "metadata" : [ ]
  }, {
    "asset" : {
      "assetID" : "5BEE704CBD8D855BEB23F84EDBDAC2845CF279D9"
    },
    "index" : 32,
    "addedDate" : 1650582348116,
    "metadata" : [ ]
  }, {
    "asset" : {
      "assetID" : "EE49385BAD2FA51BB787E563D44AFE3D180789A3"
    },
    "index" : 18,
    "addedDate" : 1650582348116,
    "metadata" : [ ]
  }, {
    "asset" : {
      "assetID" : "99A11FCF3221FFE22C616BDE35837C2FBD5BD4D8"
    },
    "index" : 4,
    "addedDate" : 1650582348116,
    "metadata" : [ ]
  }, {
    "asset" : {
      "assetID" : "1221F23B1BDF7C3BED89A353197B02F78E273A2F"
    },
    "index" : 33,
    "addedDate" : 1650582348116,
    "metadata" : [ ]
  }, {
    "asset" : {
      "assetID" : "7F43BAC74C6FC0CCE778291C93D169B55861DE30"
    },
    "index" : 5,
    "addedDate" : 1650582348116,
    "metadata" : [ ]
  }, {
    "asset" : {
      "assetID" : "435C57AB59CD2BECBD11D7178B18B64A05644AA9"
    },
    "index" : 34,
    "addedDate" : 1650582348116,
    "metadata" : [ ]
  }, {
    "asset" : {
      "assetID" : "D9522A6CC8D3C9C8ABB2B352D2FC16EAED378EB0"
    },
    "index" : 19,
    "addedDate" : 1650582348116,
    "metadata" : [ ]
  }, {
    "asset" : {
      "assetID" : "8A6F2D9044DB13747CDB3C484FCFE9CA403916D9"
    },
    "index" : 6,
    "addedDate" : 1650582348116,
    "metadata" : [ ]
  }, {
    "asset" : {
      "assetID" : "D7FFE858BA2BCD025D26CA0EA096D4317FE61A82"
    },
    "index" : 35,
    "addedDate" : 1650582348116,
    "metadata" : [ ]
  }, {
    "asset" : {
      "assetID" : "A20BCA822519B3DEDC568A97A7517130060FAAA6"
    },
    "index" : 20,
    "addedDate" : 1650582348116,
    "metadata" : [ ]
  }, {
    "asset" : {
      "assetID" : "4BD0C15425900876303C562563C31DB80A3F0029"
    },
    "index" : 7,
    "addedDate" : 1650582348116,
    "metadata" : [ ]
  }, {
    "asset" : {
      "assetID" : "842BF212D5EACDDD67D1EFF7DC106A1FFCAB322A"
    },
    "index" : 8,
    "addedDate" : 1650582348116,
    "metadata" : [ ]
  }, {
    "asset" : {
      "assetID" : "9EFAFE699F2C0BA21A774F6F834FAC0CAF9200A9"
    },
    "index" : 21,
    "addedDate" : 1650582348116,
    "metadata" : [ ]
  }, {
    "asset" : {
      "assetID" : "8EB1C0ABBE75A5E80DAA3A49FC4655C0CD347CAC"
    },
    "index" : 22,
    "addedDate" : 1650582348116,
    "metadata" : [ ]
  }, {
    "asset" : {
      "assetID" : "974A41809C5319790F3CA98C03442851CEE09C1E"
    },
    "index" : 36,
    "addedDate" : 1650582348116,
    "metadata" : [ ]
  }, {
    "asset" : {
      "assetID" : "E84C55E223CBCFC8AEFA5916573B7C444F8E2FD8"
    },
    "index" : 37,
    "addedDate" : 1650582348116,
    "metadata" : [ ]
  } ],
  "fileName" : "680b95394bb94a0d84a6eb3b7593a13cbdf82f20.json",
  "name" : "October 2019",
  "publicTitle" : "2019年10月"
}