{
  "parentCollectionID" : "3fa133200c4548f488c926d6ffab727ba8ba3997",
  "parentCollectionPath" : "Mobile Media Library/Russian - Video/Teaching and Lessons/Come, Follow Me/Come, Follow Me: New Testament Learning and Teaching Resources",
  "collectionType" : "collections",
  "path" : "Mobile Media Library/Russian - Video/Teaching and Lessons/Come, Follow Me/Come, Follow Me: New Testament Learning and Teaching Resources/Nov. 4-10: Hebrews 1-6",
  "collectionID" : "6859d3da91b74b5fae475f8977ddc18a1dc40ccc",
  "language" : "rus",
  "type" : "DEFAULT",
  "lastUpdatedDate" : "2022-04-01T01:16:22.700-06:00",
  "links" : [ {
    "rel" : "details",
    "href" : "https://titanapi.churchofjesuschrist.org/assetsearch/api/v2/collection/details/collectionID/6859d3da91b74b5fae475f8977ddc18a1dc40ccc"
  } ],
  "coverImages" : [ {
    "asset" : {
      "assetID" : "4bd523e52a68548ad5530215f0eddbdd156e88ad"
    }
  } ],
  "related" : [ ],
  "metadata" : [ {
    "key" : "collectionUri",
    "value" : "Nov-4-10-Hebrews-1-6",
    "language" : "rus"
  }, {
    "key" : "orderIndex",
    "value" : "43"
  } ],
  "children" : [ ],
  "assets" : [ ],
  "fileName" : "6859d3da91b74b5fae475f8977ddc18a1dc40ccc.json",
  "name" : "Nov. 4-10: Hebrews 1-6"
}