{
  "parentCollectionID" : "f70d6123d9034b4a8e8a68dcc19b4c1b39d95cf5",
  "parentCollectionPath" : "Mobile Media Library/Russian - Video/Topics",
  "collectionType" : "assets",
  "path" : "Mobile Media Library/Russian - Video/Topics/Agency",
  "collectionID" : "6887f204e259492daa8997e98a48af02d89902e4",
  "language" : "rus",
  "type" : "DEFAULT",
  "lastUpdatedDate" : "2023-06-09T15:28:50.292-06:00",
  "links" : [ {
    "rel" : "details",
    "href" : "https://titanapi.churchofjesuschrist.org/assetsearch/api/v2/collection/details/collectionID/6887f204e259492daa8997e98a48af02d89902e4"
  } ],
  "coverImages" : [ {
    "asset" : {
      "assetID" : "dad25c0ed8962819673c12fd69705303881a7ab5"
    }
  } ],
  "related" : [ ],
  "metadata" : [ {
    "key" : "orderIndex",
    "value" : "2"
  }, {
    "key" : "collectionUri",
    "value" : "agency-and-accountability-topic",
    "language" : "rus"
  }, {
    "key" : "publicTitle",
    "value" : "Свобода воли",
    "language" : "rus"
  } ],
  "children" : [ ],
  "assets" : [ {
    "asset" : {
      "assetID" : "1dee320d1489ec0febb20fcfb5f9b0cb480c9e16"
    },
    "index" : 1,
    "addedDate" : 1648866312830,
    "metadata" : [ ]
  }, {
    "asset" : {
      "assetID" : "6888bdb511acb48cbd80669367e24f79cd0fcc73"
    },
    "index" : 0,
    "addedDate" : 1648866312830,
    "metadata" : [ ]
  }, {
    "asset" : {
      "assetID" : "ec6f6eb298ff7f847977427bc553b834a6bfbe55"
    },
    "index" : 3,
    "addedDate" : 1648866312830,
    "metadata" : [ ]
  }, {
    "asset" : {
      "assetID" : "c0eb8b0d6f1abac9cea0a972adbf4b53ad0e6bb6"
    },
    "index" : 2,
    "addedDate" : 1648866312830,
    "metadata" : [ ]
  }, {
    "asset" : {
      "assetID" : "0ce0b0187102d21713452a74d391e8fdfb940e5f"
    },
    "index" : 4,
    "addedDate" : 1648866312830,
    "metadata" : [ ]
  } ],
  "fileName" : "6887f204e259492daa8997e98a48af02d89902e4.json",
  "name" : "Agency",
  "publicTitle" : "Свобода воли"
}