{
  "parentCollectionID" : "46e2d3dbe63d4f05bc9679de541997ca",
  "parentCollectionPath" : "Mobile Media Library/German - Video/Teaching and Lessons/Come, Follow Me/Come, Follow Me: New Testament Learning and Teaching Resources",
  "collectionType" : "collections",
  "path" : "Mobile Media Library/German - Video/Teaching and Lessons/Come, Follow Me/Come, Follow Me: New Testament Learning and Teaching Resources/Feb. 11-17: John 2-4",
  "collectionID" : "6936c6f337c744a5813111cf6f49eb0c",
  "language" : "deu",
  "type" : "DEFAULT",
  "lastUpdatedDate" : "2022-03-18T16:25:35.277-06:00",
  "links" : [ {
    "rel" : "details",
    "href" : "https://titanapi.churchofjesuschrist.org/assetsearch/api/v2/collection/details/collectionID/6936c6f337c744a5813111cf6f49eb0c"
  } ],
  "coverImages" : [ {
    "asset" : {
      "assetID" : "509a656d7cb49a42da17cbeda355a239a1fe91e5"
    }
  } ],
  "related" : [ ],
  "metadata" : [ {
    "key" : "collectionUri",
    "value" : "feb-11-17-john-2-4",
    "language" : "deu"
  }, {
    "key" : "orderIndex",
    "value" : "7"
  } ],
  "children" : [ ],
  "assets" : [ ],
  "fileName" : "6936c6f337c744a5813111cf6f49eb0c.json",
  "name" : "Feb. 11-17: John 2-4"
}