{
  "parentCollectionID" : "34e45933a7b44d51940c29bcd6abf154",
  "parentCollectionPath" : "Mobile Media Library/English - Images/Book of Mormon Videos Images",
  "collectionType" : "assets",
  "path" : "Mobile Media Library/English - Images/Book of Mormon Videos Images/3 Nephi 27",
  "collectionID" : "6a258e9591f24e7789867cca6504b81d",
  "language" : "eng",
  "type" : "DEFAULT",
  "lastUpdatedDate" : "2022-09-08T10:31:44.207-06:00",
  "links" : [ {
    "rel" : "details",
    "href" : "https://titanapi.churchofjesuschrist.org/assetsearch/api/v2/collection/details/collectionID/6a258e9591f24e7789867cca6504b81d"
  } ],
  "coverImages" : [ {
    "asset" : {
      "assetID" : "86931b0c7fad11ec8291eeeeac1e97e92cbe41ff"
    }
  } ],
  "related" : [ ],
  "metadata" : [ {
    "key" : "orderIndex",
    "value" : "39"
  }, {
    "key" : "collectionUri",
    "value" : "bmvl-images-3-nephi-27",
    "language" : "eng"
  }, {
    "key" : "publicTitle",
    "value" : "3 Nephi 27",
    "language" : "eng"
  } ],
  "children" : [ ],
  "assets" : [ {
    "asset" : {
      "assetID" : "cc678008fba611ebbf18eeeeac1e5d0bb8d69251"
    },
    "index" : 0,
    "addedDate" : 1662059833725,
    "metadata" : [ ]
  }, {
    "asset" : {
      "assetID" : "d6ed97c6fba611ebb5d9eeeeac1ebcf25beb8988"
    },
    "index" : 1,
    "addedDate" : 1662059996879,
    "metadata" : [ ]
  }, {
    "asset" : {
      "assetID" : "e1c15a1ffba611ebbb5eeeeeac1e9b2a8dadd05e"
    },
    "index" : 2,
    "addedDate" : 1662060081814,
    "metadata" : [ ]
  }, {
    "asset" : {
      "assetID" : "e7dc760cfba611eb9119eeeeac1ef188d01b348f"
    },
    "index" : 3,
    "addedDate" : 1662060123453,
    "metadata" : [ ]
  }, {
    "asset" : {
      "assetID" : "388d8218051e11ecbb5eeeeeac1e9b2a7dbfb9c5"
    },
    "index" : 5,
    "addedDate" : 1662060264216,
    "metadata" : [ ]
  }, {
    "asset" : {
      "assetID" : "2f8223b3051e11ec80e5eeeeac1e371822d886da"
    },
    "index" : 4,
    "addedDate" : 1662060148948,
    "metadata" : [ ]
  } ],
  "fileName" : "6a258e9591f24e7789867cca6504b81d.json",
  "name" : "3 Nephi 27",
  "publicTitle" : "3 Nephi 27"
}