{
  "parentCollectionID" : "c2991324b6e5fb8762e5199e8f4312100af9cda2",
  "parentCollectionPath" : "Mobile Media Library/Spanish - Video/Life Help/Self Reliance Services and PEF/My Foundation",
  "collectionType" : "assets",
  "path" : "Mobile Media Library/Spanish - Video/Life Help/Self Reliance Services and PEF/My Foundation/Chapter 10: Show Integrity",
  "collectionID" : "6aee451a5601db948b404289c2c5693632fd878b",
  "language" : "spa",
  "type" : "DEFAULT",
  "lastUpdatedDate" : "2021-05-21T16:55:08.737-06:00",
  "links" : [ {
    "rel" : "details",
    "href" : "https://titanapi.churchofjesuschrist.org/assetsearch/api/v2/collection/details/collectionID/6aee451a5601db948b404289c2c5693632fd878b"
  } ],
  "coverImages" : [ {
    "asset" : {
      "assetID" : "0558bb2a313c9182c0961e6ec2a18f14debda1f0"
    }
  } ],
  "related" : [ ],
  "metadata" : [ {
    "key" : "collectionUri",
    "value" : "chapter-10-show-integrity",
    "language" : "spa"
  }, {
    "key" : "publicTitle",
    "value" : "Capítulo 10: Demuestre integridad",
    "language" : "spa"
  } ],
  "children" : [ ],
  "assets" : [ {
    "asset" : {
      "assetID" : "cd1062bdd2f1b5a9abe274fcae1a9e1afbdf3096"
    },
    "addedDate" : 1492448362007,
    "metadata" : [ ]
  } ],
  "fileName" : "6aee451a5601db948b404289c2c5693632fd878b.json",
  "name" : "Chapter 10: Show Integrity",
  "publicTitle" : "Capítulo 10: Demuestre integridad"
}