{
  "parentCollectionID" : "0cfcb3ccd8a6489babb7984f4596a4f3",
  "parentCollectionPath" : "Mobile Media Library/English - Images/Come, Follow Me: Learning and Teaching Resources/Come, Follow Me: Doctrine and Covenants Learning and Teaching Resources",
  "collectionType" : "assets",
  "path" : "Mobile Media Library/English - Images/Come, Follow Me: Learning and Teaching Resources/Come, Follow Me: Doctrine and Covenants Learning and Teaching Resources/April 5-11. Doctrine and Covenants 30-36",
  "collectionID" : "6bc4049ce2b944b28d1341df7f7352cb",
  "language" : "eng",
  "type" : "DEFAULT",
  "lastUpdatedDate" : "2021-01-21T09:23:31.164-07:00",
  "links" : [ {
    "rel" : "details",
    "href" : "https://titanapi.churchofjesuschrist.org/assetsearch/api/v2/collection/details/collectionID/6bc4049ce2b944b28d1341df7f7352cb"
  } ],
  "coverImages" : [ {
    "asset" : {
      "assetID" : "5ae41ac59c755784b620c294eb74b95027e68839"
    }
  } ],
  "related" : [ ],
  "metadata" : [ {
    "key" : "orderIndex",
    "value" : "16"
  }, {
    "key" : "collectionUri",
    "value" : "april-5-11-doctrine-covenants-30-36-images",
    "language" : "eng"
  }, {
    "key" : "publicTitle",
    "value" : "April 5–11. Doctrine and Covenants 30–36",
    "language" : "eng"
  } ],
  "children" : [ ],
  "assets" : [ {
    "asset" : {
      "assetID" : "ac67206676c53313bf6eac940e299fb2b936a104"
    },
    "index" : 4,
    "addedDate" : 1612387795209,
    "metadata" : [ ]
  }, {
    "asset" : {
      "assetID" : "b4aaeeef04dbbe2bbc006bbce7634448471347a5"
    },
    "index" : 1,
    "addedDate" : 1607446639779,
    "metadata" : [ ]
  }, {
    "asset" : {
      "assetID" : "8ca5e4ecf88f8da366467340701aff25dcc8a1f1"
    },
    "index" : 3,
    "addedDate" : 1607446666222,
    "metadata" : [ ]
  }, {
    "asset" : {
      "assetID" : "5ae41ac59c755784b620c294eb74b95027e68839"
    },
    "index" : 0,
    "addedDate" : 1607446626126,
    "metadata" : [ ]
  }, {
    "asset" : {
      "assetID" : "7e8f44940ef915d8493eba8401fcf2c184f593ed"
    },
    "index" : 4,
    "addedDate" : 1607446679769,
    "metadata" : [ ]
  }, {
    "asset" : {
      "assetID" : "0160c5c3dee0981666216db020dd87f1adb04b21"
    },
    "index" : 5,
    "addedDate" : 1612387807184,
    "metadata" : [ ]
  } ],
  "fileName" : "6bc4049ce2b944b28d1341df7f7352cb.json",
  "name" : "April 5-11. Doctrine and Covenants 30-36",
  "publicTitle" : "April 5–11. Doctrine and Covenants 30–36"
}