{
  "parentCollectionID" : "b79fa590073d4aa3974285087ccf1006052054b9",
  "parentCollectionPath" : "Mobile Media Library/Norwegian - Video/Broadcasts/General Conference",
  "collectionType" : "assets",
  "path" : "Mobile Media Library/Norwegian - Video/Broadcasts/General Conference/April 2023",
  "collectionID" : "6bf6f413db7e48e1acbc1e056f59527b",
  "language" : "nor",
  "type" : "DEFAULT",
  "lastUpdatedDate" : "2023-05-01T11:32:09.386-06:00",
  "links" : [ {
    "rel" : "details",
    "href" : "https://titanapi.churchofjesuschrist.org/assetsearch/api/v2/collection/details/collectionID/6bf6f413db7e48e1acbc1e056f59527b"
  } ],
  "coverImages" : [ {
    "asset" : {
      "assetID" : "0ffe997831fb811e569110d0e53a25c0f4c7a8db"
    }
  } ],
  "related" : [ ],
  "metadata" : [ {
    "key" : "orderIndex",
    "value" : "4"
  }, {
    "key" : "collectionUri",
    "value" : "april-2023-general-conference",
    "language" : "nor"
  }, {
    "key" : "publicTitle",
    "value" : "April 2023",
    "language" : "nor"
  } ],
  "children" : [ ],
  "assets" : [ {
    "asset" : {
      "assetID" : "704bdbe7d0ae11edb638eeeeac1e30b077af47da"
    },
    "index" : 1,
    "addedDate" : 1682364261208,
    "metadata" : [ ]
  }, {
    "asset" : {
      "assetID" : "c087a84ad0b411ed87d2eeeeac1eaa5bd350adb7"
    },
    "index" : 2,
    "addedDate" : 1682364261317,
    "metadata" : [ ]
  }, {
    "asset" : {
      "assetID" : "607b3d9dd0b911ed839ceeeeac1e35c68b5e4553"
    },
    "index" : 3,
    "addedDate" : 1682364261427,
    "metadata" : [ ]
  }, {
    "asset" : {
      "assetID" : "27d51b2dd0bc11edbe8deeeeac1e5b7a7e4c789d"
    },
    "index" : 5,
    "addedDate" : 1682364261652,
    "metadata" : [ ]
  }, {
    "asset" : {
      "assetID" : "e91f7fc9d0bf11ed9a65eeeeac1ec3abf8761411"
    },
    "index" : 6,
    "addedDate" : 1682364261758,
    "metadata" : [ ]
  }, {
    "asset" : {
      "assetID" : "8217ee96d0c311ed8784eeeeac1e85f7809db71b"
    },
    "index" : 7,
    "addedDate" : 1682364261867,
    "metadata" : [ ]
  }, {
    "asset" : {
      "assetID" : "ac3faa62d0cd11ed9471eeeeac1e7deba1604f8c"
    },
    "index" : 4,
    "addedDate" : 1682364261539,
    "metadata" : [ ]
  }, {
    "asset" : {
      "assetID" : "1158fc05d0d111ed9108eeeeac1e2136b081cd85"
    },
    "index" : 9,
    "addedDate" : 1682364262090,
    "metadata" : [ ]
  }, {
    "asset" : {
      "assetID" : "8aea3670d0d511edadaeeeeeac1eabe1d07b47fb"
    },
    "index" : 0,
    "addedDate" : 1682364260946,
    "metadata" : [ ]
  }, {
    "asset" : {
      "assetID" : "50998dcad0d711ed8013eeeeac1ebd54d04c3e4e"
    },
    "index" : 11,
    "addedDate" : 1682364262311,
    "metadata" : [ ]
  }, {
    "asset" : {
      "assetID" : "c40d10c6d0d711ed9692eeeeac1eee2fcc0f8a9c"
    },
    "index" : 10,
    "addedDate" : 1682364262201,
    "metadata" : [ ]
  }, {
    "asset" : {
      "assetID" : "46d3eab4d0d811ed9108eeeeac1e213645d5c5d9"
    },
    "index" : 14,
    "addedDate" : 1682364262649,
    "metadata" : [ ]
  }, {
    "asset" : {
      "assetID" : "869cdbb8d0dd11edbe8deeeeac1e5b7aae3b71bf"
    },
    "index" : 12,
    "addedDate" : 1682364262426,
    "metadata" : [ ]
  }, {
    "asset" : {
      "assetID" : "fa985df3d0de11ed987beeeeac1e475234d889e8"
    },
    "index" : 15,
    "addedDate" : 1682364262758,
    "metadata" : [ ]
  }, {
    "asset" : {
      "assetID" : "6b4bc48dd0e111ed9a65eeeeac1ec3ab97bb4365"
    },
    "index" : 17,
    "addedDate" : 1682364262983,
    "metadata" : [ ]
  }, {
    "asset" : {
      "assetID" : "64ee9979d0e511edb940eeeeac1e18a18369d5c9"
    },
    "index" : 13,
    "addedDate" : 1682364262535,
    "metadata" : [ ]
  }, {
    "asset" : {
      "assetID" : "21f65d12d0e711ed8b20eeeeac1e476e935651a6"
    },
    "index" : 16,
    "addedDate" : 1682364262869,
    "metadata" : [ ]
  }, {
    "asset" : {
      "assetID" : "4ca34716d0f411edb6deeeeeac1eaa59404f91ed"
    },
    "index" : 19,
    "addedDate" : 1682364263200,
    "metadata" : [ ]
  }, {
    "asset" : {
      "assetID" : "65fe24d8d0f611ed8cfbeeeeac1e7dce78d105cb"
    },
    "index" : 21,
    "addedDate" : 1682364263432,
    "metadata" : [ ]
  }, {
    "asset" : {
      "assetID" : "d0d25c33d0f711edb7feeeeeac1eee9e65a8b8be"
    },
    "index" : 20,
    "addedDate" : 1682364263315,
    "metadata" : [ ]
  }, {
    "asset" : {
      "assetID" : "ec4173ffd0f911edad35eeeeac1e38d219fa64db"
    },
    "index" : 18,
    "addedDate" : 1682364263091,
    "metadata" : [ ]
  }, {
    "asset" : {
      "assetID" : "30a5d43dd10111ed9082eeeeac1eb649f2304cf5"
    },
    "index" : 8,
    "addedDate" : 1682364261982,
    "metadata" : [ ]
  }, {
    "asset" : {
      "assetID" : "72e63fe1d10411ed94e7eeeeac1e7b721c24a876"
    },
    "index" : 39,
    "addedDate" : 1682364265448,
    "metadata" : [ ]
  }, {
    "asset" : {
      "assetID" : "b2d68518d17711edb657eeeeac1e7767f30189a3"
    },
    "index" : 23,
    "addedDate" : 1682364263657,
    "metadata" : [ ]
  }, {
    "asset" : {
      "assetID" : "e5fa7319d17811ed8b20eeeeac1e476ec7b75afa"
    },
    "index" : 24,
    "addedDate" : 1682364263766,
    "metadata" : [ ]
  }, {
    "asset" : {
      "assetID" : "2527605dd18011ed9082eeeeac1eb649f996fa47"
    },
    "index" : 27,
    "addedDate" : 1682364264088,
    "metadata" : [ ]
  }, {
    "asset" : {
      "assetID" : "c2787050d18211ed8214eeeeac1e9c19c3449c34"
    },
    "index" : 26,
    "addedDate" : 1682364263982,
    "metadata" : [ ]
  }, {
    "asset" : {
      "assetID" : "dd722675d18311ed91d5eeeeac1ec64808dfcfed"
    },
    "index" : 25,
    "addedDate" : 1682364263874,
    "metadata" : [ ]
  }, {
    "asset" : {
      "assetID" : "6aba91c0d18911edb657eeeeac1e7767a81d1d0b"
    },
    "index" : 29,
    "addedDate" : 1682364264310,
    "metadata" : [ ]
  }, {
    "asset" : {
      "assetID" : "f57d6077d18a11ed9997eeeeac1e63b7cd1c0c5c"
    },
    "index" : 28,
    "addedDate" : 1682364264195,
    "metadata" : [ ]
  }, {
    "asset" : {
      "assetID" : "96663d2ad18d11edb6deeeeeac1eaa592ccca1cb"
    },
    "index" : 22,
    "addedDate" : 1682364263548,
    "metadata" : [ ]
  }, {
    "asset" : {
      "assetID" : "3280364cd19c11ed89b6eeeeac1e024654d3e240"
    },
    "index" : 32,
    "addedDate" : 1682364264663,
    "metadata" : [ ]
  }, {
    "asset" : {
      "assetID" : "69063b0cd19d11ed9ac3eeeeac1e85e20b1cb68a"
    },
    "index" : 33,
    "addedDate" : 1682364264777,
    "metadata" : [ ]
  }, {
    "asset" : {
      "assetID" : "57de0791d19e11ed9ac3eeeeac1e85e22cad1c63"
    },
    "index" : 31,
    "addedDate" : 1682364264533,
    "metadata" : [ ]
  }, {
    "asset" : {
      "assetID" : "981fbd00d1a111edb6deeeeeac1eaa595657f234"
    },
    "index" : 34,
    "addedDate" : 1682364264889,
    "metadata" : [ ]
  }, {
    "asset" : {
      "assetID" : "767fd6c0d1a211edb657eeeeac1e77676f6f2b65"
    },
    "index" : 36,
    "addedDate" : 1682364265112,
    "metadata" : [ ]
  }, {
    "asset" : {
      "assetID" : "c3f5692ed1a611ed8b20eeeeac1e5b7950fb1210"
    },
    "index" : 35,
    "addedDate" : 1682364265000,
    "metadata" : [ ]
  }, {
    "asset" : {
      "assetID" : "3e8e7369d1a711eda9f0eeeeac1eabce2557f8e9"
    },
    "index" : 37,
    "addedDate" : 1682364265224,
    "metadata" : [ ]
  }, {
    "asset" : {
      "assetID" : "7bb33181d1aa11ed8b20eeeeac1e5b793b1bef7c"
    },
    "index" : 30,
    "addedDate" : 1682364264420,
    "metadata" : [ ]
  }, {
    "asset" : {
      "assetID" : "a94572b6d1b511ed9ae6eeeeac1ec25d76af581e"
    },
    "index" : 38,
    "addedDate" : 1682364265331,
    "metadata" : [ ]
  } ],
  "fileName" : "6bf6f413db7e48e1acbc1e056f59527b.json",
  "name" : "April 2023",
  "publicTitle" : "April 2023"
}