{
  "parentCollectionID" : "0350f4cd8dd94700b0d23924a449005a2e0fb757",
  "parentCollectionPath" : "Mobile Media Library/Swedish - Video/Life Help/Self-Reliance Services and PEF/Find a Better Job",
  "collectionType" : "collections",
  "path" : "Mobile Media Library/Swedish - Video/Life Help/Self-Reliance Services and PEF/Find a Better Job/Chapter 09: Accelerate Your Job Search",
  "collectionID" : "6c1bf22e9dff499e8a4f3e5b1335cddab24f1cf1",
  "language" : "swe",
  "type" : "DEFAULT",
  "lastUpdatedDate" : "2022-08-25T20:50:22.604-06:00",
  "links" : [ {
    "rel" : "details",
    "href" : "https://titanapi.churchofjesuschrist.org/assetsearch/api/v2/collection/details/collectionID/6c1bf22e9dff499e8a4f3e5b1335cddab24f1cf1"
  } ],
  "coverImages" : [ {
    "asset" : {
      "assetID" : "19a366f8edbf2c5b9587aab71844d052d487d1c1"
    }
  } ],
  "related" : [ ],
  "metadata" : [ {
    "key" : "collectionUri",
    "value" : "chapter-9-accelerate-your-job-search",
    "language" : "swe"
  } ],
  "children" : [ ],
  "assets" : [ ],
  "fileName" : "6c1bf22e9dff499e8a4f3e5b1335cddab24f1cf1.json",
  "name" : "Chapter 09: Accelerate Your Job Search"
}