{
  "parentCollectionID" : "e553d1f0d3cb45d6b9a2449a91d77e7f",
  "parentCollectionPath" : "Mobile Media Library/Portuguese - Video/Topics",
  "collectionType" : "assets",
  "path" : "Mobile Media Library/Portuguese - Video/Topics/Suicide",
  "collectionID" : "6c4591eb5b584395a925612dcef6778e",
  "language" : "por",
  "type" : "DEFAULT",
  "lastUpdatedDate" : "2022-11-22T09:42:02.433-07:00",
  "links" : [ {
    "rel" : "details",
    "href" : "https://titanapi.churchofjesuschrist.org/assetsearch/api/v2/collection/details/collectionID/6c4591eb5b584395a925612dcef6778e"
  } ],
  "coverImages" : [ {
    "asset" : {
      "assetID" : "b61fbada9fc33b73f5f3f6dc1302c65110c577f1"
    }
  } ],
  "related" : [ ],
  "metadata" : [ {
    "key" : "orderIndex",
    "value" : "62"
  }, {
    "key" : "channel",
    "value" : "mobile",
    "language" : "por"
  }, {
    "key" : "collectionUri",
    "value" : "suicide-topic",
    "language" : "por"
  }, {
    "key" : "publicTitle",
    "value" : "Suicídio",
    "language" : "por"
  } ],
  "children" : [ ],
  "assets" : [ {
    "asset" : {
      "assetID" : "e3a831e984ea8681de862bf2f8e046482b186f35"
    },
    "index" : 20,
    "addedDate" : 1663774103752,
    "metadata" : [ ]
  }, {
    "asset" : {
      "assetID" : "510eaff433d77db73e2a95a55e1bd48c5cfef1ca"
    },
    "index" : 22,
    "addedDate" : 1663774280506,
    "metadata" : [ ]
  }, {
    "asset" : {
      "assetID" : "5d7b3f5975d25027385c163f8358bc9eb5d129f7"
    },
    "index" : 3,
    "addedDate" : 1663767723622,
    "metadata" : [ ]
  }, {
    "asset" : {
      "assetID" : "5e0e993cf9f0d5631d74564b93aa142388158ce4"
    },
    "index" : 16,
    "addedDate" : 1663768585006,
    "metadata" : [ ]
  }, {
    "asset" : {
      "assetID" : "37fe0e1c7092b0e0b883490d8d280cbedb55337d"
    },
    "index" : 17,
    "addedDate" : 1663768717926,
    "metadata" : [ ]
  }, {
    "asset" : {
      "assetID" : "59da1ecf0744b39e1b0906690dcb9a4e81de5d3c"
    },
    "index" : 29,
    "addedDate" : 1663775130970,
    "metadata" : [ ]
  }, {
    "asset" : {
      "assetID" : "c58fd7c9487173d8c0a0628f03c4e759776e21bb"
    },
    "index" : 19,
    "addedDate" : 1663769157289,
    "metadata" : [ ]
  }, {
    "asset" : {
      "assetID" : "c81590cae812e8d82963e0b82c4d81d3336f3f29"
    },
    "index" : 6,
    "addedDate" : 1663767879562,
    "metadata" : [ ]
  }, {
    "asset" : {
      "assetID" : "da7fc326b58262d60e39d5cf71f418b31411c316"
    },
    "index" : 23,
    "addedDate" : 1663774394773,
    "metadata" : [ ]
  }, {
    "asset" : {
      "assetID" : "ffa302c5d0379486d84d0a337c5a1419607cd9af"
    },
    "index" : 8,
    "addedDate" : 1663767985159,
    "metadata" : [ ]
  }, {
    "asset" : {
      "assetID" : "e8c92b4323d5acdc451352ec05ee1772ee07f57f"
    },
    "index" : 11,
    "addedDate" : 1663768338826,
    "metadata" : [ ]
  }, {
    "asset" : {
      "assetID" : "a6c14b89e9443430e113eaf65ab676c61ccadc58"
    },
    "index" : 27,
    "addedDate" : 1663774883069,
    "metadata" : [ ]
  }, {
    "asset" : {
      "assetID" : "f78db3f977e0bd785953212e428fb48a2142349e"
    },
    "index" : 26,
    "addedDate" : 1663774655411,
    "metadata" : [ ]
  }, {
    "asset" : {
      "assetID" : "5EA016660AA2F6F3093CEA562E59A30F3A8D9179"
    },
    "index" : 15,
    "addedDate" : 1663768478734,
    "metadata" : [ ]
  }, {
    "asset" : {
      "assetID" : "F78DA4FCEEF2F6877604D379F27782BD34033ED9"
    },
    "index" : 14,
    "addedDate" : 1663768458557,
    "metadata" : [ ]
  }, {
    "asset" : {
      "assetID" : "057CDA6B788830AA6E30CFED99C3C8F1658CEF71"
    },
    "index" : 13,
    "addedDate" : 1663768438715,
    "metadata" : [ ]
  }, {
    "asset" : {
      "assetID" : "EA99138E6B599F662401CCB03EB33539E9629E9F"
    },
    "index" : 9,
    "addedDate" : 1663768164020,
    "metadata" : [ ]
  }, {
    "asset" : {
      "assetID" : "ABA72598162DBB087A157384F22146ABBAAEB5B6"
    },
    "index" : 10,
    "addedDate" : 1663768204109,
    "metadata" : [ ]
  }, {
    "asset" : {
      "assetID" : "f801f725a5cdb297471fbf9f0ed342af99923c10"
    },
    "index" : 28,
    "addedDate" : 1663774994835,
    "metadata" : [ ]
  }, {
    "asset" : {
      "assetID" : "4c50e02c99218a5517e2e1262b539e850ef775b4"
    },
    "index" : 24,
    "addedDate" : 1663774452725,
    "metadata" : [ ]
  }, {
    "asset" : {
      "assetID" : "ff8ed1a365dd9a2b4de67236b99a6409c5497c27"
    },
    "index" : 4,
    "addedDate" : 1663767768183,
    "metadata" : [ ]
  }, {
    "asset" : {
      "assetID" : "7d1eb4e425ea528b8ea7df4036fb7067bea34379"
    },
    "index" : 2,
    "addedDate" : 1663767629677,
    "metadata" : [ ]
  }, {
    "asset" : {
      "assetID" : "A9215AD50382C83C461D206982F09F504A657292"
    },
    "index" : 18,
    "addedDate" : 1663769068103,
    "metadata" : [ ]
  }, {
    "asset" : {
      "assetID" : "6dcb1ff1441298ead7e0ed03119203ee3b04d8b8"
    },
    "index" : 25,
    "addedDate" : 1663774517267,
    "metadata" : [ ]
  }, {
    "asset" : {
      "assetID" : "27a94389f66246c8999e085114136b73d22f5a52"
    },
    "index" : 7,
    "addedDate" : 1663767920204,
    "metadata" : [ ]
  }, {
    "asset" : {
      "assetID" : "E919CBEEB4A61654C2B74698F04628EA8EE91A4B"
    },
    "index" : 12,
    "addedDate" : 1663768420332,
    "metadata" : [ ]
  }, {
    "asset" : {
      "assetID" : "a21e53186115dccc34eca4dfc9799d6c23d1c589"
    },
    "index" : 1,
    "addedDate" : 1663767545589,
    "metadata" : [ ]
  }, {
    "asset" : {
      "assetID" : "e8aa8d287c3999b37dd6ceb8d8b79765606d49a2"
    },
    "index" : 5,
    "addedDate" : 1663767822649,
    "metadata" : [ ]
  }, {
    "asset" : {
      "assetID" : "fc4048a2564d39927e891b9f2176c2d43a2aba71"
    },
    "index" : 0,
    "addedDate" : 1663767409773,
    "metadata" : [ ]
  }, {
    "asset" : {
      "assetID" : "28880ec73d9eaff7e2fb2d94da8c750511186f48"
    },
    "index" : 21,
    "addedDate" : 1663774224483,
    "metadata" : [ ]
  } ],
  "fileName" : "6c4591eb5b584395a925612dcef6778e.json",
  "name" : "Suicide",
  "publicTitle" : "Suicídio"
}