{
  "parentCollectionID" : "1c72897830e840ea80c1c3faa887df18",
  "parentCollectionPath" : "Mobile Media Library/Mandarin Traditional - Video/Broadcasts/Teaching Religion to Youth and Young Adults",
  "collectionType" : "assets",
  "path" : "Mobile Media Library/Mandarin Traditional - Video/Broadcasts/Teaching Religion to Youth and Young Adults/2021–Teaching Religion to Youth and Young Adults with President and Sister Oaks",
  "collectionID" : "6cb1f868500e4fb08682df627cb08bc0",
  "language" : "zho",
  "type" : "DEFAULT",
  "lastUpdatedDate" : "2024-09-18T08:52:25.440-06:00",
  "links" : [ {
    "rel" : "details",
    "href" : "https://titanapi.churchofjesuschrist.org/assetsearch/api/v2/collection/details/collectionID/6cb1f868500e4fb08682df627cb08bc0"
  } ],
  "coverImages" : [ {
    "asset" : {
      "assetID" : "a5f9108233a711557b9eccb50f966e8343b0c1c6"
    }
  } ],
  "related" : [ ],
  "metadata" : [ {
    "key" : "collectionUri",
    "value" : "teaching-religion-to-youth-and-young-adults-2021",
    "language" : "zho"
  }, {
    "key" : "publicTitle",
    "value" : "2021—對青少年和年輕成人教導宗教，與鄔克司會長夫婦有約",
    "language" : "zho"
  }, {
    "key" : "orderIndex",
    "value" : "3"
  } ],
  "children" : [ ],
  "assets" : [ {
    "asset" : {
      "assetID" : "9944bdd9052111ecbf70eeeeac1e58e7c16e57c1"
    },
    "index" : 1,
    "addedDate" : 1689278388825,
    "metadata" : [ ]
  }, {
    "asset" : {
      "assetID" : "9b904ff7052111ec8c47eeeeac1efe0e37a8a574"
    },
    "index" : 2,
    "addedDate" : 1689278399436,
    "metadata" : [ ]
  }, {
    "asset" : {
      "assetID" : "9d878be3052111eca4aceeeeac1e07591e67fbcd"
    },
    "index" : 3,
    "addedDate" : 1689278409430,
    "metadata" : [ ]
  }, {
    "asset" : {
      "assetID" : "97a6b9af052111ec80e5eeeeac1e3718cdbf4b10"
    },
    "index" : 0,
    "addedDate" : 1689278378916,
    "metadata" : [ ]
  } ],
  "fileName" : "6cb1f868500e4fb08682df627cb08bc0.json",
  "name" : "2021–Teaching Religion to Youth and Young Adults with President and Sister Oaks",
  "publicTitle" : "2021—對青少年和年輕成人教導宗教，與鄔克司會長夫婦有約"
}