{
  "parentCollectionID" : "09dcb4a0f83244f5e3b431e46fa1817a42c6f429",
  "parentCollectionPath" : "Mobile Media Library/Spanish - Video/Life Help/Self Reliance Services and PEF/My Job Search",
  "collectionType" : "assets",
  "path" : "Mobile Media Library/Spanish - Video/Life Help/Self Reliance Services and PEF/My Job Search/Chapter 06: How do I excel on the job and continue to succeed?",
  "collectionID" : "6ccb351c278af2863b02578d707237ab6f0322e2",
  "language" : "spa",
  "type" : "DEFAULT",
  "lastUpdatedDate" : "2021-05-24T09:57:47.806-06:00",
  "links" : [ {
    "rel" : "details",
    "href" : "https://titanapi.churchofjesuschrist.org/assetsearch/api/v2/collection/details/collectionID/6ccb351c278af2863b02578d707237ab6f0322e2"
  } ],
  "coverImages" : [ {
    "asset" : {
      "assetID" : "87b8c3a597b6a95baa1c47ff119aab3ca828aa98"
    }
  } ],
  "related" : [ ],
  "metadata" : [ {
    "key" : "collectionUri",
    "value" : "chapter-6-how-do-i-excel-on-the-job-and-continue-to-succeed",
    "language" : "spa"
  }, {
    "key" : "publicTitle",
    "value" : "Capítulo 06: ¿Cómo puedo sobresalir en el trabajo y continuar teniendo éxito?",
    "language" : "spa"
  } ],
  "children" : [ ],
  "assets" : [ {
    "asset" : {
      "assetID" : "c219700cf6717809aad6802b96bbdf2465644fb6"
    },
    "addedDate" : 1492455904033,
    "metadata" : [ ]
  }, {
    "asset" : {
      "assetID" : "15e9fe9d91ac6cc2602f45c4c7efc3aa80f1953d"
    },
    "addedDate" : 1492455919053,
    "metadata" : [ ]
  }, {
    "asset" : {
      "assetID" : "61f20ad2f213523501206b79e881240036473788"
    },
    "addedDate" : 1492455935018,
    "metadata" : [ ]
  } ],
  "fileName" : "6ccb351c278af2863b02578d707237ab6f0322e2.json",
  "name" : "Chapter 06: How do I excel on the job and continue to succeed?",
  "publicTitle" : "Capítulo 06: ¿Cómo puedo sobresalir en el trabajo y continuar teniendo éxito?"
}