{
  "parentCollectionID" : "cf0fd6ff5be64fb395518956e08e8af5c82fe242",
  "parentCollectionPath" : "Mobile Media Library/Japanese - Video/Scriptural Reenactments and Teachings/New Testament",
  "collectionType" : "collections",
  "path" : "Mobile Media Library/Japanese - Video/Scriptural Reenactments and Teachings/New Testament/Bible Videos",
  "collectionID" : "6d7ac9f528784d6ebc2e32c5ba7c638c5d6efed5",
  "language" : "jpn",
  "type" : "DEFAULT",
  "lastUpdatedDate" : "2024-09-17T16:52:36.996-06:00",
  "links" : [ {
    "rel" : "details",
    "href" : "https://titanapi.churchofjesuschrist.org/assetsearch/api/v2/collection/details/collectionID/6d7ac9f528784d6ebc2e32c5ba7c638c5d6efed5"
  } ],
  "coverImages" : [ {
    "asset" : {
      "assetID" : "9890c304d3e92d464c7686ee0f3238d950544b4d"
    }
  } ],
  "related" : [ ],
  "metadata" : [ {
    "key" : "orderIndex",
    "value" : "1"
  }, {
    "key" : "channel",
    "value" : "mobile",
    "language" : "jpn"
  }, {
    "key" : "collectionUri",
    "value" : "bible-videos-the-life-of-jesus-christ",
    "language" : "jpn"
  }, {
    "key" : "publicTitle",
    "value" : "聖書ビデオ―イエス",
    "language" : "jpn"
  } ],
  "children" : [ {
    "path" : "Mobile Media Library/Japanese - Video/Scriptural Reenactments and Teachings/New Testament/Bible Videos/Acts of the Apostles",
    "collectionID" : "2822c556a9d943cf81d7cd8d8facc66b8e0f3048",
    "type" : "DEFAULT",
    "lastUpdatedDate" : "2024-09-17T16:52:26.774-06:00",
    "links" : [ {
      "rel" : "details",
      "href" : "https://titanapi.churchofjesuschrist.org/assetsearch/api/v2/collection/details/collectionID/2822c556a9d943cf81d7cd8d8facc66b8e0f3048"
    } ],
    "fileName" : "2822c556a9d943cf81d7cd8d8facc66b8e0f3048.json"
  }, {
    "path" : "Mobile Media Library/Japanese - Video/Scriptural Reenactments and Teachings/New Testament/Bible Videos/Final Events",
    "collectionID" : "e1b3df38cd3e4904afb051348b030701e6960948",
    "type" : "DEFAULT",
    "lastUpdatedDate" : "2024-09-17T16:52:17.159-06:00",
    "links" : [ {
      "rel" : "details",
      "href" : "https://titanapi.churchofjesuschrist.org/assetsearch/api/v2/collection/details/collectionID/e1b3df38cd3e4904afb051348b030701e6960948"
    } ],
    "fileName" : "e1b3df38cd3e4904afb051348b030701e6960948.json"
  }, {
    "path" : "Mobile Media Library/Japanese - Video/Scriptural Reenactments and Teachings/New Testament/Bible Videos/Miracles",
    "collectionID" : "fbfddbab64554183aa9fdf16ab93678cbb5de7bb",
    "type" : "DEFAULT",
    "lastUpdatedDate" : "2024-09-17T16:51:57.571-06:00",
    "links" : [ {
      "rel" : "details",
      "href" : "https://titanapi.churchofjesuschrist.org/assetsearch/api/v2/collection/details/collectionID/fbfddbab64554183aa9fdf16ab93678cbb5de7bb"
    } ],
    "fileName" : "fbfddbab64554183aa9fdf16ab93678cbb5de7bb.json"
  }, {
    "path" : "Mobile Media Library/Japanese - Video/Scriptural Reenactments and Teachings/New Testament/Bible Videos/Nativity",
    "collectionID" : "a78e58259d7d4254a21182b94c1e83d67b0b7a6d",
    "type" : "DEFAULT",
    "lastUpdatedDate" : "2024-09-17T16:51:44.492-06:00",
    "links" : [ {
      "rel" : "details",
      "href" : "https://titanapi.churchofjesuschrist.org/assetsearch/api/v2/collection/details/collectionID/a78e58259d7d4254a21182b94c1e83d67b0b7a6d"
    } ],
    "fileName" : "a78e58259d7d4254a21182b94c1e83d67b0b7a6d.json"
  }, {
    "path" : "Mobile Media Library/Japanese - Video/Scriptural Reenactments and Teachings/New Testament/Bible Videos/Teachings",
    "collectionID" : "dc34293de4ac4ad6a18cddc3bd422872e4b40ddd",
    "type" : "DEFAULT",
    "lastUpdatedDate" : "2024-09-17T16:52:06.620-06:00",
    "links" : [ {
      "rel" : "details",
      "href" : "https://titanapi.churchofjesuschrist.org/assetsearch/api/v2/collection/details/collectionID/dc34293de4ac4ad6a18cddc3bd422872e4b40ddd"
    } ],
    "fileName" : "dc34293de4ac4ad6a18cddc3bd422872e4b40ddd.json"
  } ],
  "assets" : [ ],
  "fileName" : "6d7ac9f528784d6ebc2e32c5ba7c638c5d6efed5.json",
  "name" : "Bible Videos",
  "publicTitle" : "聖書ビデオ―イエス"
}