{
  "parentCollectionID" : "483c4f64b6224eee8be8498fa544b3b989812c4b",
  "parentCollectionPath" : "Mobile Media Library/French - Video/Sharing the Gospel",
  "collectionType" : "assets",
  "path" : "Mobile Media Library/French - Video/Sharing the Gospel/Come Unto Christ",
  "collectionID" : "6f0b01f9042a4594bfaeffef7f0390fb",
  "language" : "fra",
  "type" : "DEFAULT",
  "lastUpdatedDate" : "2024-10-31T11:20:21.837-06:00",
  "links" : [ {
    "rel" : "details",
    "href" : "https://titanapi.churchofjesuschrist.org/assetsearch/api/v2/collection/details/collectionID/6f0b01f9042a4594bfaeffef7f0390fb"
  } ],
  "coverImages" : [ {
    "asset" : {
      "assetID" : "5aa1e517f72611ecb63aeeeeac1e92a16528de9c"
    }
  } ],
  "related" : [ ],
  "metadata" : [ {
    "key" : "orderIndex",
    "value" : "4"
  }, {
    "key" : "channel",
    "value" : "mobile",
    "language" : "fra"
  }, {
    "key" : "collectionUri",
    "value" : "come-unto-christ",
    "language" : "fra"
  }, {
    "key" : "publicTitle",
    "value" : "Venez au Christ",
    "language" : "fra"
  } ],
  "children" : [ ],
  "assets" : [ {
    "asset" : {
      "assetID" : "f15725474d6811ec9f42eeeeac1e4ef092a27a2f"
    },
    "index" : 0,
    "addedDate" : 1727378527227,
    "metadata" : [ ]
  }, {
    "asset" : {
      "assetID" : "8c742e12d0a811ec9930eeeeac1e63b8785ee3f5"
    },
    "index" : 1,
    "addedDate" : 1727378541235,
    "metadata" : [ ]
  }, {
    "asset" : {
      "assetID" : "a9379de71de711ef9f5feeeeac1edc6ac68eb8c0"
    },
    "index" : 2,
    "addedDate" : 1727378563836,
    "metadata" : [ ]
  } ],
  "fileName" : "6f0b01f9042a4594bfaeffef7f0390fb.json",
  "name" : "Come Unto Christ",
  "publicTitle" : "Venez au Christ"
}