{
  "parentCollectionID" : "51dff262d8f74d5e835bdafa33bf33bf",
  "parentCollectionPath" : "Mobile Media Library/Cantonese - Video/Broadcasts/Teaching Religion to Youth and Young Adults",
  "collectionType" : "assets",
  "path" : "Mobile Media Library/Cantonese - Video/Broadcasts/Teaching Religion to Youth and Young Adults/2008–An Evening with President Boyd K. Packer",
  "collectionID" : "6f2bd1fe0d4947789b9ddc50e6fa432b",
  "language" : "yue",
  "type" : "DEFAULT",
  "lastUpdatedDate" : "2023-07-06T11:28:19.052-06:00",
  "links" : [ {
    "rel" : "details",
    "href" : "https://titanapi.churchofjesuschrist.org/assetsearch/api/v2/collection/details/collectionID/6f2bd1fe0d4947789b9ddc50e6fa432b"
  } ],
  "coverImages" : [ {
    "asset" : {
      "assetID" : "f9e418b1d8b55935405974118ed4a9813cab1c29"
    }
  } ],
  "related" : [ ],
  "metadata" : [ {
    "key" : "collectionUri",
    "value" : "evening-with-a-general-authority-2008",
    "language" : "yue"
  }, {
    "key" : "publicTitle",
    "value" : "2008—與培道·潘長老一夕談",
    "language" : "yue"
  }, {
    "key" : "orderIndex",
    "value" : "13"
  } ],
  "children" : [ ],
  "assets" : [ {
    "asset" : {
      "assetID" : "2008-02-1000-an-evening-with-president-boyd-k-packer-yue"
    },
    "index" : 0,
    "addedDate" : 1688664529979,
    "metadata" : [ ]
  } ],
  "fileName" : "6f2bd1fe0d4947789b9ddc50e6fa432b.json",
  "name" : "2008–An Evening with President Boyd K. Packer",
  "publicTitle" : "2008—與培道·潘長老一夕談"
}