{
  "parentCollectionID" : "ad9a34e99d27438884207274a908541a69f4fca6",
  "parentCollectionPath" : "Mobile Media Library/Ukrainian - Video/Life Help/Self-Reliance Services and PEF/Starting and Growing My Business (US and Canada Only)",
  "collectionType" : "collections",
  "path" : "Mobile Media Library/Ukrainian - Video/Life Help/Self-Reliance Services and PEF/Starting and Growing My Business (US and Canada Only)/Chapter 7: Keeping Separate My Business and Personal Money",
  "collectionID" : "6f896eced4354e2c9ddbe1920cc5adbe4e3817b6",
  "language" : "ukr",
  "type" : "DEFAULT",
  "lastUpdatedDate" : "2022-07-19T13:22:19.991-06:00",
  "links" : [ {
    "rel" : "details",
    "href" : "https://titanapi.churchofjesuschrist.org/assetsearch/api/v2/collection/details/collectionID/6f896eced4354e2c9ddbe1920cc5adbe4e3817b6"
  } ],
  "coverImages" : [ {
    "asset" : {
      "assetID" : "f17ac3b36b75887dd500d911f3a07789336bc639"
    }
  } ],
  "related" : [ ],
  "metadata" : [ {
    "key" : "collectionUri",
    "value" : "chapter-7-keeping-separate-my-business-and-personal-money",
    "language" : "ukr"
  } ],
  "children" : [ ],
  "assets" : [ ],
  "fileName" : "6f896eced4354e2c9ddbe1920cc5adbe4e3817b6.json",
  "name" : "Chapter 7: Keeping Separate My Business and Personal Money"
}