{
  "parentCollectionID" : "328502d5f15b40bb8942a90044844aa2",
  "parentCollectionPath" : "Mobile Media Library/German - Video/Scriptural Reenactments and Teachings/Book of Mormon/Book of Mormon Videos",
  "collectionType" : "collections",
  "path" : "Mobile Media Library/German - Video/Scriptural Reenactments and Teachings/Book of Mormon/Book of Mormon Videos/Alma 17-19",
  "collectionID" : "7051216e5351412b90c151767061124f",
  "language" : "deu",
  "type" : "DEFAULT",
  "lastUpdatedDate" : "2024-06-18T10:38:06.586-06:00",
  "links" : [ {
    "rel" : "details",
    "href" : "https://titanapi.churchofjesuschrist.org/assetsearch/api/v2/collection/details/collectionID/7051216e5351412b90c151767061124f"
  } ],
  "coverImages" : [ {
    "asset" : {
      "assetID" : "13b24f5d67f66b75091771f3b7812a08ef51b2d8"
    }
  } ],
  "related" : [ ],
  "metadata" : [ {
    "key" : "orderIndex",
    "value" : "24"
  }, {
    "key" : "channel",
    "value" : "mobile",
    "language" : "deu"
  }, {
    "key" : "collectionUri",
    "value" : "alma-17-19",
    "language" : "deu"
  }, {
    "key" : "publicTitle",
    "value" : "Alma 17 bis 19",
    "language" : "deu"
  } ],
  "children" : [ ],
  "assets" : [ ],
  "fileName" : "7051216e5351412b90c151767061124f.json",
  "name" : "Alma 17-19",
  "publicTitle" : "Alma 17 bis 19"
}