{
  "parentCollectionID" : "7f70afda0dc4b7943a17552aa4bae2c8e51e4b31",
  "parentCollectionPath" : "Mobile Media Library/Portuguese - Video/Life Help/Self-Reliance Services PEF/Starting and Growing My Business",
  "collectionType" : "assets",
  "path" : "Mobile Media Library/Portuguese - Video/Life Help/Self-Reliance Services PEF/Starting and Growing My Business/Chapter 01: How do I start or improve my business?",
  "collectionID" : "70d82a613982ce24007c268f7debffa4c008e8a2",
  "language" : "por",
  "type" : "DEFAULT",
  "lastUpdatedDate" : "2021-04-01T14:00:33.704-06:00",
  "links" : [ {
    "rel" : "details",
    "href" : "https://titanapi.churchofjesuschrist.org/assetsearch/api/v2/collection/details/collectionID/70d82a613982ce24007c268f7debffa4c008e8a2"
  } ],
  "coverImages" : [ {
    "asset" : {
      "assetID" : "78e891450c961479126303d9688565651e26a880"
    }
  } ],
  "related" : [ ],
  "metadata" : [ {
    "key" : "collectionUri",
    "value" : "chapter-1-how-do-i-start-or-improve-my-business",
    "language" : "por"
  }, {
    "key" : "publicTitle",
    "value" : "Capítulo 01: Como faço para começar ou melhorar meu negócio?",
    "language" : "por"
  } ],
  "children" : [ ],
  "assets" : [ {
    "asset" : {
      "assetID" : "244799adc6c325501a80b469b94e63c4ea75d861"
    },
    "addedDate" : 1480520027070,
    "metadata" : [ ]
  }, {
    "asset" : {
      "assetID" : "a824941366f36448e9dfcc202b902ab0ad818897"
    },
    "addedDate" : 1480520027070,
    "metadata" : [ ]
  } ],
  "fileName" : "70d82a613982ce24007c268f7debffa4c008e8a2.json",
  "name" : "Chapter 01: How do I start or improve my business?",
  "publicTitle" : "Capítulo 01: Como faço para começar ou melhorar meu negócio?"
}