{
  "parentCollectionID" : "3ea09ebc341a031d242dd3a50aeb51fdd75fb497",
  "parentCollectionPath" : "Mobile Media Library/Spanish - Video/Life Help/Self Reliance Services and PEF/Personal Finances",
  "collectionType" : "assets",
  "path" : "Mobile Media Library/Spanish - Video/Life Help/Self Reliance Services and PEF/Personal Finances/Chapter 2: Becoming Unified in Our Approach to Finances",
  "collectionID" : "713c908b6089ad0a1c6aa4ea23986381fe3f12aa",
  "language" : "spa",
  "type" : "DEFAULT",
  "lastUpdatedDate" : "2021-05-24T09:51:17.160-06:00",
  "links" : [ {
    "rel" : "details",
    "href" : "https://titanapi.churchofjesuschrist.org/assetsearch/api/v2/collection/details/collectionID/713c908b6089ad0a1c6aa4ea23986381fe3f12aa"
  } ],
  "coverImages" : [ {
    "asset" : {
      "assetID" : "d1a8a9472280ec57c67ea68b381e896197cffd06"
    }
  } ],
  "related" : [ ],
  "metadata" : [ {
    "key" : "collectionUri",
    "value" : "chapter-2-becoming-unified-in-our-approach-to-finances",
    "language" : "spa"
  }, {
    "key" : "publicTitle",
    "value" : "Capítulo 02: Unirnos en nuestro enfoque hacia las finanzas",
    "language" : "spa"
  } ],
  "children" : [ ],
  "assets" : [ {
    "asset" : {
      "assetID" : "36617196d6c8006ba09d9e076900ee5adcdd97da"
    },
    "addedDate" : 1496265520035,
    "metadata" : [ ]
  } ],
  "fileName" : "713c908b6089ad0a1c6aa4ea23986381fe3f12aa.json",
  "name" : "Chapter 2: Becoming Unified in Our Approach to Finances",
  "publicTitle" : "Capítulo 02: Unirnos en nuestro enfoque hacia las finanzas"
}