{
  "parentCollectionID" : "6e72238894ec4146be878225d241616b",
  "parentCollectionPath" : "Mobile Media Library/Mandarin Simpified - Images/Everyday People/Portraits of Faith",
  "collectionType" : "assets",
  "path" : "Mobile Media Library/Mandarin Simpified - Images/Everyday People/Portraits of Faith/Josephine Scere",
  "collectionID" : "714296e639ae4b8c9e10d9730dd32004",
  "type" : "DEFAULT",
  "lastUpdatedDate" : "2023-09-22T11:38:24.090-06:00",
  "links" : [ {
    "rel" : "details",
    "href" : "https://titanapi.churchofjesuschrist.org/assetsearch/api/v2/collection/details/collectionID/714296e639ae4b8c9e10d9730dd32004"
  } ],
  "coverImages" : [ {
    "asset" : {
      "assetID" : "98cbf8d4a7602338e094b15fe2a5355c8e41a2bd"
    }
  } ],
  "related" : [ ],
  "metadata" : [ {
    "key" : "collectionUri",
    "value" : "josephine-scere-images"
  }, {
    "key" : "publicTitle",
    "value" : "約瑟芬·賽爾"
  }, {
    "key" : "orderIndex",
    "value" : "14"
  } ],
  "children" : [ ],
  "assets" : [ {
    "asset" : {
      "assetID" : "578b31978110097ed91c43cb6e0ed91d00f3cf9d"
    },
    "addedDate" : 1695405165480,
    "metadata" : [ ]
  }, {
    "asset" : {
      "assetID" : "e7ca1f8775a18f60ae73e628e42f50fa33e94694"
    },
    "addedDate" : 1695405165480,
    "metadata" : [ ]
  }, {
    "asset" : {
      "assetID" : "17943bcc4e32c846c9bb759fda757f574d7010fe"
    },
    "addedDate" : 1695405165483,
    "metadata" : [ ]
  }, {
    "asset" : {
      "assetID" : "2c27d4baec9091c4088b59557150f434280c099e"
    },
    "addedDate" : 1695405165483,
    "metadata" : [ ]
  }, {
    "asset" : {
      "assetID" : "9213a7f6b2d7052468aa971669560e3bfdc7f9e2"
    },
    "addedDate" : 1695405165486,
    "metadata" : [ ]
  }, {
    "asset" : {
      "assetID" : "98cbf8d4a7602338e094b15fe2a5355c8e41a2bd"
    },
    "addedDate" : 1695405165473,
    "metadata" : [ ]
  } ],
  "fileName" : "714296e639ae4b8c9e10d9730dd32004.json",
  "name" : "Josephine Scere",
  "publicTitle" : "約瑟芬·賽爾"
}