{
  "parentCollectionID" : "c7c673343a624c49a5e820aa3a26f6048fed5732",
  "parentCollectionPath" : "Mobile Media Library/Swedish - Video/Teaching and Lessons/Come, Follow Me/Come, Follow Me: New Testament Learning and Teaching Resources",
  "collectionType" : "collections",
  "path" : "Mobile Media Library/Swedish - Video/Teaching and Lessons/Come, Follow Me/Come, Follow Me: New Testament Learning and Teaching Resources/Sep. 16-22: 2 Corinthians 8-13",
  "collectionID" : "716722c0c6c34469802ac17a41bcb4734850ba2e",
  "language" : "swe",
  "type" : "DEFAULT",
  "lastUpdatedDate" : "2022-04-18T00:36:59.336-06:00",
  "links" : [ {
    "rel" : "details",
    "href" : "https://titanapi.churchofjesuschrist.org/assetsearch/api/v2/collection/details/collectionID/716722c0c6c34469802ac17a41bcb4734850ba2e"
  } ],
  "coverImages" : [ {
    "asset" : {
      "assetID" : "be4beff049a63d94f51fbc8d5ab675400872cb6a"
    }
  } ],
  "related" : [ ],
  "metadata" : [ {
    "key" : "collectionUri",
    "value" : "Sep-16-22-2-Corinthians-8-13-videos",
    "language" : "swe"
  }, {
    "key" : "orderIndex",
    "value" : "37"
  } ],
  "children" : [ ],
  "assets" : [ ],
  "fileName" : "716722c0c6c34469802ac17a41bcb4734850ba2e.json",
  "name" : "Sep. 16-22: 2 Corinthians 8-13"
}