{
  "parentCollectionID" : "328502d5f15b40bb8942a90044844aa2",
  "parentCollectionPath" : "Mobile Media Library/German - Video/Scriptural Reenactments and Teachings/Book of Mormon/Book of Mormon Videos",
  "collectionType" : "assets",
  "path" : "Mobile Media Library/German - Video/Scriptural Reenactments and Teachings/Book of Mormon/Book of Mormon Videos/1 Nephi 18",
  "collectionID" : "736fb0b14639452b82290c3812b0ffca",
  "language" : "deu",
  "type" : "DEFAULT",
  "lastUpdatedDate" : "2024-06-18T10:41:03.989-06:00",
  "links" : [ {
    "rel" : "details",
    "href" : "https://titanapi.churchofjesuschrist.org/assetsearch/api/v2/collection/details/collectionID/736fb0b14639452b82290c3812b0ffca"
  } ],
  "coverImages" : [ {
    "asset" : {
      "assetID" : "bee4eedb0f9e76092c6149d9fc4b8962fa3cc3de"
    }
  } ],
  "related" : [ ],
  "metadata" : [ {
    "key" : "orderIndex",
    "value" : "8"
  }, {
    "key" : "channel",
    "value" : "mobile",
    "language" : "deu"
  }, {
    "key" : "collectionUri",
    "value" : "1-nephi-18",
    "language" : "deu"
  }, {
    "key" : "publicTitle",
    "value" : "1 Nephi 18",
    "language" : "deu"
  } ],
  "children" : [ ],
  "assets" : [ {
    "asset" : {
      "assetID" : "F7DD0FFB292FF715A74D42E439F90EB4F6FE1CA5"
    },
    "index" : 0,
    "addedDate" : 1633131796476,
    "metadata" : [ ]
  }, {
    "asset" : {
      "assetID" : "C76A4702F16601B3E4E9674BBE1358A5A5909E05"
    },
    "index" : 1,
    "addedDate" : 1633131820967,
    "metadata" : [ ]
  }, {
    "asset" : {
      "assetID" : "76A8041FD42E991BD71F1801B34C8772DC0E6072"
    },
    "index" : 2,
    "addedDate" : 1633131837244,
    "metadata" : [ ]
  }, {
    "asset" : {
      "assetID" : "E7F27EA8D02AC814124E2D42AF5BFF5CA10514CC"
    },
    "index" : 3,
    "addedDate" : 1633131852204,
    "metadata" : [ ]
  }, {
    "asset" : {
      "assetID" : "BBF6FBABFAF7E4427AE857E12FB1501EF7DDBC5A"
    },
    "index" : 4,
    "addedDate" : 1633131863889,
    "metadata" : [ ]
  } ],
  "fileName" : "736fb0b14639452b82290c3812b0ffca.json",
  "name" : "1 Nephi 18",
  "publicTitle" : "1 Nephi 18"
}