{
  "parentCollectionID" : "3b7a42dbb3ae4426bbd030fc8938f698",
  "parentCollectionPath" : "Mobile Media Library/Mandarin Traditional - Images/Everyday People/Portraits of Faith",
  "collectionType" : "assets",
  "path" : "Mobile Media Library/Mandarin Traditional - Images/Everyday People/Portraits of Faith/Markus Tilgner",
  "collectionID" : "73c5ff69dbb14e2b8d87f1091b5ded12",
  "language" : "zho",
  "type" : "DEFAULT",
  "lastUpdatedDate" : "2024-09-17T15:27:25.040-06:00",
  "links" : [ {
    "rel" : "details",
    "href" : "https://titanapi.churchofjesuschrist.org/assetsearch/api/v2/collection/details/collectionID/73c5ff69dbb14e2b8d87f1091b5ded12"
  } ],
  "coverImages" : [ {
    "asset" : {
      "assetID" : "070965391bec1e0bb58bf36df2de1da57730b7ad"
    }
  } ],
  "related" : [ ],
  "metadata" : [ {
    "key" : "collectionUri",
    "value" : "markus-tilgner-images"
  }, {
    "key" : "publicTitle",
    "value" : "馬克斯·提格諾"
  }, {
    "key" : "orderIndex",
    "value" : "16"
  } ],
  "children" : [ ],
  "assets" : [ {
    "asset" : {
      "assetID" : "b74bfb0475eb61a86a024062eaa54c4955d02440"
    },
    "addedDate" : 1695407345483,
    "metadata" : [ ]
  }, {
    "asset" : {
      "assetID" : "070965391bec1e0bb58bf36df2de1da57730b7ad"
    },
    "addedDate" : 1695407345473,
    "metadata" : [ ]
  }, {
    "asset" : {
      "assetID" : "0c1cb35adf4f9ad574597287d8874c5818810741"
    },
    "addedDate" : 1695407345480,
    "metadata" : [ ]
  }, {
    "asset" : {
      "assetID" : "36abd686aa065da54acc748c1cfcccbfa74f5df5"
    },
    "addedDate" : 1695407345480,
    "metadata" : [ ]
  } ],
  "fileName" : "73c5ff69dbb14e2b8d87f1091b5ded12.json",
  "name" : "Markus Tilgner",
  "publicTitle" : "馬克斯·提格諾"
}