{
  "parentCollectionID" : "43f8e66413564b36b28b86aa8e17b17143293b41",
  "parentCollectionPath" : "Mobile Media Library/Spanish - Images/Bible Images-The Life of Jesus Christ - SPA",
  "collectionType" : "assets",
  "path" : "Mobile Media Library/Spanish - Images/Bible Images-The Life of Jesus Christ - SPA/Final Events-Bible Images - SPA",
  "collectionID" : "7428cade85a784f1d09185191b3b1d8588868507",
  "language" : "spa",
  "type" : "DEFAULT",
  "lastUpdatedDate" : "2019-10-28T16:40:50.643-06:00",
  "links" : [ {
    "rel" : "details",
    "href" : "https://titanapi.churchofjesuschrist.org/assetsearch/api/v2/collection/details/collectionID/7428cade85a784f1d09185191b3b1d8588868507"
  } ],
  "coverImages" : [ ],
  "related" : [ ],
  "metadata" : [ {
    "key" : "publicTitle",
    "value" : "Acontecimientos finales: Imágenes de la Biblia",
    "language" : "spa"
  }, {
    "key" : "syncedCollectionId",
    "value" : "bbad22fe6bfc0aa344484ccd62fa76db7899725e"
  } ],
  "children" : [ ],
  "assets" : [ {
    "asset" : {
      "assetID" : "068a0fd9ee2dd0bbc09295a21539d1b5678f404b"
    },
    "addedDate" : 1524108203044,
    "metadata" : [ ]
  }, {
    "asset" : {
      "assetID" : "0a9ae0a38fb91a7ce97260be0642e70fd1083abb"
    },
    "addedDate" : 1524108277032,
    "metadata" : [ ]
  }, {
    "asset" : {
      "assetID" : "0c613b90c386dc1c610fb90a541bd69ba8e0faa3"
    },
    "addedDate" : 1524108170043,
    "metadata" : [ ]
  }, {
    "asset" : {
      "assetID" : "1158965be84bf4a443d945432c756edeabe07c45"
    },
    "addedDate" : 1524107841033,
    "metadata" : [ ]
  }, {
    "asset" : {
      "assetID" : "12e3b576ad7921a3bc2e36a70150958981e383c1"
    },
    "addedDate" : 1524107932017,
    "metadata" : [ ]
  }, {
    "asset" : {
      "assetID" : "1526a216aeeec783896cf4a43041d54010abef8e"
    },
    "addedDate" : 1524108399034,
    "metadata" : [ ]
  }, {
    "asset" : {
      "assetID" : "191ab3fe5c993c2c6cbeb04947007c4f9e9b52fe"
    },
    "addedDate" : 1524108590025,
    "metadata" : [ ]
  }, {
    "asset" : {
      "assetID" : "1ba69d5bab308e7434d6a949dffc01cb476d2d5f"
    },
    "addedDate" : 1524108217057,
    "metadata" : [ ]
  }, {
    "asset" : {
      "assetID" : "212a27a718254fb238f66665c42f483224577bcb"
    },
    "addedDate" : 1524109020002,
    "metadata" : [ ]
  }, {
    "asset" : {
      "assetID" : "25cc4acdee0f1e77ab97f5910491e181f944e25e"
    },
    "addedDate" : 1524108552018,
    "metadata" : [ ]
  }, {
    "asset" : {
      "assetID" : "2cf06113f19e5adc4f21dfd5eeff2a571c66ac96"
    },
    "addedDate" : 1524107947082,
    "metadata" : [ ]
  }, {
    "asset" : {
      "assetID" : "307fc4e5bf7762b0d5619505da13e61cc6901b10"
    },
    "addedDate" : 1524243426009,
    "metadata" : [ ]
  }, {
    "asset" : {
      "assetID" : "387f29d1da11ffa0faee5e7b44e3855bd50f9780"
    },
    "addedDate" : 1532035433062,
    "metadata" : [ ]
  }, {
    "asset" : {
      "assetID" : "4384bd66693cda405d942497773c4f556e873e7b"
    },
    "addedDate" : 1524108958095,
    "metadata" : [ ]
  }, {
    "asset" : {
      "assetID" : "44806b5db90b536aa39c193b897d579dd056b8d5"
    },
    "addedDate" : 1524109082092,
    "metadata" : [ ]
  }, {
    "asset" : {
      "assetID" : "461971ff9b95c05cde9d1ce09cc4904160c62d6c"
    },
    "addedDate" : 1524108058026,
    "metadata" : [ ]
  }, {
    "asset" : {
      "assetID" : "597408db3ab1366368c1c6d6f14e6644ee08e148"
    },
    "addedDate" : 1524108020091,
    "metadata" : [ ]
  }, {
    "asset" : {
      "assetID" : "5b7b7226321c60589757646a12866751f0513811"
    },
    "addedDate" : 1524108070097,
    "metadata" : [ ]
  }, {
    "asset" : {
      "assetID" : "663c026493167670348b37bced825d5feb9c1923"
    },
    "addedDate" : 1524108453096,
    "metadata" : [ ]
  }, {
    "asset" : {
      "assetID" : "71da2739dd3641fa5a47a8dbcddd70b969bb58fe"
    },
    "addedDate" : 1524108565020,
    "metadata" : [ ]
  }, {
    "asset" : {
      "assetID" : "752c6ced4f4364b0a3e043c0865276c3bbeebb2f"
    },
    "addedDate" : 1539818199635,
    "metadata" : [ ]
  }, {
    "asset" : {
      "assetID" : "79b543d554c433bbc54cd0f5874fb13e6f0c0d6f"
    },
    "addedDate" : 1524109141072,
    "metadata" : [ ]
  }, {
    "asset" : {
      "assetID" : "7bcf6a33fcfeb4207d8dc279b4ff69c6b4e82f16"
    },
    "addedDate" : 1524109047014,
    "metadata" : [ ]
  }, {
    "asset" : {
      "assetID" : "8942d4457c12963cb6c0e50a47d67428a24648e5"
    },
    "addedDate" : 1524108319093,
    "metadata" : [ ]
  }, {
    "asset" : {
      "assetID" : "8d87ed7d84f613b4b0049bf9e90ef7d8712a80d8"
    },
    "addedDate" : 1524108515084,
    "metadata" : [ ]
  }, {
    "asset" : {
      "assetID" : "92ebfc0c2864f13b220c17ca5fb35e51647f469b"
    },
    "addedDate" : 1524108492053,
    "metadata" : [ ]
  }, {
    "asset" : {
      "assetID" : "94c85103d884483aaf098d2d4c42b4b47f70cd59"
    },
    "addedDate" : 1524108185012,
    "metadata" : [ ]
  }, {
    "asset" : {
      "assetID" : "983fa8d94572bad4c433e136c76ccfe03e55f8fc"
    },
    "addedDate" : 1524108944040,
    "metadata" : [ ]
  }, {
    "asset" : {
      "assetID" : "9bfd2ebc806481f08703c563bf13e41fdd5ddf69"
    },
    "addedDate" : 1478560571059,
    "metadata" : [ ]
  }, {
    "asset" : {
      "assetID" : "9df99ff1cda41c4a18d3d5879be79080afe557f1"
    },
    "addedDate" : 1524108898007,
    "metadata" : [ ]
  }, {
    "asset" : {
      "assetID" : "a46ca7af61e53e8b5658d9b1ba6c49e83ba335ed"
    },
    "addedDate" : 1532035258027,
    "metadata" : [ ]
  }, {
    "asset" : {
      "assetID" : "a9d222e730c39db044bab801fbe9b3f50f3346b4"
    },
    "addedDate" : 1524108504003,
    "metadata" : [ ]
  }, {
    "asset" : {
      "assetID" : "ad8e06283a64145a4f4a5e07171aced475ec27df"
    },
    "addedDate" : 1524109032090,
    "metadata" : [ ]
  }, {
    "asset" : {
      "assetID" : "aea1632fb5c765a625441d58be6391a1cf332d8d"
    },
    "addedDate" : 1530271970054,
    "metadata" : [ ]
  }, {
    "asset" : {
      "assetID" : "b10d3f242f149aa536ae74db17cdcde9baf05e57"
    },
    "addedDate" : 1524108305027,
    "metadata" : [ ]
  }, {
    "asset" : {
      "assetID" : "b1b7653c21f6ce0e5944e43ed1b64c6fab3c4632"
    },
    "addedDate" : 1524108641050,
    "metadata" : [ ]
  }, {
    "asset" : {
      "assetID" : "b4b1b47085a66ef965d6b598f0bd4542b60aa4bc"
    },
    "addedDate" : 1545421440775,
    "metadata" : [ ]
  }, {
    "asset" : {
      "assetID" : "b725ce466cbf28d23dde177ad4246493c7e36b0f"
    },
    "addedDate" : 1524108132009,
    "metadata" : [ ]
  }, {
    "asset" : {
      "assetID" : "b74cf3d54054d445aafd716e396da6a6021aebaa"
    },
    "addedDate" : 1524108387055,
    "metadata" : [ ]
  }, {
    "asset" : {
      "assetID" : "bb358268a3fc5509008f4aaf6dd521645c62875e"
    },
    "addedDate" : 1524108043038,
    "metadata" : [ ]
  }, {
    "asset" : {
      "assetID" : "bdca44d56460c94bd0c2c6f455671c7914f3c312"
    },
    "addedDate" : 1524108411074,
    "metadata" : [ ]
  }, {
    "asset" : {
      "assetID" : "be5120ff532004babc12ae65b1d6d449d4a1e8c7"
    },
    "addedDate" : 1524108425080,
    "metadata" : [ ]
  }, {
    "asset" : {
      "assetID" : "dd1653a8443cf956aa3ec9e8638e623c3c76d310"
    },
    "addedDate" : 1524108528030,
    "metadata" : [ ]
  }, {
    "asset" : {
      "assetID" : "eadae12ec7bc86307c91693835790d30c0a8098f"
    },
    "addedDate" : 1524108084023,
    "metadata" : [ ]
  }, {
    "asset" : {
      "assetID" : "ee0bb6b4f7fa5080b0f845f5e2812131d1c39073"
    },
    "addedDate" : 1524108464095,
    "metadata" : [ ]
  }, {
    "asset" : {
      "assetID" : "1ed5b153d51516e859b583d8c32226ce16dfc0b3"
    },
    "addedDate" : 1524108349064,
    "metadata" : [ ]
  }, {
    "asset" : {
      "assetID" : "ff6c67f93d9a628c0dce30eca9c05f4d48d40526"
    },
    "addedDate" : 1524108884077,
    "metadata" : [ ]
  }, {
    "asset" : {
      "assetID" : "f81ccabd9ebf58c1e2319b86ee52b0cd9cef64b8"
    },
    "addedDate" : 1524108117056,
    "metadata" : [ ]
  }, {
    "asset" : {
      "assetID" : "c2a7ef3863338dcedf7652d57583e83aa05c82a5"
    },
    "addedDate" : 1524107779025,
    "metadata" : [ ]
  }, {
    "asset" : {
      "assetID" : "f71e2a7c57632cdc80da12c5921a05dbedbbbb75"
    },
    "addedDate" : 1524108833002,
    "metadata" : [ ]
  }, {
    "asset" : {
      "assetID" : "f30c166a9b2c29a146e161639c1e0ef96fa40acb"
    },
    "addedDate" : 1524109097075,
    "metadata" : [ ]
  } ],
  "fileName" : "7428cade85a784f1d09185191b3b1d8588868507.json",
  "name" : "Final Events-Bible Images - SPA",
  "publicTitle" : "Acontecimientos finales: Imágenes de la Biblia"
}