{
  "parentCollectionID" : "22e3232e384c8650311b2940336759a89b8d6f8b",
  "parentCollectionPath" : "Mobile Media Library",
  "collectionType" : "assets",
  "path" : "Mobile Media Library/ASL  - GS Banner - Videos Only",
  "collectionID" : "76074fb13ab14e79931cc932e9437da2",
  "language" : "ase",
  "type" : "DEFAULT",
  "lastUpdatedDate" : "2025-01-13T14:59:20.982-07:00",
  "links" : [ {
    "rel" : "details",
    "href" : "https://titanapi.churchofjesuschrist.org/assetsearch/api/v2/collection/details/collectionID/76074fb13ab14e79931cc932e9437da2"
  } ],
  "coverImages" : [ ],
  "related" : [ ],
  "metadata" : [ {
    "key" : "orderIndex",
    "value" : "68"
  }, {
    "key" : "channel",
    "value" : "mobile",
    "language" : "ase"
  }, {
    "key" : "collectionUri",
    "value" : "gospel-stream-banner",
    "language" : "ase"
  }, {
    "key" : "publicTitle",
    "value" : "Gospel Stream Banner",
    "language" : "ase"
  } ],
  "children" : [ ],
  "assets" : [ {
    "asset" : {
      "assetID" : "c280c940dbce11eea061eeeeac1e25ef14f4e7fa"
    },
    "index" : 5,
    "addedDate" : 1736304233208,
    "metadata" : [ ]
  }, {
    "asset" : {
      "assetID" : "d62ce2717f6211efb0ca022e7e432ed97a3ecc19"
    },
    "index" : 0,
    "addedDate" : 1736805301964,
    "metadata" : [ ]
  }, {
    "asset" : {
      "assetID" : "gvw3cls8r55emtf2ifi1bjyod0a16o3y91bguki5"
    },
    "index" : 4,
    "addedDate" : 1734373256958,
    "metadata" : [ ]
  }, {
    "asset" : {
      "assetID" : "2lilf649g6zah19zh3ye51s4alpb3fks41zz3avl"
    },
    "index" : 2,
    "addedDate" : 1734958696726,
    "metadata" : [ ]
  }, {
    "asset" : {
      "assetID" : "ynjvi0jvcmzzl5dndd94j9snpfk680rusebiq78l"
    },
    "index" : 3,
    "addedDate" : 1734462365348,
    "metadata" : [ ]
  }, {
    "asset" : {
      "assetID" : "jb2qx3b76r69xmwrs4e4j0nm2t2fzpvhyro2ca6q"
    },
    "index" : 1,
    "addedDate" : 1736012252880,
    "metadata" : [ ]
  } ],
  "fileName" : "76074fb13ab14e79931cc932e9437da2.json",
  "name" : "ASL  - GS Banner - Videos Only",
  "publicTitle" : "Gospel Stream Banner"
}