{
  "parentCollectionID" : "1c804235c096430992b0b39d7aeb715a",
  "parentCollectionPath" : "Mobile Media Library/Cebuano - Video/Sharing the Gospel",
  "collectionType" : "assets",
  "path" : "Mobile Media Library/Cebuano - Video/Sharing the Gospel/Simple Ways to Love, Share, and Invite",
  "collectionID" : "76355a0e90474eb9a2f07439610d9a41",
  "language" : "ceb",
  "type" : "DEFAULT",
  "lastUpdatedDate" : "2024-10-09T11:36:18.552-06:00",
  "links" : [ {
    "rel" : "details",
    "href" : "https://titanapi.churchofjesuschrist.org/assetsearch/api/v2/collection/details/collectionID/76355a0e90474eb9a2f07439610d9a41"
  } ],
  "coverImages" : [ {
    "asset" : {
      "assetID" : "2075d960057911ee93c4eeeeac1e49edf81c936f"
    }
  } ],
  "related" : [ ],
  "metadata" : [ {
    "key" : "orderIndex",
    "value" : "1"
  }, {
    "key" : "channel",
    "value" : "mobile",
    "language" : "ceb"
  }, {
    "key" : "collectionUri",
    "value" : "simple-ways-to-love-share-and-invite",
    "language" : "ceb"
  }, {
    "key" : "publicTitle",
    "value" : "Yano nga mga Paagi sa Paghigugma, Pagpakigbahin, ug Pagdapit",
    "language" : "ceb"
  } ],
  "children" : [ ],
  "assets" : [ {
    "asset" : {
      "assetID" : "ae594cc1c75c11edb98aeeeeac1e2ee3e4869508"
    },
    "index" : 0,
    "addedDate" : 1727459778508,
    "metadata" : [ ]
  } ],
  "fileName" : "76355a0e90474eb9a2f07439610d9a41.json",
  "name" : "Simple Ways to Love, Share, and Invite",
  "publicTitle" : "Yano nga mga Paagi sa Paghigugma, Pagpakigbahin, ug Pagdapit"
}