{
  "parentCollectionID" : "a362cf32612a48c380d0013df943b987",
  "parentCollectionPath" : "Mobile Media Library/English - Video/Teaching and Lessons/Come, Follow Me/2023 New Testament Media Resources",
  "collectionType" : "assets",
  "path" : "Mobile Media Library/English - Video/Teaching and Lessons/Come, Follow Me/2023 New Testament Media Resources/February 13–February 19. Matthew 5; Luke 6: \"Blessed Are Ye\"",
  "collectionID" : "76d085dda83a4338b68309790cd0f556",
  "language" : "eng",
  "type" : "DEFAULT",
  "lastUpdatedDate" : "2022-12-01T14:24:21.019-07:00",
  "links" : [ {
    "rel" : "details",
    "href" : "https://titanapi.churchofjesuschrist.org/assetsearch/api/v2/collection/details/collectionID/76d085dda83a4338b68309790cd0f556"
  } ],
  "coverImages" : [ {
    "asset" : {
      "assetID" : "513f23e2aaf86702468b29b50e536be53e50b2bb"
    }
  } ],
  "related" : [ ],
  "metadata" : [ {
    "key" : "orderIndex",
    "value" : "8"
  }, {
    "key" : "collectionUri",
    "value" : "cfm-2023-videos-february-13-19",
    "language" : "eng"
  }, {
    "key" : "publicTitle",
    "value" : "February 13–February 19. Matthew 5; Luke 6: \"Blessed Are Ye\"",
    "language" : "eng"
  } ],
  "children" : [ ],
  "assets" : [ {
    "asset" : {
      "assetID" : "ff8ed03fcba5d59e6523dcc8fdde57a2e7a9c100"
    },
    "index" : 1,
    "addedDate" : 1650043183309,
    "metadata" : [ ]
  }, {
    "asset" : {
      "assetID" : "d9c93eb80bf161429140649da4349f4958cf4190"
    },
    "index" : 0,
    "addedDate" : 1650043172574,
    "metadata" : [ ]
  } ],
  "fileName" : "76d085dda83a4338b68309790cd0f556.json",
  "name" : "February 13–February 19. Matthew 5; Luke 6: \"Blessed Are Ye\"",
  "publicTitle" : "February 13–February 19. Matthew 5; Luke 6: \"Blessed Are Ye\""
}