{
  "parentCollectionID" : "711fb651dfd34993b459369ced5cfd74",
  "parentCollectionPath" : "Mobile Media Library/Indonesian - Video/Holidays",
  "collectionType" : "collections",
  "path" : "Mobile Media Library/Indonesian - Video/Holidays/Mother's Day",
  "collectionID" : "77326ce2ecce4055845da23b095a0ec4",
  "language" : "ind",
  "type" : "DEFAULT",
  "lastUpdatedDate" : "2023-02-21T16:04:55.765-07:00",
  "links" : [ {
    "rel" : "details",
    "href" : "https://titanapi.churchofjesuschrist.org/assetsearch/api/v2/collection/details/collectionID/77326ce2ecce4055845da23b095a0ec4"
  } ],
  "coverImages" : [ {
    "asset" : {
      "assetID" : "9b23c6ad09a34ec17837bd808c5c36f2ed89d2d7"
    }
  } ],
  "related" : [ ],
  "metadata" : [ {
    "key" : "collectionUri",
    "value" : "mothers-day-holiday",
    "language" : "ind"
  }, {
    "key" : "publicTitle",
    "value" : "Hari Ibu",
    "language" : "ind"
  }, {
    "key" : "orderIndex",
    "value" : "6"
  } ],
  "children" : [ ],
  "assets" : [ ],
  "fileName" : "77326ce2ecce4055845da23b095a0ec4.json",
  "name" : "Mother's Day",
  "publicTitle" : "Hari Ibu"
}