{
  "parentCollectionID" : "d47b6d4034434e41a0dc42944af92cc1",
  "parentCollectionPath" : "Mobile Media Library/Swedish - Featured",
  "collectionType" : "assets",
  "path" : "Mobile Media Library/Swedish - Featured/General Conference Feature",
  "collectionID" : "784e87b3be284838bcd4450114322bb0",
  "language" : "swe",
  "type" : "DEFAULT",
  "lastUpdatedDate" : "2024-10-28T14:39:08.600-06:00",
  "links" : [ {
    "rel" : "details",
    "href" : "https://titanapi.churchofjesuschrist.org/assetsearch/api/v2/collection/details/collectionID/784e87b3be284838bcd4450114322bb0"
  } ],
  "coverImages" : [ {
    "asset" : {
      "assetID" : "98b124fbefe28326b9d3581b6717835482940879"
    }
  } ],
  "related" : [ ],
  "metadata" : [ {
    "key" : "orderIndex",
    "value" : "3"
  }, {
    "key" : "channel",
    "value" : "mobile",
    "language" : "swe"
  }, {
    "key" : "collectionUri",
    "value" : "general-conference-feature",
    "language" : "swe"
  }, {
    "key" : "publicTitle",
    "value" : "Konafesi aoao ia Oketopa 2024",
    "language" : "swe"
  } ],
  "children" : [ ],
  "assets" : [ {
    "asset" : {
      "assetID" : "6ad5e7537f5e11efb0ca022e7e432ed9497d155c"
    },
    "index" : 2,
    "addedDate" : 1730148079035,
    "metadata" : [ ]
  }, {
    "asset" : {
      "assetID" : "60e1fb867f5e11efb0ca022e7e432ed97f2634a1"
    },
    "index" : 3,
    "addedDate" : 1730148079127,
    "metadata" : [ ]
  }, {
    "asset" : {
      "assetID" : "6569807b7f5e11efb0ca022e7e432ed9385f846f"
    },
    "index" : 4,
    "addedDate" : 1730148079239,
    "metadata" : [ ]
  }, {
    "asset" : {
      "assetID" : "66e4d6387f5e11efb0ca022e7e432ed90669db06"
    },
    "index" : 1,
    "addedDate" : 1730148078916,
    "metadata" : [ ]
  }, {
    "asset" : {
      "assetID" : "6c9b3e5e7f5e11efb0ca022e7e432ed9c3cfb422"
    },
    "index" : 0,
    "addedDate" : 1730148078628,
    "metadata" : [ ]
  }, {
    "asset" : {
      "assetID" : "63a00ab37f5e11efb0ca022e7e432ed98ca561a4"
    },
    "index" : 6,
    "addedDate" : 1730148079486,
    "metadata" : [ ]
  }, {
    "asset" : {
      "assetID" : "67e9c3557f5e11efb0ca022e7e432ed99aaada91"
    },
    "index" : 5,
    "addedDate" : 1730148079374,
    "metadata" : [ ]
  }, {
    "asset" : {
      "assetID" : "a7562c207f6811efb0ca022e7e432ed999fda86f"
    },
    "index" : 10,
    "addedDate" : 1730148079854,
    "metadata" : [ ]
  }, {
    "asset" : {
      "assetID" : "aedebca67f6811efb0ca022e7e432ed9fd139953"
    },
    "index" : 14,
    "addedDate" : 1730148080232,
    "metadata" : [ ]
  }, {
    "asset" : {
      "assetID" : "d45dc75c7f6211efb0ca022e7e432ed9f37c70c7"
    },
    "index" : 18,
    "addedDate" : 1730148080601,
    "metadata" : [ ]
  }, {
    "asset" : {
      "assetID" : "3dbd589f7f6011efb0ca022e7e432ed97d228000"
    },
    "index" : 20,
    "addedDate" : 1730148080790,
    "metadata" : [ ]
  }, {
    "asset" : {
      "assetID" : "435b2fd77f6011efb0ca022e7e432ed9fe5c9ecf"
    },
    "index" : 24,
    "addedDate" : 1730148081208,
    "metadata" : [ ]
  }, {
    "asset" : {
      "assetID" : "4602f7ce7f6011efb0ca022e7e432ed9b90f6c92"
    },
    "index" : 25,
    "addedDate" : 1730148081300,
    "metadata" : [ ]
  }, {
    "asset" : {
      "assetID" : "43cae1b07f6011efb0ca022e7e432ed9f03605e8"
    },
    "index" : 23,
    "addedDate" : 1730148081117,
    "metadata" : [ ]
  }, {
    "asset" : {
      "assetID" : "3ee389637f6011efb0ca022e7e432ed92cc80fb7"
    },
    "index" : 21,
    "addedDate" : 1730148080883,
    "metadata" : [ ]
  }, {
    "asset" : {
      "assetID" : "48886ac17f6011efb0ca022e7e432ed9bd87cf67"
    },
    "index" : 26,
    "addedDate" : 1730148081388,
    "metadata" : [ ]
  }, {
    "asset" : {
      "assetID" : "41aedf007f6011efb0ca022e7e432ed9fea289f0"
    },
    "index" : 22,
    "addedDate" : 1730148081025,
    "metadata" : [ ]
  }, {
    "asset" : {
      "assetID" : "a4ba4af27f6811efb0ca022e7e432ed9e40d0673"
    },
    "index" : 8,
    "addedDate" : 1730148079665,
    "metadata" : [ ]
  }, {
    "asset" : {
      "assetID" : "a5ec629a7f6811efb0ca022e7e432ed976807c1f"
    },
    "index" : 9,
    "addedDate" : 1730148079757,
    "metadata" : [ ]
  }, {
    "asset" : {
      "assetID" : "a9fd30d27f6811efb0ca022e7e432ed90c280fd1"
    },
    "index" : 11,
    "addedDate" : 1730148079948,
    "metadata" : [ ]
  }, {
    "asset" : {
      "assetID" : "aa330ded7f6811efb0ca022e7e432ed9b8b6eddb"
    },
    "index" : 12,
    "addedDate" : 1730148080046,
    "metadata" : [ ]
  }, {
    "asset" : {
      "assetID" : "adcd4c6a7f6811efb0ca022e7e432ed9ceaeda2d"
    },
    "index" : 13,
    "addedDate" : 1730148080140,
    "metadata" : [ ]
  }, {
    "asset" : {
      "assetID" : "a305e3c27f6811efb0ca022e7e432ed925eaf69f"
    },
    "index" : 7,
    "addedDate" : 1730148079576,
    "metadata" : [ ]
  }, {
    "asset" : {
      "assetID" : "d09d8a467f6211efb0ca022e7e432ed9c11341ab"
    },
    "index" : 16,
    "addedDate" : 1730148080420,
    "metadata" : [ ]
  }, {
    "asset" : {
      "assetID" : "d2cd14f17f6211efb0ca022e7e432ed9f76dd94a"
    },
    "index" : 17,
    "addedDate" : 1730148080509,
    "metadata" : [ ]
  }, {
    "asset" : {
      "assetID" : "d52277127f6211efb0ca022e7e432ed9a895fe32"
    },
    "index" : 19,
    "addedDate" : 1730148080693,
    "metadata" : [ ]
  }, {
    "asset" : {
      "assetID" : "cd6dcd7f7f6211efb0ca022e7e432ed9a959d0e7"
    },
    "index" : 15,
    "addedDate" : 1730148080327,
    "metadata" : [ ]
  }, {
    "asset" : {
      "assetID" : "82ceefde7f6b11ef9c8c0626c361eb5507b8cc6c"
    },
    "index" : 30,
    "addedDate" : 1730148081760,
    "metadata" : [ ]
  }, {
    "asset" : {
      "assetID" : "844c41467f6b11ef9c8c0626c361eb5571b8995d"
    },
    "index" : 32,
    "addedDate" : 1730148081946,
    "metadata" : [ ]
  }, {
    "asset" : {
      "assetID" : "8107eb237f6b11ef9c8c0626c361eb559fb08d75"
    },
    "index" : 31,
    "addedDate" : 1730148081854,
    "metadata" : [ ]
  }, {
    "asset" : {
      "assetID" : "7c57f6b27f6b11ef9c8c0626c361eb55b3f17fb6"
    },
    "index" : 28,
    "addedDate" : 1730148081571,
    "metadata" : [ ]
  }, {
    "asset" : {
      "assetID" : "87dcbbb37f6b11ef9c8c0626c361eb5599606b82"
    },
    "index" : 33,
    "addedDate" : 1730148082041,
    "metadata" : [ ]
  }, {
    "asset" : {
      "assetID" : "7f0871407f6b11ef9c8c0626c361eb55bcad25b1"
    },
    "index" : 29,
    "addedDate" : 1730148081669,
    "metadata" : [ ]
  }, {
    "asset" : {
      "assetID" : "7af5a7487f6b11ef9c8c0626c361eb557aa8475c"
    },
    "index" : 27,
    "addedDate" : 1730148081478,
    "metadata" : [ ]
  } ],
  "fileName" : "784e87b3be284838bcd4450114322bb0.json",
  "name" : "General Conference Feature",
  "publicTitle" : "Konafesi aoao ia Oketopa 2024"
}