{
  "parentCollectionID" : "d2640819806746cd84a671006cc3437eaf43de67",
  "parentCollectionPath" : "Mobile Media Library/Hungarian - Video/People",
  "collectionType" : "assets",
  "path" : "Mobile Media Library/Hungarian - Video/People/Prophet and Apostle Memorials",
  "collectionID" : "787f962155eb4bc98305a4da1d202ad86c43d00b",
  "language" : "hun",
  "type" : "DEFAULT",
  "lastUpdatedDate" : "2022-04-17T23:31:21.973-06:00",
  "links" : [ {
    "rel" : "details",
    "href" : "https://titanapi.churchofjesuschrist.org/assetsearch/api/v2/collection/details/collectionID/787f962155eb4bc98305a4da1d202ad86c43d00b"
  } ],
  "coverImages" : [ {
    "asset" : {
      "assetID" : "62024beb0f5911ec8ff1eeeeac1e0b125cc65ae8"
    }
  } ],
  "related" : [ ],
  "metadata" : [ {
    "key" : "collectionUri",
    "value" : "prophet-and-apostles-memorials-news",
    "language" : "hun"
  }, {
    "key" : "orderIndex",
    "value" : "3"
  } ],
  "children" : [ ],
  "assets" : [ {
    "asset" : {
      "assetID" : "e5cebb51f7e8f656644e09c39d3a323bcbee4a52"
    },
    "index" : 1,
    "addedDate" : 1650260110806,
    "metadata" : [ ]
  } ],
  "fileName" : "787f962155eb4bc98305a4da1d202ad86c43d00b.json",
  "name" : "Prophet and Apostle Memorials"
}