{
  "parentCollectionID" : "1321ac79a5ac4032a9d6bad423af493648fa0113",
  "parentCollectionPath" : "Mobile Media Library/German - Video/Life Help/Self-Reliance Services and PEF/Education for Better Work",
  "collectionType" : "collections",
  "path" : "Mobile Media Library/German - Video/Life Help/Self-Reliance Services and PEF/Education for Better Work/Chapter 4: Should I apply for a Perpetual Education Fund loan?",
  "collectionID" : "7a5cbbfa43794346b79b43d5a461747670738f6d",
  "language" : "deu",
  "type" : "DEFAULT",
  "lastUpdatedDate" : "2022-08-04T12:33:36.875-06:00",
  "links" : [ {
    "rel" : "details",
    "href" : "https://titanapi.churchofjesuschrist.org/assetsearch/api/v2/collection/details/collectionID/7a5cbbfa43794346b79b43d5a461747670738f6d"
  } ],
  "coverImages" : [ {
    "asset" : {
      "assetID" : "befd60337367b0a0fe0d1024b09af25826298341"
    }
  } ],
  "related" : [ ],
  "metadata" : [ {
    "key" : "collectionUri",
    "value" : "chapter-4-should-i-apply-for-a-perpetual-education-fund-loan",
    "language" : "deu"
  } ],
  "children" : [ ],
  "assets" : [ ],
  "fileName" : "7a5cbbfa43794346b79b43d5a461747670738f6d.json",
  "name" : "Chapter 4: Should I apply for a Perpetual Education Fund loan?"
}