{
  "parentCollectionID" : "2a73a834f68146454eded7351f1c4b5a876593da",
  "parentCollectionPath" : "Mobile Media Library/English - Images/Temples",
  "collectionType" : "assets",
  "path" : "Mobile Media Library/English - Images/Temples/Provo Utah Temple",
  "collectionID" : "7aa24183f86947d69b7145d661f571ec",
  "language" : "eng",
  "type" : "DEFAULT",
  "lastUpdatedDate" : "2019-12-23T19:37:30.305-07:00",
  "links" : [ {
    "rel" : "details",
    "href" : "https://titanapi.churchofjesuschrist.org/assetsearch/api/v2/collection/details/collectionID/7aa24183f86947d69b7145d661f571ec"
  } ],
  "coverImages" : [ {
    "asset" : {
      "assetID" : "15e3f7bd07d84cbff0cb7440cc9b32253706fc39"
    }
  } ],
  "related" : [ ],
  "metadata" : [ {
    "key" : "collectionUri",
    "value" : "provo-utah-temple-images",
    "language" : "eng"
  }, {
    "key" : "publicTitle",
    "value" : "Provo Utah Temple",
    "language" : "eng"
  } ],
  "children" : [ ],
  "assets" : [ {
    "asset" : {
      "assetID" : "1ac77c0c1f34a04c8fb09a6a8450b3dae2cb0f71"
    },
    "addedDate" : 1577581045447,
    "metadata" : [ ]
  }, {
    "asset" : {
      "assetID" : "d0779edc469539b93fc1330cba126f8fea641eba"
    },
    "addedDate" : 1660951460494,
    "metadata" : [ ]
  }, {
    "asset" : {
      "assetID" : "35b4cb0004f7a9fada795f6ee82ae3936a42d505"
    },
    "addedDate" : 1577581073785,
    "metadata" : [ ]
  }, {
    "asset" : {
      "assetID" : "4be3fccbe914e49acc130b5d18e2933b982ca8bc"
    },
    "addedDate" : 1577581441656,
    "metadata" : [ ]
  }, {
    "asset" : {
      "assetID" : "7870415116dd06b5f06425355e6e1d03c062f0bf"
    },
    "addedDate" : 1577581371524,
    "metadata" : [ ]
  }, {
    "asset" : {
      "assetID" : "fed8d1186cc5d1b242b2903f8b1f650e4f5a375c"
    },
    "addedDate" : 1660951479060,
    "metadata" : [ ]
  }, {
    "asset" : {
      "assetID" : "6c49f393c8192621c5b3d56a61131649ea0b6962"
    },
    "addedDate" : 1660951480900,
    "metadata" : [ ]
  }, {
    "asset" : {
      "assetID" : "85ac68270522071f597afdcd1d0fbc2c6775e8dd"
    },
    "addedDate" : 1577581015099,
    "metadata" : [ ]
  }, {
    "asset" : {
      "assetID" : "3064d6692e3e0ea1b421a3ae55caf6bd8366ea7c"
    },
    "addedDate" : 1660951487325,
    "metadata" : [ ]
  }, {
    "asset" : {
      "assetID" : "b8963db8ca367e8c68665130ad2bcb9cf253fda2"
    },
    "addedDate" : 1577581247742,
    "metadata" : [ ]
  }, {
    "asset" : {
      "assetID" : "fdacbf58367ec7d429793e930fe312365e93549e"
    },
    "addedDate" : 1577581471628,
    "metadata" : [ ]
  }, {
    "asset" : {
      "assetID" : "fb75e99800c313e7ec645a024a094f473b345d83"
    },
    "addedDate" : 1577581420905,
    "metadata" : [ ]
  }, {
    "asset" : {
      "assetID" : "de92215d9d55ecc8a92af01e861ed9f00c951fcd"
    },
    "addedDate" : 1577581494041,
    "metadata" : [ ]
  }, {
    "asset" : {
      "assetID" : "ca18d7fd3612b4e50d9281806cf6e2d4c8161dab"
    },
    "addedDate" : 1577581096074,
    "metadata" : [ ]
  }, {
    "asset" : {
      "assetID" : "76db174beefb5e08c645c09575d1accf68815271"
    },
    "addedDate" : 1577581346319,
    "metadata" : [ ]
  }, {
    "asset" : {
      "assetID" : "15e3f7bd07d84cbff0cb7440cc9b32253706fc39"
    },
    "addedDate" : 1577581536430,
    "metadata" : [ ]
  } ],
  "fileName" : "7aa24183f86947d69b7145d661f571ec.json",
  "name" : "Provo Utah Temple",
  "publicTitle" : "Provo Utah Temple"
}