{
  "parentCollectionID" : "b162c02d0a8041eaad40be70e07acc719c07a4d8",
  "parentCollectionPath" : "Mobile Media Library/Ukrainian - Video/Teaching and Lessons/Come, Follow Me/Come, Follow Me: New Testament Learning and Teaching Resources",
  "collectionType" : "collections",
  "path" : "Mobile Media Library/Ukrainian - Video/Teaching and Lessons/Come, Follow Me/Come, Follow Me: New Testament Learning and Teaching Resources/Aug. 26-Sep. 1: 1 Corinthians 8-13",
  "collectionID" : "7aafaeac9b0b49a59d7d719b884ebc183799cd79",
  "language" : "ukr",
  "type" : "DEFAULT",
  "lastUpdatedDate" : "2022-04-18T01:12:35.553-06:00",
  "links" : [ {
    "rel" : "details",
    "href" : "https://titanapi.churchofjesuschrist.org/assetsearch/api/v2/collection/details/collectionID/7aafaeac9b0b49a59d7d719b884ebc183799cd79"
  } ],
  "coverImages" : [ {
    "asset" : {
      "assetID" : "779fde4e1618bc64c2cbf32f96e232b88ff9a7cd"
    }
  } ],
  "related" : [ ],
  "metadata" : [ {
    "key" : "collectionUri",
    "value" : "Aug-26-Sep-1-1-Corinthians-8-13",
    "language" : "ukr"
  }, {
    "key" : "orderIndex",
    "value" : "34"
  } ],
  "children" : [ ],
  "assets" : [ ],
  "fileName" : "7aafaeac9b0b49a59d7d719b884ebc183799cd79.json",
  "name" : "Aug. 26-Sep. 1: 1 Corinthians 8-13"
}