{
  "parentCollectionID" : "e56bb1e34b774cae96e44f153a31fa3e7f2e8b06",
  "parentCollectionPath" : "Mobile Media Library/Korean - Video/Broadcasts",
  "collectionType" : "collections",
  "path" : "Mobile Media Library/Korean - Video/Broadcasts/Teaching Religion to Youth and Young Adults",
  "collectionID" : "7ac01e2387e34c91ac2bda851f725acb",
  "language" : "kor",
  "type" : "DEFAULT",
  "lastUpdatedDate" : "2023-11-03T10:10:07.437-06:00",
  "links" : [ {
    "rel" : "details",
    "href" : "https://titanapi.churchofjesuschrist.org/assetsearch/api/v2/collection/details/collectionID/7ac01e2387e34c91ac2bda851f725acb"
  } ],
  "coverImages" : [ {
    "asset" : {
      "assetID" : "f804edabf4f911eda054eeeeac1eef6a73b55d62"
    }
  } ],
  "related" : [ ],
  "metadata" : [ {
    "key" : "orderIndex",
    "value" : "10"
  }, {
    "key" : "description",
    "value" : "교회의 선임 지도자들이 세미나리 및 종교 교육원 교사, 관리자 및 직원들에게 말한다.",
    "language" : "kor"
  }, {
    "key" : "collectionUri",
    "value" : "teaching-religion-to-youth-and-young-adults",
    "language" : "kor"
  }, {
    "key" : "publicTitle",
    "value" : "청소년과 청년 성인에게 종교를 가르침 - 개회사",
    "language" : "kor"
  } ],
  "children" : [ {
    "path" : "Mobile Media Library/Korean - Video/Broadcasts/Teaching Religion to Youth and Young Adults/2023–The Power of Jesus Christ and Pure Doctrine with Elder Neil L. Andersen",
    "collectionID" : "4dcbe9a060944d3b833c59f234e378f9",
    "type" : "DEFAULT",
    "lastUpdatedDate" : "2023-07-05T17:16:27.685-06:00",
    "links" : [ {
      "rel" : "details",
      "href" : "https://titanapi.churchofjesuschrist.org/assetsearch/api/v2/collection/details/collectionID/4dcbe9a060944d3b833c59f234e378f9"
    } ],
    "fileName" : "4dcbe9a060944d3b833c59f234e378f9.json"
  }, {
    "path" : "Mobile Media Library/Korean - Video/Broadcasts/Teaching Religion to Youth and Young Adults/2022–Teaching in the Savior's Way with Elder Dieter F. Uchtdorf",
    "collectionID" : "cd1b56c512944e5db29064946ae7e71a",
    "type" : "DEFAULT",
    "lastUpdatedDate" : "2023-07-05T17:18:00.984-06:00",
    "links" : [ {
      "rel" : "details",
      "href" : "https://titanapi.churchofjesuschrist.org/assetsearch/api/v2/collection/details/collectionID/cd1b56c512944e5db29064946ae7e71a"
    } ],
    "fileName" : "cd1b56c512944e5db29064946ae7e71a.json"
  }, {
    "path" : "Mobile Media Library/Korean - Video/Broadcasts/Teaching Religion to Youth and Young Adults/2021–Teaching Religion to Youth and Young Adults with President and Sister Oaks",
    "collectionID" : "772bb5f844134149bba0c35c8e502308",
    "type" : "DEFAULT",
    "lastUpdatedDate" : "2023-07-05T17:19:24.891-06:00",
    "links" : [ {
      "rel" : "details",
      "href" : "https://titanapi.churchofjesuschrist.org/assetsearch/api/v2/collection/details/collectionID/772bb5f844134149bba0c35c8e502308"
    } ],
    "fileName" : "772bb5f844134149bba0c35c8e502308.json"
  }, {
    "path" : "Mobile Media Library/Korean - Video/Broadcasts/Teaching Religion to Youth and Young Adults/2020–An Evening with Elder David A. Bednar",
    "collectionID" : "2c93080cf1e645f79d45e7aef5a5ccec",
    "type" : "DEFAULT",
    "lastUpdatedDate" : "2023-07-05T17:21:00.809-06:00",
    "links" : [ {
      "rel" : "details",
      "href" : "https://titanapi.churchofjesuschrist.org/assetsearch/api/v2/collection/details/collectionID/2c93080cf1e645f79d45e7aef5a5ccec"
    } ],
    "fileName" : "2c93080cf1e645f79d45e7aef5a5ccec.json"
  }, {
    "path" : "Mobile Media Library/Korean - Video/Broadcasts/Teaching Religion to Youth and Young Adults/2019–An Evening with Elder Ronald A. Rasband",
    "collectionID" : "1d126baf31ce4291bada6cd35b5a8aba",
    "type" : "DEFAULT",
    "lastUpdatedDate" : "2023-07-05T17:23:26.051-06:00",
    "links" : [ {
      "rel" : "details",
      "href" : "https://titanapi.churchofjesuschrist.org/assetsearch/api/v2/collection/details/collectionID/1d126baf31ce4291bada6cd35b5a8aba"
    } ],
    "fileName" : "1d126baf31ce4291bada6cd35b5a8aba.json"
  }, {
    "path" : "Mobile Media Library/Korean - Video/Broadcasts/Teaching Religion to Youth and Young Adults/2018–An Evening with Elder D. Todd Christofferson",
    "collectionID" : "5074e07b0faf461db7d740f955609f96",
    "type" : "DEFAULT",
    "lastUpdatedDate" : "2023-07-05T17:27:53.725-06:00",
    "links" : [ {
      "rel" : "details",
      "href" : "https://titanapi.churchofjesuschrist.org/assetsearch/api/v2/collection/details/collectionID/5074e07b0faf461db7d740f955609f96"
    } ],
    "fileName" : "5074e07b0faf461db7d740f955609f96.json"
  }, {
    "path" : "Mobile Media Library/Korean - Video/Broadcasts/Teaching Religion to Youth and Young Adults/2017–An Evening with Elder Gerrit W. Gong",
    "collectionID" : "e3de6991f2724938a98b17cc80d93053",
    "type" : "DEFAULT",
    "lastUpdatedDate" : "2023-07-05T17:29:41.986-06:00",
    "links" : [ {
      "rel" : "details",
      "href" : "https://titanapi.churchofjesuschrist.org/assetsearch/api/v2/collection/details/collectionID/e3de6991f2724938a98b17cc80d93053"
    } ],
    "fileName" : "e3de6991f2724938a98b17cc80d93053.json"
  }, {
    "path" : "Mobile Media Library/Korean - Video/Broadcasts/Teaching Religion to Youth and Young Adults/2016–An Evening with Elder M. Russell Ballard",
    "collectionID" : "6b7a3c865b61477fb7ec6e95207c06c6",
    "type" : "DEFAULT",
    "lastUpdatedDate" : "2023-07-05T17:32:54.665-06:00",
    "links" : [ {
      "rel" : "details",
      "href" : "https://titanapi.churchofjesuschrist.org/assetsearch/api/v2/collection/details/collectionID/6b7a3c865b61477fb7ec6e95207c06c6"
    } ],
    "fileName" : "6b7a3c865b61477fb7ec6e95207c06c6.json"
  }, {
    "path" : "Mobile Media Library/Korean - Video/Broadcasts/Teaching Religion to Youth and Young Adults/2015–An Evening with Elder Jeffrey R. Holland",
    "collectionID" : "ed58a92ce34c4162a50ddf82dd5732a4",
    "type" : "DEFAULT",
    "lastUpdatedDate" : "2023-07-05T17:34:20.229-06:00",
    "links" : [ {
      "rel" : "details",
      "href" : "https://titanapi.churchofjesuschrist.org/assetsearch/api/v2/collection/details/collectionID/ed58a92ce34c4162a50ddf82dd5732a4"
    } ],
    "fileName" : "ed58a92ce34c4162a50ddf82dd5732a4.json"
  }, {
    "path" : "Mobile Media Library/Korean - Video/Broadcasts/Teaching Religion to Youth and Young Adults/2014–An Evening with Elder Neil L. Andersen",
    "collectionID" : "770fe9e5d70249e09b3038d27fdaccd4",
    "type" : "DEFAULT",
    "lastUpdatedDate" : "2023-07-05T17:35:47.438-06:00",
    "links" : [ {
      "rel" : "details",
      "href" : "https://titanapi.churchofjesuschrist.org/assetsearch/api/v2/collection/details/collectionID/770fe9e5d70249e09b3038d27fdaccd4"
    } ],
    "fileName" : "770fe9e5d70249e09b3038d27fdaccd4.json"
  }, {
    "path" : "Mobile Media Library/Korean - Video/Broadcasts/Teaching Religion to Youth and Young Adults/2013–An Evening with Elder Dallin H. Oaks",
    "collectionID" : "bd5a354b722e4ecba924e4da0d63cff5",
    "type" : "DEFAULT",
    "lastUpdatedDate" : "2023-07-05T17:37:01.661-06:00",
    "links" : [ {
      "rel" : "details",
      "href" : "https://titanapi.churchofjesuschrist.org/assetsearch/api/v2/collection/details/collectionID/bd5a354b722e4ecba924e4da0d63cff5"
    } ],
    "fileName" : "bd5a354b722e4ecba924e4da0d63cff5.json"
  }, {
    "path" : "Mobile Media Library/Korean - Video/Broadcasts/Teaching Religion to Youth and Young Adults/2009–An Evening with Elder Quentin L. Cook",
    "collectionID" : "f0a0156504744a9d9d39fc0b0ba1bd6d",
    "type" : "DEFAULT",
    "lastUpdatedDate" : "2023-07-05T17:38:10.691-06:00",
    "links" : [ {
      "rel" : "details",
      "href" : "https://titanapi.churchofjesuschrist.org/assetsearch/api/v2/collection/details/collectionID/f0a0156504744a9d9d39fc0b0ba1bd6d"
    } ],
    "fileName" : "f0a0156504744a9d9d39fc0b0ba1bd6d.json"
  }, {
    "path" : "Mobile Media Library/Korean - Video/Broadcasts/Teaching Religion to Youth and Young Adults/2008–An Evening with President Boyd K. Packer",
    "collectionID" : "30842056c4dc47959fa99c3277e96b13",
    "type" : "DEFAULT",
    "lastUpdatedDate" : "2023-07-05T17:39:09.625-06:00",
    "links" : [ {
      "rel" : "details",
      "href" : "https://titanapi.churchofjesuschrist.org/assetsearch/api/v2/collection/details/collectionID/30842056c4dc47959fa99c3277e96b13"
    } ],
    "fileName" : "30842056c4dc47959fa99c3277e96b13.json"
  }, {
    "path" : "Mobile Media Library/Korean - Video/Broadcasts/Teaching Religion to Youth and Young Adults/2006–An Evening with Elder David A. Bednar",
    "collectionID" : "b3d189c774da42ce937b6fa8330905b7",
    "type" : "DEFAULT",
    "lastUpdatedDate" : "2023-07-05T17:40:12.265-06:00",
    "links" : [ {
      "rel" : "details",
      "href" : "https://titanapi.churchofjesuschrist.org/assetsearch/api/v2/collection/details/collectionID/b3d189c774da42ce937b6fa8330905b7"
    } ],
    "fileName" : "b3d189c774da42ce937b6fa8330905b7.json"
  } ],
  "assets" : [ ],
  "fileName" : "7ac01e2387e34c91ac2bda851f725acb.json",
  "name" : "Teaching Religion to Youth and Young Adults",
  "publicTitle" : "청소년과 청년 성인에게 종교를 가르침 - 개회사",
  "description" : "교회의 선임 지도자들이 세미나리 및 종교 교육원 교사, 관리자 및 직원들에게 말한다."
}