{
  "parentCollectionID" : "ea672169e7da48548b94ca9847059b42d2bc47c7",
  "parentCollectionPath" : "Mobile Media Library/Indonesian - Video/Life Help/Self-Reliance Services and PEF/Education for Better Work",
  "collectionType" : "collections",
  "path" : "Mobile Media Library/Indonesian - Video/Life Help/Self-Reliance Services and PEF/Education for Better Work/Chapter 4: Should I apply for a Perpetual Education Fund loan?",
  "collectionID" : "7b82f5e79016485dab64a18b941a4805f514b5b9",
  "language" : "ind",
  "type" : "DEFAULT",
  "lastUpdatedDate" : "2022-11-02T08:40:47.400-06:00",
  "links" : [ {
    "rel" : "details",
    "href" : "https://titanapi.churchofjesuschrist.org/assetsearch/api/v2/collection/details/collectionID/7b82f5e79016485dab64a18b941a4805f514b5b9"
  } ],
  "coverImages" : [ {
    "asset" : {
      "assetID" : "befd60337367b0a0fe0d1024b09af25826298341"
    }
  } ],
  "related" : [ ],
  "metadata" : [ {
    "key" : "collectionUri",
    "value" : "chapter-4-should-i-apply-for-a-perpetual-education-fund-loan",
    "language" : "ind"
  }, {
    "key" : "publicTitle",
    "value" : "Bab 4: Haruskah saya mengajukan permohonan untuk pinjaman Dana-tetap Pendidikan?",
    "language" : "ind"
  } ],
  "children" : [ ],
  "assets" : [ ],
  "fileName" : "7b82f5e79016485dab64a18b941a4805f514b5b9.json",
  "name" : "Chapter 4: Should I apply for a Perpetual Education Fund loan?",
  "publicTitle" : "Bab 4: Haruskah saya mengajukan permohonan untuk pinjaman Dana-tetap Pendidikan?"
}