{
  "parentCollectionID" : "64e55ef0b52a4cb88c237697ed36d6b193312a10",
  "parentCollectionPath" : "Mobile Media Library/Swedish - Video/Scriptures/Book of Mormon/Book of Mormon Videos",
  "collectionType" : "collections",
  "path" : "Mobile Media Library/Swedish - Video/Scriptures/Book of Mormon/Book of Mormon Videos/1 Nephi 16",
  "collectionID" : "7b835596b86b4254b13418512654215e7d047315",
  "language" : "swe",
  "type" : "DEFAULT",
  "lastUpdatedDate" : "2022-04-18T00:36:59.336-06:00",
  "links" : [ {
    "rel" : "details",
    "href" : "https://titanapi.churchofjesuschrist.org/assetsearch/api/v2/collection/details/collectionID/7b835596b86b4254b13418512654215e7d047315"
  } ],
  "coverImages" : [ {
    "asset" : {
      "assetID" : "44f6851d1326c64dbda301534c8f8a430bcf6a91"
    }
  } ],
  "related" : [ ],
  "metadata" : [ {
    "key" : "collectionUri",
    "value" : "1-nephi-16",
    "language" : "swe"
  }, {
    "key" : "orderIndex",
    "value" : "5"
  } ],
  "children" : [ ],
  "assets" : [ ],
  "fileName" : "7b835596b86b4254b13418512654215e7d047315.json",
  "name" : "1 Nephi 16"
}