{
  "parentCollectionID" : "39c0a4a6b7e448fe8ba8f054bcc4e23b",
  "parentCollectionPath" : "Mobile Media Library/European Portuguese - Video/Scriptural Reenactments and Teachings/Book of Mormon Videos",
  "collectionType" : "assets",
  "path" : "Mobile Media Library/European Portuguese - Video/Scriptural Reenactments and Teachings/Book of Mormon Videos/2 Nephi 31-32",
  "collectionID" : "7c19ed9dd6f04f89847c1693d4059bda",
  "language" : "ept",
  "type" : "DEFAULT",
  "lastUpdatedDate" : "2024-10-08T11:44:12.147-06:00",
  "links" : [ {
    "rel" : "details",
    "href" : "https://titanapi.churchofjesuschrist.org/assetsearch/api/v2/collection/details/collectionID/7c19ed9dd6f04f89847c1693d4059bda"
  } ],
  "coverImages" : [ {
    "asset" : {
      "assetID" : "e16483b85183742b80c3f0826c0a6cb06fd479c6"
    }
  } ],
  "related" : [ ],
  "metadata" : [ {
    "key" : "channel",
    "value" : "mobile",
    "language" : "ept"
  }, {
    "key" : "collectionUri",
    "value" : "2-nephi-31-32",
    "language" : "eng"
  }, {
    "key" : "collectionUri",
    "value" : "2-nephi-31-32",
    "language" : "ept"
  }, {
    "key" : "publicTitle",
    "value" : "2 Néfi 31–32",
    "language" : "eng"
  }, {
    "key" : "publicTitle",
    "value" : "2 Néfi 31–32",
    "language" : "ept"
  }, {
    "key" : "orderIndex",
    "value" : "12"
  } ],
  "children" : [ ],
  "assets" : [ {
    "asset" : {
      "assetID" : "f2585887bedd11eeb24beeeeac1e024b3969d753"
    },
    "index" : 0,
    "addedDate" : 1728409527248,
    "metadata" : [ ]
  } ],
  "fileName" : "7c19ed9dd6f04f89847c1693d4059bda.json",
  "name" : "2 Nephi 31-32",
  "publicTitle" : "2 Néfi 31–32"
}