{
  "parentCollectionID" : "7fcebbd94b024da1b20d73e6be2f515c24cc1051",
  "parentCollectionPath" : "Mobile Media Library/Indonesian - Video/Inspiration",
  "collectionType" : "assets",
  "path" : "Mobile Media Library/Indonesian - Video/Inspiration/Inspirational Messages",
  "collectionID" : "7d2f9669c69647f48d71f87e121c9bee7d9969b6",
  "language" : "ind",
  "type" : "DEFAULT",
  "lastUpdatedDate" : "2022-04-17T23:47:08.716-06:00",
  "links" : [ {
    "rel" : "details",
    "href" : "https://titanapi.churchofjesuschrist.org/assetsearch/api/v2/collection/details/collectionID/7d2f9669c69647f48d71f87e121c9bee7d9969b6"
  } ],
  "coverImages" : [ {
    "asset" : {
      "assetID" : "8c2746b111b6f7803e3dfd72cf6543f404139a34"
    }
  } ],
  "related" : [ ],
  "metadata" : [ {
    "key" : "collectionUri",
    "value" : "inspirational-messages",
    "language" : "ind"
  }, {
    "key" : "orderIndex",
    "value" : "2"
  } ],
  "children" : [ ],
  "assets" : [ {
    "asset" : {
      "assetID" : "4707375e9a5c5b8dab0359352d14300ac942ae81"
    },
    "index" : 72,
    "addedDate" : 1650261069460,
    "metadata" : [ ]
  }, {
    "asset" : {
      "assetID" : "d91f83e97465b32f89cab3dbc2f2d26c8b50758a"
    },
    "index" : 17,
    "addedDate" : 1650261069460,
    "metadata" : [ ]
  }, {
    "asset" : {
      "assetID" : "fd80ec86e8e3d95648541be441fa62a71ea1a097"
    },
    "index" : 69,
    "addedDate" : 1650261069460,
    "metadata" : [ ]
  }, {
    "asset" : {
      "assetID" : "9f9bb935dc2f98ac4292425df0d0771f43401e90"
    },
    "index" : 64,
    "addedDate" : 1650261069460,
    "metadata" : [ ]
  }, {
    "asset" : {
      "assetID" : "500bb52960bad756ad05e695890074271c3bdc9e"
    },
    "index" : 91,
    "addedDate" : 1650261069460,
    "metadata" : [ ]
  }, {
    "asset" : {
      "assetID" : "833def68bbb34f13de39fae8cbe0b03822f649a0"
    },
    "index" : 13,
    "addedDate" : 1650261069460,
    "metadata" : [ ]
  }, {
    "asset" : {
      "assetID" : "b340a89b7a788159666ea6d590fd1dbef20655cb"
    },
    "index" : 12,
    "addedDate" : 1650261069460,
    "metadata" : [ ]
  }, {
    "asset" : {
      "assetID" : "b30177dd893b240dbecf173ef2c84e9835dd0006"
    },
    "index" : 99,
    "addedDate" : 1650261069460,
    "metadata" : [ ]
  }, {
    "asset" : {
      "assetID" : "2cf9280dc439de1e9e6a69bc12e5ea5166c8132c"
    },
    "index" : 9,
    "addedDate" : 1650261069460,
    "metadata" : [ ]
  }, {
    "asset" : {
      "assetID" : "7df38bf2eb015b9aff1e0c7945a591da96cdd215"
    },
    "index" : 3,
    "addedDate" : 1650261069460,
    "metadata" : [ ]
  }, {
    "asset" : {
      "assetID" : "d210eeaf48463041dc51e27adf0d40556f9e845a"
    },
    "index" : 10,
    "addedDate" : 1650261069460,
    "metadata" : [ ]
  }, {
    "asset" : {
      "assetID" : "853c219d4ac7d49d113ed6942b52dd72fbb1594e"
    },
    "index" : 7,
    "addedDate" : 1650261069460,
    "metadata" : [ ]
  }, {
    "asset" : {
      "assetID" : "d37912c5d6218d55432e8f4b3e82b1fa8dd1d42d"
    },
    "index" : 2,
    "addedDate" : 1650261069460,
    "metadata" : [ ]
  }, {
    "asset" : {
      "assetID" : "664b901ef4b7f2a35b2324d8d76fcf09d1e414fc"
    },
    "index" : 14,
    "addedDate" : 1650261069460,
    "metadata" : [ ]
  }, {
    "asset" : {
      "assetID" : "fa06261aa0d52a3ad05271bfbd3282e861a2ad33"
    },
    "index" : 52,
    "addedDate" : 1650261069460,
    "metadata" : [ ]
  }, {
    "asset" : {
      "assetID" : "bad7e967b7bb1dc3ced4b7c8d4475a5744e5f85f"
    },
    "index" : 8,
    "addedDate" : 1650261069460,
    "metadata" : [ ]
  }, {
    "asset" : {
      "assetID" : "9aa59a42715132613af5571dcb63d9eb5e9e8eda"
    },
    "index" : 31,
    "addedDate" : 1650261069460,
    "metadata" : [ ]
  }, {
    "asset" : {
      "assetID" : "c777cd4dea21fb13a02bc29941d8cb0ce0214031"
    },
    "index" : 36,
    "addedDate" : 1650261069460,
    "metadata" : [ ]
  }, {
    "asset" : {
      "assetID" : "9c699b5987e8d0064ec35d7b33be9f9103d12dba"
    },
    "index" : 18,
    "addedDate" : 1650261069460,
    "metadata" : [ ]
  }, {
    "asset" : {
      "assetID" : "76e6cfa36c1191481ecd93a83f09f244599f03e1"
    },
    "index" : 82,
    "addedDate" : 1650261069460,
    "metadata" : [ ]
  }, {
    "asset" : {
      "assetID" : "b1fba9dc8a76a1c5cb1852fe02575e7589fe3ca4"
    },
    "index" : 25,
    "addedDate" : 1650261069460,
    "metadata" : [ ]
  }, {
    "asset" : {
      "assetID" : "0783783b4bb14186ad58a2a095ff5e92d9f0c69c"
    },
    "index" : 81,
    "addedDate" : 1650261069460,
    "metadata" : [ ]
  }, {
    "asset" : {
      "assetID" : "1e5ec20680b487e57c82b62a720a1839ec8a9853"
    },
    "index" : 37,
    "addedDate" : 1650261069460,
    "metadata" : [ ]
  }, {
    "asset" : {
      "assetID" : "56d02575f7d90f2518e11f9d2dd2926091b59ff4"
    },
    "index" : 27,
    "addedDate" : 1650261069460,
    "metadata" : [ ]
  }, {
    "asset" : {
      "assetID" : "7fc597ea6ab1761b2e9b5cbb46f27aa80332ad5d"
    },
    "index" : 24,
    "addedDate" : 1650261069460,
    "metadata" : [ ]
  }, {
    "asset" : {
      "assetID" : "0d7170e102190f0610c5988e846a263bc21fb800"
    },
    "index" : 38,
    "addedDate" : 1650261069460,
    "metadata" : [ ]
  }, {
    "asset" : {
      "assetID" : "47f6d2f45f082197d9896053712f69ab07e1e349"
    },
    "index" : 20,
    "addedDate" : 1650261069460,
    "metadata" : [ ]
  }, {
    "asset" : {
      "assetID" : "cd23ae2885dcb8d49cbbb831be20a0c4b6a2388d"
    },
    "index" : 83,
    "addedDate" : 1650261069460,
    "metadata" : [ ]
  }, {
    "asset" : {
      "assetID" : "f899d7cb19827cf83c09b392ba0d606b174dd191"
    },
    "index" : 43,
    "addedDate" : 1650261069460,
    "metadata" : [ ]
  }, {
    "asset" : {
      "assetID" : "d8c10ccc7590bb7a7cf935496d770c49f65de6df"
    },
    "index" : 76,
    "addedDate" : 1650261069460,
    "metadata" : [ ]
  }, {
    "asset" : {
      "assetID" : "4eb3b77c6522a10eb89b80fe465f6715654a9eeb"
    },
    "index" : 95,
    "addedDate" : 1650261069460,
    "metadata" : [ ]
  }, {
    "asset" : {
      "assetID" : "584add19850228b30065db23a703072f3c8a63b8"
    },
    "index" : 90,
    "addedDate" : 1650261069460,
    "metadata" : [ ]
  }, {
    "asset" : {
      "assetID" : "3d5b601777fec7b4304b7a03214cad2480a0f597"
    },
    "index" : 56,
    "addedDate" : 1650261069460,
    "metadata" : [ ]
  }, {
    "asset" : {
      "assetID" : "7573f61c24b6dc1853ff0efec83c67ec312f071f"
    },
    "index" : 40,
    "addedDate" : 1650261069460,
    "metadata" : [ ]
  }, {
    "asset" : {
      "assetID" : "bb5761631b9757ac8f7ad16ffd7170d05ae95f35"
    },
    "index" : 26,
    "addedDate" : 1650261069460,
    "metadata" : [ ]
  }, {
    "asset" : {
      "assetID" : "697884f98235612fa4fa33ae047bb6ec9c901f0f"
    },
    "index" : 50,
    "addedDate" : 1650261069460,
    "metadata" : [ ]
  }, {
    "asset" : {
      "assetID" : "f226f5f8e8437c63b41211ffccaa2ad18d8158bd"
    },
    "index" : 45,
    "addedDate" : 1650261069460,
    "metadata" : [ ]
  }, {
    "asset" : {
      "assetID" : "cecd439ccd66325522410b3fd04e585050e33691"
    },
    "index" : 101,
    "addedDate" : 1650261069460,
    "metadata" : [ ]
  }, {
    "asset" : {
      "assetID" : "071a99e55b3f05621996b0da0e5493269451f4be"
    },
    "index" : 55,
    "addedDate" : 1650261069460,
    "metadata" : [ ]
  }, {
    "asset" : {
      "assetID" : "cc3a3e3191cce04bbff064021543911160ebbcee"
    },
    "index" : 42,
    "addedDate" : 1650261069460,
    "metadata" : [ ]
  }, {
    "asset" : {
      "assetID" : "26dcb7d980bfd0fce64c0a9a45f00b7d30503c0f"
    },
    "index" : 29,
    "addedDate" : 1650261069460,
    "metadata" : [ ]
  }, {
    "asset" : {
      "assetID" : "f978cdc250352f3e01a9606616ddf70e1809fc34"
    },
    "index" : 21,
    "addedDate" : 1650261069460,
    "metadata" : [ ]
  }, {
    "asset" : {
      "assetID" : "84b1a4b2face5553827ef5d6a2d6dd90822db0fa"
    },
    "index" : 39,
    "addedDate" : 1650261069460,
    "metadata" : [ ]
  }, {
    "asset" : {
      "assetID" : "02e8450f7d587e7e859c90293a6e71668bf20067"
    },
    "index" : 68,
    "addedDate" : 1650261069460,
    "metadata" : [ ]
  }, {
    "asset" : {
      "assetID" : "f6c5c8033474eb5f3bacdf19cd758c4a096e67ae"
    },
    "index" : 77,
    "addedDate" : 1650261069460,
    "metadata" : [ ]
  }, {
    "asset" : {
      "assetID" : "4f5bcd9d6d4d9b75990806fdec13953d98c0f563"
    },
    "index" : 46,
    "addedDate" : 1650261069460,
    "metadata" : [ ]
  }, {
    "asset" : {
      "assetID" : "4dace38ce3d62b21e3df1ad6c659591ec4dda0e0"
    },
    "index" : 16,
    "addedDate" : 1650261069460,
    "metadata" : [ ]
  }, {
    "asset" : {
      "assetID" : "877f9cfbee6ace73d991bd6ba9b240d9e1a45d81"
    },
    "index" : 22,
    "addedDate" : 1650261069460,
    "metadata" : [ ]
  }, {
    "asset" : {
      "assetID" : "d84a5d0c5b65606a09f2f4b927c1854982937435"
    },
    "index" : 32,
    "addedDate" : 1650261069460,
    "metadata" : [ ]
  }, {
    "asset" : {
      "assetID" : "567da53ac72ad93fd3d1d02b4aed7d15bb644ef8"
    },
    "index" : 33,
    "addedDate" : 1650261069460,
    "metadata" : [ ]
  }, {
    "asset" : {
      "assetID" : "222cfa41430e7182f2ee4a16af3f5f4eeef1efe0"
    },
    "index" : 23,
    "addedDate" : 1650261069460,
    "metadata" : [ ]
  }, {
    "asset" : {
      "assetID" : "2d181b71d969870849dce090c1c555be3add3eda"
    },
    "index" : 30,
    "addedDate" : 1650261069460,
    "metadata" : [ ]
  }, {
    "asset" : {
      "assetID" : "5662fae728b8b22bf9bdf143f004fe67135d5977"
    },
    "index" : 48,
    "addedDate" : 1650261069460,
    "metadata" : [ ]
  }, {
    "asset" : {
      "assetID" : "f20fb8e9204898d96d8f40437ea2bdd1f9148f88"
    },
    "index" : 35,
    "addedDate" : 1650261069460,
    "metadata" : [ ]
  }, {
    "asset" : {
      "assetID" : "acb30f9bad0fd5fa91f1c2f9171ee668159e5b48"
    },
    "index" : 28,
    "addedDate" : 1650261069460,
    "metadata" : [ ]
  }, {
    "asset" : {
      "assetID" : "15df7ddc5633ffd376c143d62f4b0e81b875a2fb"
    },
    "index" : 71,
    "addedDate" : 1650261069460,
    "metadata" : [ ]
  }, {
    "asset" : {
      "assetID" : "fd221432a352059369f36e671d18fe358412a280"
    },
    "index" : 98,
    "addedDate" : 1650261069460,
    "metadata" : [ ]
  }, {
    "asset" : {
      "assetID" : "0725c0f923cd4c36d3341fbdc938754ffe945133"
    },
    "index" : 88,
    "addedDate" : 1650261069460,
    "metadata" : [ ]
  }, {
    "asset" : {
      "assetID" : "a69bb27a71e2dad5cfbb14490ec25ef824b1792d"
    },
    "index" : 63,
    "addedDate" : 1650261069460,
    "metadata" : [ ]
  }, {
    "asset" : {
      "assetID" : "e24f54f3e0442f9360bf1d0dd3b5cfadce295d07"
    },
    "index" : 85,
    "addedDate" : 1650261069460,
    "metadata" : [ ]
  }, {
    "asset" : {
      "assetID" : "5e5aa543145148b63510cc67c63c7bcfe87680bf"
    },
    "index" : 80,
    "addedDate" : 1650261069460,
    "metadata" : [ ]
  }, {
    "asset" : {
      "assetID" : "9283fc6be080c338d08bc26625559d77208470b5"
    },
    "index" : 70,
    "addedDate" : 1650261069460,
    "metadata" : [ ]
  }, {
    "asset" : {
      "assetID" : "9ab9b35653856130ef87e9a2f12e7cd754614ee7"
    },
    "index" : 87,
    "addedDate" : 1650261069460,
    "metadata" : [ ]
  }, {
    "asset" : {
      "assetID" : "e6bd84ca8237d1d2c48067f1a0be2fb41c0d912e"
    },
    "index" : 49,
    "addedDate" : 1650261069460,
    "metadata" : [ ]
  }, {
    "asset" : {
      "assetID" : "50deb2cf43143d656c512e13c89f7477e463b11a"
    },
    "index" : 86,
    "addedDate" : 1650261069460,
    "metadata" : [ ]
  }, {
    "asset" : {
      "assetID" : "a21caf13b6bc409a365a304c5d50317744b867d1"
    },
    "index" : 66,
    "addedDate" : 1650261069460,
    "metadata" : [ ]
  }, {
    "asset" : {
      "assetID" : "21b09d7d4d5b47abf8317584f0bbc1a11d6733b5"
    },
    "index" : 74,
    "addedDate" : 1650261069460,
    "metadata" : [ ]
  }, {
    "asset" : {
      "assetID" : "6b6c2e38288567cbc182479f416b3cbf95918c30"
    },
    "index" : 116,
    "addedDate" : 1650261069460,
    "metadata" : [ ]
  }, {
    "asset" : {
      "assetID" : "5a205d054e69e2b7d7c9a3c46c1649efe4890354"
    },
    "index" : 57,
    "addedDate" : 1650261069460,
    "metadata" : [ ]
  }, {
    "asset" : {
      "assetID" : "c5dd637ef3597a7626f49b229374bf48a12931bd"
    },
    "index" : 75,
    "addedDate" : 1650261069460,
    "metadata" : [ ]
  }, {
    "asset" : {
      "assetID" : "730a98f1137ac73b89db38568eb904b56f12dd7e"
    },
    "index" : 79,
    "addedDate" : 1650261069460,
    "metadata" : [ ]
  }, {
    "asset" : {
      "assetID" : "5d5fe68791ba1537d4abde5f003bb97306ab94f7"
    },
    "index" : 67,
    "addedDate" : 1650261069460,
    "metadata" : [ ]
  }, {
    "asset" : {
      "assetID" : "97c7dd262e851556875d0f3cce16e3c75f8efdaa"
    },
    "index" : 73,
    "addedDate" : 1650261069460,
    "metadata" : [ ]
  }, {
    "asset" : {
      "assetID" : "979c7eb5f0502b2079194e53c9ec422bb8b7f70f"
    },
    "index" : 44,
    "addedDate" : 1650261069460,
    "metadata" : [ ]
  }, {
    "asset" : {
      "assetID" : "C00F88518C7F18BAF785DDE1C407AD9DCA7A8B95"
    },
    "index" : 111,
    "addedDate" : 1650261069460,
    "metadata" : [ ]
  }, {
    "asset" : {
      "assetID" : "e1b00c1def330c7a696b7c16ebe1b441bf0d79ed"
    },
    "index" : 78,
    "addedDate" : 1650261069460,
    "metadata" : [ ]
  }, {
    "asset" : {
      "assetID" : "268bc4fab65f982bd1cf8208b409647fa186cdee"
    },
    "index" : 54,
    "addedDate" : 1650261069460,
    "metadata" : [ ]
  }, {
    "asset" : {
      "assetID" : "c43a2d9ebdf0d14cd487703c5513b732c14b223e"
    },
    "index" : 62,
    "addedDate" : 1650261069460,
    "metadata" : [ ]
  }, {
    "asset" : {
      "assetID" : "cd958ac17cfc65a4678689806b213e5eeabe0f4d"
    },
    "index" : 58,
    "addedDate" : 1650261069460,
    "metadata" : [ ]
  }, {
    "asset" : {
      "assetID" : "5cbd69b5101d11eca4aceeeeac1e07594914b834"
    },
    "index" : 51,
    "addedDate" : 1650261069460,
    "metadata" : [ ]
  } ],
  "fileName" : "7d2f9669c69647f48d71f87e121c9bee7d9969b6.json",
  "name" : "Inspirational Messages"
}