{
  "parentCollectionID" : "5560fba1f32cc2da4ac1bcc392de7ab8eb626b35",
  "parentCollectionPath" : "Mobile Media Library/Spanish - Video/Scriptural Reenactments and Teachings",
  "collectionType" : "assets",
  "path" : "Mobile Media Library/Spanish - Video/Scriptural Reenactments and Teachings/Book of Mormon Stories",
  "collectionID" : "7e3e7fcaa0ce41ee89c008e2a0e0bad8",
  "language" : "spa",
  "type" : "DEFAULT",
  "lastUpdatedDate" : "2022-09-13T15:05:19.299-06:00",
  "links" : [ {
    "rel" : "details",
    "href" : "https://titanapi.churchofjesuschrist.org/assetsearch/api/v2/collection/details/collectionID/7e3e7fcaa0ce41ee89c008e2a0e0bad8"
  } ],
  "coverImages" : [ {
    "asset" : {
      "assetID" : "55b18157c8a42b5026b95819bebe1daae4883819"
    }
  } ],
  "related" : [ ],
  "metadata" : [ {
    "key" : "collectionUri",
    "value" : "book-of-mormon-stories",
    "language" : "spa"
  }, {
    "key" : "publicTitle",
    "value" : "Relatos del Libro de Mormón",
    "language" : "spa"
  }, {
    "key" : "orderIndex",
    "value" : "5"
  } ],
  "children" : [ ],
  "assets" : [ {
    "asset" : {
      "assetID" : "0405a012f9c91854b101f402635fe31770f609fb"
    },
    "addedDate" : 1663103152913,
    "metadata" : [ ]
  }, {
    "asset" : {
      "assetID" : "06855d899cc53365e1a281cd6fe530219c97ffaf"
    },
    "addedDate" : 1663103152873,
    "metadata" : [ ]
  }, {
    "asset" : {
      "assetID" : "0acedd9f4aec7c49c53bb2c4f3c0c57a80bf1339"
    },
    "addedDate" : 1663103152930,
    "metadata" : [ ]
  }, {
    "asset" : {
      "assetID" : "100ea4b61e4fc23d2938ed177c3232016f834f0b"
    },
    "addedDate" : 1663103152980,
    "metadata" : [ ]
  }, {
    "asset" : {
      "assetID" : "118f3600a34ad01f8d986f41573315724942f7d4"
    },
    "addedDate" : 1663103152983,
    "metadata" : [ ]
  }, {
    "asset" : {
      "assetID" : "166805ecd8cc4fd767faf6b120cd2d9300210286"
    },
    "addedDate" : 1663103152903,
    "metadata" : [ ]
  }, {
    "asset" : {
      "assetID" : "17cb525248aa728debb4280a3bee9da01ada366c"
    },
    "addedDate" : 1663103152823,
    "metadata" : [ ]
  }, {
    "asset" : {
      "assetID" : "1959aa9d3a0923ae887cf58a61e941a21348b362"
    },
    "addedDate" : 1663103152983,
    "metadata" : [ ]
  }, {
    "asset" : {
      "assetID" : "23fab3b152c1a0e8910c3a28bbe28a109b0e7d6d"
    },
    "addedDate" : 1663103152936,
    "metadata" : [ ]
  }, {
    "asset" : {
      "assetID" : "2742dc378ba4c682cf12d8ae76e2a13f4d41976d"
    },
    "addedDate" : 1663103152833,
    "metadata" : [ ]
  }, {
    "asset" : {
      "assetID" : "2a81c6ad9bbf20e33d4e23c3f456b1e8bcc3c869"
    },
    "addedDate" : 1663103152890,
    "metadata" : [ ]
  }, {
    "asset" : {
      "assetID" : "2c6eb87054f090d233997ea4236a4badeb020ec6"
    },
    "addedDate" : 1663103152986,
    "metadata" : [ ]
  }, {
    "asset" : {
      "assetID" : "2cc736a565ec09f1afd96042cb8164807544c65a"
    },
    "addedDate" : 1663103153000,
    "metadata" : [ ]
  }, {
    "asset" : {
      "assetID" : "3594eb48f121802fdb2c248b8144d2d0b070257a"
    },
    "addedDate" : 1663103152940,
    "metadata" : [ ]
  }, {
    "asset" : {
      "assetID" : "36863109fdccd8493eed02974712ad32143baa28"
    },
    "addedDate" : 1663103152993,
    "metadata" : [ ]
  }, {
    "asset" : {
      "assetID" : "3d83962a98db78ff9033339e235c02a75ce05bc3"
    },
    "addedDate" : 1663103152843,
    "metadata" : [ ]
  }, {
    "asset" : {
      "assetID" : "45c2c5f8dcfa9bd6771659f73ba596338cad40b1"
    },
    "addedDate" : 1663103152946,
    "metadata" : [ ]
  }, {
    "asset" : {
      "assetID" : "48c85acc5d337b77a5f76f9980c73f62d7b85f05"
    },
    "addedDate" : 1663103152906,
    "metadata" : [ ]
  }, {
    "asset" : {
      "assetID" : "50fdbddc71b6fe2e1ee87d2a84aad1882e416d56"
    },
    "addedDate" : 1663103152976,
    "metadata" : [ ]
  }, {
    "asset" : {
      "assetID" : "53973e7cc3483175bb97523cd14f1ceb3cd8f8c0"
    },
    "addedDate" : 1663103152853,
    "metadata" : [ ]
  }, {
    "asset" : {
      "assetID" : "5684b390c481dc8c18957051747f83f0bedcd710"
    },
    "addedDate" : 1663103152863,
    "metadata" : [ ]
  }, {
    "asset" : {
      "assetID" : "570d5a83da750ac7d346c7b19b363a911f29917f"
    },
    "addedDate" : 1663103152920,
    "metadata" : [ ]
  }, {
    "asset" : {
      "assetID" : "57afba61b50eba02e0b16ce3c5cbfc0d07e421fa"
    },
    "addedDate" : 1663103152920,
    "metadata" : [ ]
  }, {
    "asset" : {
      "assetID" : "634ccebc41ad32a1b329939a54f8891266db2286"
    },
    "addedDate" : 1663103152963,
    "metadata" : [ ]
  }, {
    "asset" : {
      "assetID" : "69b78f96cafce357800f668b8f44a5c60d990a5e"
    },
    "addedDate" : 1663103152973,
    "metadata" : [ ]
  }, {
    "asset" : {
      "assetID" : "6b763592f5efc74f5e3e39127e539aeab8f4ee2b"
    },
    "addedDate" : 1663103152850,
    "metadata" : [ ]
  }, {
    "asset" : {
      "assetID" : "6b9eef121ad57bf2f53a1ec16b0a62a239978df0"
    },
    "addedDate" : 1663103152830,
    "metadata" : [ ]
  }, {
    "asset" : {
      "assetID" : "74c10e4f31097f61235428c8d1f04d8bc0f55731"
    },
    "addedDate" : 1663103152950,
    "metadata" : [ ]
  }, {
    "asset" : {
      "assetID" : "7a9ea8d6693da36e47956b77cb03594fd6caa736"
    },
    "addedDate" : 1663103152876,
    "metadata" : [ ]
  }, {
    "asset" : {
      "assetID" : "8169b05e267f7b40a900c790176b04fe0790985c"
    },
    "addedDate" : 1663103152826,
    "metadata" : [ ]
  }, {
    "asset" : {
      "assetID" : "8689bcf007bdfebd6174341e6185846050ed1e66"
    },
    "addedDate" : 1663103152870,
    "metadata" : [ ]
  }, {
    "asset" : {
      "assetID" : "8705da83518e14c482eb188368de2eb9925ac402"
    },
    "addedDate" : 1663103152846,
    "metadata" : [ ]
  }, {
    "asset" : {
      "assetID" : "89a6ec6196962f3b9ae6ab5c9ce0af97f2e9ed63"
    },
    "addedDate" : 1663103152990,
    "metadata" : [ ]
  }, {
    "asset" : {
      "assetID" : "8b36c8a1f817223bbbf1addd2a7107fa01001971"
    },
    "addedDate" : 1663103152870,
    "metadata" : [ ]
  }, {
    "asset" : {
      "assetID" : "98027a5565560ed49f66f40cc207d8dcaea5173f"
    },
    "addedDate" : 1663103152926,
    "metadata" : [ ]
  }, {
    "asset" : {
      "assetID" : "9b04718e9df48ddc18d1361c02fef9e5f05c3637"
    },
    "addedDate" : 1663103152840,
    "metadata" : [ ]
  }, {
    "asset" : {
      "assetID" : "9f378c433e867d431103cae2982a270e612530dc"
    },
    "addedDate" : 1663103153006,
    "metadata" : [ ]
  }, {
    "asset" : {
      "assetID" : "a0476933e900fdb24d072d5879754f3ee595e4c0"
    },
    "addedDate" : 1663103152893,
    "metadata" : [ ]
  }, {
    "asset" : {
      "assetID" : "a6963e744496f81f47dc26b2ed922e9242b043f8"
    },
    "addedDate" : 1663103152966,
    "metadata" : [ ]
  }, {
    "asset" : {
      "assetID" : "a72d86c26bce41510c8be7300abf809e36a85b75"
    },
    "addedDate" : 1663103152860,
    "metadata" : [ ]
  }, {
    "asset" : {
      "assetID" : "acf87ef5e43738a9071d748d086f111fca6734c9"
    },
    "addedDate" : 1663103153013,
    "metadata" : [ ]
  }, {
    "asset" : {
      "assetID" : "d22b4eeb759a1f9c34ba87a54b3ad57ca6fc732d"
    },
    "addedDate" : 1663103153000,
    "metadata" : [ ]
  }, {
    "asset" : {
      "assetID" : "d45099e2bc00634006cc76610e59b9a6a730e1ee"
    },
    "addedDate" : 1663103152836,
    "metadata" : [ ]
  }, {
    "asset" : {
      "assetID" : "d9cbe33a7fd81696cda83d5b52f8df0830696cba"
    },
    "addedDate" : 1663103152890,
    "metadata" : [ ]
  }, {
    "asset" : {
      "assetID" : "e36679b28c43f7e013c773d483fb03f81d99807f"
    },
    "addedDate" : 1663103152966,
    "metadata" : [ ]
  }, {
    "asset" : {
      "assetID" : "e5cfcb3b3dcf0cfdd605dec0acdd8d114ee794e7"
    },
    "addedDate" : 1663103152943,
    "metadata" : [ ]
  }, {
    "asset" : {
      "assetID" : "f108943812e6c4e914b88a686e3ca3993e566f0a"
    },
    "addedDate" : 1663103152856,
    "metadata" : [ ]
  }, {
    "asset" : {
      "assetID" : "bf8bc6a4109a427c6ac2d8c98b5eb519c9cd7c2c"
    },
    "addedDate" : 1663103152836,
    "metadata" : [ ]
  }, {
    "asset" : {
      "assetID" : "f61f39fcf8d884a50b41fe5e54f464d71edc52f7"
    },
    "addedDate" : 1663103152900,
    "metadata" : [ ]
  }, {
    "asset" : {
      "assetID" : "f00233d2b44ee7b1dfcdcc0c818d5f490e0d9c30"
    },
    "addedDate" : 1663103152956,
    "metadata" : [ ]
  }, {
    "asset" : {
      "assetID" : "e8b16494ee83d51be061fe17d2a4c44a325271ed"
    },
    "addedDate" : 1663103152896,
    "metadata" : [ ]
  }, {
    "asset" : {
      "assetID" : "f7dd9d0991e7dad9ea7aad0822b85d8cfb4a9bd2"
    },
    "addedDate" : 1663103153010,
    "metadata" : [ ]
  }, {
    "asset" : {
      "assetID" : "e7139b9ffcee939109c5f09feefe1d7ec7ba3939"
    },
    "addedDate" : 1663103152970,
    "metadata" : [ ]
  }, {
    "asset" : {
      "assetID" : "d07fbb5ca0ad11ec836eeeeeac1e6db9e9d15816"
    },
    "addedDate" : 1663103152950,
    "metadata" : [ ]
  } ],
  "fileName" : "7e3e7fcaa0ce41ee89c008e2a0e0bad8.json",
  "name" : "Book of Mormon Stories",
  "publicTitle" : "Relatos del Libro de Mormón"
}