{
  "parentCollectionID" : "97c655d1ee634d57a4b517462bec609a32abb7b7",
  "parentCollectionPath" : "Mobile Media Library/Thai - Video/Life Help/Self-Reliance Services and PEF/Starting and Growing My Business",
  "collectionType" : "collections",
  "path" : "Mobile Media Library/Thai - Video/Life Help/Self-Reliance Services and PEF/Starting and Growing My Business/Chapter 02: What do people want to buy?",
  "collectionID" : "7e86b072f1ba45feb0d3230737398e41b8e2f963",
  "language" : "tha",
  "type" : "DEFAULT",
  "lastUpdatedDate" : "2022-08-26T14:51:37.963-06:00",
  "links" : [ {
    "rel" : "details",
    "href" : "https://titanapi.churchofjesuschrist.org/assetsearch/api/v2/collection/details/collectionID/7e86b072f1ba45feb0d3230737398e41b8e2f963"
  } ],
  "coverImages" : [ {
    "asset" : {
      "assetID" : "1a2116174dc5a98e553a9fc9131fee1296de0de5"
    }
  } ],
  "related" : [ ],
  "metadata" : [ {
    "key" : "collectionUri",
    "value" : "chapter-2-what-do-people-want-to-buy",
    "language" : "tha"
  } ],
  "children" : [ ],
  "assets" : [ ],
  "fileName" : "7e86b072f1ba45feb0d3230737398e41b8e2f963.json",
  "name" : "Chapter 02: What do people want to buy?"
}