{
  "parentCollectionID" : "667fca190efb46fd8cd35342c7d0620b",
  "parentCollectionPath" : "Mobile Media Library/Ukrainian - Video/Teaching and Lessons/Come, Follow Me/Come, Follow Me: For Aaronic Priesthood Quorums and Young Women/Media for 2023 Doctrinal Topics",
  "collectionType" : "collections",
  "path" : "Mobile Media Library/Ukrainian - Video/Teaching and Lessons/Come, Follow Me/Come, Follow Me: For Aaronic Priesthood Quorums and Young Women/Media for 2023 Doctrinal Topics/March",
  "collectionID" : "7eb7e541843644a78b7757356e831a55",
  "language" : "ukr",
  "type" : "DEFAULT",
  "lastUpdatedDate" : "2022-10-28T16:30:54.426-06:00",
  "links" : [ {
    "rel" : "details",
    "href" : "https://titanapi.churchofjesuschrist.org/assetsearch/api/v2/collection/details/collectionID/7eb7e541843644a78b7757356e831a55"
  } ],
  "coverImages" : [ {
    "asset" : {
      "assetID" : "7c616bfda53944a0ed03247bd1d82cbf1ffd5cb5"
    }
  } ],
  "related" : [ ],
  "metadata" : [ {
    "key" : "orderIndex",
    "value" : "3"
  }, {
    "key" : "collectionUri",
    "value" : "March-2023-doctrinal-media-for-youth",
    "language" : "ukr"
  }, {
    "key" : "publicTitle",
    "value" : "Березень",
    "language" : "ukr"
  } ],
  "children" : [ ],
  "assets" : [ ],
  "fileName" : "7eb7e541843644a78b7757356e831a55.json",
  "name" : "March",
  "publicTitle" : "Березень"
}