{
  "parentCollectionID" : "2a73a834f68146454eded7351f1c4b5a876593da",
  "parentCollectionPath" : "Mobile Media Library/English - Images/Temples",
  "collectionType" : "assets",
  "path" : "Mobile Media Library/English - Images/Temples/Manhattan New York Temple",
  "collectionID" : "7eff628fd2394f9eb799a58db8777cae",
  "language" : "eng",
  "type" : "DEFAULT",
  "lastUpdatedDate" : "2019-12-23T18:41:29.583-07:00",
  "links" : [ {
    "rel" : "details",
    "href" : "https://titanapi.churchofjesuschrist.org/assetsearch/api/v2/collection/details/collectionID/7eff628fd2394f9eb799a58db8777cae"
  } ],
  "coverImages" : [ {
    "asset" : {
      "assetID" : "7e7130b7b9dbfe8be22361e7f6fa566c14a39612"
    }
  } ],
  "related" : [ ],
  "metadata" : [ {
    "key" : "collectionUri",
    "value" : "manhattan-new-york-temple-images",
    "language" : "eng"
  }, {
    "key" : "publicTitle",
    "value" : "Manhattan New York Temple",
    "language" : "eng"
  } ],
  "children" : [ ],
  "assets" : [ {
    "asset" : {
      "assetID" : "2717080e04aa153631120f5a16692ce1feebe67f"
    },
    "addedDate" : 1577491741522,
    "metadata" : [ ]
  }, {
    "asset" : {
      "assetID" : "91e8e5361d7ebc83040e2d080cae34e3b1148e78"
    },
    "addedDate" : 1577491693391,
    "metadata" : [ ]
  }, {
    "asset" : {
      "assetID" : "9f078f58fce8950d69f7586a5253b6e699eab434"
    },
    "addedDate" : 1577491606505,
    "metadata" : [ ]
  }, {
    "asset" : {
      "assetID" : "c5ab47f4c469aad1c8bfb18a379b8afd618cc396"
    },
    "addedDate" : 1577491623092,
    "metadata" : [ ]
  }, {
    "asset" : {
      "assetID" : "e8092f11f969a69fdd79c67af4d18504fed627a9"
    },
    "addedDate" : 1577491660221,
    "metadata" : [ ]
  }, {
    "asset" : {
      "assetID" : "e4db9eae634c62cf18f00d1179aac7f38bc24abc"
    },
    "addedDate" : 1577491711363,
    "metadata" : [ ]
  }, {
    "asset" : {
      "assetID" : "7e7130b7b9dbfe8be22361e7f6fa566c14a39612"
    },
    "addedDate" : 1577491583133,
    "metadata" : [ ]
  } ],
  "fileName" : "7eff628fd2394f9eb799a58db8777cae.json",
  "name" : "Manhattan New York Temple",
  "publicTitle" : "Manhattan New York Temple"
}