{
  "parentCollectionID" : "efee7d10b3a54f8193f71397947509b9",
  "parentCollectionPath" : "Mobile Media Library/Portuguese - Video/Broadcasts/Evening with a General Authority",
  "collectionType" : "assets",
  "path" : "Mobile Media Library/Portuguese - Video/Broadcasts/Evening with a General Authority/Evening with a General Authority 2019",
  "collectionID" : "802e8aad3be645f78203bab386e94341",
  "language" : "por",
  "type" : "DEFAULT",
  "lastUpdatedDate" : "2021-03-30T13:43:14.440-06:00",
  "links" : [ {
    "rel" : "details",
    "href" : "https://titanapi.churchofjesuschrist.org/assetsearch/api/v2/collection/details/collectionID/802e8aad3be645f78203bab386e94341"
  } ],
  "coverImages" : [ {
    "asset" : {
      "assetID" : "af8695147969a8fb52e7dcf135d22d34d20d6924"
    }
  } ],
  "related" : [ ],
  "metadata" : [ {
    "key" : "collectionUri",
    "value" : "evening-with-a-general-authority-2019",
    "language" : "por"
  }, {
    "key" : "publicTitle",
    "value" : "Uma Autoridade Geral Fala a Nós 2019",
    "language" : "por"
  }, {
    "key" : "orderIndex",
    "value" : "2"
  } ],
  "children" : [ ],
  "assets" : [ {
    "asset" : {
      "assetID" : "6AE717A11D70E528714FDCFEEB86E3901DC64012"
    },
    "addedDate" : 1617133551983,
    "metadata" : [ ]
  }, {
    "asset" : {
      "assetID" : "72A6B75996E69AA7F6B19E359568FF39371A821E"
    },
    "addedDate" : 1617133551980,
    "metadata" : [ ]
  } ],
  "fileName" : "802e8aad3be645f78203bab386e94341.json",
  "name" : "Evening with a General Authority 2019",
  "publicTitle" : "Uma Autoridade Geral Fala a Nós 2019"
}