{
  "parentCollectionID" : "683c8e17f5b345c6b730b6f4dd8e84ed318946b9",
  "parentCollectionPath" : "Mobile Media Library/Cantonese - Video/Broadcasts",
  "collectionType" : "collections",
  "path" : "Mobile Media Library/Cantonese - Video/Broadcasts/Christmas Devotionals",
  "collectionID" : "80f82e3870904db2bfa79b1536237b95913c5266",
  "language" : "yue",
  "type" : "DEFAULT",
  "lastUpdatedDate" : "2024-09-27T08:19:00.320-06:00",
  "links" : [ {
    "rel" : "details",
    "href" : "https://titanapi.churchofjesuschrist.org/assetsearch/api/v2/collection/details/collectionID/80f82e3870904db2bfa79b1536237b95913c5266"
  } ],
  "coverImages" : [ {
    "asset" : {
      "assetID" : "bb51e395c029f1b1800017cc50209e3eed96cb0f"
    }
  } ],
  "related" : [ ],
  "metadata" : [ {
    "key" : "orderIndex",
    "value" : "3"
  }, {
    "key" : "channel",
    "value" : "mobile",
    "language" : "yue"
  }, {
    "key" : "collectionUri",
    "value" : "christmas-devotionals",
    "language" : "yue"
  }, {
    "key" : "publicTitle",
    "value" : "聖誕祈禱會",
    "language" : "yue"
  } ],
  "children" : [ {
    "path" : "Mobile Media Library/Cantonese - Video/Broadcasts/Christmas Devotionals/2015 First Presidency's Christmas Devotional",
    "collectionID" : "f5c9f82895284c7ca01bbc466c736e99",
    "type" : "DEFAULT",
    "lastUpdatedDate" : "2022-12-27T19:40:43.760-07:00",
    "links" : [ {
      "rel" : "details",
      "href" : "https://titanapi.churchofjesuschrist.org/assetsearch/api/v2/collection/details/collectionID/f5c9f82895284c7ca01bbc466c736e99"
    } ],
    "fileName" : "f5c9f82895284c7ca01bbc466c736e99.json"
  }, {
    "path" : "Mobile Media Library/Cantonese - Video/Broadcasts/Christmas Devotionals/2022 First Presidency's Christmas Devotional",
    "collectionID" : "d3ed4165a5c34c47b60037ba34dc158a",
    "type" : "DEFAULT",
    "lastUpdatedDate" : "2024-09-27T08:18:50.921-06:00",
    "links" : [ {
      "rel" : "details",
      "href" : "https://titanapi.churchofjesuschrist.org/assetsearch/api/v2/collection/details/collectionID/d3ed4165a5c34c47b60037ba34dc158a"
    } ],
    "fileName" : "d3ed4165a5c34c47b60037ba34dc158a.json"
  }, {
    "path" : "Mobile Media Library/Cantonese - Video/Broadcasts/Christmas Devotionals/2023 First Presidency's Christmas Devotional",
    "collectionID" : "3016980a2dba4b17a94db3d85512ab92",
    "type" : "DEFAULT",
    "lastUpdatedDate" : "2024-09-27T08:18:40.746-06:00",
    "links" : [ {
      "rel" : "details",
      "href" : "https://titanapi.churchofjesuschrist.org/assetsearch/api/v2/collection/details/collectionID/3016980a2dba4b17a94db3d85512ab92"
    } ],
    "fileName" : "3016980a2dba4b17a94db3d85512ab92.json"
  }, {
    "path" : "Mobile Media Library/Cantonese - Video/Broadcasts/Christmas Devotionals/2024 First Presidency's Christmas Devotional",
    "collectionID" : "e5742a3942a949a69a734a889b3063d8",
    "type" : "DEFAULT",
    "lastUpdatedDate" : "2024-12-17T11:19:03.107-07:00",
    "links" : [ {
      "rel" : "details",
      "href" : "https://titanapi.churchofjesuschrist.org/assetsearch/api/v2/collection/details/collectionID/e5742a3942a949a69a734a889b3063d8"
    } ],
    "fileName" : "e5742a3942a949a69a734a889b3063d8.json"
  } ],
  "assets" : [ ],
  "fileName" : "80f82e3870904db2bfa79b1536237b95913c5266.json",
  "name" : "Christmas Devotionals",
  "publicTitle" : "聖誕祈禱會"
}