{
  "parentCollectionID" : "f146f60f11fa45f1af8d889c77796b94",
  "parentCollectionPath" : "Mobile Media Library/Portuguese - Audio",
  "collectionType" : "collections",
  "path" : "Mobile Media Library/Portuguese - Audio/Podcasts",
  "collectionID" : "810727d4a7224dee8fca954aeec3564c",
  "language" : "por",
  "type" : "DEFAULT",
  "lastUpdatedDate" : "2021-05-05T13:51:51.445-06:00",
  "links" : [ {
    "rel" : "details",
    "href" : "https://titanapi.churchofjesuschrist.org/assetsearch/api/v2/collection/details/collectionID/810727d4a7224dee8fca954aeec3564c"
  } ],
  "coverImages" : [ {
    "asset" : {
      "assetID" : "01d8376485c54ec3bb64df90e98777cf3c538b3c"
    }
  } ],
  "related" : [ ],
  "metadata" : [ {
    "key" : "collectionUri",
    "value" : "podcasts",
    "language" : "por"
  }, {
    "key" : "publicTitle",
    "value" : "Podcasts",
    "language" : "por"
  } ],
  "children" : [ {
    "path" : "Mobile Media Library/Portuguese - Audio/Podcasts/General Conference Podcast",
    "collectionID" : "10f3d2b3198e4109b754e1a7a28e0338",
    "type" : "DEFAULT",
    "lastUpdatedDate" : "2021-05-05T13:53:58.368-06:00",
    "links" : [ {
      "rel" : "details",
      "href" : "https://titanapi.churchofjesuschrist.org/assetsearch/api/v2/collection/details/collectionID/10f3d2b3198e4109b754e1a7a28e0338"
    } ],
    "fileName" : "10f3d2b3198e4109b754e1a7a28e0338.json"
  }, {
    "path" : "Mobile Media Library/Portuguese - Audio/Podcasts/The Nauvoo Temple",
    "collectionID" : "7d0acf0271084ed8bd379894fbf58bdb",
    "type" : "DEFAULT",
    "lastUpdatedDate" : "2021-12-02T18:52:47.533-07:00",
    "links" : [ {
      "rel" : "details",
      "href" : "https://titanapi.churchofjesuschrist.org/assetsearch/api/v2/collection/details/collectionID/7d0acf0271084ed8bd379894fbf58bdb"
    } ],
    "fileName" : "7d0acf0271084ed8bd379894fbf58bdb.json"
  } ],
  "assets" : [ ],
  "fileName" : "810727d4a7224dee8fca954aeec3564c.json",
  "name" : "Podcasts",
  "publicTitle" : "Podcasts"
}