{
  "parentCollectionID" : "d61d8a0f29154af68b8cee0818a839c6f9271dc2",
  "parentCollectionPath" : "Mobile Media Library/Danish - Video/Scriptures",
  "collectionType" : "collections",
  "path" : "Mobile Media Library/Danish - Video/Scriptures/New Testament",
  "collectionID" : "8172155d880d4c82aea298846ab9cf088bfe7333",
  "language" : "dan",
  "type" : "DEFAULT",
  "lastUpdatedDate" : "2022-04-01T02:30:20.016-06:00",
  "links" : [ {
    "rel" : "details",
    "href" : "https://titanapi.churchofjesuschrist.org/assetsearch/api/v2/collection/details/collectionID/8172155d880d4c82aea298846ab9cf088bfe7333"
  } ],
  "coverImages" : [ {
    "asset" : {
      "assetID" : "8528565634c4d94ab73adf2ab925d0e1f36cb8a5"
    }
  } ],
  "related" : [ ],
  "metadata" : [ {
    "key" : "collectionUri",
    "value" : "new-testament",
    "language" : "dan"
  }, {
    "key" : "orderIndex",
    "value" : "1"
  } ],
  "children" : [ {
    "path" : "Mobile Media Library/Danish - Video/Scriptures/New Testament/Bible Videos",
    "collectionID" : "ab24a4f8376d427db9873b6d2c40c392a9a07dd7",
    "type" : "DEFAULT",
    "lastUpdatedDate" : "2022-11-02T10:31:57.629-06:00",
    "links" : [ {
      "rel" : "details",
      "href" : "https://titanapi.churchofjesuschrist.org/assetsearch/api/v2/collection/details/collectionID/ab24a4f8376d427db9873b6d2c40c392a9a07dd7"
    } ],
    "fileName" : "ab24a4f8376d427db9873b6d2c40c392a9a07dd7.json"
  } ],
  "assets" : [ ],
  "fileName" : "8172155d880d4c82aea298846ab9cf088bfe7333.json",
  "name" : "New Testament"
}