{
  "parentCollectionID" : "5ee0e5dd0def45bc8e8dd31de585dfa6c08a8865",
  "parentCollectionPath" : "Mobile Media Library/Ukrainian - Video/Teaching and Lessons/Seminary and Institute",
  "collectionType" : "collections",
  "path" : "Mobile Media Library/Ukrainian - Video/Teaching and Lessons/Seminary and Institute/Institute",
  "collectionID" : "81931fca6f724536b3ebfa64119fd155a892ae75",
  "language" : "ukr",
  "type" : "DEFAULT",
  "lastUpdatedDate" : "2022-10-31T07:10:23.339-06:00",
  "links" : [ {
    "rel" : "details",
    "href" : "https://titanapi.churchofjesuschrist.org/assetsearch/api/v2/collection/details/collectionID/81931fca6f724536b3ebfa64119fd155a892ae75"
  } ],
  "coverImages" : [ {
    "asset" : {
      "assetID" : "166fefc8b57b58dfe6cfcf81968484e5101631f8"
    }
  } ],
  "related" : [ ],
  "metadata" : [ {
    "key" : "orderIndex",
    "value" : "4"
  }, {
    "key" : "collectionUri",
    "value" : "institute-video-collection",
    "language" : "ukr"
  }, {
    "key" : "publicTitle",
    "value" : "інститути",
    "language" : "ukr"
  } ],
  "children" : [ {
    "path" : "Mobile Media Library/Ukrainian - Video/Teaching and Lessons/Seminary and Institute/Institute/Elevate Learning",
    "collectionID" : "0a9f2366bbc0482e9de5aa86c6e75c787c418287",
    "type" : "DEFAULT",
    "lastUpdatedDate" : "2022-04-18T01:12:35.553-06:00",
    "links" : [ {
      "rel" : "details",
      "href" : "https://titanapi.churchofjesuschrist.org/assetsearch/api/v2/collection/details/collectionID/0a9f2366bbc0482e9de5aa86c6e75c787c418287"
    } ],
    "fileName" : "0a9f2366bbc0482e9de5aa86c6e75c787c418287.json"
  }, {
    "path" : "Mobile Media Library/Ukrainian - Video/Teaching and Lessons/Seminary and Institute/Institute/Institute is for Me",
    "collectionID" : "36804e87b17d449788d78f44b4ba3e5667c060a0",
    "type" : "DEFAULT",
    "lastUpdatedDate" : "2022-04-18T01:12:35.553-06:00",
    "links" : [ {
      "rel" : "details",
      "href" : "https://titanapi.churchofjesuschrist.org/assetsearch/api/v2/collection/details/collectionID/36804e87b17d449788d78f44b4ba3e5667c060a0"
    } ],
    "fileName" : "36804e87b17d449788d78f44b4ba3e5667c060a0.json"
  } ],
  "assets" : [ ],
  "fileName" : "81931fca6f724536b3ebfa64119fd155a892ae75.json",
  "name" : "Institute",
  "publicTitle" : "інститути"
}