{
  "parentCollectionID" : "b162c02d0a8041eaad40be70e07acc719c07a4d8",
  "parentCollectionPath" : "Mobile Media Library/Ukrainian - Video/Teaching and Lessons/Come, Follow Me/Come, Follow Me: New Testament Learning and Teaching Resources",
  "collectionType" : "collections",
  "path" : "Mobile Media Library/Ukrainian - Video/Teaching and Lessons/Come, Follow Me/Come, Follow Me: New Testament Learning and Teaching Resources/Jun. 17-23: Matthew 27; Mark 15; Luke 23; John 19",
  "collectionID" : "8228b28f79964850b8c4f10518b2329ef2228954",
  "language" : "ukr",
  "type" : "DEFAULT",
  "lastUpdatedDate" : "2022-04-18T01:12:35.553-06:00",
  "links" : [ {
    "rel" : "details",
    "href" : "https://titanapi.churchofjesuschrist.org/assetsearch/api/v2/collection/details/collectionID/8228b28f79964850b8c4f10518b2329ef2228954"
  } ],
  "coverImages" : [ {
    "asset" : {
      "assetID" : "cbf5c7dc922fd09a3acff2be9ffd00cd92df918a"
    }
  } ],
  "related" : [ ],
  "metadata" : [ {
    "key" : "collectionUri",
    "value" : "Jun-17-23-Matthew-27-Mark-15-Luke-23-John-19",
    "language" : "ukr"
  }, {
    "key" : "orderIndex",
    "value" : "24"
  } ],
  "children" : [ ],
  "assets" : [ ],
  "fileName" : "8228b28f79964850b8c4f10518b2329ef2228954.json",
  "name" : "Jun. 17-23: Matthew 27; Mark 15; Luke 23; John 19"
}