{
  "parentCollectionID" : "3842d9ad82854a3a85d3aafcec0763e0062f2a7a",
  "parentCollectionPath" : "Mobile Media Library/Russian - Video/Life Help/Self-Reliance Services and PEF/Education for Better Work",
  "collectionType" : "collections",
  "path" : "Mobile Media Library/Russian - Video/Life Help/Self-Reliance Services and PEF/Education for Better Work/Chapter 5: How will I succeed in the classroom?",
  "collectionID" : "8241acc43ace4c26b33ad5a37b416a7734faf7a9",
  "language" : "rus",
  "type" : "DEFAULT",
  "lastUpdatedDate" : "2022-07-18T12:26:14.489-06:00",
  "links" : [ {
    "rel" : "details",
    "href" : "https://titanapi.churchofjesuschrist.org/assetsearch/api/v2/collection/details/collectionID/8241acc43ace4c26b33ad5a37b416a7734faf7a9"
  } ],
  "coverImages" : [ {
    "asset" : {
      "assetID" : "0dd8ca6aeae92527eebf6d545adb4f18e10017e7"
    }
  } ],
  "related" : [ ],
  "metadata" : [ {
    "key" : "collectionUri",
    "value" : "chapter-5-how-will-i-succeed-in-the-classroom",
    "language" : "rus"
  } ],
  "children" : [ ],
  "assets" : [ ],
  "fileName" : "8241acc43ace4c26b33ad5a37b416a7734faf7a9.json",
  "name" : "Chapter 5: How will I succeed in the classroom?"
}