{
  "parentCollectionID" : "5b4b635450884ed7bbe2582606b302925f47c41d",
  "parentCollectionPath" : "Mobile Media Library/Japanese - Video/Life Help/Self-Reliance Services and PEF",
  "collectionType" : "collections",
  "path" : "Mobile Media Library/Japanese - Video/Life Help/Self-Reliance Services and PEF/Education for Better Work",
  "collectionID" : "829b22882d694f9da0686cb5e777a241b36d1eb7",
  "language" : "jpn",
  "type" : "DEFAULT",
  "lastUpdatedDate" : "2022-08-10T14:41:56.186-06:00",
  "links" : [ {
    "rel" : "details",
    "href" : "https://titanapi.churchofjesuschrist.org/assetsearch/api/v2/collection/details/collectionID/829b22882d694f9da0686cb5e777a241b36d1eb7"
  } ],
  "coverImages" : [ {
    "asset" : {
      "assetID" : "62040378db58ab3f9eeaac27c33ebf17a6938b78"
    }
  } ],
  "related" : [ ],
  "metadata" : [ {
    "key" : "collectionUri",
    "value" : "education-for-self-reliance",
    "language" : "jpn"
  } ],
  "children" : [ {
    "path" : "Mobile Media Library/Japanese - Video/Life Help/Self-Reliance Services and PEF/Education for Better Work/Chapter 1: What type of work will help me become self-reliant?",
    "collectionID" : "df07dfcb2df04febb772b1a9dffd134c261b26da",
    "type" : "DEFAULT",
    "lastUpdatedDate" : "2022-08-10T14:43:29.303-06:00",
    "links" : [ {
      "rel" : "details",
      "href" : "https://titanapi.churchofjesuschrist.org/assetsearch/api/v2/collection/details/collectionID/df07dfcb2df04febb772b1a9dffd134c261b26da"
    } ],
    "fileName" : "df07dfcb2df04febb772b1a9dffd134c261b26da.json"
  }, {
    "path" : "Mobile Media Library/Japanese - Video/Life Help/Self-Reliance Services and PEF/Education for Better Work/Chapter 2: What education will qualify me for my work?",
    "collectionID" : "2c83daefaeb5438a980e2a147fb9246eb25f633e",
    "type" : "DEFAULT",
    "lastUpdatedDate" : "2022-08-10T14:45:24.207-06:00",
    "links" : [ {
      "rel" : "details",
      "href" : "https://titanapi.churchofjesuschrist.org/assetsearch/api/v2/collection/details/collectionID/2c83daefaeb5438a980e2a147fb9246eb25f633e"
    } ],
    "fileName" : "2c83daefaeb5438a980e2a147fb9246eb25f633e.json"
  }, {
    "path" : "Mobile Media Library/Japanese - Video/Life Help/Self-Reliance Services and PEF/Education for Better Work/Chapter 3: How will I pay for my education?",
    "collectionID" : "700d1742f37544ae9f967d8247576d91f80be61d",
    "type" : "DEFAULT",
    "lastUpdatedDate" : "2022-08-10T14:46:44.196-06:00",
    "links" : [ {
      "rel" : "details",
      "href" : "https://titanapi.churchofjesuschrist.org/assetsearch/api/v2/collection/details/collectionID/700d1742f37544ae9f967d8247576d91f80be61d"
    } ],
    "fileName" : "700d1742f37544ae9f967d8247576d91f80be61d.json"
  }, {
    "path" : "Mobile Media Library/Japanese - Video/Life Help/Self-Reliance Services and PEF/Education for Better Work/Chapter 4: Should I apply for a Perpetual Education Fund loan?",
    "collectionID" : "2bd1082c6d734ef6a292d7633dd3c2d088927165",
    "type" : "DEFAULT",
    "lastUpdatedDate" : "2022-08-10T14:47:45.214-06:00",
    "links" : [ {
      "rel" : "details",
      "href" : "https://titanapi.churchofjesuschrist.org/assetsearch/api/v2/collection/details/collectionID/2bd1082c6d734ef6a292d7633dd3c2d088927165"
    } ],
    "fileName" : "2bd1082c6d734ef6a292d7633dd3c2d088927165.json"
  }, {
    "path" : "Mobile Media Library/Japanese - Video/Life Help/Self-Reliance Services and PEF/Education for Better Work/Chapter 5: How will I succeed in the classroom?",
    "collectionID" : "451b824fe969481eadb81d26798fd98b01d0a4dc",
    "type" : "DEFAULT",
    "lastUpdatedDate" : "2022-08-10T14:48:37.679-06:00",
    "links" : [ {
      "rel" : "details",
      "href" : "https://titanapi.churchofjesuschrist.org/assetsearch/api/v2/collection/details/collectionID/451b824fe969481eadb81d26798fd98b01d0a4dc"
    } ],
    "fileName" : "451b824fe969481eadb81d26798fd98b01d0a4dc.json"
  }, {
    "path" : "Mobile Media Library/Japanese - Video/Life Help/Self-Reliance Services and PEF/Education for Better Work/Chapter 6: How will I succeed outside the classroom?",
    "collectionID" : "d7483c9322594eb0ae4b93d67c1f94592960dae0",
    "type" : "DEFAULT",
    "lastUpdatedDate" : "2022-08-10T14:49:23.486-06:00",
    "links" : [ {
      "rel" : "details",
      "href" : "https://titanapi.churchofjesuschrist.org/assetsearch/api/v2/collection/details/collectionID/d7483c9322594eb0ae4b93d67c1f94592960dae0"
    } ],
    "fileName" : "d7483c9322594eb0ae4b93d67c1f94592960dae0.json"
  }, {
    "path" : "Mobile Media Library/Japanese - Video/Life Help/Self-Reliance Services and PEF/Education for Better Work/Chapter 8: Create an Environment for Success",
    "collectionID" : "22bc695da54647c4b885b5eedba1265f2c162b1a",
    "type" : "DEFAULT",
    "lastUpdatedDate" : "2022-09-02T22:25:34.140-06:00",
    "links" : [ {
      "rel" : "details",
      "href" : "https://titanapi.churchofjesuschrist.org/assetsearch/api/v2/collection/details/collectionID/22bc695da54647c4b885b5eedba1265f2c162b1a"
    } ],
    "fileName" : "22bc695da54647c4b885b5eedba1265f2c162b1a.json"
  } ],
  "assets" : [ ],
  "fileName" : "829b22882d694f9da0686cb5e777a241b36d1eb7.json",
  "name" : "Education for Better Work"
}