{
  "parentCollectionID" : "a362cf32612a48c380d0013df943b987",
  "parentCollectionPath" : "Mobile Media Library/English - Video/Teaching and Lessons/Come, Follow Me/2023 New Testament Media Resources",
  "collectionType" : "assets",
  "path" : "Mobile Media Library/English - Video/Teaching and Lessons/Come, Follow Me/2023 New Testament Media Resources/April 3–April 9. Easter: \"O Grave, Where is Thy Victory?\"",
  "collectionID" : "8375367a50c847ea97d21d4ea946d4a4",
  "language" : "eng",
  "type" : "DEFAULT",
  "lastUpdatedDate" : "2022-12-01T14:26:24.987-07:00",
  "links" : [ {
    "rel" : "details",
    "href" : "https://titanapi.churchofjesuschrist.org/assetsearch/api/v2/collection/details/collectionID/8375367a50c847ea97d21d4ea946d4a4"
  } ],
  "coverImages" : [ {
    "asset" : {
      "assetID" : "611175feaa47716aa03b165aa7fc9d7935a6a5ba"
    }
  } ],
  "related" : [ ],
  "metadata" : [ {
    "key" : "orderIndex",
    "value" : "14"
  }, {
    "key" : "collectionUri",
    "value" : "cfm-2023-videos-april-3-9",
    "language" : "eng"
  }, {
    "key" : "publicTitle",
    "value" : "April 3–April 9. Easter: \"O Grave, Where is Thy Victory?\"",
    "language" : "eng"
  } ],
  "children" : [ ],
  "assets" : [ {
    "asset" : {
      "assetID" : "26ba1a26788afd92b04ce9d12eb3f90943cb9edc"
    },
    "index" : 5,
    "addedDate" : 1669069770079,
    "metadata" : [ ]
  }, {
    "asset" : {
      "assetID" : "597068e271137f0d4a0620c9cb1670e70d03c363"
    },
    "index" : 2,
    "addedDate" : 1650043472938,
    "metadata" : [ ]
  }, {
    "asset" : {
      "assetID" : "a5413e7e60dc26f22125d3021d85f47166aac2a1"
    },
    "index" : 0,
    "addedDate" : 1650043451406,
    "metadata" : [ ]
  }, {
    "asset" : {
      "assetID" : "37e87b5dbe0cbe5e5543acb4d28eeff59fa069f2"
    },
    "index" : 1,
    "addedDate" : 1650043462437,
    "metadata" : [ ]
  }, {
    "asset" : {
      "assetID" : "3a43d90b35897735aacd9dd632b7f18ebc4d70a9"
    },
    "index" : 3,
    "addedDate" : 1650043524122,
    "metadata" : [ ]
  }, {
    "asset" : {
      "assetID" : "6fe4fafc1cc311ec8410eeeeac1e04a2164371e8"
    },
    "index" : 4,
    "addedDate" : 1652116607931,
    "metadata" : [ ]
  } ],
  "fileName" : "8375367a50c847ea97d21d4ea946d4a4.json",
  "name" : "April 3–April 9. Easter: \"O Grave, Where is Thy Victory?\"",
  "publicTitle" : "April 3–April 9. Easter: \"O Grave, Where is Thy Victory?\""
}