{
  "parentCollectionID" : "54fba2ff56e94b93ab115c5d0beecc9e539f0288",
  "parentCollectionPath" : "Mobile Media Library/Japanese - Video/Teaching and Lessons/Come, Follow Me/Come, Follow Me: New Testament Learning and Teaching Resources",
  "collectionType" : "collections",
  "path" : "Mobile Media Library/Japanese - Video/Teaching and Lessons/Come, Follow Me/Come, Follow Me: New Testament Learning and Teaching Resources/Mar. 25-31: Matthew 14-15; Mark 6-7; John 5-6",
  "collectionID" : "84369a56903c4fab93ffba02c04986f549fcd985",
  "language" : "jpn",
  "type" : "DEFAULT",
  "lastUpdatedDate" : "2022-08-10T11:57:57.998-06:00",
  "links" : [ {
    "rel" : "details",
    "href" : "https://titanapi.churchofjesuschrist.org/assetsearch/api/v2/collection/details/collectionID/84369a56903c4fab93ffba02c04986f549fcd985"
  } ],
  "coverImages" : [ {
    "asset" : {
      "assetID" : "a350538776173f954e101b44c45eba5d7b81c026"
    }
  } ],
  "related" : [ ],
  "metadata" : [ {
    "key" : "orderIndex",
    "value" : "13"
  }, {
    "key" : "collectionUri",
    "value" : "mar-25-31-matthew-14-15-mar-6-7-john-5-6",
    "language" : "jpn"
  } ],
  "children" : [ ],
  "assets" : [ ],
  "fileName" : "84369a56903c4fab93ffba02c04986f549fcd985.json",
  "name" : "Mar. 25-31: Matthew 14-15; Mark 6-7; John 5-6"
}