{
  "parentCollectionID" : "295401b6bf28408a88048e5583dd402f",
  "parentCollectionPath" : "Mobile Media Library/Mandarin Simplified - Video/Broadcasts/Teaching Religion to Youth and Young Adults",
  "collectionType" : "assets",
  "path" : "Mobile Media Library/Mandarin Simplified - Video/Broadcasts/Teaching Religion to Youth and Young Adults/2016–An Evening with Elder M. Russell Ballard",
  "collectionID" : "84b467f4ff1747a0b2dd2dd3f3cd7341",
  "type" : "DEFAULT",
  "lastUpdatedDate" : "2023-07-06T10:01:06.396-06:00",
  "links" : [ {
    "rel" : "details",
    "href" : "https://titanapi.churchofjesuschrist.org/assetsearch/api/v2/collection/details/collectionID/84b467f4ff1747a0b2dd2dd3f3cd7341"
  } ],
  "coverImages" : [ {
    "asset" : {
      "assetID" : "41240eec0f7f6c183b7005371788671476acbc83"
    }
  } ],
  "related" : [ ],
  "metadata" : [ {
    "key" : "collectionUri",
    "value" : "evening-with-a-general-authority-2016"
  }, {
    "key" : "publicTitle",
    "value" : "2016—与罗素·培勒长老一夕谈"
  }, {
    "key" : "orderIndex",
    "value" : "8"
  } ],
  "children" : [ ],
  "assets" : [ {
    "asset" : {
      "assetID" : "d710fceff27223bb99693662f10fc5c9fca56cca"
    },
    "index" : 2,
    "addedDate" : 1688659310673,
    "metadata" : [ ]
  }, {
    "asset" : {
      "assetID" : "a94dff53e6b431fbc847dded7fd1bb5b1047e0ce"
    },
    "index" : 0,
    "addedDate" : 1688659292202,
    "metadata" : [ ]
  }, {
    "asset" : {
      "assetID" : "8b48fa15d269490b2e456490ece7a3999b67e064"
    },
    "index" : 1,
    "addedDate" : 1688659302077,
    "metadata" : [ ]
  } ],
  "fileName" : "84b467f4ff1747a0b2dd2dd3f3cd7341.json",
  "name" : "2016–An Evening with Elder M. Russell Ballard",
  "publicTitle" : "2016—与罗素·培勒长老一夕谈"
}