{
  "parentCollectionID" : "38b9e81d44343bf4204296241568235d6e8e77c6",
  "parentCollectionPath" : "Mobile Media Library/English - Featured",
  "collectionType" : "assets",
  "path" : "Mobile Media Library/English - Featured/Bible Videos",
  "collectionID" : "851e95dc4ddb415990aa4e1b31a4af08",
  "language" : "eng",
  "type" : "DEFAULT",
  "lastUpdatedDate" : "2024-06-03T16:21:53.490-06:00",
  "links" : [ {
    "rel" : "details",
    "href" : "https://titanapi.churchofjesuschrist.org/assetsearch/api/v2/collection/details/collectionID/851e95dc4ddb415990aa4e1b31a4af08"
  } ],
  "coverImages" : [ {
    "asset" : {
      "assetID" : "9890c304d3e92d464c7686ee0f3238d950544b4d"
    }
  } ],
  "related" : [ ],
  "metadata" : [ {
    "key" : "orderIndex",
    "value" : "12"
  }, {
    "key" : "channel",
    "value" : "mobile",
    "language" : "eng"
  }, {
    "key" : "collectionUri",
    "value" : "bible-videos-features",
    "language" : "eng"
  }, {
    "key" : "publicTitle",
    "value" : "Bible Videos",
    "language" : "eng"
  } ],
  "children" : [ ],
  "assets" : [ {
    "asset" : {
      "assetID" : "b7b9aa15389925a2b5ba1a5c878c3cb5236dde5c"
    },
    "index" : 11,
    "addedDate" : 1717440861276,
    "metadata" : [ ]
  }, {
    "asset" : {
      "assetID" : "5965495944c8c42b3ad700dc0368511eb5e09d7e"
    },
    "index" : 78,
    "addedDate" : 1717445288490,
    "metadata" : [ ]
  }, {
    "asset" : {
      "assetID" : "b7ad93c253238c69e235c6cb40fa4c6fdb6ed187"
    },
    "index" : 96,
    "addedDate" : 1717445288456,
    "metadata" : [ ]
  }, {
    "asset" : {
      "assetID" : "fe697a8f46228b41c13c83db00bd2bcdd5dfa251"
    },
    "index" : 9,
    "addedDate" : 1717440861293,
    "metadata" : [ ]
  }, {
    "asset" : {
      "assetID" : "7604449faecaa1e81f007af2100232d4e1bcb04e"
    },
    "index" : 32,
    "addedDate" : 1717441318440,
    "metadata" : [ ]
  }, {
    "asset" : {
      "assetID" : "9efca1b92a73d5d6cabde1b9e62dd94f9c5e30ea"
    },
    "index" : 30,
    "addedDate" : 1717441318436,
    "metadata" : [ ]
  }, {
    "asset" : {
      "assetID" : "d145f27b148e4df557ff3cb06dcb18cfb5e1fa92"
    },
    "index" : 25,
    "addedDate" : 1717441318436,
    "metadata" : [ ]
  }, {
    "asset" : {
      "assetID" : "59b0970264f03a52812e4d3b86013c8660f5fd67"
    },
    "index" : 19,
    "addedDate" : 1717440861296,
    "metadata" : [ ]
  }, {
    "asset" : {
      "assetID" : "9171914ddda940958d77a30ba8b3ea7c5126a000"
    },
    "index" : 91,
    "addedDate" : 1717445288490,
    "metadata" : [ ]
  }, {
    "asset" : {
      "assetID" : "e883f61a330393c5ca1fd53eb7202b1c4a3710b6"
    },
    "index" : 80,
    "addedDate" : 1717445288473,
    "metadata" : [ ]
  }, {
    "asset" : {
      "assetID" : "a5d212fec1f8c15a0d1f0c25d803fd2d9d95b7bd"
    },
    "index" : 73,
    "addedDate" : 1717444902736,
    "metadata" : [ ]
  }, {
    "asset" : {
      "assetID" : "69dbcf28b1bb98017eee0921b0f8c6c698e74320"
    },
    "index" : 79,
    "addedDate" : 1717445288453,
    "metadata" : [ ]
  }, {
    "asset" : {
      "assetID" : "844768fc7b0d03e36c28f1547e2e9c7fddeb1190"
    },
    "index" : 98,
    "addedDate" : 1717445288463,
    "metadata" : [ ]
  }, {
    "asset" : {
      "assetID" : "99670d307883891a809e3872d59b0ebf21413bf8"
    },
    "index" : 24,
    "addedDate" : 1717441318440,
    "metadata" : [ ]
  }, {
    "asset" : {
      "assetID" : "1e8ba3096e76d5277a204f99343e747b251e9ae4"
    },
    "index" : 101,
    "addedDate" : 1717445288470,
    "metadata" : [ ]
  }, {
    "asset" : {
      "assetID" : "78c1422562ddbfdb76a28094f718f41f91706b67"
    },
    "index" : 26,
    "addedDate" : 1717441318450,
    "metadata" : [ ]
  }, {
    "asset" : {
      "assetID" : "971ad25e475575bf536da5813a0d694697c315dd"
    },
    "index" : 35,
    "addedDate" : 1717441318426,
    "metadata" : [ ]
  }, {
    "asset" : {
      "assetID" : "a2e0da671fc6ed63cb939fadd9269f4b01e9a0b2"
    },
    "index" : 89,
    "addedDate" : 1717445288480,
    "metadata" : [ ]
  }, {
    "asset" : {
      "assetID" : "61a33a8727608dbe07a8a0f798d958d07d42e42a"
    },
    "index" : 49,
    "addedDate" : 1717441318413,
    "metadata" : [ ]
  }, {
    "asset" : {
      "assetID" : "b423ba90771c7116b4b9dea7a99e2c96ba4b5522"
    },
    "index" : 13,
    "addedDate" : 1717440861283,
    "metadata" : [ ]
  }, {
    "asset" : {
      "assetID" : "1da121d0b26bb9bc880fbb4c71fcbc8de28cc50d"
    },
    "index" : 14,
    "addedDate" : 1717440861290,
    "metadata" : [ ]
  }, {
    "asset" : {
      "assetID" : "90451b8de9c5f4885b2206c4db20c7cec5b10c48"
    },
    "index" : 84,
    "addedDate" : 1717445288470,
    "metadata" : [ ]
  }, {
    "asset" : {
      "assetID" : "b9ef91090979cbcfa09f0b8aa40930ab308d3d64"
    },
    "index" : 1,
    "addedDate" : 1717440771036,
    "metadata" : [ ]
  }, {
    "asset" : {
      "assetID" : "8ccdf64a28a934d51895be32b1ee75e27ecac45f"
    },
    "index" : 58,
    "addedDate" : 1717441318453,
    "metadata" : [ ]
  }, {
    "asset" : {
      "assetID" : "6ffae2744e142fd867813f86981c443f119ffd10"
    },
    "index" : 38,
    "addedDate" : 1717441318400,
    "metadata" : [ ]
  }, {
    "asset" : {
      "assetID" : "35a5f3ba8ef362654113c756c6e76e87e5a9ca4f"
    },
    "index" : 77,
    "addedDate" : 1717444902740,
    "metadata" : [ ]
  }, {
    "asset" : {
      "assetID" : "56b09144ba762b6494f8a0a99e627fed2f76a294"
    },
    "index" : 40,
    "addedDate" : 1717441318420,
    "metadata" : [ ]
  }, {
    "asset" : {
      "assetID" : "056947772199c0864a1af1fc39a2e0dfc32045ee"
    },
    "index" : 0,
    "addedDate" : 1717440771046,
    "metadata" : [ ]
  }, {
    "asset" : {
      "assetID" : "ea0cb904402d521a84ca0183da2f5f06036f4664"
    },
    "index" : 48,
    "addedDate" : 1717441318456,
    "metadata" : [ ]
  }, {
    "asset" : {
      "assetID" : "fc089f25d7d74abc2b1ccf831356eed676f5783c"
    },
    "index" : 97,
    "addedDate" : 1717445288473,
    "metadata" : [ ]
  }, {
    "asset" : {
      "assetID" : "d8a1713b4a0c0902357f984cc81b9331e4538c44"
    },
    "index" : 22,
    "addedDate" : 1717441318430,
    "metadata" : [ ]
  }, {
    "asset" : {
      "assetID" : "3276ede909578e1451e390a40603abd56afc33cf"
    },
    "index" : 5,
    "addedDate" : 1717440771036,
    "metadata" : [ ]
  }, {
    "asset" : {
      "assetID" : "370b20c6bb9f7847a955edf9760bf09fa3d9cf59"
    },
    "index" : 87,
    "addedDate" : 1717445288460,
    "metadata" : [ ]
  }, {
    "asset" : {
      "assetID" : "9f489acf108ba0259865796b09b5529bbd7115f9"
    },
    "index" : 16,
    "addedDate" : 1717440861293,
    "metadata" : [ ]
  }, {
    "asset" : {
      "assetID" : "3b37a41f00bb4d194e5916e625932c66d2fdf70b"
    },
    "index" : 29,
    "addedDate" : 1717441318416,
    "metadata" : [ ]
  }, {
    "asset" : {
      "assetID" : "82d1b292db1d6e6b65b0c1a698e604c3d7de7d9f"
    },
    "index" : 65,
    "addedDate" : 1717444902753,
    "metadata" : [ ]
  }, {
    "asset" : {
      "assetID" : "36f8df5f0995a7f8ee614d3b587c8cd207425de9"
    },
    "index" : 21,
    "addedDate" : 1717441318416,
    "metadata" : [ ]
  }, {
    "asset" : {
      "assetID" : "597068e271137f0d4a0620c9cb1670e70d03c363"
    },
    "index" : 71,
    "addedDate" : 1717444902746,
    "metadata" : [ ]
  }, {
    "asset" : {
      "assetID" : "073ca16eaa3d3184b7092e346ae5df8cbae18ef6"
    },
    "index" : 31,
    "addedDate" : 1717441318440,
    "metadata" : [ ]
  }, {
    "asset" : {
      "assetID" : "1996d0b7dbc5d5eaa71f61b5d41bf487722d9701"
    },
    "index" : 15,
    "addedDate" : 1717440861283,
    "metadata" : [ ]
  }, {
    "asset" : {
      "assetID" : "be3dfcc61c6140dd1fdfc795154a6393b71d11db"
    },
    "index" : 59,
    "addedDate" : 1717441318416,
    "metadata" : [ ]
  }, {
    "asset" : {
      "assetID" : "37520274d4e3bdf0fbd03e40671cdb73caef453b"
    },
    "index" : 85,
    "addedDate" : 1717445288493,
    "metadata" : [ ]
  }, {
    "asset" : {
      "assetID" : "2c2728bbb360bed499c0c9f616559ed3695dfb9d"
    },
    "index" : 34,
    "addedDate" : 1717441318420,
    "metadata" : [ ]
  }, {
    "asset" : {
      "assetID" : "dfab2f188d8807c734e97c880fd356c1ec87e24c"
    },
    "index" : 41,
    "addedDate" : 1717441318406,
    "metadata" : [ ]
  }, {
    "asset" : {
      "assetID" : "a42e662fb6dfaae38e29c4bc8f7986ab8e7ee4a0"
    },
    "index" : 83,
    "addedDate" : 1717445288466,
    "metadata" : [ ]
  }, {
    "asset" : {
      "assetID" : "4c85b7c8708b64c1a703db14770498fa28600356"
    },
    "index" : 95,
    "addedDate" : 1717445288450,
    "metadata" : [ ]
  }, {
    "asset" : {
      "assetID" : "74279709e2c38a4b714e994a982735be8bdc187c"
    },
    "index" : 44,
    "addedDate" : 1717441318433,
    "metadata" : [ ]
  }, {
    "asset" : {
      "assetID" : "1589b6bab0d6faba8ea194559dd16cc753c67fd1"
    },
    "index" : 69,
    "addedDate" : 1717444902750,
    "metadata" : [ ]
  }, {
    "asset" : {
      "assetID" : "1628fde7be91ccb41fea6604f65a0d271eabbad6"
    },
    "index" : 81,
    "addedDate" : 1717445288476,
    "metadata" : [ ]
  }, {
    "asset" : {
      "assetID" : "7164b8de59789cc83ed67328981c03e22c0ff0cc"
    },
    "index" : 93,
    "addedDate" : 1717445288460,
    "metadata" : [ ]
  }, {
    "asset" : {
      "assetID" : "4f920d11f579dd9073efc31660e6b265a275d2fa"
    },
    "index" : 33,
    "addedDate" : 1717441318413,
    "metadata" : [ ]
  }, {
    "asset" : {
      "assetID" : "2904266fa8e7dfdc0edab6abbfe2d05505c98a94"
    },
    "index" : 76,
    "addedDate" : 1717444902750,
    "metadata" : [ ]
  }, {
    "asset" : {
      "assetID" : "45cc7a5a06851a4517b34d6d2a93fac95fcbf84f"
    },
    "index" : 36,
    "addedDate" : 1717441318450,
    "metadata" : [ ]
  }, {
    "asset" : {
      "assetID" : "efa9deb2fdc3128b0aec29f4a0dbc1efa23e2604"
    },
    "index" : 94,
    "addedDate" : 1717445288466,
    "metadata" : [ ]
  }, {
    "asset" : {
      "assetID" : "1a752dba29a48523e20b3245097dce7e48469c0e"
    },
    "index" : 6,
    "addedDate" : 1717440771040,
    "metadata" : [ ]
  }, {
    "asset" : {
      "assetID" : "9e0958fd49e3302433df0fc062e91a322ba4da59"
    },
    "index" : 82,
    "addedDate" : 1717445288480,
    "metadata" : [ ]
  }, {
    "asset" : {
      "assetID" : "9516a25a405b23bda1cfb6e983e5f7293d268da4"
    },
    "index" : 47,
    "addedDate" : 1717441318433,
    "metadata" : [ ]
  }, {
    "asset" : {
      "assetID" : "b862da106cd223f0200185a705b0979db1080bb6"
    },
    "index" : 90,
    "addedDate" : 1717445288460,
    "metadata" : [ ]
  }, {
    "asset" : {
      "assetID" : "f746ef236cabaa4892bec635f66a93e5c947c3e1"
    },
    "index" : 99,
    "addedDate" : 1717445288470,
    "metadata" : [ ]
  }, {
    "asset" : {
      "assetID" : "a5413e7e60dc26f22125d3021d85f47166aac2a1"
    },
    "index" : 70,
    "addedDate" : 1717444902736,
    "metadata" : [ ]
  }, {
    "asset" : {
      "assetID" : "bd5dc8f27f6834954ea26558d4387fac5f0e6483"
    },
    "index" : 20,
    "addedDate" : 1717440861286,
    "metadata" : [ ]
  }, {
    "asset" : {
      "assetID" : "08e9520d884757275601366c4e0b2f152a1c481b"
    },
    "index" : 23,
    "addedDate" : 1717441318443,
    "metadata" : [ ]
  }, {
    "asset" : {
      "assetID" : "d0c423f17b0a746686269faf48e5f2e4a23ab540"
    },
    "index" : 88,
    "addedDate" : 1717445288463,
    "metadata" : [ ]
  }, {
    "asset" : {
      "assetID" : "ba98ca49cf7c589c8051268268087cebf1e4e0f8"
    },
    "index" : 86,
    "addedDate" : 1717445288456,
    "metadata" : [ ]
  }, {
    "asset" : {
      "assetID" : "52cd9265a901421e55926f47b0bf08fc0dafc141"
    },
    "index" : 45,
    "addedDate" : 1717441318443,
    "metadata" : [ ]
  }, {
    "asset" : {
      "assetID" : "624c71caa07e1cdbfa9ff2c174a46c834987b519"
    },
    "index" : 92,
    "addedDate" : 1717445288446,
    "metadata" : [ ]
  }, {
    "asset" : {
      "assetID" : "28a9d06b8d6b81bdb11c0c02f878948f0aabc629"
    },
    "index" : 100,
    "addedDate" : 1717445288453,
    "metadata" : [ ]
  }, {
    "asset" : {
      "assetID" : "fe9f6beb5bb6a6c4a1898fef7a9e494d12d3b20d"
    },
    "index" : 3,
    "addedDate" : 1717440771040,
    "metadata" : [ ]
  }, {
    "asset" : {
      "assetID" : "c8d5a3d852b325608b13938c10a1acc5417cd573"
    },
    "index" : 7,
    "addedDate" : 1717440771040,
    "metadata" : [ ]
  }, {
    "asset" : {
      "assetID" : "55a56c9c138291a55530ec65aef12aa9f7962eeb"
    },
    "index" : 50,
    "addedDate" : 1717441318420,
    "metadata" : [ ]
  }, {
    "asset" : {
      "assetID" : "6355b46a982a823f1851a20ade3c23862beeaefd"
    },
    "index" : 18,
    "addedDate" : 1717440861290,
    "metadata" : [ ]
  }, {
    "asset" : {
      "assetID" : "81c338f872e096ce4ece27d8e67be452bd5ed70b"
    },
    "index" : 60,
    "addedDate" : 1717441318423,
    "metadata" : [ ]
  }, {
    "asset" : {
      "assetID" : "115c8937423b7e103ee3bdc67ffc583e385c2a7e"
    },
    "index" : 17,
    "addedDate" : 1717440861290,
    "metadata" : [ ]
  }, {
    "asset" : {
      "assetID" : "2456115651b71f87ebfa1f5bebed602132f76298"
    },
    "index" : 52,
    "addedDate" : 1717441318423,
    "metadata" : [ ]
  }, {
    "asset" : {
      "assetID" : "9b4f98c70ef96eb5f0fbd7294626c70e372b98e1"
    },
    "index" : 46,
    "addedDate" : 1717441318426,
    "metadata" : [ ]
  }, {
    "asset" : {
      "assetID" : "a9671fd03de8e5397123ad071008ff7b0398ae64"
    },
    "index" : 66,
    "addedDate" : 1717444902750,
    "metadata" : [ ]
  }, {
    "asset" : {
      "assetID" : "33b205a23c7e78e4e45c2b26caa343b1f0fd7b14"
    },
    "index" : 57,
    "addedDate" : 1717441318430,
    "metadata" : [ ]
  }, {
    "asset" : {
      "assetID" : "ff8ed03fcba5d59e6523dcc8fdde57a2e7a9c100"
    },
    "index" : 43,
    "addedDate" : 1717441318430,
    "metadata" : [ ]
  }, {
    "asset" : {
      "assetID" : "f67e48d135527360a3f6d566f252b242b7147c2e"
    },
    "index" : 75,
    "addedDate" : 1717444902756,
    "metadata" : [ ]
  }, {
    "asset" : {
      "assetID" : "37e87b5dbe0cbe5e5543acb4d28eeff59fa069f2"
    },
    "index" : 74,
    "addedDate" : 1717444902753,
    "metadata" : [ ]
  }, {
    "asset" : {
      "assetID" : "44bb626f0dbaf436f5d5143c1b107fa697b31cd4"
    },
    "index" : 55,
    "addedDate" : 1717441318403,
    "metadata" : [ ]
  }, {
    "asset" : {
      "assetID" : "810552d75557a4623f1ead9508f75570ca21998d"
    },
    "index" : 61,
    "addedDate" : 1717441318403,
    "metadata" : [ ]
  }, {
    "asset" : {
      "assetID" : "3a43d90b35897735aacd9dd632b7f18ebc4d70a9"
    },
    "index" : 72,
    "addedDate" : 1717444902730,
    "metadata" : [ ]
  }, {
    "asset" : {
      "assetID" : "8931bc8a9b2c7596afcdd6baa11845d5f3afddce"
    },
    "index" : 53,
    "addedDate" : 1717441318410,
    "metadata" : [ ]
  }, {
    "asset" : {
      "assetID" : "83d4d3690e1a8e6b6e1a07a32f7209694f9b32ef"
    },
    "index" : 39,
    "addedDate" : 1717441318406,
    "metadata" : [ ]
  }, {
    "asset" : {
      "assetID" : "434b7834cdd2ebe9684023a3f4cecd5a7bdb400d"
    },
    "index" : 2,
    "addedDate" : 1717440771043,
    "metadata" : [ ]
  }, {
    "asset" : {
      "assetID" : "09062911b99366ef278602d4b41f69f1ddde6858"
    },
    "index" : 4,
    "addedDate" : 1717440771043,
    "metadata" : [ ]
  }, {
    "asset" : {
      "assetID" : "ac46898d92cb086c73947d6a31508722c4585cb5"
    },
    "index" : 56,
    "addedDate" : 1717441318410,
    "metadata" : [ ]
  }, {
    "asset" : {
      "assetID" : "ad4c24e805ba47bf27c327b108e8ac601a7e47cb"
    },
    "index" : 42,
    "addedDate" : 1717441318410,
    "metadata" : [ ]
  }, {
    "asset" : {
      "assetID" : "ee6f196fc3bd55a332e1ebdfd4e89db03b70a83d"
    },
    "index" : 62,
    "addedDate" : 1717444902740,
    "metadata" : [ ]
  }, {
    "asset" : {
      "assetID" : "7f6308bf190d8d1c62420d09f265c0297ed84da4"
    },
    "index" : 63,
    "addedDate" : 1717444902743,
    "metadata" : [ ]
  }, {
    "asset" : {
      "assetID" : "b722f27d98e061a31f5ed52b88c2690266604ece"
    },
    "index" : 64,
    "addedDate" : 1717444902740,
    "metadata" : [ ]
  }, {
    "asset" : {
      "assetID" : "cb2faf16424b7e83f345cb2c9a08488af656fa15"
    },
    "index" : 67,
    "addedDate" : 1717444902746,
    "metadata" : [ ]
  }, {
    "asset" : {
      "assetID" : "61d5b574f7709c77a71a9e243feee51dc1f7af9f"
    },
    "index" : 68,
    "addedDate" : 1717444902743,
    "metadata" : [ ]
  }, {
    "asset" : {
      "assetID" : "420f511ce8936b99c08b63ceb1f356840aaedfce"
    },
    "index" : 10,
    "addedDate" : 1717440861280,
    "metadata" : [ ]
  }, {
    "asset" : {
      "assetID" : "ecfbd3a116ecb8174c0c75ce4501da8ca0956628"
    },
    "index" : 8,
    "addedDate" : 1717440771030,
    "metadata" : [ ]
  }, {
    "asset" : {
      "assetID" : "e524b3e636edd719e0971ec7d46cf9be4521e142"
    },
    "index" : 54,
    "addedDate" : 1717441318446,
    "metadata" : [ ]
  }, {
    "asset" : {
      "assetID" : "d9c93eb80bf161429140649da4349f4958cf4190"
    },
    "index" : 51,
    "addedDate" : 1717441318446,
    "metadata" : [ ]
  }, {
    "asset" : {
      "assetID" : "8a2820b0cfdc21744bf8c6b76577a78d2eda54e7"
    },
    "index" : 37,
    "addedDate" : 1717441318450,
    "metadata" : [ ]
  }, {
    "asset" : {
      "assetID" : "1facdd6ff933db404f043be754636f0770afa866"
    },
    "index" : 27,
    "addedDate" : 1717441318456,
    "metadata" : [ ]
  }, {
    "asset" : {
      "assetID" : "118ea412a7e2b6d6b98508f462257fd0b6bede82"
    },
    "index" : 12,
    "addedDate" : 1717440861286,
    "metadata" : [ ]
  }, {
    "asset" : {
      "assetID" : "9bd5e0c82c592ce8c38b261897e1423906dc16db"
    },
    "index" : 28,
    "addedDate" : 1717441318443,
    "metadata" : [ ]
  } ],
  "fileName" : "851e95dc4ddb415990aa4e1b31a4af08.json",
  "name" : "Bible Videos",
  "publicTitle" : "Bible Videos"
}