{
  "parentCollectionID" : "116bbc4fce1b469392dc24cfcf85fad8d78892a6",
  "parentCollectionPath" : "Mobile Media Library/Russian - Video/Life Help/Self-Reliance Services and PEF/Find a Better Job",
  "collectionType" : "collections",
  "path" : "Mobile Media Library/Russian - Video/Life Help/Self-Reliance Services and PEF/Find a Better Job/Chapter 10: Succeed at Work",
  "collectionID" : "857b6e6ebad046e59eea9ccbefc4bb2b6e7f31a6",
  "language" : "rus",
  "type" : "DEFAULT",
  "lastUpdatedDate" : "2022-07-18T12:40:53.603-06:00",
  "links" : [ {
    "rel" : "details",
    "href" : "https://titanapi.churchofjesuschrist.org/assetsearch/api/v2/collection/details/collectionID/857b6e6ebad046e59eea9ccbefc4bb2b6e7f31a6"
  } ],
  "coverImages" : [ {
    "asset" : {
      "assetID" : "bb7ee292176779819497f2fc23b4d856bf126ff2"
    }
  } ],
  "related" : [ ],
  "metadata" : [ {
    "key" : "collectionUri",
    "value" : "chapter-10-succeed-at-work",
    "language" : "rus"
  } ],
  "children" : [ ],
  "assets" : [ ],
  "fileName" : "857b6e6ebad046e59eea9ccbefc4bb2b6e7f31a6.json",
  "name" : "Chapter 10: Succeed at Work"
}