{
  "parentCollectionID" : "18b00d95be254d18a1c5af4100c0ade264bfa29b",
  "parentCollectionPath" : "Mobile Media Library/Tongan - Video/Callings and Trainings",
  "collectionType" : "assets",
  "path" : "Mobile Media Library/Tongan - Video/Callings and Trainings/Missionary",
  "collectionID" : "85b94b7cf276402d905e35500b7519ba6689da61",
  "language" : "ton",
  "type" : "DEFAULT",
  "lastUpdatedDate" : "2022-10-28T13:15:37.322-06:00",
  "links" : [ {
    "rel" : "details",
    "href" : "https://titanapi.churchofjesuschrist.org/assetsearch/api/v2/collection/details/collectionID/85b94b7cf276402d905e35500b7519ba6689da61"
  } ],
  "coverImages" : [ {
    "asset" : {
      "assetID" : "5c94d26d32d401b839d2dad92f3663ba15fbd281"
    }
  } ],
  "related" : [ ],
  "metadata" : [ {
    "key" : "orderIndex",
    "value" : "1"
  }, {
    "key" : "collectionUri",
    "value" : "missionary",
    "language" : "ton"
  }, {
    "key" : "publicTitle",
    "value" : "Faifekau",
    "language" : "ton"
  } ],
  "children" : [ ],
  "assets" : [ {
    "asset" : {
      "assetID" : "ced51bbb010a11ecbf18eeeeac1e5d0bba1f8499"
    },
    "index" : 2,
    "addedDate" : 1650265216903,
    "metadata" : [ ]
  }, {
    "asset" : {
      "assetID" : "4747ec9d012511ecbb5eeeeeac1e9b2a733d3f42"
    },
    "index" : 3,
    "addedDate" : 1650265216903,
    "metadata" : [ ]
  }, {
    "asset" : {
      "assetID" : "f0584249012511ecab09eeeeac1ec5fba0d94bc0"
    },
    "index" : 5,
    "addedDate" : 1650265216903,
    "metadata" : [ ]
  }, {
    "asset" : {
      "assetID" : "002bc5cf012611ec8bffeeeeac1e6f0de31ae2be"
    },
    "index" : 6,
    "addedDate" : 1650265216903,
    "metadata" : [ ]
  }, {
    "asset" : {
      "assetID" : "1b651252012611eca4aceeeeac1e0759a1fc1f87"
    },
    "index" : 7,
    "addedDate" : 1650265216903,
    "metadata" : [ ]
  }, {
    "asset" : {
      "assetID" : "c8af3680012511eca545eeeeac1e665907dd4113"
    },
    "index" : 4,
    "addedDate" : 1650265216903,
    "metadata" : [ ]
  } ],
  "fileName" : "85b94b7cf276402d905e35500b7519ba6689da61.json",
  "name" : "Missionary",
  "publicTitle" : "Faifekau"
}