{
  "parentCollectionID" : "161f786269404cdb81c22cd9d31a58a3",
  "parentCollectionPath" : "Mobile Media Library/Portuguese - Images/Everyday People/Portraits of Faith",
  "collectionType" : "assets",
  "path" : "Mobile Media Library/Portuguese - Images/Everyday People/Portraits of Faith/Mikael Rinne",
  "collectionID" : "85d33943017e43559bb4fbc01577b83a",
  "language" : "por",
  "type" : "DEFAULT",
  "lastUpdatedDate" : "2023-09-06T16:07:16.135-06:00",
  "links" : [ {
    "rel" : "details",
    "href" : "https://titanapi.churchofjesuschrist.org/assetsearch/api/v2/collection/details/collectionID/85d33943017e43559bb4fbc01577b83a"
  } ],
  "coverImages" : [ {
    "asset" : {
      "assetID" : "747a64c2f5c48b4a2313111ad2f1e98a1669b34e"
    }
  } ],
  "related" : [ ],
  "metadata" : [ {
    "key" : "collectionUri",
    "value" : "mikael-rinne-images",
    "language" : "por"
  }, {
    "key" : "publicTitle",
    "value" : "Mikael Rinne",
    "language" : "por"
  }, {
    "key" : "orderIndex",
    "value" : "18"
  } ],
  "children" : [ ],
  "assets" : [ {
    "asset" : {
      "assetID" : "747a64c2f5c48b4a2313111ad2f1e98a1669b34e"
    },
    "addedDate" : 1694038769056,
    "metadata" : [ ]
  }, {
    "asset" : {
      "assetID" : "eff50e26600e89188c76eb00262285c723fdf8c7"
    },
    "addedDate" : 1694038769060,
    "metadata" : [ ]
  }, {
    "asset" : {
      "assetID" : "41d2b93a23684ecb7b59184cfca3aa36f65a1506"
    },
    "addedDate" : 1694038769056,
    "metadata" : [ ]
  }, {
    "asset" : {
      "assetID" : "26d1cb6d1a08eea2b8659e86307f9b041b41894c"
    },
    "addedDate" : 1694038769063,
    "metadata" : [ ]
  }, {
    "asset" : {
      "assetID" : "835f0241b7aa4699f179d59278fe424e84c313f7"
    },
    "addedDate" : 1694038769060,
    "metadata" : [ ]
  }, {
    "asset" : {
      "assetID" : "0013f569e9ecbff21c4e6ed2c9285f9cd74c4671"
    },
    "addedDate" : 1694038769053,
    "metadata" : [ ]
  } ],
  "fileName" : "85d33943017e43559bb4fbc01577b83a.json",
  "name" : "Mikael Rinne",
  "publicTitle" : "Mikael Rinne"
}