{
  "parentCollectionID" : "1007040b8cdd4e47b0eae01d80e4826f",
  "parentCollectionPath" : "Mobile Media Library/Spanish - Video/Videos for Children",
  "collectionType" : "assets",
  "path" : "Mobile Media Library/Spanish - Video/Videos for Children/Growing Faith",
  "collectionID" : "8664cc2bb15847c4aeb79416a311b9a8",
  "language" : "spa",
  "type" : "DEFAULT",
  "lastUpdatedDate" : "2024-08-06T04:30:23.938-06:00",
  "links" : [ {
    "rel" : "details",
    "href" : "https://titanapi.churchofjesuschrist.org/assetsearch/api/v2/collection/details/collectionID/8664cc2bb15847c4aeb79416a311b9a8"
  } ],
  "coverImages" : [ {
    "asset" : {
      "assetID" : "7fd88f97c869cbddd5b898a1aa065c502e7b9d53"
    }
  } ],
  "related" : [ ],
  "metadata" : [ {
    "key" : "orderIndex",
    "value" : "6"
  }, {
    "key" : "channel",
    "value" : "mobile",
    "language" : "spa"
  }, {
    "key" : "collectionUri",
    "value" : "growing-faith",
    "language" : "spa"
  }, {
    "key" : "publicTitle",
    "value" : "Creciendo Con Fe",
    "language" : "spa"
  } ],
  "children" : [ ],
  "assets" : [ {
    "asset" : {
      "assetID" : "8D11AC2F1F0B2EC9D05989F8CDC859B450A9F0F6"
    },
    "index" : 0,
    "addedDate" : 1648788185074,
    "metadata" : [ ]
  }, {
    "asset" : {
      "assetID" : "97eab9a36d7b11ecbc6beeeeac1e67ecd48608ae"
    },
    "index" : 1,
    "addedDate" : 1648788203239,
    "metadata" : [ ]
  }, {
    "asset" : {
      "assetID" : "120d01ca8de911ec8cf1eeeeac1e6dabbfdef3d7"
    },
    "index" : 6,
    "addedDate" : 1684249675241,
    "metadata" : [ ]
  }, {
    "asset" : {
      "assetID" : "bb76072d965a11ec9a66eeeeac1eb82555bcf130"
    },
    "index" : 5,
    "addedDate" : 1684249607201,
    "metadata" : [ ]
  }, {
    "asset" : {
      "assetID" : "aa1bd75d199b11ed89deeeeeac1e5a57e9d6c6e5"
    },
    "index" : 4,
    "addedDate" : 1684249102203,
    "metadata" : [ ]
  }, {
    "asset" : {
      "assetID" : "a27907b6a1a511ed88f2eeeeac1eb0af54175aae"
    },
    "index" : 3,
    "addedDate" : 1679534121459,
    "metadata" : [ ]
  }, {
    "asset" : {
      "assetID" : "836e29b124cb11ee9215eeeeac1e916277e16f2b"
    },
    "index" : 6,
    "addedDate" : 1690411875224,
    "metadata" : [ ]
  }, {
    "asset" : {
      "assetID" : "a6d5d960743711ee9a12eeeeac1e2756764b51b5"
    },
    "index" : 7,
    "addedDate" : 1702403795416,
    "metadata" : [ ]
  }, {
    "asset" : {
      "assetID" : "49c9e013ec5b11eeb4d8eeeeac1eaa5d27ad401d"
    },
    "index" : 8,
    "addedDate" : 1712205049574,
    "metadata" : [ ]
  } ],
  "fileName" : "8664cc2bb15847c4aeb79416a311b9a8.json",
  "name" : "Growing Faith",
  "publicTitle" : "Creciendo Con Fe"
}