{
  "parentCollectionID" : "96fb108d9ce34b589e031451259b6a1a7103533b",
  "parentCollectionPath" : "Mobile Media Library/Hungarian - Video/Broadcasts",
  "collectionType" : "collections",
  "path" : "Mobile Media Library/Hungarian - Video/Broadcasts/General Conference",
  "collectionID" : "86676f055df64ce1a6d7b1413032e3f220737a0d",
  "language" : "hun",
  "type" : "DEFAULT",
  "lastUpdatedDate" : "2022-10-26T16:36:03.151-06:00",
  "links" : [ {
    "rel" : "details",
    "href" : "https://titanapi.churchofjesuschrist.org/assetsearch/api/v2/collection/details/collectionID/86676f055df64ce1a6d7b1413032e3f220737a0d"
  } ],
  "coverImages" : [ {
    "asset" : {
      "assetID" : "e2f76414518811ee8bf5eeeeac1e13362f48d898"
    }
  } ],
  "related" : [ ],
  "metadata" : [ {
    "key" : "orderIndex",
    "value" : "4"
  }, {
    "key" : "collectionUri",
    "value" : "general-conference",
    "language" : "hun"
  }, {
    "key" : "publicTitle",
    "value" : "általános konferencia",
    "language" : "hun"
  } ],
  "children" : [ {
    "path" : "Mobile Media Library/Hungarian - Video/Broadcasts/General Conference/October 2021",
    "collectionID" : "98fa423702324008a4fb84f692cd3274",
    "type" : "DEFAULT",
    "lastUpdatedDate" : "2022-10-26T16:37:44.632-06:00",
    "links" : [ {
      "rel" : "details",
      "href" : "https://titanapi.churchofjesuschrist.org/assetsearch/api/v2/collection/details/collectionID/98fa423702324008a4fb84f692cd3274"
    } ],
    "fileName" : "98fa423702324008a4fb84f692cd3274.json"
  }, {
    "path" : "Mobile Media Library/Hungarian - Video/Broadcasts/General Conference/April 2019",
    "collectionID" : "1164d4c7dd9143c9a6e378da3faf3ed0ac9bd8e9",
    "type" : "DEFAULT",
    "lastUpdatedDate" : "2022-10-26T16:42:17.151-06:00",
    "links" : [ {
      "rel" : "details",
      "href" : "https://titanapi.churchofjesuschrist.org/assetsearch/api/v2/collection/details/collectionID/1164d4c7dd9143c9a6e378da3faf3ed0ac9bd8e9"
    } ],
    "fileName" : "1164d4c7dd9143c9a6e378da3faf3ed0ac9bd8e9.json"
  }, {
    "path" : "Mobile Media Library/Hungarian - Video/Broadcasts/General Conference/April 2020",
    "collectionID" : "acf360600cec4403a0823a2e5efb07df8016711f",
    "type" : "DEFAULT",
    "lastUpdatedDate" : "2022-10-26T16:40:47.468-06:00",
    "links" : [ {
      "rel" : "details",
      "href" : "https://titanapi.churchofjesuschrist.org/assetsearch/api/v2/collection/details/collectionID/acf360600cec4403a0823a2e5efb07df8016711f"
    } ],
    "fileName" : "acf360600cec4403a0823a2e5efb07df8016711f.json"
  }, {
    "path" : "Mobile Media Library/Hungarian - Video/Broadcasts/General Conference/April 2021",
    "collectionID" : "64d70697ecf34b43bf5d8d7b6a42754b8265c9b6",
    "type" : "DEFAULT",
    "lastUpdatedDate" : "2022-10-26T16:40:06.864-06:00",
    "links" : [ {
      "rel" : "details",
      "href" : "https://titanapi.churchofjesuschrist.org/assetsearch/api/v2/collection/details/collectionID/64d70697ecf34b43bf5d8d7b6a42754b8265c9b6"
    } ],
    "fileName" : "64d70697ecf34b43bf5d8d7b6a42754b8265c9b6.json"
  }, {
    "path" : "Mobile Media Library/Hungarian - Video/Broadcasts/General Conference/April 2022",
    "collectionID" : "40414ab81d1f4e4698ed200f948f702b01e591b6",
    "type" : "DEFAULT",
    "lastUpdatedDate" : "2022-10-26T16:39:30.122-06:00",
    "links" : [ {
      "rel" : "details",
      "href" : "https://titanapi.churchofjesuschrist.org/assetsearch/api/v2/collection/details/collectionID/40414ab81d1f4e4698ed200f948f702b01e591b6"
    } ],
    "fileName" : "40414ab81d1f4e4698ed200f948f702b01e591b6.json"
  }, {
    "path" : "Mobile Media Library/Hungarian - Video/Broadcasts/General Conference/October 2018",
    "collectionID" : "aff5e2d0e2c74cdabc3b06d683a9c634a3826076",
    "type" : "DEFAULT",
    "lastUpdatedDate" : "2022-10-26T16:39:06.897-06:00",
    "links" : [ {
      "rel" : "details",
      "href" : "https://titanapi.churchofjesuschrist.org/assetsearch/api/v2/collection/details/collectionID/aff5e2d0e2c74cdabc3b06d683a9c634a3826076"
    } ],
    "fileName" : "aff5e2d0e2c74cdabc3b06d683a9c634a3826076.json"
  }, {
    "path" : "Mobile Media Library/Hungarian - Video/Broadcasts/General Conference/October 2019",
    "collectionID" : "31ad9cc6ce9d4b34bc8a41f285e165cac4a2d33b",
    "type" : "DEFAULT",
    "lastUpdatedDate" : "2022-10-26T16:38:26.656-06:00",
    "links" : [ {
      "rel" : "details",
      "href" : "https://titanapi.churchofjesuschrist.org/assetsearch/api/v2/collection/details/collectionID/31ad9cc6ce9d4b34bc8a41f285e165cac4a2d33b"
    } ],
    "fileName" : "31ad9cc6ce9d4b34bc8a41f285e165cac4a2d33b.json"
  }, {
    "path" : "Mobile Media Library/Hungarian - Video/Broadcasts/General Conference/October 2020",
    "collectionID" : "4a7f7a7a44dd4a62bd6e207c4a85e15786c5b04c",
    "type" : "DEFAULT",
    "lastUpdatedDate" : "2022-10-26T16:38:05.235-06:00",
    "links" : [ {
      "rel" : "details",
      "href" : "https://titanapi.churchofjesuschrist.org/assetsearch/api/v2/collection/details/collectionID/4a7f7a7a44dd4a62bd6e207c4a85e15786c5b04c"
    } ],
    "fileName" : "4a7f7a7a44dd4a62bd6e207c4a85e15786c5b04c.json"
  }, {
    "path" : "Mobile Media Library/Hungarian - Video/Broadcasts/General Conference/October 2022",
    "collectionID" : "97817c7f72c442b2aeef1e5059df3398",
    "type" : "DEFAULT",
    "lastUpdatedDate" : "2022-11-16T22:51:27.600-07:00",
    "links" : [ {
      "rel" : "details",
      "href" : "https://titanapi.churchofjesuschrist.org/assetsearch/api/v2/collection/details/collectionID/97817c7f72c442b2aeef1e5059df3398"
    } ],
    "fileName" : "97817c7f72c442b2aeef1e5059df3398.json"
  }, {
    "path" : "Mobile Media Library/Hungarian - Video/Broadcasts/General Conference/April 2023",
    "collectionID" : "86783a1229e74efbaa3b0196988778c7",
    "type" : "DEFAULT",
    "lastUpdatedDate" : "2023-05-01T11:04:13.635-06:00",
    "links" : [ {
      "rel" : "details",
      "href" : "https://titanapi.churchofjesuschrist.org/assetsearch/api/v2/collection/details/collectionID/86783a1229e74efbaa3b0196988778c7"
    } ],
    "fileName" : "86783a1229e74efbaa3b0196988778c7.json"
  }, {
    "path" : "Mobile Media Library/Hungarian - Video/Broadcasts/General Conference/October 2023",
    "collectionID" : "59d75fdf0a08458185f5f688d7b91333",
    "type" : "DEFAULT",
    "lastUpdatedDate" : "2023-10-12T18:32:27.163-06:00",
    "links" : [ {
      "rel" : "details",
      "href" : "https://titanapi.churchofjesuschrist.org/assetsearch/api/v2/collection/details/collectionID/59d75fdf0a08458185f5f688d7b91333"
    } ],
    "fileName" : "59d75fdf0a08458185f5f688d7b91333.json"
  }, {
    "path" : "Mobile Media Library/Hungarian - Video/Broadcasts/General Conference/April 2024",
    "collectionID" : "8f7bb4958e8f47858e550829944b17a5",
    "type" : "DEFAULT",
    "lastUpdatedDate" : "2024-04-19T00:45:11.974-06:00",
    "links" : [ {
      "rel" : "details",
      "href" : "https://titanapi.churchofjesuschrist.org/assetsearch/api/v2/collection/details/collectionID/8f7bb4958e8f47858e550829944b17a5"
    } ],
    "fileName" : "8f7bb4958e8f47858e550829944b17a5.json"
  }, {
    "path" : "Mobile Media Library/Hungarian - Video/Broadcasts/General Conference/October 2024",
    "collectionID" : "561858bd20e7412da9d6c3ae6047f3c4",
    "type" : "DEFAULT",
    "lastUpdatedDate" : "2024-10-17T16:05:30.811-06:00",
    "links" : [ {
      "rel" : "details",
      "href" : "https://titanapi.churchofjesuschrist.org/assetsearch/api/v2/collection/details/collectionID/561858bd20e7412da9d6c3ae6047f3c4"
    } ],
    "fileName" : "561858bd20e7412da9d6c3ae6047f3c4.json"
  } ],
  "assets" : [ ],
  "fileName" : "86676f055df64ce1a6d7b1413032e3f220737a0d.json",
  "name" : "General Conference",
  "publicTitle" : "általános konferencia"
}