{
  "parentCollectionID" : "86676f055df64ce1a6d7b1413032e3f220737a0d",
  "parentCollectionPath" : "Mobile Media Library/Hungarian - Video/Broadcasts/General Conference",
  "collectionType" : "assets",
  "path" : "Mobile Media Library/Hungarian - Video/Broadcasts/General Conference/April 2023",
  "collectionID" : "86783a1229e74efbaa3b0196988778c7",
  "language" : "hun",
  "type" : "DEFAULT",
  "lastUpdatedDate" : "2023-05-01T11:04:13.635-06:00",
  "links" : [ {
    "rel" : "details",
    "href" : "https://titanapi.churchofjesuschrist.org/assetsearch/api/v2/collection/details/collectionID/86783a1229e74efbaa3b0196988778c7"
  } ],
  "coverImages" : [ {
    "asset" : {
      "assetID" : "0ffe997831fb811e569110d0e53a25c0f4c7a8db"
    }
  } ],
  "related" : [ ],
  "metadata" : [ {
    "key" : "orderIndex",
    "value" : "4"
  }, {
    "key" : "collectionUri",
    "value" : "april-2023-general-conference",
    "language" : "hun"
  }, {
    "key" : "publicTitle",
    "value" : "2023. április",
    "language" : "hun"
  } ],
  "children" : [ ],
  "assets" : [ {
    "asset" : {
      "assetID" : "23c40817d0ae11ed839ceeeeac1e35c6c065bc31"
    },
    "index" : 1,
    "addedDate" : 1681854990769,
    "metadata" : [ ]
  }, {
    "asset" : {
      "assetID" : "66615968d0b411ed9ecaeeeeac1eb666c33c12f9"
    },
    "index" : 2,
    "addedDate" : 1681854990882,
    "metadata" : [ ]
  }, {
    "asset" : {
      "assetID" : "4cb7942bd0b911ed9899eeeeac1e6af9cec458e1"
    },
    "index" : 3,
    "addedDate" : 1681854990973,
    "metadata" : [ ]
  }, {
    "asset" : {
      "assetID" : "2fb7ff1dd0bc11ed9108eeeeac1e2136695abbce"
    },
    "index" : 5,
    "addedDate" : 1681854991153,
    "metadata" : [ ]
  }, {
    "asset" : {
      "assetID" : "e803fdacd0bf11ed9265eeeeac1ec645b1a19bc6"
    },
    "index" : 6,
    "addedDate" : 1681854991245,
    "metadata" : [ ]
  }, {
    "asset" : {
      "assetID" : "655b5d4fd0c311ed8022eeeeac1e9117e65925d4"
    },
    "index" : 7,
    "addedDate" : 1681854991334,
    "metadata" : [ ]
  }, {
    "asset" : {
      "assetID" : "b16717c6d0cd11edad1ceeeeac1e7b465628eea3"
    },
    "index" : 4,
    "addedDate" : 1681854991059,
    "metadata" : [ ]
  }, {
    "asset" : {
      "assetID" : "d479a419d0d011ed81e0eeeeac1eaba83248de8e"
    },
    "index" : 9,
    "addedDate" : 1681854991516,
    "metadata" : [ ]
  }, {
    "asset" : {
      "assetID" : "26961eb8d0d411ed8784eeeeac1e85f73de8f96f"
    },
    "index" : 0,
    "addedDate" : 1681854990681,
    "metadata" : [ ]
  }, {
    "asset" : {
      "assetID" : "b801ae32d0d611eda88aeeeeac1ec8bc9d13a049"
    },
    "index" : 11,
    "addedDate" : 1681854991705,
    "metadata" : [ ]
  }, {
    "asset" : {
      "assetID" : "80012c84d0d711ed9899eeeeac1e6af94de23881"
    },
    "index" : 10,
    "addedDate" : 1681854991612,
    "metadata" : [ ]
  }, {
    "asset" : {
      "assetID" : "86392a2dd0d811ed987beeeeac1e475236dc796b"
    },
    "index" : 14,
    "addedDate" : 1681854991979,
    "metadata" : [ ]
  }, {
    "asset" : {
      "assetID" : "57e26266d0dc11ed9265eeeeac1ec645df17cb81"
    },
    "index" : 12,
    "addedDate" : 1681854991797,
    "metadata" : [ ]
  }, {
    "asset" : {
      "assetID" : "f14918c6d0de11ed8784eeeeac1e85f79509d2f9"
    },
    "index" : 15,
    "addedDate" : 1681854992066,
    "metadata" : [ ]
  }, {
    "asset" : {
      "assetID" : "d3b25ec1d0df11ed9108eeeeac1e2136965ac32e"
    },
    "index" : 17,
    "addedDate" : 1681854992252,
    "metadata" : [ ]
  }, {
    "asset" : {
      "assetID" : "bd298851d0e411ed8b20eeeeac1e476e5f4a0220"
    },
    "index" : 13,
    "addedDate" : 1681854991891,
    "metadata" : [ ]
  }, {
    "asset" : {
      "assetID" : "fcab0d29d0e511edb415eeeeac1e9a593198093b"
    },
    "index" : 16,
    "addedDate" : 1681854992155,
    "metadata" : [ ]
  }, {
    "asset" : {
      "assetID" : "57f90aa6d0f411ed9082eeeeac1eb649be4e64c4"
    },
    "index" : 19,
    "addedDate" : 1681854992451,
    "metadata" : [ ]
  }, {
    "asset" : {
      "assetID" : "ced17893d0f611ed99d7eeeeac1ec8b462fa564b"
    },
    "index" : 21,
    "addedDate" : 1681854992670,
    "metadata" : [ ]
  }, {
    "asset" : {
      "assetID" : "afd206ced0f711ed89b6eeeeac1e024650796124"
    },
    "index" : 20,
    "addedDate" : 1681854992568,
    "metadata" : [ ]
  }, {
    "asset" : {
      "assetID" : "8b5cb96cd0f811ed8cfbeeeeac1e7dce45d1e47d"
    },
    "index" : 18,
    "addedDate" : 1681854992352,
    "metadata" : [ ]
  }, {
    "asset" : {
      "assetID" : "e5ec9b5dd0ff11ed85e2eeeeac1ebd48cf9cc7c6"
    },
    "index" : 8,
    "addedDate" : 1681854991423,
    "metadata" : [ ]
  }, {
    "asset" : {
      "assetID" : "aa2c241cd10311edb7feeeeeac1eee9eb69e21c2"
    },
    "index" : 39,
    "addedDate" : 1681854994338,
    "metadata" : [ ]
  }, {
    "asset" : {
      "assetID" : "cb129746d17711ed8b20eeeeac1e476ecd76ad62"
    },
    "index" : 23,
    "addedDate" : 1681854992850,
    "metadata" : [ ]
  }, {
    "asset" : {
      "assetID" : "b2845103d17811ed8a7feeeeac1ec1390deb4998"
    },
    "index" : 24,
    "addedDate" : 1681854992940,
    "metadata" : [ ]
  }, {
    "asset" : {
      "assetID" : "222a25eed18011ed9997eeeeac1e63b73fad4f6a"
    },
    "index" : 27,
    "addedDate" : 1681854993220,
    "metadata" : [ ]
  }, {
    "asset" : {
      "assetID" : "a14dfd9bd18211edba4feeeeac1ed309b4eaa4c9"
    },
    "index" : 26,
    "addedDate" : 1681854993128,
    "metadata" : [ ]
  }, {
    "asset" : {
      "assetID" : "7a78ee52d18311ed8214eeeeac1e9c19aaba0c89"
    },
    "index" : 25,
    "addedDate" : 1681854993037,
    "metadata" : [ ]
  }, {
    "asset" : {
      "assetID" : "37ef0792d18911ed9b5ceeeeac1e913294a30dab"
    },
    "index" : 29,
    "addedDate" : 1681854993415,
    "metadata" : [ ]
  }, {
    "asset" : {
      "assetID" : "8e1f6ea9d18a11ed8b20eeeeac1e5b79e96ee27b"
    },
    "index" : 28,
    "addedDate" : 1681854993311,
    "metadata" : [ ]
  }, {
    "asset" : {
      "assetID" : "6c575507d18d11ed8214eeeeac1e9c19b6f69fa7"
    },
    "index" : 22,
    "addedDate" : 1681854992760,
    "metadata" : [ ]
  }, {
    "asset" : {
      "assetID" : "e173c4c1d19b11ed9b5ceeeeac1e9132f61065db"
    },
    "index" : 32,
    "addedDate" : 1681854993689,
    "metadata" : [ ]
  }, {
    "asset" : {
      "assetID" : "6b14a8b5d19d11ed85e2eeeeac1ebd48e48ac68d"
    },
    "index" : 33,
    "addedDate" : 1681854993781,
    "metadata" : [ ]
  }, {
    "asset" : {
      "assetID" : "697d7174d19e11ed91d5eeeeac1ec648791a05fd"
    },
    "index" : 31,
    "addedDate" : 1681854993598,
    "metadata" : [ ]
  }, {
    "asset" : {
      "assetID" : "4b34e1a7d1a111ed91d5eeeeac1ec648483297ac"
    },
    "index" : 34,
    "addedDate" : 1681854993872,
    "metadata" : [ ]
  }, {
    "asset" : {
      "assetID" : "d84fc697d1a111edad35eeeeac1e38d298d297b8"
    },
    "index" : 36,
    "addedDate" : 1681854994057,
    "metadata" : [ ]
  }, {
    "asset" : {
      "assetID" : "e1f37093d1a511ed9b5ceeeeac1e9132f01fde86"
    },
    "index" : 35,
    "addedDate" : 1681854993960,
    "metadata" : [ ]
  }, {
    "asset" : {
      "assetID" : "e0b3a80ed1a611ed95b6eeeeac1e309e1eba586d"
    },
    "index" : 37,
    "addedDate" : 1681854994153,
    "metadata" : [ ]
  }, {
    "asset" : {
      "assetID" : "61b85853d1aa11ed8a7feeeeac1ec1399f1979d8"
    },
    "index" : 30,
    "addedDate" : 1681854993507,
    "metadata" : [ ]
  }, {
    "asset" : {
      "assetID" : "330aaee3d1b411edb62beeeeac1eb371f205db48"
    },
    "index" : 38,
    "addedDate" : 1681854994243,
    "metadata" : [ ]
  } ],
  "fileName" : "86783a1229e74efbaa3b0196988778c7.json",
  "name" : "April 2023",
  "publicTitle" : "2023. április"
}