{
  "parentCollectionID" : "1c9574b5e1404533aed6098e8069b2d8",
  "parentCollectionPath" : "Mobile Media Library/Samoan - Video/Teaching and Lessons/Come, Follow Me/Come, Follow Me: For Aaronic Priesthood Quorums and Young Women/Media for 2023 Doctrinal Topics",
  "collectionType" : "collections",
  "path" : "Mobile Media Library/Samoan - Video/Teaching and Lessons/Come, Follow Me/Come, Follow Me: For Aaronic Priesthood Quorums and Young Women/Media for 2023 Doctrinal Topics/July",
  "collectionID" : "869fd51805db4b6691cde88a960460e3",
  "language" : "smo",
  "type" : "DEFAULT",
  "lastUpdatedDate" : "2022-10-31T09:23:44.884-06:00",
  "links" : [ {
    "rel" : "details",
    "href" : "https://titanapi.churchofjesuschrist.org/assetsearch/api/v2/collection/details/collectionID/869fd51805db4b6691cde88a960460e3"
  } ],
  "coverImages" : [ ],
  "related" : [ ],
  "metadata" : [ {
    "key" : "orderIndex",
    "value" : "7"
  }, {
    "key" : "collectionUri",
    "value" : "july-2023-doctrinal-media-for-youth",
    "language" : "smo"
  }, {
    "key" : "publicTitle",
    "value" : "Iulai",
    "language" : "smo"
  } ],
  "children" : [ ],
  "assets" : [ ],
  "fileName" : "869fd51805db4b6691cde88a960460e3.json",
  "name" : "July",
  "publicTitle" : "Iulai"
}