{
  "parentCollectionID" : "f70d6123d9034b4a8e8a68dcc19b4c1b39d95cf5",
  "parentCollectionPath" : "Mobile Media Library/Russian - Video/Topics",
  "collectionType" : "assets",
  "path" : "Mobile Media Library/Russian - Video/Topics/Service",
  "collectionID" : "86bb4527a4c643ad806b03234d1f826a5620e65c",
  "language" : "rus",
  "type" : "DEFAULT",
  "lastUpdatedDate" : "2023-06-09T15:38:36.071-06:00",
  "links" : [ {
    "rel" : "details",
    "href" : "https://titanapi.churchofjesuschrist.org/assetsearch/api/v2/collection/details/collectionID/86bb4527a4c643ad806b03234d1f826a5620e65c"
  } ],
  "coverImages" : [ {
    "asset" : {
      "assetID" : "bb7b84cac7f2025c98c89eb5840e0c8cd1992c84"
    }
  } ],
  "related" : [ ],
  "metadata" : [ {
    "key" : "orderIndex",
    "value" : "29"
  }, {
    "key" : "collectionUri",
    "value" : "service-topic",
    "language" : "rus"
  }, {
    "key" : "publicTitle",
    "value" : "Служение",
    "language" : "rus"
  } ],
  "children" : [ ],
  "assets" : [ {
    "asset" : {
      "assetID" : "0ea08131abd076e5a1d36993c55efdfbe289e24f"
    },
    "index" : 3,
    "addedDate" : 1648866312830,
    "metadata" : [ ]
  }, {
    "asset" : {
      "assetID" : "53dc741b924e571b79068d887b8a8cf2c8c6f03a"
    },
    "index" : 1,
    "addedDate" : 1648866312830,
    "metadata" : [ ]
  }, {
    "asset" : {
      "assetID" : "b871127e30ba69beac8cf4e818e161a5d69cc68f"
    },
    "index" : 0,
    "addedDate" : 1648866312830,
    "metadata" : [ ]
  }, {
    "asset" : {
      "assetID" : "59e1a5ab01757cd649f09682758aa3b46fb66a4a"
    },
    "index" : 2,
    "addedDate" : 1648866312830,
    "metadata" : [ ]
  } ],
  "fileName" : "86bb4527a4c643ad806b03234d1f826a5620e65c.json",
  "name" : "Service",
  "publicTitle" : "Служение"
}