{
  "parentCollectionID" : "03ed8c307d534c1c9349d6c66c43f7af",
  "parentCollectionPath" : "Mobile Media Library/Norwegian - Video/Teaching and Lessons/Come, Follow Me/Come, Follow Me: For Aaronic Priesthood Quorums and Young Women/Media for 2023 Doctrinal Topics",
  "collectionType" : "collections",
  "path" : "Mobile Media Library/Norwegian - Video/Teaching and Lessons/Come, Follow Me/Come, Follow Me: For Aaronic Priesthood Quorums and Young Women/Media for 2023 Doctrinal Topics/April",
  "collectionID" : "874982d8eeba4d63ad9cc762eb60c106",
  "language" : "nor",
  "type" : "DEFAULT",
  "lastUpdatedDate" : "2022-07-14T08:49:02.371-06:00",
  "links" : [ {
    "rel" : "details",
    "href" : "https://titanapi.churchofjesuschrist.org/assetsearch/api/v2/collection/details/collectionID/874982d8eeba4d63ad9cc762eb60c106"
  } ],
  "coverImages" : [ {
    "asset" : {
      "assetID" : "317e46a21b3588cf111697e304a497bf60a622dd"
    }
  } ],
  "related" : [ ],
  "metadata" : [ {
    "key" : "collectionUri",
    "value" : "april-2023-doctrinal-media-for-youth",
    "language" : "nor"
  }, {
    "key" : "orderIndex",
    "value" : "4"
  } ],
  "children" : [ ],
  "assets" : [ ],
  "fileName" : "874982d8eeba4d63ad9cc762eb60c106.json",
  "name" : "April"
}