{
  "parentCollectionID" : "d88e86f22081421a835182ae2bb9eb34ae7e6460",
  "parentCollectionPath" : "Mobile Media Library/French - Video/Broadcasts",
  "collectionType" : "collections",
  "path" : "Mobile Media Library/French - Video/Broadcasts/General Conference",
  "collectionID" : "8863251b4b744c5f98f192c86ba1de35935a8c76",
  "language" : "fra",
  "type" : "DEFAULT",
  "lastUpdatedDate" : "2023-10-06T16:49:08.048-06:00",
  "links" : [ {
    "rel" : "details",
    "href" : "https://titanapi.churchofjesuschrist.org/assetsearch/api/v2/collection/details/collectionID/8863251b4b744c5f98f192c86ba1de35935a8c76"
  } ],
  "coverImages" : [ {
    "asset" : {
      "assetID" : "e2f76414518811ee8bf5eeeeac1e13362f48d898"
    }
  } ],
  "related" : [ ],
  "metadata" : [ {
    "key" : "orderIndex",
    "value" : "2"
  }, {
    "key" : "channel",
    "value" : "mobile",
    "language" : "fra"
  }, {
    "key" : "collectionUri",
    "value" : "general-conference",
    "language" : "fra"
  }, {
    "key" : "publicTitle",
    "value" : "Conférence Générale",
    "language" : "fra"
  } ],
  "children" : [ {
    "path" : "Mobile Media Library/French - Video/Broadcasts/General Conference/October 2021",
    "collectionID" : "5f7828ed106543a08dc0cec13a0af7cc",
    "type" : "DEFAULT",
    "lastUpdatedDate" : "2023-06-21T09:23:34.138-06:00",
    "links" : [ {
      "rel" : "details",
      "href" : "https://titanapi.churchofjesuschrist.org/assetsearch/api/v2/collection/details/collectionID/5f7828ed106543a08dc0cec13a0af7cc"
    } ],
    "fileName" : "5f7828ed106543a08dc0cec13a0af7cc.json"
  }, {
    "path" : "Mobile Media Library/French - Video/Broadcasts/General Conference/April 2019",
    "collectionID" : "1d09b64f8b7c48f781f64e6cea0de9b55045e196",
    "type" : "DEFAULT",
    "lastUpdatedDate" : "2023-06-21T09:24:55.313-06:00",
    "links" : [ {
      "rel" : "details",
      "href" : "https://titanapi.churchofjesuschrist.org/assetsearch/api/v2/collection/details/collectionID/1d09b64f8b7c48f781f64e6cea0de9b55045e196"
    } ],
    "fileName" : "1d09b64f8b7c48f781f64e6cea0de9b55045e196.json"
  }, {
    "path" : "Mobile Media Library/French - Video/Broadcasts/General Conference/April 2020",
    "collectionID" : "638ed935136b4a22b38bda9520ba6460853e70fa",
    "type" : "DEFAULT",
    "lastUpdatedDate" : "2023-06-21T09:24:35.184-06:00",
    "links" : [ {
      "rel" : "details",
      "href" : "https://titanapi.churchofjesuschrist.org/assetsearch/api/v2/collection/details/collectionID/638ed935136b4a22b38bda9520ba6460853e70fa"
    } ],
    "fileName" : "638ed935136b4a22b38bda9520ba6460853e70fa.json"
  }, {
    "path" : "Mobile Media Library/French - Video/Broadcasts/General Conference/April 2021",
    "collectionID" : "a880d2628b924b91b15ef02300e8a39394e2b5ab",
    "type" : "DEFAULT",
    "lastUpdatedDate" : "2023-06-21T09:23:44.676-06:00",
    "links" : [ {
      "rel" : "details",
      "href" : "https://titanapi.churchofjesuschrist.org/assetsearch/api/v2/collection/details/collectionID/a880d2628b924b91b15ef02300e8a39394e2b5ab"
    } ],
    "fileName" : "a880d2628b924b91b15ef02300e8a39394e2b5ab.json"
  }, {
    "path" : "Mobile Media Library/French - Video/Broadcasts/General Conference/April 2022",
    "collectionID" : "53e13d5b2c4346a19d9598954c506e228eb5fe68",
    "type" : "DEFAULT",
    "lastUpdatedDate" : "2023-06-21T09:23:24.600-06:00",
    "links" : [ {
      "rel" : "details",
      "href" : "https://titanapi.churchofjesuschrist.org/assetsearch/api/v2/collection/details/collectionID/53e13d5b2c4346a19d9598954c506e228eb5fe68"
    } ],
    "fileName" : "53e13d5b2c4346a19d9598954c506e228eb5fe68.json"
  }, {
    "path" : "Mobile Media Library/French - Video/Broadcasts/General Conference/October 2018",
    "collectionID" : "762a2fc07a3f49e3b8b7a5df999060f428ad909b",
    "type" : "DEFAULT",
    "lastUpdatedDate" : "2022-10-21T13:21:53.965-06:00",
    "links" : [ {
      "rel" : "details",
      "href" : "https://titanapi.churchofjesuschrist.org/assetsearch/api/v2/collection/details/collectionID/762a2fc07a3f49e3b8b7a5df999060f428ad909b"
    } ],
    "fileName" : "762a2fc07a3f49e3b8b7a5df999060f428ad909b.json"
  }, {
    "path" : "Mobile Media Library/French - Video/Broadcasts/General Conference/October 2019",
    "collectionID" : "b8e6a34595ac4a66b8f2a69a2028373855770af8",
    "type" : "DEFAULT",
    "lastUpdatedDate" : "2023-06-21T09:24:45.042-06:00",
    "links" : [ {
      "rel" : "details",
      "href" : "https://titanapi.churchofjesuschrist.org/assetsearch/api/v2/collection/details/collectionID/b8e6a34595ac4a66b8f2a69a2028373855770af8"
    } ],
    "fileName" : "b8e6a34595ac4a66b8f2a69a2028373855770af8.json"
  }, {
    "path" : "Mobile Media Library/French - Video/Broadcasts/General Conference/October 2020",
    "collectionID" : "d035a60b75ac4a56876dd87a43bf036b6239b91b",
    "type" : "DEFAULT",
    "lastUpdatedDate" : "2023-06-21T09:23:55.534-06:00",
    "links" : [ {
      "rel" : "details",
      "href" : "https://titanapi.churchofjesuschrist.org/assetsearch/api/v2/collection/details/collectionID/d035a60b75ac4a56876dd87a43bf036b6239b91b"
    } ],
    "fileName" : "d035a60b75ac4a56876dd87a43bf036b6239b91b.json"
  }, {
    "path" : "Mobile Media Library/French - Video/Broadcasts/General Conference/October 2022",
    "collectionID" : "0cc2a2dab10641b08b7a0e530064af52",
    "type" : "DEFAULT",
    "lastUpdatedDate" : "2023-06-21T09:23:12.680-06:00",
    "links" : [ {
      "rel" : "details",
      "href" : "https://titanapi.churchofjesuschrist.org/assetsearch/api/v2/collection/details/collectionID/0cc2a2dab10641b08b7a0e530064af52"
    } ],
    "fileName" : "0cc2a2dab10641b08b7a0e530064af52.json"
  }, {
    "path" : "Mobile Media Library/French - Video/Broadcasts/General Conference/April 2023",
    "collectionID" : "c993f6c3c7b340a0bae4b0a4d88b30cd",
    "type" : "DEFAULT",
    "lastUpdatedDate" : "2023-09-14T12:01:41.793-06:00",
    "links" : [ {
      "rel" : "details",
      "href" : "https://titanapi.churchofjesuschrist.org/assetsearch/api/v2/collection/details/collectionID/c993f6c3c7b340a0bae4b0a4d88b30cd"
    } ],
    "fileName" : "c993f6c3c7b340a0bae4b0a4d88b30cd.json"
  }, {
    "path" : "Mobile Media Library/French - Video/Broadcasts/General Conference/October 2023",
    "collectionID" : "516a2986df14439d8237909f3e342c44",
    "type" : "DEFAULT",
    "lastUpdatedDate" : "2024-04-17T19:23:01.836-06:00",
    "links" : [ {
      "rel" : "details",
      "href" : "https://titanapi.churchofjesuschrist.org/assetsearch/api/v2/collection/details/collectionID/516a2986df14439d8237909f3e342c44"
    } ],
    "fileName" : "516a2986df14439d8237909f3e342c44.json"
  }, {
    "path" : "Mobile Media Library/French - Video/Broadcasts/General Conference/April 2024",
    "collectionID" : "30b871a4a2c045cdb3bd03ed7dffabd7",
    "type" : "DEFAULT",
    "lastUpdatedDate" : "2024-04-17T18:53:59.155-06:00",
    "links" : [ {
      "rel" : "details",
      "href" : "https://titanapi.churchofjesuschrist.org/assetsearch/api/v2/collection/details/collectionID/30b871a4a2c045cdb3bd03ed7dffabd7"
    } ],
    "fileName" : "30b871a4a2c045cdb3bd03ed7dffabd7.json"
  }, {
    "path" : "Mobile Media Library/French - Video/Broadcasts/General Conference/October 2024",
    "collectionID" : "8170003ff2eb45a485c03571ac2446be",
    "type" : "DEFAULT",
    "lastUpdatedDate" : "2024-10-22T11:05:05.914-06:00",
    "links" : [ {
      "rel" : "details",
      "href" : "https://titanapi.churchofjesuschrist.org/assetsearch/api/v2/collection/details/collectionID/8170003ff2eb45a485c03571ac2446be"
    } ],
    "fileName" : "8170003ff2eb45a485c03571ac2446be.json"
  } ],
  "assets" : [ ],
  "fileName" : "8863251b4b744c5f98f192c86ba1de35935a8c76.json",
  "name" : "General Conference",
  "publicTitle" : "Conférence Générale"
}