{
  "parentCollectionID" : "e6ca2c9aaaa84003a7c1f16fda9be8a965ccee03",
  "parentCollectionPath" : "Mobile Media Library/Mandarin Traditional - Video/Teaching and Lessons/Seminary and Institute",
  "collectionType" : "collections",
  "path" : "Mobile Media Library/Mandarin Traditional - Video/Teaching and Lessons/Seminary and Institute/Teacher Training - Gospel Teaching and Learning Handbook Video Resources",
  "collectionID" : "88ad555a4c68461c852f3a720652c1b3cbb85c94",
  "language" : "zho",
  "type" : "DEFAULT",
  "lastUpdatedDate" : "2024-09-18T08:52:25.440-06:00",
  "links" : [ {
    "rel" : "details",
    "href" : "https://titanapi.churchofjesuschrist.org/assetsearch/api/v2/collection/details/collectionID/88ad555a4c68461c852f3a720652c1b3cbb85c94"
  } ],
  "coverImages" : [ {
    "asset" : {
      "assetID" : "829d0579f7180a22333ec0c988ef069fe928fa81"
    }
  } ],
  "related" : [ ],
  "metadata" : [ {
    "key" : "orderIndex",
    "value" : "3"
  }, {
    "key" : "collectionUri",
    "value" : "teacher-training-gospel-teaching-and-learning-handbook-video-resources",
    "language" : "zho"
  }, {
    "key" : "publicTitle",
    "value" : "教師訓練——福音教導與學習手冊的影片資源",
    "language" : "zho"
  } ],
  "children" : [ {
    "path" : "Mobile Media Library/Mandarin Traditional - Video/Teaching and Lessons/Seminary and Institute/Teacher Training - Gospel Teaching and Learning Handbook Video Resources/1-The Objective",
    "collectionID" : "bcc81ad504134a40828099cc38f32d4432b6ae8b",
    "type" : "DEFAULT",
    "lastUpdatedDate" : "2024-09-18T08:52:25.440-06:00",
    "links" : [ {
      "rel" : "details",
      "href" : "https://titanapi.churchofjesuschrist.org/assetsearch/api/v2/collection/details/collectionID/bcc81ad504134a40828099cc38f32d4432b6ae8b"
    } ],
    "fileName" : "bcc81ad504134a40828099cc38f32d4432b6ae8b.json"
  }, {
    "path" : "Mobile Media Library/Mandarin Traditional - Video/Teaching and Lessons/Seminary and Institute/Teacher Training - Gospel Teaching and Learning Handbook Video Resources/2-Fundamentals of Gospel Teaching and Learning",
    "collectionID" : "26478c2feb8d43a78beaf7e8a2c14450d768fee1",
    "type" : "DEFAULT",
    "lastUpdatedDate" : "2024-09-18T08:52:25.440-06:00",
    "links" : [ {
      "rel" : "details",
      "href" : "https://titanapi.churchofjesuschrist.org/assetsearch/api/v2/collection/details/collectionID/26478c2feb8d43a78beaf7e8a2c14450d768fee1"
    } ],
    "fileName" : "26478c2feb8d43a78beaf7e8a2c14450d768fee1.json"
  }, {
    "path" : "Mobile Media Library/Mandarin Traditional - Video/Teaching and Lessons/Seminary and Institute/Teacher Training - Gospel Teaching and Learning Handbook Video Resources/3-Teaching the Scriptures in Seminaries and Institutes of Religion",
    "collectionID" : "a8700c2ce1a24183bd344b93b5204e3387101fd4",
    "type" : "DEFAULT",
    "lastUpdatedDate" : "2024-09-18T08:52:25.440-06:00",
    "links" : [ {
      "rel" : "details",
      "href" : "https://titanapi.churchofjesuschrist.org/assetsearch/api/v2/collection/details/collectionID/a8700c2ce1a24183bd344b93b5204e3387101fd4"
    } ],
    "fileName" : "a8700c2ce1a24183bd344b93b5204e3387101fd4.json"
  }, {
    "path" : "Mobile Media Library/Mandarin Traditional - Video/Teaching and Lessons/Seminary and Institute/Teacher Training - Gospel Teaching and Learning Handbook Video Resources/4-Preparing to Teach",
    "collectionID" : "774410d0cd724e2d8255b8cc493a7c0490233e36",
    "type" : "DEFAULT",
    "lastUpdatedDate" : "2024-09-18T08:52:25.440-06:00",
    "links" : [ {
      "rel" : "details",
      "href" : "https://titanapi.churchofjesuschrist.org/assetsearch/api/v2/collection/details/collectionID/774410d0cd724e2d8255b8cc493a7c0490233e36"
    } ],
    "fileName" : "774410d0cd724e2d8255b8cc493a7c0490233e36.json"
  }, {
    "path" : "Mobile Media Library/Mandarin Traditional - Video/Teaching and Lessons/Seminary and Institute/Teacher Training - Gospel Teaching and Learning Handbook Video Resources/5 - Teaching Methods, Skills, and Approaches",
    "collectionID" : "6e42961cee1e44ae992f2e3752a7c086ef0b171f",
    "type" : "DEFAULT",
    "lastUpdatedDate" : "2024-09-18T08:52:25.440-06:00",
    "links" : [ {
      "rel" : "details",
      "href" : "https://titanapi.churchofjesuschrist.org/assetsearch/api/v2/collection/details/collectionID/6e42961cee1e44ae992f2e3752a7c086ef0b171f"
    } ],
    "fileName" : "6e42961cee1e44ae992f2e3752a7c086ef0b171f.json"
  }, {
    "path" : "Mobile Media Library/Mandarin Traditional - Video/Teaching and Lessons/Seminary and Institute/Teacher Training - Gospel Teaching and Learning Handbook Video Resources/New Teacher Training",
    "collectionID" : "5edc2da4f42d470ab5ed69049f040eb0c0169165",
    "type" : "DEFAULT",
    "lastUpdatedDate" : "2024-09-18T08:52:25.440-06:00",
    "links" : [ {
      "rel" : "details",
      "href" : "https://titanapi.churchofjesuschrist.org/assetsearch/api/v2/collection/details/collectionID/5edc2da4f42d470ab5ed69049f040eb0c0169165"
    } ],
    "fileName" : "5edc2da4f42d470ab5ed69049f040eb0c0169165.json"
  } ],
  "assets" : [ ],
  "fileName" : "88ad555a4c68461c852f3a720652c1b3cbb85c94.json",
  "name" : "Teacher Training - Gospel Teaching and Learning Handbook Video Resources",
  "publicTitle" : "教師訓練——福音教導與學習手冊的影片資源"
}