{
  "parentCollectionID" : "f11ae6838ca24ef489feb621ebd39dc9",
  "parentCollectionPath" : "Mobile Media Library/Portuguese - Video/Callings and Trainings",
  "collectionType" : "assets",
  "path" : "Mobile Media Library/Portuguese - Video/Callings and Trainings/Music",
  "collectionID" : "88f4a1db51a74fbdab90817cec49ee8c",
  "language" : "por",
  "type" : "DEFAULT",
  "lastUpdatedDate" : "2024-05-20T15:56:09.729-06:00",
  "links" : [ {
    "rel" : "details",
    "href" : "https://titanapi.churchofjesuschrist.org/assetsearch/api/v2/collection/details/collectionID/88f4a1db51a74fbdab90817cec49ee8c"
  } ],
  "coverImages" : [ {
    "asset" : {
      "assetID" : "a4807a0b291d10012b51104915bfbd4b92bd91fa"
    }
  } ],
  "related" : [ ],
  "metadata" : [ {
    "key" : "orderIndex",
    "value" : "1"
  }, {
    "key" : "collectionUri",
    "value" : "music-training",
    "language" : "por"
  }, {
    "key" : "publicTitle",
    "value" : "Música",
    "language" : "por"
  } ],
  "children" : [ ],
  "assets" : [ {
    "asset" : {
      "assetID" : "59fa4476115911ef8226eeeeac1e63efe763a75a"
    },
    "index" : 1,
    "addedDate" : 1716242114301,
    "metadata" : [ ]
  }, {
    "asset" : {
      "assetID" : "77d95577124511efb5e5eeeeac1eabb995ca4c48"
    },
    "index" : 0,
    "addedDate" : 1715742424153,
    "metadata" : [ ]
  }, {
    "asset" : {
      "assetID" : "7ca0fa23194f11efbac0eeeeac1e93c860336c8d"
    },
    "index" : 2,
    "addedDate" : 1717170741109,
    "metadata" : [ ]
  } ],
  "fileName" : "88f4a1db51a74fbdab90817cec49ee8c.json",
  "name" : "Music",
  "publicTitle" : "Música"
}