{
  "parentCollectionID" : "695424eefa5c4e54b1c0c0f98a286d16",
  "parentCollectionPath" : "Mobile Media Library/Russian - Video",
  "collectionType" : "assets",
  "path" : "Mobile Media Library/Russian - Video/Community Outreach",
  "collectionID" : "898cca6fca154aaaafa0fcc08c2186d2671f655e",
  "language" : "rus",
  "type" : "DEFAULT",
  "lastUpdatedDate" : "2022-04-01T01:16:22.700-06:00",
  "links" : [ {
    "rel" : "details",
    "href" : "https://titanapi.churchofjesuschrist.org/assetsearch/api/v2/collection/details/collectionID/898cca6fca154aaaafa0fcc08c2186d2671f655e"
  } ],
  "coverImages" : [ {
    "asset" : {
      "assetID" : "757c8cc892d90b427700e94234f19189c65da065"
    }
  } ],
  "related" : [ ],
  "metadata" : [ {
    "key" : "collectionUri",
    "value" : "community-outreach",
    "language" : "rus"
  }, {
    "key" : "orderIndex",
    "value" : "3"
  } ],
  "children" : [ ],
  "assets" : [ {
    "asset" : {
      "assetID" : "112d984906714c736106ee08a3f6f4f244645b8d"
    },
    "index" : 0,
    "addedDate" : 1648866312830,
    "metadata" : [ ]
  }, {
    "asset" : {
      "assetID" : "462d6945f05665955f07956dc40cb1a8d7aa6e63"
    },
    "index" : 1,
    "addedDate" : 1648866312830,
    "metadata" : [ ]
  }, {
    "asset" : {
      "assetID" : "3435dbeffd4911fe7aa74af48dd02e84cfd5568a"
    },
    "index" : 2,
    "addedDate" : 1648866312830,
    "metadata" : [ ]
  }, {
    "asset" : {
      "assetID" : "6b94abc5f751d4ab374c62b0a21d5f2ff8e56aec"
    },
    "index" : 6,
    "addedDate" : 1648866312830,
    "metadata" : [ ]
  }, {
    "asset" : {
      "assetID" : "101954c5e005f3f9e4e5ab14919759019d5b4d3b"
    },
    "index" : 4,
    "addedDate" : 1648866312830,
    "metadata" : [ ]
  }, {
    "asset" : {
      "assetID" : "2ece9743807d8697b3db717a081f46b79192f352"
    },
    "index" : 5,
    "addedDate" : 1648866312830,
    "metadata" : [ ]
  }, {
    "asset" : {
      "assetID" : "299325c0221811ec9b75eeeeac1e708d7b07eab5"
    },
    "index" : 3,
    "addedDate" : 1648866312830,
    "metadata" : [ ]
  } ],
  "fileName" : "898cca6fca154aaaafa0fcc08c2186d2671f655e.json",
  "name" : "Community Outreach"
}