{
  "parentCollectionID" : "d7ee4af972964845a49c5231605c9776df248438",
  "parentCollectionPath" : "Mobile Media Library/Korean - Video/Sharing the Gospel",
  "collectionType" : "collections",
  "path" : "Mobile Media Library/Korean - Video/Sharing the Gospel/Our Values",
  "collectionID" : "898ffdef925e42e682fbfc7eac8581bc7b2e284f",
  "language" : "kor",
  "type" : "DEFAULT",
  "lastUpdatedDate" : "2022-04-01T02:01:17.036-06:00",
  "links" : [ {
    "rel" : "details",
    "href" : "https://titanapi.churchofjesuschrist.org/assetsearch/api/v2/collection/details/collectionID/898ffdef925e42e682fbfc7eac8581bc7b2e284f"
  } ],
  "coverImages" : [ {
    "asset" : {
      "assetID" : "e8bbcebcc31b7ad62522a92e92882426c8fed5fe"
    }
  } ],
  "related" : [ ],
  "metadata" : [ {
    "key" : "collectionUri",
    "value" : "our-values",
    "language" : "kor"
  }, {
    "key" : "orderIndex",
    "value" : "12"
  } ],
  "children" : [ ],
  "assets" : [ ],
  "fileName" : "898ffdef925e42e682fbfc7eac8581bc7b2e284f.json",
  "name" : "Our Values"
}