{
  "parentCollectionID" : "3fa133200c4548f488c926d6ffab727ba8ba3997",
  "parentCollectionPath" : "Mobile Media Library/Russian - Video/Teaching and Lessons/Come, Follow Me/Come, Follow Me: New Testament Learning and Teaching Resources",
  "collectionType" : "collections",
  "path" : "Mobile Media Library/Russian - Video/Teaching and Lessons/Come, Follow Me/Come, Follow Me: New Testament Learning and Teaching Resources/Sep. 2-8: 1 Corinthians 14-16",
  "collectionID" : "89e912ee17c94a0da71fcb970042500e4f269847",
  "language" : "rus",
  "type" : "DEFAULT",
  "lastUpdatedDate" : "2022-04-01T01:16:22.700-06:00",
  "links" : [ {
    "rel" : "details",
    "href" : "https://titanapi.churchofjesuschrist.org/assetsearch/api/v2/collection/details/collectionID/89e912ee17c94a0da71fcb970042500e4f269847"
  } ],
  "coverImages" : [ {
    "asset" : {
      "assetID" : "7a80239302a66ece363f3865238a50f4fdd19b93"
    }
  } ],
  "related" : [ ],
  "metadata" : [ {
    "key" : "collectionUri",
    "value" : "Sep-2-8-1-Corinthians-14-16-videos",
    "language" : "rus"
  }, {
    "key" : "orderIndex",
    "value" : "35"
  } ],
  "children" : [ ],
  "assets" : [ ],
  "fileName" : "89e912ee17c94a0da71fcb970042500e4f269847.json",
  "name" : "Sep. 2-8: 1 Corinthians 14-16"
}