{
  "parentCollectionID" : "490d1583b809450ea13e6ab8d9f68dc2",
  "parentCollectionPath" : "Mobile Media Library/ASL - Video/Broadcasts/General Conference",
  "collectionType" : "assets",
  "path" : "Mobile Media Library/ASL - Video/Broadcasts/General Conference/April 2018",
  "collectionID" : "8a1de3b0013a4fa8b2f4a38d1b3e0832",
  "language" : "ase",
  "type" : "DEFAULT",
  "lastUpdatedDate" : "2024-02-05T23:22:25.389-07:00",
  "links" : [ {
    "rel" : "details",
    "href" : "https://titanapi.churchofjesuschrist.org/assetsearch/api/v2/collection/details/collectionID/8a1de3b0013a4fa8b2f4a38d1b3e0832"
  } ],
  "coverImages" : [ {
    "asset" : {
      "assetID" : "98b124fbefe28326b9d3581b6717835482940879"
    }
  } ],
  "related" : [ ],
  "metadata" : [ {
    "key" : "orderIndex",
    "value" : "14"
  }, {
    "key" : "collectionUri",
    "value" : "april-2018-general-conference",
    "language" : "ase"
  }, {
    "key" : "publicTitle",
    "value" : "ASL: April 2018",
    "language" : "ase"
  } ],
  "children" : [ ],
  "assets" : [ {
    "asset" : {
      "assetID" : "07b840b54602713aa2f1f015ddcb533fdfa75b1b"
    },
    "index" : 23,
    "addedDate" : 1707202055972,
    "metadata" : [ ]
  }, {
    "asset" : {
      "assetID" : "295feb2fb8c1364475207179c97336ac87abfc30"
    },
    "index" : 6,
    "addedDate" : 1707201912601,
    "metadata" : [ ]
  }, {
    "asset" : {
      "assetID" : "2aea1f0ee8b58d30245bca4204fd86c9d26d994c"
    },
    "index" : 38,
    "addedDate" : 1707202202330,
    "metadata" : [ ]
  }, {
    "asset" : {
      "assetID" : "2c9b54aa70ff0bccab6f82a4f6ef616d07e686fb"
    },
    "index" : 28,
    "addedDate" : 1707202100555,
    "metadata" : [ ]
  }, {
    "asset" : {
      "assetID" : "33706db7a59a767de23a237176bb0a1eb065703b"
    },
    "index" : 31,
    "addedDate" : 1707202136147,
    "metadata" : [ ]
  }, {
    "asset" : {
      "assetID" : "357789fb4926f00fcb72bd1a26c549fa744f6250"
    },
    "index" : 32,
    "addedDate" : 1707202145680,
    "metadata" : [ ]
  }, {
    "asset" : {
      "assetID" : "35caf796d85733a0ea6a790638d2c91ca2565ba2"
    },
    "index" : 0,
    "addedDate" : 1707201869954,
    "metadata" : [ ]
  }, {
    "asset" : {
      "assetID" : "3789301f8f90d1193205ec7c7bf934217f393ff7"
    },
    "index" : 21,
    "addedDate" : 1707202039771,
    "metadata" : [ ]
  }, {
    "asset" : {
      "assetID" : "3a7167fe8039fa9ec7d2440ce5b48f2d24956544"
    },
    "index" : 9,
    "addedDate" : 1707201936616,
    "metadata" : [ ]
  }, {
    "asset" : {
      "assetID" : "3b4b3a279d787087937e4f9012658f4f94248226"
    },
    "index" : 10,
    "addedDate" : 1707201945271,
    "metadata" : [ ]
  }, {
    "asset" : {
      "assetID" : "3ce991160978f294c3b22da757088a637e72cfe9"
    },
    "index" : 17,
    "addedDate" : 1707202006402,
    "metadata" : [ ]
  }, {
    "asset" : {
      "assetID" : "3d75df8e78395c8b2c6aad40f71f5de41b86d88b"
    },
    "index" : 25,
    "addedDate" : 1707202074210,
    "metadata" : [ ]
  }, {
    "asset" : {
      "assetID" : "44cd739ae0ca65e9352d223f9dd923efaae2aa08"
    },
    "index" : 3,
    "addedDate" : 1707201891131,
    "metadata" : [ ]
  }, {
    "asset" : {
      "assetID" : "4a81a20ffcabbfa69ff51e3105059d2cae1cc8a3"
    },
    "index" : 40,
    "addedDate" : 1707202224343,
    "metadata" : [ ]
  }, {
    "asset" : {
      "assetID" : "4b727a2661b71ab9e29e74f9a2495b52d20db71e"
    },
    "index" : 22,
    "addedDate" : 1707202047916,
    "metadata" : [ ]
  }, {
    "asset" : {
      "assetID" : "4d75a9d858fbc2ba79551879cbf731ad63547134"
    },
    "index" : 7,
    "addedDate" : 1707201920053,
    "metadata" : [ ]
  }, {
    "asset" : {
      "assetID" : "5214fe01acb6a8a7eab1bc9c9f4c3ef9d3513066"
    },
    "index" : 24,
    "addedDate" : 1707202063956,
    "metadata" : [ ]
  }, {
    "asset" : {
      "assetID" : "533e2884568bfc79c19f1695fcbae8c7180c2853"
    },
    "index" : 19,
    "addedDate" : 1707202023789,
    "metadata" : [ ]
  }, {
    "asset" : {
      "assetID" : "56ad27d6f0c9d5bfce4131bb9f9aa56c67001898"
    },
    "index" : 34,
    "addedDate" : 1707202164876,
    "metadata" : [ ]
  }, {
    "asset" : {
      "assetID" : "640503a32e4beeb0a8bb8f0e062c3ce77100573e"
    },
    "index" : 20,
    "addedDate" : 1707202031788,
    "metadata" : [ ]
  }, {
    "asset" : {
      "assetID" : "670465d8bd81e066fedb753034ea41dc014ce075"
    },
    "index" : 15,
    "addedDate" : 1707201986917,
    "metadata" : [ ]
  }, {
    "asset" : {
      "assetID" : "69291a31017a33347feed907f50f2fe7525e5b61"
    },
    "index" : 39,
    "addedDate" : 1707202214926,
    "metadata" : [ ]
  }, {
    "asset" : {
      "assetID" : "6f0cfc9aa01cb3919aff25849fffc1d990900bac"
    },
    "index" : 2,
    "addedDate" : 1707201884145,
    "metadata" : [ ]
  }, {
    "asset" : {
      "assetID" : "74910af7ae44272db41313bf25ae95882e0bc1fb"
    },
    "index" : 30,
    "addedDate" : 1707202124306,
    "metadata" : [ ]
  }, {
    "asset" : {
      "assetID" : "870ac69026929b1d6ea4123df497a3ce6f636f5b"
    },
    "index" : 41,
    "addedDate" : 1707202237291,
    "metadata" : [ ]
  }, {
    "asset" : {
      "assetID" : "953b6c57786c88d245a34676e186ec4c6862d251"
    },
    "index" : 5,
    "addedDate" : 1707201905309,
    "metadata" : [ ]
  }, {
    "asset" : {
      "assetID" : "9e61b103edd3fac0ebcd1ed11a333b1d6a8fe75b"
    },
    "index" : 4,
    "addedDate" : 1707201898036,
    "metadata" : [ ]
  }, {
    "asset" : {
      "assetID" : "a1a3fb1b44b4323e2c652375124455449d257aa7"
    },
    "index" : 35,
    "addedDate" : 1707202175133,
    "metadata" : [ ]
  }, {
    "asset" : {
      "assetID" : "a5dd46f37a5ba911b1930052b20d9f67781d7305"
    },
    "index" : 18,
    "addedDate" : 1707202015128,
    "metadata" : [ ]
  }, {
    "asset" : {
      "assetID" : "b752fafc95d198965cdb492ad18261fd4f644a98"
    },
    "index" : 29,
    "addedDate" : 1707202110995,
    "metadata" : [ ]
  }, {
    "asset" : {
      "assetID" : "b79c16070129afe4726b5b4b0dae67f324e42b28"
    },
    "index" : 16,
    "addedDate" : 1707201997432,
    "metadata" : [ ]
  }, {
    "asset" : {
      "assetID" : "c9879871ee72ae4a410fbfb94e8b4affff390cdb"
    },
    "index" : 37,
    "addedDate" : 1707202193445,
    "metadata" : [ ]
  }, {
    "asset" : {
      "assetID" : "cc4da50713308c54e3df75dee76287a6c6e2a857"
    },
    "index" : 33,
    "addedDate" : 1707202154555,
    "metadata" : [ ]
  }, {
    "asset" : {
      "assetID" : "d173a32ef03827046223c22e01e8ec7628faf79f"
    },
    "index" : 1,
    "addedDate" : 1707201877176,
    "metadata" : [ ]
  }, {
    "asset" : {
      "assetID" : "da708c7e39789182e8f8fa7bf91b51591a985845"
    },
    "index" : 36,
    "addedDate" : 1707202184195,
    "metadata" : [ ]
  }, {
    "asset" : {
      "assetID" : "eb50808bd2d22b8aaa9d9feb04afe7ca9cd10eef"
    },
    "index" : 12,
    "addedDate" : 1707201962295,
    "metadata" : [ ]
  }, {
    "asset" : {
      "assetID" : "ec39fd87bccb7d31742f7b39a7c6a34fc42bc11f"
    },
    "index" : 8,
    "addedDate" : 1707201927825,
    "metadata" : [ ]
  }, {
    "asset" : {
      "assetID" : "e4898ae923a49a24fc0a9a19679f04f9a34b4f70"
    },
    "index" : 13,
    "addedDate" : 1707201970145,
    "metadata" : [ ]
  }, {
    "asset" : {
      "assetID" : "fcc2f37182a972b8d6df011d4668f52074478f4a"
    },
    "index" : 11,
    "addedDate" : 1707201953952,
    "metadata" : [ ]
  }, {
    "asset" : {
      "assetID" : "fb29fb7e52923df30e11090550dd0a86be359df0"
    },
    "index" : 42,
    "addedDate" : 1707202246543,
    "metadata" : [ ]
  }, {
    "asset" : {
      "assetID" : "f205a3b3729c157a18d843ed24411dbbb9905ba1"
    },
    "index" : 27,
    "addedDate" : 1707202091435,
    "metadata" : [ ]
  }, {
    "asset" : {
      "assetID" : "f1702282a05a772a797afd866fbbd662317d9bcb"
    },
    "index" : 14,
    "addedDate" : 1707201978448,
    "metadata" : [ ]
  }, {
    "asset" : {
      "assetID" : "dcaa6a64125211eca393eeeeac1e50df6bcfa9fc"
    },
    "index" : 26,
    "addedDate" : 1707202083007,
    "metadata" : [ ]
  } ],
  "fileName" : "8a1de3b0013a4fa8b2f4a38d1b3e0832.json",
  "name" : "April 2018",
  "publicTitle" : "ASL: April 2018"
}