{
  "parentCollectionID" : "76ad8952d16944e8bdea642ff09d3d1d0777b789",
  "parentCollectionPath" : "Mobile Media Library/Mandarin Simplified - Video/Teaching and Lessons/Come, Follow Me/Come, Follow Me: For Aaronic Priesthood Quorums and Young Women/Media for Parents, Leaders and Teachers",
  "collectionType" : "collections",
  "path" : "Mobile Media Library/Mandarin Simplified - Video/Teaching and Lessons/Come, Follow Me/Come, Follow Me: For Aaronic Priesthood Quorums and Young Women/Media for Parents, Leaders and Teachers/Videos for Leaders",
  "collectionID" : "8a1dcf24d26346af94668e076a2d11c55325d72f",
  "type" : "DEFAULT",
  "lastUpdatedDate" : "2022-04-07T15:29:38.950-06:00",
  "links" : [ {
    "rel" : "details",
    "href" : "https://titanapi.churchofjesuschrist.org/assetsearch/api/v2/collection/details/collectionID/8a1dcf24d26346af94668e076a2d11c55325d72f"
  } ],
  "coverImages" : [ {
    "asset" : {
      "assetID" : "55f7a2cc86fdc52b0b27cbcb5582855d30d72c2c"
    }
  } ],
  "related" : [ ],
  "metadata" : [ {
    "key" : "collectionUri",
    "value" : "videos-for-leaders"
  }, {
    "key" : "orderIndex",
    "value" : "2"
  } ],
  "children" : [ ],
  "assets" : [ ],
  "fileName" : "8a1dcf24d26346af94668e076a2d11c55325d72f.json",
  "name" : "Videos for Leaders"
}