{
  "parentCollectionID" : "e64d93dfa3bb4ddbbf8352528c37636f39b4fc06",
  "parentCollectionPath" : "Mobile Media Library/Norwegian - Video/Topics",
  "collectionType" : "assets",
  "path" : "Mobile Media Library/Norwegian - Video/Topics/Priesthood",
  "collectionID" : "8adf80c674d24417b15021d4c38ada9a0d2b33b3",
  "language" : "nor",
  "type" : "DEFAULT",
  "lastUpdatedDate" : "2023-05-25T20:03:54.796-06:00",
  "links" : [ {
    "rel" : "details",
    "href" : "https://titanapi.churchofjesuschrist.org/assetsearch/api/v2/collection/details/collectionID/8adf80c674d24417b15021d4c38ada9a0d2b33b3"
  } ],
  "coverImages" : [ {
    "asset" : {
      "assetID" : "1af7f8ec0704e30eaea14b05c3df181eff0cc368"
    }
  } ],
  "related" : [ ],
  "metadata" : [ {
    "key" : "orderIndex",
    "value" : "26"
  }, {
    "key" : "collectionUri",
    "value" : "priesthood-topic",
    "language" : "nor"
  }, {
    "key" : "publicTitle",
    "value" : "Prestedømme",
    "language" : "nor"
  } ],
  "children" : [ ],
  "assets" : [ {
    "asset" : {
      "assetID" : "b6a7fd39d9b58be07547156b7b465b0f081f130f"
    },
    "index" : 5,
    "addedDate" : 1650262194300,
    "metadata" : [ ]
  }, {
    "asset" : {
      "assetID" : "fe61a1a5b39dbde01302a8c5f32746ac7c2fa68e"
    },
    "index" : 2,
    "addedDate" : 1650262194300,
    "metadata" : [ ]
  }, {
    "asset" : {
      "assetID" : "71b4997934dc41b5334d5393341b0a6f5a4906e3"
    },
    "index" : 1,
    "addedDate" : 1650262194300,
    "metadata" : [ ]
  }, {
    "asset" : {
      "assetID" : "cf605b68611c6e5a961805a913f8c025b5b4349f"
    },
    "index" : 0,
    "addedDate" : 1650262194300,
    "metadata" : [ ]
  }, {
    "asset" : {
      "assetID" : "4afbbffec5da9590bbb88146e9a088fcd0a88d6a"
    },
    "index" : 4,
    "addedDate" : 1650262194300,
    "metadata" : [ ]
  }, {
    "asset" : {
      "assetID" : "fb498997212c11ec9645eeeeac1eed48385b49b4"
    },
    "index" : 6,
    "addedDate" : 1650262194300,
    "metadata" : [ ]
  }, {
    "asset" : {
      "assetID" : "0b27945d212d11eca865eeeeac1e3df92dcfe54e"
    },
    "index" : 8,
    "addedDate" : 1650262194300,
    "metadata" : [ ]
  } ],
  "fileName" : "8adf80c674d24417b15021d4c38ada9a0d2b33b3.json",
  "name" : "Priesthood",
  "publicTitle" : "Prestedømme"
}