{
  "parentCollectionID" : "c955820fcf6f4dd9a47e146ac35c4bb6f8e85e5a",
  "parentCollectionPath" : "Mobile Media Library/Samoan - Video/Teaching and Lessons/Seminary and Institute/Online Seminary/Old Testament Online Seminary Reference",
  "collectionType" : "collections",
  "path" : "Mobile Media Library/Samoan - Video/Teaching and Lessons/Seminary and Institute/Online Seminary/Old Testament Online Seminary Reference/Lessons 81-120",
  "collectionID" : "8b2c7162d36f4833aa9f648bcb68e36f02d94b8a",
  "language" : "smo",
  "type" : "DEFAULT",
  "lastUpdatedDate" : "2022-04-18T00:18:59.976-06:00",
  "links" : [ {
    "rel" : "details",
    "href" : "https://titanapi.churchofjesuschrist.org/assetsearch/api/v2/collection/details/collectionID/8b2c7162d36f4833aa9f648bcb68e36f02d94b8a"
  } ],
  "coverImages" : [ {
    "asset" : {
      "assetID" : "a07ab4e69ab32b73cbdb13630c4947e5766007b7"
    }
  } ],
  "related" : [ ],
  "metadata" : [ {
    "key" : "collectionUri",
    "value" : "lessons-81-120",
    "language" : "smo"
  }, {
    "key" : "orderIndex",
    "value" : "1"
  } ],
  "children" : [ ],
  "assets" : [ ],
  "fileName" : "8b2c7162d36f4833aa9f648bcb68e36f02d94b8a.json",
  "name" : "Lessons 81-120"
}