{
  "parentCollectionID" : "f7b35b40833f426db1d05e70cc56e2e89edebc7f",
  "parentCollectionPath" : "Mobile Media Library/Danish - Video/Teaching and Lessons/Come, Follow Me/Come, Follow Me: New Testament Learning and Teaching Resources",
  "collectionType" : "collections",
  "path" : "Mobile Media Library/Danish - Video/Teaching and Lessons/Come, Follow Me/Come, Follow Me: New Testament Learning and Teaching Resources/Dec. 23-29: Revelation 12-22",
  "collectionID" : "8baa216dff3b41ccbd1ee77c998cd27eb626ba3b",
  "language" : "dan",
  "type" : "DEFAULT",
  "lastUpdatedDate" : "2022-04-01T02:30:20.016-06:00",
  "links" : [ {
    "rel" : "details",
    "href" : "https://titanapi.churchofjesuschrist.org/assetsearch/api/v2/collection/details/collectionID/8baa216dff3b41ccbd1ee77c998cd27eb626ba3b"
  } ],
  "coverImages" : [ {
    "asset" : {
      "assetID" : "3aaf588a953e3ce42a76fd676d4863334ef70aba"
    }
  } ],
  "related" : [ ],
  "metadata" : [ {
    "key" : "collectionUri",
    "value" : "Dec-23-29-Revelation-12-22",
    "language" : "dan"
  }, {
    "key" : "orderIndex",
    "value" : "50"
  } ],
  "children" : [ ],
  "assets" : [ ],
  "fileName" : "8baa216dff3b41ccbd1ee77c998cd27eb626ba3b.json",
  "name" : "Dec. 23-29: Revelation 12-22"
}