{
  "parentCollectionID" : "facc2c5b69c2b1b0729d6bd7195b942b58efa737",
  "parentCollectionPath" : "Mobile Media Library/Spanish - Video/Teaching and Lessons/Come, Follow Me/Come, Follow Me: New Testament Learning and Teaching Resources",
  "collectionType" : "assets",
  "path" : "Mobile Media Library/Spanish - Video/Teaching and Lessons/Come, Follow Me/Come, Follow Me: New Testament Learning and Teaching Resources/33 Aug. 19-25: 1 Corinthians 1-7",
  "collectionID" : "8c145f0444501b16d12893040c8c852ea64c7071",
  "language" : "spa",
  "type" : "DEFAULT",
  "lastUpdatedDate" : "2021-04-05T16:15:34.526-06:00",
  "links" : [ {
    "rel" : "details",
    "href" : "https://titanapi.churchofjesuschrist.org/assetsearch/api/v2/collection/details/collectionID/8c145f0444501b16d12893040c8c852ea64c7071"
  } ],
  "coverImages" : [ {
    "asset" : {
      "assetID" : "7a5a91e8e8d3803e7dc98b1ec7199dd69f649fe2"
    }
  } ],
  "related" : [ ],
  "metadata" : [ {
    "key" : "collectionUri",
    "value" : "aug-19-25-1-corinthians-1-7",
    "language" : "spa"
  }, {
    "key" : "publicTitle",
    "value" : "19–25 agosto: 1 Corintios 1–7",
    "language" : "spa"
  } ],
  "children" : [ ],
  "assets" : [ {
    "asset" : {
      "assetID" : "e5d0ac83102111ec99c6eeeeac1e03b293ebd004"
    },
    "addedDate" : 1655172570817,
    "metadata" : [ ]
  }, {
    "asset" : {
      "assetID" : "fe6389aae2082b9c27ecce61f566c03fe36a4131"
    },
    "addedDate" : 1546460828935,
    "metadata" : [ ]
  }, {
    "asset" : {
      "assetID" : "12cf31c58a2061c563fb89e83903f34df29957f6"
    },
    "addedDate" : 1546460882272,
    "metadata" : [ ]
  } ],
  "fileName" : "8c145f0444501b16d12893040c8c852ea64c7071.json",
  "name" : "33 Aug. 19-25: 1 Corinthians 1-7",
  "publicTitle" : "19–25 agosto: 1 Corintios 1–7"
}