{
  "parentCollectionID" : "829350541eab4ec1ae65f15c03afaa9e",
  "parentCollectionPath" : "Mobile Media Library/German - Images",
  "collectionType" : "collections",
  "path" : "Mobile Media Library/German - Images/Gospel Art",
  "collectionID" : "8cc1b1a122d847c6bacb05facb105f6c",
  "language" : "deu",
  "type" : "DEFAULT",
  "lastUpdatedDate" : "2023-09-04T12:08:46.278-06:00",
  "links" : [ {
    "rel" : "details",
    "href" : "https://titanapi.churchofjesuschrist.org/assetsearch/api/v2/collection/details/collectionID/8cc1b1a122d847c6bacb05facb105f6c"
  } ],
  "coverImages" : [ {
    "asset" : {
      "assetID" : "e32f5821c733134b9c72a16e0ef6617ace5d9d6f"
    }
  } ],
  "related" : [ ],
  "metadata" : [ {
    "key" : "collectionUri",
    "value" : "gospel-art-images",
    "language" : "deu"
  }, {
    "key" : "publicTitle",
    "value" : "Bilder zum Evangelium",
    "language" : "deu"
  }, {
    "key" : "orderIndex",
    "value" : "6"
  } ],
  "children" : [ {
    "path" : "Mobile Media Library/German - Images/Gospel Art/Gospel Art Book",
    "collectionID" : "688112ffe9eb46b4b939389363fbb3be",
    "type" : "DEFAULT",
    "lastUpdatedDate" : "2023-09-04T12:09:37.223-06:00",
    "links" : [ {
      "rel" : "details",
      "href" : "https://titanapi.churchofjesuschrist.org/assetsearch/api/v2/collection/details/collectionID/688112ffe9eb46b4b939389363fbb3be"
    } ],
    "fileName" : "688112ffe9eb46b4b939389363fbb3be.json"
  } ],
  "assets" : [ ],
  "fileName" : "8cc1b1a122d847c6bacb05facb105f6c.json",
  "name" : "Gospel Art",
  "publicTitle" : "Bilder zum Evangelium"
}