{
  "parentCollectionID" : "d81e1717af7f4913a3c5aef032174ce9e879c185",
  "parentCollectionPath" : "Mobile Media Library/Danish - Video/Life Help/Self-Reliance Services and PEF",
  "collectionType" : "collections",
  "path" : "Mobile Media Library/Danish - Video/Life Help/Self-Reliance Services and PEF/Starting and Growing My Business (US and Canada Only)",
  "collectionID" : "8d468dc3868142adbb98ce9c86cf37bb520e1ffb",
  "language" : "dan",
  "type" : "DEFAULT",
  "lastUpdatedDate" : "2022-08-04T09:24:47.060-06:00",
  "links" : [ {
    "rel" : "details",
    "href" : "https://titanapi.churchofjesuschrist.org/assetsearch/api/v2/collection/details/collectionID/8d468dc3868142adbb98ce9c86cf37bb520e1ffb"
  } ],
  "coverImages" : [ {
    "asset" : {
      "assetID" : "d69c021b464d179529bc8ecd893153bcae41b3be"
    }
  } ],
  "related" : [ ],
  "metadata" : [ {
    "key" : "collectionUri",
    "value" : "starting-and-growing-my-business-us-and-canada-only",
    "language" : "dan"
  } ],
  "children" : [ {
    "path" : "Mobile Media Library/Danish - Video/Life Help/Self-Reliance Services and PEF/Starting and Growing My Business (US and Canada Only)/Chapter 1: My Readiness for Business Success",
    "collectionID" : "21e6ecc4c0a341a49b97bbcfb7111265cce2eac4",
    "type" : "DEFAULT",
    "lastUpdatedDate" : "2022-08-04T09:25:59.115-06:00",
    "links" : [ {
      "rel" : "details",
      "href" : "https://titanapi.churchofjesuschrist.org/assetsearch/api/v2/collection/details/collectionID/21e6ecc4c0a341a49b97bbcfb7111265cce2eac4"
    } ],
    "fileName" : "21e6ecc4c0a341a49b97bbcfb7111265cce2eac4.json"
  }, {
    "path" : "Mobile Media Library/Danish - Video/Life Help/Self-Reliance Services and PEF/Starting and Growing My Business (US and Canada Only)/Chapter 2: Solving Unmet Customer Needs",
    "collectionID" : "6e080f1a50ef43a18dae06249225ca7b31744993",
    "type" : "DEFAULT",
    "lastUpdatedDate" : "2022-08-04T09:28:30.555-06:00",
    "links" : [ {
      "rel" : "details",
      "href" : "https://titanapi.churchofjesuschrist.org/assetsearch/api/v2/collection/details/collectionID/6e080f1a50ef43a18dae06249225ca7b31744993"
    } ],
    "fileName" : "6e080f1a50ef43a18dae06249225ca7b31744993.json"
  }, {
    "path" : "Mobile Media Library/Danish - Video/Life Help/Self-Reliance Services and PEF/Starting and Growing My Business (US and Canada Only)/Chapter 3: Ensuring That I Have a Profitable Business",
    "collectionID" : "00d21cfeb9dc49c0aebdea89dc0a7a13205206fe",
    "type" : "DEFAULT",
    "lastUpdatedDate" : "2022-08-04T09:29:35.005-06:00",
    "links" : [ {
      "rel" : "details",
      "href" : "https://titanapi.churchofjesuschrist.org/assetsearch/api/v2/collection/details/collectionID/00d21cfeb9dc49c0aebdea89dc0a7a13205206fe"
    } ],
    "fileName" : "00d21cfeb9dc49c0aebdea89dc0a7a13205206fe.json"
  }, {
    "path" : "Mobile Media Library/Danish - Video/Life Help/Self-Reliance Services and PEF/Starting and Growing My Business (US and Canada Only)/Chapter 5: Keeping Customers",
    "collectionID" : "1e389f06344941a4997f5670da5c52dc92ca2dff",
    "type" : "DEFAULT",
    "lastUpdatedDate" : "2022-08-04T09:31:19.521-06:00",
    "links" : [ {
      "rel" : "details",
      "href" : "https://titanapi.churchofjesuschrist.org/assetsearch/api/v2/collection/details/collectionID/1e389f06344941a4997f5670da5c52dc92ca2dff"
    } ],
    "fileName" : "1e389f06344941a4997f5670da5c52dc92ca2dff.json"
  }, {
    "path" : "Mobile Media Library/Danish - Video/Life Help/Self-Reliance Services and PEF/Starting and Growing My Business (US and Canada Only)/Chapter 7: Keeping Separate My Business and Personal Money",
    "collectionID" : "615a4f73dea34112930007dda24d38c14a7a9c25",
    "type" : "DEFAULT",
    "lastUpdatedDate" : "2022-08-04T09:32:37.182-06:00",
    "links" : [ {
      "rel" : "details",
      "href" : "https://titanapi.churchofjesuschrist.org/assetsearch/api/v2/collection/details/collectionID/615a4f73dea34112930007dda24d38c14a7a9c25"
    } ],
    "fileName" : "615a4f73dea34112930007dda24d38c14a7a9c25.json"
  } ],
  "assets" : [ ],
  "fileName" : "8d468dc3868142adbb98ce9c86cf37bb520e1ffb.json",
  "name" : "Starting and Growing My Business (US and Canada Only)"
}