{
  "parentCollectionID" : "dc9b952342934f3db9872fed261a759bfed9b721",
  "parentCollectionPath" : "Mobile Media Library/Thai - Video/Teaching and Lessons/Come, Follow Me/Come, Follow Me: New Testament Learning and Teaching Resources",
  "collectionType" : "collections",
  "path" : "Mobile Media Library/Thai - Video/Teaching and Lessons/Come, Follow Me/Come, Follow Me: New Testament Learning and Teaching Resources/Apr. 29-May 5: John 7-10",
  "collectionID" : "8db7eb7a60a1439eb36c484b857f2ff7e2613275",
  "language" : "tha",
  "type" : "DEFAULT",
  "lastUpdatedDate" : "2022-04-18T00:50:08.796-06:00",
  "links" : [ {
    "rel" : "details",
    "href" : "https://titanapi.churchofjesuschrist.org/assetsearch/api/v2/collection/details/collectionID/8db7eb7a60a1439eb36c484b857f2ff7e2613275"
  } ],
  "coverImages" : [ {
    "asset" : {
      "assetID" : "ee3fe6f0216632060f4494e6f77e9edb49bbaf61"
    }
  } ],
  "related" : [ ],
  "metadata" : [ {
    "key" : "collectionUri",
    "value" : "apr-29-may-5-john-7-10",
    "language" : "tha"
  }, {
    "key" : "orderIndex",
    "value" : "17"
  } ],
  "children" : [ ],
  "assets" : [ ],
  "fileName" : "8db7eb7a60a1439eb36c484b857f2ff7e2613275.json",
  "name" : "Apr. 29-May 5: John 7-10"
}