{
  "parentCollectionID" : "a6b9d2f47b054522a3f58f9362c62e50",
  "parentCollectionPath" : "Mobile Media Library/Samoan  - Images/Book of Mormon Videos Images",
  "collectionType" : "assets",
  "path" : "Mobile Media Library/Samoan  - Images/Book of Mormon Videos Images/3 Nephi 20-23",
  "collectionID" : "8e016c2e10fd4be3b13e3e05b9b5bc7b",
  "language" : "smo",
  "type" : "DEFAULT",
  "lastUpdatedDate" : "2023-10-31T10:15:45.925-06:00",
  "links" : [ {
    "rel" : "details",
    "href" : "https://titanapi.churchofjesuschrist.org/assetsearch/api/v2/collection/details/collectionID/8e016c2e10fd4be3b13e3e05b9b5bc7b"
  } ],
  "coverImages" : [ {
    "asset" : {
      "assetID" : "38c596e6756611ec8ed8eeeeac1e3d461be89563"
    }
  } ],
  "related" : [ ],
  "metadata" : [ {
    "key" : "collectionUri",
    "value" : "bmvl-images-3-nephi-20-23",
    "language" : "smo"
  }, {
    "key" : "publicTitle",
    "value" : "3 Nifae 20–23",
    "language" : "smo"
  }, {
    "key" : "orderIndex",
    "value" : "8"
  } ],
  "children" : [ ],
  "assets" : [ {
    "asset" : {
      "assetID" : "444a1d3c051e11ec9ee7eeeeac1e7c53e2c28bc3"
    },
    "addedDate" : 1698771750563,
    "metadata" : [ ]
  }, {
    "asset" : {
      "assetID" : "5c550da7051e11eca4aceeeeac1e0759565f7820"
    },
    "addedDate" : 1698771750530,
    "metadata" : [ ]
  }, {
    "asset" : {
      "assetID" : "f566f4a3051d11eca4aceeeeac1e075972acb762"
    },
    "addedDate" : 1698771750526,
    "metadata" : [ ]
  }, {
    "asset" : {
      "assetID" : "443fe499051e11ecbb5eeeeeac1e9b2a0bd94571"
    },
    "addedDate" : 1698771750546,
    "metadata" : [ ]
  }, {
    "asset" : {
      "assetID" : "614b65fb051e11ec86fceeeeac1ed7dc190852c8"
    },
    "addedDate" : 1698771750540,
    "metadata" : [ ]
  }, {
    "asset" : {
      "assetID" : "31b46cf6051e11ec99c6eeeeac1e03b2b4e8eea0"
    },
    "addedDate" : 1698771750536,
    "metadata" : [ ]
  }, {
    "asset" : {
      "assetID" : "296c481d051e11ec9244eeeeac1e56465d03d0fd"
    },
    "addedDate" : 1698771750536,
    "metadata" : [ ]
  }, {
    "asset" : {
      "assetID" : "5e3e9ee2051e11ec9244eeeeac1e564679e393fa"
    },
    "addedDate" : 1698771750533,
    "metadata" : [ ]
  }, {
    "asset" : {
      "assetID" : "fb81c2e4051d11ec99c6eeeeac1e03b205c6163f"
    },
    "addedDate" : 1698771750563,
    "metadata" : [ ]
  }, {
    "asset" : {
      "assetID" : "270485d9051e11ec9ee7eeeeac1e7c53fcc3cb2e"
    },
    "addedDate" : 1698771750560,
    "metadata" : [ ]
  }, {
    "asset" : {
      "assetID" : "2c7f1cb6051e11eca4aceeeeac1e0759165c0fb2"
    },
    "addedDate" : 1698771750570,
    "metadata" : [ ]
  }, {
    "asset" : {
      "assetID" : "67d95b76051e11ec80e5eeeeac1e3718974cc8d8"
    },
    "addedDate" : 1698771750566,
    "metadata" : [ ]
  }, {
    "asset" : {
      "assetID" : "670bab35051e11ec80e5eeeeac1e37182221df4c"
    },
    "addedDate" : 1698771750566,
    "metadata" : [ ]
  }, {
    "asset" : {
      "assetID" : "7202ace8051e11ec99c6eeeeac1e03b22c504438"
    },
    "addedDate" : 1698771750533,
    "metadata" : [ ]
  }, {
    "asset" : {
      "assetID" : "71d0796d051e11ecbb5eeeeeac1e9b2a51082048"
    },
    "addedDate" : 1698771750560,
    "metadata" : [ ]
  }, {
    "asset" : {
      "assetID" : "4442a396051e11ecb5d9eeeeac1ebcf28d77c83d"
    },
    "addedDate" : 1698771750556,
    "metadata" : [ ]
  }, {
    "asset" : {
      "assetID" : "f81641e9051d11ecbf70eeeeac1e58e7758aa21d"
    },
    "addedDate" : 1698771750543,
    "metadata" : [ ]
  }, {
    "asset" : {
      "assetID" : "f11219a6051d11ecbb5eeeeeac1e9b2aa42ddd17"
    },
    "addedDate" : 1698771750543,
    "metadata" : [ ]
  } ],
  "fileName" : "8e016c2e10fd4be3b13e3e05b9b5bc7b.json",
  "name" : "3 Nephi 20-23",
  "publicTitle" : "3 Nifae 20–23"
}