{
  "parentCollectionID" : "2870abda55564b3684e884c1c101691b",
  "parentCollectionPath" : "Mobile Media Library/English - Images/Primary/Activity Pages",
  "collectionType" : "assets",
  "path" : "Mobile Media Library/English - Images/Primary/Activity Pages/Book of Mormon Activity Pages",
  "collectionID" : "8e1397dfa8054f3b8c3d9de0a2a457ff",
  "language" : "eng",
  "type" : "DEFAULT",
  "lastUpdatedDate" : "2022-03-15T12:19:01.029-06:00",
  "links" : [ {
    "rel" : "details",
    "href" : "https://titanapi.churchofjesuschrist.org/assetsearch/api/v2/collection/details/collectionID/8e1397dfa8054f3b8c3d9de0a2a457ff"
  } ],
  "coverImages" : [ {
    "asset" : {
      "assetID" : "ce3b894ec2a9b263c418550f5832ad762b13d7bc"
    }
  } ],
  "related" : [ ],
  "metadata" : [ {
    "key" : "orderIndex",
    "value" : "2"
  }, {
    "key" : "collectionUri",
    "value" : "book-of-mormon-activity-pages",
    "language" : "eng"
  }, {
    "key" : "publicTitle",
    "value" : "Book of Mormon Activity Pages",
    "language" : "eng"
  } ],
  "children" : [ ],
  "assets" : [ {
    "asset" : {
      "assetID" : "0936e9f7d378bccebb181d326108e8fd1232582f"
    },
    "index" : 18,
    "addedDate" : 1646856489566,
    "metadata" : [ ]
  }, {
    "asset" : {
      "assetID" : "0e9c909ec350100c11fc4c5fafd6d9d9dd2714ab"
    },
    "index" : 17,
    "addedDate" : 1646856481097,
    "metadata" : [ ]
  }, {
    "asset" : {
      "assetID" : "1de4bb2327abfcddc3d6d67871b4d2b0d368c3da"
    },
    "index" : 5,
    "addedDate" : 1646856354545,
    "metadata" : [ ]
  }, {
    "asset" : {
      "assetID" : "23e2a9d651c00c34e4dee65015d85db72f754d40"
    },
    "index" : 3,
    "addedDate" : 1646856337516,
    "metadata" : [ ]
  }, {
    "asset" : {
      "assetID" : "300356ae4748d7d0d6720f8eebaff932b74fd0e9"
    },
    "index" : 2,
    "addedDate" : 1646856329772,
    "metadata" : [ ]
  }, {
    "asset" : {
      "assetID" : "3bd28526b0f145d1b500b8f8d5123372413eaeda"
    },
    "index" : 1,
    "addedDate" : 1646856315736,
    "metadata" : [ ]
  }, {
    "asset" : {
      "assetID" : "3fe0c29c383aa7b74da4b4a7609d547d1ba0ea27"
    },
    "index" : 10,
    "addedDate" : 1646856393594,
    "metadata" : [ ]
  }, {
    "asset" : {
      "assetID" : "6997ec9c6fdc27d2812b34bdd79ac1d373666d1a"
    },
    "index" : 12,
    "addedDate" : 1646856436580,
    "metadata" : [ ]
  }, {
    "asset" : {
      "assetID" : "6a92885d8c3be6efdb360588be10fd1042ed94ff"
    },
    "index" : 9,
    "addedDate" : 1646856386143,
    "metadata" : [ ]
  }, {
    "asset" : {
      "assetID" : "76e24db6a15158f8552ddce56daf75a2a9fbf43d"
    },
    "index" : 14,
    "addedDate" : 1646856457026,
    "metadata" : [ ]
  }, {
    "asset" : {
      "assetID" : "8c96b832df39db0bf500cc777a8e9dc51f8f0de1"
    },
    "index" : 21,
    "addedDate" : 1646856518772,
    "metadata" : [ ]
  }, {
    "asset" : {
      "assetID" : "a223bbdad0e9a1aff9726d6d7b5a7b91a881dd49"
    },
    "index" : 22,
    "addedDate" : 1646856526900,
    "metadata" : [ ]
  }, {
    "asset" : {
      "assetID" : "b2c37ed24e64c94babcb9c3fd37c9c059c5fea62"
    },
    "index" : 7,
    "addedDate" : 1646856371576,
    "metadata" : [ ]
  }, {
    "asset" : {
      "assetID" : "bd63697ad0bbc66521a3bde02512ce5012bbc517"
    },
    "index" : 40,
    "addedDate" : 1646856704067,
    "metadata" : [ ]
  }, {
    "asset" : {
      "assetID" : "cb04cad660a6eb1cc172789f568cda4f0232ec88"
    },
    "index" : 26,
    "addedDate" : 1646856562273,
    "metadata" : [ ]
  }, {
    "asset" : {
      "assetID" : "73e9eb8dd87eb7308506879d06bed96f1d9b7c2c"
    },
    "index" : 32,
    "addedDate" : 1646856627866,
    "metadata" : [ ]
  }, {
    "asset" : {
      "assetID" : "eebc8b85a5ae25e4024bddb3e9bf3782f45e3153"
    },
    "index" : 11,
    "addedDate" : 1646856422978,
    "metadata" : [ ]
  }, {
    "asset" : {
      "assetID" : "404ed2def538de274b16d36acbfd243d1f7c84db"
    },
    "index" : 53,
    "addedDate" : 1646856846332,
    "metadata" : [ ]
  }, {
    "asset" : {
      "assetID" : "0877d0185b1415b77189ef48214a040559a45cf5"
    },
    "index" : 46,
    "addedDate" : 1646856777103,
    "metadata" : [ ]
  }, {
    "asset" : {
      "assetID" : "41422b7660ca022f889cb51cab0da71d55dd6a9e"
    },
    "index" : 44,
    "addedDate" : 1646856754046,
    "metadata" : [ ]
  }, {
    "asset" : {
      "assetID" : "7776395495b3822b4ea2d6aa97d0b4e88fa5f258"
    },
    "index" : 28,
    "addedDate" : 1646856588612,
    "metadata" : [ ]
  }, {
    "asset" : {
      "assetID" : "4b5d156e3ff63579d2a2a5316b37f331d04aac71"
    },
    "index" : 51,
    "addedDate" : 1646856827223,
    "metadata" : [ ]
  }, {
    "asset" : {
      "assetID" : "d65251a829a2b8ddbb0f69b72e9a4801aeaf615c"
    },
    "index" : 31,
    "addedDate" : 1646856620254,
    "metadata" : [ ]
  }, {
    "asset" : {
      "assetID" : "0acea30415136b293ef9f8c31376ba5540372e98"
    },
    "index" : 27,
    "addedDate" : 1646856579185,
    "metadata" : [ ]
  }, {
    "asset" : {
      "assetID" : "fe8e6f0bb2488ecb295a1162c5e09f15374d896e"
    },
    "index" : 54,
    "addedDate" : 1646856855770,
    "metadata" : [ ]
  }, {
    "asset" : {
      "assetID" : "bc441ba647275ebe361460ce2f1973b914e74883"
    },
    "index" : 52,
    "addedDate" : 1646856836658,
    "metadata" : [ ]
  }, {
    "asset" : {
      "assetID" : "61a0c60a308ebb65692f7f88f6751826fcab8fbe"
    },
    "index" : 35,
    "addedDate" : 1646856652539,
    "metadata" : [ ]
  }, {
    "asset" : {
      "assetID" : "2745f7a7af347741db2d698f3a9a8b8201f427da"
    },
    "index" : 48,
    "addedDate" : 1646856798527,
    "metadata" : [ ]
  }, {
    "asset" : {
      "assetID" : "edef9f57eb53a97beecc9a23199635cfd92975ca"
    },
    "index" : 29,
    "addedDate" : 1646856599204,
    "metadata" : [ ]
  }, {
    "asset" : {
      "assetID" : "2acdb24f5046487f1259bd0001fbdb25c3908684"
    },
    "index" : 39,
    "addedDate" : 1646856694109,
    "metadata" : [ ]
  }, {
    "asset" : {
      "assetID" : "e74e637cfc2b09bb9f615f455d381808cb488716"
    },
    "index" : 20,
    "addedDate" : 1646856508593,
    "metadata" : [ ]
  }, {
    "asset" : {
      "assetID" : "8a2ff9e6aede7bf4219b121964b8d1b1eb8f5049"
    },
    "index" : 41,
    "addedDate" : 1646856713725,
    "metadata" : [ ]
  }, {
    "asset" : {
      "assetID" : "9edf433419675bc84bbd0a6c36ebe10b44b3ea3b"
    },
    "index" : 23,
    "addedDate" : 1646856535483,
    "metadata" : [ ]
  }, {
    "asset" : {
      "assetID" : "38c4829314102ef60dd9a445e5ca29f2d14f3a46"
    },
    "index" : 13,
    "addedDate" : 1646856447870,
    "metadata" : [ ]
  }, {
    "asset" : {
      "assetID" : "f97d0f82ec70491ad0b95c62b828c3fc73f741d6"
    },
    "index" : 24,
    "addedDate" : 1646856544303,
    "metadata" : [ ]
  }, {
    "asset" : {
      "assetID" : "1c88514f7c1700e0489ee4711618f0de61fbb7c4"
    },
    "index" : 16,
    "addedDate" : 1646856470754,
    "metadata" : [ ]
  }, {
    "asset" : {
      "assetID" : "ce3b894ec2a9b263c418550f5832ad762b13d7bc"
    },
    "index" : 47,
    "addedDate" : 1646856788718,
    "metadata" : [ ]
  }, {
    "asset" : {
      "assetID" : "f91ce8e8475dd7eadf905fbf47329a33fe472312"
    },
    "index" : 19,
    "addedDate" : 1646856500519,
    "metadata" : [ ]
  }, {
    "asset" : {
      "assetID" : "69f8eb4a1e72c607a087f53393babdea05866a16"
    },
    "index" : 4,
    "addedDate" : 1646856345989,
    "metadata" : [ ]
  }, {
    "asset" : {
      "assetID" : "e96147c2f0ff02afba13f0343b5679ee11d6c7d4"
    },
    "index" : 15,
    "addedDate" : 1646856463704,
    "metadata" : [ ]
  }, {
    "asset" : {
      "assetID" : "10b162456feb21552c72c8f84ebddf347ce6ffca"
    },
    "index" : 6,
    "addedDate" : 1646856362918,
    "metadata" : [ ]
  }, {
    "asset" : {
      "assetID" : "de17bfae4f82f3192f948c33ef3c9f14a804a6ca"
    },
    "index" : 37,
    "addedDate" : 1646856669922,
    "metadata" : [ ]
  }, {
    "asset" : {
      "assetID" : "c30e12da3af6d0606a92485d26cdb50d687f172e"
    },
    "index" : 45,
    "addedDate" : 1646856763855,
    "metadata" : [ ]
  }, {
    "asset" : {
      "assetID" : "24b0fac3b0a31e9990a5867edd9041fb355690b1"
    },
    "index" : 38,
    "addedDate" : 1646856681692,
    "metadata" : [ ]
  }, {
    "asset" : {
      "assetID" : "19af5a26ab07dede922c2ad1c710a5796f6d76bd"
    },
    "index" : 42,
    "addedDate" : 1646856723957,
    "metadata" : [ ]
  }, {
    "asset" : {
      "assetID" : "a6dc4cb68070a1642409220cbb04bf30aa8a7e09"
    },
    "index" : 49,
    "addedDate" : 1646856807482,
    "metadata" : [ ]
  }, {
    "asset" : {
      "assetID" : "88091361483602dcaa736b4a3d2eab8f0635cf62"
    },
    "index" : 33,
    "addedDate" : 1646856636205,
    "metadata" : [ ]
  }, {
    "asset" : {
      "assetID" : "91f0689a0db019c2d584fd6b1d33f577dce8c21d"
    },
    "index" : 50,
    "addedDate" : 1646856817875,
    "metadata" : [ ]
  }, {
    "asset" : {
      "assetID" : "4944d95a587ec93a10bc2bc2c0983d8cb895258f"
    },
    "index" : 25,
    "addedDate" : 1646856553447,
    "metadata" : [ ]
  }, {
    "asset" : {
      "assetID" : "fdcee3ee581cf039799465392eb490fa53f65db7"
    },
    "index" : 34,
    "addedDate" : 1646856643857,
    "metadata" : [ ]
  }, {
    "asset" : {
      "assetID" : "5c7af2d1feb9cd2a242163d9dc7c110da09d8e8c"
    },
    "index" : 30,
    "addedDate" : 1646856610510,
    "metadata" : [ ]
  }, {
    "asset" : {
      "assetID" : "11a57624c1bf859d4fa41e64eacac16eb4a3790e"
    },
    "index" : 43,
    "addedDate" : 1646856744650,
    "metadata" : [ ]
  }, {
    "asset" : {
      "assetID" : "14a3042d985e5839c8ce2e5de6a1b495c8749139"
    },
    "index" : 36,
    "addedDate" : 1646856660707,
    "metadata" : [ ]
  } ],
  "fileName" : "8e1397dfa8054f3b8c3d9de0a2a457ff.json",
  "name" : "Book of Mormon Activity Pages",
  "publicTitle" : "Book of Mormon Activity Pages"
}