{
  "parentCollectionID" : "6cbc351383c34b498df7f88712233aec93703781",
  "parentCollectionPath" : "Mobile Media Library/Mandarin Simplified - Video/Scriptural Reenactments and Teachings/Book of Mormon/Book of Mormon Videos",
  "collectionType" : "assets",
  "path" : "Mobile Media Library/Mandarin Simplified - Video/Scriptural Reenactments and Teachings/Book of Mormon/Book of Mormon Videos/Jacob 5",
  "collectionID" : "8e8eaf0c5b7540a4b9f8dc5238d1d634",
  "type" : "DEFAULT",
  "lastUpdatedDate" : "2024-03-25T13:27:41.616-06:00",
  "links" : [ {
    "rel" : "details",
    "href" : "https://titanapi.churchofjesuschrist.org/assetsearch/api/v2/collection/details/collectionID/8e8eaf0c5b7540a4b9f8dc5238d1d634"
  } ],
  "coverImages" : [ {
    "asset" : {
      "assetID" : "d06ff55a51e6ea14d36ab790e94a47389f993e98"
    }
  } ],
  "related" : [ ],
  "metadata" : [ {
    "key" : "collectionUri",
    "value" : "jacob-5"
  }, {
    "key" : "publicTitle",
    "value" : "摩尔门经雅各书第5章"
  }, {
    "key" : "orderIndex",
    "value" : "14"
  } ],
  "children" : [ ],
  "assets" : [ {
    "asset" : {
      "assetID" : "47ce4806d72f11eea96beeeeac1e24fe3d6938d3"
    },
    "index" : 0,
    "addedDate" : 1711394947056,
    "metadata" : [ ]
  } ],
  "fileName" : "8e8eaf0c5b7540a4b9f8dc5238d1d634.json",
  "name" : "Jacob 5",
  "publicTitle" : "摩尔门经雅各书第5章"
}