{
  "parentCollectionID" : "cc9790690b214237b1f79c70efc4c4788bef7e2c",
  "parentCollectionPath" : "Mobile Media Library/Indonesian - Video/Topics",
  "collectionType" : "assets",
  "path" : "Mobile Media Library/Indonesian - Video/Topics/Humility",
  "collectionID" : "8eb787680efa4354b491c02248cb43a6997b165a",
  "language" : "ind",
  "type" : "DEFAULT",
  "lastUpdatedDate" : "2023-05-24T12:30:36.691-06:00",
  "links" : [ {
    "rel" : "details",
    "href" : "https://titanapi.churchofjesuschrist.org/assetsearch/api/v2/collection/details/collectionID/8eb787680efa4354b491c02248cb43a6997b165a"
  } ],
  "coverImages" : [ {
    "asset" : {
      "assetID" : "22aaaa5fecc3420b7c60bcce45ccc55ed66ea5ff"
    }
  } ],
  "related" : [ ],
  "metadata" : [ {
    "key" : "orderIndex",
    "value" : "18"
  }, {
    "key" : "collectionUri",
    "value" : "humility-topic",
    "language" : "ind"
  }, {
    "key" : "publicTitle",
    "value" : "Kerendahhatian",
    "language" : "ind"
  } ],
  "children" : [ ],
  "assets" : [ {
    "asset" : {
      "assetID" : "b7d80603212b11ec81b6eeeeac1e0e28eefcb403"
    },
    "index" : 0,
    "addedDate" : 1650261069460,
    "metadata" : [ ]
  } ],
  "fileName" : "8eb787680efa4354b491c02248cb43a6997b165a.json",
  "name" : "Humility",
  "publicTitle" : "Kerendahhatian"
}