{
  "parentCollectionID" : "d5b6040ec6af44be9a117be22cf4ad72c4a67678",
  "parentCollectionPath" : "Mobile Media Library/Mandarin Traditional - Video/Life Help",
  "collectionType" : "collections",
  "path" : "Mobile Media Library/Mandarin Traditional - Video/Life Help/Addiction",
  "collectionID" : "8f5cc859f762433aa0cbd04e57c1ca851a8fd10d",
  "language" : "zho",
  "type" : "DEFAULT",
  "lastUpdatedDate" : "2024-09-18T08:52:25.440-06:00",
  "links" : [ {
    "rel" : "details",
    "href" : "https://titanapi.churchofjesuschrist.org/assetsearch/api/v2/collection/details/collectionID/8f5cc859f762433aa0cbd04e57c1ca851a8fd10d"
  } ],
  "coverImages" : [ {
    "asset" : {
      "assetID" : "b9f9c5c78f347dd4770bc43e95329b3b4f31dd65"
    }
  } ],
  "related" : [ ],
  "metadata" : [ {
    "key" : "orderIndex",
    "value" : "2"
  }, {
    "key" : "collectionUri",
    "value" : "addiction-video-collection",
    "language" : "zho"
  }, {
    "key" : "publicTitle",
    "value" : "戒癮計畫",
    "language" : "zho"
  } ],
  "children" : [ {
    "path" : "Mobile Media Library/Mandarin Traditional - Video/Life Help/Addiction/12 Steps to Change",
    "collectionID" : "77b82d80b72941eca128e95148e0b2c90b323868",
    "type" : "DEFAULT",
    "lastUpdatedDate" : "2024-09-18T08:52:25.440-06:00",
    "links" : [ {
      "rel" : "details",
      "href" : "https://titanapi.churchofjesuschrist.org/assetsearch/api/v2/collection/details/collectionID/77b82d80b72941eca128e95148e0b2c90b323868"
    } ],
    "fileName" : "77b82d80b72941eca128e95148e0b2c90b323868.json"
  }, {
    "path" : "Mobile Media Library/Mandarin Traditional - Video/Life Help/Addiction/Addiction Recovery Program",
    "collectionID" : "2a6b333d1ece4595a88d4e66f40adc1750c5f473",
    "type" : "DEFAULT",
    "lastUpdatedDate" : "2024-09-18T08:52:25.440-06:00",
    "links" : [ {
      "rel" : "details",
      "href" : "https://titanapi.churchofjesuschrist.org/assetsearch/api/v2/collection/details/collectionID/2a6b333d1ece4595a88d4e66f40adc1750c5f473"
    } ],
    "fileName" : "2a6b333d1ece4595a88d4e66f40adc1750c5f473.json"
  }, {
    "path" : "Mobile Media Library/Mandarin Traditional - Video/Life Help/Addiction/Addiction: Personal Stories",
    "collectionID" : "2f713aef59a04b288aaaed92c2abe038452efeee",
    "type" : "DEFAULT",
    "lastUpdatedDate" : "2024-09-18T08:52:25.440-06:00",
    "links" : [ {
      "rel" : "details",
      "href" : "https://titanapi.churchofjesuschrist.org/assetsearch/api/v2/collection/details/collectionID/2f713aef59a04b288aaaed92c2abe038452efeee"
    } ],
    "fileName" : "2f713aef59a04b288aaaed92c2abe038452efeee.json"
  } ],
  "assets" : [ {
    "asset" : {
      "assetID" : "0c1726d5fcb25f67201fac59be97ac22b3f35105"
    },
    "index" : 1,
    "addedDate" : 1650582348116,
    "metadata" : [ ]
  }, {
    "asset" : {
      "assetID" : "68ea5f51ab61af5c845ab149f010c79c264c49eb"
    },
    "index" : 8,
    "addedDate" : 1650582348116,
    "metadata" : [ ]
  }, {
    "asset" : {
      "assetID" : "8cf123b1b3cdc8b6e455887f673eb809c0ba4891"
    },
    "index" : 10,
    "addedDate" : 1650582348116,
    "metadata" : [ ]
  }, {
    "asset" : {
      "assetID" : "5540db3153dd81a3a6b7107feac7541f834e10fc"
    },
    "index" : 2,
    "addedDate" : 1650582348116,
    "metadata" : [ ]
  }, {
    "asset" : {
      "assetID" : "2af04a60fe691d3c23c76bdb8b65273033df8a1f"
    },
    "index" : 5,
    "addedDate" : 1650582348116,
    "metadata" : [ ]
  }, {
    "asset" : {
      "assetID" : "2d65180c68fae517a85f03c1709f3e058abc4f49"
    },
    "index" : 9,
    "addedDate" : 1650582348116,
    "metadata" : [ ]
  }, {
    "asset" : {
      "assetID" : "016b88ffe5daed44fe226569c265175277adc720"
    },
    "index" : 0,
    "addedDate" : 1650582348116,
    "metadata" : [ ]
  }, {
    "asset" : {
      "assetID" : "d8c872230c5db9a12fa905fd2e3acdbd72611205"
    },
    "index" : 3,
    "addedDate" : 1650582348116,
    "metadata" : [ ]
  }, {
    "asset" : {
      "assetID" : "5276617b1d65e6402e61a5c19dc3d62c20b79072"
    },
    "index" : 7,
    "addedDate" : 1650582348116,
    "metadata" : [ ]
  }, {
    "asset" : {
      "assetID" : "5f48fa1bc6d95b0055cc8aba7772e6aab55788c1"
    },
    "index" : 12,
    "addedDate" : 1650582348116,
    "metadata" : [ ]
  }, {
    "asset" : {
      "assetID" : "57053a31ba973eebe26d1cd9c6a28cc3a85a4587"
    },
    "index" : 4,
    "addedDate" : 1650582348116,
    "metadata" : [ ]
  }, {
    "asset" : {
      "assetID" : "c95a0aed6426fd8b1668ca5cd0dab3271e51e45e"
    },
    "index" : 6,
    "addedDate" : 1650582348116,
    "metadata" : [ ]
  }, {
    "asset" : {
      "assetID" : "c71936920628c2d14db3fc28982fd5d03113103a"
    },
    "index" : 11,
    "addedDate" : 1650582348116,
    "metadata" : [ ]
  }, {
    "asset" : {
      "assetID" : "ba26167ae9b3981e77358d40a9e19f63d42cb640"
    },
    "index" : 14,
    "addedDate" : 1650582348116,
    "metadata" : [ ]
  }, {
    "asset" : {
      "assetID" : "ccd650af8db3f5e8cf65ebed5733a5e01045aae9"
    },
    "index" : 13,
    "addedDate" : 1650582348116,
    "metadata" : [ ]
  }, {
    "asset" : {
      "assetID" : "a24d697ea120ce7b3b33cc6252e25361347abbd6"
    },
    "index" : 15,
    "addedDate" : 1650582348116,
    "metadata" : [ ]
  } ],
  "fileName" : "8f5cc859f762433aa0cbd04e57c1ca851a8fd10d.json",
  "name" : "Addiction",
  "publicTitle" : "戒癮計畫"
}