{
  "parentCollectionID" : "1e69308bcf3a4797813edca4d82aa4197c1506fb",
  "parentCollectionPath" : "Mobile Media Library/French - Video/Topics",
  "collectionType" : "assets",
  "path" : "Mobile Media Library/French - Video/Topics/Revelation",
  "collectionID" : "8f8119ca2e634a29af094d2836afd4ff29c26f9f",
  "language" : "fra",
  "type" : "DEFAULT",
  "lastUpdatedDate" : "2022-10-24T12:03:51.553-06:00",
  "links" : [ {
    "rel" : "details",
    "href" : "https://titanapi.churchofjesuschrist.org/assetsearch/api/v2/collection/details/collectionID/8f8119ca2e634a29af094d2836afd4ff29c26f9f"
  } ],
  "coverImages" : [ {
    "asset" : {
      "assetID" : "ebf35110e9ba3de8c87c4a25422b059d62f90967"
    }
  } ],
  "related" : [ ],
  "metadata" : [ {
    "key" : "orderIndex",
    "value" : "28"
  }, {
    "key" : "collectionUri",
    "value" : "revelation-topic",
    "language" : "fra"
  }, {
    "key" : "publicTitle",
    "value" : "Révélation",
    "language" : "fra"
  } ],
  "children" : [ ],
  "assets" : [ {
    "asset" : {
      "assetID" : "3f89caf4b4f463125cf307de9f3c8dc673c590c1"
    },
    "index" : 0,
    "addedDate" : 1648811319726,
    "metadata" : [ ]
  }, {
    "asset" : {
      "assetID" : "bbfbab65a38e2f92f9b81da88c6fd7ac9c3f3009"
    },
    "index" : 1,
    "addedDate" : 1648811319726,
    "metadata" : [ ]
  }, {
    "asset" : {
      "assetID" : "8D90139295F92BE965E10495EF09A76AB160AC45"
    },
    "index" : 2,
    "addedDate" : 1648811319726,
    "metadata" : [ ]
  }, {
    "asset" : {
      "assetID" : "CB2CDAB308747172298917552FE7FD055E21C86A"
    },
    "index" : 3,
    "addedDate" : 1648811319726,
    "metadata" : [ ]
  }, {
    "asset" : {
      "assetID" : "526423411452AF978E0CFAF55A9191544AAB309B"
    },
    "index" : 4,
    "addedDate" : 1648811319726,
    "metadata" : [ ]
  }, {
    "asset" : {
      "assetID" : "ca3885b3628f11ec963beeeeac1ec60bacf6820e"
    },
    "index" : 5,
    "addedDate" : 1680497576225,
    "metadata" : [ ]
  } ],
  "fileName" : "8f8119ca2e634a29af094d2836afd4ff29c26f9f.json",
  "name" : "Revelation",
  "publicTitle" : "Révélation"
}