{
  "parentCollectionID" : "e8dbb8ebeab44c3abe5e5500409f9316b302fe7f",
  "parentCollectionPath" : "Mobile Media Library/Russian - Video/Teaching and Lessons/Come, Follow Me: New Testament Learning and Teaching Resources",
  "collectionType" : "collections",
  "path" : "Mobile Media Library/Russian - Video/Teaching and Lessons/Come, Follow Me: New Testament Learning and Teaching Resources/Mar. 4-10: Matthew 8-9; Mark 2-5",
  "collectionID" : "8f8382f527dd4b08a503524ff98a966c76409375",
  "language" : "rus",
  "type" : "DEFAULT",
  "lastUpdatedDate" : "2022-04-01T01:16:22.700-06:00",
  "links" : [ {
    "rel" : "details",
    "href" : "https://titanapi.churchofjesuschrist.org/assetsearch/api/v2/collection/details/collectionID/8f8382f527dd4b08a503524ff98a966c76409375"
  } ],
  "coverImages" : [ ],
  "related" : [ ],
  "metadata" : [ {
    "key" : "collectionUri",
    "value" : "Mar. 4-10: Matthew 8-9; Mark 2-5",
    "language" : "rus"
  }, {
    "key" : "orderIndex",
    "value" : "1"
  } ],
  "children" : [ ],
  "assets" : [ ],
  "fileName" : "8f8382f527dd4b08a503524ff98a966c76409375.json",
  "name" : "Mar. 4-10: Matthew 8-9; Mark 2-5"
}