{
  "parentCollectionID" : "9c2a95f6b1e94d6dacbea195f890cf39bc748a80",
  "parentCollectionPath" : "Mobile Media Library/Tongan - Video/Life Help/Self-Reliance Services and PEF/Personal Finances",
  "collectionType" : "collections",
  "path" : "Mobile Media Library/Tongan - Video/Life Help/Self-Reliance Services and PEF/Personal Finances/Chapter 3: Tithes and Offerings",
  "collectionID" : "901f3e121d324b87820b768911e4cf8661f13c39",
  "language" : "ton",
  "type" : "DEFAULT",
  "lastUpdatedDate" : "2022-07-05T18:00:03.328-06:00",
  "links" : [ {
    "rel" : "details",
    "href" : "https://titanapi.churchofjesuschrist.org/assetsearch/api/v2/collection/details/collectionID/901f3e121d324b87820b768911e4cf8661f13c39"
  } ],
  "coverImages" : [ ],
  "related" : [ ],
  "metadata" : [ {
    "key" : "collectionUri",
    "value" : "chapter-3-tithes-and-offerings",
    "language" : "ton"
  } ],
  "children" : [ ],
  "assets" : [ ],
  "fileName" : "901f3e121d324b87820b768911e4cf8661f13c39.json",
  "name" : "Chapter 3: Tithes and Offerings"
}