{
  "parentCollectionID" : "7b36bdc3d77743fc8e8e1386b7ec2a16",
  "parentCollectionPath" : "Mobile Media Library/Cantonese - Video",
  "collectionType" : "collections",
  "path" : "Mobile Media Library/Cantonese - Video/Inspiration",
  "collectionID" : "9056ab4a4a364ec082d1c68333f00da8cfc43a91",
  "language" : "yue",
  "type" : "DEFAULT",
  "lastUpdatedDate" : "2024-09-27T08:34:38.510-06:00",
  "links" : [ {
    "rel" : "details",
    "href" : "https://titanapi.churchofjesuschrist.org/assetsearch/api/v2/collection/details/collectionID/9056ab4a4a364ec082d1c68333f00da8cfc43a91"
  } ],
  "coverImages" : [ {
    "asset" : {
      "assetID" : "3cd7203eafee311710105a38c1429d7be1f66639"
    }
  } ],
  "related" : [ ],
  "metadata" : [ {
    "key" : "orderIndex",
    "value" : "8"
  }, {
    "key" : "channel",
    "value" : "mobile",
    "language" : "yue"
  }, {
    "key" : "collectionUri",
    "value" : "inspiration-video-collection",
    "language" : "yue"
  }, {
    "key" : "publicTitle",
    "value" : "靈感信息",
    "language" : "yue"
  } ],
  "children" : [ {
    "path" : "Mobile Media Library/Cantonese - Video/Inspiration/Films",
    "collectionID" : "4f3612e94d064576969c4f4f892b95b719f8ad49",
    "type" : "DEFAULT",
    "lastUpdatedDate" : "2023-06-16T02:52:11.232-06:00",
    "links" : [ {
      "rel" : "details",
      "href" : "https://titanapi.churchofjesuschrist.org/assetsearch/api/v2/collection/details/collectionID/4f3612e94d064576969c4f4f892b95b719f8ad49"
    } ],
    "fileName" : "4f3612e94d064576969c4f4f892b95b719f8ad49.json"
  }, {
    "path" : "Mobile Media Library/Cantonese - Video/Inspiration/Hear Him",
    "collectionID" : "cd651aac4a154011a746690df8520a531fdedce0",
    "type" : "DEFAULT",
    "lastUpdatedDate" : "2023-06-16T02:53:00.843-06:00",
    "links" : [ {
      "rel" : "details",
      "href" : "https://titanapi.churchofjesuschrist.org/assetsearch/api/v2/collection/details/collectionID/cd651aac4a154011a746690df8520a531fdedce0"
    } ],
    "fileName" : "cd651aac4a154011a746690df8520a531fdedce0.json"
  }, {
    "path" : "Mobile Media Library/Cantonese - Video/Inspiration/His Grace",
    "collectionID" : "625a1a6929254dacbeaaef72f91c491b5c1251f8",
    "type" : "DEFAULT",
    "lastUpdatedDate" : "2022-04-15T20:52:07.660-06:00",
    "links" : [ {
      "rel" : "details",
      "href" : "https://titanapi.churchofjesuschrist.org/assetsearch/api/v2/collection/details/collectionID/625a1a6929254dacbeaaef72f91c491b5c1251f8"
    } ],
    "fileName" : "625a1a6929254dacbeaaef72f91c491b5c1251f8.json"
  }, {
    "path" : "Mobile Media Library/Cantonese - Video/Inspiration/Inspirational Messages",
    "collectionID" : "7cde7e096b92473a93ee97464aef4b190de59aff",
    "type" : "DEFAULT",
    "lastUpdatedDate" : "2024-09-27T11:19:54.339-06:00",
    "links" : [ {
      "rel" : "details",
      "href" : "https://titanapi.churchofjesuschrist.org/assetsearch/api/v2/collection/details/collectionID/7cde7e096b92473a93ee97464aef4b190de59aff"
    } ],
    "fileName" : "7cde7e096b92473a93ee97464aef4b190de59aff.json"
  }, {
    "path" : "Mobile Media Library/Cantonese - Video/Inspiration/Social Media Shareable Videos",
    "collectionID" : "630e0546d8ac46868b3e8c01b353c0307c05359c",
    "type" : "DEFAULT",
    "lastUpdatedDate" : "2023-06-16T02:52:45.571-06:00",
    "links" : [ {
      "rel" : "details",
      "href" : "https://titanapi.churchofjesuschrist.org/assetsearch/api/v2/collection/details/collectionID/630e0546d8ac46868b3e8c01b353c0307c05359c"
    } ],
    "fileName" : "630e0546d8ac46868b3e8c01b353c0307c05359c.json"
  } ],
  "assets" : [ ],
  "fileName" : "9056ab4a4a364ec082d1c68333f00da8cfc43a91.json",
  "name" : "Inspiration",
  "publicTitle" : "靈感信息"
}