{
  "parentCollectionID" : "03ed8c307d534c1c9349d6c66c43f7af",
  "parentCollectionPath" : "Mobile Media Library/Norwegian - Video/Teaching and Lessons/Come, Follow Me/Come, Follow Me: For Aaronic Priesthood Quorums and Young Women/Media for 2023 Doctrinal Topics",
  "collectionType" : "collections",
  "path" : "Mobile Media Library/Norwegian - Video/Teaching and Lessons/Come, Follow Me/Come, Follow Me: For Aaronic Priesthood Quorums and Young Women/Media for 2023 Doctrinal Topics/July",
  "collectionID" : "905698587520497696d3d40db86a602b",
  "language" : "nor",
  "type" : "DEFAULT",
  "lastUpdatedDate" : "2022-07-14T08:58:04.934-06:00",
  "links" : [ {
    "rel" : "details",
    "href" : "https://titanapi.churchofjesuschrist.org/assetsearch/api/v2/collection/details/collectionID/905698587520497696d3d40db86a602b"
  } ],
  "coverImages" : [ ],
  "related" : [ ],
  "metadata" : [ {
    "key" : "collectionUri",
    "value" : "july-2023-doctrinal-media-for-youth",
    "language" : "nor"
  }, {
    "key" : "orderIndex",
    "value" : "7"
  } ],
  "children" : [ ],
  "assets" : [ ],
  "fileName" : "905698587520497696d3d40db86a602b.json",
  "name" : "July"
}