{
  "parentCollectionID" : "cde01fbfacd647b5aecb83c016859788",
  "parentCollectionPath" : "Mobile Media Library/Portuguese - Video/Teaching and Lessons/Come, Follow Me/Come, Follow Me: For Aaronic Priesthood Quorums and Young Women/Media for 2023 Doctrinal Topics",
  "collectionType" : "collections",
  "path" : "Mobile Media Library/Portuguese - Video/Teaching and Lessons/Come, Follow Me/Come, Follow Me: For Aaronic Priesthood Quorums and Young Women/Media for 2023 Doctrinal Topics/January",
  "collectionID" : "90af2a37d0d0453cb6ffdb3b9b5adad3",
  "language" : "por",
  "type" : "DEFAULT",
  "lastUpdatedDate" : "2022-06-16T09:21:21.180-06:00",
  "links" : [ {
    "rel" : "details",
    "href" : "https://titanapi.churchofjesuschrist.org/assetsearch/api/v2/collection/details/collectionID/90af2a37d0d0453cb6ffdb3b9b5adad3"
  } ],
  "coverImages" : [ {
    "asset" : {
      "assetID" : "26fb63982ad2c447798b0936c310a6af7edfc409"
    }
  } ],
  "related" : [ ],
  "metadata" : [ {
    "key" : "collectionUri",
    "value" : "january-2023-doctrinal-media-for-youth",
    "language" : "por"
  }, {
    "key" : "orderIndex",
    "value" : "1"
  } ],
  "children" : [ ],
  "assets" : [ ],
  "fileName" : "90af2a37d0d0453cb6ffdb3b9b5adad3.json",
  "name" : "January"
}