{
  "parentCollectionID" : "1a7b440be443436b912ff4d0ef233dd1",
  "parentCollectionPath" : "Mobile Media Library/Samoan  - Images/Gospel Art/Gospel Art Book",
  "collectionType" : "assets",
  "path" : "Mobile Media Library/Samoan  - Images/Gospel Art/Gospel Art Book/Old Testament-Gospel Art Book",
  "collectionID" : "90ca75b4b8be43e08699063816ec92bf",
  "language" : "smo",
  "type" : "DEFAULT",
  "lastUpdatedDate" : "2023-10-31T10:55:29.083-06:00",
  "links" : [ {
    "rel" : "details",
    "href" : "https://titanapi.churchofjesuschrist.org/assetsearch/api/v2/collection/details/collectionID/90ca75b4b8be43e08699063816ec92bf"
  } ],
  "coverImages" : [ {
    "asset" : {
      "assetID" : "69648189a2bafb32dfcacde5eb29da41e1596757"
    }
  } ],
  "related" : [ ],
  "metadata" : [ {
    "key" : "collectionUri",
    "value" : "old-testament-gospel-art-book-images",
    "language" : "smo"
  }, {
    "key" : "publicTitle",
    "value" : "Feagaiga Tuai—Tusi Ata o le Talalelei",
    "language" : "smo"
  }, {
    "key" : "orderIndex",
    "value" : "7"
  } ],
  "children" : [ ],
  "assets" : [ {
    "asset" : {
      "assetID" : "53a6fcbb43da5fdb352d4e6e4c5e0f04a01bf1a0"
    },
    "addedDate" : 1698772449613,
    "metadata" : [ ]
  }, {
    "asset" : {
      "assetID" : "723716cb7ec5f79d52a56aea78c235ce2006b903"
    },
    "addedDate" : 1698772449610,
    "metadata" : [ ]
  }, {
    "asset" : {
      "assetID" : "31ab23f8042d48c2ae173a7126de4a7a35cf5604"
    },
    "addedDate" : 1698772449620,
    "metadata" : [ ]
  }, {
    "asset" : {
      "assetID" : "def21e91825e771098627b32a30ddf8268350a98"
    },
    "addedDate" : 1698772449620,
    "metadata" : [ ]
  }, {
    "asset" : {
      "assetID" : "8742114c9fe74882f89f3023b1fdf461bc59907f"
    },
    "addedDate" : 1698772449600,
    "metadata" : [ ]
  }, {
    "asset" : {
      "assetID" : "e4d489d9f0d13fb89fe43727792594f46751a33f"
    },
    "addedDate" : 1698772449623,
    "metadata" : [ ]
  }, {
    "asset" : {
      "assetID" : "b1fb8b7649168e6b0aec7799b1cadf3dfe944018"
    },
    "addedDate" : 1698772449620,
    "metadata" : [ ]
  }, {
    "asset" : {
      "assetID" : "93cf1a2b8c30472131ad9539fa7943ce7e7ab0b3"
    },
    "addedDate" : 1698772449606,
    "metadata" : [ ]
  }, {
    "asset" : {
      "assetID" : "69648189a2bafb32dfcacde5eb29da41e1596757"
    },
    "addedDate" : 1698772449596,
    "metadata" : [ ]
  }, {
    "asset" : {
      "assetID" : "ce9b865d0ed9ae9369122ac13944f07fc70c5c5f"
    },
    "addedDate" : 1698772449613,
    "metadata" : [ ]
  }, {
    "asset" : {
      "assetID" : "0fa1384951cc0f3e3e2a02bd43f25c4f2c2f86bc"
    },
    "addedDate" : 1698772449606,
    "metadata" : [ ]
  }, {
    "asset" : {
      "assetID" : "4d29ac5357ea43f8cd6e6ea52787f940139fcb2b"
    },
    "addedDate" : 1698772449610,
    "metadata" : [ ]
  }, {
    "asset" : {
      "assetID" : "29decdc03cd7bb38441dde7d20b4b2dbd33a365e"
    },
    "addedDate" : 1698772449623,
    "metadata" : [ ]
  }, {
    "asset" : {
      "assetID" : "16ff5679f7d89bd0306573a5bfb98e674d60bc9a"
    },
    "addedDate" : 1698772449626,
    "metadata" : [ ]
  }, {
    "asset" : {
      "assetID" : "1717b4abbd9b0264497cd9a7e8b1446193e75f69"
    },
    "addedDate" : 1698772449616,
    "metadata" : [ ]
  }, {
    "asset" : {
      "assetID" : "ccabdc313a837a9e0537b157912f31eb67cb17b8"
    },
    "addedDate" : 1698772449603,
    "metadata" : [ ]
  }, {
    "asset" : {
      "assetID" : "c2ce525ef29e8da5bef3e0ab312636aefdbd96d0"
    },
    "addedDate" : 1698772449630,
    "metadata" : [ ]
  }, {
    "asset" : {
      "assetID" : "36bd52b0913d3ba3df57b0a9b98a5cd34c831202"
    },
    "addedDate" : 1698772449603,
    "metadata" : [ ]
  }, {
    "asset" : {
      "assetID" : "d2e59a7288fd97276274976ed993094a979371b3"
    },
    "addedDate" : 1698772449590,
    "metadata" : [ ]
  }, {
    "asset" : {
      "assetID" : "75578c17fc349ebe9ac379f6a55792d377e7867a"
    },
    "addedDate" : 1698772449630,
    "metadata" : [ ]
  }, {
    "asset" : {
      "assetID" : "91a96141d4471eac93f6d58e7d6db42cd6fd4192"
    },
    "addedDate" : 1698772449586,
    "metadata" : [ ]
  }, {
    "asset" : {
      "assetID" : "850c3faf9ed39b2193c9280a929f73469094982c"
    },
    "addedDate" : 1698772449590,
    "metadata" : [ ]
  }, {
    "asset" : {
      "assetID" : "834d6fd59a754a4110c5465db12ba5dd6aa2c519"
    },
    "addedDate" : 1698772449600,
    "metadata" : [ ]
  }, {
    "asset" : {
      "assetID" : "46d0e9f3be2677f5d47c66ea3c32414e182fba2e"
    },
    "addedDate" : 1698772449616,
    "metadata" : [ ]
  }, {
    "asset" : {
      "assetID" : "0ef8fd6020a1bba5c329acb8aa9b60227be42d77"
    },
    "addedDate" : 1698772449626,
    "metadata" : [ ]
  }, {
    "asset" : {
      "assetID" : "67525074bf4b5964e41c181f0db4aae28bfed805"
    },
    "addedDate" : 1698772449583,
    "metadata" : [ ]
  } ],
  "fileName" : "90ca75b4b8be43e08699063816ec92bf.json",
  "name" : "Old Testament-Gospel Art Book",
  "publicTitle" : "Feagaiga Tuai—Tusi Ata o le Talalelei"
}