{
  "parentCollectionID" : "f590fbf417cd47afb943aa8206baa85c",
  "parentCollectionPath" : "Mobile Media Library/Mandarin Traditional - Images/Book of Mormon Videos Images",
  "collectionType" : "assets",
  "path" : "Mobile Media Library/Mandarin Traditional - Images/Book of Mormon Videos Images/2 Nephi 31-32",
  "collectionID" : "90d154781a9947fd9c0fd588ec33d271",
  "language" : "zho",
  "type" : "DEFAULT",
  "lastUpdatedDate" : "2024-09-17T14:57:40.931-06:00",
  "links" : [ {
    "rel" : "details",
    "href" : "https://titanapi.churchofjesuschrist.org/assetsearch/api/v2/collection/details/collectionID/90d154781a9947fd9c0fd588ec33d271"
  } ],
  "coverImages" : [ {
    "asset" : {
      "assetID" : "13120aaa3f3b539912b00f9671dadb8dd9fbc795"
    }
  } ],
  "related" : [ ],
  "metadata" : [ {
    "key" : "collectionUri",
    "value" : "2-nephi-31-32-images"
  }, {
    "key" : "publicTitle",
    "value" : "尼腓二書第31～32章"
  }, {
    "key" : "orderIndex",
    "value" : "11"
  } ],
  "children" : [ ],
  "assets" : [ {
    "asset" : {
      "assetID" : "9ad81ccfd02d1d31465801bfe8d6a0129ca81fc5"
    },
    "addedDate" : 1695053850763,
    "metadata" : [ ]
  }, {
    "asset" : {
      "assetID" : "72090359b075a497ee27e9ca87f3e518031f3048"
    },
    "addedDate" : 1695053850763,
    "metadata" : [ ]
  }, {
    "asset" : {
      "assetID" : "6876ab364476e25b77c1f331aaf409172c72494c"
    },
    "addedDate" : 1695053850750,
    "metadata" : [ ]
  }, {
    "asset" : {
      "assetID" : "d1cf10e68921c795af564aba17d05008ec5bd5de"
    },
    "addedDate" : 1695053850760,
    "metadata" : [ ]
  }, {
    "asset" : {
      "assetID" : "9f188be79a1b8f583927a1b48a35249ae80f290e"
    },
    "addedDate" : 1695053850653,
    "metadata" : [ ]
  }, {
    "asset" : {
      "assetID" : "80f8f60501dc77b8b3d03332979167e3d51a0ed7"
    },
    "addedDate" : 1695053850656,
    "metadata" : [ ]
  }, {
    "asset" : {
      "assetID" : "045172b68ed055565e35ec5f960ad978f8ec3059"
    },
    "addedDate" : 1695053850646,
    "metadata" : [ ]
  }, {
    "asset" : {
      "assetID" : "80fbff50173b5c7b30d8a22f6bd4d80d83d7cdef"
    },
    "addedDate" : 1695053850650,
    "metadata" : [ ]
  }, {
    "asset" : {
      "assetID" : "9e882815e006c643fa6df52cf2d7c9a3686e1b28"
    },
    "addedDate" : 1695053850676,
    "metadata" : [ ]
  }, {
    "asset" : {
      "assetID" : "c1576e917083d26d0ba95443d9a2e170ddcf75a5"
    },
    "addedDate" : 1695053850680,
    "metadata" : [ ]
  }, {
    "asset" : {
      "assetID" : "5318c798012f18f248d845a1eea34d127faf67f3"
    },
    "addedDate" : 1695053850663,
    "metadata" : [ ]
  }, {
    "asset" : {
      "assetID" : "cbce89bfb35c0e99c59a91f2e7667d159b7230a2"
    },
    "addedDate" : 1695053850673,
    "metadata" : [ ]
  }, {
    "asset" : {
      "assetID" : "7d0b270eda101382a421e68829ae7e3a3bf4c9cc"
    },
    "addedDate" : 1695053850700,
    "metadata" : [ ]
  }, {
    "asset" : {
      "assetID" : "6d9b8405523fe1894f6e92a88a5da81145db4340"
    },
    "addedDate" : 1695053850706,
    "metadata" : [ ]
  }, {
    "asset" : {
      "assetID" : "0e77e6c23664366de9bd12114f78c53e8bbc3ad7"
    },
    "addedDate" : 1695053850683,
    "metadata" : [ ]
  }, {
    "asset" : {
      "assetID" : "0529d50e2e1fa81f19123a00b812b6e10b3b735b"
    },
    "addedDate" : 1695053850693,
    "metadata" : [ ]
  }, {
    "asset" : {
      "assetID" : "ff19e12d96dfe9e8e2e021d900eb9064f3d6e9d1"
    },
    "addedDate" : 1695053850736,
    "metadata" : [ ]
  }, {
    "asset" : {
      "assetID" : "20dcd67cfdf1675e129435977d4b35097c88706c"
    },
    "addedDate" : 1695053850746,
    "metadata" : [ ]
  }, {
    "asset" : {
      "assetID" : "7ac2d6dc61feea68c964dcaa75a0cce5b2b472e6"
    },
    "addedDate" : 1695053850723,
    "metadata" : [ ]
  }, {
    "asset" : {
      "assetID" : "97253a1379433c599e31bfabd2f8d561a36ec3a0"
    },
    "addedDate" : 1695053850726,
    "metadata" : [ ]
  }, {
    "asset" : {
      "assetID" : "dc132a67583de6a52792c0f9f0277e188b98389a"
    },
    "addedDate" : 1695053850640,
    "metadata" : [ ]
  }, {
    "asset" : {
      "assetID" : "fe026b04f9844259700b422b5560c529fd3ab367"
    },
    "addedDate" : 1695053850643,
    "metadata" : [ ]
  }, {
    "asset" : {
      "assetID" : "a4bd4a17012873baaefbf76de668c3020a779d03"
    },
    "addedDate" : 1695053850686,
    "metadata" : [ ]
  }, {
    "asset" : {
      "assetID" : "6779b93959345aebb767db7464babf37a686e24a"
    },
    "addedDate" : 1695053850730,
    "metadata" : [ ]
  }, {
    "asset" : {
      "assetID" : "c7ca7d1c4a5c5215f8d02d8ccfa8e46d214c5d0f"
    },
    "addedDate" : 1695053850743,
    "metadata" : [ ]
  }, {
    "asset" : {
      "assetID" : "8863ee52a4a9d4ce2d43cb05437908b2fe0929bc"
    },
    "addedDate" : 1695053850713,
    "metadata" : [ ]
  }, {
    "asset" : {
      "assetID" : "558a53f5c9c587bdce08d71b77a4de4900dd5013"
    },
    "addedDate" : 1695053850723,
    "metadata" : [ ]
  }, {
    "asset" : {
      "assetID" : "9acc4930e59c53849dcc5ceb389882630da29c37"
    },
    "addedDate" : 1695053850636,
    "metadata" : [ ]
  }, {
    "asset" : {
      "assetID" : "d06949ed0f30753dbe0a2fe2111b968d34b9e443"
    },
    "addedDate" : 1695053850640,
    "metadata" : [ ]
  }, {
    "asset" : {
      "assetID" : "0fb48b90581241074ad22d061e80ebbb50870817"
    },
    "addedDate" : 1695053850626,
    "metadata" : [ ]
  }, {
    "asset" : {
      "assetID" : "6c2b648b85d44ca86f424764c5998eaf290b9d1d"
    },
    "addedDate" : 1695053850633,
    "metadata" : [ ]
  } ],
  "fileName" : "90d154781a9947fd9c0fd588ec33d271.json",
  "name" : "2 Nephi 31-32",
  "publicTitle" : "尼腓二書第31～32章"
}