{
  "parentCollectionID" : "bb7718944c094c3984facf66daf864b0a21726d4",
  "parentCollectionPath" : "Mobile Media Library/Dutch - Video/Teaching and Lessons/Come, Follow Me/Come, Follow Me: New Testament Learning and Teaching Resources",
  "collectionType" : "collections",
  "path" : "Mobile Media Library/Dutch - Video/Teaching and Lessons/Come, Follow Me/Come, Follow Me: New Testament Learning and Teaching Resources/Sep. 16-22: 2 Corinthians 8-13",
  "collectionID" : "912f7ddd1ec44e7794d5d95de93ebc27c076edab",
  "language" : "nld",
  "type" : "DEFAULT",
  "lastUpdatedDate" : "2022-04-17T21:40:22.596-06:00",
  "links" : [ {
    "rel" : "details",
    "href" : "https://titanapi.churchofjesuschrist.org/assetsearch/api/v2/collection/details/collectionID/912f7ddd1ec44e7794d5d95de93ebc27c076edab"
  } ],
  "coverImages" : [ {
    "asset" : {
      "assetID" : "be4beff049a63d94f51fbc8d5ab675400872cb6a"
    }
  } ],
  "related" : [ ],
  "metadata" : [ {
    "key" : "collectionUri",
    "value" : "Sep-16-22-2-Corinthians-8-13-videos",
    "language" : "nld"
  }, {
    "key" : "orderIndex",
    "value" : "37"
  } ],
  "children" : [ ],
  "assets" : [ ],
  "fileName" : "912f7ddd1ec44e7794d5d95de93ebc27c076edab.json",
  "name" : "Sep. 16-22: 2 Corinthians 8-13"
}