{
  "parentCollectionID" : "b162c02d0a8041eaad40be70e07acc719c07a4d8",
  "parentCollectionPath" : "Mobile Media Library/Ukrainian - Video/Teaching and Lessons/Come, Follow Me/Come, Follow Me: New Testament Learning and Teaching Resources",
  "collectionType" : "collections",
  "path" : "Mobile Media Library/Ukrainian - Video/Teaching and Lessons/Come, Follow Me/Come, Follow Me: New Testament Learning and Teaching Resources/Mar. 25-31: Matthew 14-15; Mark 6-7; John 5-6",
  "collectionID" : "91da5011281d4c88ac7b52b1ecf4f916fb2c7cda",
  "language" : "ukr",
  "type" : "DEFAULT",
  "lastUpdatedDate" : "2022-07-19T11:03:11.534-06:00",
  "links" : [ {
    "rel" : "details",
    "href" : "https://titanapi.churchofjesuschrist.org/assetsearch/api/v2/collection/details/collectionID/91da5011281d4c88ac7b52b1ecf4f916fb2c7cda"
  } ],
  "coverImages" : [ {
    "asset" : {
      "assetID" : "a350538776173f954e101b44c45eba5d7b81c026"
    }
  } ],
  "related" : [ ],
  "metadata" : [ {
    "key" : "orderIndex",
    "value" : "13"
  }, {
    "key" : "collectionUri",
    "value" : "Mar-25-31-Matthew-14-15-Mark 6-7-John-5-6",
    "language" : "ukr"
  } ],
  "children" : [ ],
  "assets" : [ ],
  "fileName" : "91da5011281d4c88ac7b52b1ecf4f916fb2c7cda.json",
  "name" : "Mar. 25-31: Matthew 14-15; Mark 6-7; John 5-6"
}