{
  "parentCollectionID" : "ebe9643e887b47f7a92f89c4bb1a06ec",
  "parentCollectionPath" : "Mobile Media Library/Spanish - Video/Scriptural Reenactments and Teachings/Book of Mormon Videos",
  "collectionType" : "assets",
  "path" : "Mobile Media Library/Spanish - Video/Scriptural Reenactments and Teachings/Book of Mormon Videos/Alma 23-27",
  "collectionID" : "936031deeaf540d1b7504b0e1989b3e0",
  "language" : "spa",
  "type" : "DEFAULT",
  "lastUpdatedDate" : "2024-08-28T11:26:26.985-06:00",
  "links" : [ {
    "rel" : "details",
    "href" : "https://titanapi.churchofjesuschrist.org/assetsearch/api/v2/collection/details/collectionID/936031deeaf540d1b7504b0e1989b3e0"
  } ],
  "coverImages" : [ {
    "asset" : {
      "assetID" : "af482f0c340aae192f72dc6a0c075688eb4dc048"
    }
  } ],
  "related" : [ ],
  "metadata" : [ {
    "key" : "orderIndex",
    "value" : "25"
  }, {
    "key" : "channel",
    "value" : "mobile",
    "language" : "spa"
  }, {
    "key" : "collectionUri",
    "value" : "alma-23-27",
    "language" : "spa"
  }, {
    "key" : "publicTitle",
    "value" : "Alma 23-27",
    "language" : "eng"
  }, {
    "key" : "publicTitle",
    "value" : "Alma 23-27",
    "language" : "spa"
  } ],
  "children" : [ ],
  "assets" : [ {
    "asset" : {
      "assetID" : "66c1f403120811ef92d3eeeeac1e882d1452f72f"
    },
    "index" : 0,
    "addedDate" : 1724865098071,
    "metadata" : [ ]
  } ],
  "fileName" : "936031deeaf540d1b7504b0e1989b3e0.json",
  "name" : "Alma 23-27",
  "publicTitle" : "Alma 23-27"
}