{
  "parentCollectionID" : "96fb108d9ce34b589e031451259b6a1a7103533b",
  "parentCollectionPath" : "Mobile Media Library/Hungarian - Video/Broadcasts",
  "collectionType" : "collections",
  "path" : "Mobile Media Library/Hungarian - Video/Broadcasts/Worldwide Devotionals",
  "collectionID" : "93bc6e9fd45841188b416fc98df269454a3e63bf",
  "language" : "hun",
  "type" : "DEFAULT",
  "lastUpdatedDate" : "2022-10-26T16:43:18.782-06:00",
  "links" : [ {
    "rel" : "details",
    "href" : "https://titanapi.churchofjesuschrist.org/assetsearch/api/v2/collection/details/collectionID/93bc6e9fd45841188b416fc98df269454a3e63bf"
  } ],
  "coverImages" : [ {
    "asset" : {
      "assetID" : "b39ce91cacef795de8557b3ca2215699f74cab10"
    }
  } ],
  "related" : [ ],
  "metadata" : [ {
    "key" : "orderIndex",
    "value" : "5"
  }, {
    "key" : "collectionUri",
    "value" : "worldwide-devotionals",
    "language" : "hun"
  }, {
    "key" : "publicTitle",
    "value" : "Világméretű áhítatok fiatal felnőtteknek",
    "language" : "hun"
  } ],
  "children" : [ {
    "path" : "Mobile Media Library/Hungarian - Video/Broadcasts/Worldwide Devotionals/Worldwide Devotional Full Sessions",
    "collectionID" : "896be6c3ee144723b1c4f470872de97c",
    "type" : "DEFAULT",
    "lastUpdatedDate" : "2024-02-28T23:17:16.571-07:00",
    "links" : [ {
      "rel" : "details",
      "href" : "https://titanapi.churchofjesuschrist.org/assetsearch/api/v2/collection/details/collectionID/896be6c3ee144723b1c4f470872de97c"
    } ],
    "fileName" : "896be6c3ee144723b1c4f470872de97c.json"
  }, {
    "path" : "Mobile Media Library/Hungarian - Video/Broadcasts/Worldwide Devotionals/Worldwide Devotional Segments",
    "collectionID" : "741470a41145492187bb2c822c298b8e",
    "type" : "DEFAULT",
    "lastUpdatedDate" : "2023-05-25T15:53:08.339-06:00",
    "links" : [ {
      "rel" : "details",
      "href" : "https://titanapi.churchofjesuschrist.org/assetsearch/api/v2/collection/details/collectionID/741470a41145492187bb2c822c298b8e"
    } ],
    "fileName" : "741470a41145492187bb2c822c298b8e.json"
  }, {
    "path" : "Mobile Media Library/Hungarian - Video/Broadcasts/Worldwide Devotionals/Young Adult and Youth Devotionals",
    "collectionID" : "8a8ab434fd9849e591c4593042952e32",
    "type" : "DEFAULT",
    "lastUpdatedDate" : "2023-05-08T15:38:56.190-06:00",
    "links" : [ {
      "rel" : "details",
      "href" : "https://titanapi.churchofjesuschrist.org/assetsearch/api/v2/collection/details/collectionID/8a8ab434fd9849e591c4593042952e32"
    } ],
    "fileName" : "8a8ab434fd9849e591c4593042952e32.json"
  } ],
  "assets" : [ ],
  "fileName" : "93bc6e9fd45841188b416fc98df269454a3e63bf.json",
  "name" : "Worldwide Devotionals",
  "publicTitle" : "Világméretű áhítatok fiatal felnőtteknek"
}