{
  "parentCollectionID" : "710fe3a6376941bf91e6103d6016300451e57bdd",
  "parentCollectionPath" : "Mobile Media Library/Danish - Video/Sharing the Gospel",
  "collectionType" : "assets",
  "path" : "Mobile Media Library/Danish - Video/Sharing the Gospel/Basic Beliefs in 60 Seconds",
  "collectionID" : "93e1c8f8214e42f8a0cd55e858d4cd53c33825d3",
  "language" : "dan",
  "type" : "DEFAULT",
  "lastUpdatedDate" : "2022-04-01T02:30:20.016-06:00",
  "links" : [ {
    "rel" : "details",
    "href" : "https://titanapi.churchofjesuschrist.org/assetsearch/api/v2/collection/details/collectionID/93e1c8f8214e42f8a0cd55e858d4cd53c33825d3"
  } ],
  "coverImages" : [ {
    "asset" : {
      "assetID" : "320a57b5a867912dc89bc2330eee1e53ebf138d8"
    }
  } ],
  "related" : [ ],
  "metadata" : [ {
    "key" : "collectionUri",
    "value" : "basic-beliefs-in-60-seconds",
    "language" : "dan"
  }, {
    "key" : "orderIndex",
    "value" : "2"
  } ],
  "children" : [ ],
  "assets" : [ {
    "asset" : {
      "assetID" : "cfa267c611db0f40455bdf1df1e82046a021ab0c"
    },
    "index" : 1,
    "addedDate" : 1648847570090,
    "metadata" : [ ]
  } ],
  "fileName" : "93e1c8f8214e42f8a0cd55e858d4cd53c33825d3.json",
  "name" : "Basic Beliefs in 60 Seconds"
}