{
  "parentCollectionID" : "2cb7c658e70e4cd3babdc088e31dedd3",
  "parentCollectionPath" : "Mobile Media Library/Spanish - Video/Broadcasts/Friend to Friend",
  "collectionType" : "assets",
  "path" : "Mobile Media Library/Spanish - Video/Broadcasts/Friend to Friend/Friend to Friend 2023",
  "collectionID" : "9482264856114e539d4387d33126029b",
  "language" : "spa",
  "type" : "DEFAULT",
  "lastUpdatedDate" : "2023-09-29T10:04:38.858-06:00",
  "links" : [ {
    "rel" : "details",
    "href" : "https://titanapi.churchofjesuschrist.org/assetsearch/api/v2/collection/details/collectionID/9482264856114e539d4387d33126029b"
  } ],
  "coverImages" : [ {
    "asset" : {
      "assetID" : "6e703c4b9da411edb964eeeeac1e3ee4fc162128"
    }
  } ],
  "related" : [ ],
  "metadata" : [ {
    "key" : "orderIndex",
    "value" : "3"
  }, {
    "key" : "collectionUri",
    "value" : "friend-to-friend-2023-broadcasts",
    "language" : "spa"
  }, {
    "key" : "publicTitle",
    "value" : "De amigo a amigo",
    "language" : "eng"
  }, {
    "key" : "publicTitle",
    "value" : "De amigo a amigo 2023",
    "language" : "spa"
  } ],
  "children" : [ ],
  "assets" : [ {
    "asset" : {
      "assetID" : "9ccd81125a3a11ed87c8eeeeac1ea86643cd926a"
    },
    "index" : 0,
    "addedDate" : 1684870742676,
    "metadata" : [ ]
  }, {
    "asset" : {
      "assetID" : "7b1fea22490411ee93eceeeeac1eff1208c4c422"
    },
    "index" : 1,
    "addedDate" : 1696002508085,
    "metadata" : [ ]
  } ],
  "fileName" : "9482264856114e539d4387d33126029b.json",
  "name" : "Friend to Friend 2023",
  "publicTitle" : "De amigo a amigo"
}