{
  "parentCollectionID" : "54fba2ff56e94b93ab115c5d0beecc9e539f0288",
  "parentCollectionPath" : "Mobile Media Library/Japanese - Video/Teaching and Lessons/Come, Follow Me/Come, Follow Me: New Testament Learning and Teaching Resources",
  "collectionType" : "collections",
  "path" : "Mobile Media Library/Japanese - Video/Teaching and Lessons/Come, Follow Me/Come, Follow Me: New Testament Learning and Teaching Resources/Dec. 9-15: Revelation 1-11",
  "collectionID" : "9495571079d641f79f586de12fa86feddee9980e",
  "language" : "jpn",
  "type" : "DEFAULT",
  "lastUpdatedDate" : "2022-04-01T01:46:45.506-06:00",
  "links" : [ {
    "rel" : "details",
    "href" : "https://titanapi.churchofjesuschrist.org/assetsearch/api/v2/collection/details/collectionID/9495571079d641f79f586de12fa86feddee9980e"
  } ],
  "coverImages" : [ {
    "asset" : {
      "assetID" : "27b06314e516a8d5c4a7249ea7f5213a10c78014"
    }
  } ],
  "related" : [ ],
  "metadata" : [ {
    "key" : "collectionUri",
    "value" : "Dec-9-15-Revelation-1-11",
    "language" : "jpn"
  }, {
    "key" : "orderIndex",
    "value" : "48"
  } ],
  "children" : [ ],
  "assets" : [ ],
  "fileName" : "9495571079d641f79f586de12fa86feddee9980e.json",
  "name" : "Dec. 9-15: Revelation 1-11"
}