{
  "parentCollectionID" : "152fa6f198d84b32bb28942a74f534c0",
  "parentCollectionPath" : "Mobile Media Library/English - Video/Videos with Audio Description/The Book of Mormon - Audio Description",
  "collectionType" : "assets",
  "path" : "Mobile Media Library/English - Video/Videos with Audio Description/The Book of Mormon - Audio Description/Moroni 8",
  "collectionID" : "94d538419df84d5e91c572356adc9459",
  "language" : "eng",
  "type" : "DEFAULT",
  "lastUpdatedDate" : "2024-12-30T11:21:06.668-07:00",
  "links" : [ {
    "rel" : "details",
    "href" : "https://titanapi.churchofjesuschrist.org/assetsearch/api/v2/collection/details/collectionID/94d538419df84d5e91c572356adc9459"
  } ],
  "coverImages" : [ {
    "asset" : {
      "assetID" : "6259a2dc138dccf17791182de2512d524c1246e7"
    }
  } ],
  "related" : [ ],
  "metadata" : [ {
    "key" : "channel",
    "value" : "mobile",
    "language" : "eng"
  }, {
    "key" : "collectionUri",
    "value" : "bom-videos-with-audio-description-moroni-8",
    "language" : "eng"
  }, {
    "key" : "publicTitle",
    "value" : "Moroni 8",
    "language" : "eng"
  }, {
    "key" : "orderIndex",
    "value" : "45"
  } ],
  "children" : [ ],
  "assets" : [ {
    "asset" : {
      "assetID" : "p6qcgos5thdcz4szo3bm3qkfkf1oybbvihael0u8"
    },
    "index" : 0,
    "addedDate" : 1735587294024,
    "metadata" : [ ]
  } ],
  "fileName" : "94d538419df84d5e91c572356adc9459.json",
  "name" : "Moroni 8",
  "publicTitle" : "Moroni 8"
}