{
  "parentCollectionID" : "b162c02d0a8041eaad40be70e07acc719c07a4d8",
  "parentCollectionPath" : "Mobile Media Library/Ukrainian - Video/Teaching and Lessons/Come, Follow Me/Come, Follow Me: New Testament Learning and Teaching Resources",
  "collectionType" : "collections",
  "path" : "Mobile Media Library/Ukrainian - Video/Teaching and Lessons/Come, Follow Me/Come, Follow Me: New Testament Learning and Teaching Resources/Apr. 15-21: Easter",
  "collectionID" : "955c1ca219a84518a2b2fc2fdc0002155ca4e4bd",
  "language" : "ukr",
  "type" : "DEFAULT",
  "lastUpdatedDate" : "2022-04-18T01:12:35.553-06:00",
  "links" : [ {
    "rel" : "details",
    "href" : "https://titanapi.churchofjesuschrist.org/assetsearch/api/v2/collection/details/collectionID/955c1ca219a84518a2b2fc2fdc0002155ca4e4bd"
  } ],
  "coverImages" : [ {
    "asset" : {
      "assetID" : "bda36388333c85eedb166e86304c8b80e9070c1b"
    }
  } ],
  "related" : [ ],
  "metadata" : [ {
    "key" : "collectionUri",
    "value" : "apr-15-21-easter",
    "language" : "ukr"
  }, {
    "key" : "orderIndex",
    "value" : "15"
  } ],
  "children" : [ ],
  "assets" : [ ],
  "fileName" : "955c1ca219a84518a2b2fc2fdc0002155ca4e4bd.json",
  "name" : "Apr. 15-21: Easter"
}