{
  "parentCollectionID" : "9211c53a7b7f4fb48cbe757ff16f6e90",
  "parentCollectionPath" : "Mobile Media Library/Portuguese - Images/Come, Follow Me: Learning and Teaching Resources/2024 Book of Mormon Image Resources",
  "collectionType" : "assets",
  "path" : "Mobile Media Library/Portuguese - Images/Come, Follow Me: Learning and Teaching Resources/2024 Book of Mormon Image Resources/February",
  "collectionID" : "95770503a0e349dc87f2a6c2bce3e932",
  "language" : "por",
  "type" : "DEFAULT",
  "lastUpdatedDate" : "2023-11-10T12:34:59.133-07:00",
  "links" : [ {
    "rel" : "details",
    "href" : "https://titanapi.churchofjesuschrist.org/assetsearch/api/v2/collection/details/collectionID/95770503a0e349dc87f2a6c2bce3e932"
  } ],
  "coverImages" : [ {
    "asset" : {
      "assetID" : "b0a817233e09ec240cf77ceff23707cab6e38a76"
    }
  } ],
  "related" : [ ],
  "metadata" : [ {
    "key" : "collectionUri",
    "value" : "2024-book-of-mormon-image-resources-february",
    "language" : "por"
  }, {
    "key" : "publicTitle",
    "value" : "Fevereiro",
    "language" : "por"
  }, {
    "key" : "orderIndex",
    "value" : "3"
  } ],
  "children" : [ ],
  "assets" : [ {
    "asset" : {
      "assetID" : "d0a9d631fbe6da8c3aea77005a1b6d5f7b61423e"
    },
    "addedDate" : 1699645426050,
    "metadata" : [ ]
  }, {
    "asset" : {
      "assetID" : "bb930f5f6fdf11ecb00ceeeeac1e3d6473236a9d"
    },
    "addedDate" : 1699645426056,
    "metadata" : [ ]
  }, {
    "asset" : {
      "assetID" : "ee18f6787e4111ec9f75eeeeac1ef3f08147b07e"
    },
    "addedDate" : 1699645426053,
    "metadata" : [ ]
  } ],
  "fileName" : "95770503a0e349dc87f2a6c2bce3e932.json",
  "name" : "February",
  "publicTitle" : "Fevereiro"
}