{
  "parentCollectionID" : "80660001c1f441ebbd77b4e0511f50aa79ec3f1f",
  "parentCollectionPath" : "Mobile Media Library/Tongan - Video/Topics",
  "collectionType" : "assets",
  "path" : "Mobile Media Library/Tongan - Video/Topics/Virtue",
  "collectionID" : "96158ec660444b5aae63f1d2a77339d7135a62b0",
  "language" : "ton",
  "type" : "DEFAULT",
  "lastUpdatedDate" : "2023-06-09T16:17:02.755-06:00",
  "links" : [ {
    "rel" : "details",
    "href" : "https://titanapi.churchofjesuschrist.org/assetsearch/api/v2/collection/details/collectionID/96158ec660444b5aae63f1d2a77339d7135a62b0"
  } ],
  "coverImages" : [ {
    "asset" : {
      "assetID" : "063bdfc369c15a1065dcc99060da9aa38c56fc9d"
    }
  } ],
  "related" : [ ],
  "metadata" : [ {
    "key" : "orderIndex",
    "value" : "35"
  }, {
    "key" : "collectionUri",
    "value" : "virtue-topic",
    "language" : "ton"
  }, {
    "key" : "publicTitle",
    "value" : "Angamaʻá",
    "language" : "ton"
  } ],
  "children" : [ ],
  "assets" : [ {
    "asset" : {
      "assetID" : "fbd43c1835de1fc38f71032a028bdfe7d6d66508"
    },
    "index" : 0,
    "addedDate" : 1650265216903,
    "metadata" : [ ]
  }, {
    "asset" : {
      "assetID" : "9bd5cc9e444f0f1d94c08ee8cf5a897a3148c465"
    },
    "index" : 1,
    "addedDate" : 1650265216903,
    "metadata" : [ ]
  } ],
  "fileName" : "96158ec660444b5aae63f1d2a77339d7135a62b0.json",
  "name" : "Virtue",
  "publicTitle" : "Angamaʻá"
}