{
  "parentCollectionID" : "e60f922e58584686ad44d42a17a6dd66",
  "parentCollectionPath" : "Mobile Media Library/English - Video/People/Latter-day General Authorities and Officers",
  "collectionType" : "assets",
  "path" : "Mobile Media Library/English - Video/People/Latter-day General Authorities and Officers/Whitney L. Clayton",
  "collectionID" : "96906beefb8dc6a41f4573d8a525ea8525dedf85",
  "language" : "eng",
  "type" : "DEFAULT",
  "lastUpdatedDate" : "2019-10-28T16:40:50.643-06:00",
  "links" : [ {
    "rel" : "details",
    "href" : "https://titanapi.churchofjesuschrist.org/assetsearch/api/v2/collection/details/collectionID/96906beefb8dc6a41f4573d8a525ea8525dedf85"
  } ],
  "coverImages" : [ {
    "asset" : {
      "assetID" : "bb1fccadcb68d435440a1cd6b048fbf18b54db4e"
    }
  } ],
  "related" : [ ],
  "metadata" : [ {
    "key" : "collectionUri",
    "value" : "whitney-l-clayton",
    "language" : "eng"
  }, {
    "key" : "publicTitle",
    "value" : "Whitney L. Clayton",
    "language" : "eng"
  } ],
  "children" : [ ],
  "assets" : [ {
    "asset" : {
      "assetID" : "906967d6a7a88541c1ea73aa830f5132e758b836"
    },
    "addedDate" : 1540328636625,
    "metadata" : [ ]
  }, {
    "asset" : {
      "assetID" : "2015-12-0010-elder-l-whitney-clayton-eng"
    },
    "index" : 1,
    "addedDate" : 1651017948528,
    "metadata" : [ ]
  } ],
  "fileName" : "96906beefb8dc6a41f4573d8a525ea8525dedf85.json",
  "name" : "Whitney L. Clayton",
  "publicTitle" : "Whitney L. Clayton"
}