{
  "parentCollectionID" : "e96ddc43dde94993ae2d2bafd414caa1",
  "parentCollectionPath" : "Mobile Media Library/French - Images/Everyday People/Portraits of Faith",
  "collectionType" : "assets",
  "path" : "Mobile Media Library/French - Images/Everyday People/Portraits of Faith/Josephine Scere",
  "collectionID" : "96a3bbda7e1f4a519e96572f2ab20088",
  "language" : "fra",
  "type" : "DEFAULT",
  "lastUpdatedDate" : "2023-09-01T13:33:37.675-06:00",
  "links" : [ {
    "rel" : "details",
    "href" : "https://titanapi.churchofjesuschrist.org/assetsearch/api/v2/collection/details/collectionID/96a3bbda7e1f4a519e96572f2ab20088"
  } ],
  "coverImages" : [ {
    "asset" : {
      "assetID" : "98cbf8d4a7602338e094b15fe2a5355c8e41a2bd"
    }
  } ],
  "related" : [ ],
  "metadata" : [ {
    "key" : "collectionUri",
    "value" : "josephine-scere-images",
    "language" : "fra"
  }, {
    "key" : "publicTitle",
    "value" : "Josephine Scere",
    "language" : "fra"
  }, {
    "key" : "orderIndex",
    "value" : "14"
  } ],
  "children" : [ ],
  "assets" : [ {
    "asset" : {
      "assetID" : "578b31978110097ed91c43cb6e0ed91d00f3cf9d"
    },
    "addedDate" : 1693597902676,
    "metadata" : [ ]
  }, {
    "asset" : {
      "assetID" : "e7ca1f8775a18f60ae73e628e42f50fa33e94694"
    },
    "addedDate" : 1693597902676,
    "metadata" : [ ]
  }, {
    "asset" : {
      "assetID" : "17943bcc4e32c846c9bb759fda757f574d7010fe"
    },
    "addedDate" : 1693597902680,
    "metadata" : [ ]
  }, {
    "asset" : {
      "assetID" : "2c27d4baec9091c4088b59557150f434280c099e"
    },
    "addedDate" : 1693597902686,
    "metadata" : [ ]
  }, {
    "asset" : {
      "assetID" : "9213a7f6b2d7052468aa971669560e3bfdc7f9e2"
    },
    "addedDate" : 1693597902690,
    "metadata" : [ ]
  }, {
    "asset" : {
      "assetID" : "98cbf8d4a7602338e094b15fe2a5355c8e41a2bd"
    },
    "addedDate" : 1693597902670,
    "metadata" : [ ]
  } ],
  "fileName" : "96a3bbda7e1f4a519e96572f2ab20088.json",
  "name" : "Josephine Scere",
  "publicTitle" : "Josephine Scere"
}