{
  "parentCollectionID" : "7dcef444e180851b96f8f79d6392f8963ec6952b",
  "parentCollectionPath" : "Mobile Media Library/English - Video/Broadcasts/General Conference",
  "collectionType" : "assets",
  "path" : "Mobile Media Library/English - Video/Broadcasts/General Conference/October 2012",
  "collectionID" : "96ad4dacc7df4b579b75a624f305a825",
  "language" : "eng",
  "type" : "DEFAULT",
  "lastUpdatedDate" : "2023-10-16T18:05:10.840-06:00",
  "links" : [ {
    "rel" : "details",
    "href" : "https://titanapi.churchofjesuschrist.org/assetsearch/api/v2/collection/details/collectionID/96ad4dacc7df4b579b75a624f305a825"
  } ],
  "coverImages" : [ {
    "asset" : {
      "assetID" : "836cfb04121748b07ae1e1d0289ded17bbc1c0cd"
    }
  } ],
  "related" : [ ],
  "metadata" : [ {
    "key" : "orderIndex",
    "value" : "24"
  }, {
    "key" : "collectionUri",
    "value" : "october-2012-general-conference",
    "language" : "eng"
  }, {
    "key" : "publicTitle",
    "value" : "October 2012",
    "language" : "eng"
  } ],
  "children" : [ ],
  "assets" : [ {
    "asset" : {
      "assetID" : "0291479c2b244fe45ef3f3354b41aa613178c06b"
    },
    "addedDate" : 1697500976496,
    "metadata" : [ ]
  }, {
    "asset" : {
      "assetID" : "0ed6a9e36dec0befd4ff5ead61f649997e6c8603"
    },
    "addedDate" : 1697500967473,
    "metadata" : [ ]
  }, {
    "asset" : {
      "assetID" : "2012-10-1011-lord-i-would-follow-thee-eng"
    },
    "addedDate" : 1697500967480,
    "metadata" : [ ]
  }, {
    "asset" : {
      "assetID" : "2c969a47a8372071e6c3dde5f76f4a9a46aa270f"
    },
    "addedDate" : 1697501086673,
    "metadata" : [ ]
  }, {
    "asset" : {
      "assetID" : "3768ba9698ffa3fc6dc066a6c45486a6086342c0"
    },
    "addedDate" : 1697501086680,
    "metadata" : [ ]
  }, {
    "asset" : {
      "assetID" : "5be39fa49a91e914297d9126504312a165bd738b"
    },
    "addedDate" : 1697501086693,
    "metadata" : [ ]
  }, {
    "asset" : {
      "assetID" : "65843a1d4ab2b9efdc69fe518fe2289a469a6300"
    },
    "addedDate" : 1697500976503,
    "metadata" : [ ]
  }, {
    "asset" : {
      "assetID" : "a9cb2542a7767365b5c015afc9065102549e7c05"
    },
    "addedDate" : 1697501075450,
    "metadata" : [ ]
  }, {
    "asset" : {
      "assetID" : "1da7d39a8b0e2d1ed83b99d6db9ab68d43f31581"
    },
    "addedDate" : 1697500967493,
    "metadata" : [ ]
  }, {
    "asset" : {
      "assetID" : "b6e32e92eb135f4c55edf4dc6a1729fbec4c40c5"
    },
    "addedDate" : 1697501003213,
    "metadata" : [ ]
  }, {
    "asset" : {
      "assetID" : "f19bf0a50f080b5bbd3af3c5ea742b8910aa3e3e"
    },
    "addedDate" : 1697500976493,
    "metadata" : [ ]
  }, {
    "asset" : {
      "assetID" : "f2aab93b5c8368a2acfb7ef694d6b8d71f0ea25e"
    },
    "addedDate" : 1697501075476,
    "metadata" : [ ]
  }, {
    "asset" : {
      "assetID" : "c38b7c555f5c0e6d48a9b58b1c6d23600e93056a"
    },
    "addedDate" : 1697500967480,
    "metadata" : [ ]
  }, {
    "asset" : {
      "assetID" : "79ac42a89c6e59a3c0584b51cde5a0c9f1a33689"
    },
    "addedDate" : 1697501086686,
    "metadata" : [ ]
  }, {
    "asset" : {
      "assetID" : "ef292524e80925ce88f5c61152678b144e880fab"
    },
    "addedDate" : 1697500976500,
    "metadata" : [ ]
  }, {
    "asset" : {
      "assetID" : "2012-10-4002-the-morning-breaks-eng"
    },
    "addedDate" : 1697501075473,
    "metadata" : [ ]
  }, {
    "asset" : {
      "assetID" : "0e59b2844c7b4ec146407501759478fbb10a259d"
    },
    "addedDate" : 1697501075463,
    "metadata" : [ ]
  }, {
    "asset" : {
      "assetID" : "2012-10-4031-called-to-serve-eng"
    },
    "addedDate" : 1697501075460,
    "metadata" : [ ]
  }, {
    "asset" : {
      "assetID" : "2012-10-4051-if-the-savior-stood-beside-me-eng"
    },
    "addedDate" : 1697501075456,
    "metadata" : [ ]
  }, {
    "asset" : {
      "assetID" : "e133d97f21bb5f8aa9293861ae1562bd5692a693"
    },
    "addedDate" : 1697501075453,
    "metadata" : [ ]
  }, {
    "asset" : {
      "assetID" : "fdba9edc232823bc64d9374be2e31bdd7fa15363"
    },
    "addedDate" : 1697501086690,
    "metadata" : [ ]
  }, {
    "asset" : {
      "assetID" : "bbc464278f642fdd9c18d7a09f27a1d192edd83c"
    },
    "addedDate" : 1697501086686,
    "metadata" : [ ]
  }, {
    "asset" : {
      "assetID" : "711c42a52495b9e70c9ce8de4f5dfde8419d3751"
    },
    "addedDate" : 1697501086683,
    "metadata" : [ ]
  }, {
    "asset" : {
      "assetID" : "2012-10-5081-god-be-with-you-till-we-meet-again-eng"
    },
    "addedDate" : 1697501086676,
    "metadata" : [ ]
  }, {
    "asset" : {
      "assetID" : "458912eddaff616ca00e565e00f6c0b0c0f9ef0c"
    },
    "addedDate" : 1697500992770,
    "metadata" : [ ]
  }, {
    "asset" : {
      "assetID" : "a956498ed3888fc1023b8a0347241569f71b0a0c"
    },
    "addedDate" : 1697500992770,
    "metadata" : [ ]
  }, {
    "asset" : {
      "assetID" : "6432c9986211a3fcaecc48faeebef15592031122"
    },
    "addedDate" : 1697500992770,
    "metadata" : [ ]
  }, {
    "asset" : {
      "assetID" : "96e2edeb0490ec623b0b957652173b7fdb718196"
    },
    "addedDate" : 1697500992760,
    "metadata" : [ ]
  }, {
    "asset" : {
      "assetID" : "f85b71369f236aec40cab209a8ef89d92261af3e"
    },
    "addedDate" : 1697500992776,
    "metadata" : [ ]
  }, {
    "asset" : {
      "assetID" : "0e717c259dfe8e356cb3146fa432714b7e5a9301"
    },
    "addedDate" : 1697500992773,
    "metadata" : [ ]
  }, {
    "asset" : {
      "assetID" : "b20c076cecb9a8775058cd68b692ea368aa6fe8b"
    },
    "addedDate" : 1697501086690,
    "metadata" : [ ]
  }, {
    "asset" : {
      "assetID" : "1091948e38aa4e899c5cd0d162d652d69e27c617"
    },
    "addedDate" : 1697501086670,
    "metadata" : [ ]
  }, {
    "asset" : {
      "assetID" : "fa30fd1937b547ec45becd49c9e8fcffabee7cb6"
    },
    "addedDate" : 1697501075450,
    "metadata" : [ ]
  }, {
    "asset" : {
      "assetID" : "ac7339715e53a89da3012b465665db593cad2793"
    },
    "addedDate" : 1697501086680,
    "metadata" : [ ]
  }, {
    "asset" : {
      "assetID" : "0c1c879d2741d97a3c2a6e3dc65b87b77f231907"
    },
    "addedDate" : 1697501075466,
    "metadata" : [ ]
  }, {
    "asset" : {
      "assetID" : "729dbee971b3a309dac1811bf6c16f30e7d81ca5"
    },
    "addedDate" : 1697501086683,
    "metadata" : [ ]
  }, {
    "asset" : {
      "assetID" : "ef4ff6f14f76b43061eaeffe738ac6d995ef1072"
    },
    "addedDate" : 1697501086690,
    "metadata" : [ ]
  }, {
    "asset" : {
      "assetID" : "b489ee1488db3550613117ef0b92039db2b527b4"
    },
    "addedDate" : 1697500967483,
    "metadata" : [ ]
  }, {
    "asset" : {
      "assetID" : "7483b3072ea77b450b19107b3a2e7dfd772e18c4"
    },
    "addedDate" : 1697500967483,
    "metadata" : [ ]
  }, {
    "asset" : {
      "assetID" : "6bf23c5e1d0555c4b8a8c00cc0e2be0c6a6d3c0c"
    },
    "addedDate" : 1697500976486,
    "metadata" : [ ]
  }, {
    "asset" : {
      "assetID" : "f5777e45e57c69bce4a39c37b142f652ced14bbe"
    },
    "addedDate" : 1697500967493,
    "metadata" : [ ]
  }, {
    "asset" : {
      "assetID" : "c71d8ce920a5c01f0320ffc9a8640a9ff5de690b"
    },
    "addedDate" : 1697500976493,
    "metadata" : [ ]
  }, {
    "asset" : {
      "assetID" : "734e6ed73ba305dd70265c965350bc7d4faeb91a"
    },
    "addedDate" : 1697500976500,
    "metadata" : [ ]
  }, {
    "asset" : {
      "assetID" : "728738358d226b7e42787b56aa608437e358dc36"
    },
    "addedDate" : 1697500976490,
    "metadata" : [ ]
  }, {
    "asset" : {
      "assetID" : "58792c22a3978f18de3177705f3b4842cb29d8e2"
    },
    "addedDate" : 1697500976490,
    "metadata" : [ ]
  }, {
    "asset" : {
      "assetID" : "c4d55f1df8f4a05bb6397e63f37bfa46bf475f5b"
    },
    "addedDate" : 1697500976503,
    "metadata" : [ ]
  }, {
    "asset" : {
      "assetID" : "be49c8092388f6e988cd1e21b3403b1c660b31be"
    },
    "addedDate" : 1697500976500,
    "metadata" : [ ]
  }, {
    "asset" : {
      "assetID" : "ea4afd4a5374dc99529ee99c09ddebb211e6dc67"
    },
    "addedDate" : 1697501003223,
    "metadata" : [ ]
  }, {
    "asset" : {
      "assetID" : "d49fada28edc8e617cfff1e91122616afd42322f"
    },
    "addedDate" : 1697501003216,
    "metadata" : [ ]
  }, {
    "asset" : {
      "assetID" : "f8bfa4b4762fba5067882e56703ceec9c5f89467"
    },
    "addedDate" : 1697501003220,
    "metadata" : [ ]
  }, {
    "asset" : {
      "assetID" : "3caf64c474c1cd2c40bf22f945309b7d4e4a31de"
    },
    "addedDate" : 1697501003220,
    "metadata" : [ ]
  }, {
    "asset" : {
      "assetID" : "fa76f1ca98d300002ff8dbf0d28de58ec7f2754e"
    },
    "addedDate" : 1697501003216,
    "metadata" : [ ]
  }, {
    "asset" : {
      "assetID" : "1991caf4443c3e6c16e3819bca2d00cbb5ea4888"
    },
    "addedDate" : 1697501075470,
    "metadata" : [ ]
  }, {
    "asset" : {
      "assetID" : "ff01c0e9cb66270b52dc048410bab5823c6e1512"
    },
    "addedDate" : 1697501003213,
    "metadata" : [ ]
  }, {
    "asset" : {
      "assetID" : "eb05ffc28ab00fe9babd828d591d63e7944c99b2"
    },
    "addedDate" : 1697501075463,
    "metadata" : [ ]
  }, {
    "asset" : {
      "assetID" : "c8bc4f27c8804b1775cd21b1178d793b36333922"
    },
    "addedDate" : 1697501003220,
    "metadata" : [ ]
  }, {
    "asset" : {
      "assetID" : "2dcbf16876dc387abb6b985d8c2ceda646eb9e84"
    },
    "addedDate" : 1697501003210,
    "metadata" : [ ]
  }, {
    "asset" : {
      "assetID" : "d624c7158c9d3bb1e60d47200256cedf31f56ec3"
    },
    "addedDate" : 1697501075470,
    "metadata" : [ ]
  }, {
    "asset" : {
      "assetID" : "3d4822756b07741955bc433ea8ce66d0dcc5d179"
    },
    "addedDate" : 1697500992766,
    "metadata" : [ ]
  }, {
    "asset" : {
      "assetID" : "c769fc30da30644bd9c8b0114e7c58f260038bbf"
    },
    "addedDate" : 1697500992763,
    "metadata" : [ ]
  }, {
    "asset" : {
      "assetID" : "a08769a0cc909b83724e0609baba3793646961bd"
    },
    "addedDate" : 1697500967496,
    "metadata" : [ ]
  }, {
    "asset" : {
      "assetID" : "d22d76edfd6632dd5bc75f48ea2af7d45e33fbf1"
    },
    "addedDate" : 1697500967486,
    "metadata" : [ ]
  }, {
    "asset" : {
      "assetID" : "0c4c27b8161b9c8b20eff8cd0b78988bd1250b25"
    },
    "addedDate" : 1697500967476,
    "metadata" : [ ]
  }, {
    "asset" : {
      "assetID" : "dd3f3fba06ae22bf96afe5922448953029574c05"
    },
    "addedDate" : 1697500967486,
    "metadata" : [ ]
  }, {
    "asset" : {
      "assetID" : "3db25828b3fc68a00e70cb031d15362d6a1ea004"
    },
    "addedDate" : 1697500967490,
    "metadata" : [ ]
  } ],
  "fileName" : "96ad4dacc7df4b579b75a624f305a825.json",
  "name" : "October 2012",
  "publicTitle" : "October 2012"
}