{
  "parentCollectionID" : "341a6bd766a9425ba3daa7aa7cb1f8432f25387a",
  "parentCollectionPath" : "Mobile Media Library/Thai - Video/Teaching and Lessons",
  "collectionType" : "collections",
  "path" : "Mobile Media Library/Thai - Video/Teaching and Lessons/Come, Follow Me",
  "collectionID" : "96c6e944ed1a41f2b12e96d3b653ed2246768e18",
  "language" : "tha",
  "type" : "DEFAULT",
  "lastUpdatedDate" : "2022-10-31T07:45:46.175-06:00",
  "links" : [ {
    "rel" : "details",
    "href" : "https://titanapi.churchofjesuschrist.org/assetsearch/api/v2/collection/details/collectionID/96c6e944ed1a41f2b12e96d3b653ed2246768e18"
  } ],
  "coverImages" : [ {
    "asset" : {
      "assetID" : "8642f92427c1d6a0b43c1b995d3dac88ccb76f8d"
    }
  } ],
  "related" : [ ],
  "metadata" : [ {
    "key" : "orderIndex",
    "value" : "4"
  }, {
    "key" : "collectionUri",
    "value" : "come-follow-me",
    "language" : "tha"
  }, {
    "key" : "publicTitle",
    "value" : "จงตามเรามา",
    "language" : "tha"
  } ],
  "children" : [ {
    "path" : "Mobile Media Library/Thai - Video/Teaching and Lessons/Come, Follow Me/Come, Follow Me: About",
    "collectionID" : "6e11f31c392c49c3af70547c5dd0bca5186e218d",
    "type" : "DEFAULT",
    "lastUpdatedDate" : "2022-04-18T00:50:08.796-06:00",
    "links" : [ {
      "rel" : "details",
      "href" : "https://titanapi.churchofjesuschrist.org/assetsearch/api/v2/collection/details/collectionID/6e11f31c392c49c3af70547c5dd0bca5186e218d"
    } ],
    "fileName" : "6e11f31c392c49c3af70547c5dd0bca5186e218d.json"
  }, {
    "path" : "Mobile Media Library/Thai - Video/Teaching and Lessons/Come, Follow Me/2024 Teacher and Leader Training",
    "collectionID" : "896a11bbc1284d048de7f23366b20fbc",
    "type" : "DEFAULT",
    "lastUpdatedDate" : "2023-12-04T15:33:11.873-07:00",
    "links" : [ {
      "rel" : "details",
      "href" : "https://titanapi.churchofjesuschrist.org/assetsearch/api/v2/collection/details/collectionID/896a11bbc1284d048de7f23366b20fbc"
    } ],
    "fileName" : "896a11bbc1284d048de7f23366b20fbc.json"
  }, {
    "path" : "Mobile Media Library/Thai - Video/Teaching and Lessons/Come, Follow Me/Come, Follow Me: For Aaronic Priesthood Quorums and Young Women",
    "collectionID" : "839d043e02694c19b52444402960ae12788ff656",
    "type" : "DEFAULT",
    "lastUpdatedDate" : "2022-10-31T07:46:13.450-06:00",
    "links" : [ {
      "rel" : "details",
      "href" : "https://titanapi.churchofjesuschrist.org/assetsearch/api/v2/collection/details/collectionID/839d043e02694c19b52444402960ae12788ff656"
    } ],
    "fileName" : "839d043e02694c19b52444402960ae12788ff656.json"
  }, {
    "path" : "Mobile Media Library/Thai - Video/Teaching and Lessons/Come, Follow Me/Come, Follow Me: New Testament Learning and Teaching Resources",
    "collectionID" : "dc9b952342934f3db9872fed261a759bfed9b721",
    "type" : "DEFAULT",
    "lastUpdatedDate" : "2022-04-18T00:50:08.796-06:00",
    "links" : [ {
      "rel" : "details",
      "href" : "https://titanapi.churchofjesuschrist.org/assetsearch/api/v2/collection/details/collectionID/dc9b952342934f3db9872fed261a759bfed9b721"
    } ],
    "fileName" : "dc9b952342934f3db9872fed261a759bfed9b721.json"
  } ],
  "assets" : [ ],
  "fileName" : "96c6e944ed1a41f2b12e96d3b653ed2246768e18.json",
  "name" : "Come, Follow Me",
  "publicTitle" : "จงตามเรามา"
}