{
  "parentCollectionID" : "56aabbc333b5484f80cb128be83a77111a71473f",
  "parentCollectionPath" : "Mobile Media Library/Mandarin Traditional - Images",
  "collectionType" : "collections",
  "path" : "Mobile Media Library/Mandarin Traditional - Images/Everyday People",
  "collectionID" : "96cbb8ddafb647f5b1211375c549222b",
  "language" : "zho",
  "type" : "DEFAULT",
  "lastUpdatedDate" : "2024-09-17T15:15:24.454-06:00",
  "links" : [ {
    "rel" : "details",
    "href" : "https://titanapi.churchofjesuschrist.org/assetsearch/api/v2/collection/details/collectionID/96cbb8ddafb647f5b1211375c549222b"
  } ],
  "coverImages" : [ {
    "asset" : {
      "assetID" : "75f323e8fc1e53dfcf7c8dc84fea46e2bb3ab8c3"
    }
  } ],
  "related" : [ ],
  "metadata" : [ {
    "key" : "collectionUri",
    "value" : "everyday-people-images"
  }, {
    "key" : "publicTitle",
    "value" : "日常人物"
  }, {
    "key" : "orderIndex",
    "value" : "5"
  } ],
  "children" : [ {
    "path" : "Mobile Media Library/Mandarin Traditional - Images/Everyday People/Portraits of Faith",
    "collectionID" : "3b7a42dbb3ae4426bbd030fc8938f698",
    "type" : "DEFAULT",
    "lastUpdatedDate" : "2024-09-17T15:15:54.026-06:00",
    "links" : [ {
      "rel" : "details",
      "href" : "https://titanapi.churchofjesuschrist.org/assetsearch/api/v2/collection/details/collectionID/3b7a42dbb3ae4426bbd030fc8938f698"
    } ],
    "fileName" : "3b7a42dbb3ae4426bbd030fc8938f698.json"
  } ],
  "assets" : [ ],
  "fileName" : "96cbb8ddafb647f5b1211375c549222b.json",
  "name" : "Everyday People",
  "publicTitle" : "日常人物"
}