{
  "parentCollectionID" : "d6efbe45c2c14949970bbef5f15453090ef9799c",
  "parentCollectionPath" : "Mobile Media Library/Korean - Video/Topics",
  "collectionType" : "assets",
  "path" : "Mobile Media Library/Korean - Video/Topics/Marriage and Family",
  "collectionID" : "974b9458236a43d4944e2ea5ea34c1ea6d6c7c72",
  "language" : "kor",
  "type" : "DEFAULT",
  "lastUpdatedDate" : "2023-06-08T17:10:12.805-06:00",
  "links" : [ {
    "rel" : "details",
    "href" : "https://titanapi.churchofjesuschrist.org/assetsearch/api/v2/collection/details/collectionID/974b9458236a43d4944e2ea5ea34c1ea6d6c7c72"
  } ],
  "coverImages" : [ {
    "asset" : {
      "assetID" : "36bea372c8f159a2ed353ff1116207ae624e9a56"
    }
  } ],
  "related" : [ ],
  "metadata" : [ {
    "key" : "orderIndex",
    "value" : "21"
  }, {
    "key" : "collectionUri",
    "value" : "marriage-and-family-topic",
    "language" : "kor"
  }, {
    "key" : "publicTitle",
    "value" : "결혼과 가족",
    "language" : "kor"
  } ],
  "children" : [ ],
  "assets" : [ {
    "asset" : {
      "assetID" : "0c0cba1906c4ff2f32572d7640acb67f1b8e3019"
    },
    "index" : 6,
    "addedDate" : 1648837590603,
    "metadata" : [ ]
  }, {
    "asset" : {
      "assetID" : "2de57554608b32506d765c87a0efc346dc2965fb"
    },
    "index" : 10,
    "addedDate" : 1648837590603,
    "metadata" : [ ]
  }, {
    "asset" : {
      "assetID" : "38363df8edb3b7fbd049fefe24cc13fd3ed8a14d"
    },
    "index" : 3,
    "addedDate" : 1648837590603,
    "metadata" : [ ]
  }, {
    "asset" : {
      "assetID" : "430e1887ebb2798db5e13584c51c7ed4431b84b1"
    },
    "index" : 1,
    "addedDate" : 1648837590603,
    "metadata" : [ ]
  }, {
    "asset" : {
      "assetID" : "2013-02-0250-bringing-up-children-in-light-and-truth-loving-gods-children-kor"
    },
    "index" : 2,
    "addedDate" : 1648837590603,
    "metadata" : [ ]
  }, {
    "asset" : {
      "assetID" : "57a1a504785ad9029efdd72cdd7cd20f8f57dd9a"
    },
    "index" : 9,
    "addedDate" : 1648837590603,
    "metadata" : [ ]
  }, {
    "asset" : {
      "assetID" : "9e60a84e4fbfd8c8cfc93a2dea0ec5f472fafc93"
    },
    "index" : 0,
    "addedDate" : 1648837590603,
    "metadata" : [ ]
  }, {
    "asset" : {
      "assetID" : "9ea5dee45dad073b5700e56e206b707100de2861"
    },
    "index" : 7,
    "addedDate" : 1648837590603,
    "metadata" : [ ]
  }, {
    "asset" : {
      "assetID" : "f32d26b46dc9eb072e46f64cf75a8150126c17e8"
    },
    "index" : 8,
    "addedDate" : 1648837590603,
    "metadata" : [ ]
  }, {
    "asset" : {
      "assetID" : "e3c5333d292646b60796e4f1c1d114fd4928a2f2"
    },
    "index" : 4,
    "addedDate" : 1648837590603,
    "metadata" : [ ]
  }, {
    "asset" : {
      "assetID" : "ba7eb929fefc8544ea6b49c64b259ca7d690c985"
    },
    "index" : 5,
    "addedDate" : 1648837590603,
    "metadata" : [ ]
  } ],
  "fileName" : "974b9458236a43d4944e2ea5ea34c1ea6d6c7c72.json",
  "name" : "Marriage and Family",
  "publicTitle" : "결혼과 가족"
}