{
  "parentCollectionID" : "891b4e840eb9486a869f2602c9711372",
  "parentCollectionPath" : "Mobile Media Library/French - Images/Come, Follow Me: Learning and Teaching Resources/2024 Book of Mormon Image Resources",
  "collectionType" : "assets",
  "path" : "Mobile Media Library/French - Images/Come, Follow Me: Learning and Teaching Resources/2024 Book of Mormon Image Resources/February",
  "collectionID" : "97ac18d47abe4500b9ec9b6b8dc2dbc0",
  "language" : "fra",
  "type" : "DEFAULT",
  "lastUpdatedDate" : "2023-11-10T13:04:41.734-07:00",
  "links" : [ {
    "rel" : "details",
    "href" : "https://titanapi.churchofjesuschrist.org/assetsearch/api/v2/collection/details/collectionID/97ac18d47abe4500b9ec9b6b8dc2dbc0"
  } ],
  "coverImages" : [ {
    "asset" : {
      "assetID" : "b0a817233e09ec240cf77ceff23707cab6e38a76"
    }
  } ],
  "related" : [ ],
  "metadata" : [ {
    "key" : "collectionUri",
    "value" : "2024-book-of-mormon-image-resources-february",
    "language" : "fra"
  }, {
    "key" : "publicTitle",
    "value" : "Février",
    "language" : "fra"
  }, {
    "key" : "orderIndex",
    "value" : "3"
  } ],
  "children" : [ ],
  "assets" : [ {
    "asset" : {
      "assetID" : "d0a9d631fbe6da8c3aea77005a1b6d5f7b61423e"
    },
    "addedDate" : 1699647125773,
    "metadata" : [ ]
  }, {
    "asset" : {
      "assetID" : "bb930f5f6fdf11ecb00ceeeeac1e3d6473236a9d"
    },
    "addedDate" : 1699647125783,
    "metadata" : [ ]
  }, {
    "asset" : {
      "assetID" : "ee18f6787e4111ec9f75eeeeac1ef3f08147b07e"
    },
    "addedDate" : 1699647125780,
    "metadata" : [ ]
  } ],
  "fileName" : "97ac18d47abe4500b9ec9b6b8dc2dbc0.json",
  "name" : "February",
  "publicTitle" : "Février"
}