{
  "parentCollectionID" : "056fb983c3134645ad22cd3c8b8021e08edeffaf",
  "parentCollectionPath" : "Mobile Media Library/Hungarian - Video/Life Help/Self-Reliance Services and PEF/Personal Finances",
  "collectionType" : "collections",
  "path" : "Mobile Media Library/Hungarian - Video/Life Help/Self-Reliance Services and PEF/Personal Finances/Chapter 1: Becoming a Wise and Faithful Steward",
  "collectionID" : "980f2486bb764bbf9d870e0b8fa166ec48575f70",
  "language" : "hun",
  "type" : "DEFAULT",
  "lastUpdatedDate" : "2022-07-21T21:09:10.105-06:00",
  "links" : [ {
    "rel" : "details",
    "href" : "https://titanapi.churchofjesuschrist.org/assetsearch/api/v2/collection/details/collectionID/980f2486bb764bbf9d870e0b8fa166ec48575f70"
  } ],
  "coverImages" : [ {
    "asset" : {
      "assetID" : "a7b4b98b41467a8c677d0c7e0d25ca035c128fec"
    }
  } ],
  "related" : [ ],
  "metadata" : [ {
    "key" : "collectionUri",
    "value" : "chapter-1-becoming-a-wise-and-faithful-steward",
    "language" : "hun"
  } ],
  "children" : [ ],
  "assets" : [ ],
  "fileName" : "980f2486bb764bbf9d870e0b8fa166ec48575f70.json",
  "name" : "Chapter 1: Becoming a Wise and Faithful Steward"
}