{
  "parentCollectionID" : "2a73a834f68146454eded7351f1c4b5a876593da",
  "parentCollectionPath" : "Mobile Media Library/English - Images/Temples",
  "collectionType" : "assets",
  "path" : "Mobile Media Library/English - Images/Temples/London England Temple",
  "collectionID" : "9821b590dda94d4fa347e06d47cc331e",
  "language" : "eng",
  "type" : "DEFAULT",
  "lastUpdatedDate" : "2019-12-23T18:37:08.574-07:00",
  "links" : [ {
    "rel" : "details",
    "href" : "https://titanapi.churchofjesuschrist.org/assetsearch/api/v2/collection/details/collectionID/9821b590dda94d4fa347e06d47cc331e"
  } ],
  "coverImages" : [ {
    "asset" : {
      "assetID" : "89c50b0edea7644a7afdd8bd38c75c156487a3ff"
    }
  } ],
  "related" : [ ],
  "metadata" : [ {
    "key" : "collectionUri",
    "value" : "london-england-temple-images",
    "language" : "eng"
  }, {
    "key" : "publicTitle",
    "value" : "London England Temple",
    "language" : "eng"
  } ],
  "children" : [ ],
  "assets" : [ {
    "asset" : {
      "assetID" : "37e3bd39b5f7a4e4af1f45d3d9b785d6e614c0fa"
    },
    "addedDate" : 1660951453135,
    "metadata" : [ ]
  }, {
    "asset" : {
      "assetID" : "321db60953f2e28ccb7b075be4752342e0d4524a"
    },
    "addedDate" : 1660951470395,
    "metadata" : [ ]
  }, {
    "asset" : {
      "assetID" : "a61c22b69663f8744d7b3122f6f98a05cf702f11"
    },
    "addedDate" : 1660951478391,
    "metadata" : [ ]
  }, {
    "asset" : {
      "assetID" : "7d32a7b016350f3c8a1dd1f304ea6696efb01935"
    },
    "addedDate" : 1577490032618,
    "metadata" : [ ]
  }, {
    "asset" : {
      "assetID" : "b4acd0095b627a0908a3aeb0b915672b1d5846ac"
    },
    "addedDate" : 1577490054016,
    "metadata" : [ ]
  }, {
    "asset" : {
      "assetID" : "3a576e7992d0ccd390d9019e33265ddad023f556"
    },
    "addedDate" : 1577489912151,
    "metadata" : [ ]
  }, {
    "asset" : {
      "assetID" : "07531e78508065a6c88cd79785705164fe74c1d1"
    },
    "addedDate" : 1577489922433,
    "metadata" : [ ]
  }, {
    "asset" : {
      "assetID" : "a94efdf226632de70033f1c14ddcf893e87f8f52"
    },
    "addedDate" : 1577489936079,
    "metadata" : [ ]
  }, {
    "asset" : {
      "assetID" : "89c50b0edea7644a7afdd8bd38c75c156487a3ff"
    },
    "addedDate" : 1577490021584,
    "metadata" : [ ]
  }, {
    "asset" : {
      "assetID" : "0e67cc2b47659f07d7d6061e2bc5262322d3e196"
    },
    "addedDate" : 1577489995573,
    "metadata" : [ ]
  }, {
    "asset" : {
      "assetID" : "a8043e8b9a2ec77df884c48f198204044ee34885"
    },
    "addedDate" : 1577490043280,
    "metadata" : [ ]
  } ],
  "fileName" : "9821b590dda94d4fa347e06d47cc331e.json",
  "name" : "London England Temple",
  "publicTitle" : "London England Temple"
}