{
  "parentCollectionID" : "26124813cd6c482cb06aea145707fc03",
  "parentCollectionPath" : "Mobile Media Library/Spanish - Images/Everyday People/Portraits of Faith",
  "collectionType" : "assets",
  "path" : "Mobile Media Library/Spanish - Images/Everyday People/Portraits of Faith/Skaidrīte Bokuma",
  "collectionID" : "984257768fb64337b3157a347221e430",
  "language" : "spa",
  "type" : "DEFAULT",
  "lastUpdatedDate" : "2023-09-04T22:04:46.572-06:00",
  "links" : [ {
    "rel" : "details",
    "href" : "https://titanapi.churchofjesuschrist.org/assetsearch/api/v2/collection/details/collectionID/984257768fb64337b3157a347221e430"
  } ],
  "coverImages" : [ {
    "asset" : {
      "assetID" : "83e85ece7fd892479852289c8f56a841d01e6177"
    }
  } ],
  "related" : [ ],
  "metadata" : [ {
    "key" : "orderIndex",
    "value" : "25"
  }, {
    "key" : "collectionUri",
    "value" : "skaidrite-bokuma-images",
    "language" : "spa"
  }, {
    "key" : "publicTitle",
    "value" : "Skaidrīte Bokuma",
    "language" : "spa"
  } ],
  "children" : [ ],
  "assets" : [ {
    "asset" : {
      "assetID" : "2a2b4a3a14803a9f6204159a30fe909b1301f186"
    },
    "addedDate" : 1693888099876,
    "metadata" : [ ]
  }, {
    "asset" : {
      "assetID" : "45d9a2ab78ce7525aab831a14edc709fb443c3dd"
    },
    "addedDate" : 1693888099873,
    "metadata" : [ ]
  }, {
    "asset" : {
      "assetID" : "83e85ece7fd892479852289c8f56a841d01e6177"
    },
    "addedDate" : 1693888099880,
    "metadata" : [ ]
  }, {
    "asset" : {
      "assetID" : "986ce27e7b6abdc46055a2c708ad72edf7669d33"
    },
    "addedDate" : 1693888099876,
    "metadata" : [ ]
  }, {
    "asset" : {
      "assetID" : "5e276aff2bb4eacb9df72853eef0a81e4beb44c0"
    },
    "addedDate" : 1693888099880,
    "metadata" : [ ]
  } ],
  "fileName" : "984257768fb64337b3157a347221e430.json",
  "name" : "Skaidrīte Bokuma",
  "publicTitle" : "Skaidrīte Bokuma"
}