{
  "parentCollectionID" : "a686960162574bdeaf000a342daff2ab404e0009",
  "parentCollectionPath" : "Mobile Media Library/Tongan - Video/Broadcasts/General Conference",
  "collectionType" : "assets",
  "path" : "Mobile Media Library/Tongan - Video/Broadcasts/General Conference/October 2024",
  "collectionID" : "98d791fc5d9c4f14b5ee0fbf367d7fb1",
  "language" : "ton",
  "type" : "DEFAULT",
  "lastUpdatedDate" : "2024-10-21T09:04:49.818-06:00",
  "links" : [ {
    "rel" : "details",
    "href" : "https://titanapi.churchofjesuschrist.org/assetsearch/api/v2/collection/details/collectionID/98d791fc5d9c4f14b5ee0fbf367d7fb1"
  } ],
  "coverImages" : [ {
    "asset" : {
      "assetID" : "4kjpahrj015593n6vfw57sjoo6w9clo2ensncxm1"
    }
  } ],
  "related" : [ ],
  "metadata" : [ {
    "key" : "orderIndex",
    "value" : "0"
  }, {
    "key" : "channel",
    "value" : "mobile",
    "language" : "eng"
  }, {
    "key" : "collectionUri",
    "value" : "october-2024-general-conference",
    "language" : "ton"
  }, {
    "key" : "publicTitle",
    "value" : "ʻOkatopa 2024",
    "language" : "ton"
  } ],
  "children" : [ ],
  "assets" : [ {
    "asset" : {
      "assetID" : "6d8bb9137f5e11efb0ca022e7e432ed969dc6d6a"
    },
    "index" : 0,
    "addedDate" : 1729012294071,
    "metadata" : [ ]
  }, {
    "asset" : {
      "assetID" : "ace7f54d7f6811efb0ca022e7e432ed9134e6b0f"
    },
    "index" : 16,
    "addedDate" : 1729012499119,
    "metadata" : [ ]
  }, {
    "asset" : {
      "assetID" : "a785c7aa7f6811efb0ca022e7e432ed95e1ddbab"
    },
    "index" : 13,
    "addedDate" : 1729012425483,
    "metadata" : [ ]
  }, {
    "asset" : {
      "assetID" : "a9cb4b577f6811efb0ca022e7e432ed95e6335f4"
    },
    "index" : 14,
    "addedDate" : 1729012452597,
    "metadata" : [ ]
  }, {
    "asset" : {
      "assetID" : "a01a82fe7f6811efb0ca022e7e432ed93acb5c31"
    },
    "index" : 9,
    "addedDate" : 1729012383381,
    "metadata" : [ ]
  }, {
    "asset" : {
      "assetID" : "63d8f50f7f5e11efb0ca022e7e432ed9d1ecb963"
    },
    "index" : 8,
    "addedDate" : 1729012371646,
    "metadata" : [ ]
  }, {
    "asset" : {
      "assetID" : "ae4080b27f6811efb0ca022e7e432ed90471cd30"
    },
    "index" : 17,
    "addedDate" : 1729012509713,
    "metadata" : [ ]
  }, {
    "asset" : {
      "assetID" : "cc6054df7f6211efb0ca022e7e432ed94b0e7c02"
    },
    "index" : 18,
    "addedDate" : 1729012526484,
    "metadata" : [ ]
  }, {
    "asset" : {
      "assetID" : "d317d99f7f6211efb0ca022e7e432ed9f5e724fc"
    },
    "index" : 22,
    "addedDate" : 1729012594921,
    "metadata" : [ ]
  }, {
    "asset" : {
      "assetID" : "4878170d7f6011efb0ca022e7e432ed9f92fdb8d"
    },
    "index" : 31,
    "addedDate" : 1729012748684,
    "metadata" : [ ]
  }, {
    "asset" : {
      "assetID" : "65bd6cee7f5e11efb0ca022e7e432ed9b13a9629"
    },
    "index" : 3,
    "addedDate" : 1729012312705,
    "metadata" : [ ]
  }, {
    "asset" : {
      "assetID" : "6cec92c17f5e11efb0ca022e7e432ed9670e0159"
    },
    "index" : 2,
    "addedDate" : 1729012307290,
    "metadata" : [ ]
  }, {
    "asset" : {
      "assetID" : "706bcf2d7f5e11efb0ca022e7e432ed9e73cf230"
    },
    "index" : 1,
    "addedDate" : 1729012301500,
    "metadata" : [ ]
  }, {
    "asset" : {
      "assetID" : "3c7ac63a7f6011efb0ca022e7e432ed942414df0"
    },
    "index" : 24,
    "addedDate" : 1729012623469,
    "metadata" : [ ]
  }, {
    "asset" : {
      "assetID" : "6a519c0a7f5e11efb0ca022e7e432ed95c3df592"
    },
    "index" : 4,
    "addedDate" : 1729012322758,
    "metadata" : [ ]
  }, {
    "asset" : {
      "assetID" : "61a042a37f5e11efb0ca022e7e432ed91627530a"
    },
    "index" : 5,
    "addedDate" : 1729012332183,
    "metadata" : [ ]
  }, {
    "asset" : {
      "assetID" : "68aec12d7f5e11efb0ca022e7e432ed9aafe708e"
    },
    "index" : 7,
    "addedDate" : 1729012358065,
    "metadata" : [ ]
  }, {
    "asset" : {
      "assetID" : "a40886f47f6811efb0ca022e7e432ed9ada2b5df"
    },
    "index" : 11,
    "addedDate" : 1729012405620,
    "metadata" : [ ]
  }, {
    "asset" : {
      "assetID" : "a55a0d857f6811efb0ca022e7e432ed92072a98b"
    },
    "index" : 12,
    "addedDate" : 1729012417103,
    "metadata" : [ ]
  }, {
    "asset" : {
      "assetID" : "aa98d4b27f6811efb0ca022e7e432ed96eff2e2d"
    },
    "index" : 15,
    "addedDate" : 1729012462819,
    "metadata" : [ ]
  }, {
    "asset" : {
      "assetID" : "a2a76ffe7f6811efb0ca022e7e432ed99fa83161"
    },
    "index" : 10,
    "addedDate" : 1729012394595,
    "metadata" : [ ]
  }, {
    "asset" : {
      "assetID" : "653d8e707f5e11efb0ca022e7e432ed933af62bf"
    },
    "index" : 6,
    "addedDate" : 1729012339984,
    "metadata" : [ ]
  }, {
    "asset" : {
      "assetID" : "408616347f6011efb0ca022e7e432ed9ea13d221"
    },
    "index" : 27,
    "addedDate" : 1729012650605,
    "metadata" : [ ]
  }, {
    "asset" : {
      "assetID" : "3fd7d4ae7f6011efb0ca022e7e432ed9f7c7799d"
    },
    "index" : 26,
    "addedDate" : 1729012635664,
    "metadata" : [ ]
  }, {
    "asset" : {
      "assetID" : "46eedea27f6011efb0ca022e7e432ed95709e3a2"
    },
    "index" : 30,
    "addedDate" : 1729012728998,
    "metadata" : [ ]
  }, {
    "asset" : {
      "assetID" : "41e5cd8c7f6011efb0ca022e7e432ed97985a475"
    },
    "index" : 29,
    "addedDate" : 1729012711564,
    "metadata" : [ ]
  }, {
    "asset" : {
      "assetID" : "43974e857f6011efb0ca022e7e432ed9da4fcf66"
    },
    "index" : 28,
    "addedDate" : 1729012662901,
    "metadata" : [ ]
  }, {
    "asset" : {
      "assetID" : "3cad6f037f6011efb0ca022e7e432ed9b04c01eb"
    },
    "index" : 25,
    "addedDate" : 1729012630649,
    "metadata" : [ ]
  }, {
    "asset" : {
      "assetID" : "d4ee47a87f6211efb0ca022e7e432ed9298ae489"
    },
    "index" : 23,
    "addedDate" : 1729012612547,
    "metadata" : [ ]
  }, {
    "asset" : {
      "assetID" : "cf401cdf7f6211efb0ca022e7e432ed92997a92d"
    },
    "index" : 20,
    "addedDate" : 1729012562815,
    "metadata" : [ ]
  }, {
    "asset" : {
      "assetID" : "d23827d17f6211efb0ca022e7e432ed9f8bf5914"
    },
    "index" : 21,
    "addedDate" : 1729012569219,
    "metadata" : [ ]
  }, {
    "asset" : {
      "assetID" : "cec128c77f6211efb0ca022e7e432ed969451342"
    },
    "index" : 19,
    "addedDate" : 1729012550522,
    "metadata" : [ ]
  }, {
    "asset" : {
      "assetID" : "7bbb1a517f6b11ef9c8c0626c361eb559cd6506b"
    },
    "index" : 33,
    "addedDate" : 1729012761651,
    "metadata" : [ ]
  }, {
    "asset" : {
      "assetID" : "7d4675937f6b11ef9c8c0626c361eb5550ef18df"
    },
    "index" : 34,
    "addedDate" : 1729012781261,
    "metadata" : [ ]
  }, {
    "asset" : {
      "assetID" : "87f12e177f6b11ef9c8c0626c361eb5516db427f"
    },
    "index" : 39,
    "addedDate" : 1729012845903,
    "metadata" : [ ]
  }, {
    "asset" : {
      "assetID" : "84bc1a277f6b11ef9c8c0626c361eb5501abbb88"
    },
    "index" : 38,
    "addedDate" : 1729012837123,
    "metadata" : [ ]
  }, {
    "asset" : {
      "assetID" : "78c61ca07f6b11ef9c8c0626c361eb55046aa6c1"
    },
    "index" : 32,
    "addedDate" : 1729012754595,
    "metadata" : [ ]
  }, {
    "asset" : {
      "assetID" : "81c6f5897f6b11ef9c8c0626c361eb557aab71b8"
    },
    "index" : 36,
    "addedDate" : 1729012821639,
    "metadata" : [ ]
  }, {
    "asset" : {
      "assetID" : "7f7898467f6b11ef9c8c0626c361eb552ba5888a"
    },
    "index" : 35,
    "addedDate" : 1729012817432,
    "metadata" : [ ]
  }, {
    "asset" : {
      "assetID" : "807918867f6b11ef9c8c0626c361eb551b9c66e2"
    },
    "index" : 37,
    "addedDate" : 1729012828057,
    "metadata" : [ ]
  } ],
  "fileName" : "98d791fc5d9c4f14b5ee0fbf367d7fb1.json",
  "name" : "October 2024",
  "publicTitle" : "ʻOkatopa 2024"
}