{
  "parentCollectionID" : "564e72f9f23946d28262aef52961d854",
  "parentCollectionPath" : "Mobile Media Library/Portuguese - Video/Teaching and Lessons/Come, Follow Me/2024 Book of Mormon Media Resources",
  "collectionType" : "assets",
  "path" : "Mobile Media Library/Portuguese - Video/Teaching and Lessons/Come, Follow Me/2024 Book of Mormon Media Resources/September",
  "collectionID" : "9921175958d04748bc87024f5a237b33",
  "language" : "por",
  "type" : "DEFAULT",
  "lastUpdatedDate" : "2023-11-08T17:10:09.429-07:00",
  "links" : [ {
    "rel" : "details",
    "href" : "https://titanapi.churchofjesuschrist.org/assetsearch/api/v2/collection/details/collectionID/9921175958d04748bc87024f5a237b33"
  } ],
  "coverImages" : [ {
    "asset" : {
      "assetID" : "3585571cc3e7e96ff9dcea81d479c0a72fbaab48"
    }
  } ],
  "related" : [ ],
  "metadata" : [ {
    "key" : "collectionUri",
    "value" : "2024-book-of-mormon-media-resources-september",
    "language" : "por"
  }, {
    "key" : "publicTitle",
    "value" : "Setembro",
    "language" : "por"
  }, {
    "key" : "orderIndex",
    "value" : "9"
  } ],
  "children" : [ ],
  "assets" : [ {
    "asset" : {
      "assetID" : "da0495d8c2207cd73eb015b6f1f07ad949fe1c27"
    },
    "index" : 2,
    "addedDate" : 1699489731706,
    "metadata" : [ ]
  }, {
    "asset" : {
      "assetID" : "c3d37264e041913ea66b490bb36ea985082618dd"
    },
    "index" : 1,
    "addedDate" : 1699489723249,
    "metadata" : [ ]
  }, {
    "asset" : {
      "assetID" : "7523de7c861d7ab458bc30ef3686f04e4a304182"
    },
    "index" : 0,
    "addedDate" : 1699489682827,
    "metadata" : [ ]
  }, {
    "asset" : {
      "assetID" : "7fe4709e391411ed86f1eeeeac1e350bff6f9ffd"
    },
    "index" : 4,
    "addedDate" : 1699489813209,
    "metadata" : [ ]
  }, {
    "asset" : {
      "assetID" : "026ae638391511eda183eeeeac1e92615105975f"
    },
    "index" : 3,
    "addedDate" : 1699489798737,
    "metadata" : [ ]
  } ],
  "fileName" : "9921175958d04748bc87024f5a237b33.json",
  "name" : "September",
  "publicTitle" : "Setembro"
}