{
  "parentCollectionID" : "46e56f9ae48e4e978e308bd6632504c6995f9cc7",
  "parentCollectionPath" : "Mobile Media Library/Italian - Video/Life Help/Self-Reliance Services and PEF/Self-Reliance Leader Guide",
  "collectionType" : "collections",
  "path" : "Mobile Media Library/Italian - Video/Life Help/Self-Reliance Services and PEF/Self-Reliance Leader Guide/Group Facilitator",
  "collectionID" : "998c47ec9bea4c5cb40c33e05686307023dcd2cb",
  "language" : "ita",
  "type" : "DEFAULT",
  "lastUpdatedDate" : "2022-04-01T01:15:44.700-06:00",
  "links" : [ {
    "rel" : "details",
    "href" : "https://titanapi.churchofjesuschrist.org/assetsearch/api/v2/collection/details/collectionID/998c47ec9bea4c5cb40c33e05686307023dcd2cb"
  } ],
  "coverImages" : [ {
    "asset" : {
      "assetID" : "a0e1127e46ba1cf9aa56663c4c19476172837d97"
    }
  } ],
  "related" : [ ],
  "metadata" : [ {
    "key" : "collectionUri",
    "value" : "group-facilitator",
    "language" : "ita"
  } ],
  "children" : [ ],
  "assets" : [ ],
  "fileName" : "998c47ec9bea4c5cb40c33e05686307023dcd2cb.json",
  "name" : "Group Facilitator"
}