{
  "parentCollectionID" : "6e82c9d8e86c4a7098149d9f4ae2df68634b1fd9",
  "parentCollectionPath" : "Mobile Media Library/Dutch - Video/Topics",
  "collectionType" : "assets",
  "path" : "Mobile Media Library/Dutch - Video/Topics/Fasting",
  "collectionID" : "9a13a28aa7a145e885850ef4d90456355ca10022",
  "language" : "nld",
  "type" : "DEFAULT",
  "lastUpdatedDate" : "2023-05-24T16:25:00.308-06:00",
  "links" : [ {
    "rel" : "details",
    "href" : "https://titanapi.churchofjesuschrist.org/assetsearch/api/v2/collection/details/collectionID/9a13a28aa7a145e885850ef4d90456355ca10022"
  } ],
  "coverImages" : [ {
    "asset" : {
      "assetID" : "9c5b72820ff3dcc1a7b15c4bb881712a21083800"
    }
  } ],
  "related" : [ ],
  "metadata" : [ {
    "key" : "orderIndex",
    "value" : "12"
  }, {
    "key" : "collectionUri",
    "value" : "fasting-topic",
    "language" : "nld"
  }, {
    "key" : "publicTitle",
    "value" : "Vasten",
    "language" : "nld"
  } ],
  "children" : [ ],
  "assets" : [ {
    "asset" : {
      "assetID" : "25c7fc72212d11ec9645eeeeac1eed48508cfa55"
    },
    "index" : 0,
    "addedDate" : 1650255751940,
    "metadata" : [ ]
  } ],
  "fileName" : "9a13a28aa7a145e885850ef4d90456355ca10022.json",
  "name" : "Fasting",
  "publicTitle" : "Vasten"
}