{
  "parentCollectionID" : "6a327a2c295c4324a9e005606f984c58c06a01a4",
  "parentCollectionPath" : "Mobile Media Library/Thai - Video/People",
  "collectionType" : "collections",
  "path" : "Mobile Media Library/Thai - Video/People/Special Witnesses of Christ",
  "collectionID" : "9a227883db8a49da819089d042bde0d8478d6443",
  "language" : "tha",
  "type" : "DEFAULT",
  "lastUpdatedDate" : "2022-04-18T00:50:08.796-06:00",
  "links" : [ {
    "rel" : "details",
    "href" : "https://titanapi.churchofjesuschrist.org/assetsearch/api/v2/collection/details/collectionID/9a227883db8a49da819089d042bde0d8478d6443"
  } ],
  "coverImages" : [ {
    "asset" : {
      "assetID" : "0516154f97f07e0e258f4412dac56af408218d58"
    }
  } ],
  "related" : [ ],
  "metadata" : [ {
    "key" : "collectionUri",
    "value" : "special-witnesses-of-christ-video-collection",
    "language" : "tha"
  }, {
    "key" : "orderIndex",
    "value" : "1"
  } ],
  "children" : [ {
    "path" : "Mobile Media Library/Thai - Video/People/Special Witnesses of Christ/Current Special Witnesses Videos",
    "collectionID" : "4077bde4bfed47e6a6b477bb74db376e0d48deb1",
    "type" : "DEFAULT",
    "lastUpdatedDate" : "2022-04-18T00:50:08.796-06:00",
    "links" : [ {
      "rel" : "details",
      "href" : "https://titanapi.churchofjesuschrist.org/assetsearch/api/v2/collection/details/collectionID/4077bde4bfed47e6a6b477bb74db376e0d48deb1"
    } ],
    "fileName" : "4077bde4bfed47e6a6b477bb74db376e0d48deb1.json"
  }, {
    "path" : "Mobile Media Library/Thai - Video/People/Special Witnesses of Christ/Past Special Witnesses Videos",
    "collectionID" : "4e4f286b28e14811a8f0c9196ae858df3cd3500a",
    "type" : "DEFAULT",
    "lastUpdatedDate" : "2022-04-18T00:50:08.796-06:00",
    "links" : [ {
      "rel" : "details",
      "href" : "https://titanapi.churchofjesuschrist.org/assetsearch/api/v2/collection/details/collectionID/4e4f286b28e14811a8f0c9196ae858df3cd3500a"
    } ],
    "fileName" : "4e4f286b28e14811a8f0c9196ae858df3cd3500a.json"
  } ],
  "assets" : [ ],
  "fileName" : "9a227883db8a49da819089d042bde0d8478d6443.json",
  "name" : "Special Witnesses of Christ"
}