{
  "parentCollectionID" : "0cfdcb7c856d4a619ee89e6d544e460eb0b8fedd",
  "parentCollectionPath" : "Mobile Media Library/Dutch - Video/Broadcasts/General Conference",
  "collectionType" : "assets",
  "path" : "Mobile Media Library/Dutch - Video/Broadcasts/General Conference/April 2024",
  "collectionID" : "9a4ee164565244368a66e40d8a8cc6b0",
  "language" : "nld",
  "type" : "DEFAULT",
  "lastUpdatedDate" : "2024-04-19T00:21:42.499-06:00",
  "links" : [ {
    "rel" : "details",
    "href" : "https://titanapi.churchofjesuschrist.org/assetsearch/api/v2/collection/details/collectionID/9a4ee164565244368a66e40d8a8cc6b0"
  } ],
  "coverImages" : [ {
    "asset" : {
      "assetID" : "525086c4c22d11eebef2eeeeac1e2ff8be72073b"
    }
  } ],
  "related" : [ ],
  "metadata" : [ {
    "key" : "collectionUri",
    "value" : "april-2024-general-conference",
    "language" : "nld"
  }, {
    "key" : "publicTitle",
    "value" : "April 2024",
    "language" : "nld"
  }, {
    "key" : "orderIndex",
    "value" : "2"
  } ],
  "children" : [ ],
  "assets" : [ {
    "asset" : {
      "assetID" : "0b290e58f43811eeac0feeeeac1e2132331a37c3"
    },
    "index" : 1,
    "addedDate" : 1713507785073,
    "metadata" : [ ]
  }, {
    "asset" : {
      "assetID" : "bd0fef5af43b11eea058eeeeac1e16347ad1f6f4"
    },
    "index" : 3,
    "addedDate" : 1713507800626,
    "metadata" : [ ]
  }, {
    "asset" : {
      "assetID" : "ed46ec0cf43b11eeac0feeeeac1e21320b33b02a"
    },
    "index" : 2,
    "addedDate" : 1713507792923,
    "metadata" : [ ]
  }, {
    "asset" : {
      "assetID" : "69b95f58f43e11ee9258eeeeac1eba9aceb99d87"
    },
    "index" : 4,
    "addedDate" : 1713507811153,
    "metadata" : [ ]
  }, {
    "asset" : {
      "assetID" : "11e20230f44111ee9da8eeeeac1ee750f48c87ec"
    },
    "index" : 7,
    "addedDate" : 1713507838100,
    "metadata" : [ ]
  }, {
    "asset" : {
      "assetID" : "7bad989bf44111ee8249eeeeac1e1294aba71f78"
    },
    "index" : 6,
    "addedDate" : 1713507828729,
    "metadata" : [ ]
  }, {
    "asset" : {
      "assetID" : "b00a7bcef44211ee8249eeeeac1e1294fbb91f09"
    },
    "index" : 5,
    "addedDate" : 1713507820329,
    "metadata" : [ ]
  }, {
    "asset" : {
      "assetID" : "9a3a6e5cf44711ee87fbeeeeac1e390c6ed14dba"
    },
    "index" : 8,
    "addedDate" : 1713507846319,
    "metadata" : [ ]
  }, {
    "asset" : {
      "assetID" : "ac0657b5f44d11eeb86ceeeeac1e7270084a219b"
    },
    "index" : 0,
    "addedDate" : 1713507775510,
    "metadata" : [ ]
  }, {
    "asset" : {
      "assetID" : "38e7d4ddf45c11eeac0feeeeac1e2132477f1f7d"
    },
    "index" : 11,
    "addedDate" : 1713507872022,
    "metadata" : [ ]
  }, {
    "asset" : {
      "assetID" : "52c9e3f7f45e11eea9b7eeeeac1e13f96917ca18"
    },
    "index" : 10,
    "addedDate" : 1713507863743,
    "metadata" : [ ]
  }, {
    "asset" : {
      "assetID" : "aa3aba5df45f11ee9da8eeeeac1ee7509777b845"
    },
    "index" : 12,
    "addedDate" : 1713507880454,
    "metadata" : [ ]
  }, {
    "asset" : {
      "assetID" : "70d02beff46111ee9da8eeeeac1ee750aed34cdf"
    },
    "index" : 13,
    "addedDate" : 1713507888941,
    "metadata" : [ ]
  }, {
    "asset" : {
      "assetID" : "7c1b99d3f46211ee9da8eeeeac1ee75090b8d601"
    },
    "index" : 15,
    "addedDate" : 1713507905869,
    "metadata" : [ ]
  }, {
    "asset" : {
      "assetID" : "08d90a8ff46511eeb86ceeeeac1e727094ed616c"
    },
    "index" : 14,
    "addedDate" : 1713507897050,
    "metadata" : [ ]
  }, {
    "asset" : {
      "assetID" : "65616549f46511eea058eeeeac1e1634319cdd2c"
    },
    "index" : 16,
    "addedDate" : 1713507915270,
    "metadata" : [ ]
  }, {
    "asset" : {
      "assetID" : "23755f75f48011eeb045eeeeac1ef0ac2d750810"
    },
    "index" : 19,
    "addedDate" : 1713507944891,
    "metadata" : [ ]
  }, {
    "asset" : {
      "assetID" : "72ec63f8f48011ee88a3eeeeac1e29d8bcd3f71d"
    },
    "index" : 20,
    "addedDate" : 1713507952809,
    "metadata" : [ ]
  }, {
    "asset" : {
      "assetID" : "815a6e97f48111eeb333eeeeac1ea79315742da4"
    },
    "index" : 18,
    "addedDate" : 1713507932994,
    "metadata" : [ ]
  }, {
    "asset" : {
      "assetID" : "6aa7108af48711ee8363eeeeac1e3b3b950cf272"
    },
    "index" : 21,
    "addedDate" : 1713507961626,
    "metadata" : [ ]
  }, {
    "asset" : {
      "assetID" : "335c1483f48e11eeae01eeeeac1e2f2f39be8db1"
    },
    "index" : 17,
    "addedDate" : 1713507924587,
    "metadata" : [ ]
  }, {
    "asset" : {
      "assetID" : "9337db37f4ea11eeae01eeeeac1e2f2f62b7d374"
    },
    "index" : 9,
    "addedDate" : 1713507854851,
    "metadata" : [ ]
  }, {
    "asset" : {
      "assetID" : "66f3e24ef4f811eea5d1eeeeac1e22e5cfae24e4"
    },
    "index" : 22,
    "addedDate" : 1713507971409,
    "metadata" : [ ]
  }, {
    "asset" : {
      "assetID" : "ed6adcd5f50111ee83f2eeeeac1e53930da5f04f"
    },
    "index" : 24,
    "addedDate" : 1713507990695,
    "metadata" : [ ]
  }, {
    "asset" : {
      "assetID" : "d37ae3b3f50211eeb3eceeeeac1ec604c63e6c4b"
    },
    "index" : 25,
    "addedDate" : 1713507998998,
    "metadata" : [ ]
  }, {
    "asset" : {
      "assetID" : "60ba3931f50611eebd9deeeeac1e481b406fc38d"
    },
    "index" : 27,
    "addedDate" : 1713508015418,
    "metadata" : [ ]
  }, {
    "asset" : {
      "assetID" : "f34b35dbf50811ee83f2eeeeac1e539364b8b9e1"
    },
    "index" : 29,
    "addedDate" : 1713508034616,
    "metadata" : [ ]
  }, {
    "asset" : {
      "assetID" : "e2f466b3f50a11eeb578eeeeac1e968c3edf4dea"
    },
    "index" : 26,
    "addedDate" : 1713508007112,
    "metadata" : [ ]
  }, {
    "asset" : {
      "assetID" : "f476e7d9f50c11eebd9deeeeac1e481b38710c48"
    },
    "index" : 28,
    "addedDate" : 1713508024680,
    "metadata" : [ ]
  }, {
    "asset" : {
      "assetID" : "34b41403f51111eeb3eceeeeac1ec604d307a1f4"
    },
    "index" : 30,
    "addedDate" : 1713508043393,
    "metadata" : [ ]
  }, {
    "asset" : {
      "assetID" : "52afbe7ef51d11eeac82eeeeac1e31fb89eab367"
    },
    "index" : 23,
    "addedDate" : 1713507982739,
    "metadata" : [ ]
  }, {
    "asset" : {
      "assetID" : "54e617b9f52311ee9b67eeeeac1e190e55b13d55"
    },
    "index" : 33,
    "addedDate" : 1713508073209,
    "metadata" : [ ]
  }, {
    "asset" : {
      "assetID" : "168f4c02f52c11eea018eeeeac1e8467f2e70bbf"
    },
    "index" : 35,
    "addedDate" : 1713508092874,
    "metadata" : [ ]
  }, {
    "asset" : {
      "assetID" : "c3c90000f52c11eeb333eeeeac1ea793ee8a76d1"
    },
    "index" : 37,
    "addedDate" : 1713508111541,
    "metadata" : [ ]
  }, {
    "asset" : {
      "assetID" : "13ee0588f53211ee88a3eeeeac1e29d8945018ff"
    },
    "index" : 38,
    "addedDate" : 1713508121694,
    "metadata" : [ ]
  }, {
    "asset" : {
      "assetID" : "2b87ff89f53c11eea4dfeeeeac1eb9c4a3a2f857"
    },
    "index" : 31,
    "addedDate" : 1713508053813,
    "metadata" : [ ]
  }, {
    "asset" : {
      "assetID" : "e7175431f53d11ee9a3ceeeeac1e19327ab13aa5"
    },
    "index" : 34,
    "addedDate" : 1713508084136,
    "metadata" : [ ]
  }, {
    "asset" : {
      "assetID" : "69828db5f54b11ee82d1eeeeac1e96a9edaed181"
    },
    "index" : 36,
    "addedDate" : 1713508101434,
    "metadata" : [ ]
  }, {
    "asset" : {
      "assetID" : "c3bbd0f2f56211eebd9deeeeac1e29df7a8159b5"
    },
    "index" : 32,
    "addedDate" : 1713508062730,
    "metadata" : [ ]
  } ],
  "fileName" : "9a4ee164565244368a66e40d8a8cc6b0.json",
  "name" : "April 2024",
  "publicTitle" : "April 2024"
}