{
  "parentCollectionID" : "c1116d706a654fdb80b4d948eee64c39",
  "parentCollectionPath" : "Mobile Media Library/French - Video/Scriptural Reenactments and Teachings/Book of Mormon Videos",
  "collectionType" : "assets",
  "path" : "Mobile Media Library/French - Video/Scriptural Reenactments and Teachings/Book of Mormon Videos/Mosiah 11–18",
  "collectionID" : "9baf02df0f974ee6b6cc0a272f7fb677",
  "language" : "fra",
  "type" : "DEFAULT",
  "lastUpdatedDate" : "2023-10-23T16:12:08.719-06:00",
  "links" : [ {
    "rel" : "details",
    "href" : "https://titanapi.churchofjesuschrist.org/assetsearch/api/v2/collection/details/collectionID/9baf02df0f974ee6b6cc0a272f7fb677"
  } ],
  "coverImages" : [ {
    "asset" : {
      "assetID" : "a0ae32bc03743b2288fd876941b75c8c06c4e1c4"
    }
  } ],
  "related" : [ ],
  "metadata" : [ {
    "key" : "collectionUri",
    "value" : "Mosiah-11-18-video-episode",
    "language" : "fra"
  }, {
    "key" : "publicTitle",
    "value" : "Mosiah 11–18",
    "language" : "fra"
  }, {
    "key" : "orderIndex",
    "value" : "19"
  } ],
  "children" : [ ],
  "assets" : [ {
    "asset" : {
      "assetID" : "B91B3C7DA2E822C57BAD569022B9FE873777AEE6"
    },
    "index" : 7,
    "addedDate" : 1698099282976,
    "metadata" : [ ]
  }, {
    "asset" : {
      "assetID" : "E0CDD955F41C47958A23CA25143B6B677EAA62A3"
    },
    "index" : 6,
    "addedDate" : 1698099266757,
    "metadata" : [ ]
  }, {
    "asset" : {
      "assetID" : "FAB8910BD36D474389A8063B88246D555D36D170"
    },
    "index" : 4,
    "addedDate" : 1698099238063,
    "metadata" : [ ]
  }, {
    "asset" : {
      "assetID" : "0A852B8D7E7B7A518EFF2C187F0DE688FE55CDEA"
    },
    "index" : 3,
    "addedDate" : 1698099225127,
    "metadata" : [ ]
  }, {
    "asset" : {
      "assetID" : "8277F6EABD4ABFA8E0A00B4403D90354EF29968C"
    },
    "index" : 2,
    "addedDate" : 1698099214593,
    "metadata" : [ ]
  }, {
    "asset" : {
      "assetID" : "DDF456AAE5D9FD311CC67D302AE89769752403CD"
    },
    "index" : 1,
    "addedDate" : 1698099203936,
    "metadata" : [ ]
  }, {
    "asset" : {
      "assetID" : "B66CC36CDA37B9F4FF9BBE3089F16E2D2E4F44C0"
    },
    "index" : 5,
    "addedDate" : 1698099254332,
    "metadata" : [ ]
  }, {
    "asset" : {
      "assetID" : "F13F338EC6B3D2B4E230ECD75364284AC686A66C"
    },
    "index" : 0,
    "addedDate" : 1698099192123,
    "metadata" : [ ]
  } ],
  "fileName" : "9baf02df0f974ee6b6cc0a272f7fb677.json",
  "name" : "Mosiah 11–18",
  "publicTitle" : "Mosiah 11–18"
}