{
  "parentCollectionID" : "1d66a9e1c31d4f3bb5d2c3cebba6e47c9bc0f1dd",
  "parentCollectionPath" : "Mobile Media Library/Cantonese - Video/Sharing the Gospel",
  "collectionType" : "assets",
  "path" : "Mobile Media Library/Cantonese - Video/Sharing the Gospel/Now You Know",
  "collectionID" : "9c20f30ff742435aa2fe60b96e79c1a9449af3e3",
  "language" : "yue",
  "type" : "DEFAULT",
  "lastUpdatedDate" : "2022-04-15T20:52:07.660-06:00",
  "links" : [ {
    "rel" : "details",
    "href" : "https://titanapi.churchofjesuschrist.org/assetsearch/api/v2/collection/details/collectionID/9c20f30ff742435aa2fe60b96e79c1a9449af3e3"
  } ],
  "coverImages" : [ {
    "asset" : {
      "assetID" : "a67bd202d5bcbf0be0e9c1b317f720ae34862530"
    }
  } ],
  "related" : [ ],
  "metadata" : [ {
    "key" : "collectionUri",
    "value" : "now-you-know",
    "language" : "yue"
  }, {
    "key" : "orderIndex",
    "value" : "4"
  } ],
  "children" : [ ],
  "assets" : [ {
    "asset" : {
      "assetID" : "E618709B98A2D07A9D21641D2B698D3B186340DE"
    },
    "index" : 0,
    "addedDate" : 1650079503130,
    "metadata" : [ ]
  } ],
  "fileName" : "9c20f30ff742435aa2fe60b96e79c1a9449af3e3.json",
  "name" : "Now You Know"
}