{
  "parentCollectionID" : "79df423712b540159fcbdebb721a64d1",
  "parentCollectionPath" : "Mobile Media Library/Italian - Video/Holidays",
  "collectionType" : "assets",
  "path" : "Mobile Media Library/Italian - Video/Holidays/Father's Day",
  "collectionID" : "9c47818bc08f42d2b3e7ae2dd4d2a9fd",
  "language" : "ita",
  "type" : "DEFAULT",
  "lastUpdatedDate" : "2023-02-17T12:39:42.483-07:00",
  "links" : [ {
    "rel" : "details",
    "href" : "https://titanapi.churchofjesuschrist.org/assetsearch/api/v2/collection/details/collectionID/9c47818bc08f42d2b3e7ae2dd4d2a9fd"
  } ],
  "coverImages" : [ {
    "asset" : {
      "assetID" : "f13e9466f12a601255a7e26e2e01f3d51a7ac298"
    }
  } ],
  "related" : [ ],
  "metadata" : [ {
    "key" : "collectionUri",
    "value" : "fathers-day-holiday",
    "language" : "ita"
  }, {
    "key" : "publicTitle",
    "value" : "Festa del papà",
    "language" : "ita"
  }, {
    "key" : "orderIndex",
    "value" : "7"
  } ],
  "children" : [ ],
  "assets" : [ {
    "asset" : {
      "assetID" : "087505cb95318653bd6bad248d38b9142ba93145"
    },
    "index" : 0,
    "addedDate" : 1686077051815,
    "metadata" : [ ]
  } ],
  "fileName" : "9c47818bc08f42d2b3e7ae2dd4d2a9fd.json",
  "name" : "Father's Day",
  "publicTitle" : "Festa del papà"
}