{
  "parentCollectionID" : "9a06d7efb9ba423f9e295154e9b4b68e",
  "parentCollectionPath" : "Mobile Media Library/English - Images/Come, Follow Me: Learning and Teaching Resources/2023 Come Follow Me Image Resources",
  "collectionType" : "assets",
  "path" : "Mobile Media Library/English - Images/Come, Follow Me: Learning and Teaching Resources/2023 Come Follow Me Image Resources/May 22–May 28. Joseph Smith—Matthew 1; Matthew 24–25; Mark 12–13; Luke 21: \"The Son of Man Shall Come\"",
  "collectionID" : "9c775db2c3584bb4ae8fed0e59d7e9f0",
  "language" : "eng",
  "type" : "DEFAULT",
  "lastUpdatedDate" : "2022-12-27T16:51:52.469-07:00",
  "links" : [ {
    "rel" : "details",
    "href" : "https://titanapi.churchofjesuschrist.org/assetsearch/api/v2/collection/details/collectionID/9c775db2c3584bb4ae8fed0e59d7e9f0"
  } ],
  "coverImages" : [ {
    "asset" : {
      "assetID" : "7f60ae4ae5d511ec8c08eeeeac1e30a7558f2996"
    }
  } ],
  "related" : [ ],
  "metadata" : [ {
    "key" : "orderIndex",
    "value" : "21"
  }, {
    "key" : "collectionUri",
    "value" : "cfm-2023-images-may-22-28",
    "language" : "eng"
  }, {
    "key" : "publicTitle",
    "value" : "May 22–May 28. Joseph Smith—Matthew 1; Matthew 24–25; Mark 12–13; Luke 21: \"The Son of Man Shall Come\"",
    "language" : "eng"
  } ],
  "children" : [ ],
  "assets" : [ {
    "asset" : {
      "assetID" : "09f81e5aa723a1e4c600ab14997d0e01fa3f2a91"
    },
    "index" : 0,
    "addedDate" : 1665939952559,
    "metadata" : [ ]
  }, {
    "asset" : {
      "assetID" : "57a7176e7b9bb588b6619cea23233be9ef345d37"
    },
    "index" : 4,
    "addedDate" : 1666723284678,
    "metadata" : [ ]
  }, {
    "asset" : {
      "assetID" : "6de6e3cbeefdadf0b9e5dac6389120dc2a48594c"
    },
    "index" : 1,
    "addedDate" : 1665939959800,
    "metadata" : [ ]
  }, {
    "asset" : {
      "assetID" : "870a94b4b094a53781a42293a8c09ff2de54140a"
    },
    "index" : 2,
    "addedDate" : 1665940000004,
    "metadata" : [ ]
  }, {
    "asset" : {
      "assetID" : "a616fb55a97c1975fd3cd573fd57f198e9880dca"
    },
    "index" : 3,
    "addedDate" : 1665940035714,
    "metadata" : [ ]
  }, {
    "asset" : {
      "assetID" : "fae3e0f5dad271324832e3ca367fd6a5076bbda7"
    },
    "index" : 6,
    "addedDate" : 1666726911153,
    "metadata" : [ ]
  }, {
    "asset" : {
      "assetID" : "ea9fed612ae411ec8e61eeeeac1ed9236d537952"
    },
    "index" : 7,
    "addedDate" : 1666726919936,
    "metadata" : [ ]
  } ],
  "fileName" : "9c775db2c3584bb4ae8fed0e59d7e9f0.json",
  "name" : "May 22–May 28. Joseph Smith—Matthew 1; Matthew 24–25; Mark 12–13; Luke 21: \"The Son of Man Shall Come\"",
  "publicTitle" : "May 22–May 28. Joseph Smith—Matthew 1; Matthew 24–25; Mark 12–13; Luke 21: \"The Son of Man Shall Come\""
}