{
  "parentCollectionID" : "589a1eceba03476c9cd2c1fe28c649cc",
  "parentCollectionPath" : "Mobile Media Library/English - Audio/Podcasts (Archived)",
  "collectionType" : "assets",
  "path" : "Mobile Media Library/English - Audio/Podcasts (Archived)/History of Hymns",
  "collectionID" : "9c83daa0de6f4b8d9517b02e1f27a160",
  "language" : "eng",
  "type" : "DEFAULT",
  "lastUpdatedDate" : "2020-10-30T16:46:49.143-06:00",
  "links" : [ {
    "rel" : "details",
    "href" : "https://titanapi.churchofjesuschrist.org/assetsearch/api/v2/collection/details/collectionID/9c83daa0de6f4b8d9517b02e1f27a160"
  } ],
  "coverImages" : [ {
    "asset" : {
      "assetID" : "dbd8ca4f4c2eba8174175dea862093807783b1a6"
    }
  } ],
  "related" : [ ],
  "metadata" : [ {
    "key" : "description",
    "value" : "History of Hymns investigates the inception and evolution of the hymns of The Church of Jesus Christ of Latter-day Saints. The episodes include the history and progression of both the music and the text and feature interesting stories surrounding the creators and others involved in the development of a hymn. Also included are stories surrounding the performance or inclusion of the hymn in a variety of settings.",
    "language" : "eng"
  }, {
    "key" : "collectionUri",
    "value" : "history-of-hymns-podcasts-archived",
    "language" : "eng"
  }, {
    "key" : "publicTitle",
    "value" : "History of Hymns",
    "language" : "eng"
  } ],
  "children" : [ ],
  "assets" : [ {
    "asset" : {
      "assetID" : "7db9a7090ca0b535a736964364586641482985f5"
    },
    "index" : 34,
    "addedDate" : 1602089296051,
    "metadata" : [ ]
  }, {
    "asset" : {
      "assetID" : "5fa5326f446417a2c728a8def007f38c4230ce68"
    },
    "index" : 2,
    "addedDate" : 1602089066395,
    "metadata" : [ ]
  }, {
    "asset" : {
      "assetID" : "52c788a7ff774bfc6ec7281ef21fca5a477ebacf"
    },
    "index" : 3,
    "addedDate" : 1602089073524,
    "metadata" : [ ]
  }, {
    "asset" : {
      "assetID" : "73ba8d448d9a820ade8da742257c3ded9e0b5a11"
    },
    "index" : 37,
    "addedDate" : 1602089313449,
    "metadata" : [ ]
  }, {
    "asset" : {
      "assetID" : "c2558cd6a03ac95dca753f738e83b7f4ef731958"
    },
    "index" : 15,
    "addedDate" : 1602089162277,
    "metadata" : [ ]
  }, {
    "asset" : {
      "assetID" : "03eab106c023b3d206a6f082a3dc347806364ddd"
    },
    "index" : 25,
    "addedDate" : 1602089235691,
    "metadata" : [ ]
  }, {
    "asset" : {
      "assetID" : "a0170019eee092dd420c83884ea6f1e985fcd3ca"
    },
    "index" : 22,
    "addedDate" : 1602089213079,
    "metadata" : [ ]
  }, {
    "asset" : {
      "assetID" : "012f2e826810319f63736ab59b93f5f4fb121f6e"
    },
    "index" : 21,
    "addedDate" : 1602089206655,
    "metadata" : [ ]
  }, {
    "asset" : {
      "assetID" : "1a56df0ce9a6f36fd0d6994f858a33841ccab0e9"
    },
    "index" : 20,
    "addedDate" : 1602089198694,
    "metadata" : [ ]
  }, {
    "asset" : {
      "assetID" : "649374bf9eb4726d5cba9e53a06a6d355d1d440d"
    },
    "index" : 26,
    "addedDate" : 1602089244822,
    "metadata" : [ ]
  }, {
    "asset" : {
      "assetID" : "85faf30f7f11d5cc328dacb58a1e9654b16c4ca0"
    },
    "index" : 23,
    "addedDate" : 1602089219787,
    "metadata" : [ ]
  }, {
    "asset" : {
      "assetID" : "02ddd85a1bd87f1399dd2b21ba06386b9badd210"
    },
    "index" : 24,
    "addedDate" : 1602089226461,
    "metadata" : [ ]
  }, {
    "asset" : {
      "assetID" : "e509a9952c7211f71473639ba8f5a1cff490cd76"
    },
    "index" : 19,
    "addedDate" : 1602089191502,
    "metadata" : [ ]
  }, {
    "asset" : {
      "assetID" : "bec769bc53f802c8d17024abf9efd56f25822f1d"
    },
    "index" : 18,
    "addedDate" : 1602089183631,
    "metadata" : [ ]
  }, {
    "asset" : {
      "assetID" : "d808246e19b8c3644989c2a82abb2b105392964b"
    },
    "index" : 17,
    "addedDate" : 1602089174829,
    "metadata" : [ ]
  }, {
    "asset" : {
      "assetID" : "9bf7de45dd74bdfe2a13a4d18bb53026a17cd0ef"
    },
    "index" : 16,
    "addedDate" : 1602089168563,
    "metadata" : [ ]
  }, {
    "asset" : {
      "assetID" : "9d7ad783d164d3c51a2eb948978ee57cf0896720"
    },
    "index" : 0,
    "addedDate" : 1602089050331,
    "metadata" : [ ]
  }, {
    "asset" : {
      "assetID" : "7d59bfd1b8d2ede59cd40a3fb829595fcb631ffd"
    },
    "index" : 1,
    "addedDate" : 1602089058146,
    "metadata" : [ ]
  }, {
    "asset" : {
      "assetID" : "2e0290dffccde4a4fe496079f69d5ebdf93a0b1a"
    },
    "index" : 33,
    "addedDate" : 1602089289940,
    "metadata" : [ ]
  }, {
    "asset" : {
      "assetID" : "88842d0c24d7f6ad10d14e554c5a92a2595f13a8"
    },
    "index" : 36,
    "addedDate" : 1602089307629,
    "metadata" : [ ]
  }, {
    "asset" : {
      "assetID" : "36fbf0dedfd9f1ed04c69a25458ead7a29d3a042"
    },
    "index" : 35,
    "addedDate" : 1602089301710,
    "metadata" : [ ]
  }, {
    "asset" : {
      "assetID" : "c79f98501f116fcab2f408ca53ae0d1bfde5d84c"
    },
    "index" : 32,
    "addedDate" : 1602089283482,
    "metadata" : [ ]
  }, {
    "asset" : {
      "assetID" : "ccde0e559ed68bc5494c44297341b11415f00588"
    },
    "index" : 31,
    "addedDate" : 1602089276967,
    "metadata" : [ ]
  }, {
    "asset" : {
      "assetID" : "b978ff3c2622c7a4f614737ffc0338919b7896c4"
    },
    "index" : 30,
    "addedDate" : 1602089270623,
    "metadata" : [ ]
  }, {
    "asset" : {
      "assetID" : "6a33e657641e18934bad855e7fcf019b9564f8d8"
    },
    "index" : 29,
    "addedDate" : 1602089264384,
    "metadata" : [ ]
  }, {
    "asset" : {
      "assetID" : "bd7c9e2155b83cf2a253bf37fcdd021392a84aa3"
    },
    "index" : 27,
    "addedDate" : 1602089252032,
    "metadata" : [ ]
  }, {
    "asset" : {
      "assetID" : "a5f705524174d31b120693dd7418ba22a5eddf8d"
    },
    "index" : 28,
    "addedDate" : 1602089258219,
    "metadata" : [ ]
  }, {
    "asset" : {
      "assetID" : "561016b634d8964fcd5c64219bd7046a2ad7b57d"
    },
    "index" : 38,
    "addedDate" : 1602089320376,
    "metadata" : [ ]
  }, {
    "asset" : {
      "assetID" : "1d36d59b41e0c3564403a42fd5711e6b8b1d6812"
    },
    "index" : 11,
    "addedDate" : 1602089134518,
    "metadata" : [ ]
  }, {
    "asset" : {
      "assetID" : "0169dfe07ac5177e8cf6e006b301f1cf03282c1d"
    },
    "index" : 9,
    "addedDate" : 1602089120590,
    "metadata" : [ ]
  }, {
    "asset" : {
      "assetID" : "41e5a40acce7f33f1d3ba7d0e914951d6e1a2a66"
    },
    "index" : 12,
    "addedDate" : 1602089141401,
    "metadata" : [ ]
  }, {
    "asset" : {
      "assetID" : "b216bb0e793e25e12997d5b4ea3ecb9417d58886"
    },
    "index" : 4,
    "addedDate" : 1602089079911,
    "metadata" : [ ]
  }, {
    "asset" : {
      "assetID" : "21133cc4b7a084c6785aed7da4b0cd06b946dae0"
    },
    "index" : 7,
    "addedDate" : 1602089104432,
    "metadata" : [ ]
  }, {
    "asset" : {
      "assetID" : "fd674f3d8d8270ed8e9abacdfa6c37503c77bb61"
    },
    "index" : 6,
    "addedDate" : 1602089097013,
    "metadata" : [ ]
  }, {
    "asset" : {
      "assetID" : "6472273d54819b176262e66c11470fd6e30968fe"
    },
    "index" : 10,
    "addedDate" : 1602089127517,
    "metadata" : [ ]
  }, {
    "asset" : {
      "assetID" : "6dce270543a2ab73fde1befa9a512ead0874e769"
    },
    "index" : 8,
    "addedDate" : 1602089111506,
    "metadata" : [ ]
  }, {
    "asset" : {
      "assetID" : "7d455e04157b9eb53f263197333a3b8e24de19a7"
    },
    "index" : 5,
    "addedDate" : 1602089087797,
    "metadata" : [ ]
  }, {
    "asset" : {
      "assetID" : "b768c42453fd8ee950774dda25cbfe2e0d0c21e2"
    },
    "index" : 13,
    "addedDate" : 1602089147800,
    "metadata" : [ ]
  }, {
    "asset" : {
      "assetID" : "9078f80f524cd7ad1fe00fc2b0a265c1cf4118df"
    },
    "index" : 14,
    "addedDate" : 1602089155201,
    "metadata" : [ ]
  }, {
    "asset" : {
      "assetID" : "363639d9090fd80c7a8a3a7a8f561833f775677e"
    },
    "index" : 39,
    "addedDate" : 1609986850610,
    "metadata" : [ ]
  } ],
  "fileName" : "9c83daa0de6f4b8d9517b02e1f27a160.json",
  "name" : "History of Hymns",
  "publicTitle" : "History of Hymns",
  "description" : "History of Hymns investigates the inception and evolution of the hymns of The Church of Jesus Christ of Latter-day Saints. The episodes include the history and progression of both the music and the text and feature interesting stories surrounding the creators and others involved in the development of a hymn. Also included are stories surrounding the performance or inclusion of the hymn in a variety of settings."
}