{
  "parentCollectionID" : "b043d99f4aea4ea48ef3490404eb2df5da1df199",
  "parentCollectionPath" : "Mobile Media Library/Tongan - Video/Teaching and Lessons/Come, Follow Me/Come, Follow Me: New Testament Learning and Teaching Resources",
  "collectionType" : "assets",
  "path" : "Mobile Media Library/Tongan - Video/Teaching and Lessons/Come, Follow Me/Come, Follow Me: New Testament Learning and Teaching Resources/Apr. 22-28: Matthew 18; Luke 10",
  "collectionID" : "9d75229145c44ce9b251c9f1ba990b69015dcad2",
  "language" : "ton",
  "type" : "DEFAULT",
  "lastUpdatedDate" : "2022-04-18T00:56:46.063-06:00",
  "links" : [ {
    "rel" : "details",
    "href" : "https://titanapi.churchofjesuschrist.org/assetsearch/api/v2/collection/details/collectionID/9d75229145c44ce9b251c9f1ba990b69015dcad2"
  } ],
  "coverImages" : [ {
    "asset" : {
      "assetID" : "892c14c7b8d54f6ff29795000c6a20f4fb72865e"
    }
  } ],
  "related" : [ ],
  "metadata" : [ {
    "key" : "collectionUri",
    "value" : "apr-22-28-matthew-18-luke-10",
    "language" : "ton"
  }, {
    "key" : "orderIndex",
    "value" : "16"
  } ],
  "children" : [ ],
  "assets" : [ {
    "asset" : {
      "assetID" : "74dace6c93f8b909f2c5e82d053b93fc02838a80"
    },
    "index" : 0,
    "addedDate" : 1650265216903,
    "metadata" : [ ]
  } ],
  "fileName" : "9d75229145c44ce9b251c9f1ba990b69015dcad2.json",
  "name" : "Apr. 22-28: Matthew 18; Luke 10"
}