{
  "parentCollectionID" : "c7c673343a624c49a5e820aa3a26f6048fed5732",
  "parentCollectionPath" : "Mobile Media Library/Swedish - Video/Teaching and Lessons/Come, Follow Me/Come, Follow Me: New Testament Learning and Teaching Resources",
  "collectionType" : "collections",
  "path" : "Mobile Media Library/Swedish - Video/Teaching and Lessons/Come, Follow Me/Come, Follow Me: New Testament Learning and Teaching Resources/Jan. 28-Feb. 3: Matthew 3; Mark 1; Luke 3",
  "collectionID" : "9d9e97dda5fa4878b7a42700cf6c86419a12d249",
  "language" : "swe",
  "type" : "DEFAULT",
  "lastUpdatedDate" : "2022-04-18T00:36:59.336-06:00",
  "links" : [ {
    "rel" : "details",
    "href" : "https://titanapi.churchofjesuschrist.org/assetsearch/api/v2/collection/details/collectionID/9d9e97dda5fa4878b7a42700cf6c86419a12d249"
  } ],
  "coverImages" : [ {
    "asset" : {
      "assetID" : "3dc2ab874c1d8c28a742beb19b05d28ac9f64ef9"
    }
  } ],
  "related" : [ ],
  "metadata" : [ {
    "key" : "collectionUri",
    "value" : "jan-28-feb-3-matthew-3-mark-1-luke-3",
    "language" : "swe"
  }, {
    "key" : "orderIndex",
    "value" : "5"
  } ],
  "children" : [ ],
  "assets" : [ ],
  "fileName" : "9d9e97dda5fa4878b7a42700cf6c86419a12d249.json",
  "name" : "Jan. 28-Feb. 3: Matthew 3; Mark 1; Luke 3"
}