{
  "parentCollectionID" : "923ed5fe7ffc42d187898f5def28db923c057c40",
  "parentCollectionPath" : "Mobile Media Library/Cantonese - Video/Scriptural Reenactments and Teachings/Old Testament",
  "collectionType" : "assets",
  "path" : "Mobile Media Library/Cantonese - Video/Scriptural Reenactments and Teachings/Old Testament/Introduction - Deuteronomy",
  "collectionID" : "9dcadfad23004bf992855be5fd0f3918f178bb73",
  "language" : "yue",
  "type" : "DEFAULT",
  "lastUpdatedDate" : "2023-06-16T14:10:53.200-06:00",
  "links" : [ {
    "rel" : "details",
    "href" : "https://titanapi.churchofjesuschrist.org/assetsearch/api/v2/collection/details/collectionID/9dcadfad23004bf992855be5fd0f3918f178bb73"
  } ],
  "coverImages" : [ {
    "asset" : {
      "assetID" : "a4551afb82080c502bfb427022d8706f5d53c4d0"
    }
  } ],
  "related" : [ ],
  "metadata" : [ {
    "key" : "orderIndex",
    "value" : "1"
  }, {
    "key" : "collectionUri",
    "value" : "introduction-deuteronomy-videos",
    "language" : "yue"
  }, {
    "key" : "publicTitle",
    "value" : "介紹──申命記",
    "language" : "yue"
  } ],
  "children" : [ ],
  "assets" : [ {
    "asset" : {
      "assetID" : "087f00988a65416d2a32d9a965575dd443f12e34"
    },
    "index" : 32,
    "addedDate" : 1650079503130,
    "metadata" : [ ]
  }, {
    "asset" : {
      "assetID" : "22c7a43a7aac590b1c3bc79c87b6bb56330818ef"
    },
    "index" : 23,
    "addedDate" : 1650079503130,
    "metadata" : [ ]
  }, {
    "asset" : {
      "assetID" : "75fcde03384d32f415e2beb08adeed7c4efe31e3"
    },
    "index" : 18,
    "addedDate" : 1650079503130,
    "metadata" : [ ]
  }, {
    "asset" : {
      "assetID" : "a94a89e035d86becb14d66ee38752430e3da6c41"
    },
    "index" : 6,
    "addedDate" : 1650079503130,
    "metadata" : [ ]
  }, {
    "asset" : {
      "assetID" : "ab24c1abdc1e4c0fe070fa0afc07d7d67fc5b623"
    },
    "index" : 4,
    "addedDate" : 1650079503130,
    "metadata" : [ ]
  }, {
    "asset" : {
      "assetID" : "ab57b4478d6e056131178418f79ff6ae92a18d68"
    },
    "index" : 25,
    "addedDate" : 1650079503130,
    "metadata" : [ ]
  }, {
    "asset" : {
      "assetID" : "dd10e9fb194d4583f6dcd328c52ff6b588e77e1b"
    },
    "index" : 9,
    "addedDate" : 1650079503130,
    "metadata" : [ ]
  }, {
    "asset" : {
      "assetID" : "e4403da0fc4de848e8ca2fd4aa8f48289eff6e0a"
    },
    "index" : 11,
    "addedDate" : 1650079503130,
    "metadata" : [ ]
  }, {
    "asset" : {
      "assetID" : "c3ca86d462abe29cd3a4ac7c912a7923dc11a650"
    },
    "index" : 3,
    "addedDate" : 1650079503130,
    "metadata" : [ ]
  }, {
    "asset" : {
      "assetID" : "7fea5355fee3c55e08f2aa98f3062f03139d4215"
    },
    "index" : 38,
    "addedDate" : 1650079503130,
    "metadata" : [ ]
  }, {
    "asset" : {
      "assetID" : "3474b8f69023fb6a8590933a71a9d55243939f8d"
    },
    "index" : 15,
    "addedDate" : 1650079503130,
    "metadata" : [ ]
  }, {
    "asset" : {
      "assetID" : "0ef3c933faa4fb26e7aca877c8489610b3102ca9"
    },
    "index" : 16,
    "addedDate" : 1650079503130,
    "metadata" : [ ]
  }, {
    "asset" : {
      "assetID" : "633b61f079fe01b1ee534c172abec9c896183b62"
    },
    "index" : 22,
    "addedDate" : 1650079503130,
    "metadata" : [ ]
  }, {
    "asset" : {
      "assetID" : "8ccc2c7fac520c36592290d92f39bc91103f0417"
    },
    "index" : 10,
    "addedDate" : 1650079503130,
    "metadata" : [ ]
  }, {
    "asset" : {
      "assetID" : "407d1e4c288376c214e8ab5b025837ca88e5456e"
    },
    "index" : 42,
    "addedDate" : 1650079503130,
    "metadata" : [ ]
  }, {
    "asset" : {
      "assetID" : "bcd06aedeab3a0b2d52446ef05180fffd1a08eb7"
    },
    "index" : 37,
    "addedDate" : 1650079503130,
    "metadata" : [ ]
  }, {
    "asset" : {
      "assetID" : "8227c6d3860d5f4314e1eb3309fa93d14464fdb0"
    },
    "index" : 26,
    "addedDate" : 1650079503130,
    "metadata" : [ ]
  }, {
    "asset" : {
      "assetID" : "142bbd974d21c66199577cc37100560716efd5da"
    },
    "index" : 0,
    "addedDate" : 1650079503130,
    "metadata" : [ ]
  }, {
    "asset" : {
      "assetID" : "77e1d7dbab21412a607f284201e6463a95131192"
    },
    "index" : 27,
    "addedDate" : 1650079503130,
    "metadata" : [ ]
  }, {
    "asset" : {
      "assetID" : "858a4968d5a0d60e2d51e9e7ce610219dc00b7ca"
    },
    "index" : 12,
    "addedDate" : 1650079503130,
    "metadata" : [ ]
  }, {
    "asset" : {
      "assetID" : "771e040778e3cf49c7c7ff7ea1dba98c5fd5731a"
    },
    "index" : 17,
    "addedDate" : 1650079503130,
    "metadata" : [ ]
  }, {
    "asset" : {
      "assetID" : "9151459647ecf6f426a9180374cb710479cbd845"
    },
    "index" : 19,
    "addedDate" : 1650079503130,
    "metadata" : [ ]
  }, {
    "asset" : {
      "assetID" : "7b52e1416ef942fc09ff050b1c118705088e5153"
    },
    "index" : 36,
    "addedDate" : 1650079503130,
    "metadata" : [ ]
  }, {
    "asset" : {
      "assetID" : "a104cf1a47fa8a103f0dd9682f34e12c0d618976"
    },
    "index" : 33,
    "addedDate" : 1650079503130,
    "metadata" : [ ]
  }, {
    "asset" : {
      "assetID" : "a20d0d2f6fe6273bfa7b49bc06695cb719da8399"
    },
    "index" : 44,
    "addedDate" : 1650079503130,
    "metadata" : [ ]
  }, {
    "asset" : {
      "assetID" : "0988ad7c371efc8b53751d41cb2aa35b29487848"
    },
    "index" : 34,
    "addedDate" : 1650079503130,
    "metadata" : [ ]
  }, {
    "asset" : {
      "assetID" : "f71f460f96dcdce9a7d9f7d378d1496c403a1865"
    },
    "index" : 29,
    "addedDate" : 1650079503130,
    "metadata" : [ ]
  }, {
    "asset" : {
      "assetID" : "b62fcf94b317cd0d14d898a857da18ccfa608aac"
    },
    "index" : 30,
    "addedDate" : 1650079503130,
    "metadata" : [ ]
  }, {
    "asset" : {
      "assetID" : "1196751068a0063d6224c033b1dc0bcdbb4e09d2"
    },
    "index" : 35,
    "addedDate" : 1650079503130,
    "metadata" : [ ]
  }, {
    "asset" : {
      "assetID" : "32731333cd380788f2af14996494c78a78e3c40d"
    },
    "index" : 2,
    "addedDate" : 1650079503130,
    "metadata" : [ ]
  }, {
    "asset" : {
      "assetID" : "e5438aad75751cb735202803b837e30c1cbdf634"
    },
    "index" : 8,
    "addedDate" : 1650079503130,
    "metadata" : [ ]
  }, {
    "asset" : {
      "assetID" : "8ce9a869cb9f67a3e2db1638ce400b4038025d92"
    },
    "index" : 13,
    "addedDate" : 1650079503130,
    "metadata" : [ ]
  }, {
    "asset" : {
      "assetID" : "7900a0b4115aa520dd973d41eb855ad21cdd5219"
    },
    "index" : 7,
    "addedDate" : 1650079503130,
    "metadata" : [ ]
  }, {
    "asset" : {
      "assetID" : "441920d74f428776fa6c40a1b4e9f0e00c25eb0a"
    },
    "index" : 21,
    "addedDate" : 1650079503130,
    "metadata" : [ ]
  }, {
    "asset" : {
      "assetID" : "6ba64a171f3cdead98c85da49555ab1e38695bb6"
    },
    "index" : 45,
    "addedDate" : 1650079503130,
    "metadata" : [ ]
  }, {
    "asset" : {
      "assetID" : "66de212ecdfe3a39b79457b44be3783ca2cc9f71"
    },
    "index" : 14,
    "addedDate" : 1650079503130,
    "metadata" : [ ]
  }, {
    "asset" : {
      "assetID" : "70c3ef3963fbf287f1320816e1a8f965f3d5da9e"
    },
    "index" : 40,
    "addedDate" : 1650079503130,
    "metadata" : [ ]
  }, {
    "asset" : {
      "assetID" : "536f4ca42eed9ce39a8282e58141e8a13b742d8b"
    },
    "index" : 39,
    "addedDate" : 1650079503130,
    "metadata" : [ ]
  }, {
    "asset" : {
      "assetID" : "bf70baaa64d17fc5612821d4ee8bacc3a6e6bc58"
    },
    "index" : 5,
    "addedDate" : 1650079503130,
    "metadata" : [ ]
  }, {
    "asset" : {
      "assetID" : "fc7fda92b6254a885efde3ca140198e62aa90c27"
    },
    "index" : 43,
    "addedDate" : 1650079503130,
    "metadata" : [ ]
  }, {
    "asset" : {
      "assetID" : "79cf1aa617283445be0e9d431717a9b16d11a57f"
    },
    "index" : 1,
    "addedDate" : 1650079503130,
    "metadata" : [ ]
  }, {
    "asset" : {
      "assetID" : "0c5b3fef57bd93c5f642013bc962f0eff1b7e87c"
    },
    "index" : 31,
    "addedDate" : 1650079503130,
    "metadata" : [ ]
  }, {
    "asset" : {
      "assetID" : "ddd60da82bfb2d7b8d34ca9af495ac141c868493"
    },
    "index" : 41,
    "addedDate" : 1650079503130,
    "metadata" : [ ]
  }, {
    "asset" : {
      "assetID" : "cebcfb94f2d7a2a0b6b894ac7f947c81d6852fcd"
    },
    "index" : 24,
    "addedDate" : 1650079503130,
    "metadata" : [ ]
  }, {
    "asset" : {
      "assetID" : "9ac720d2f034fa05ccee413b67a4654dce884ee9"
    },
    "index" : 28,
    "addedDate" : 1650079503130,
    "metadata" : [ ]
  }, {
    "asset" : {
      "assetID" : "f3212bfe020711ecb3a9eeeeac1e6802a74ec882"
    },
    "index" : 20,
    "addedDate" : 1650079503130,
    "metadata" : [ ]
  } ],
  "fileName" : "9dcadfad23004bf992855be5fd0f3918f178bb73.json",
  "name" : "Introduction - Deuteronomy",
  "publicTitle" : "介紹──申命記"
}