{
  "parentCollectionID" : "310dd1d1c2df4a7fb126445c72c500cd",
  "parentCollectionPath" : "Mobile Media Library/French - Video",
  "collectionType" : "collections",
  "path" : "Mobile Media Library/French - Video/Children",
  "collectionID" : "9df1cec3af2d4bb49ba6c74d1be6e530da62dd9f",
  "language" : "fra",
  "type" : "DEFAULT",
  "lastUpdatedDate" : "2023-06-21T09:29:01.402-06:00",
  "links" : [ {
    "rel" : "details",
    "href" : "https://titanapi.churchofjesuschrist.org/assetsearch/api/v2/collection/details/collectionID/9df1cec3af2d4bb49ba6c74d1be6e530da62dd9f"
  } ],
  "coverImages" : [ {
    "asset" : {
      "assetID" : "dzatuxu40so7zd7721dzm7bxidmaq09ee7lrfcpm"
    }
  } ],
  "related" : [ ],
  "metadata" : [ {
    "key" : "orderIndex",
    "value" : "4"
  }, {
    "key" : "channel",
    "value" : "mobile",
    "language" : "fra"
  }, {
    "key" : "collectionUri",
    "value" : "children",
    "language" : "fra"
  }, {
    "key" : "publicTitle",
    "value" : "Enfants",
    "language" : "fra"
  } ],
  "children" : [ {
    "path" : "Mobile Media Library/French - Video/Children/Book of Mormon Stories (Classic)",
    "collectionID" : "0a17a65f4d58419cb59b2c780f0478b2bc8747f8",
    "type" : "DEFAULT",
    "lastUpdatedDate" : "2024-02-12T13:58:17.046-07:00",
    "links" : [ {
      "rel" : "details",
      "href" : "https://titanapi.churchofjesuschrist.org/assetsearch/api/v2/collection/details/collectionID/0a17a65f4d58419cb59b2c780f0478b2bc8747f8"
    } ],
    "fileName" : "0a17a65f4d58419cb59b2c780f0478b2bc8747f8.json"
  }, {
    "path" : "Mobile Media Library/French - Video/Children/Children and Youth Program",
    "collectionID" : "ef9b9fd583a340c4a8ea17112d89e3b7b1d82f32",
    "type" : "DEFAULT",
    "lastUpdatedDate" : "2024-08-01T14:59:50.196-06:00",
    "links" : [ {
      "rel" : "details",
      "href" : "https://titanapi.churchofjesuschrist.org/assetsearch/api/v2/collection/details/collectionID/ef9b9fd583a340c4a8ea17112d89e3b7b1d82f32"
    } ],
    "fileName" : "ef9b9fd583a340c4a8ea17112d89e3b7b1d82f32.json"
  }, {
    "path" : "Mobile Media Library/French - Video/Children/Doctrine and Covenants Stories",
    "collectionID" : "8b6c537c7d7a4c918a56bb47d11d6ce8dcb7378a",
    "type" : "DEFAULT",
    "lastUpdatedDate" : "2025-01-10T13:10:21.264-07:00",
    "links" : [ {
      "rel" : "details",
      "href" : "https://titanapi.churchofjesuschrist.org/assetsearch/api/v2/collection/details/collectionID/8b6c537c7d7a4c918a56bb47d11d6ce8dcb7378a"
    } ],
    "fileName" : "8b6c537c7d7a4c918a56bb47d11d6ce8dcb7378a.json"
  }, {
    "path" : "Mobile Media Library/French - Video/Children/New Testament Stories",
    "collectionID" : "30219e7b06fd430d8176703dccdc7970dd617f4c",
    "type" : "DEFAULT",
    "lastUpdatedDate" : "2023-06-21T09:29:18.279-06:00",
    "links" : [ {
      "rel" : "details",
      "href" : "https://titanapi.churchofjesuschrist.org/assetsearch/api/v2/collection/details/collectionID/30219e7b06fd430d8176703dccdc7970dd617f4c"
    } ],
    "fileName" : "30219e7b06fd430d8176703dccdc7970dd617f4c.json"
  }, {
    "path" : "Mobile Media Library/French - Video/Children/Old Testament Stories",
    "collectionID" : "c2cc882d34af4fd18d21bd090d994f99270ad4ad",
    "type" : "DEFAULT",
    "lastUpdatedDate" : "2022-10-25T10:52:31.006-06:00",
    "links" : [ {
      "rel" : "details",
      "href" : "https://titanapi.churchofjesuschrist.org/assetsearch/api/v2/collection/details/collectionID/c2cc882d34af4fd18d21bd090d994f99270ad4ad"
    } ],
    "fileName" : "c2cc882d34af4fd18d21bd090d994f99270ad4ad.json"
  }, {
    "path" : "Mobile Media Library/French - Video/Children/Other Videos",
    "collectionID" : "efe72d2acbeb4aaaaccb99417502c138ec9141a4",
    "type" : "DEFAULT",
    "lastUpdatedDate" : "2022-03-31T23:13:43.790-06:00",
    "links" : [ {
      "rel" : "details",
      "href" : "https://titanapi.churchofjesuschrist.org/assetsearch/api/v2/collection/details/collectionID/efe72d2acbeb4aaaaccb99417502c138ec9141a4"
    } ],
    "fileName" : "efe72d2acbeb4aaaaccb99417502c138ec9141a4.json"
  }, {
    "path" : "Mobile Media Library/French - Video/Children/Growing Faith",
    "collectionID" : "b0c707098612451fbddd0fdaeea95423",
    "type" : "DEFAULT",
    "lastUpdatedDate" : "2024-04-25T12:34:00.364-06:00",
    "links" : [ {
      "rel" : "details",
      "href" : "https://titanapi.churchofjesuschrist.org/assetsearch/api/v2/collection/details/collectionID/b0c707098612451fbddd0fdaeea95423"
    } ],
    "fileName" : "b0c707098612451fbddd0fdaeea95423.json"
  }, {
    "path" : "Mobile Media Library/French - Video/Children/Book of Mormon Stories",
    "collectionID" : "d62d3e6081554b548b9584b7334756f2",
    "type" : "DEFAULT",
    "lastUpdatedDate" : "2024-10-08T09:00:03.091-06:00",
    "links" : [ {
      "rel" : "details",
      "href" : "https://titanapi.churchofjesuschrist.org/assetsearch/api/v2/collection/details/collectionID/d62d3e6081554b548b9584b7334756f2"
    } ],
    "fileName" : "d62d3e6081554b548b9584b7334756f2.json"
  }, {
    "path" : "Mobile Media Library/French - Video/Children/Come Learn with me: Book of Mormon",
    "collectionID" : "e26e3a81c73448398b63e24b96d5cbb4",
    "type" : "DEFAULT",
    "lastUpdatedDate" : "2024-08-01T15:20:18.857-06:00",
    "links" : [ {
      "rel" : "details",
      "href" : "https://titanapi.churchofjesuschrist.org/assetsearch/api/v2/collection/details/collectionID/e26e3a81c73448398b63e24b96d5cbb4"
    } ],
    "fileName" : "e26e3a81c73448398b63e24b96d5cbb4.json"
  }, {
    "path" : "Mobile Media Library/French - Video/Children/Come Learn With Me: Doctrine and Covenants",
    "collectionID" : "4e7494288eda47a8a61a1404c9611b90",
    "type" : "DEFAULT",
    "lastUpdatedDate" : "2025-01-14T11:53:39.328-07:00",
    "links" : [ {
      "rel" : "details",
      "href" : "https://titanapi.churchofjesuschrist.org/assetsearch/api/v2/collection/details/collectionID/4e7494288eda47a8a61a1404c9611b90"
    } ],
    "fileName" : "4e7494288eda47a8a61a1404c9611b90.json"
  }, {
    "path" : "Mobile Media Library/French - Video/Children/Sing-Along Videos",
    "collectionID" : "86e293b2f0aa4d199f9a8fa03821b16b",
    "type" : "DEFAULT",
    "lastUpdatedDate" : "2024-12-09T10:20:43.957-07:00",
    "links" : [ {
      "rel" : "details",
      "href" : "https://titanapi.churchofjesuschrist.org/assetsearch/api/v2/collection/details/collectionID/86e293b2f0aa4d199f9a8fa03821b16b"
    } ],
    "fileName" : "86e293b2f0aa4d199f9a8fa03821b16b.json"
  }, {
    "path" : "Mobile Media Library/French - Video/Children/Friend to Friend",
    "collectionID" : "fe8886c066a540d7a6e22a8d91a7771c",
    "type" : "DEFAULT",
    "lastUpdatedDate" : "2023-08-23T11:47:21.019-06:00",
    "links" : [ {
      "rel" : "details",
      "href" : "https://titanapi.churchofjesuschrist.org/assetsearch/api/v2/collection/details/collectionID/fe8886c066a540d7a6e22a8d91a7771c"
    } ],
    "fileName" : "fe8886c066a540d7a6e22a8d91a7771c.json"
  } ],
  "assets" : [ ],
  "fileName" : "9df1cec3af2d4bb49ba6c74d1be6e530da62dd9f.json",
  "name" : "Children",
  "publicTitle" : "Enfants"
}