{
  "parentCollectionID" : "2a73a834f68146454eded7351f1c4b5a876593da",
  "parentCollectionPath" : "Mobile Media Library/English - Images/Temples",
  "collectionType" : "assets",
  "path" : "Mobile Media Library/English - Images/Temples/Fort Lauderdale Florida Temple",
  "collectionID" : "9faa6c003b3c4ff8a081ad13a70df714",
  "language" : "eng",
  "type" : "DEFAULT",
  "lastUpdatedDate" : "2019-12-23T17:58:29.468-07:00",
  "links" : [ {
    "rel" : "details",
    "href" : "https://titanapi.churchofjesuschrist.org/assetsearch/api/v2/collection/details/collectionID/9faa6c003b3c4ff8a081ad13a70df714"
  } ],
  "coverImages" : [ {
    "asset" : {
      "assetID" : "a3969831f6ee2fb8dd6d29c099d0ff8d1c8a65b8"
    }
  } ],
  "related" : [ ],
  "metadata" : [ {
    "key" : "collectionUri",
    "value" : "fort-lauderdale-florida-temple-images",
    "language" : "eng"
  }, {
    "key" : "publicTitle",
    "value" : "Fort Lauderdale Florida Temple",
    "language" : "eng"
  } ],
  "children" : [ ],
  "assets" : [ {
    "asset" : {
      "assetID" : "1078f2084f2cececda1abd613e8dc1ddb123723f"
    },
    "addedDate" : 1577403066193,
    "metadata" : [ ]
  }, {
    "asset" : {
      "assetID" : "6ea416eb6fb55dd38b448deec6ff723bd27159c6"
    },
    "addedDate" : 1577403015086,
    "metadata" : [ ]
  }, {
    "asset" : {
      "assetID" : "7775182b45dc75414b0c84ac1564322fff821a35"
    },
    "addedDate" : 1577403036749,
    "metadata" : [ ]
  }, {
    "asset" : {
      "assetID" : "aa2c99b56b349f324ea6a2fdcee504151b873104"
    },
    "addedDate" : 1577403029824,
    "metadata" : [ ]
  }, {
    "asset" : {
      "assetID" : "d11d8943ad9e4565e5135c6bbd47752a19cefddb"
    },
    "addedDate" : 1577403058888,
    "metadata" : [ ]
  }, {
    "asset" : {
      "assetID" : "7a66995069da049701afff92cdcd013e77a0bf0e"
    },
    "addedDate" : 1577403044643,
    "metadata" : [ ]
  }, {
    "asset" : {
      "assetID" : "5cb99275640cb6f5d97902337d227c2a8dc02745"
    },
    "addedDate" : 1577403022202,
    "metadata" : [ ]
  }, {
    "asset" : {
      "assetID" : "234d7a21d88eb2f933e98066ec95697f4233dd5c"
    },
    "addedDate" : 1577403008830,
    "metadata" : [ ]
  }, {
    "asset" : {
      "assetID" : "a3969831f6ee2fb8dd6d29c099d0ff8d1c8a65b8"
    },
    "addedDate" : 1577403051500,
    "metadata" : [ ]
  } ],
  "fileName" : "9faa6c003b3c4ff8a081ad13a70df714.json",
  "name" : "Fort Lauderdale Florida Temple",
  "publicTitle" : "Fort Lauderdale Florida Temple"
}