{
  "parentCollectionID" : "94adf8f69c53e833afab86382366e4f36a4fe289",
  "parentCollectionPath" : "Mobile Media Library/English - Video/Callings and Trainings/Leadership/Leadership Training Library/Elders",
  "collectionType" : "assets",
  "path" : "Mobile Media Library/English - Video/Callings and Trainings/Leadership/Leadership Training Library/Elders/7.5 Welfare",
  "collectionID" : "a028ae8513211ea6091135723c56a89c662a29b5",
  "language" : "eng",
  "type" : "DEFAULT",
  "lastUpdatedDate" : "2019-10-28T16:40:50.643-06:00",
  "links" : [ {
    "rel" : "details",
    "href" : "https://titanapi.churchofjesuschrist.org/assetsearch/api/v2/collection/details/collectionID/a028ae8513211ea6091135723c56a89c662a29b5"
  } ],
  "coverImages" : [ {
    "asset" : {
      "assetID" : "0fefc2f6f9eda8fe1eeb128891b8dd9ed992efc7"
    }
  } ],
  "related" : [ ],
  "metadata" : [ {
    "key" : "collectionUri",
    "value" : "ltl-75-welfare",
    "language" : "eng"
  }, {
    "key" : "publicTitle",
    "value" : "7.5 Welfare",
    "language" : "eng"
  } ],
  "children" : [ ],
  "assets" : [ {
    "asset" : {
      "assetID" : "0a3a996853f8c9753dd090f96016b10fdeb43b8d"
    },
    "addedDate" : 1529074748091,
    "metadata" : [ ]
  }, {
    "asset" : {
      "assetID" : "cd92a91e66116421230fcf1836f76a19ee1dade4"
    },
    "addedDate" : 1529074708092,
    "metadata" : [ ]
  } ],
  "fileName" : "a028ae8513211ea6091135723c56a89c662a29b5.json",
  "name" : "7.5 Welfare",
  "publicTitle" : "7.5 Welfare"
}