{
  "parentCollectionID" : "09fefd85cd9706e770b3a16619c14d605904ea98",
  "parentCollectionPath" : "Mobile Media Library/English - Video/Teaching and Lessons/Come, Follow Me",
  "collectionType" : "assets",
  "path" : "Mobile Media Library/English - Video/Teaching and Lessons/Come, Follow Me/2024 Teacher and Leader Training",
  "collectionID" : "a07e87e3117e49ecbde3c41920f5aa77",
  "language" : "eng",
  "type" : "DEFAULT",
  "lastUpdatedDate" : "2023-12-06T13:03:07.420-07:00",
  "links" : [ {
    "rel" : "details",
    "href" : "https://titanapi.churchofjesuschrist.org/assetsearch/api/v2/collection/details/collectionID/a07e87e3117e49ecbde3c41920f5aa77"
  } ],
  "coverImages" : [ {
    "asset" : {
      "assetID" : "29e04f0f615311eeb54deeeeac1e9825404afb91"
    }
  } ],
  "related" : [ ],
  "metadata" : [ {
    "key" : "orderIndex",
    "value" : "12"
  }, {
    "key" : "collectionUri",
    "value" : "come-follow-me-teacher-leader-training-2024",
    "language" : "eng"
  }, {
    "key" : "publicTitle",
    "value" : "2024 Teacher and Leader Training",
    "language" : "eng"
  } ],
  "children" : [ ],
  "assets" : [ {
    "asset" : {
      "assetID" : "8e53bee5692a11ee84deeeeeac1e8e565f64fe5e"
    },
    "index" : 3,
    "addedDate" : 1697296783910,
    "metadata" : [ ]
  }, {
    "asset" : {
      "assetID" : "8e0e0355692a11ee9b16eeeeac1ef38cf8967a2c"
    },
    "index" : 1,
    "addedDate" : 1697296768149,
    "metadata" : [ ]
  }, {
    "asset" : {
      "assetID" : "97479da5692a11eeb402eeeeac1ebc9fc243f57a"
    },
    "index" : 2,
    "addedDate" : 1697296776434,
    "metadata" : [ ]
  }, {
    "asset" : {
      "assetID" : "d0ddbe05692a11ee8340eeeeac1e15b0e3a9198d"
    },
    "index" : 0,
    "addedDate" : 1697296753979,
    "metadata" : [ ]
  } ],
  "fileName" : "a07e87e3117e49ecbde3c41920f5aa77.json",
  "name" : "2024 Teacher and Leader Training",
  "publicTitle" : "2024 Teacher and Leader Training"
}