{
  "parentCollectionID" : "d161cc6c7f844b03a56ee23fc89fd123",
  "parentCollectionPath" : "Mobile Media Library/Spanish - Video/Callings and Trainings",
  "collectionType" : "assets",
  "path" : "Mobile Media Library/Spanish - Video/Callings and Trainings/Teaching in the Savior's Way",
  "collectionID" : "a0a5fdd56f1e427dbe6897aca3b1a0da",
  "language" : "spa",
  "type" : "DEFAULT",
  "lastUpdatedDate" : "2021-04-07T11:03:24.595-06:00",
  "links" : [ {
    "rel" : "details",
    "href" : "https://titanapi.churchofjesuschrist.org/assetsearch/api/v2/collection/details/collectionID/a0a5fdd56f1e427dbe6897aca3b1a0da"
  } ],
  "coverImages" : [ {
    "asset" : {
      "assetID" : "09f1f8c42ba0421a18df0297064bfb036034ca3f"
    }
  } ],
  "related" : [ ],
  "metadata" : [ {
    "key" : "collectionUri",
    "value" : "teaching-in-the-saviors-way-video-collection",
    "language" : "spa"
  }, {
    "key" : "publicTitle",
    "value" : "Enseñar a la manera del Salvador",
    "language" : "spa"
  }, {
    "key" : "orderIndex",
    "value" : "7"
  } ],
  "children" : [ ],
  "assets" : [ {
    "asset" : {
      "assetID" : "18e428cbfa5ffef583c41d0b5d324d82ac8e698b"
    },
    "addedDate" : 1551728609432,
    "metadata" : [ ]
  }, {
    "asset" : {
      "assetID" : "2bbb443406ac3f13decaba2b89ff5c5e6665a4a5"
    },
    "addedDate" : 1551728576065,
    "metadata" : [ ]
  }, {
    "asset" : {
      "assetID" : "2cddc384feb2a374aa7fca4d0ed0889e51552238"
    },
    "addedDate" : 1551728648401,
    "metadata" : [ ]
  }, {
    "asset" : {
      "assetID" : "398b5ea237cc55585d95a934520bcff7caea3cc3"
    },
    "addedDate" : 1551729128921,
    "metadata" : [ ]
  }, {
    "asset" : {
      "assetID" : "5fba59e1d07f0279c9f36f06ea895852ca1528f6"
    },
    "addedDate" : 1551729150855,
    "metadata" : [ ]
  }, {
    "asset" : {
      "assetID" : "66bd3f0e552940477c98016a2bc2cbc6fd2fce1b"
    },
    "addedDate" : 1551729077359,
    "metadata" : [ ]
  }, {
    "asset" : {
      "assetID" : "c8bd35ff0145af0c04227bd28c7367716e190de9"
    },
    "addedDate" : 1551729102213,
    "metadata" : [ ]
  }, {
    "asset" : {
      "assetID" : "c16746ebb367f6ebee5df76306dc77f800f84513"
    },
    "addedDate" : 1551728161168,
    "metadata" : [ ]
  } ],
  "fileName" : "a0a5fdd56f1e427dbe6897aca3b1a0da.json",
  "name" : "Teaching in the Savior's Way",
  "publicTitle" : "Enseñar a la manera del Salvador"
}