{
  "parentCollectionID" : "82aa484a719f4db2893e75ebefe44d97",
  "parentCollectionPath" : "Mobile Media Library/English - Video/Community Outreach/Humanitarian Efforts",
  "collectionType" : "assets",
  "path" : "Mobile Media Library/English - Video/Community Outreach/Humanitarian Efforts/Humanitarian Visitor Center Films",
  "collectionID" : "a0f6767a7bae4e53bcf055d3a2cf7a06",
  "language" : "eng",
  "type" : "DEFAULT",
  "lastUpdatedDate" : "2019-12-17T18:01:33.699-07:00",
  "links" : [ {
    "rel" : "details",
    "href" : "https://titanapi.churchofjesuschrist.org/assetsearch/api/v2/collection/details/collectionID/a0f6767a7bae4e53bcf055d3a2cf7a06"
  } ],
  "coverImages" : [ {
    "asset" : {
      "assetID" : "3a710ad9b0b5756689475e0bd316e30b3744c3c6"
    }
  } ],
  "related" : [ ],
  "metadata" : [ {
    "key" : "collectionUri",
    "value" : "humanitarian-visitor-center-films",
    "language" : "eng"
  }, {
    "key" : "publicTitle",
    "value" : "Humanitarian Visitor Center Films",
    "language" : "eng"
  } ],
  "children" : [ ],
  "assets" : [ {
    "asset" : {
      "assetID" : "1d478e11962cba3afe4004a67553d4fcdb5959b3"
    },
    "addedDate" : 1632956825343,
    "metadata" : [ ]
  }, {
    "asset" : {
      "assetID" : "5D013EF792F97832F96F3310FAC472D7C01DE75D"
    },
    "addedDate" : 1576631859476,
    "metadata" : [ ]
  }, {
    "asset" : {
      "assetID" : "3e0ef8b971f76ec1696fd79aeea4d5dad9a5b777"
    },
    "addedDate" : 1576659585541,
    "metadata" : [ ]
  }, {
    "asset" : {
      "assetID" : "57b842450250339f5a8e18e16f60386f6c415354"
    },
    "addedDate" : 1576631859476,
    "metadata" : [ ]
  }, {
    "asset" : {
      "assetID" : "c85e37a86a25e6d482ba5b627862b8ca202c16cd"
    },
    "addedDate" : 1576631859476,
    "metadata" : [ ]
  } ],
  "fileName" : "a0f6767a7bae4e53bcf055d3a2cf7a06.json",
  "name" : "Humanitarian Visitor Center Films",
  "publicTitle" : "Humanitarian Visitor Center Films"
}