{
  "parentCollectionID" : "1007040b8cdd4e47b0eae01d80e4826f",
  "parentCollectionPath" : "Mobile Media Library/Spanish - Video/Videos for Children",
  "collectionType" : "assets",
  "path" : "Mobile Media Library/Spanish - Video/Videos for Children/Sing-Along Videos",
  "collectionID" : "a200d313aa9f46549ef2beb7494592fb",
  "language" : "spa",
  "type" : "DEFAULT",
  "lastUpdatedDate" : "2024-11-22T13:34:42.906-07:00",
  "links" : [ {
    "rel" : "details",
    "href" : "https://titanapi.churchofjesuschrist.org/assetsearch/api/v2/collection/details/collectionID/a200d313aa9f46549ef2beb7494592fb"
  } ],
  "coverImages" : [ {
    "asset" : {
      "assetID" : "272ac6f0e72e554390dc04b315f44c8274be2501"
    }
  } ],
  "related" : [ ],
  "metadata" : [ {
    "key" : "orderIndex",
    "value" : "9"
  }, {
    "key" : "collectionUri",
    "value" : "children-sing-along-videos",
    "language" : "spa"
  }, {
    "key" : "publicTitle",
    "value" : "Canciones para cantar juntos",
    "language" : "spa"
  } ],
  "children" : [ ],
  "assets" : [ {
    "asset" : {
      "assetID" : "0876527C5E5AD5C5A99A8F0A3DC82807FB9AA12E"
    },
    "index" : 1,
    "addedDate" : 1662742431765,
    "metadata" : [ ]
  }, {
    "asset" : {
      "assetID" : "2013-06-1041-missionary-song-medley-spa"
    },
    "index" : 4,
    "addedDate" : 1662748840901,
    "metadata" : [ ]
  }, {
    "asset" : {
      "assetID" : "74185b2f09d311ec9ee7eeeeac1e7c538d9acae3"
    },
    "index" : 3,
    "addedDate" : 1662746498091,
    "metadata" : [ ]
  }, {
    "asset" : {
      "assetID" : "487e0c765f2d11ecab54eeeeac1e058fdbe16da2"
    },
    "index" : 5,
    "addedDate" : 1662750845914,
    "metadata" : [ ]
  }, {
    "asset" : {
      "assetID" : "a5bc5f2d7eec11ec9409eeeeac1e095490a410b2"
    },
    "index" : 2,
    "addedDate" : 1662743094206,
    "metadata" : [ ]
  }, {
    "asset" : {
      "assetID" : "ab85e8442fe511ee8434eeeeac1e9ed258595a86"
    },
    "index" : 10,
    "addedDate" : 1698094924309,
    "metadata" : [ ]
  }, {
    "asset" : {
      "assetID" : "adde57342fe511eea150eeeeac1ee5042d96ab3b"
    },
    "index" : 11,
    "addedDate" : 1698094930891,
    "metadata" : [ ]
  }, {
    "asset" : {
      "assetID" : "cbcd4df22fe511ee9240eeeeac1e9fd392422b46"
    },
    "index" : 12,
    "addedDate" : 1698094941665,
    "metadata" : [ ]
  }, {
    "asset" : {
      "assetID" : "c2efa4662fe711ee8b8feeeeac1eb21508df893b"
    },
    "index" : 24,
    "addedDate" : 1698095031940,
    "metadata" : [ ]
  }, {
    "asset" : {
      "assetID" : "bd7212972fe511eeb656eeeeac1e22656b84ccf2"
    },
    "index" : 14,
    "addedDate" : 1698094961918,
    "metadata" : [ ]
  }, {
    "asset" : {
      "assetID" : "c1beb0692fe511eeb86eeeeeac1e3a8d6e35b4c2"
    },
    "index" : 15,
    "addedDate" : 1698094968216,
    "metadata" : [ ]
  }, {
    "asset" : {
      "assetID" : "042a2b052fe611ee9f2ceeeeac1e465a54c87aa1"
    },
    "index" : 16,
    "addedDate" : 1698094975120,
    "metadata" : [ ]
  }, {
    "asset" : {
      "assetID" : "cf7e6f1a2fe511eea2a0eeeeac1eb37ca60be822"
    },
    "index" : 17,
    "addedDate" : 1698094982662,
    "metadata" : [ ]
  }, {
    "asset" : {
      "assetID" : "cbfc26242fe511eea734eeeeac1e81ea57713ff8"
    },
    "index" : 18,
    "addedDate" : 1698094990265,
    "metadata" : [ ]
  }, {
    "asset" : {
      "assetID" : "d0bf2c732fe511eeb88beeeeac1e1032625d2cad"
    },
    "index" : 19,
    "addedDate" : 1698094996965,
    "metadata" : [ ]
  }, {
    "asset" : {
      "assetID" : "fc71645a2fe511eeb86eeeeeac1e3a8dbda319d3"
    },
    "index" : 20,
    "addedDate" : 1698095004609,
    "metadata" : [ ]
  }, {
    "asset" : {
      "assetID" : "dbc178d42fe511ee9f3ceeeeac1ef64edd91aa35"
    },
    "index" : 21,
    "addedDate" : 1698095011477,
    "metadata" : [ ]
  }, {
    "asset" : {
      "assetID" : "dee7bf122fe511eebc57eeeeac1e1c535979e04e"
    },
    "index" : 22,
    "addedDate" : 1698095017953,
    "metadata" : [ ]
  }, {
    "asset" : {
      "assetID" : "de37a8f92fe511ee9a6feeeeac1eecca0faffadb"
    },
    "index" : 23,
    "addedDate" : 1698095025189,
    "metadata" : [ ]
  }, {
    "asset" : {
      "assetID" : "a28d4e9e2fe511ee96bdeeeeac1ed453cf4cec8d"
    },
    "index" : 6,
    "addedDate" : 1698094890526,
    "metadata" : [ ]
  }, {
    "asset" : {
      "assetID" : "ae72a7f42fe511ee8b8feeeeac1eb215de612112"
    },
    "index" : 7,
    "addedDate" : 1698094897161,
    "metadata" : [ ]
  }, {
    "asset" : {
      "assetID" : "a14f9e762fe511eebf17eeeeac1e6394676e34d8"
    },
    "index" : 8,
    "addedDate" : 1698094903438,
    "metadata" : [ ]
  }, {
    "asset" : {
      "assetID" : "a69801682fe511eea2a0eeeeac1eb37cba8f01f6"
    },
    "index" : 9,
    "addedDate" : 1698094910681,
    "metadata" : [ ]
  }, {
    "asset" : {
      "assetID" : "a3bb474a2fe511eeab8ceeeeac1e59ac82ff86b6"
    },
    "index" : 28,
    "addedDate" : 1706340291364,
    "metadata" : [ ]
  }, {
    "asset" : {
      "assetID" : "e93f0bf0308911ee8eb2eeeeac1e598ffbadd19b"
    },
    "index" : 13,
    "addedDate" : 1698094955104,
    "metadata" : [ ]
  }, {
    "asset" : {
      "assetID" : "f4431025686711eea38feeeeac1e4f975447e4a0"
    },
    "index" : 25,
    "addedDate" : 1698434526165,
    "metadata" : [ ]
  }, {
    "asset" : {
      "assetID" : "03e1de71ab5811ee836ceeeeac1e4b8f28b41ea9"
    },
    "index" : 37,
    "addedDate" : 1706580844391,
    "metadata" : [ ]
  }, {
    "asset" : {
      "assetID" : "5789945bab5811ee9d0feeeeac1e142ec8cc5004"
    },
    "index" : 30,
    "addedDate" : 1706340335000,
    "metadata" : [ ]
  }, {
    "asset" : {
      "assetID" : "59190e04ab5811ee9b45eeeeac1e67fe8d21d4a7"
    },
    "index" : 26,
    "addedDate" : 1706340224238,
    "metadata" : [ ]
  }, {
    "asset" : {
      "assetID" : "5c024b41ab5811ee985deeeeac1e778d0a84c006"
    },
    "index" : 29,
    "addedDate" : 1706340313493,
    "metadata" : [ ]
  }, {
    "asset" : {
      "assetID" : "6b989eb2ab5811ee90d9eeeeac1e409319d5b71f"
    },
    "index" : 32,
    "addedDate" : 1706340372797,
    "metadata" : [ ]
  }, {
    "asset" : {
      "assetID" : "6c56e5a8ab5811ee8d15eeeeac1e651ebfa37cb7"
    },
    "index" : 33,
    "addedDate" : 1706340441289,
    "metadata" : [ ]
  }, {
    "asset" : {
      "assetID" : "772aa7e5ab5811ee9982eeeeac1e292b0d79f3eb"
    },
    "index" : 31,
    "addedDate" : 1706340365687,
    "metadata" : [ ]
  }, {
    "asset" : {
      "assetID" : "998228f1ab5811eea5e1eeeeac1e72f4750772e7"
    },
    "index" : 34,
    "addedDate" : 1706340471795,
    "metadata" : [ ]
  }, {
    "asset" : {
      "assetID" : "226161d5b00011eebd70eeeeac1ec2d72e022b4c"
    },
    "index" : 27,
    "addedDate" : 1706340270034,
    "metadata" : [ ]
  }, {
    "asset" : {
      "assetID" : "4311f2cbb65111eea296eeeeac1eb82284f92b8e"
    },
    "index" : 35,
    "addedDate" : 1706340523830,
    "metadata" : [ ]
  }, {
    "asset" : {
      "assetID" : "6d81963cba1611eeb914eeeeac1e67d9a79af82d"
    },
    "index" : 36,
    "addedDate" : 1706340532168,
    "metadata" : [ ]
  }, {
    "asset" : {
      "assetID" : "ekqmqu66rlv79vml2jilcw947l32q8o3imsae2vw"
    },
    "index" : 0,
    "addedDate" : 1732301156692,
    "metadata" : [ ]
  } ],
  "fileName" : "a200d313aa9f46549ef2beb7494592fb.json",
  "name" : "Sing-Along Videos",
  "publicTitle" : "Canciones para cantar juntos"
}