{
  "parentCollectionID" : "f70d6123d9034b4a8e8a68dcc19b4c1b39d95cf5",
  "parentCollectionPath" : "Mobile Media Library/Russian - Video/Topics",
  "collectionType" : "assets",
  "path" : "Mobile Media Library/Russian - Video/Topics/Plan of Salvation",
  "collectionID" : "a2cfae43a398441894a15259e3bdfa6e27343bb1",
  "language" : "rus",
  "type" : "DEFAULT",
  "lastUpdatedDate" : "2023-06-09T15:37:02.959-06:00",
  "links" : [ {
    "rel" : "details",
    "href" : "https://titanapi.churchofjesuschrist.org/assetsearch/api/v2/collection/details/collectionID/a2cfae43a398441894a15259e3bdfa6e27343bb1"
  } ],
  "coverImages" : [ {
    "asset" : {
      "assetID" : "6bc206283411f6312388606a519e66a6ad1f68de"
    }
  } ],
  "related" : [ ],
  "metadata" : [ {
    "key" : "orderIndex",
    "value" : "23"
  }, {
    "key" : "collectionUri",
    "value" : "plan-of-salvation-topic",
    "language" : "rus"
  }, {
    "key" : "publicTitle",
    "value" : "План спасения",
    "language" : "rus"
  } ],
  "children" : [ ],
  "assets" : [ {
    "asset" : {
      "assetID" : "87f745449712b800e429a3e417c4dacc41e2ae0d"
    },
    "index" : 0,
    "addedDate" : 1648866312830,
    "metadata" : [ ]
  } ],
  "fileName" : "a2cfae43a398441894a15259e3bdfa6e27343bb1.json",
  "name" : "Plan of Salvation",
  "publicTitle" : "План спасения"
}