{
  "parentCollectionID" : "0956b17a54704974884d8e0713d30a52ce259da7",
  "parentCollectionPath" : "Mobile Media Library/Hungarian - Video/Life Help/Self-Reliance Services and PEF/Starting and Growing My Business",
  "collectionType" : "collections",
  "path" : "Mobile Media Library/Hungarian - Video/Life Help/Self-Reliance Services and PEF/Starting and Growing My Business/Chapter 11: How will I increase my profits?",
  "collectionID" : "a2d056b70d89444b8fdc5713a58ba278978b427a",
  "language" : "hun",
  "type" : "DEFAULT",
  "lastUpdatedDate" : "2022-07-21T21:39:57.719-06:00",
  "links" : [ {
    "rel" : "details",
    "href" : "https://titanapi.churchofjesuschrist.org/assetsearch/api/v2/collection/details/collectionID/a2d056b70d89444b8fdc5713a58ba278978b427a"
  } ],
  "coverImages" : [ {
    "asset" : {
      "assetID" : "cacc74b55a457e543375ebeed0563effc0ab6950"
    }
  } ],
  "related" : [ ],
  "metadata" : [ {
    "key" : "collectionUri",
    "value" : "chapter-11-how-will-i-increase-my-profits",
    "language" : "hun"
  } ],
  "children" : [ ],
  "assets" : [ ],
  "fileName" : "a2d056b70d89444b8fdc5713a58ba278978b427a.json",
  "name" : "Chapter 11: How will I increase my profits?"
}