{
  "parentCollectionID" : "caa040bc178b73e1d9139270ff97db6adcba624a",
  "parentCollectionPath" : "Mobile Media Library/Portuguese - Video/Life Help/Addiction",
  "collectionType" : "assets",
  "path" : "Mobile Media Library/Portuguese - Video/Life Help/Addiction/Addiction: Personal Stories",
  "collectionID" : "a2f6d7db4ef045349fccac4f3b46c1f8",
  "language" : "por",
  "type" : "DEFAULT",
  "lastUpdatedDate" : "2024-12-06T06:06:39.938-07:00",
  "links" : [ {
    "rel" : "details",
    "href" : "https://titanapi.churchofjesuschrist.org/assetsearch/api/v2/collection/details/collectionID/a2f6d7db4ef045349fccac4f3b46c1f8"
  } ],
  "coverImages" : [ {
    "asset" : {
      "assetID" : "27e36fd397a6dccb2bc35fb71190eb83102292c5"
    }
  } ],
  "related" : [ ],
  "metadata" : [ {
    "key" : "collectionUri",
    "value" : "addiction-personal-stories",
    "language" : "por"
  }, {
    "key" : "publicTitle",
    "value" : "Vício",
    "language" : "por"
  } ],
  "children" : [ ],
  "assets" : [ {
    "asset" : {
      "assetID" : "7eaf1f7f084d3e474394d5e646669515c5250017"
    },
    "index" : 10,
    "addedDate" : 1617390638990,
    "metadata" : [ ]
  }, {
    "asset" : {
      "assetID" : "0c06ee60a74edf69689050f7e3212e034fc85f03"
    },
    "index" : 12,
    "addedDate" : 1617390638996,
    "metadata" : [ ]
  }, {
    "asset" : {
      "assetID" : "2d94eb5a132f6b35515d2222356855093cc08499"
    },
    "index" : 15,
    "addedDate" : 1617390639006,
    "metadata" : [ ]
  }, {
    "asset" : {
      "assetID" : "dd7126b8b3cbe0dd117681854dacdfa2c979d010"
    },
    "index" : 0,
    "addedDate" : 1617390638960,
    "metadata" : [ ]
  }, {
    "asset" : {
      "assetID" : "ad1fccc484361ec9fb1be06b04277eba0c3bf764"
    },
    "index" : 4,
    "addedDate" : 1617390638970,
    "metadata" : [ ]
  }, {
    "asset" : {
      "assetID" : "49ff5fa0edad20d2eeb2bb0b60c2a80c4bdda441"
    },
    "index" : 11,
    "addedDate" : 1617390638993,
    "metadata" : [ ]
  }, {
    "asset" : {
      "assetID" : "9e6ca1a022e4b65489408a0ce906f9c90332ad9d"
    },
    "index" : 2,
    "addedDate" : 1733489437211,
    "metadata" : [ ]
  }, {
    "asset" : {
      "assetID" : "fbd78f05e1df80a42a96ae699a0f346b16084524"
    },
    "index" : 8,
    "addedDate" : 1733489224522,
    "metadata" : [ ]
  }, {
    "asset" : {
      "assetID" : "48306dfd0fc114700ce752053461660ceaecdbbc"
    },
    "index" : 19,
    "addedDate" : 1734608544474,
    "metadata" : [ ]
  }, {
    "asset" : {
      "assetID" : "4a0b932d4354c57d3eb5288bd40420ec45e2786b"
    },
    "index" : 16,
    "addedDate" : 1733489869670,
    "metadata" : [ ]
  }, {
    "asset" : {
      "assetID" : "01ba656750076f3cd9d1a144badb8fa0f68c0626"
    },
    "index" : 13,
    "addedDate" : 1733490295604,
    "metadata" : [ ]
  }, {
    "asset" : {
      "assetID" : "3ae73784cb0d2164da25cc23bae989c074d5def4"
    },
    "index" : 9,
    "addedDate" : 1733490119423,
    "metadata" : [ ]
  }, {
    "asset" : {
      "assetID" : "718d7baa2e6bc827f84fbc87db6a3fd06b84fc8d"
    },
    "index" : 20,
    "addedDate" : 1734608568843,
    "metadata" : [ ]
  }, {
    "asset" : {
      "assetID" : "54cd5f40b362e036f4e401c9dc618bddd89bc4f0"
    },
    "index" : 6,
    "addedDate" : 1733490304969,
    "metadata" : [ ]
  }, {
    "asset" : {
      "assetID" : "6278b65ed88001c67831527e5d2362f2cde4ca40"
    },
    "index" : 18,
    "addedDate" : 1654472263512,
    "metadata" : [ ]
  }, {
    "asset" : {
      "assetID" : "ecff3cb03ec5170a87fb7a0c8455208b8a00fca1"
    },
    "index" : 1,
    "addedDate" : 1733489327119,
    "metadata" : [ ]
  }, {
    "asset" : {
      "assetID" : "2010374aa4fe77e135f9a1965429b074c87d5509"
    },
    "index" : 7,
    "addedDate" : 1733489884433,
    "metadata" : [ ]
  }, {
    "asset" : {
      "assetID" : "a1643c0c97376d4c89331b00767999cb6d608a67"
    },
    "index" : 5,
    "addedDate" : 1733489521824,
    "metadata" : [ ]
  }, {
    "asset" : {
      "assetID" : "b1e93e7ac90dc613cbaa39af3dd9c5f5a33a15c7"
    },
    "index" : 3,
    "addedDate" : 1733489758460,
    "metadata" : [ ]
  }, {
    "asset" : {
      "assetID" : "e8ac6a8a4297e2f06d3cfc0ed026aeed5e644574"
    },
    "index" : 14,
    "addedDate" : 1733490130780,
    "metadata" : [ ]
  }, {
    "asset" : {
      "assetID" : "beb8d60a21f511ecbc34eeeeac1e09a535702559"
    },
    "index" : 17,
    "addedDate" : 1654472146089,
    "metadata" : [ ]
  } ],
  "fileName" : "a2f6d7db4ef045349fccac4f3b46c1f8.json",
  "name" : "Addiction: Personal Stories",
  "publicTitle" : "Vício"
}