{
  "parentCollectionID" : "faaf6bef0456c4c1f582be8783973fff6eb7c017",
  "parentCollectionPath" : "Mobile Media Library/English - Video/Callings and Trainings/Leadership/Hasten the Work",
  "collectionType" : "assets",
  "path" : "Mobile Media Library/English - Video/Callings and Trainings/Leadership/Hasten the Work/Special Broadcast: The Work of Salvation",
  "collectionID" : "a55b15d45c318f74e5b613fc48262d239ea4aa91",
  "language" : "eng",
  "type" : "DEFAULT",
  "lastUpdatedDate" : "2019-10-28T16:40:50.643-06:00",
  "links" : [ {
    "rel" : "details",
    "href" : "https://titanapi.churchofjesuschrist.org/assetsearch/api/v2/collection/details/collectionID/a55b15d45c318f74e5b613fc48262d239ea4aa91"
  } ],
  "coverImages" : [ {
    "asset" : {
      "assetID" : "601d06428279200942a75b943c4c91e29d3c49fa"
    }
  } ],
  "related" : [ ],
  "metadata" : [ {
    "key" : "collectionUri",
    "value" : "special-broadcast-the-work-of-salvation",
    "language" : "eng"
  }, {
    "key" : "publicTitle",
    "value" : "Special Broadcast: The Work of Salvation",
    "language" : "eng"
  } ],
  "children" : [ ],
  "assets" : [ {
    "asset" : {
      "assetID" : "2013-06-1001-hark-all-ye-nations-eng9e33"
    },
    "addedDate" : 1497552738078,
    "metadata" : [ ]
  }, {
    "asset" : {
      "assetID" : "2013-06-1000-the-work-of-salvation-eng"
    },
    "addedDate" : 1579665830033,
    "metadata" : [ ]
  }, {
    "asset" : {
      "assetID" : "2013-06-1041-missionary-song-medley-eng"
    },
    "addedDate" : 1497552772017,
    "metadata" : [ ]
  }, {
    "asset" : {
      "assetID" : "39ee35104e5272324ea854b1dd3a2399037e0f10"
    },
    "addedDate" : 1632956833181,
    "metadata" : [ ]
  }, {
    "asset" : {
      "assetID" : "2013-06-1050-elder-russell-m-nelson-eng"
    },
    "addedDate" : 1592396737307,
    "metadata" : [ ]
  }, {
    "asset" : {
      "assetID" : "2013-06-1010-elder-jeffrey-r-holland-eng"
    },
    "addedDate" : 1632956826110,
    "metadata" : [ ]
  }, {
    "asset" : {
      "assetID" : "2013-06-1070-president-thomas-s-monson-eng"
    },
    "addedDate" : 1592396737464,
    "metadata" : [ ]
  }, {
    "asset" : {
      "assetID" : "2013-06-1040-elder-neil-l-andersen-eng"
    },
    "addedDate" : 1592396737198,
    "metadata" : [ ]
  }, {
    "asset" : {
      "assetID" : "2013-06-1030-elder-l-tom-perry-eng"
    },
    "addedDate" : 1632956826235,
    "metadata" : [ ]
  }, {
    "asset" : {
      "assetID" : "2013-06-1060-president-boyd-k-packer-eng"
    },
    "addedDate" : 1595218251895,
    "metadata" : [ ]
  }, {
    "asset" : {
      "assetID" : "2013-06-1080-elder-jeffrey-r-holland-eng"
    },
    "addedDate" : 1595218251942,
    "metadata" : [ ]
  }, {
    "asset" : {
      "assetID" : "2013-06-1071-called-to-serve-engdf3ea3b6"
    },
    "addedDate" : 1632956826297,
    "metadata" : [ ]
  }, {
    "asset" : {
      "assetID" : "2013-06-1020-elder-jeffrey-r-holland-eng"
    },
    "addedDate" : 1632956826157,
    "metadata" : [ ]
  } ],
  "fileName" : "a55b15d45c318f74e5b613fc48262d239ea4aa91.json",
  "name" : "Special Broadcast: The Work of Salvation",
  "publicTitle" : "Special Broadcast: The Work of Salvation"
}