{
  "parentCollectionID" : "70e192681b97404489263939aff3a33d68a7a07b",
  "parentCollectionPath" : "Mobile Media Library/Mandarin Simplified - Video/Life Help/Addiction",
  "collectionType" : "collections",
  "path" : "Mobile Media Library/Mandarin Simplified - Video/Life Help/Addiction/12 Steps to Change",
  "collectionID" : "a5899c946e6040c4842ee8a1d458095241f3d6ad",
  "type" : "DEFAULT",
  "lastUpdatedDate" : "2022-04-07T15:29:38.950-06:00",
  "links" : [ {
    "rel" : "details",
    "href" : "https://titanapi.churchofjesuschrist.org/assetsearch/api/v2/collection/details/collectionID/a5899c946e6040c4842ee8a1d458095241f3d6ad"
  } ],
  "coverImages" : [ {
    "asset" : {
      "assetID" : "649f723fc0986590d3ea91d72805a93c48772985"
    }
  } ],
  "related" : [ ],
  "metadata" : [ {
    "key" : "collectionUri",
    "value" : "12-steps-to-change"
  }, {
    "key" : "orderIndex",
    "value" : "3"
  } ],
  "children" : [ ],
  "assets" : [ ],
  "fileName" : "a5899c946e6040c4842ee8a1d458095241f3d6ad.json",
  "name" : "12 Steps to Change"
}