{
  "parentCollectionID" : "ddb7c333641c406085b967fda179b25ab9f72d4c",
  "parentCollectionPath" : "Mobile Media Library/Mandarin Simplified - Video/Life Help/Self-Reliance Services and PEF/Education for Better Work",
  "collectionType" : "collections",
  "path" : "Mobile Media Library/Mandarin Simplified - Video/Life Help/Self-Reliance Services and PEF/Education for Better Work/Chapter 5: How will I succeed in the classroom?",
  "collectionID" : "a5d546bd6223437ca3090dadb49dae329df86e80",
  "type" : "DEFAULT",
  "lastUpdatedDate" : "2022-08-19T09:34:26.991-06:00",
  "links" : [ {
    "rel" : "details",
    "href" : "https://titanapi.churchofjesuschrist.org/assetsearch/api/v2/collection/details/collectionID/a5d546bd6223437ca3090dadb49dae329df86e80"
  } ],
  "coverImages" : [ {
    "asset" : {
      "assetID" : "0dd8ca6aeae92527eebf6d545adb4f18e10017e7"
    }
  } ],
  "related" : [ ],
  "metadata" : [ {
    "key" : "collectionUri",
    "value" : "chapter-5-how-will-i-succeed-in-the-classroom"
  } ],
  "children" : [ ],
  "assets" : [ ],
  "fileName" : "a5d546bd6223437ca3090dadb49dae329df86e80.json",
  "name" : "Chapter 5: How will I succeed in the classroom?"
}