{
  "parentCollectionID" : "9e692cfb3bab43768f77c3f3af35750d1c2c074a",
  "parentCollectionPath" : "Mobile Media Library/Italian - Video/Scriptural Reenactments and Teachings/Book of Mormon",
  "collectionType" : "collections",
  "path" : "Mobile Media Library/Italian - Video/Scriptural Reenactments and Teachings/Book of Mormon/Book of Mormon Videos",
  "collectionID" : "a649d99e8e654e7195ed7eaf20c0155cda0d1a3b",
  "language" : "ita",
  "type" : "DEFAULT",
  "lastUpdatedDate" : "2024-09-06T12:18:48.976-06:00",
  "links" : [ {
    "rel" : "details",
    "href" : "https://titanapi.churchofjesuschrist.org/assetsearch/api/v2/collection/details/collectionID/a649d99e8e654e7195ed7eaf20c0155cda0d1a3b"
  } ],
  "coverImages" : [ {
    "asset" : {
      "assetID" : "a8813c6a2fa311ed8bb5eeeeac1e4a24dda998bf"
    }
  } ],
  "related" : [ ],
  "metadata" : [ {
    "key" : "orderIndex",
    "value" : "1"
  }, {
    "key" : "channel",
    "value" : "mobile",
    "language" : "ita"
  }, {
    "key" : "collectionUri",
    "value" : "book-of-mormon-videos",
    "language" : "ita"
  }, {
    "key" : "publicTitle",
    "value" : "Video del Libro di Mormon",
    "language" : "ita"
  } ],
  "children" : [ {
    "path" : "Mobile Media Library/Italian - Video/Scriptural Reenactments and Teachings/Book of Mormon/Book of Mormon Videos/1 Nephi 1-2",
    "collectionID" : "2b9c13ad4fc04464b25a3b8805fca1b5dafc3c05",
    "type" : "DEFAULT",
    "lastUpdatedDate" : "2024-09-06T12:18:04.255-06:00",
    "links" : [ {
      "rel" : "details",
      "href" : "https://titanapi.churchofjesuschrist.org/assetsearch/api/v2/collection/details/collectionID/2b9c13ad4fc04464b25a3b8805fca1b5dafc3c05"
    } ],
    "fileName" : "2b9c13ad4fc04464b25a3b8805fca1b5dafc3c05.json"
  }, {
    "path" : "Mobile Media Library/Italian - Video/Scriptural Reenactments and Teachings/Book of Mormon/Book of Mormon Videos/1 Nephi 16",
    "collectionID" : "6a73904aa5e2410b9760da967cafaee0fb1bf39c",
    "type" : "DEFAULT",
    "lastUpdatedDate" : "2024-09-06T12:13:58.302-06:00",
    "links" : [ {
      "rel" : "details",
      "href" : "https://titanapi.churchofjesuschrist.org/assetsearch/api/v2/collection/details/collectionID/6a73904aa5e2410b9760da967cafaee0fb1bf39c"
    } ],
    "fileName" : "6a73904aa5e2410b9760da967cafaee0fb1bf39c.json"
  }, {
    "path" : "Mobile Media Library/Italian - Video/Scriptural Reenactments and Teachings/Book of Mormon/Book of Mormon Videos/1 Nephi 17-18",
    "collectionID" : "4e06bd9f7ec74008be7e9c911e1621783a54fd7f",
    "type" : "DEFAULT",
    "lastUpdatedDate" : "2024-09-06T12:12:54.119-06:00",
    "links" : [ {
      "rel" : "details",
      "href" : "https://titanapi.churchofjesuschrist.org/assetsearch/api/v2/collection/details/collectionID/4e06bd9f7ec74008be7e9c911e1621783a54fd7f"
    } ],
    "fileName" : "4e06bd9f7ec74008be7e9c911e1621783a54fd7f.json"
  }, {
    "path" : "Mobile Media Library/Italian - Video/Scriptural Reenactments and Teachings/Book of Mormon/Book of Mormon Videos/1 Nephi 18",
    "collectionID" : "fc2f6dee310343be8e52efe8da6dc0732ade00b7",
    "type" : "DEFAULT",
    "lastUpdatedDate" : "2024-09-06T12:12:30.251-06:00",
    "links" : [ {
      "rel" : "details",
      "href" : "https://titanapi.churchofjesuschrist.org/assetsearch/api/v2/collection/details/collectionID/fc2f6dee310343be8e52efe8da6dc0732ade00b7"
    } ],
    "fileName" : "fc2f6dee310343be8e52efe8da6dc0732ade00b7.json"
  }, {
    "path" : "Mobile Media Library/Italian - Video/Scriptural Reenactments and Teachings/Book of Mormon/Book of Mormon Videos/1 Nephi 3-5",
    "collectionID" : "e1f22c81d7ca46fb98cb2cca8c658399edeccf62",
    "type" : "DEFAULT",
    "lastUpdatedDate" : "2024-09-06T12:17:30.949-06:00",
    "links" : [ {
      "rel" : "details",
      "href" : "https://titanapi.churchofjesuschrist.org/assetsearch/api/v2/collection/details/collectionID/e1f22c81d7ca46fb98cb2cca8c658399edeccf62"
    } ],
    "fileName" : "e1f22c81d7ca46fb98cb2cca8c658399edeccf62.json"
  }, {
    "path" : "Mobile Media Library/Italian - Video/Scriptural Reenactments and Teachings/Book of Mormon/Book of Mormon Videos/1 Nephi 7",
    "collectionID" : "30cdf68d27754a3b8af084b36aee0501f16d48d9",
    "type" : "DEFAULT",
    "lastUpdatedDate" : "2024-09-06T12:15:00.871-06:00",
    "links" : [ {
      "rel" : "details",
      "href" : "https://titanapi.churchofjesuschrist.org/assetsearch/api/v2/collection/details/collectionID/30cdf68d27754a3b8af084b36aee0501f16d48d9"
    } ],
    "fileName" : "30cdf68d27754a3b8af084b36aee0501f16d48d9.json"
  }, {
    "path" : "Mobile Media Library/Italian - Video/Scriptural Reenactments and Teachings/Book of Mormon/Book of Mormon Videos/1 Nephi 8",
    "collectionID" : "4a27ac6445e04694aa16e966707a2aec57ce6e0c",
    "type" : "DEFAULT",
    "lastUpdatedDate" : "2024-09-06T12:14:44.025-06:00",
    "links" : [ {
      "rel" : "details",
      "href" : "https://titanapi.churchofjesuschrist.org/assetsearch/api/v2/collection/details/collectionID/4a27ac6445e04694aa16e966707a2aec57ce6e0c"
    } ],
    "fileName" : "4a27ac6445e04694aa16e966707a2aec57ce6e0c.json"
  }, {
    "path" : "Mobile Media Library/Italian - Video/Scriptural Reenactments and Teachings/Book of Mormon/Book of Mormon Videos/2 Nephi 1-4",
    "collectionID" : "8c08e6f3e6cb4b7c80d6662f0a147619e5f0b51d",
    "type" : "DEFAULT",
    "lastUpdatedDate" : "2024-09-06T12:12:13.621-06:00",
    "links" : [ {
      "rel" : "details",
      "href" : "https://titanapi.churchofjesuschrist.org/assetsearch/api/v2/collection/details/collectionID/8c08e6f3e6cb4b7c80d6662f0a147619e5f0b51d"
    } ],
    "fileName" : "8c08e6f3e6cb4b7c80d6662f0a147619e5f0b51d.json"
  }, {
    "path" : "Mobile Media Library/Italian - Video/Scriptural Reenactments and Teachings/Book of Mormon/Book of Mormon Videos/2 Nephi 31-32",
    "collectionID" : "c011b2dba7de4d18b2352c5846b07c367c70a4d7",
    "type" : "DEFAULT",
    "lastUpdatedDate" : "2024-09-06T12:10:27.592-06:00",
    "links" : [ {
      "rel" : "details",
      "href" : "https://titanapi.churchofjesuschrist.org/assetsearch/api/v2/collection/details/collectionID/c011b2dba7de4d18b2352c5846b07c367c70a4d7"
    } ],
    "fileName" : "c011b2dba7de4d18b2352c5846b07c367c70a4d7.json"
  }, {
    "path" : "Mobile Media Library/Italian - Video/Scriptural Reenactments and Teachings/Book of Mormon/Book of Mormon Videos/2 Nephi 33",
    "collectionID" : "297fbfdde7a64011b65c57fa7cf1cf295c904112",
    "type" : "DEFAULT",
    "lastUpdatedDate" : "2024-09-06T12:10:11.990-06:00",
    "links" : [ {
      "rel" : "details",
      "href" : "https://titanapi.churchofjesuschrist.org/assetsearch/api/v2/collection/details/collectionID/297fbfdde7a64011b65c57fa7cf1cf295c904112"
    } ],
    "fileName" : "297fbfdde7a64011b65c57fa7cf1cf295c904112.json"
  }, {
    "path" : "Mobile Media Library/Italian - Video/Scriptural Reenactments and Teachings/Book of Mormon/Book of Mormon Videos/2 Nephi 5",
    "collectionID" : "2a594deac9eb4e3080f6deedc41ebfd630c66a89",
    "type" : "DEFAULT",
    "lastUpdatedDate" : "2024-09-06T12:11:16.551-06:00",
    "links" : [ {
      "rel" : "details",
      "href" : "https://titanapi.churchofjesuschrist.org/assetsearch/api/v2/collection/details/collectionID/2a594deac9eb4e3080f6deedc41ebfd630c66a89"
    } ],
    "fileName" : "2a594deac9eb4e3080f6deedc41ebfd630c66a89.json"
  }, {
    "path" : "Mobile Media Library/Italian - Video/Scriptural Reenactments and Teachings/Book of Mormon/Book of Mormon Videos/2 Nephi 6-10",
    "collectionID" : "e3ca672e50944176a44aeed312407f7459665c22",
    "type" : "DEFAULT",
    "lastUpdatedDate" : "2024-09-06T12:10:47.995-06:00",
    "links" : [ {
      "rel" : "details",
      "href" : "https://titanapi.churchofjesuschrist.org/assetsearch/api/v2/collection/details/collectionID/e3ca672e50944176a44aeed312407f7459665c22"
    } ],
    "fileName" : "e3ca672e50944176a44aeed312407f7459665c22.json"
  }, {
    "path" : "Mobile Media Library/Italian - Video/Scriptural Reenactments and Teachings/Book of Mormon/Book of Mormon Videos/Additional Videos",
    "collectionID" : "ea5e0cd0dcc341178f30a8d29e11ac6eda6567dd",
    "type" : "DEFAULT",
    "lastUpdatedDate" : "2024-09-06T11:59:51.489-06:00",
    "links" : [ {
      "rel" : "details",
      "href" : "https://titanapi.churchofjesuschrist.org/assetsearch/api/v2/collection/details/collectionID/ea5e0cd0dcc341178f30a8d29e11ac6eda6567dd"
    } ],
    "fileName" : "ea5e0cd0dcc341178f30a8d29e11ac6eda6567dd.json"
  }, {
    "path" : "Mobile Media Library/Italian - Video/Scriptural Reenactments and Teachings/Book of Mormon/Book of Mormon Videos/Alma 17-19",
    "collectionID" : "2c7c935018a84d13aac2eba2efb729cd08a4e160",
    "type" : "DEFAULT",
    "lastUpdatedDate" : "2024-09-06T12:06:52.248-06:00",
    "links" : [ {
      "rel" : "details",
      "href" : "https://titanapi.churchofjesuschrist.org/assetsearch/api/v2/collection/details/collectionID/2c7c935018a84d13aac2eba2efb729cd08a4e160"
    } ],
    "fileName" : "2c7c935018a84d13aac2eba2efb729cd08a4e160.json"
  }, {
    "path" : "Mobile Media Library/Italian - Video/Scriptural Reenactments and Teachings/Book of Mormon/Book of Mormon Videos/Alma 31-34",
    "collectionID" : "fc45125df3134284a4cc54d0badf545342011922",
    "type" : "DEFAULT",
    "lastUpdatedDate" : "2024-09-06T12:06:14.029-06:00",
    "links" : [ {
      "rel" : "details",
      "href" : "https://titanapi.churchofjesuschrist.org/assetsearch/api/v2/collection/details/collectionID/fc45125df3134284a4cc54d0badf545342011922"
    } ],
    "fileName" : "fc45125df3134284a4cc54d0badf545342011922.json"
  }, {
    "path" : "Mobile Media Library/Italian - Video/Scriptural Reenactments and Teachings/Book of Mormon/Book of Mormon Videos/Alma 36-42",
    "collectionID" : "6b55d8446a4b440aa4cd856dc9735fb98df07d8f",
    "type" : "DEFAULT",
    "lastUpdatedDate" : "2024-09-06T12:05:59.888-06:00",
    "links" : [ {
      "rel" : "details",
      "href" : "https://titanapi.churchofjesuschrist.org/assetsearch/api/v2/collection/details/collectionID/6b55d8446a4b440aa4cd856dc9735fb98df07d8f"
    } ],
    "fileName" : "6b55d8446a4b440aa4cd856dc9735fb98df07d8f.json"
  }, {
    "path" : "Mobile Media Library/Italian - Video/Scriptural Reenactments and Teachings/Book of Mormon/Book of Mormon Videos/Alma 4-7",
    "collectionID" : "8af6e443f4614da09f7b106bf376d40060a1b493",
    "type" : "DEFAULT",
    "lastUpdatedDate" : "2024-09-06T12:07:22.279-06:00",
    "links" : [ {
      "rel" : "details",
      "href" : "https://titanapi.churchofjesuschrist.org/assetsearch/api/v2/collection/details/collectionID/8af6e443f4614da09f7b106bf376d40060a1b493"
    } ],
    "fileName" : "8af6e443f4614da09f7b106bf376d40060a1b493.json"
  }, {
    "path" : "Mobile Media Library/Italian - Video/Scriptural Reenactments and Teachings/Book of Mormon/Book of Mormon Videos/Alma 8-15",
    "collectionID" : "f615f1d9240e4445b00d9e8d21c3a46b75d36546",
    "type" : "DEFAULT",
    "lastUpdatedDate" : "2024-09-06T12:07:06.877-06:00",
    "links" : [ {
      "rel" : "details",
      "href" : "https://titanapi.churchofjesuschrist.org/assetsearch/api/v2/collection/details/collectionID/f615f1d9240e4445b00d9e8d21c3a46b75d36546"
    } ],
    "fileName" : "f615f1d9240e4445b00d9e8d21c3a46b75d36546.json"
  }, {
    "path" : "Mobile Media Library/Italian - Video/Scriptural Reenactments and Teachings/Book of Mormon/Book of Mormon Videos/Enos 1",
    "collectionID" : "e96f0c53d01f4a5a85b14806e460f0f34ea13bcf",
    "type" : "DEFAULT",
    "lastUpdatedDate" : "2024-09-06T12:08:42.228-06:00",
    "links" : [ {
      "rel" : "details",
      "href" : "https://titanapi.churchofjesuschrist.org/assetsearch/api/v2/collection/details/collectionID/e96f0c53d01f4a5a85b14806e460f0f34ea13bcf"
    } ],
    "fileName" : "e96f0c53d01f4a5a85b14806e460f0f34ea13bcf.json"
  }, {
    "path" : "Mobile Media Library/Italian - Video/Scriptural Reenactments and Teachings/Book of Mormon/Book of Mormon Videos/Jacob 2-3",
    "collectionID" : "a87f9cefc90b456d85f3606af935b66aa25d6dd9",
    "type" : "DEFAULT",
    "lastUpdatedDate" : "2024-09-06T12:09:26.812-06:00",
    "links" : [ {
      "rel" : "details",
      "href" : "https://titanapi.churchofjesuschrist.org/assetsearch/api/v2/collection/details/collectionID/a87f9cefc90b456d85f3606af935b66aa25d6dd9"
    } ],
    "fileName" : "a87f9cefc90b456d85f3606af935b66aa25d6dd9.json"
  }, {
    "path" : "Mobile Media Library/Italian - Video/Scriptural Reenactments and Teachings/Book of Mormon/Book of Mormon Videos/Jacob 7",
    "collectionID" : "03ac838018f341e69e047cdb1f8a622ede323441",
    "type" : "DEFAULT",
    "lastUpdatedDate" : "2024-09-06T12:08:57.193-06:00",
    "links" : [ {
      "rel" : "details",
      "href" : "https://titanapi.churchofjesuschrist.org/assetsearch/api/v2/collection/details/collectionID/03ac838018f341e69e047cdb1f8a622ede323441"
    } ],
    "fileName" : "03ac838018f341e69e047cdb1f8a622ede323441.json"
  }, {
    "path" : "Mobile Media Library/Italian - Video/Scriptural Reenactments and Teachings/Book of Mormon/Book of Mormon Videos/Mormon 8-9; Moroni 1, 10; Title Page",
    "collectionID" : "b91b26f84ac44140b551b4104015aee74b3cc485",
    "type" : "DEFAULT",
    "lastUpdatedDate" : "2024-09-06T12:00:04.351-06:00",
    "links" : [ {
      "rel" : "details",
      "href" : "https://titanapi.churchofjesuschrist.org/assetsearch/api/v2/collection/details/collectionID/b91b26f84ac44140b551b4104015aee74b3cc485"
    } ],
    "fileName" : "b91b26f84ac44140b551b4104015aee74b3cc485.json"
  }, {
    "path" : "Mobile Media Library/Italian - Video/Scriptural Reenactments and Teachings/Book of Mormon/Book of Mormon Videos/Mosiah 11-18",
    "collectionID" : "0d93c8fd0bfa44f9b0f23a20e17ab7bfa5c6bb0e",
    "type" : "DEFAULT",
    "lastUpdatedDate" : "2024-09-06T12:08:09.073-06:00",
    "links" : [ {
      "rel" : "details",
      "href" : "https://titanapi.churchofjesuschrist.org/assetsearch/api/v2/collection/details/collectionID/0d93c8fd0bfa44f9b0f23a20e17ab7bfa5c6bb0e"
    } ],
    "fileName" : "0d93c8fd0bfa44f9b0f23a20e17ab7bfa5c6bb0e.json"
  }, {
    "path" : "Mobile Media Library/Italian - Video/Scriptural Reenactments and Teachings/Book of Mormon/Book of Mormon Videos/Mosiah 1-5",
    "collectionID" : "b5d34c927c884c3cb7c2351a1c128522f3fc8814",
    "type" : "DEFAULT",
    "lastUpdatedDate" : "2024-09-06T12:08:25.041-06:00",
    "links" : [ {
      "rel" : "details",
      "href" : "https://titanapi.churchofjesuschrist.org/assetsearch/api/v2/collection/details/collectionID/b5d34c927c884c3cb7c2351a1c128522f3fc8814"
    } ],
    "fileName" : "b5d34c927c884c3cb7c2351a1c128522f3fc8814.json"
  }, {
    "path" : "Mobile Media Library/Italian - Video/Scriptural Reenactments and Teachings/Book of Mormon/Book of Mormon Videos/Mosiah 27; Alma 36",
    "collectionID" : "87afa2710b834d41b1d5cccf450c641b9e943b37",
    "type" : "DEFAULT",
    "lastUpdatedDate" : "2024-09-06T12:07:37.258-06:00",
    "links" : [ {
      "rel" : "details",
      "href" : "https://titanapi.churchofjesuschrist.org/assetsearch/api/v2/collection/details/collectionID/87afa2710b834d41b1d5cccf450c641b9e943b37"
    } ],
    "fileName" : "87afa2710b834d41b1d5cccf450c641b9e943b37.json"
  }, {
    "path" : "Mobile Media Library/Italian - Video/Scriptural Reenactments and Teachings/Book of Mormon/Book of Mormon Videos/3 Nephi 8-11",
    "collectionID" : "dbc9a0551682498599dfb65e8bbfbca4",
    "type" : "DEFAULT",
    "lastUpdatedDate" : "2024-09-06T12:04:58.745-06:00",
    "links" : [ {
      "rel" : "details",
      "href" : "https://titanapi.churchofjesuschrist.org/assetsearch/api/v2/collection/details/collectionID/dbc9a0551682498599dfb65e8bbfbca4"
    } ],
    "fileName" : "dbc9a0551682498599dfb65e8bbfbca4.json"
  }, {
    "path" : "Mobile Media Library/Italian - Video/Scriptural Reenactments and Teachings/Book of Mormon/Book of Mormon Videos/3 Nephi 11-12",
    "collectionID" : "ee1a33e8311b45828703666059e0be82",
    "type" : "DEFAULT",
    "lastUpdatedDate" : "2024-09-06T12:04:39.570-06:00",
    "links" : [ {
      "rel" : "details",
      "href" : "https://titanapi.churchofjesuschrist.org/assetsearch/api/v2/collection/details/collectionID/ee1a33e8311b45828703666059e0be82"
    } ],
    "fileName" : "ee1a33e8311b45828703666059e0be82.json"
  }, {
    "path" : "Mobile Media Library/Italian - Video/Scriptural Reenactments and Teachings/Book of Mormon/Book of Mormon Videos/3 Nephi 12-14",
    "collectionID" : "a388f337f52e414bb2a8262f5c02edfd",
    "type" : "DEFAULT",
    "lastUpdatedDate" : "2024-09-06T12:04:25.313-06:00",
    "links" : [ {
      "rel" : "details",
      "href" : "https://titanapi.churchofjesuschrist.org/assetsearch/api/v2/collection/details/collectionID/a388f337f52e414bb2a8262f5c02edfd"
    } ],
    "fileName" : "a388f337f52e414bb2a8262f5c02edfd.json"
  }, {
    "path" : "Mobile Media Library/Italian - Video/Scriptural Reenactments and Teachings/Book of Mormon/Book of Mormon Videos/3 Nephi 15-16",
    "collectionID" : "6f9a6007bada41a4b3fff9aa3b8388f4",
    "type" : "DEFAULT",
    "lastUpdatedDate" : "2024-09-06T12:04:07.188-06:00",
    "links" : [ {
      "rel" : "details",
      "href" : "https://titanapi.churchofjesuschrist.org/assetsearch/api/v2/collection/details/collectionID/6f9a6007bada41a4b3fff9aa3b8388f4"
    } ],
    "fileName" : "6f9a6007bada41a4b3fff9aa3b8388f4.json"
  }, {
    "path" : "Mobile Media Library/Italian - Video/Scriptural Reenactments and Teachings/Book of Mormon/Book of Mormon Videos/3 Nephi 17",
    "collectionID" : "38273875ebb844ee8462aafed9529240",
    "type" : "DEFAULT",
    "lastUpdatedDate" : "2024-09-06T12:03:50.410-06:00",
    "links" : [ {
      "rel" : "details",
      "href" : "https://titanapi.churchofjesuschrist.org/assetsearch/api/v2/collection/details/collectionID/38273875ebb844ee8462aafed9529240"
    } ],
    "fileName" : "38273875ebb844ee8462aafed9529240.json"
  }, {
    "path" : "Mobile Media Library/Italian - Video/Scriptural Reenactments and Teachings/Book of Mormon/Book of Mormon Videos/3 Nephi 18",
    "collectionID" : "91c5f2f6d9e84b71823be202f5c195c4",
    "type" : "DEFAULT",
    "lastUpdatedDate" : "2024-09-06T12:03:28.817-06:00",
    "links" : [ {
      "rel" : "details",
      "href" : "https://titanapi.churchofjesuschrist.org/assetsearch/api/v2/collection/details/collectionID/91c5f2f6d9e84b71823be202f5c195c4"
    } ],
    "fileName" : "91c5f2f6d9e84b71823be202f5c195c4.json"
  }, {
    "path" : "Mobile Media Library/Italian - Video/Scriptural Reenactments and Teachings/Book of Mormon/Book of Mormon Videos/3 Nephi 19",
    "collectionID" : "034caacfca924cfe9755b2a03bc35563",
    "type" : "DEFAULT",
    "lastUpdatedDate" : "2024-09-06T12:03:11.899-06:00",
    "links" : [ {
      "rel" : "details",
      "href" : "https://titanapi.churchofjesuschrist.org/assetsearch/api/v2/collection/details/collectionID/034caacfca924cfe9755b2a03bc35563"
    } ],
    "fileName" : "034caacfca924cfe9755b2a03bc35563.json"
  }, {
    "path" : "Mobile Media Library/Italian - Video/Scriptural Reenactments and Teachings/Book of Mormon/Book of Mormon Videos/3 Nephi 20-23",
    "collectionID" : "b805fcd227f34df9b21f7e8b3b885034",
    "type" : "DEFAULT",
    "lastUpdatedDate" : "2024-09-06T12:01:23.590-06:00",
    "links" : [ {
      "rel" : "details",
      "href" : "https://titanapi.churchofjesuschrist.org/assetsearch/api/v2/collection/details/collectionID/b805fcd227f34df9b21f7e8b3b885034"
    } ],
    "fileName" : "b805fcd227f34df9b21f7e8b3b885034.json"
  }, {
    "path" : "Mobile Media Library/Italian - Video/Scriptural Reenactments and Teachings/Book of Mormon/Book of Mormon Videos/3 Nephi 27",
    "collectionID" : "6b30da4facda4b0f893ef4113433452f",
    "type" : "DEFAULT",
    "lastUpdatedDate" : "2024-09-06T12:00:18.849-06:00",
    "links" : [ {
      "rel" : "details",
      "href" : "https://titanapi.churchofjesuschrist.org/assetsearch/api/v2/collection/details/collectionID/6b30da4facda4b0f893ef4113433452f"
    } ],
    "fileName" : "6b30da4facda4b0f893ef4113433452f.json"
  }, {
    "path" : "Mobile Media Library/Italian - Video/Scriptural Reenactments and Teachings/Book of Mormon/Book of Mormon Videos/1 Nephi 10–15",
    "collectionID" : "8099e5b75b664e21bde06154e1df9d44",
    "type" : "DEFAULT",
    "lastUpdatedDate" : "2024-09-06T12:14:29.609-06:00",
    "links" : [ {
      "rel" : "details",
      "href" : "https://titanapi.churchofjesuschrist.org/assetsearch/api/v2/collection/details/collectionID/8099e5b75b664e21bde06154e1df9d44"
    } ],
    "fileName" : "8099e5b75b664e21bde06154e1df9d44.json"
  }, {
    "path" : "Mobile Media Library/Italian - Video/Scriptural Reenactments and Teachings/Book of Mormon/Book of Mormon Videos/Jacob 5",
    "collectionID" : "c99c586830a245729fb00faadc90397c",
    "type" : "DEFAULT",
    "lastUpdatedDate" : "2024-09-06T12:09:10.974-06:00",
    "links" : [ {
      "rel" : "details",
      "href" : "https://titanapi.churchofjesuschrist.org/assetsearch/api/v2/collection/details/collectionID/c99c586830a245729fb00faadc90397c"
    } ],
    "fileName" : "c99c586830a245729fb00faadc90397c.json"
  }, {
    "path" : "Mobile Media Library/Italian - Video/Scriptural Reenactments and Teachings/Book of Mormon/Book of Mormon Videos/Mosiah 21–24",
    "collectionID" : "6b751e3ef64741a78734b2d7fafd3832",
    "type" : "DEFAULT",
    "lastUpdatedDate" : "2024-09-06T12:07:54.153-06:00",
    "links" : [ {
      "rel" : "details",
      "href" : "https://titanapi.churchofjesuschrist.org/assetsearch/api/v2/collection/details/collectionID/6b751e3ef64741a78734b2d7fafd3832"
    } ],
    "fileName" : "6b751e3ef64741a78734b2d7fafd3832.json"
  }, {
    "path" : "Mobile Media Library/Italian - Video/Scriptural Reenactments and Teachings/Book of Mormon/Book of Mormon Videos/Alma 46",
    "collectionID" : "af2f75666b5448678b7de5e76ffe80cb",
    "type" : "DEFAULT",
    "lastUpdatedDate" : "2024-09-06T12:05:43.355-06:00",
    "links" : [ {
      "rel" : "details",
      "href" : "https://titanapi.churchofjesuschrist.org/assetsearch/api/v2/collection/details/collectionID/af2f75666b5448678b7de5e76ffe80cb"
    } ],
    "fileName" : "af2f75666b5448678b7de5e76ffe80cb.json"
  }, {
    "path" : "Mobile Media Library/Italian - Video/Scriptural Reenactments and Teachings/Book of Mormon/Book of Mormon Videos/Alma 53-58",
    "collectionID" : "f9d70ccc79f74f50b968051bd0e4b0c9",
    "type" : "DEFAULT",
    "lastUpdatedDate" : "2024-09-06T12:05:14.012-06:00",
    "links" : [ {
      "rel" : "details",
      "href" : "https://titanapi.churchofjesuschrist.org/assetsearch/api/v2/collection/details/collectionID/f9d70ccc79f74f50b968051bd0e4b0c9"
    } ],
    "fileName" : "f9d70ccc79f74f50b968051bd0e4b0c9.json"
  }, {
    "path" : "Mobile Media Library/Italian - Video/Scriptural Reenactments and Teachings/Book of Mormon/Book of Mormon Videos/Alma 23-27",
    "collectionID" : "755a629da1924d2bac39a42d7931581d",
    "type" : "DEFAULT",
    "lastUpdatedDate" : "2024-09-06T12:06:31.777-06:00",
    "links" : [ {
      "rel" : "details",
      "href" : "https://titanapi.churchofjesuschrist.org/assetsearch/api/v2/collection/details/collectionID/755a629da1924d2bac39a42d7931581d"
    } ],
    "fileName" : "755a629da1924d2bac39a42d7931581d.json"
  }, {
    "path" : "Mobile Media Library/Italian - Video/Scriptural Reenactments and Teachings/Book of Mormon/Book of Mormon Videos/Helaman 5",
    "collectionID" : "33fe7c6cb79d428080865853b930ad58",
    "type" : "DEFAULT",
    "lastUpdatedDate" : "2024-09-17T10:26:48.510-06:00",
    "links" : [ {
      "rel" : "details",
      "href" : "https://titanapi.churchofjesuschrist.org/assetsearch/api/v2/collection/details/collectionID/33fe7c6cb79d428080865853b930ad58"
    } ],
    "fileName" : "33fe7c6cb79d428080865853b930ad58.json"
  }, {
    "path" : "Mobile Media Library/Italian - Video/Scriptural Reenactments and Teachings/Book of Mormon/Book of Mormon Videos/Helaman 13-16; 3 Nephi 1",
    "collectionID" : "009ffad21a90402480dd7958431790b5",
    "type" : "DEFAULT",
    "lastUpdatedDate" : "2024-09-17T10:28:46.949-06:00",
    "links" : [ {
      "rel" : "details",
      "href" : "https://titanapi.churchofjesuschrist.org/assetsearch/api/v2/collection/details/collectionID/009ffad21a90402480dd7958431790b5"
    } ],
    "fileName" : "009ffad21a90402480dd7958431790b5.json"
  }, {
    "path" : "Mobile Media Library/Italian - Video/Scriptural Reenactments and Teachings/Book of Mormon/Book of Mormon Videos/Mormon 1-7",
    "collectionID" : "8a40570838f145ce81d9785b236ad08a",
    "type" : "DEFAULT",
    "lastUpdatedDate" : "2024-10-29T13:39:18.891-06:00",
    "links" : [ {
      "rel" : "details",
      "href" : "https://titanapi.churchofjesuschrist.org/assetsearch/api/v2/collection/details/collectionID/8a40570838f145ce81d9785b236ad08a"
    } ],
    "fileName" : "8a40570838f145ce81d9785b236ad08a.json"
  }, {
    "path" : "Mobile Media Library/Italian - Video/Scriptural Reenactments and Teachings/Book of Mormon/Book of Mormon Videos/Ether 1-6, 12-13",
    "collectionID" : "b6aae39af6154294a3cf258b9f440749",
    "type" : "DEFAULT",
    "lastUpdatedDate" : "2024-11-15T10:19:31.506-07:00",
    "links" : [ {
      "rel" : "details",
      "href" : "https://titanapi.churchofjesuschrist.org/assetsearch/api/v2/collection/details/collectionID/b6aae39af6154294a3cf258b9f440749"
    } ],
    "fileName" : "b6aae39af6154294a3cf258b9f440749.json"
  } ],
  "assets" : [ ],
  "fileName" : "a649d99e8e654e7195ed7eaf20c0155cda0d1a3b.json",
  "name" : "Book of Mormon Videos",
  "publicTitle" : "Video del Libro di Mormon"
}