{
  "parentCollectionID" : "ec207576bddb4a3f9fcd51ebb2fffd9c",
  "parentCollectionPath" : "Mobile Media Library/Norwegian - Images/Gospel Art/Gospel Art Book",
  "collectionType" : "assets",
  "path" : "Mobile Media Library/Norwegian - Images/Gospel Art/Gospel Art Book/Book of Mormon-Gospel Art Book",
  "collectionID" : "a7bbd47a67b9461a875e853fb0fcd0d1",
  "language" : "nor",
  "type" : "DEFAULT",
  "lastUpdatedDate" : "2023-10-14T13:57:23.743-06:00",
  "links" : [ {
    "rel" : "details",
    "href" : "https://titanapi.churchofjesuschrist.org/assetsearch/api/v2/collection/details/collectionID/a7bbd47a67b9461a875e853fb0fcd0d1"
  } ],
  "coverImages" : [ {
    "asset" : {
      "assetID" : "66403ddb4d8d78e42d654c69ff5c75f7505e0f8f"
    }
  } ],
  "related" : [ ],
  "metadata" : [ {
    "key" : "collectionUri",
    "value" : "book-of-mormon-gospel-art-book-images",
    "language" : "nor"
  }, {
    "key" : "publicTitle",
    "value" : "Mormons bok – Kunst inspirert av evangeliet, bok",
    "language" : "nor"
  }, {
    "key" : "orderIndex",
    "value" : "1"
  } ],
  "children" : [ ],
  "assets" : [ {
    "asset" : {
      "assetID" : "b417feb87c54637a74f67a51937ff2b4c8cdc6a1"
    },
    "addedDate" : 1697314338703,
    "metadata" : [ ]
  }, {
    "asset" : {
      "assetID" : "dcb81af2e255165162761729ffd983d88d6d0f14"
    },
    "addedDate" : 1697314338723,
    "metadata" : [ ]
  }, {
    "asset" : {
      "assetID" : "797198058b55a8ccb0670050cf133be765b96045"
    },
    "addedDate" : 1697314338720,
    "metadata" : [ ]
  }, {
    "asset" : {
      "assetID" : "82ae65491dfe2a0d8b5555860b3468cd1ddd1682"
    },
    "addedDate" : 1697314338730,
    "metadata" : [ ]
  }, {
    "asset" : {
      "assetID" : "d4a5060c7dd3ca552d8a6bc0541f0b0555986926"
    },
    "addedDate" : 1697314338736,
    "metadata" : [ ]
  }, {
    "asset" : {
      "assetID" : "b819ab8ebea1cfd146a19114b446624043d27df5"
    },
    "addedDate" : 1697314338706,
    "metadata" : [ ]
  }, {
    "asset" : {
      "assetID" : "c76dd50126323a64dd21d884d91f84593de8f441"
    },
    "addedDate" : 1697314338716,
    "metadata" : [ ]
  }, {
    "asset" : {
      "assetID" : "bab9bcba428f9dd114c41192a6ad7bc7e077ebb8"
    },
    "addedDate" : 1697314338720,
    "metadata" : [ ]
  }, {
    "asset" : {
      "assetID" : "bc303ddc99f44c59f8c3b0743367f2180c9e91ef"
    },
    "addedDate" : 1697314338716,
    "metadata" : [ ]
  }, {
    "asset" : {
      "assetID" : "57cc58bf56dab2577adde62729c43287131cb7fc"
    },
    "addedDate" : 1697314338723,
    "metadata" : [ ]
  }, {
    "asset" : {
      "assetID" : "d34f4ce49f85f655298a762984167ce4fce81d07"
    },
    "addedDate" : 1697314338726,
    "metadata" : [ ]
  }, {
    "asset" : {
      "assetID" : "8b2594a23909b13fd69d5ea7b6ad4398362d5c25"
    },
    "addedDate" : 1697314338730,
    "metadata" : [ ]
  }, {
    "asset" : {
      "assetID" : "83d8aee32f9f18d31bb3ed3ea6cc57ef129f483b"
    },
    "addedDate" : 1697314338733,
    "metadata" : [ ]
  }, {
    "asset" : {
      "assetID" : "fd6fed42f33f62773befed9133128188c7b7e63e"
    },
    "addedDate" : 1697314338713,
    "metadata" : [ ]
  }, {
    "asset" : {
      "assetID" : "c502de1e5bd7bd69be5809c5bb5b81ee1a39255c"
    },
    "addedDate" : 1697314338733,
    "metadata" : [ ]
  }, {
    "asset" : {
      "assetID" : "c93cda379fb997a824e4b7cd3a48f022557d5b31"
    },
    "addedDate" : 1697314338726,
    "metadata" : [ ]
  }, {
    "asset" : {
      "assetID" : "66403ddb4d8d78e42d654c69ff5c75f7505e0f8f"
    },
    "addedDate" : 1697314338730,
    "metadata" : [ ]
  }, {
    "asset" : {
      "assetID" : "11c829db45dcde2b878d058d5e8a6bd24cd00158"
    },
    "addedDate" : 1697314338736,
    "metadata" : [ ]
  }, {
    "asset" : {
      "assetID" : "b6467d7a66f749f1a265f6ef404050e13ff01ce3"
    },
    "addedDate" : 1697314338713,
    "metadata" : [ ]
  }, {
    "asset" : {
      "assetID" : "b38b1a93251273dbb6f223661fea333347ee0526"
    },
    "addedDate" : 1697314338706,
    "metadata" : [ ]
  } ],
  "fileName" : "a7bbd47a67b9461a875e853fb0fcd0d1.json",
  "name" : "Book of Mormon-Gospel Art Book",
  "publicTitle" : "Mormons bok – Kunst inspirert av evangeliet, bok"
}