{
  "parentCollectionID" : "d5e8644312c74774b43cca21ad6ca6a0",
  "parentCollectionPath" : "Mobile Media Library/English - Video/People/Latter-day Apostles",
  "collectionType" : "assets",
  "path" : "Mobile Media Library/English - Video/People/Latter-day Apostles/Patrick Kearon",
  "collectionID" : "a926358380c149d28d0abd3571e89372",
  "language" : "eng",
  "type" : "DEFAULT",
  "lastUpdatedDate" : "2023-12-20T17:28:56.686-07:00",
  "links" : [ {
    "rel" : "details",
    "href" : "https://titanapi.churchofjesuschrist.org/assetsearch/api/v2/collection/details/collectionID/a926358380c149d28d0abd3571e89372"
  } ],
  "coverImages" : [ {
    "asset" : {
      "assetID" : "0f1166654ac56f917b9a83f9df1ce32863d956d5"
    }
  } ],
  "related" : [ ],
  "metadata" : [ {
    "key" : "collectionUri",
    "value" : "patrick-kearon-video-collection",
    "language" : "eng"
  }, {
    "key" : "publicTitle",
    "value" : "Patrick Kearon",
    "language" : "eng"
  }, {
    "key" : "orderIndex",
    "value" : "21"
  } ],
  "children" : [ ],
  "assets" : [ {
    "asset" : {
      "assetID" : "1135fde4260fc8986bf37bcc51826dd1aa46b6ed"
    },
    "index" : 3,
    "addedDate" : 1703118680179,
    "metadata" : [ ]
  }, {
    "asset" : {
      "assetID" : "191860983f1ea30009acd021b3c8de77822cd9b9"
    },
    "index" : 7,
    "addedDate" : 1703118721927,
    "metadata" : [ ]
  }, {
    "asset" : {
      "assetID" : "3dbbd4f012fc20481911a0ff8ae9825f202aba49"
    },
    "index" : 5,
    "addedDate" : 1703118696240,
    "metadata" : [ ]
  }, {
    "asset" : {
      "assetID" : "be68a78883d7d4cdf1a954c71162c0f0570a534d"
    },
    "index" : 1,
    "addedDate" : 1703118663082,
    "metadata" : [ ]
  }, {
    "asset" : {
      "assetID" : "d1e48dfaa6c12cf984150d135917fb67275bcb81"
    },
    "index" : 4,
    "addedDate" : 1703118688125,
    "metadata" : [ ]
  }, {
    "asset" : {
      "assetID" : "057f57fe5a41dfc54f44eb86bdbe501dd07f4936"
    },
    "index" : 2,
    "addedDate" : 1703118670707,
    "metadata" : [ ]
  }, {
    "asset" : {
      "assetID" : "11D114A8024D95FF9DE8B9489DA7AC6F47075698"
    },
    "index" : 6,
    "addedDate" : 1703118705276,
    "metadata" : [ ]
  }, {
    "asset" : {
      "assetID" : "85421b2fb2cb11ec81e4eeeeac1e392a27623a6c"
    },
    "index" : 0,
    "addedDate" : 1703118654549,
    "metadata" : [ ]
  } ],
  "fileName" : "a926358380c149d28d0abd3571e89372.json",
  "name" : "Patrick Kearon",
  "publicTitle" : "Patrick Kearon"
}