{
  "parentCollectionID" : "5bc7031d8f504055a0acd3a63fd035cf533a7f01",
  "parentCollectionPath" : "Mobile Media Library/Mandarin Simplified - Video/Family History",
  "collectionType" : "assets",
  "path" : "Mobile Media Library/Mandarin Simplified - Video/Family History/Annual Temple and Family History Leadership Instruction",
  "collectionID" : "a95973198dba43ba9dcf0b88b21f704e375ea4bb",
  "type" : "DEFAULT",
  "lastUpdatedDate" : "2022-04-07T15:29:38.950-06:00",
  "links" : [ {
    "rel" : "details",
    "href" : "https://titanapi.churchofjesuschrist.org/assetsearch/api/v2/collection/details/collectionID/a95973198dba43ba9dcf0b88b21f704e375ea4bb"
  } ],
  "coverImages" : [ ],
  "related" : [ ],
  "metadata" : [ {
    "key" : "collectionUri",
    "value" : "annual-temple-and-family-history-leadership-instruction"
  }, {
    "key" : "orderIndex",
    "value" : "4"
  } ],
  "children" : [ ],
  "assets" : [ {
    "asset" : {
      "assetID" : "8b5a174372a96d8e0e1eb74bcd0a1f00bcb592d5"
    },
    "index" : 0,
    "addedDate" : 1650907596820,
    "metadata" : [ ]
  } ],
  "fileName" : "a95973198dba43ba9dcf0b88b21f704e375ea4bb.json",
  "name" : "Annual Temple and Family History Leadership Instruction"
}