{
  "parentCollectionID" : "21897bafa51446acbb276921d19980e0c498ba59",
  "parentCollectionPath" : "Mobile Media Library/French - Video/Scriptural Reenactments and Teachings",
  "collectionType" : "assets",
  "path" : "Mobile Media Library/French - Video/Scriptural Reenactments and Teachings/Doctrine and Covenants",
  "collectionID" : "a9d7e01d9b06497f9a3f1eb1fc4265764e434741",
  "language" : "fra",
  "type" : "DEFAULT",
  "lastUpdatedDate" : "2023-09-13T17:13:49.006-06:00",
  "links" : [ {
    "rel" : "details",
    "href" : "https://titanapi.churchofjesuschrist.org/assetsearch/api/v2/collection/details/collectionID/a9d7e01d9b06497f9a3f1eb1fc4265764e434741"
  } ],
  "coverImages" : [ {
    "asset" : {
      "assetID" : "7487cd8626e9709b83eded9af9ec83b3465bb920"
    }
  } ],
  "related" : [ ],
  "metadata" : [ {
    "key" : "orderIndex",
    "value" : "5"
  }, {
    "key" : "channel",
    "value" : "mobile",
    "language" : "fra"
  }, {
    "key" : "collectionUri",
    "value" : "doctrine-and-covenants",
    "language" : "fra"
  }, {
    "key" : "publicTitle",
    "value" : "Doctrine et Alliances",
    "language" : "fra"
  } ],
  "children" : [ ],
  "assets" : [ {
    "asset" : {
      "assetID" : "a6f14dbac227df572a1c840db549b28673d28876"
    },
    "index" : 3,
    "addedDate" : 1648811319726,
    "metadata" : [ ]
  }, {
    "asset" : {
      "assetID" : "0e87af73d7ded78cd669b05644b1cee003d4b63b"
    },
    "index" : 2,
    "addedDate" : 1648811319726,
    "metadata" : [ ]
  }, {
    "asset" : {
      "assetID" : "ce457a833e792fd089db3280956738e4e8ce1b20"
    },
    "index" : 0,
    "addedDate" : 1648811319726,
    "metadata" : [ ]
  }, {
    "asset" : {
      "assetID" : "9720d19418376a0f75d81bd45b7ebb2299096888"
    },
    "index" : 1,
    "addedDate" : 1648811319726,
    "metadata" : [ ]
  }, {
    "asset" : {
      "assetID" : "bf329bef216511ec81b6eeeeac1e0e2874f4eb47"
    },
    "index" : 4,
    "addedDate" : 1680450824446,
    "metadata" : [ ]
  } ],
  "fileName" : "a9d7e01d9b06497f9a3f1eb1fc4265764e434741.json",
  "name" : "Doctrine and Covenants",
  "publicTitle" : "Doctrine et Alliances"
}