{
  "parentCollectionID" : "328502d5f15b40bb8942a90044844aa2",
  "parentCollectionPath" : "Mobile Media Library/German - Video/Scriptural Reenactments and Teachings/Book of Mormon/Book of Mormon Videos",
  "collectionType" : "collections",
  "path" : "Mobile Media Library/German - Video/Scriptural Reenactments and Teachings/Book of Mormon/Book of Mormon Videos/Mormon 1-7",
  "collectionID" : "a9d9091f508c4e7db9d8b93dda071329",
  "language" : "deu",
  "type" : "DEFAULT",
  "lastUpdatedDate" : "2024-10-29T13:41:26.768-06:00",
  "links" : [ {
    "rel" : "details",
    "href" : "https://titanapi.churchofjesuschrist.org/assetsearch/api/v2/collection/details/collectionID/a9d9091f508c4e7db9d8b93dda071329"
  } ],
  "coverImages" : [ {
    "asset" : {
      "assetID" : "cc667e8f61154117a91ffaea2f2249702b34e7b9"
    }
  } ],
  "related" : [ ],
  "metadata" : [ {
    "key" : "channel",
    "value" : "mobile",
    "language" : "deu"
  }, {
    "key" : "channel",
    "value" : "web",
    "language" : "deu"
  }, {
    "key" : "collectionUri",
    "value" : "mormon-1-7",
    "language" : "deu"
  }, {
    "key" : "publicTitle",
    "value" : "Mormon 1-7",
    "language" : "deu"
  }, {
    "key" : "orderIndex",
    "value" : "41"
  } ],
  "children" : [ ],
  "assets" : [ ],
  "fileName" : "a9d9091f508c4e7db9d8b93dda071329.json",
  "name" : "Mormon 1-7",
  "publicTitle" : "Mormon 1-7"
}