{
  "parentCollectionID" : "d23b0e2302614fb9ab90e808c79bee0e",
  "parentCollectionPath" : "Mobile Media Library/English - Images/Everyday People/Portraits of Faith",
  "collectionType" : "assets",
  "path" : "Mobile Media Library/English - Images/Everyday People/Portraits of Faith/Skaidrīte Bokuma",
  "collectionID" : "ab07c453feef4f6f86021b6d0af377fa",
  "language" : "eng",
  "type" : "DEFAULT",
  "lastUpdatedDate" : "2019-12-14T21:59:41.429-07:00",
  "links" : [ {
    "rel" : "details",
    "href" : "https://titanapi.churchofjesuschrist.org/assetsearch/api/v2/collection/details/collectionID/ab07c453feef4f6f86021b6d0af377fa"
  } ],
  "coverImages" : [ {
    "asset" : {
      "assetID" : "83e85ece7fd892479852289c8f56a841d01e6177"
    }
  } ],
  "related" : [ ],
  "metadata" : [ {
    "key" : "collectionUri",
    "value" : "skaidrite-bokuma-images",
    "language" : "eng"
  }, {
    "key" : "publicTitle",
    "value" : "Skaidrīte Bokuma",
    "language" : "eng"
  } ],
  "children" : [ ],
  "assets" : [ {
    "asset" : {
      "assetID" : "2a2b4a3a14803a9f6204159a30fe909b1301f186"
    },
    "addedDate" : 1576615272483,
    "metadata" : [ ]
  }, {
    "asset" : {
      "assetID" : "45d9a2ab78ce7525aab831a14edc709fb443c3dd"
    },
    "addedDate" : 1576615279013,
    "metadata" : [ ]
  }, {
    "asset" : {
      "assetID" : "83e85ece7fd892479852289c8f56a841d01e6177"
    },
    "addedDate" : 1576615309512,
    "metadata" : [ ]
  }, {
    "asset" : {
      "assetID" : "986ce27e7b6abdc46055a2c708ad72edf7669d33"
    },
    "addedDate" : 1576615293025,
    "metadata" : [ ]
  }, {
    "asset" : {
      "assetID" : "5e276aff2bb4eacb9df72853eef0a81e4beb44c0"
    },
    "addedDate" : 1576615300149,
    "metadata" : [ ]
  } ],
  "fileName" : "ab07c453feef4f6f86021b6d0af377fa.json",
  "name" : "Skaidrīte Bokuma",
  "publicTitle" : "Skaidrīte Bokuma"
}