{
  "parentCollectionID" : "b72f58e7ae52414fa4b356c571bf1e6d",
  "parentCollectionPath" : "Mobile Media Library/Danish - Video",
  "collectionType" : "collections",
  "path" : "Mobile Media Library/Danish - Video/Teaching and Lessons",
  "collectionID" : "ab992bf5d3f64fa0b0cc498434ee50816fff43b1",
  "language" : "dan",
  "type" : "DEFAULT",
  "lastUpdatedDate" : "2022-11-02T12:15:18.200-06:00",
  "links" : [ {
    "rel" : "details",
    "href" : "https://titanapi.churchofjesuschrist.org/assetsearch/api/v2/collection/details/collectionID/ab992bf5d3f64fa0b0cc498434ee50816fff43b1"
  } ],
  "coverImages" : [ {
    "asset" : {
      "assetID" : "81fe8ab009819c8b2668dd670c4bf0b3036718e3"
    }
  } ],
  "related" : [ ],
  "metadata" : [ {
    "key" : "orderIndex",
    "value" : "9"
  }, {
    "key" : "collectionUri",
    "value" : "lessons",
    "language" : "dan"
  }, {
    "key" : "publicTitle",
    "value" : "Undervisning og lektioner",
    "language" : "dan"
  } ],
  "children" : [ {
    "path" : "Mobile Media Library/Danish - Video/Teaching and Lessons/Come, Follow Me: New Testament Learning and Teaching Resources",
    "collectionID" : "019ae97a01bd492d93f833540b43aa892f850597",
    "type" : "DEFAULT",
    "lastUpdatedDate" : "2022-04-01T02:30:20.016-06:00",
    "links" : [ {
      "rel" : "details",
      "href" : "https://titanapi.churchofjesuschrist.org/assetsearch/api/v2/collection/details/collectionID/019ae97a01bd492d93f833540b43aa892f850597"
    } ],
    "fileName" : "019ae97a01bd492d93f833540b43aa892f850597.json"
  }, {
    "path" : "Mobile Media Library/Danish - Video/Teaching and Lessons/Teaching in the Savior's Way",
    "collectionID" : "527c1e15837c46d89131bb181500253f06d3e04f",
    "type" : "DEFAULT",
    "lastUpdatedDate" : "2022-11-02T10:46:59.389-06:00",
    "links" : [ {
      "rel" : "details",
      "href" : "https://titanapi.churchofjesuschrist.org/assetsearch/api/v2/collection/details/collectionID/527c1e15837c46d89131bb181500253f06d3e04f"
    } ],
    "fileName" : "527c1e15837c46d89131bb181500253f06d3e04f.json"
  }, {
    "path" : "Mobile Media Library/Danish - Video/Teaching and Lessons/Come, Follow Me",
    "collectionID" : "92616509c5784502a2d1d232f61918333165144a",
    "type" : "DEFAULT",
    "lastUpdatedDate" : "2022-11-02T12:15:45.087-06:00",
    "links" : [ {
      "rel" : "details",
      "href" : "https://titanapi.churchofjesuschrist.org/assetsearch/api/v2/collection/details/collectionID/92616509c5784502a2d1d232f61918333165144a"
    } ],
    "fileName" : "92616509c5784502a2d1d232f61918333165144a.json"
  }, {
    "path" : "Mobile Media Library/Danish - Video/Teaching and Lessons/Seminary and Institute",
    "collectionID" : "019ca71defe2404aac62022f705ca9358f86200d",
    "type" : "DEFAULT",
    "lastUpdatedDate" : "2022-11-02T12:26:20.050-06:00",
    "links" : [ {
      "rel" : "details",
      "href" : "https://titanapi.churchofjesuschrist.org/assetsearch/api/v2/collection/details/collectionID/019ca71defe2404aac62022f705ca9358f86200d"
    } ],
    "fileName" : "019ca71defe2404aac62022f705ca9358f86200d.json"
  } ],
  "assets" : [ ],
  "fileName" : "ab992bf5d3f64fa0b0cc498434ee50816fff43b1.json",
  "name" : "Teaching and Lessons",
  "publicTitle" : "Undervisning og lektioner"
}