{
  "parentCollectionID" : "3aae2fbe4d064f58bf3a108fc51d630b6a00300a",
  "parentCollectionPath" : "Mobile Media Library/Cantonese - Video/Teaching and Lessons/Come, Follow Me/Come, Follow Me: New Testament Learning and Teaching Resources",
  "collectionType" : "assets",
  "path" : "Mobile Media Library/Cantonese - Video/Teaching and Lessons/Come, Follow Me/Come, Follow Me: New Testament Learning and Teaching Resources/Jan. 7-13: Matthew 1; Luke 1",
  "collectionID" : "ac57be50bf644633a0129cbf4115d4d21e389ee8",
  "language" : "yue",
  "type" : "DEFAULT",
  "lastUpdatedDate" : "2022-04-15T20:52:07.660-06:00",
  "links" : [ {
    "rel" : "details",
    "href" : "https://titanapi.churchofjesuschrist.org/assetsearch/api/v2/collection/details/collectionID/ac57be50bf644633a0129cbf4115d4d21e389ee8"
  } ],
  "coverImages" : [ {
    "asset" : {
      "assetID" : "c5211e1ac9a8998d1cd37620254f6aa357d766f6"
    }
  } ],
  "related" : [ ],
  "metadata" : [ {
    "key" : "collectionUri",
    "value" : "jan-7-13-matthew-1-luke-1",
    "language" : "yue"
  }, {
    "key" : "orderIndex",
    "value" : "2"
  } ],
  "children" : [ ],
  "assets" : [ {
    "asset" : {
      "assetID" : "1e0c4195473703bb3286af95ca6e5e4a77385d9a"
    },
    "index" : 0,
    "addedDate" : 1650079503130,
    "metadata" : [ ]
  } ],
  "fileName" : "ac57be50bf644633a0129cbf4115d4d21e389ee8.json",
  "name" : "Jan. 7-13: Matthew 1; Luke 1"
}