{
  "parentCollectionID" : "89bb48acee824ef6bc16bbd60663750b",
  "parentCollectionPath" : "Mobile Media Library/English - Video/Teaching and Lessons/Come, Follow Me/Come, Follow Me: Youth Curriculum - Getting Started",
  "collectionType" : "assets",
  "path" : "Mobile Media Library/English - Video/Teaching and Lessons/Come, Follow Me/Come, Follow Me: Youth Curriculum - Getting Started/Teaching Tips",
  "collectionID" : "ac754996bebb4c4f83d65ab3de3fa696",
  "language" : "eng",
  "type" : "DEFAULT",
  "lastUpdatedDate" : "2020-05-22T19:31:20.972-06:00",
  "links" : [ {
    "rel" : "details",
    "href" : "https://titanapi.churchofjesuschrist.org/assetsearch/api/v2/collection/details/collectionID/ac754996bebb4c4f83d65ab3de3fa696"
  } ],
  "coverImages" : [ {
    "asset" : {
      "assetID" : "c11e547553798a6e9a647136809cc61cd7bec6ae"
    }
  } ],
  "related" : [ ],
  "metadata" : [ ],
  "children" : [ ],
  "assets" : [ {
    "asset" : {
      "assetID" : "1af1bd7f4213b9d258f4855c31cd07edec2d14af"
    },
    "addedDate" : 1595218253587,
    "metadata" : [ ]
  }, {
    "asset" : {
      "assetID" : "cf8ff6aedd51cc4ea86a3b6886bd4abbcb39f2c7"
    },
    "addedDate" : 1595218253023,
    "metadata" : [ ]
  }, {
    "asset" : {
      "assetID" : "3c162dc923c95c234524aa9372bb0d36cfbc7676"
    },
    "addedDate" : 1595218253555,
    "metadata" : [ ]
  }, {
    "asset" : {
      "assetID" : "f50a3704d2df2ee2e97da753f98663596aea43d1"
    },
    "addedDate" : 1595218253164,
    "metadata" : [ ]
  }, {
    "asset" : {
      "assetID" : "b0087cfe457557500a8de09c5517f158271a7258"
    },
    "addedDate" : 1595218253430,
    "metadata" : [ ]
  }, {
    "asset" : {
      "assetID" : "56b31d45d853649be26bc4f333d12d8ca534b815"
    },
    "addedDate" : 1595218253649,
    "metadata" : [ ]
  }, {
    "asset" : {
      "assetID" : "4e44a84c27a51dbd998f7d9430e44d56872dbea4"
    },
    "addedDate" : 1595218253383,
    "metadata" : [ ]
  }, {
    "asset" : {
      "assetID" : "411885d3d04304b9a705bae090a8689eebb617b1"
    },
    "addedDate" : 1595218252945,
    "metadata" : [ ]
  }, {
    "asset" : {
      "assetID" : "f3b08f78529858db845544e96a72fab239d21f14"
    },
    "addedDate" : 1595218253055,
    "metadata" : [ ]
  }, {
    "asset" : {
      "assetID" : "50fe3443387fed2321ac088087f704ceac8ad910"
    },
    "addedDate" : 1595218253680,
    "metadata" : [ ]
  }, {
    "asset" : {
      "assetID" : "9a2f363cbed92ee1ac6bde1c8dd111db1dd8a7cc"
    },
    "addedDate" : 1595218253101,
    "metadata" : [ ]
  }, {
    "asset" : {
      "assetID" : "c7fed9de2bb630faa84c9e48bae5444be83b33ee"
    },
    "addedDate" : 1595218252833,
    "metadata" : [ ]
  }, {
    "asset" : {
      "assetID" : "12bcea2740265613f9bd8659749a8d1cf8faf74f"
    },
    "addedDate" : 1595218253242,
    "metadata" : [ ]
  }, {
    "asset" : {
      "assetID" : "af9eb9ef25c30f985fb121257dc8a57e4f103c7c"
    },
    "addedDate" : 1595218252992,
    "metadata" : [ ]
  }, {
    "asset" : {
      "assetID" : "00557f531fa5ed16bd88064d421f7c37cb1944d1"
    },
    "addedDate" : 1595218252865,
    "metadata" : [ ]
  }, {
    "asset" : {
      "assetID" : "81b027e8f6bb9bb8e1d700e5cdcf4479b9ca978e"
    },
    "addedDate" : 1595218253618,
    "metadata" : [ ]
  }, {
    "asset" : {
      "assetID" : "fa3c41aabe3aa04956f713fc922051b0cd838953"
    },
    "addedDate" : 1595218252911,
    "metadata" : [ ]
  }, {
    "asset" : {
      "assetID" : "7089464e2d63bf4c6698712170c9428f9901450c"
    },
    "addedDate" : 1595218253305,
    "metadata" : [ ]
  }, {
    "asset" : {
      "assetID" : "bc753071cd7d49cf85a7f6fe1d5abaa25bc579f2"
    },
    "addedDate" : 1595218253462,
    "metadata" : [ ]
  }, {
    "asset" : {
      "assetID" : "cefc7217834714aeecf76525c3bf456e59a88ce8"
    },
    "addedDate" : 1595218253352,
    "metadata" : [ ]
  }, {
    "asset" : {
      "assetID" : "f67cb01f36e652c7b3353f8651c0d20f042740be"
    },
    "addedDate" : 1632956883907,
    "metadata" : [ ]
  }, {
    "asset" : {
      "assetID" : "0bf72d233abf4daef42281f252ce648f38346f73"
    },
    "addedDate" : 1595218253273,
    "metadata" : [ ]
  }, {
    "asset" : {
      "assetID" : "020774524eca04587ad7b1eb7b55b645777b7adf"
    },
    "addedDate" : 1595218253133,
    "metadata" : [ ]
  } ],
  "fileName" : "ac754996bebb4c4f83d65ab3de3fa696.json",
  "name" : "Teaching Tips"
}