{
  "parentCollectionID" : "ac72fa9d3a3fabc52129302c5307dfcb491d189c",
  "parentCollectionPath" : "Mobile Media Library/Spanish - Video/Topics",
  "collectionType" : "assets",
  "path" : "Mobile Media Library/Spanish - Video/Topics/Scriptures",
  "collectionID" : "afe27f2564489ef1acba59cbf21971608ebc5dcb",
  "language" : "spa",
  "type" : "DEFAULT",
  "lastUpdatedDate" : "2021-04-05T13:46:33.020-06:00",
  "links" : [ {
    "rel" : "details",
    "href" : "https://titanapi.churchofjesuschrist.org/assetsearch/api/v2/collection/details/collectionID/afe27f2564489ef1acba59cbf21971608ebc5dcb"
  } ],
  "coverImages" : [ {
    "asset" : {
      "assetID" : "882c3ccf1b9f6d59ce0d33b471842b41c9f56410"
    }
  } ],
  "related" : [ ],
  "metadata" : [ {
    "key" : "collectionUri",
    "value" : "scriptures-topic",
    "language" : "spa"
  }, {
    "key" : "publicTitle",
    "value" : "Escrituras",
    "language" : "spa"
  }, {
    "key" : "orderIndex",
    "value" : "50"
  } ],
  "children" : [ ],
  "assets" : [ {
    "asset" : {
      "assetID" : "d755ba4fac0473615d73bcfbbd5d95df1422afdf"
    },
    "addedDate" : 1478562704062,
    "metadata" : [ ]
  }, {
    "asset" : {
      "assetID" : "b670dd79860b34f3011ae34a5c2abc69c44a1619"
    },
    "addedDate" : 1478562704062,
    "metadata" : [ ]
  }, {
    "asset" : {
      "assetID" : "a336191f45e78000cfb8e67d2fc1454cd6bf40e1"
    },
    "addedDate" : 1478562704062,
    "metadata" : [ ]
  }, {
    "asset" : {
      "assetID" : "90f82108d7ac0c5ee41f7eb2e818cbcbbe1f93f7"
    },
    "addedDate" : 1478562704062,
    "metadata" : [ ]
  }, {
    "asset" : {
      "assetID" : "8293aacbd6bf299b1475586c97f3ff87972b8c83"
    },
    "addedDate" : 1478562704062,
    "metadata" : [ ]
  }, {
    "asset" : {
      "assetID" : "6449abaede2525811c191b40e2738b4b399bed52"
    },
    "addedDate" : 1478562704062,
    "metadata" : [ ]
  }, {
    "asset" : {
      "assetID" : "6bb00de541ab4f9ee9e98a8238da77fc1083e3f9"
    },
    "addedDate" : 1478562704062,
    "metadata" : [ ]
  }, {
    "asset" : {
      "assetID" : "613f62864b91f2c622e2134b7e9ca41239db2d92"
    },
    "addedDate" : 1478562704062,
    "metadata" : [ ]
  }, {
    "asset" : {
      "assetID" : "2b34a96d793f6ed280d5657e2d89e6e1ff450aa4"
    },
    "addedDate" : 1478562704062,
    "metadata" : [ ]
  }, {
    "asset" : {
      "assetID" : "2f7697677df6014f490d0a9a3201b10355198c6c"
    },
    "addedDate" : 1478562704062,
    "metadata" : [ ]
  }, {
    "asset" : {
      "assetID" : "27d3e59df9cb3b47b69d424ef451f3448d5f9e76"
    },
    "addedDate" : 1478562704061,
    "metadata" : [ ]
  }, {
    "asset" : {
      "assetID" : "0e944f5ac88f7d4367bf422ff0f5a5f168b146b7"
    },
    "addedDate" : 1478562704062,
    "metadata" : [ ]
  }, {
    "asset" : {
      "assetID" : "09cac281d45e899817efb347c3868fa8667855f9"
    },
    "addedDate" : 1478562704062,
    "metadata" : [ ]
  }, {
    "asset" : {
      "assetID" : "04422e31733304e97874006d750636c11fbd8016"
    },
    "addedDate" : 1478562704062,
    "metadata" : [ ]
  }, {
    "asset" : {
      "assetID" : "0192e8c712e010d77f0e491b125ace47a2da0ea4"
    },
    "addedDate" : 1478562704061,
    "metadata" : [ ]
  } ],
  "fileName" : "afe27f2564489ef1acba59cbf21971608ebc5dcb.json",
  "name" : "Scriptures",
  "publicTitle" : "Escrituras"
}