{
  "parentCollectionID" : "f2d893c57ed040018f8d23bee9d30fd2",
  "parentCollectionPath" : "Mobile Media Library/Dutch - Video/Teaching and Lessons/Come, Follow Me/Come, Follow Me: For Aaronic Priesthood Quorums and Young Women/Media for 2023 Doctrinal Topics",
  "collectionType" : "collections",
  "path" : "Mobile Media Library/Dutch - Video/Teaching and Lessons/Come, Follow Me/Come, Follow Me: For Aaronic Priesthood Quorums and Young Women/Media for 2023 Doctrinal Topics/August",
  "collectionID" : "b0817bd1827b423fad7188fc4056c4d2",
  "language" : "nld",
  "type" : "DEFAULT",
  "lastUpdatedDate" : "2022-07-13T16:04:26.550-06:00",
  "links" : [ {
    "rel" : "details",
    "href" : "https://titanapi.churchofjesuschrist.org/assetsearch/api/v2/collection/details/collectionID/b0817bd1827b423fad7188fc4056c4d2"
  } ],
  "coverImages" : [ ],
  "related" : [ ],
  "metadata" : [ {
    "key" : "collectionUri",
    "value" : "august-2023-doctrinal-media-for-youth",
    "language" : "nld"
  }, {
    "key" : "orderIndex",
    "value" : "8"
  } ],
  "children" : [ ],
  "assets" : [ ],
  "fileName" : "b0817bd1827b423fad7188fc4056c4d2.json",
  "name" : "August"
}