{
  "parentCollectionID" : "1e7280458126405b87e93ee5461d9b04daf3ef16",
  "parentCollectionPath" : "Mobile Media Library/Samoan - Video/Scriptural Reenactments and Teachings/Book of Mormon/Book of Mormon Videos",
  "collectionType" : "assets",
  "path" : "Mobile Media Library/Samoan - Video/Scriptural Reenactments and Teachings/Book of Mormon/Book of Mormon Videos/2 Nephi 1-4",
  "collectionID" : "b0955fdcd1f94b619190a281416b9bc24392632b",
  "language" : "smo",
  "type" : "DEFAULT",
  "lastUpdatedDate" : "2022-11-01T09:19:46.643-06:00",
  "links" : [ {
    "rel" : "details",
    "href" : "https://titanapi.churchofjesuschrist.org/assetsearch/api/v2/collection/details/collectionID/b0955fdcd1f94b619190a281416b9bc24392632b"
  } ],
  "coverImages" : [ {
    "asset" : {
      "assetID" : "6663faf76f1341aaf305c61adf24c091d93464c5"
    }
  } ],
  "related" : [ ],
  "metadata" : [ {
    "key" : "orderIndex",
    "value" : "9"
  }, {
    "key" : "collectionUri",
    "value" : "2-nephi-1-4",
    "language" : "smo"
  }, {
    "key" : "publicTitle",
    "value" : "2 Nifae 1-4",
    "language" : "smo"
  } ],
  "children" : [ ],
  "assets" : [ {
    "asset" : {
      "assetID" : "03A32DB3186CAB7586E9859ED236B8C470905E94"
    },
    "index" : 1,
    "addedDate" : 1650262958030,
    "metadata" : [ ]
  }, {
    "asset" : {
      "assetID" : "F2E6B5F3FA9885422CD1F7FDA41FCC7E5D5D2ACC"
    },
    "index" : 2,
    "addedDate" : 1650262958030,
    "metadata" : [ ]
  }, {
    "asset" : {
      "assetID" : "DBBF490F95F65CBB8F45918A3F41C9810150E01E"
    },
    "index" : 3,
    "addedDate" : 1650262958030,
    "metadata" : [ ]
  }, {
    "asset" : {
      "assetID" : "AC5B660E997F9153D22C27460FC84B2CC2A7DA08"
    },
    "index" : 4,
    "addedDate" : 1650262958030,
    "metadata" : [ ]
  }, {
    "asset" : {
      "assetID" : "9A84FB7936A331E83A43B90D34A0836FE53959D1"
    },
    "index" : 5,
    "addedDate" : 1650262958030,
    "metadata" : [ ]
  }, {
    "asset" : {
      "assetID" : "DDBBC1C23F9E5DC86D62B97951B23ED47986D70E"
    },
    "index" : 0,
    "addedDate" : 1650262958030,
    "metadata" : [ ]
  } ],
  "fileName" : "b0955fdcd1f94b619190a281416b9bc24392632b.json",
  "name" : "2 Nephi 1-4",
  "publicTitle" : "2 Nifae 1-4"
}