{
  "parentCollectionID" : "ae799bbaf4fb452f8f52d3b23d04a2d1",
  "parentCollectionPath" : "Mobile Media Library/Cantonese - Images/Everyday People/Portraits of Faith",
  "collectionType" : "assets",
  "path" : "Mobile Media Library/Cantonese - Images/Everyday People/Portraits of Faith/Murilo Vicente Leite Ribeiro",
  "collectionID" : "b1ea26aa163740cfb22b0ebb78612d9d",
  "language" : "yue",
  "type" : "DEFAULT",
  "lastUpdatedDate" : "2023-09-22T12:49:03.665-06:00",
  "links" : [ {
    "rel" : "details",
    "href" : "https://titanapi.churchofjesuschrist.org/assetsearch/api/v2/collection/details/collectionID/b1ea26aa163740cfb22b0ebb78612d9d"
  } ],
  "coverImages" : [ {
    "asset" : {
      "assetID" : "7259b63b85f5d12dee8dce7935a69d62d625c165"
    }
  } ],
  "related" : [ ],
  "metadata" : [ {
    "key" : "collectionUri",
    "value" : "murilo-vicente-leite-ribeiro-images",
    "language" : "yue"
  }, {
    "key" : "publicTitle",
    "value" : "慕里洛·瑞貝羅",
    "language" : "yue"
  }, {
    "key" : "orderIndex",
    "value" : "19"
  } ],
  "children" : [ ],
  "assets" : [ {
    "asset" : {
      "assetID" : "f06ae48f0405289f42d018c5c0c4b3c47635178f"
    },
    "addedDate" : 1695409107603,
    "metadata" : [ ]
  }, {
    "asset" : {
      "assetID" : "0c1ac8b84127dd05518af4e503c8b6059491506c"
    },
    "addedDate" : 1695409107600,
    "metadata" : [ ]
  }, {
    "asset" : {
      "assetID" : "2a76eccb745d8e1a0085a8d5cb7ed3515e9a6e11"
    },
    "addedDate" : 1695409107596,
    "metadata" : [ ]
  }, {
    "asset" : {
      "assetID" : "a60c475628b6c0ecb8de2917196f7f696afcb9c1"
    },
    "addedDate" : 1695409107590,
    "metadata" : [ ]
  }, {
    "asset" : {
      "assetID" : "7259b63b85f5d12dee8dce7935a69d62d625c165"
    },
    "addedDate" : 1695409107593,
    "metadata" : [ ]
  }, {
    "asset" : {
      "assetID" : "e3cf36712bb70937a2b3f1d8d89cb7840ada33c2"
    },
    "addedDate" : 1695409107600,
    "metadata" : [ ]
  } ],
  "fileName" : "b1ea26aa163740cfb22b0ebb78612d9d.json",
  "name" : "Murilo Vicente Leite Ribeiro",
  "publicTitle" : "慕里洛·瑞貝羅"
}