{
  "parentCollectionID" : "7037ccf989c349f28a344f850559d679921cab8a",
  "parentCollectionPath" : "Mobile Media Library/Cantonese - Video/Broadcasts/Friend to Friend",
  "collectionType" : "collections",
  "path" : "Mobile Media Library/Cantonese - Video/Broadcasts/Friend to Friend/Friend to Friend 2022",
  "collectionID" : "b20d0519df6b4778af6dd921642d85bd",
  "language" : "yue",
  "type" : "DEFAULT",
  "lastUpdatedDate" : "2024-09-27T08:24:20.879-06:00",
  "links" : [ {
    "rel" : "details",
    "href" : "https://titanapi.churchofjesuschrist.org/assetsearch/api/v2/collection/details/collectionID/b20d0519df6b4778af6dd921642d85bd"
  } ],
  "coverImages" : [ {
    "asset" : {
      "assetID" : "3dcf901083e17a03f467b8132204d45dfa54a922"
    }
  } ],
  "related" : [ ],
  "metadata" : [ {
    "key" : "orderIndex",
    "value" : "3"
  }, {
    "key" : "channel",
    "value" : "mobile",
    "language" : "yue"
  }, {
    "key" : "collectionUri",
    "value" : "friend-to-friend-2022-broadcasts",
    "language" : "yue"
  }, {
    "key" : "publicTitle",
    "value" : "朋友對朋友——2022年",
    "language" : "yue"
  } ],
  "children" : [ ],
  "assets" : [ ],
  "fileName" : "b20d0519df6b4778af6dd921642d85bd.json",
  "name" : "Friend to Friend 2022",
  "publicTitle" : "朋友對朋友——2022年"
}