{
  "parentCollectionID" : "b5fe740f4c0e4dfc8d4f85db07a01ba4b111dac8",
  "parentCollectionPath" : "Mobile Media Library/Hungarian - Video/Life Help/Self-Reliance Services and PEF",
  "collectionType" : "collections",
  "path" : "Mobile Media Library/Hungarian - Video/Life Help/Self-Reliance Services and PEF/Self-Reliance: My Path",
  "collectionID" : "b3297af931914717aa6b34872e41e0dd243a1422",
  "language" : "hun",
  "type" : "DEFAULT",
  "lastUpdatedDate" : "2022-07-21T21:28:39.527-06:00",
  "links" : [ {
    "rel" : "details",
    "href" : "https://titanapi.churchofjesuschrist.org/assetsearch/api/v2/collection/details/collectionID/b3297af931914717aa6b34872e41e0dd243a1422"
  } ],
  "coverImages" : [ {
    "asset" : {
      "assetID" : "340ae780086301eec437c56eeb382384e93db0b1"
    }
  } ],
  "related" : [ ],
  "metadata" : [ {
    "key" : "collectionUri",
    "value" : "self-reliance-my-path",
    "language" : "hun"
  } ],
  "children" : [ ],
  "assets" : [ ],
  "fileName" : "b3297af931914717aa6b34872e41e0dd243a1422.json",
  "name" : "Self-Reliance: My Path"
}