{
  "parentCollectionID" : "a88271072dd44459b14bfff15262c0bbc3a70b88",
  "parentCollectionPath" : "Mobile Media Library/Japanese - Video/Life Help/Self-Reliance Services and PEF/Find a Better Job",
  "collectionType" : "collections",
  "path" : "Mobile Media Library/Japanese - Video/Life Help/Self-Reliance Services and PEF/Find a Better Job/Chapter 04: Power Statements",
  "collectionID" : "b32dc45537a842ec9530e716538706a82d6b0d6a",
  "language" : "jpn",
  "type" : "DEFAULT",
  "lastUpdatedDate" : "2022-08-10T14:59:53.929-06:00",
  "links" : [ {
    "rel" : "details",
    "href" : "https://titanapi.churchofjesuschrist.org/assetsearch/api/v2/collection/details/collectionID/b32dc45537a842ec9530e716538706a82d6b0d6a"
  } ],
  "coverImages" : [ {
    "asset" : {
      "assetID" : "b20244632203c3b516ff1444b68dfcbe1c4467e0"
    }
  } ],
  "related" : [ ],
  "metadata" : [ {
    "key" : "collectionUri",
    "value" : "chapter-4-power-statements",
    "language" : "jpn"
  } ],
  "children" : [ ],
  "assets" : [ ],
  "fileName" : "b32dc45537a842ec9530e716538706a82d6b0d6a.json",
  "name" : "Chapter 04: Power Statements"
}