{
  "parentCollectionID" : "8f8b9e16613f4185b972bcb65aed0cf7eb29975c",
  "parentCollectionPath" : "Mobile Media Library/Danish - Video/Teaching and Lessons/Seminary and Institute/Seminary",
  "collectionType" : "collections",
  "path" : "Mobile Media Library/Danish - Video/Teaching and Lessons/Seminary and Institute/Seminary/Learning Assessments",
  "collectionID" : "b3c0d91dcd3b41cbaaccd55d42efb801789cc017",
  "language" : "dan",
  "type" : "DEFAULT",
  "lastUpdatedDate" : "2022-11-02T12:30:28.261-06:00",
  "links" : [ {
    "rel" : "details",
    "href" : "https://titanapi.churchofjesuschrist.org/assetsearch/api/v2/collection/details/collectionID/b3c0d91dcd3b41cbaaccd55d42efb801789cc017"
  } ],
  "coverImages" : [ {
    "asset" : {
      "assetID" : "b2d0e20e3bf7ca2c5deebbaaf6359e27057c6708"
    }
  } ],
  "related" : [ ],
  "metadata" : [ {
    "key" : "orderIndex",
    "value" : "1"
  }, {
    "key" : "collectionUri",
    "value" : "learning-assessments",
    "language" : "dan"
  }, {
    "key" : "publicTitle",
    "value" : "Evaluering af indlæring",
    "language" : "dan"
  } ],
  "children" : [ ],
  "assets" : [ ],
  "fileName" : "b3c0d91dcd3b41cbaaccd55d42efb801789cc017.json",
  "name" : "Learning Assessments",
  "publicTitle" : "Evaluering af indlæring"
}