{
  "parentCollectionID" : "ac72fa9d3a3fabc52129302c5307dfcb491d189c",
  "parentCollectionPath" : "Mobile Media Library/Spanish - Video/Topics",
  "collectionType" : "assets",
  "path" : "Mobile Media Library/Spanish - Video/Topics/Scripture Study",
  "collectionID" : "b3c27c0dc82a9e8af496e1db67e84714623ec58a",
  "language" : "spa",
  "type" : "DEFAULT",
  "lastUpdatedDate" : "2021-04-05T13:47:14.046-06:00",
  "links" : [ {
    "rel" : "details",
    "href" : "https://titanapi.churchofjesuschrist.org/assetsearch/api/v2/collection/details/collectionID/b3c27c0dc82a9e8af496e1db67e84714623ec58a"
  } ],
  "coverImages" : [ {
    "asset" : {
      "assetID" : "c124b09341a93bd7b3bd6e97e55ef039a93d57b1"
    }
  } ],
  "related" : [ ],
  "metadata" : [ {
    "key" : "collectionUri",
    "value" : "scripture-study-topic",
    "language" : "spa"
  }, {
    "key" : "publicTitle",
    "value" : "Estudio de las Escrituras",
    "language" : "spa"
  }, {
    "key" : "orderIndex",
    "value" : "49"
  } ],
  "children" : [ ],
  "assets" : [ {
    "asset" : {
      "assetID" : "9dd7457ae733bd4eea922f0f0cf4b97e3eae6c79"
    },
    "addedDate" : 1478562682088,
    "metadata" : [ ]
  }, {
    "asset" : {
      "assetID" : "cb044cfed80696ad04cdb3ae2f15e33d549c45cf"
    },
    "addedDate" : 1478562682088,
    "metadata" : [ ]
  }, {
    "asset" : {
      "assetID" : "43746c2b21b8825c495d3236e9219494138f51d4"
    },
    "addedDate" : 1651017953479,
    "metadata" : [ ]
  }, {
    "asset" : {
      "assetID" : "445fdf842825fedd71565444b5371a27c262f3bc"
    },
    "addedDate" : 1651017953291,
    "metadata" : [ ]
  } ],
  "fileName" : "b3c27c0dc82a9e8af496e1db67e84714623ec58a.json",
  "name" : "Scripture Study",
  "publicTitle" : "Estudio de las Escrituras"
}