{
  "parentCollectionID" : "85cea3b7f97a449f8b23fcb59bc526accf74d95d",
  "parentCollectionPath" : "Mobile Media Library/Mandarin Traditional - Video/Topics",
  "collectionType" : "assets",
  "path" : "Mobile Media Library/Mandarin Traditional - Video/Topics/Chastity",
  "collectionID" : "b4b656e0dcf247c79ba935f41d860f5ea65874ee",
  "language" : "zho",
  "type" : "DEFAULT",
  "lastUpdatedDate" : "2024-09-18T08:52:25.440-06:00",
  "links" : [ {
    "rel" : "details",
    "href" : "https://titanapi.churchofjesuschrist.org/assetsearch/api/v2/collection/details/collectionID/b4b656e0dcf247c79ba935f41d860f5ea65874ee"
  } ],
  "coverImages" : [ {
    "asset" : {
      "assetID" : "f6cd4f8f94ce157e4afa2012fe45b78dc7b17fa9"
    }
  } ],
  "related" : [ ],
  "metadata" : [ {
    "key" : "orderIndex",
    "value" : "5"
  }, {
    "key" : "collectionUri",
    "value" : "chastity-topic",
    "language" : "zho"
  }, {
    "key" : "publicTitle",
    "value" : "貞潔",
    "language" : "zho"
  } ],
  "children" : [ ],
  "assets" : [ {
    "asset" : {
      "assetID" : "b08c565f4d67f08d70dbc2491b15a4b68551119f"
    },
    "index" : 0,
    "addedDate" : 1650582348116,
    "metadata" : [ ]
  } ],
  "fileName" : "b4b656e0dcf247c79ba935f41d860f5ea65874ee.json",
  "name" : "Chastity",
  "publicTitle" : "貞潔"
}