{
  "parentCollectionID" : "c2638091446c4a71bc641cc8735bbdad89cc6ed3",
  "parentCollectionPath" : "Mobile Media Library/Danish - Video/Life Help/Self-Reliance Services and PEF/Find a Better Job",
  "collectionType" : "collections",
  "path" : "Mobile Media Library/Danish - Video/Life Help/Self-Reliance Services and PEF/Find a Better Job/Chapter 07: Nail the Interview Part 2",
  "collectionID" : "b50bb4e95aeb4d2bbc7325470e64d00312251b1b",
  "language" : "dan",
  "type" : "DEFAULT",
  "lastUpdatedDate" : "2022-08-03T13:48:02.789-06:00",
  "links" : [ {
    "rel" : "details",
    "href" : "https://titanapi.churchofjesuschrist.org/assetsearch/api/v2/collection/details/collectionID/b50bb4e95aeb4d2bbc7325470e64d00312251b1b"
  } ],
  "coverImages" : [ {
    "asset" : {
      "assetID" : "b5a1283d4e67a5822b487de8e9dde495b872b207"
    }
  } ],
  "related" : [ ],
  "metadata" : [ {
    "key" : "collectionUri",
    "value" : "chapter-07-nail-the-interview-part-2",
    "language" : "dan"
  } ],
  "children" : [ ],
  "assets" : [ ],
  "fileName" : "b50bb4e95aeb4d2bbc7325470e64d00312251b1b.json",
  "name" : "Chapter 07: Nail the Interview Part 2"
}