{
  "parentCollectionID" : "2bd8fc15a3724638ab1b1115022ec64c2c26931a",
  "parentCollectionPath" : "Mobile Media Library/Finnish - Video/Life Help/Self-Reliance Services and PEF/Starting and Growing My Business",
  "collectionType" : "collections",
  "path" : "Mobile Media Library/Finnish - Video/Life Help/Self-Reliance Services and PEF/Starting and Growing My Business/Chapter 08: How much can I afford to invest to grow my business?",
  "collectionID" : "b5cc3885b6914dd882b6ff8207f92ea61a573b3f",
  "language" : "fin",
  "type" : "DEFAULT",
  "lastUpdatedDate" : "2022-08-16T16:54:02.244-06:00",
  "links" : [ {
    "rel" : "details",
    "href" : "https://titanapi.churchofjesuschrist.org/assetsearch/api/v2/collection/details/collectionID/b5cc3885b6914dd882b6ff8207f92ea61a573b3f"
  } ],
  "coverImages" : [ {
    "asset" : {
      "assetID" : "fe04b0d80114fcd739a944a5ff294cf81b768f73"
    }
  } ],
  "related" : [ ],
  "metadata" : [ {
    "key" : "collectionUri",
    "value" : "chapter-8-how-much-can-i-afford-to-invest-to-grow-my-business",
    "language" : "fin"
  } ],
  "children" : [ ],
  "assets" : [ ],
  "fileName" : "b5cc3885b6914dd882b6ff8207f92ea61a573b3f.json",
  "name" : "Chapter 08: How much can I afford to invest to grow my business?"
}