{
  "parentCollectionID" : "328502d5f15b40bb8942a90044844aa2",
  "parentCollectionPath" : "Mobile Media Library/German - Video/Scriptural Reenactments and Teachings/Book of Mormon/Book of Mormon Videos",
  "collectionType" : "assets",
  "path" : "Mobile Media Library/German - Video/Scriptural Reenactments and Teachings/Book of Mormon/Book of Mormon Videos/3 Nephi 19",
  "collectionID" : "b6fe5de42ea748e9ad2dba9a46d3f4dc",
  "language" : "deu",
  "type" : "DEFAULT",
  "lastUpdatedDate" : "2024-06-18T10:36:38.353-06:00",
  "links" : [ {
    "rel" : "details",
    "href" : "https://titanapi.churchofjesuschrist.org/assetsearch/api/v2/collection/details/collectionID/b6fe5de42ea748e9ad2dba9a46d3f4dc"
  } ],
  "coverImages" : [ {
    "asset" : {
      "assetID" : "d443a2e8fba511eb99c6eeeeac1e03b2e20c756b"
    }
  } ],
  "related" : [ ],
  "metadata" : [ {
    "key" : "orderIndex",
    "value" : "38"
  }, {
    "key" : "channel",
    "value" : "mobile",
    "language" : "deu"
  }, {
    "key" : "collectionUri",
    "value" : "bmvl-3-nephi-19",
    "language" : "deu"
  }, {
    "key" : "publicTitle",
    "value" : "3 Nephi 19",
    "language" : "deu"
  } ],
  "children" : [ ],
  "assets" : [ {
    "asset" : {
      "assetID" : "7da4f40c32c211ed84e3eeeeac1e668c48be775a"
    },
    "index" : 1,
    "addedDate" : 1669904227379,
    "metadata" : [ ]
  }, {
    "asset" : {
      "assetID" : "865b7bad32c211ed84e3eeeeac1e668c339e5dc1"
    },
    "index" : 2,
    "addedDate" : 1669904232527,
    "metadata" : [ ]
  }, {
    "asset" : {
      "assetID" : "9193cc2832c211ed94f3eeeeac1e776fc4bef480"
    },
    "index" : 3,
    "addedDate" : 1669904238308,
    "metadata" : [ ]
  }, {
    "asset" : {
      "assetID" : "b268f2ec32c211ed84cceeeeac1e3ecc1d6e87fa"
    },
    "index" : 0,
    "addedDate" : 1669904220706,
    "metadata" : [ ]
  } ],
  "fileName" : "b6fe5de42ea748e9ad2dba9a46d3f4dc.json",
  "name" : "3 Nephi 19",
  "publicTitle" : "3 Nephi 19"
}