{
  "parentCollectionID" : "e908878b100d4b98a82d25a286113b54",
  "parentCollectionPath" : "Mobile Media Library/English - Images/Things/Nature and Creation",
  "collectionType" : "assets",
  "path" : "Mobile Media Library/English - Images/Things/Nature and Creation/Scenery",
  "collectionID" : "b71ffe3b06b14d0e9164004ab585e9bf",
  "language" : "eng",
  "type" : "DEFAULT",
  "lastUpdatedDate" : "2019-12-30T09:38:51.684-07:00",
  "links" : [ {
    "rel" : "details",
    "href" : "https://titanapi.churchofjesuschrist.org/assetsearch/api/v2/collection/details/collectionID/b71ffe3b06b14d0e9164004ab585e9bf"
  } ],
  "coverImages" : [ {
    "asset" : {
      "assetID" : "4cefa6c782861c7bd8b9cc855c878ab3898d528c"
    }
  } ],
  "related" : [ ],
  "metadata" : [ {
    "key" : "collectionUri",
    "value" : "scenery-images",
    "language" : "eng"
  }, {
    "key" : "publicTitle",
    "value" : "Scenery",
    "language" : "eng"
  } ],
  "children" : [ ],
  "assets" : [ {
    "asset" : {
      "assetID" : "03e408e151209e377ecef9a512121e6ff5efd3ad"
    },
    "addedDate" : 1660951449793,
    "metadata" : [ ]
  }, {
    "asset" : {
      "assetID" : "06de34321aa2dc8d30fc796470ecacbaf52cf43f"
    },
    "addedDate" : 1577761436725,
    "metadata" : [ ]
  }, {
    "asset" : {
      "assetID" : "0a39975a6197225cd0a50461a25a05ffeb707455"
    },
    "addedDate" : 1577761759557,
    "metadata" : [ ]
  }, {
    "asset" : {
      "assetID" : "127f364002e09b1e5b60fe4050bd519087912f98"
    },
    "addedDate" : 1577761583703,
    "metadata" : [ ]
  }, {
    "asset" : {
      "assetID" : "1a7dd4fb68ae375624b0245cd79e41ad39f54ea2"
    },
    "addedDate" : 1577761847950,
    "metadata" : [ ]
  }, {
    "asset" : {
      "assetID" : "204f14a03dbef4c23ca81dae3631ef25a4e96721"
    },
    "addedDate" : 1577761770383,
    "metadata" : [ ]
  }, {
    "asset" : {
      "assetID" : "20f68036a2828a1a6d5de4beb4b4dd4b2fa599b9"
    },
    "addedDate" : 1577761345415,
    "metadata" : [ ]
  }, {
    "asset" : {
      "assetID" : "28f340d4af028c54ea759be0f72c1de42da32366"
    },
    "addedDate" : 1577761804854,
    "metadata" : [ ]
  }, {
    "asset" : {
      "assetID" : "2971f05f371a5c9912ad6408fc2ea517e8497bc7"
    },
    "addedDate" : 1577761329553,
    "metadata" : [ ]
  }, {
    "asset" : {
      "assetID" : "2adbec56e0688a14ec1bfeebe1b782508c998e37"
    },
    "addedDate" : 1577761576941,
    "metadata" : [ ]
  }, {
    "asset" : {
      "assetID" : "3067333363077fba36dc661b86e132220bbc60a2"
    },
    "addedDate" : 1577761814594,
    "metadata" : [ ]
  }, {
    "asset" : {
      "assetID" : "3e1937ec65b5d2faf7ceafb4a7484745fffcaec5"
    },
    "addedDate" : 1577761469545,
    "metadata" : [ ]
  }, {
    "asset" : {
      "assetID" : "440659e5b44c869dc175d1b1981ea5b4ac245178"
    },
    "addedDate" : 1577761569698,
    "metadata" : [ ]
  }, {
    "asset" : {
      "assetID" : "2313f40a91bf030d76081f671f486ae0051b148d"
    },
    "addedDate" : 1660951469630,
    "metadata" : [ ]
  }, {
    "asset" : {
      "assetID" : "3d3ae27c81d7620c8dda3ebfbf5922b3b8cb3d91"
    },
    "addedDate" : 1660951470099,
    "metadata" : [ ]
  }, {
    "asset" : {
      "assetID" : "4cefa6c782861c7bd8b9cc855c878ab3898d528c"
    },
    "addedDate" : 1577761482654,
    "metadata" : [ ]
  }, {
    "asset" : {
      "assetID" : "dcc297cbe29e2595e69ded7c94aedf581a704ed0"
    },
    "addedDate" : 1660951471116,
    "metadata" : [ ]
  }, {
    "asset" : {
      "assetID" : "5267c87e2f941d03e88518f0b7648d02af8403ff"
    },
    "addedDate" : 1577761828605,
    "metadata" : [ ]
  }, {
    "asset" : {
      "assetID" : "565ff755cf44f1310bd9ce767f8af21c042665d0"
    },
    "addedDate" : 1577761666165,
    "metadata" : [ ]
  }, {
    "asset" : {
      "assetID" : "566907af42a52f35228c3bdb702a788cff479d18"
    },
    "addedDate" : 1577761782257,
    "metadata" : [ ]
  }, {
    "asset" : {
      "assetID" : "658079ce85b2716e587213900158d01c4a7fe1ef"
    },
    "addedDate" : 1577761462646,
    "metadata" : [ ]
  }, {
    "asset" : {
      "assetID" : "68c6bf82c13fae3852f6922aec46945355e1fe10"
    },
    "addedDate" : 1577761336094,
    "metadata" : [ ]
  }, {
    "asset" : {
      "assetID" : "6976600edad32ee6f0d5fdd38fd85b111d28fcc4"
    },
    "addedDate" : 1577761489824,
    "metadata" : [ ]
  }, {
    "asset" : {
      "assetID" : "6b0dd0da3d44871605a5cd7c97d5489d91dde1d1"
    },
    "addedDate" : 1577761475968,
    "metadata" : [ ]
  }, {
    "asset" : {
      "assetID" : "6b36454fc5fd54efe09f8da0a6af286ad959d805"
    },
    "addedDate" : 1577761551684,
    "metadata" : [ ]
  }, {
    "asset" : {
      "assetID" : "6bdfdfd23cd070abd4cdd42425148bb3a2ca84d1"
    },
    "addedDate" : 1577761510027,
    "metadata" : [ ]
  }, {
    "asset" : {
      "assetID" : "6d8a58ac2acdc3afd449a2b30cfcc2739f371d57"
    },
    "addedDate" : 1577761606529,
    "metadata" : [ ]
  }, {
    "asset" : {
      "assetID" : "7b2778b2e09c08eddf554d1865ddedb311992d29"
    },
    "addedDate" : 1577761692523,
    "metadata" : [ ]
  }, {
    "asset" : {
      "assetID" : "7c248b6e7b2871f4a16fff95d22f5e217df08e32"
    },
    "addedDate" : 1577761542445,
    "metadata" : [ ]
  }, {
    "asset" : {
      "assetID" : "7f8b87e3c7e45b967bfa1c66ca530315d8a303be"
    },
    "addedDate" : 1577761409533,
    "metadata" : [ ]
  }, {
    "asset" : {
      "assetID" : "836e25f0cdbf3cac8573441f7bfae0b0f2659c32"
    },
    "addedDate" : 1577761680704,
    "metadata" : [ ]
  }, {
    "asset" : {
      "assetID" : "8a00dab87d45d84c487774dfe9c83a815d3ead0b"
    },
    "addedDate" : 1577761320995,
    "metadata" : [ ]
  }, {
    "asset" : {
      "assetID" : "c3a4c619adc68efeae23c3e40e7b3d058579e74c"
    },
    "addedDate" : 1660951483081,
    "metadata" : [ ]
  }, {
    "asset" : {
      "assetID" : "3fec4c3886b1c78f4682b49d5ae933f84a4022f1"
    },
    "addedDate" : 1660951484019,
    "metadata" : [ ]
  }, {
    "asset" : {
      "assetID" : "96a291ed8572150dbc601b908a6ced08ff543f63"
    },
    "addedDate" : 1577761704047,
    "metadata" : [ ]
  }, {
    "asset" : {
      "assetID" : "98b6ab35fd2cc644f92f516476f5a6a9f34f4033"
    },
    "addedDate" : 1577761352533,
    "metadata" : [ ]
  }, {
    "asset" : {
      "assetID" : "bf08e582d3c285efe8de30707d503816e11fd32a"
    },
    "addedDate" : 1660951486402,
    "metadata" : [ ]
  }, {
    "asset" : {
      "assetID" : "d5e0b438e78f0921b42a1b2c078956b45b23dcfb"
    },
    "addedDate" : 1660951486434,
    "metadata" : [ ]
  }, {
    "asset" : {
      "assetID" : "9c0cb3c6688747c708ec4b477a19f925c095534f"
    },
    "addedDate" : 1577761313357,
    "metadata" : [ ]
  }, {
    "asset" : {
      "assetID" : "a1926e3f777d2479185be5b065a7598939421bc0"
    },
    "addedDate" : 1577761615859,
    "metadata" : [ ]
  }, {
    "asset" : {
      "assetID" : "7c15acc6d2082722aa59a2a6da1c1304f74624f2"
    },
    "addedDate" : 1660951487888,
    "metadata" : [ ]
  }, {
    "asset" : {
      "assetID" : "a87a7c76be84c1b22758f79ec7a322f0afbebfce"
    },
    "addedDate" : 1577761443345,
    "metadata" : [ ]
  }, {
    "asset" : {
      "assetID" : "a996a7b9dc4e2fb2ca3fc1ac333d60b3b464b6d7"
    },
    "addedDate" : 1577761517295,
    "metadata" : [ ]
  }, {
    "asset" : {
      "assetID" : "17da71e1804c41d81aa53333113b4e4c50a7f057"
    },
    "addedDate" : 1660951490684,
    "metadata" : [ ]
  }, {
    "asset" : {
      "assetID" : "bec61446e48d0c30d7ab99b8e7e34350c7d60658"
    },
    "addedDate" : 1577761360712,
    "metadata" : [ ]
  }, {
    "asset" : {
      "assetID" : "c6fa1774179272cabfbbe604195ca96220f18b92"
    },
    "addedDate" : 1577761591163,
    "metadata" : [ ]
  }, {
    "asset" : {
      "assetID" : "ba0ff0f192fd9bc17a37663b44cbafe8e457b394"
    },
    "addedDate" : 1660951494116,
    "metadata" : [ ]
  }, {
    "asset" : {
      "assetID" : "d0292bb9b726fbf28023476c644013794935a729"
    },
    "addedDate" : 1577761307163,
    "metadata" : [ ]
  }, {
    "asset" : {
      "assetID" : "da7c71f102d0b9429160ef254d1c69e539b053de"
    },
    "addedDate" : 1577761450258,
    "metadata" : [ ]
  }, {
    "asset" : {
      "assetID" : "dce29e5f5e27d8ee17fd73918e28720a0588841c"
    },
    "addedDate" : 1577761598175,
    "metadata" : [ ]
  }, {
    "asset" : {
      "assetID" : "f704f2bf4fd1c516999f47261112b331e782a28c"
    },
    "addedDate" : 1577761391859,
    "metadata" : [ ]
  }, {
    "asset" : {
      "assetID" : "c0c96eb231cc04128367da736056dc0ec0b5d8e7"
    },
    "addedDate" : 1660951501678,
    "metadata" : [ ]
  }, {
    "asset" : {
      "assetID" : "fd66d76722c8fa93c0cb1b0e962eac453f775f29"
    },
    "addedDate" : 1577761740279,
    "metadata" : [ ]
  }, {
    "asset" : {
      "assetID" : "868c9318676f8563c6fe11c46b07f4e89ffb7522"
    },
    "addedDate" : 1660951504227,
    "metadata" : [ ]
  }, {
    "asset" : {
      "assetID" : "476be81e33c9521bd9c36f17b5ea2db30c170557"
    },
    "addedDate" : 1577761643383,
    "metadata" : [ ]
  }, {
    "asset" : {
      "assetID" : "278996bd33c43e2cd07f77cd9b7e22d9888551ba"
    },
    "addedDate" : 1577761429155,
    "metadata" : [ ]
  }, {
    "asset" : {
      "assetID" : "c4fddf6249bd4b66d15bd836416f1dafd0346d04"
    },
    "addedDate" : 1577761651522,
    "metadata" : [ ]
  } ],
  "fileName" : "b71ffe3b06b14d0e9164004ab585e9bf.json",
  "name" : "Scenery",
  "publicTitle" : "Scenery"
}