{
  "parentCollectionID" : "e76d3e989a8d4e4fb21c3c2982a6e233b0492174",
  "parentCollectionPath" : "Mobile Media Library/Danish - Video/People/Special Witnesses of Christ",
  "collectionType" : "assets",
  "path" : "Mobile Media Library/Danish - Video/People/Special Witnesses of Christ/Current Special Witnesses Videos",
  "collectionID" : "b780061204274d23ac97a5a7c36fa37fa842ef27",
  "language" : "dan",
  "type" : "DEFAULT",
  "lastUpdatedDate" : "2022-04-01T02:30:20.016-06:00",
  "links" : [ {
    "rel" : "details",
    "href" : "https://titanapi.churchofjesuschrist.org/assetsearch/api/v2/collection/details/collectionID/b780061204274d23ac97a5a7c36fa37fa842ef27"
  } ],
  "coverImages" : [ {
    "asset" : {
      "assetID" : "55887ba02dc13d9a51363275b26766a636c03f12"
    }
  } ],
  "related" : [ ],
  "metadata" : [ {
    "key" : "collectionUri",
    "value" : "current-special-witnesses-of-christ-videos",
    "language" : "dan"
  }, {
    "key" : "orderIndex",
    "value" : "2"
  } ],
  "children" : [ ],
  "assets" : [ {
    "asset" : {
      "assetID" : "dc3de16839e3f780c0904472372ec34544edbafa"
    },
    "index" : 6,
    "addedDate" : 1648847570090,
    "metadata" : [ ]
  }, {
    "asset" : {
      "assetID" : "7521360fcdad402d83f42b78494fe7fc110e70b6"
    },
    "index" : 7,
    "addedDate" : 1648847570090,
    "metadata" : [ ]
  }, {
    "asset" : {
      "assetID" : "ce890367ba5dff171f951e73f9d5b22982d84645"
    },
    "index" : 5,
    "addedDate" : 1648847570090,
    "metadata" : [ ]
  }, {
    "asset" : {
      "assetID" : "3139971cf64ca2e761706f16422af75cf9843890"
    },
    "index" : 3,
    "addedDate" : 1648847570090,
    "metadata" : [ ]
  }, {
    "asset" : {
      "assetID" : "4e3b96c5d8242428875dfec62a8cc54c06a81b80"
    },
    "index" : 4,
    "addedDate" : 1648847570090,
    "metadata" : [ ]
  }, {
    "asset" : {
      "assetID" : "3161eb9844160bfefc43a9e6b12ee18a73760cf0"
    },
    "index" : 0,
    "addedDate" : 1648847570090,
    "metadata" : [ ]
  }, {
    "asset" : {
      "assetID" : "a8894983f96d611ad78a8579a160b5d3411036ba"
    },
    "index" : 1,
    "addedDate" : 1648847570090,
    "metadata" : [ ]
  } ],
  "fileName" : "b780061204274d23ac97a5a7c36fa37fa842ef27.json",
  "name" : "Current Special Witnesses Videos"
}