{
  "parentCollectionID" : "093f55f2a63443cdbbf60dfe5c9de3145d493522",
  "parentCollectionPath" : "Mobile Media Library/Indonesian - Video/Broadcasts/General Conference",
  "collectionType" : "assets",
  "path" : "Mobile Media Library/Indonesian - Video/Broadcasts/General Conference/October 2021",
  "collectionID" : "b79b567cc8534dd49f52cf5307ae7357",
  "language" : "ind",
  "type" : "DEFAULT",
  "lastUpdatedDate" : "2022-11-02T09:50:53.313-06:00",
  "links" : [ {
    "rel" : "details",
    "href" : "https://titanapi.churchofjesuschrist.org/assetsearch/api/v2/collection/details/collectionID/b79b567cc8534dd49f52cf5307ae7357"
  } ],
  "coverImages" : [ {
    "asset" : {
      "assetID" : "2dacf0ea749311096e77b1454a496a4f9ae6838d"
    }
  } ],
  "related" : [ ],
  "metadata" : [ {
    "key" : "orderIndex",
    "value" : "7"
  }, {
    "key" : "collectionUri",
    "value" : "october-2021-general-conference",
    "language" : "ind"
  }, {
    "key" : "publicTitle",
    "value" : "Oktober 2021",
    "language" : "ind"
  } ],
  "children" : [ ],
  "assets" : [ {
    "asset" : {
      "assetID" : "5ee84f0a23a511ec8410eeeeac1e04a261da3327"
    },
    "index" : 2,
    "addedDate" : 1638897296713,
    "metadata" : [ ]
  }, {
    "asset" : {
      "assetID" : "8ead0ca123a611ec86faeeeeac1e09d2c60610cb"
    },
    "index" : 1,
    "addedDate" : 1638897290924,
    "metadata" : [ ]
  }, {
    "asset" : {
      "assetID" : "cacb888823aa11ecbc34eeeeac1e09a561679712"
    },
    "index" : 3,
    "addedDate" : 1638897302391,
    "metadata" : [ ]
  }, {
    "asset" : {
      "assetID" : "dffb7a8923b311ec9229eeeeac1e2796500ff56c"
    },
    "index" : 5,
    "addedDate" : 1638897313985,
    "metadata" : [ ]
  }, {
    "asset" : {
      "assetID" : "09783e0023bc11ec86faeeeeac1e09d2d60b8c2d"
    },
    "index" : 4,
    "addedDate" : 1638897308786,
    "metadata" : [ ]
  }, {
    "asset" : {
      "assetID" : "e1fd464a23c611ec8e61eeeeac1ed9236ddda1b8"
    },
    "index" : 6,
    "addedDate" : 1638897320030,
    "metadata" : [ ]
  }, {
    "asset" : {
      "assetID" : "c9d4f3db23cf11ec9f65eeeeac1ecd5a5064b046"
    },
    "index" : 8,
    "addedDate" : 1638897332290,
    "metadata" : [ ]
  }, {
    "asset" : {
      "assetID" : "e7316e9523cf11ecbc34eeeeac1e09a5fb1b80b5"
    },
    "index" : 10,
    "addedDate" : 1638897346106,
    "metadata" : [ ]
  }, {
    "asset" : {
      "assetID" : "3882d12623d311ec8410eeeeac1e04a24d16bb89"
    },
    "index" : 0,
    "addedDate" : 1638897285027,
    "metadata" : [ ]
  }, {
    "asset" : {
      "assetID" : "46d44ad023e211ecb34aeeeeac1e8d8ad6226378"
    },
    "index" : 11,
    "addedDate" : 1638897352644,
    "metadata" : [ ]
  }, {
    "asset" : {
      "assetID" : "32f5aa5a23e711ec9229eeeeac1e279630451cad"
    },
    "index" : 7,
    "addedDate" : 1638897326223,
    "metadata" : [ ]
  }, {
    "asset" : {
      "assetID" : "b13bd97023ea11ec9b75eeeeac1e708dcd16a608"
    },
    "index" : 17,
    "addedDate" : 1638897409153,
    "metadata" : [ ]
  }, {
    "asset" : {
      "assetID" : "f933411923f011ecb34aeeeeac1e8d8ac79e69e3"
    },
    "index" : 15,
    "addedDate" : 1638897394311,
    "metadata" : [ ]
  }, {
    "asset" : {
      "assetID" : "57b14a2723f411ec8e61eeeeac1ed923d944bcc6"
    },
    "index" : 22,
    "addedDate" : 1638897449947,
    "metadata" : [ ]
  }, {
    "asset" : {
      "assetID" : "b5a6acc923f511ec8410eeeeac1e04a23013c5f0"
    },
    "index" : 20,
    "addedDate" : 1638897434328,
    "metadata" : [ ]
  }, {
    "asset" : {
      "assetID" : "0741657823ff11ec9b75eeeeac1e708d297286fa"
    },
    "index" : 14,
    "addedDate" : 1638897373749,
    "metadata" : [ ]
  }, {
    "asset" : {
      "assetID" : "421494dd241111ecbc5aeeeeac1e477b76ed978b"
    },
    "index" : 16,
    "addedDate" : 1638897402314,
    "metadata" : [ ]
  }, {
    "asset" : {
      "assetID" : "22216261241411ecb34aeeeeac1e8d8aa4ea8f69"
    },
    "index" : 18,
    "addedDate" : 1638897418154,
    "metadata" : [ ]
  }, {
    "asset" : {
      "assetID" : "6a626c94241511ec9229eeeeac1e2796c3bbb475"
    },
    "index" : 21,
    "addedDate" : 1638897442334,
    "metadata" : [ ]
  }, {
    "asset" : {
      "assetID" : "ca607f4b245611ec99eeeeeeac1ea22063c18a46"
    },
    "index" : 19,
    "addedDate" : 1638897426126,
    "metadata" : [ ]
  }, {
    "asset" : {
      "assetID" : "71c31886246c11ec81b6eeeeac1e0e286d2806dc"
    },
    "index" : 24,
    "addedDate" : 1638897469345,
    "metadata" : [ ]
  }, {
    "asset" : {
      "assetID" : "617b8435247111ecb34aeeeeac1e8d8acae7fe32"
    },
    "index" : 12,
    "addedDate" : 1638897359390,
    "metadata" : [ ]
  }, {
    "asset" : {
      "assetID" : "34fe4201247611ec8e61eeeeac1ed92335b3ea81"
    },
    "index" : 25,
    "addedDate" : 1638897478943,
    "metadata" : [ ]
  }, {
    "asset" : {
      "assetID" : "be0ce5f4247911ec99eeeeeeac1ea220a81ec870"
    },
    "index" : 26,
    "addedDate" : 1638897488748,
    "metadata" : [ ]
  }, {
    "asset" : {
      "assetID" : "7f9badf4247a11ec9645eeeeac1eed48783fc469"
    },
    "index" : 9,
    "addedDate" : 1638897338812,
    "metadata" : [ ]
  }, {
    "asset" : {
      "assetID" : "a109ca4b248311ec99eeeeeeac1ea220ceb89548"
    },
    "index" : 27,
    "addedDate" : 1638897496863,
    "metadata" : [ ]
  }, {
    "asset" : {
      "assetID" : "052bb65a248611ec9229eeeeac1e2796f29fae47"
    },
    "index" : 28,
    "addedDate" : 1638897506093,
    "metadata" : [ ]
  }, {
    "asset" : {
      "assetID" : "c556a3e3248911ec9f65eeeeac1ecd5afd909500"
    },
    "index" : 29,
    "addedDate" : 1638897515562,
    "metadata" : [ ]
  }, {
    "asset" : {
      "assetID" : "6af04fc3249211ec9f65eeeeac1ecd5a90aa4578"
    },
    "index" : 34,
    "addedDate" : 1638897553865,
    "metadata" : [ ]
  }, {
    "asset" : {
      "assetID" : "7b2da6e5249411ec81b6eeeeac1e0e28ff1108c8"
    },
    "index" : 23,
    "addedDate" : 1638897461081,
    "metadata" : [ ]
  }, {
    "asset" : {
      "assetID" : "5ff050cd249611ec8e61eeeeac1ed923cf18f477"
    },
    "index" : 33,
    "addedDate" : 1638897546985,
    "metadata" : [ ]
  }, {
    "asset" : {
      "assetID" : "dbe43a7a249711ec9f65eeeeac1ecd5a222a166e"
    },
    "index" : 31,
    "addedDate" : 1638897530837,
    "metadata" : [ ]
  }, {
    "asset" : {
      "assetID" : "3bf55c0b249a11ecbc34eeeeac1e09a52ae0c751"
    },
    "index" : 32,
    "addedDate" : 1638897539113,
    "metadata" : [ ]
  }, {
    "asset" : {
      "assetID" : "f5082d16249d11ec99eeeeeeac1ea22044cfe56b"
    },
    "index" : 38,
    "addedDate" : 1638897586141,
    "metadata" : [ ]
  }, {
    "asset" : {
      "assetID" : "a4303c3924a111ecbc5aeeeeac1e477b03660185"
    },
    "index" : 36,
    "addedDate" : 1638897568251,
    "metadata" : [ ]
  }, {
    "asset" : {
      "assetID" : "ac2c65cc24a711ecbc34eeeeac1e09a5469d9c6e"
    },
    "index" : 35,
    "addedDate" : 1638897560753,
    "metadata" : [ ]
  }, {
    "asset" : {
      "assetID" : "e199642b24a911ec8887eeeeac1e5b9a3c3bd633"
    },
    "index" : 37,
    "addedDate" : 1638897576447,
    "metadata" : [ ]
  }, {
    "asset" : {
      "assetID" : "c6ab5f0c24ae11ec99eeeeeeac1ea220207b63ed"
    },
    "index" : 39,
    "addedDate" : 1638897593448,
    "metadata" : [ ]
  }, {
    "asset" : {
      "assetID" : "745dd3ca24b811ec9229eeeeac1e279666ba69cb"
    },
    "index" : 30,
    "addedDate" : 1638897523217,
    "metadata" : [ ]
  }, {
    "asset" : {
      "assetID" : "d64dcd7625d711ec86faeeeeac1e09d2272f144f"
    },
    "index" : 13,
    "addedDate" : 1638897367552,
    "metadata" : [ ]
  } ],
  "fileName" : "b79b567cc8534dd49f52cf5307ae7357.json",
  "name" : "October 2021",
  "publicTitle" : "Oktober 2021"
}