{
  "parentCollectionID" : "68026a3ccb30406783950e2837cdb3aaec8bfb38",
  "parentCollectionPath" : "Mobile Media Library/Cantonese - Video/Scriptural Reenactments and Teachings/Book of Mormon/Book of Mormon Videos",
  "collectionType" : "assets",
  "path" : "Mobile Media Library/Cantonese - Video/Scriptural Reenactments and Teachings/Book of Mormon/Book of Mormon Videos/Alma 46",
  "collectionID" : "b80d239f7bc3460bbf4487ccaf3f424b",
  "language" : "yue",
  "type" : "DEFAULT",
  "lastUpdatedDate" : "2024-09-27T08:39:16.500-06:00",
  "links" : [ {
    "rel" : "details",
    "href" : "https://titanapi.churchofjesuschrist.org/assetsearch/api/v2/collection/details/collectionID/b80d239f7bc3460bbf4487ccaf3f424b"
  } ],
  "coverImages" : [ {
    "asset" : {
      "assetID" : "f54b8c838ea1458e6fb609898693134a3f30153d"
    }
  } ],
  "related" : [ ],
  "metadata" : [ {
    "key" : "orderIndex",
    "value" : "28"
  }, {
    "key" : "channel",
    "value" : "mobile",
    "language" : "yue"
  }, {
    "key" : "collectionUri",
    "value" : "alma-46",
    "language" : "yue"
  }, {
    "key" : "publicTitle",
    "value" : "阿爾瑪書第46章",
    "language" : "yue"
  } ],
  "children" : [ ],
  "assets" : [ {
    "asset" : {
      "assetID" : "960e7a37d72f11eeb450eeeeac1ea92250691619"
    },
    "index" : 0,
    "addedDate" : 1721769787831,
    "metadata" : [ ]
  } ],
  "fileName" : "b80d239f7bc3460bbf4487ccaf3f424b.json",
  "name" : "Alma 46",
  "publicTitle" : "阿爾瑪書第46章"
}