{
  "parentCollectionID" : "4087eea96dd648c6bf1e76b17ef444d71cb9766a",
  "parentCollectionPath" : "Mobile Media Library/Samoan - Video/Callings and Trainings",
  "collectionType" : "assets",
  "path" : "Mobile Media Library/Samoan - Video/Callings and Trainings/Ministering",
  "collectionID" : "b813e92fa1a9495cbc970984072129345c01e843",
  "language" : "smo",
  "type" : "DEFAULT",
  "lastUpdatedDate" : "2022-10-31T14:14:42.017-06:00",
  "links" : [ {
    "rel" : "details",
    "href" : "https://titanapi.churchofjesuschrist.org/assetsearch/api/v2/collection/details/collectionID/b813e92fa1a9495cbc970984072129345c01e843"
  } ],
  "coverImages" : [ {
    "asset" : {
      "assetID" : "8842775e6a5bf2bf958f8821ed8a4ed4171bcbcc"
    }
  } ],
  "related" : [ ],
  "metadata" : [ {
    "key" : "orderIndex",
    "value" : "5"
  }, {
    "key" : "collectionUri",
    "value" : "ministering",
    "language" : "smo"
  }, {
    "key" : "publicTitle",
    "value" : "Auaunaga",
    "language" : "smo"
  } ],
  "children" : [ ],
  "assets" : [ {
    "asset" : {
      "assetID" : "7cf9721628f4848eb826fbaea585491b75293621"
    },
    "index" : 1,
    "addedDate" : 1650262958030,
    "metadata" : [ ]
  }, {
    "asset" : {
      "assetID" : "8209fa63f34339193f9234cf4f871fe99b1ca0a2"
    },
    "index" : 0,
    "addedDate" : 1650262958030,
    "metadata" : [ ]
  }, {
    "asset" : {
      "assetID" : "aad7f2d7576626c1726220b60909a8d18694af02"
    },
    "index" : 2,
    "addedDate" : 1650262958030,
    "metadata" : [ ]
  } ],
  "fileName" : "b813e92fa1a9495cbc970984072129345c01e843.json",
  "name" : "Ministering",
  "publicTitle" : "Auaunaga"
}