{
  "parentCollectionID" : "1a0103f22eab426fb410d353e1fd180c",
  "parentCollectionPath" : "Mobile Media Library/Portuguese - Video/Scriptural Reenactments and Teachings/Book of Mormon Videos",
  "collectionType" : "assets",
  "path" : "Mobile Media Library/Portuguese - Video/Scriptural Reenactments and Teachings/Book of Mormon Videos/1 Nephi 3-5",
  "collectionID" : "b85a8b8ef12143fdb47fbb7a4ec9aeb0",
  "language" : "por",
  "type" : "DEFAULT",
  "lastUpdatedDate" : "2022-09-20T07:54:00.873-06:00",
  "links" : [ {
    "rel" : "details",
    "href" : "https://titanapi.churchofjesuschrist.org/assetsearch/api/v2/collection/details/collectionID/b85a8b8ef12143fdb47fbb7a4ec9aeb0"
  } ],
  "coverImages" : [ {
    "asset" : {
      "assetID" : "79b201ecb5472c60b3699fbc9b1d7404e7fd5e90"
    }
  } ],
  "related" : [ ],
  "metadata" : [ {
    "key" : "orderIndex",
    "value" : "2"
  }, {
    "key" : "channel",
    "value" : "mobile",
    "language" : "por"
  }, {
    "key" : "collectionUri",
    "value" : "1-nephi-3-5",
    "language" : "por"
  }, {
    "key" : "publicTitle",
    "value" : "1 Néfi 3–5",
    "language" : "por"
  } ],
  "children" : [ ],
  "assets" : [ {
    "asset" : {
      "assetID" : "E61E1FED6580B3E547A87253C3DC428AFAEF5999"
    },
    "addedDate" : 1663614477586,
    "metadata" : [ ]
  }, {
    "asset" : {
      "assetID" : "5B9362AE1C8B1C672F15A7214FFF582E496223F3"
    },
    "addedDate" : 1663614477586,
    "metadata" : [ ]
  }, {
    "asset" : {
      "assetID" : "40283FBA549DA75FDFE249BA8607AA0012B8F71D"
    },
    "addedDate" : 1663614477580,
    "metadata" : [ ]
  }, {
    "asset" : {
      "assetID" : "18D350166332B23B6D55C7C1E1776A405A1C83E2"
    },
    "addedDate" : 1663614477570,
    "metadata" : [ ]
  }, {
    "asset" : {
      "assetID" : "C8D9D29444B58EEF696B36711C95C9C58DB367F5"
    },
    "addedDate" : 1663614477576,
    "metadata" : [ ]
  }, {
    "asset" : {
      "assetID" : "78539D9639351DCA348AA554559D7230CB65A28E"
    },
    "addedDate" : 1663614477590,
    "metadata" : [ ]
  }, {
    "asset" : {
      "assetID" : "4CC5B54BBD879A61FFC3D6D9508080CCB21664DF"
    },
    "addedDate" : 1663614477583,
    "metadata" : [ ]
  }, {
    "asset" : {
      "assetID" : "CC964C1125AD591BEDCE8B3BCC5E02E6DC5F33FC"
    },
    "addedDate" : 1663614477580,
    "metadata" : [ ]
  }, {
    "asset" : {
      "assetID" : "FEF93CCD44943BFF26113AA80A17A5C23FEC8AF4"
    },
    "addedDate" : 1663614477580,
    "metadata" : [ ]
  } ],
  "fileName" : "b85a8b8ef12143fdb47fbb7a4ec9aeb0.json",
  "name" : "1 Nephi 3-5",
  "publicTitle" : "1 Néfi 3–5"
}