{
  "parentCollectionID" : "6584066f6902417889f6e27abff1f2314030d355",
  "parentCollectionPath" : "Mobile Media Library/Japanese - Images",
  "collectionType" : "collections",
  "path" : "Mobile Media Library/Japanese - Images/Primary",
  "collectionID" : "b8827c2a26db4a16ae97920989a8e931",
  "language" : "jpn",
  "type" : "DEFAULT",
  "lastUpdatedDate" : "2023-09-12T15:13:16.857-06:00",
  "links" : [ {
    "rel" : "details",
    "href" : "https://titanapi.churchofjesuschrist.org/assetsearch/api/v2/collection/details/collectionID/b8827c2a26db4a16ae97920989a8e931"
  } ],
  "coverImages" : [ {
    "asset" : {
      "assetID" : "d4c801fd28270f5b2da45b044508e25b3e7bd3cd"
    }
  } ],
  "related" : [ ],
  "metadata" : [ {
    "key" : "collectionUri",
    "value" : "primary-images",
    "language" : "jpn"
  }, {
    "key" : "publicTitle",
    "value" : "初等協会",
    "language" : "jpn"
  }, {
    "key" : "orderIndex",
    "value" : "7"
  } ],
  "children" : [ {
    "path" : "Mobile Media Library/Japanese - Images/Primary/Coloring Pages",
    "collectionID" : "2c2877c0181b40ddbb7af19307883e5f",
    "type" : "DEFAULT",
    "lastUpdatedDate" : "2023-09-12T15:15:20.662-06:00",
    "links" : [ {
      "rel" : "details",
      "href" : "https://titanapi.churchofjesuschrist.org/assetsearch/api/v2/collection/details/collectionID/2c2877c0181b40ddbb7af19307883e5f"
    } ],
    "fileName" : "2c2877c0181b40ddbb7af19307883e5f.json"
  } ],
  "assets" : [ ],
  "fileName" : "b8827c2a26db4a16ae97920989a8e931.json",
  "name" : "Primary",
  "publicTitle" : "初等協会"
}