{
  "parentCollectionID" : "a3b12248f8bf4e4086bf8d989e653e7e9be0954a",
  "parentCollectionPath" : "Mobile Media Library/Hungarian - Video/Teaching and Lessons/Come, Follow Me: New Testament Learning and Teaching Resources",
  "collectionType" : "collections",
  "path" : "Mobile Media Library/Hungarian - Video/Teaching and Lessons/Come, Follow Me: New Testament Learning and Teaching Resources/Mar. 11-17: Matthew 10-12; Mark 2; Luke 7; 11",
  "collectionID" : "b8c7ff04447e45d69cefa0daaefe225b6f8d1736",
  "language" : "hun",
  "type" : "DEFAULT",
  "lastUpdatedDate" : "2022-04-17T23:31:21.973-06:00",
  "links" : [ {
    "rel" : "details",
    "href" : "https://titanapi.churchofjesuschrist.org/assetsearch/api/v2/collection/details/collectionID/b8c7ff04447e45d69cefa0daaefe225b6f8d1736"
  } ],
  "coverImages" : [ ],
  "related" : [ ],
  "metadata" : [ {
    "key" : "collectionUri",
    "value" : "mar-11-17-matthew-10-12-mark-2-luke-7-11",
    "language" : "hun"
  }, {
    "key" : "orderIndex",
    "value" : "2"
  } ],
  "children" : [ ],
  "assets" : [ ],
  "fileName" : "b8c7ff04447e45d69cefa0daaefe225b6f8d1736.json",
  "name" : "Mar. 11-17: Matthew 10-12; Mark 2; Luke 7; 11"
}