{
  "parentCollectionID" : "7fd231f0a0464fb3a8b59deff18ad62f",
  "parentCollectionPath" : "Mobile Media Library/English - Audio/Podcasts",
  "collectionType" : "assets",
  "path" : "Mobile Media Library/English - Audio/Podcasts/Saints: Volume 3",
  "collectionID" : "b8ef8d255b6641e286346cd6b467f172",
  "language" : "eng",
  "type" : "DEFAULT",
  "lastUpdatedDate" : "2022-12-13T17:17:46.901-07:00",
  "links" : [ {
    "rel" : "details",
    "href" : "https://titanapi.churchofjesuschrist.org/assetsearch/api/v2/collection/details/collectionID/b8ef8d255b6641e286346cd6b467f172"
  } ],
  "coverImages" : [ {
    "asset" : {
      "assetID" : "6734dba3860811ec855feeeeac1e178663b865a3"
    }
  } ],
  "related" : [ ],
  "metadata" : [ {
    "key" : "orderIndex",
    "value" : "4"
  }, {
    "key" : "description",
    "value" : "Each week the Saints podcast features interviews with historians, General Authorities, writers, researchers, and others involved with the new history of the Church, Saints: The Story of the Church of Jesus Christ in the Latter Days. Listen in for great conversations and fresh insights on the history of the Restoration.",
    "language" : "eng"
  }, {
    "key" : "collectionUri",
    "value" : "saints-volume-3-podcast",
    "language" : "eng"
  }, {
    "key" : "publicTitle",
    "value" : "Saints: Volume 3",
    "language" : "eng"
  } ],
  "children" : [ ],
  "assets" : [ {
    "asset" : {
      "assetID" : "75f486189f1911eca8fceeeeac1e438dd7858ce2"
    },
    "index" : 40,
    "addedDate" : 1647006726541,
    "metadata" : [ ]
  }, {
    "asset" : {
      "assetID" : "768fdbbb9f1911ec85c4eeeeac1ec3a6d1aebd95"
    },
    "index" : 39,
    "addedDate" : 1650304674857,
    "metadata" : [ ]
  }, {
    "asset" : {
      "assetID" : "774d114d9f1911ecb2f4eeeeac1e45b7c95bd2b6"
    },
    "index" : 38,
    "addedDate" : 1650387542250,
    "metadata" : [ ]
  }, {
    "asset" : {
      "assetID" : "7aebcfb6a48611ec81bceeeeac1edd778fb6895e"
    },
    "index" : 37,
    "addedDate" : 1650457693155,
    "metadata" : [ ]
  }, {
    "asset" : {
      "assetID" : "387238eebc2e11ecb947eeeeac1e3db2458675d5"
    },
    "index" : 35,
    "addedDate" : 1650641906085,
    "metadata" : [ ]
  }, {
    "asset" : {
      "assetID" : "60d21c08bc2f11ecb43beeeeac1ebca6b56efda3"
    },
    "index" : 36,
    "addedDate" : 1650561433713,
    "metadata" : [ ]
  }, {
    "asset" : {
      "assetID" : "760ba302c25711ec9542eeeeac1eb4fb115f5ec2"
    },
    "index" : 34,
    "addedDate" : 1651073800791,
    "metadata" : [ ]
  }, {
    "asset" : {
      "assetID" : "dadc0674c4b511ec892eeeeeac1ebf615c6a106a"
    },
    "index" : 32,
    "addedDate" : 1652281423591,
    "metadata" : [ ]
  }, {
    "asset" : {
      "assetID" : "dc326eb9c4b511ec9e82eeeeac1e0fbbc36d69ec"
    },
    "index" : 33,
    "addedDate" : 1651680768245,
    "metadata" : [ ]
  }, {
    "asset" : {
      "assetID" : "25ede877c64e11ec90b4eeeeac1e0ed998382126"
    },
    "index" : 30,
    "addedDate" : 1653585108197,
    "metadata" : [ ]
  }, {
    "asset" : {
      "assetID" : "26ecbad1c64e11ec8273eeeeac1e8029661c1be7"
    },
    "index" : 31,
    "addedDate" : 1652894143556,
    "metadata" : [ ]
  }, {
    "asset" : {
      "assetID" : "cb4bc3cdcbd711ecb3a4eeeeac1ec537e271a1b7"
    },
    "index" : 28,
    "addedDate" : 1654867643358,
    "metadata" : [ ]
  }, {
    "asset" : {
      "assetID" : "cb540134cbd711eca46deeeeac1e1e13afccf79e"
    },
    "index" : 27,
    "addedDate" : 1656688375864,
    "metadata" : [ ]
  }, {
    "asset" : {
      "assetID" : "cbef56d1cbd711eca1bbeeeeac1e2250f61180c9"
    },
    "index" : 29,
    "addedDate" : 1654867642891,
    "metadata" : [ ]
  }, {
    "asset" : {
      "assetID" : "5a4f18c6db8c11eca41beeeeac1efeee3617c1da"
    },
    "index" : 26,
    "addedDate" : 1656688376203,
    "metadata" : [ ]
  }, {
    "asset" : {
      "assetID" : "eb73fa69dd2411ec9607eeeeac1ef0255e2aba2b"
    },
    "index" : 25,
    "addedDate" : 1656688376323,
    "metadata" : [ ]
  }, {
    "asset" : {
      "assetID" : "a58bebf3fc7011ec989beeeeac1ea86d4599a13c"
    },
    "index" : 18,
    "addedDate" : 1661347034968,
    "metadata" : [ ]
  }, {
    "asset" : {
      "assetID" : "a6169fc5fc7011ec8192eeeeac1edf06b17278a0"
    },
    "index" : 19,
    "addedDate" : 1661347034861,
    "metadata" : [ ]
  }, {
    "asset" : {
      "assetID" : "a69370e2fc7011ec8f15eeeeac1e32a29f9eabfb"
    },
    "index" : 20,
    "addedDate" : 1659642353883,
    "metadata" : [ ]
  }, {
    "asset" : {
      "assetID" : "d01436f40f4111ed9fbbeeeeac1edd69b7c960fe"
    },
    "index" : 14,
    "addedDate" : 1664288389146,
    "metadata" : [ ]
  }, {
    "asset" : {
      "assetID" : "cf6929e50f4111edacffeeeeac1e882284fb55fe"
    },
    "index" : 13,
    "addedDate" : 1664288389256,
    "metadata" : [ ]
  }, {
    "asset" : {
      "assetID" : "d12950730f4111ed924aeeeeac1e06ac76585099"
    },
    "index" : 16,
    "addedDate" : 1662054278840,
    "metadata" : [ ]
  }, {
    "asset" : {
      "assetID" : "d28006d30f4111ed943eeeeeac1eb0d5865e21e6"
    },
    "index" : 17,
    "addedDate" : 1661347034630,
    "metadata" : [ ]
  }, {
    "asset" : {
      "assetID" : "d07e43610f4111ed9a38eeeeac1ede0634ef99d7"
    },
    "index" : 15,
    "addedDate" : 1664288389021,
    "metadata" : [ ]
  }, {
    "asset" : {
      "assetID" : "3cb0df8b1cbb11ed94ddeeeeac1eaeeb5433d4ba"
    },
    "index" : 12,
    "addedDate" : 1665501619093,
    "metadata" : [ ]
  }, {
    "asset" : {
      "assetID" : "3c0e0fd91cbb11ed8b5feeeeac1ec4d1eeecb7d9"
    },
    "index" : 11,
    "addedDate" : 1665501619334,
    "metadata" : [ ]
  }, {
    "asset" : {
      "assetID" : "dc930a7c345211ed9fc6eeeeac1eeaf77e45044c"
    },
    "index" : 1,
    "addedDate" : 1670976707828,
    "metadata" : [ ]
  }, {
    "asset" : {
      "assetID" : "dc17bff0345211ed8ca0eeeeac1e2ac987d21199"
    },
    "index" : 2,
    "addedDate" : 1670976704719,
    "metadata" : [ ]
  }, {
    "asset" : {
      "assetID" : "dd519f8c345211ed90f9eeeeac1ec68cb2ca6b8f"
    },
    "index" : 3,
    "addedDate" : 1670976701068,
    "metadata" : [ ]
  }, {
    "asset" : {
      "assetID" : "dd779e22345211ed9834eeeeac1e9016ea637672"
    },
    "index" : 4,
    "addedDate" : 1670976693427,
    "metadata" : [ ]
  }, {
    "asset" : {
      "assetID" : "de3f0cca345211ed9066eeeeac1eed111895bc4c"
    },
    "index" : 6,
    "addedDate" : 1668044057236,
    "metadata" : [ ]
  }, {
    "asset" : {
      "assetID" : "e7c783df4e3c11eda471eeeeac1e4c0c07aaec90"
    },
    "index" : 5,
    "addedDate" : 1670976684634,
    "metadata" : [ ]
  }, {
    "asset" : {
      "assetID" : "e8de992f4e3c11ed97eaeeeeac1e29157488b03d"
    },
    "index" : 0,
    "addedDate" : 1670976689431,
    "metadata" : [ ]
  }, {
    "asset" : {
      "assetID" : "235e552e343111ed89c6eeeeac1e7892e2dd5af6"
    },
    "index" : 7,
    "addedDate" : 1667572276528,
    "metadata" : [ ]
  }, {
    "asset" : {
      "assetID" : "22d85c4f343111edb49beeeeac1e25a43cc253a1"
    },
    "index" : 8,
    "addedDate" : 1667572267867,
    "metadata" : [ ]
  }, {
    "asset" : {
      "assetID" : "2282e950343111ed8027eeeeac1e2c369021e6eb"
    },
    "index" : 9,
    "addedDate" : 1667572259371,
    "metadata" : [ ]
  }, {
    "asset" : {
      "assetID" : "223abcb9343111edbbe9eeeeac1e38bae1ef4076"
    },
    "index" : 10,
    "addedDate" : 1667572243903,
    "metadata" : [ ]
  }, {
    "asset" : {
      "assetID" : "9795e00df18c11ecbb2eeeeeac1e16ee0c5a2b15"
    },
    "index" : 21,
    "addedDate" : 1658972957002,
    "metadata" : [ ]
  }, {
    "asset" : {
      "assetID" : "a72a88f1eb2611eca567eeeeac1e90c2e02f7566"
    },
    "index" : 23,
    "addedDate" : 1658972956653,
    "metadata" : [ ]
  }, {
    "asset" : {
      "assetID" : "a5dc5e12eb2611ec82f0eeeeac1e971dcecc4ac3"
    },
    "index" : 22,
    "addedDate" : 1658972956792,
    "metadata" : [ ]
  }, {
    "asset" : {
      "assetID" : "fd1ed40fdd3a11ec87f5eeeeac1ee49005367c04"
    },
    "index" : 24,
    "addedDate" : 1658972956503,
    "metadata" : [ ]
  } ],
  "fileName" : "b8ef8d255b6641e286346cd6b467f172.json",
  "name" : "Saints: Volume 3",
  "publicTitle" : "Saints: Volume 3",
  "description" : "Each week the Saints podcast features interviews with historians, General Authorities, writers, researchers, and others involved with the new history of the Church, Saints: The Story of the Church of Jesus Christ in the Latter Days. Listen in for great conversations and fresh insights on the history of the Restoration."
}