{
  "parentCollectionID" : "ad9411e639ee4af5ab028f52d1012e671ede6695",
  "parentCollectionPath" : "Mobile Media Library/Mandarin Traditional - Video/Life Help/Self-Reliance Services and PEF/Education for Better Work",
  "collectionType" : "collections",
  "path" : "Mobile Media Library/Mandarin Traditional - Video/Life Help/Self-Reliance Services and PEF/Education for Better Work/Chapter 6: How will I succeed outside the classroom?",
  "collectionID" : "b8f65fcd77bc45ac89e099bfc176cf368cab640e",
  "language" : "zho",
  "type" : "DEFAULT",
  "lastUpdatedDate" : "2024-09-18T08:52:25.440-06:00",
  "links" : [ {
    "rel" : "details",
    "href" : "https://titanapi.churchofjesuschrist.org/assetsearch/api/v2/collection/details/collectionID/b8f65fcd77bc45ac89e099bfc176cf368cab640e"
  } ],
  "coverImages" : [ {
    "asset" : {
      "assetID" : "6de068cc5b5d3428647bdcc55a3d813ce5f0412c"
    }
  } ],
  "related" : [ ],
  "metadata" : [ {
    "key" : "collectionUri",
    "value" : "chapter-6-how-will-i-succeed-outside-the-classroom",
    "language" : "zho"
  }, {
    "key" : "publicTitle",
    "value" : "第6章：我如何在課堂外有成就？",
    "language" : "zho"
  } ],
  "children" : [ ],
  "assets" : [ ],
  "fileName" : "b8f65fcd77bc45ac89e099bfc176cf368cab640e.json",
  "name" : "Chapter 6: How will I succeed outside the classroom?",
  "publicTitle" : "第6章：我如何在課堂外有成就？"
}