{
  "parentCollectionID" : "cc9790690b214237b1f79c70efc4c4788bef7e2c",
  "parentCollectionPath" : "Mobile Media Library/Indonesian - Video/Topics",
  "collectionType" : "assets",
  "path" : "Mobile Media Library/Indonesian - Video/Topics/Holy Ghost",
  "collectionID" : "b9257f49ba244bddbfbebf68f14c1d6299359fb8",
  "language" : "ind",
  "type" : "DEFAULT",
  "lastUpdatedDate" : "2023-05-24T12:29:55.522-06:00",
  "links" : [ {
    "rel" : "details",
    "href" : "https://titanapi.churchofjesuschrist.org/assetsearch/api/v2/collection/details/collectionID/b9257f49ba244bddbfbebf68f14c1d6299359fb8"
  } ],
  "coverImages" : [ {
    "asset" : {
      "assetID" : "7a4d25f81c7360a6150b9b55482e545e8f69d542"
    }
  } ],
  "related" : [ ],
  "metadata" : [ {
    "key" : "orderIndex",
    "value" : "15"
  }, {
    "key" : "collectionUri",
    "value" : "holy-ghost-topic",
    "language" : "ind"
  }, {
    "key" : "publicTitle",
    "value" : "Roh Kudus",
    "language" : "ind"
  } ],
  "children" : [ ],
  "assets" : [ {
    "asset" : {
      "assetID" : "1dcb7cb13b6d2dfbd795eab65ed105eddac94453"
    },
    "index" : 1,
    "addedDate" : 1650261069460,
    "metadata" : [ ]
  }, {
    "asset" : {
      "assetID" : "8da0eeb520ac11ec9f65eeeeac1ecd5abf851cf7"
    },
    "index" : 0,
    "addedDate" : 1650261069460,
    "metadata" : [ ]
  } ],
  "fileName" : "b9257f49ba244bddbfbebf68f14c1d6299359fb8.json",
  "name" : "Holy Ghost",
  "publicTitle" : "Roh Kudus"
}