{
  "parentCollectionID" : "f1a58a9ccffc4349a07b2e98e9bd247c",
  "parentCollectionPath" : "Mobile Media Library/Spanish - Video/Broadcasts/S&I Broadcasts",
  "collectionType" : "assets",
  "path" : "Mobile Media Library/Spanish - Video/Broadcasts/S&I Broadcasts/S&I Annual Broadcast January 2024",
  "collectionID" : "b95a50ffc807499bbe2155913421333c",
  "language" : "spa",
  "type" : "DEFAULT",
  "lastUpdatedDate" : "2024-02-01T23:40:35.864-07:00",
  "links" : [ {
    "rel" : "details",
    "href" : "https://titanapi.churchofjesuschrist.org/assetsearch/api/v2/collection/details/collectionID/b95a50ffc807499bbe2155913421333c"
  } ],
  "coverImages" : [ {
    "asset" : {
      "assetID" : "f467537995b47a64c2629cdc02800772f4f87ef2"
    }
  } ],
  "related" : [ ],
  "metadata" : [ {
    "key" : "collectionUri",
    "value" : "broadcasts-seminary-and-institute-2024",
    "language" : "spa"
  }, {
    "key" : "publicTitle",
    "value" : "Transmisión anual de SeI de enero de 2024",
    "language" : "spa"
  }, {
    "key" : "orderIndex",
    "value" : "1"
  } ],
  "children" : [ ],
  "assets" : [ {
    "asset" : {
      "assetID" : "cc9ef3d2bb2411ee954eeeeeac1e3b1a05717ae1"
    },
    "index" : 3,
    "addedDate" : 1706856256651,
    "metadata" : [ ]
  }, {
    "asset" : {
      "assetID" : "4e4e1c36bb2511ee9be5eeeeac1e614ef98c1a0e"
    },
    "index" : 2,
    "addedDate" : 1706856248322,
    "metadata" : [ ]
  }, {
    "asset" : {
      "assetID" : "23c3f423bb2611eead18eeeeac1ea7433db7d496"
    },
    "index" : 1,
    "addedDate" : 1706856240590,
    "metadata" : [ ]
  }, {
    "asset" : {
      "assetID" : "ac14a6d6bb2611eeb594eeeeac1e2fc54184b662"
    },
    "index" : 0,
    "addedDate" : 1706856233407,
    "metadata" : [ ]
  } ],
  "fileName" : "b95a50ffc807499bbe2155913421333c.json",
  "name" : "S&I Annual Broadcast January 2024",
  "publicTitle" : "Transmisión anual de SeI de enero de 2024"
}