{
  "parentCollectionID" : "88baea6e258247f28a7d966141bc30c8",
  "parentCollectionPath" : "Mobile Media Library/Spanish - Video/Teaching and Lessons/Come, Follow Me/2023 New Testament Media Resources",
  "collectionType" : "assets",
  "path" : "Mobile Media Library/Spanish - Video/Teaching and Lessons/Come, Follow Me/2023 New Testament Media Resources/May 8–May 14. Matthew 19-20; Mark 10; Luke 18: \"What Lack I Yet?\"",
  "collectionID" : "b99446940d624bbd904a0229c18f052f",
  "language" : "spa",
  "type" : "DEFAULT",
  "lastUpdatedDate" : "2022-12-19T14:29:09.949-07:00",
  "links" : [ {
    "rel" : "details",
    "href" : "https://titanapi.churchofjesuschrist.org/assetsearch/api/v2/collection/details/collectionID/b99446940d624bbd904a0229c18f052f"
  } ],
  "coverImages" : [ {
    "asset" : {
      "assetID" : "dcecffecad347562113c3e7336395044fe6faf1b"
    }
  } ],
  "related" : [ ],
  "metadata" : [ {
    "key" : "orderIndex",
    "value" : "19"
  }, {
    "key" : "collectionUri",
    "value" : "cfm-2023-videos-may-8-14",
    "language" : "spa"
  }, {
    "key" : "publicTitle",
    "value" : "8 mayo – 14 mayo. Mateo 19–20; Marcos 10; Lucas 18: “¿Qué más me falta?”",
    "language" : "spa"
  } ],
  "children" : [ ],
  "assets" : [ {
    "asset" : {
      "assetID" : "c9c1295c060c92251ae5bb03a334f34edccd37a0"
    },
    "index" : 0,
    "addedDate" : 1650057079169,
    "metadata" : [ ]
  }, {
    "asset" : {
      "assetID" : "041b7244373f11ec83ebeeeeac1e20b3324c4a9d"
    },
    "index" : 1,
    "addedDate" : 1669072350299,
    "metadata" : [ ]
  } ],
  "fileName" : "b99446940d624bbd904a0229c18f052f.json",
  "name" : "May 8–May 14. Matthew 19-20; Mark 10; Luke 18: \"What Lack I Yet?\"",
  "publicTitle" : "8 mayo – 14 mayo. Mateo 19–20; Marcos 10; Lucas 18: “¿Qué más me falta?”"
}