{
  "parentCollectionID" : "d2e5f3ba244a45b197df301842100a99ca46c4fc",
  "parentCollectionPath" : "Mobile Media Library/Mandarin Traditional - Video/Scriptural Reenactments and Teachings/Book of Mormon/Book of Mormon Videos",
  "collectionType" : "collections",
  "path" : "Mobile Media Library/Mandarin Traditional - Video/Scriptural Reenactments and Teachings/Book of Mormon/Book of Mormon Videos/Alma 36-42",
  "collectionID" : "b9ab2234bfb14e8384d8d63814af23821b872b1c",
  "language" : "zho",
  "type" : "DEFAULT",
  "lastUpdatedDate" : "2024-09-25T14:16:37.411-06:00",
  "links" : [ {
    "rel" : "details",
    "href" : "https://titanapi.churchofjesuschrist.org/assetsearch/api/v2/collection/details/collectionID/b9ab2234bfb14e8384d8d63814af23821b872b1c"
  } ],
  "coverImages" : [ {
    "asset" : {
      "assetID" : "6a925b2e755a5cb71f7da842a5e2f5fbd7738c15"
    }
  } ],
  "related" : [ ],
  "metadata" : [ {
    "key" : "orderIndex",
    "value" : "27"
  }, {
    "key" : "channel",
    "value" : "mobile",
    "language" : "zho"
  }, {
    "key" : "collectionUri",
    "value" : "alma-36-42",
    "language" : "zho"
  }, {
    "key" : "publicTitle",
    "value" : "阿爾瑪書 36-42",
    "language" : "zho"
  } ],
  "children" : [ ],
  "assets" : [ ],
  "fileName" : "b9ab2234bfb14e8384d8d63814af23821b872b1c.json",
  "name" : "Alma 36-42",
  "publicTitle" : "阿爾瑪書 36-42"
}