{
  "parentCollectionID" : "2a73a834f68146454eded7351f1c4b5a876593da",
  "parentCollectionPath" : "Mobile Media Library/English - Images/Temples",
  "collectionType" : "assets",
  "path" : "Mobile Media Library/English - Images/Temples/Los Angeles California Temple",
  "collectionID" : "ba44a5575f6540c0b329bea3d09c9a22",
  "language" : "eng",
  "type" : "DEFAULT",
  "lastUpdatedDate" : "2019-12-23T18:37:41.532-07:00",
  "links" : [ {
    "rel" : "details",
    "href" : "https://titanapi.churchofjesuschrist.org/assetsearch/api/v2/collection/details/collectionID/ba44a5575f6540c0b329bea3d09c9a22"
  } ],
  "coverImages" : [ {
    "asset" : {
      "assetID" : "c9b12f0db77f18b44df6aa9eba971162b879fa6f"
    }
  } ],
  "related" : [ ],
  "metadata" : [ {
    "key" : "collectionUri",
    "value" : "los-angeles-california-temple-images",
    "language" : "eng"
  }, {
    "key" : "publicTitle",
    "value" : "Los Angeles California Temple",
    "language" : "eng"
  } ],
  "children" : [ ],
  "assets" : [ {
    "asset" : {
      "assetID" : "0d91b0fa04dc6d1421dc1e4c9e2b77d072036d8e"
    },
    "addedDate" : 1577490265400,
    "metadata" : [ ]
  }, {
    "asset" : {
      "assetID" : "8b94382d350c6f53d15f42f6a2a9601b3218d6fc"
    },
    "addedDate" : 1577490251769,
    "metadata" : [ ]
  }, {
    "asset" : {
      "assetID" : "9336ebc70d9a78667a9783592410573b2a914c8b"
    },
    "addedDate" : 1577490211269,
    "metadata" : [ ]
  }, {
    "asset" : {
      "assetID" : "a4bf3eb0504814f97f27c825ffbb52b09e4cb250"
    },
    "addedDate" : 1577490238769,
    "metadata" : [ ]
  }, {
    "asset" : {
      "assetID" : "baba22bf34b13c7af7bc3b6c92fa8f27ffd2a406"
    },
    "addedDate" : 1577490158265,
    "metadata" : [ ]
  }, {
    "asset" : {
      "assetID" : "c9b12f0db77f18b44df6aa9eba971162b879fa6f"
    },
    "addedDate" : 1577490193210,
    "metadata" : [ ]
  }, {
    "asset" : {
      "assetID" : "d9e4df4b21cb7b4b31c237cd6dd7f2d0f31d45d1"
    },
    "addedDate" : 1577490176566,
    "metadata" : [ ]
  }, {
    "asset" : {
      "assetID" : "dc0be5a092a02498cf62ba4f2805aa1ff33d3859"
    },
    "addedDate" : 1577490278417,
    "metadata" : [ ]
  }, {
    "asset" : {
      "assetID" : "40dbe785b58bdcb28b1e38bec98095f0c20e26b3"
    },
    "addedDate" : 1577490226666,
    "metadata" : [ ]
  } ],
  "fileName" : "ba44a5575f6540c0b329bea3d09c9a22.json",
  "name" : "Los Angeles California Temple",
  "publicTitle" : "Los Angeles California Temple"
}