{
  "parentCollectionID" : "082926e649cd4ab9b44c9fa352633e8cf818dd28",
  "parentCollectionPath" : "Mobile Media Library/Danish - Video/Life Help/Self-Reliance Services and PEF/My Job Search",
  "collectionType" : "collections",
  "path" : "Mobile Media Library/Danish - Video/Life Help/Self-Reliance Services and PEF/My Job Search/Chapter 2: How do I present myself with convincing power?",
  "collectionID" : "bab09619f79a41818dc6f3874f71516ac2116540",
  "language" : "dan",
  "type" : "DEFAULT",
  "lastUpdatedDate" : "2022-08-04T07:41:56.898-06:00",
  "links" : [ {
    "rel" : "details",
    "href" : "https://titanapi.churchofjesuschrist.org/assetsearch/api/v2/collection/details/collectionID/bab09619f79a41818dc6f3874f71516ac2116540"
  } ],
  "coverImages" : [ {
    "asset" : {
      "assetID" : "c4cfba84633bdbb310a513b0926b3abfc2a83043"
    }
  } ],
  "related" : [ ],
  "metadata" : [ {
    "key" : "collectionUri",
    "value" : "chapter-2-how-do-i-present-myself-with-convincing-power",
    "language" : "dan"
  } ],
  "children" : [ ],
  "assets" : [ ],
  "fileName" : "bab09619f79a41818dc6f3874f71516ac2116540.json",
  "name" : "Chapter 2: How do I present myself with convincing power?"
}