{
  "parentCollectionID" : "c782af3c163d41899925843a168d6671",
  "parentCollectionPath" : "Mobile Media Library/German - Video/Teaching and Lessons",
  "collectionType" : "collections",
  "path" : "Mobile Media Library/German - Video/Teaching and Lessons/Teaching in the Savior's Way",
  "collectionID" : "bbd8f622da0347f887ee690ca767212f",
  "language" : "deu",
  "type" : "DEFAULT",
  "lastUpdatedDate" : "2022-10-24T17:30:01.168-06:00",
  "links" : [ {
    "rel" : "details",
    "href" : "https://titanapi.churchofjesuschrist.org/assetsearch/api/v2/collection/details/collectionID/bbd8f622da0347f887ee690ca767212f"
  } ],
  "coverImages" : [ {
    "asset" : {
      "assetID" : "612c2b52ad58f7696804f45a69814841c8bc3134"
    }
  } ],
  "related" : [ ],
  "metadata" : [ {
    "key" : "orderIndex",
    "value" : "3"
  }, {
    "key" : "collectionUri",
    "value" : "teaching-in-the-saviors-way",
    "language" : "deu"
  }, {
    "key" : "publicTitle",
    "value" : "Auf die Weise des Erretters lehren",
    "language" : "deu"
  } ],
  "children" : [ ],
  "assets" : [ ],
  "fileName" : "bbd8f622da0347f887ee690ca767212f.json",
  "name" : "Teaching in the Savior's Way",
  "publicTitle" : "Auf die Weise des Erretters lehren"
}