{
  "parentCollectionID" : "bb7718944c094c3984facf66daf864b0a21726d4",
  "parentCollectionPath" : "Mobile Media Library/Dutch - Video/Teaching and Lessons/Come, Follow Me/Come, Follow Me: New Testament Learning and Teaching Resources",
  "collectionType" : "collections",
  "path" : "Mobile Media Library/Dutch - Video/Teaching and Lessons/Come, Follow Me/Come, Follow Me: New Testament Learning and Teaching Resources/Jun. 3-9: John 13-17",
  "collectionID" : "bc70a598051543cfbfae0b81748647f8b8d561bb",
  "language" : "nld",
  "type" : "DEFAULT",
  "lastUpdatedDate" : "2022-04-17T21:40:22.596-06:00",
  "links" : [ {
    "rel" : "details",
    "href" : "https://titanapi.churchofjesuschrist.org/assetsearch/api/v2/collection/details/collectionID/bc70a598051543cfbfae0b81748647f8b8d561bb"
  } ],
  "coverImages" : [ {
    "asset" : {
      "assetID" : "a628a7aeb068e0630c75d2cdd7af5d24abe21325"
    }
  } ],
  "related" : [ ],
  "metadata" : [ {
    "key" : "collectionUri",
    "value" : "jun-3-9-john-13-17",
    "language" : "nld"
  }, {
    "key" : "orderIndex",
    "value" : "22"
  } ],
  "children" : [ ],
  "assets" : [ ],
  "fileName" : "bc70a598051543cfbfae0b81748647f8b8d561bb.json",
  "name" : "Jun. 3-9: John 13-17"
}