{
  "parentCollectionID" : "58dd1af9695d4a8e8ab8211edb5e37e5ba435d91",
  "parentCollectionPath" : "Mobile Media Library/Indonesian - Video/Life Help/Self-Reliance Services and PEF",
  "collectionType" : "collections",
  "path" : "Mobile Media Library/Indonesian - Video/Life Help/Self-Reliance Services and PEF/Perpetual Education Fund",
  "collectionID" : "bd6f98c4b14e4d5d97ad8d4789a285632a6096ab",
  "language" : "ind",
  "type" : "DEFAULT",
  "lastUpdatedDate" : "2022-11-02T07:21:04.748-06:00",
  "links" : [ {
    "rel" : "details",
    "href" : "https://titanapi.churchofjesuschrist.org/assetsearch/api/v2/collection/details/collectionID/bd6f98c4b14e4d5d97ad8d4789a285632a6096ab"
  } ],
  "coverImages" : [ {
    "asset" : {
      "assetID" : "7b504267a0961d96097c5863910194eaf2d479cb"
    }
  } ],
  "related" : [ ],
  "metadata" : [ {
    "key" : "collectionUri",
    "value" : "perpetual-education-fund",
    "language" : "ind"
  } ],
  "children" : [ ],
  "assets" : [ ],
  "fileName" : "bd6f98c4b14e4d5d97ad8d4789a285632a6096ab.json",
  "name" : "Perpetual Education Fund"
}