{
  "parentCollectionID" : "4e5c7106576f4d75bf1965c6d37475b5",
  "parentCollectionPath" : "Mobile Media Library/Italian - Images/Book of Mormon Videos Images",
  "collectionType" : "assets",
  "path" : "Mobile Media Library/Italian - Images/Book of Mormon Videos Images/1 Nephi 7",
  "collectionID" : "bd8838c49b0d445ab967a1268838782b",
  "language" : "ita",
  "type" : "DEFAULT",
  "lastUpdatedDate" : "2023-09-01T14:52:04.865-06:00",
  "links" : [ {
    "rel" : "details",
    "href" : "https://titanapi.churchofjesuschrist.org/assetsearch/api/v2/collection/details/collectionID/bd8838c49b0d445ab967a1268838782b"
  } ],
  "coverImages" : [ {
    "asset" : {
      "assetID" : "3d58c05b23c329648d02fbaf70c43913dbd3e333"
    }
  } ],
  "related" : [ ],
  "metadata" : [ {
    "key" : "collectionUri",
    "value" : "1-nephi-7-images",
    "language" : "ita"
  }, {
    "key" : "publicTitle",
    "value" : "1 Nefi 7",
    "language" : "ita"
  }, {
    "key" : "orderIndex",
    "value" : "3"
  } ],
  "children" : [ ],
  "assets" : [ {
    "asset" : {
      "assetID" : "0474d2e20f97e190f6e25fc2237ba926a0204ce7"
    },
    "addedDate" : 1693602308956,
    "metadata" : [ ]
  }, {
    "asset" : {
      "assetID" : "08cc4cdf7601ebfba41946b404ff63ea6fd45041"
    },
    "addedDate" : 1693602308896,
    "metadata" : [ ]
  }, {
    "asset" : {
      "assetID" : "0e3ad2f2245e7a8680d8278e59720afa6af8f945"
    },
    "addedDate" : 1693602308926,
    "metadata" : [ ]
  }, {
    "asset" : {
      "assetID" : "0e7d8039a2cfab51614b1a690f3df2f6a0263d0c"
    },
    "addedDate" : 1693602308970,
    "metadata" : [ ]
  }, {
    "asset" : {
      "assetID" : "1856435e621a17d8cb7cdfc8864d537616e841a0"
    },
    "addedDate" : 1693602308936,
    "metadata" : [ ]
  }, {
    "asset" : {
      "assetID" : "1ca9cee0d72dd38cbe1f80cd03bfa1fa96813d9b"
    },
    "addedDate" : 1693602308943,
    "metadata" : [ ]
  }, {
    "asset" : {
      "assetID" : "2463ac88a475c48edf233b34227d19231d7c5cee"
    },
    "addedDate" : 1693602308976,
    "metadata" : [ ]
  }, {
    "asset" : {
      "assetID" : "2d1ce2315ba92ba0fd7d7eac14acc342ce5b47cc"
    },
    "addedDate" : 1693602308973,
    "metadata" : [ ]
  }, {
    "asset" : {
      "assetID" : "2f5ae3bda645784d27e52f79f2525a6644fc2897"
    },
    "addedDate" : 1693602308903,
    "metadata" : [ ]
  }, {
    "asset" : {
      "assetID" : "3a159e207129fb5a621a1c141b28c2ba8dd71e6b"
    },
    "addedDate" : 1693602308983,
    "metadata" : [ ]
  }, {
    "asset" : {
      "assetID" : "3a819403997e5763405e42aaf73eef66a38a7eed"
    },
    "addedDate" : 1693602308920,
    "metadata" : [ ]
  }, {
    "asset" : {
      "assetID" : "40999c8c947b2b13f7fdaeb2b8628e65e196578a"
    },
    "addedDate" : 1693602308986,
    "metadata" : [ ]
  }, {
    "asset" : {
      "assetID" : "479804c3e03d46084fdb1998462814c309a39a75"
    },
    "addedDate" : 1693602308966,
    "metadata" : [ ]
  }, {
    "asset" : {
      "assetID" : "4d3d280b418a7342e04231e61ad9a12d2ded0418"
    },
    "addedDate" : 1693602308890,
    "metadata" : [ ]
  }, {
    "asset" : {
      "assetID" : "5333cf901fa3f608bd1f86ab9c66dfc810d0ebed"
    },
    "addedDate" : 1693602308880,
    "metadata" : [ ]
  }, {
    "asset" : {
      "assetID" : "54bef6ab2e92c925b39fadfe47b57791bd614259"
    },
    "addedDate" : 1693602308976,
    "metadata" : [ ]
  }, {
    "asset" : {
      "assetID" : "5b50dbae453e5cc4058c7c07e13a7468265f664d"
    },
    "addedDate" : 1693602308980,
    "metadata" : [ ]
  }, {
    "asset" : {
      "assetID" : "65299b6fa9bf4535f037c8adc070f8adc9a0f161"
    },
    "addedDate" : 1693602308926,
    "metadata" : [ ]
  }, {
    "asset" : {
      "assetID" : "79bb25504b0a603c62dcdcb94297d70997e1f938"
    },
    "addedDate" : 1693602308920,
    "metadata" : [ ]
  }, {
    "asset" : {
      "assetID" : "7d041eab0e5016ee0379736669225ebad4bf414b"
    },
    "addedDate" : 1693602308960,
    "metadata" : [ ]
  }, {
    "asset" : {
      "assetID" : "83c3c8dddd3b5c82861f1ab5d125e86c034d12f8"
    },
    "addedDate" : 1693602308986,
    "metadata" : [ ]
  }, {
    "asset" : {
      "assetID" : "87145a7e74fa1dd6d87b6c69ab377c09dcc68727"
    },
    "addedDate" : 1693602308966,
    "metadata" : [ ]
  }, {
    "asset" : {
      "assetID" : "8792895dd8c2afb53e3fdc650999550ce0d61da2"
    },
    "addedDate" : 1693602308950,
    "metadata" : [ ]
  }, {
    "asset" : {
      "assetID" : "8a8a513ed92b867bd82445add4cc25f07e88dc63"
    },
    "addedDate" : 1693602308973,
    "metadata" : [ ]
  }, {
    "asset" : {
      "assetID" : "8cd3f6f54c13d8f61428af425d90615014c2e19f"
    },
    "addedDate" : 1693602308903,
    "metadata" : [ ]
  }, {
    "asset" : {
      "assetID" : "907e1a793300f0a3304e9ed8c18d970f8fa6b2ca"
    },
    "addedDate" : 1693602308886,
    "metadata" : [ ]
  }, {
    "asset" : {
      "assetID" : "94f15e3f6d17f6d807dede369ff80c617ef8a1e5"
    },
    "addedDate" : 1693602308890,
    "metadata" : [ ]
  }, {
    "asset" : {
      "assetID" : "99f3a5a79e5f3184b487ebf91bb3cd1b304fd30f"
    },
    "addedDate" : 1693602308940,
    "metadata" : [ ]
  }, {
    "asset" : {
      "assetID" : "9b580d39638b37d74e06a8b412ead504e42e6441"
    },
    "addedDate" : 1693602308906,
    "metadata" : [ ]
  }, {
    "asset" : {
      "assetID" : "9c2c0492404868ca0effcb5b5788c5a5a8b589a4"
    },
    "addedDate" : 1693602308943,
    "metadata" : [ ]
  }, {
    "asset" : {
      "assetID" : "aab1c45d80fad48151a9564815782a4b4bd806f0"
    },
    "addedDate" : 1693602308950,
    "metadata" : [ ]
  }, {
    "asset" : {
      "assetID" : "beeb37169844c18b7bdf60b5e997ea78c17b1eb2"
    },
    "addedDate" : 1693602308883,
    "metadata" : [ ]
  }, {
    "asset" : {
      "assetID" : "d0cd4be6f1a500db93e4d490d4560e32e91cb268"
    },
    "addedDate" : 1693602308936,
    "metadata" : [ ]
  }, {
    "asset" : {
      "assetID" : "d13919af1e181b97af7a429da6474b8fcd64a9ef"
    },
    "addedDate" : 1693602308916,
    "metadata" : [ ]
  }, {
    "asset" : {
      "assetID" : "d7f13764ca0e432b0d94cf345c05f57fc059cb80"
    },
    "addedDate" : 1693602308983,
    "metadata" : [ ]
  }, {
    "asset" : {
      "assetID" : "d8ee4f437a32b1884f1b141119d49a65aa6211f1"
    },
    "addedDate" : 1693602308913,
    "metadata" : [ ]
  }, {
    "asset" : {
      "assetID" : "da20bdf2ee70be9d6962a695e418e6b0dd5fe79f"
    },
    "addedDate" : 1693602308893,
    "metadata" : [ ]
  }, {
    "asset" : {
      "assetID" : "eaf8a470bb0441f9bb206edc83ce2093799a0f02"
    },
    "addedDate" : 1693602308900,
    "metadata" : [ ]
  }, {
    "asset" : {
      "assetID" : "e6793d4894f12794af20edbe283be49089bdac29"
    },
    "addedDate" : 1693602308920,
    "metadata" : [ ]
  }, {
    "asset" : {
      "assetID" : "de140b1bdbc1c117a616cc4fa59f807307649ab1"
    },
    "addedDate" : 1693602308893,
    "metadata" : [ ]
  }, {
    "asset" : {
      "assetID" : "e6768d948232d48cec43c2396dc01ba78c947f12"
    },
    "addedDate" : 1693602308890,
    "metadata" : [ ]
  }, {
    "asset" : {
      "assetID" : "f09f2e12db5bc61d8dc331db4e9420408d6cb74d"
    },
    "addedDate" : 1693602308930,
    "metadata" : [ ]
  }, {
    "asset" : {
      "assetID" : "f9baba4d3562324df716b4bb8f30af1cdd075c34"
    },
    "addedDate" : 1693602308926,
    "metadata" : [ ]
  }, {
    "asset" : {
      "assetID" : "f8a922fc5afbe114ebfb27c84edb489c3748828d"
    },
    "addedDate" : 1693602308900,
    "metadata" : [ ]
  }, {
    "asset" : {
      "assetID" : "c1e2fe52f1bfbdc5c3a7d006457ea1d956e63ee2"
    },
    "addedDate" : 1693602308910,
    "metadata" : [ ]
  }, {
    "asset" : {
      "assetID" : "f9ead8c73d7f1d12a19f5c8e8075c573740e2ef4"
    },
    "addedDate" : 1693602308923,
    "metadata" : [ ]
  }, {
    "asset" : {
      "assetID" : "20bdf18a51e34e2e13cfd27035f65dc87bd26a44"
    },
    "addedDate" : 1693602308910,
    "metadata" : [ ]
  }, {
    "asset" : {
      "assetID" : "2b919604dc664b160e638f9339c4a911e507f2d0"
    },
    "addedDate" : 1693602308913,
    "metadata" : [ ]
  }, {
    "asset" : {
      "assetID" : "b0b0ad9fe2ea2ae8800c0c471ca91d9a861c6eeb"
    },
    "addedDate" : 1693602308946,
    "metadata" : [ ]
  }, {
    "asset" : {
      "assetID" : "7ff36dbd65bf08c0030e71a7b401fdcc76a940fa"
    },
    "addedDate" : 1693602308953,
    "metadata" : [ ]
  }, {
    "asset" : {
      "assetID" : "7042b515e2cc9e98cce9e6e2fbb938e5d865c40a"
    },
    "addedDate" : 1693602308953,
    "metadata" : [ ]
  }, {
    "asset" : {
      "assetID" : "daab68188a17c376c4ec1230f3f5e93ccb378091"
    },
    "addedDate" : 1693602308956,
    "metadata" : [ ]
  }, {
    "asset" : {
      "assetID" : "878edb0520c4e61a6147776f8f893243a15ba456"
    },
    "addedDate" : 1693602308963,
    "metadata" : [ ]
  }, {
    "asset" : {
      "assetID" : "8a2fa4f5987781033fb2787ac2854eebefb07862"
    },
    "addedDate" : 1693602308963,
    "metadata" : [ ]
  }, {
    "asset" : {
      "assetID" : "3fb787fda672784a12f364c6d10d6cb47a3e6c07"
    },
    "addedDate" : 1693602308970,
    "metadata" : [ ]
  }, {
    "asset" : {
      "assetID" : "cef9b884012e3e1f369539ed2ee1d379e5664bd2"
    },
    "addedDate" : 1693602308970,
    "metadata" : [ ]
  }, {
    "asset" : {
      "assetID" : "a135b190c4f807b0141f020557b68b577876677f"
    },
    "addedDate" : 1693602308940,
    "metadata" : [ ]
  }, {
    "asset" : {
      "assetID" : "658bdbf27408a17d4fe92fbc9ba3e03a0b5f83f5"
    },
    "addedDate" : 1693602308940,
    "metadata" : [ ]
  }, {
    "asset" : {
      "assetID" : "8c5942454f1053911acfa3e50310232d6d3db117"
    },
    "addedDate" : 1693602308956,
    "metadata" : [ ]
  }, {
    "asset" : {
      "assetID" : "9175689c6e6b8e7fccb26e8573b80cca810ae78c"
    },
    "addedDate" : 1693602308946,
    "metadata" : [ ]
  }, {
    "asset" : {
      "assetID" : "6d2e6e568bf9fc348ca180bfff852e04306e99a5"
    },
    "addedDate" : 1693602308983,
    "metadata" : [ ]
  } ],
  "fileName" : "bd8838c49b0d445ab967a1268838782b.json",
  "name" : "1 Nephi 7",
  "publicTitle" : "1 Nefi 7"
}