{
  "parentCollectionID" : "d6efbe45c2c14949970bbef5f15453090ef9799c",
  "parentCollectionPath" : "Mobile Media Library/Korean - Video/Topics",
  "collectionType" : "assets",
  "path" : "Mobile Media Library/Korean - Video/Topics/Repentance and Forgiveness",
  "collectionID" : "bd8a31026c274a3e8dbe93653690e315c513d3fb",
  "language" : "kor",
  "type" : "DEFAULT",
  "lastUpdatedDate" : "2023-06-08T17:47:31.194-06:00",
  "links" : [ {
    "rel" : "details",
    "href" : "https://titanapi.churchofjesuschrist.org/assetsearch/api/v2/collection/details/collectionID/bd8a31026c274a3e8dbe93653690e315c513d3fb"
  } ],
  "coverImages" : [ {
    "asset" : {
      "assetID" : "f27353c0bc82415c2e5000a172f0c69588e77881"
    }
  } ],
  "related" : [ ],
  "metadata" : [ {
    "key" : "orderIndex",
    "value" : "27"
  }, {
    "key" : "collectionUri",
    "value" : "repentance-and-forgiveness-topic",
    "language" : "kor"
  }, {
    "key" : "publicTitle",
    "value" : "회개와 용서",
    "language" : "kor"
  } ],
  "children" : [ ],
  "assets" : [ {
    "asset" : {
      "assetID" : "d36c175d15dad501cb9a462b6def45f7f6e393ba"
    },
    "index" : 0,
    "addedDate" : 1648837590603,
    "metadata" : [ ]
  } ],
  "fileName" : "bd8a31026c274a3e8dbe93653690e315c513d3fb.json",
  "name" : "Repentance and Forgiveness",
  "publicTitle" : "회개와 용서"
}