{
  "parentCollectionID" : "a17a05e4e83e41f08e20bfb44e6d2783c2dbb3ff",
  "parentCollectionPath" : "Mobile Media Library/Danish - Video/Broadcasts/Christmas Devotionals",
  "collectionType" : "assets",
  "path" : "Mobile Media Library/Danish - Video/Broadcasts/Christmas Devotionals/2015 First Presidency's Christmas Devotional",
  "collectionID" : "bf47ddd87d184d5ab0ffe3e354c25b8b",
  "language" : "dan",
  "type" : "DEFAULT",
  "lastUpdatedDate" : "2022-12-13T20:19:46.155-07:00",
  "links" : [ {
    "rel" : "details",
    "href" : "https://titanapi.churchofjesuschrist.org/assetsearch/api/v2/collection/details/collectionID/bf47ddd87d184d5ab0ffe3e354c25b8b"
  } ],
  "coverImages" : [ {
    "asset" : {
      "assetID" : "b829761b38328deb3deb16ca21566a137a1d59e5"
    }
  } ],
  "related" : [ ],
  "metadata" : [ {
    "key" : "collectionUri",
    "value" : "2015-first-presidencys-christmas-devotional",
    "language" : "dan"
  }, {
    "key" : "orderIndex",
    "value" : "4"
  } ],
  "children" : [ ],
  "assets" : [ {
    "asset" : {
      "assetID" : "190094d922b311ec8887eeeeac1e5b9a9b22f757"
    },
    "index" : 2,
    "addedDate" : 1670988055410,
    "metadata" : [ ]
  }, {
    "asset" : {
      "assetID" : "1afb2c1e22b311ec9f65eeeeac1ecd5adc51fd35"
    },
    "index" : 3,
    "addedDate" : 1670988057766,
    "metadata" : [ ]
  }, {
    "asset" : {
      "assetID" : "1d6a575822b311ecbc34eeeeac1e09a5e07bb295"
    },
    "index" : 4,
    "addedDate" : 1670988059911,
    "metadata" : [ ]
  }, {
    "asset" : {
      "assetID" : "1fa0987d22b311ecb34aeeeeac1e8d8ab33cc0e5"
    },
    "index" : 1,
    "addedDate" : 1670988053310,
    "metadata" : [ ]
  }, {
    "asset" : {
      "assetID" : "21d070bd22b311ec99eeeeeeac1ea220ce7c838d"
    },
    "index" : 0,
    "addedDate" : 1670988050976,
    "metadata" : [ ]
  } ],
  "fileName" : "bf47ddd87d184d5ab0ffe3e354c25b8b.json",
  "name" : "2015 First Presidency's Christmas Devotional"
}