{
  "parentCollectionID" : "378a0180935a4458b54c7593ff2cbdcc385f8ebd",
  "parentCollectionPath" : "Mobile Media Library/Hungarian - Video/Teaching and Lessons/Come, Follow Me/Come, Follow Me: New Testament Learning and Teaching Resources",
  "collectionType" : "collections",
  "path" : "Mobile Media Library/Hungarian - Video/Teaching and Lessons/Come, Follow Me/Come, Follow Me: New Testament Learning and Teaching Resources/Feb. 25-Mar. 3: Matthew 6-7",
  "collectionID" : "bf6e0b4d35db451dbf3b6f407e375a5be93caf3f",
  "language" : "hun",
  "type" : "DEFAULT",
  "lastUpdatedDate" : "2022-07-20T11:58:28.395-06:00",
  "links" : [ {
    "rel" : "details",
    "href" : "https://titanapi.churchofjesuschrist.org/assetsearch/api/v2/collection/details/collectionID/bf6e0b4d35db451dbf3b6f407e375a5be93caf3f"
  } ],
  "coverImages" : [ ],
  "related" : [ ],
  "metadata" : [ {
    "key" : "orderIndex",
    "value" : "9"
  }, {
    "key" : "collectionUri",
    "value" : "Feb-25-Mar-3-Matthew-6-7",
    "language" : "hun"
  } ],
  "children" : [ ],
  "assets" : [ ],
  "fileName" : "bf6e0b4d35db451dbf3b6f407e375a5be93caf3f.json",
  "name" : "Feb. 25-Mar. 3: Matthew 6-7"
}