{
  "parentCollectionID" : "5f9ba3e5569f4a219eaf4044bb6217ef04944426",
  "parentCollectionPath" : "Mobile Media Library/Finnish - Video/Teaching and Lessons/Come, Follow Me/Come, Follow Me: New Testament Learning and Teaching Resources",
  "collectionType" : "collections",
  "path" : "Mobile Media Library/Finnish - Video/Teaching and Lessons/Come, Follow Me/Come, Follow Me: New Testament Learning and Teaching Resources/Dec. 9-15: Revelation 1-11",
  "collectionID" : "bfa92ca3e8454acca9bb448a900018618925c0ea",
  "language" : "fin",
  "type" : "DEFAULT",
  "lastUpdatedDate" : "2022-04-17T22:59:40.286-06:00",
  "links" : [ {
    "rel" : "details",
    "href" : "https://titanapi.churchofjesuschrist.org/assetsearch/api/v2/collection/details/collectionID/bfa92ca3e8454acca9bb448a900018618925c0ea"
  } ],
  "coverImages" : [ {
    "asset" : {
      "assetID" : "27b06314e516a8d5c4a7249ea7f5213a10c78014"
    }
  } ],
  "related" : [ ],
  "metadata" : [ {
    "key" : "collectionUri",
    "value" : "Dec-9-15-Revelation-1-11",
    "language" : "fin"
  }, {
    "key" : "orderIndex",
    "value" : "48"
  } ],
  "children" : [ ],
  "assets" : [ ],
  "fileName" : "bfa92ca3e8454acca9bb448a900018618925c0ea.json",
  "name" : "Dec. 9-15: Revelation 1-11"
}