{
  "parentCollectionID" : "37733b7572994c88936ab9679cf208c0",
  "parentCollectionPath" : "Mobile Media Library/Spanish - Images/Book of Mormon Videos Images",
  "collectionType" : "assets",
  "path" : "Mobile Media Library/Spanish - Images/Book of Mormon Videos Images/Mosiah 11-18",
  "collectionID" : "bfbc325e60d4496393835d798f06db39",
  "language" : "spa",
  "type" : "DEFAULT",
  "lastUpdatedDate" : "2021-12-29T13:06:32.956-07:00",
  "links" : [ {
    "rel" : "details",
    "href" : "https://titanapi.churchofjesuschrist.org/assetsearch/api/v2/collection/details/collectionID/bfbc325e60d4496393835d798f06db39"
  } ],
  "coverImages" : [ {
    "asset" : {
      "assetID" : "a0ae32bc03743b2288fd876941b75c8c06c4e1c4"
    }
  } ],
  "related" : [ ],
  "metadata" : [ {
    "key" : "orderIndex",
    "value" : "17"
  }, {
    "key" : "collectionUri",
    "value" : "mosiah-11-18-images",
    "language" : "spa"
  }, {
    "key" : "publicTitle",
    "value" : "Mosíah 11-18",
    "language" : "spa"
  } ],
  "children" : [ ],
  "assets" : [ {
    "asset" : {
      "assetID" : "02da1b355d6342d51e4eb5512bd255671382e16e"
    },
    "addedDate" : 1639597861870,
    "metadata" : [ ]
  }, {
    "asset" : {
      "assetID" : "8d962d6267f393893304d3b0c430ccd366e539ec"
    },
    "addedDate" : 1639597861873,
    "metadata" : [ ]
  }, {
    "asset" : {
      "assetID" : "b85fac844a1c22db43c9001fa6c3ae5a67a7af0f"
    },
    "addedDate" : 1639597861890,
    "metadata" : [ ]
  }, {
    "asset" : {
      "assetID" : "c7112a98f69779e58f3d5ccb42e73ab571cccaf8"
    },
    "addedDate" : 1639597861893,
    "metadata" : [ ]
  }, {
    "asset" : {
      "assetID" : "e5df9773fee03c35862149c203f986b3f12c20ba"
    },
    "addedDate" : 1639597861893,
    "metadata" : [ ]
  }, {
    "asset" : {
      "assetID" : "ff96740b623c69971c8503d7eb207361c689a093"
    },
    "addedDate" : 1639597861896,
    "metadata" : [ ]
  }, {
    "asset" : {
      "assetID" : "b88326a15beb3267b7619caf4947f219247a3a5c"
    },
    "addedDate" : 1639597861896,
    "metadata" : [ ]
  }, {
    "asset" : {
      "assetID" : "6c5b7c9f4f2c882da97313deaa67d3e3fed92783"
    },
    "addedDate" : 1639597861900,
    "metadata" : [ ]
  }, {
    "asset" : {
      "assetID" : "f29f766a7c268b136ff605c6c0044cecfc6f419e"
    },
    "addedDate" : 1639597861900,
    "metadata" : [ ]
  }, {
    "asset" : {
      "assetID" : "f2146246e08c1849e053102f8903637435094557"
    },
    "addedDate" : 1639597861873,
    "metadata" : [ ]
  }, {
    "asset" : {
      "assetID" : "5c1ae050e5c44e0c192e54dd91bc28b4b1129c96"
    },
    "addedDate" : 1639597861876,
    "metadata" : [ ]
  }, {
    "asset" : {
      "assetID" : "4bd6a80cdbd4a435a15ec5dbcf9ec40bea02a4ca"
    },
    "addedDate" : 1639597861876,
    "metadata" : [ ]
  }, {
    "asset" : {
      "assetID" : "ba3b12ca4c6ac73a2a85e8e6e0bc9cec7deaaa84"
    },
    "addedDate" : 1639597861880,
    "metadata" : [ ]
  }, {
    "asset" : {
      "assetID" : "4c1ee561eb46c5db9888939795115ed0c8ddff75"
    },
    "addedDate" : 1639597861883,
    "metadata" : [ ]
  }, {
    "asset" : {
      "assetID" : "4f13aac25c6b699b67356a0d4618058984e365f2"
    },
    "addedDate" : 1639597861883,
    "metadata" : [ ]
  }, {
    "asset" : {
      "assetID" : "cb0d522acaacdcf1f0ab9cef2d4e5a85d56a2d28"
    },
    "addedDate" : 1639597861886,
    "metadata" : [ ]
  }, {
    "asset" : {
      "assetID" : "314433c34a049196bda52c791293ce9f4233dc48"
    },
    "addedDate" : 1639597861886,
    "metadata" : [ ]
  }, {
    "asset" : {
      "assetID" : "2a19d5cfc74b7f033cb328ae0c4ae1d7d333f446"
    },
    "addedDate" : 1639597861820,
    "metadata" : [ ]
  }, {
    "asset" : {
      "assetID" : "9ea29f2f290d662c7f0e9e53bdc024c32d66b186"
    },
    "addedDate" : 1639597861820,
    "metadata" : [ ]
  }, {
    "asset" : {
      "assetID" : "b21d9b89b0ff1911f12435505dc670914a92dd9f"
    },
    "addedDate" : 1639597861823,
    "metadata" : [ ]
  }, {
    "asset" : {
      "assetID" : "116e787c9d096e52ea2c44258ccee5a072f92eba"
    },
    "addedDate" : 1639597861830,
    "metadata" : [ ]
  }, {
    "asset" : {
      "assetID" : "c195c6e71dcd84a3fd5b6e5163ce21181b53d94a"
    },
    "addedDate" : 1639597861830,
    "metadata" : [ ]
  }, {
    "asset" : {
      "assetID" : "8c9bf31288e5f32f16e4e8867b686f02d255fff2"
    },
    "addedDate" : 1639597861830,
    "metadata" : [ ]
  }, {
    "asset" : {
      "assetID" : "a2bf1d27006ed5facc8338187a97c905f20e0cb7"
    },
    "addedDate" : 1639597861836,
    "metadata" : [ ]
  }, {
    "asset" : {
      "assetID" : "207779b934cfff87e85703a06e92b805da088009"
    },
    "addedDate" : 1639597861840,
    "metadata" : [ ]
  }, {
    "asset" : {
      "assetID" : "e1b657147f794161f2a977714acb553b9bc7cd30"
    },
    "addedDate" : 1639597861806,
    "metadata" : [ ]
  }, {
    "asset" : {
      "assetID" : "e2589dd1ba644d07ba96823f24f8eb0c968d94eb"
    },
    "addedDate" : 1639597861810,
    "metadata" : [ ]
  }, {
    "asset" : {
      "assetID" : "8cf579dfd4804ac51bb3a1421fcd7f32c3b9de5c"
    },
    "addedDate" : 1639597861810,
    "metadata" : [ ]
  }, {
    "asset" : {
      "assetID" : "3e82bbf16a0b25a8194bbeb86c8718d60df6ed19"
    },
    "addedDate" : 1639597861813,
    "metadata" : [ ]
  }, {
    "asset" : {
      "assetID" : "3e925e17fb1a1981d8157ed7578a789310b421a7"
    },
    "addedDate" : 1639597861813,
    "metadata" : [ ]
  }, {
    "asset" : {
      "assetID" : "3425c34a59e8e193a9bd287bfe93a1166918f083"
    },
    "addedDate" : 1639597861816,
    "metadata" : [ ]
  }, {
    "asset" : {
      "assetID" : "b723f4de5a5577fedf956014e176b185226095d5"
    },
    "addedDate" : 1639597861816,
    "metadata" : [ ]
  }, {
    "asset" : {
      "assetID" : "e310c44c507057371ea65e2d198d65ffdddf5493"
    },
    "addedDate" : 1639597861820,
    "metadata" : [ ]
  }, {
    "asset" : {
      "assetID" : "b7b33f14d5b9b14cae50053c5da322018e049e85"
    },
    "addedDate" : 1639597861860,
    "metadata" : [ ]
  }, {
    "asset" : {
      "assetID" : "355223b87579d9e9d32089e8f9eed0f95dd09ca3"
    },
    "addedDate" : 1639597861860,
    "metadata" : [ ]
  }, {
    "asset" : {
      "assetID" : "a6b3a6c05fbf6efa86b99c47ac163057a0ceb237"
    },
    "addedDate" : 1639597861863,
    "metadata" : [ ]
  }, {
    "asset" : {
      "assetID" : "9da148eab63005248f8862c47d5a0d96d62e8b7f"
    },
    "addedDate" : 1639597861863,
    "metadata" : [ ]
  }, {
    "asset" : {
      "assetID" : "7df8d16aa46ceb30d10ce08a02b3c4d80d10f229"
    },
    "addedDate" : 1639597861866,
    "metadata" : [ ]
  }, {
    "asset" : {
      "assetID" : "76370877c470286b1e530ecd860b65d8f0c5315a"
    },
    "addedDate" : 1639597861870,
    "metadata" : [ ]
  }, {
    "asset" : {
      "assetID" : "1d0eb5a2edd6f1ca464321cbc2867d30486953d2"
    },
    "addedDate" : 1639597861870,
    "metadata" : [ ]
  }, {
    "asset" : {
      "assetID" : "f61f6ce08a756bd50b857eacd7719f983997c2ab"
    },
    "addedDate" : 1639597861870,
    "metadata" : [ ]
  }, {
    "asset" : {
      "assetID" : "2eca75e6a491b2f5d72a36adb1ffc98b7609a122"
    },
    "addedDate" : 1639597861840,
    "metadata" : [ ]
  }, {
    "asset" : {
      "assetID" : "0c60eb074e5227f04a016986dcee643e43f99442"
    },
    "addedDate" : 1639597861840,
    "metadata" : [ ]
  }, {
    "asset" : {
      "assetID" : "b0238aa7e0da791c1a1b36bb12544d30dab575ab"
    },
    "addedDate" : 1639597861843,
    "metadata" : [ ]
  }, {
    "asset" : {
      "assetID" : "2561b82c2d890b76ffe77532bda1c411894cf7cb"
    },
    "addedDate" : 1639597861850,
    "metadata" : [ ]
  }, {
    "asset" : {
      "assetID" : "3d3374560c3c69db2c5c5b57b84406e2792f4602"
    },
    "addedDate" : 1639597861850,
    "metadata" : [ ]
  }, {
    "asset" : {
      "assetID" : "bb361b86757ae9465bfc838822ae8786057f9914"
    },
    "addedDate" : 1639597861853,
    "metadata" : [ ]
  }, {
    "asset" : {
      "assetID" : "946767a01758d37a5fdaab1c000e05be24b11c1b"
    },
    "addedDate" : 1639597861856,
    "metadata" : [ ]
  }, {
    "asset" : {
      "assetID" : "7c50c51e0e095571af15f840aeab3a96a375a9c9"
    },
    "addedDate" : 1639597861860,
    "metadata" : [ ]
  }, {
    "asset" : {
      "assetID" : "1df8cd2327f69746efddc7ef2e2cdd8cac335c92"
    },
    "addedDate" : 1639597861923,
    "metadata" : [ ]
  }, {
    "asset" : {
      "assetID" : "a0ae32bc03743b2288fd876941b75c8c06c4e1c4"
    },
    "addedDate" : 1639597861923,
    "metadata" : [ ]
  }, {
    "asset" : {
      "assetID" : "e229bf1c3396a9597c733f4c1690552fb82cfdbc"
    },
    "addedDate" : 1639597861926,
    "metadata" : [ ]
  }, {
    "asset" : {
      "assetID" : "a6683f2b4a2bae124756273cc76842bfd0fc56fd"
    },
    "addedDate" : 1639597861926,
    "metadata" : [ ]
  }, {
    "asset" : {
      "assetID" : "8892eb8a26abb761fe49685460374ce447cbbc6b"
    },
    "addedDate" : 1639597861930,
    "metadata" : [ ]
  }, {
    "asset" : {
      "assetID" : "dd2deb903ec10d2a4d24467b6a1f00748c70150a"
    },
    "addedDate" : 1639597861930,
    "metadata" : [ ]
  }, {
    "asset" : {
      "assetID" : "783e2446d04a806da45e41cb4ca4906197943e60"
    },
    "addedDate" : 1639597861933,
    "metadata" : [ ]
  }, {
    "asset" : {
      "assetID" : "7c81b391aca6cecf867e1d1bf7822cd3126c9783"
    },
    "addedDate" : 1639597861933,
    "metadata" : [ ]
  }, {
    "asset" : {
      "assetID" : "2606321537024ab1fbbd640af04c052bc86bcbc7"
    },
    "addedDate" : 1639597861900,
    "metadata" : [ ]
  }, {
    "asset" : {
      "assetID" : "dbb384296490c1a6e7c374443ce2a126d9215a41"
    },
    "addedDate" : 1639597861903,
    "metadata" : [ ]
  }, {
    "asset" : {
      "assetID" : "1f0ee9ed3d314013000193626bbed09c314ea15d"
    },
    "addedDate" : 1639597861903,
    "metadata" : [ ]
  }, {
    "asset" : {
      "assetID" : "bddaed9f459ccda0502770962d6ae5dc7a37ba0f"
    },
    "addedDate" : 1639597861906,
    "metadata" : [ ]
  }, {
    "asset" : {
      "assetID" : "ae0d6b5af7c2a3f134a9eff977e42fcf82df1421"
    },
    "addedDate" : 1639597861906,
    "metadata" : [ ]
  }, {
    "asset" : {
      "assetID" : "2372c20d5a97e2eda0ff2ac38ba5428aa69b6a37"
    },
    "addedDate" : 1639597861910,
    "metadata" : [ ]
  }, {
    "asset" : {
      "assetID" : "322c3f01f75056ad91cdce71d5f6a108d4973c4c"
    },
    "addedDate" : 1639597861920,
    "metadata" : [ ]
  }, {
    "asset" : {
      "assetID" : "2d99a93bd9d86a5c21c096283313046424f54c45"
    },
    "addedDate" : 1639597861920,
    "metadata" : [ ]
  }, {
    "asset" : {
      "assetID" : "fab3be616d936f4133de4381bc5a76590c012c8a"
    },
    "addedDate" : 1639597861956,
    "metadata" : [ ]
  }, {
    "asset" : {
      "assetID" : "ac6fe38583603823a3cf5b8d88d545fcb8371e82"
    },
    "addedDate" : 1639597861956,
    "metadata" : [ ]
  }, {
    "asset" : {
      "assetID" : "afbad5883805088b2363c9b905024c8b094ba957"
    },
    "addedDate" : 1639597861960,
    "metadata" : [ ]
  }, {
    "asset" : {
      "assetID" : "debbc59fafc9282a11b54b84bfcb23fefd7630c5"
    },
    "addedDate" : 1639597861960,
    "metadata" : [ ]
  }, {
    "asset" : {
      "assetID" : "16c78c4b69eaff2cf166d38ed7397dd589763503"
    },
    "addedDate" : 1639597861963,
    "metadata" : [ ]
  }, {
    "asset" : {
      "assetID" : "29c448625bcba0664a79687e800450220e4a311b"
    },
    "addedDate" : 1639597861963,
    "metadata" : [ ]
  }, {
    "asset" : {
      "assetID" : "63f8ab8f0de6e22c33c2124d15fca93c3080253f"
    },
    "addedDate" : 1639597861963,
    "metadata" : [ ]
  }, {
    "asset" : {
      "assetID" : "3100d8922eac75dee50ceb61b73d272d23cb959b"
    },
    "addedDate" : 1639597861966,
    "metadata" : [ ]
  }, {
    "asset" : {
      "assetID" : "78c33c19b2a00d441626b5ac4c2037da445d639b"
    },
    "addedDate" : 1639597861936,
    "metadata" : [ ]
  }, {
    "asset" : {
      "assetID" : "d2ea41634f6ff6485eee5d130aa8fdebeb97e3d2"
    },
    "addedDate" : 1639597861936,
    "metadata" : [ ]
  }, {
    "asset" : {
      "assetID" : "4ea4e82dd12ab9c062a3a1688ebf83836d517add"
    },
    "addedDate" : 1639597861946,
    "metadata" : [ ]
  }, {
    "asset" : {
      "assetID" : "cefd185f2dfa4ddb43831def7dd59a0f371b98bc"
    },
    "addedDate" : 1639597861950,
    "metadata" : [ ]
  }, {
    "asset" : {
      "assetID" : "ed42a82dc9573c154e493f3cc8aac7835002543f"
    },
    "addedDate" : 1639597861953,
    "metadata" : [ ]
  }, {
    "asset" : {
      "assetID" : "3036852e92d238fe48293bf481aefd42359da2a2"
    },
    "addedDate" : 1639597861953,
    "metadata" : [ ]
  }, {
    "asset" : {
      "assetID" : "c2c27bcde856073206afcc08079caad7c7093ddf"
    },
    "addedDate" : 1639597861956,
    "metadata" : [ ]
  } ],
  "fileName" : "bfbc325e60d4496393835d798f06db39.json",
  "name" : "Mosiah 11-18",
  "publicTitle" : "Mosíah 11-18"
}