{
  "parentCollectionID" : "328502d5f15b40bb8942a90044844aa2",
  "parentCollectionPath" : "Mobile Media Library/German - Video/Scriptural Reenactments and Teachings/Book of Mormon/Book of Mormon Videos",
  "collectionType" : "assets",
  "path" : "Mobile Media Library/German - Video/Scriptural Reenactments and Teachings/Book of Mormon/Book of Mormon Videos/3 Nephi 15-16",
  "collectionID" : "c050d62d5439488b8f1ad82b76358ac0",
  "language" : "deu",
  "type" : "DEFAULT",
  "lastUpdatedDate" : "2024-06-18T10:37:03.244-06:00",
  "links" : [ {
    "rel" : "details",
    "href" : "https://titanapi.churchofjesuschrist.org/assetsearch/api/v2/collection/details/collectionID/c050d62d5439488b8f1ad82b76358ac0"
  } ],
  "coverImages" : [ {
    "asset" : {
      "assetID" : "1570c823965d11ecb29ceeeeac1ee20301347a34"
    }
  } ],
  "related" : [ ],
  "metadata" : [ {
    "key" : "orderIndex",
    "value" : "35"
  }, {
    "key" : "channel",
    "value" : "mobile",
    "language" : "deu"
  }, {
    "key" : "collectionUri",
    "value" : "bmvl-3-nephi-15-16",
    "language" : "deu"
  }, {
    "key" : "publicTitle",
    "value" : "3 Nephi 15 und 16",
    "language" : "deu"
  } ],
  "children" : [ ],
  "assets" : [ {
    "asset" : {
      "assetID" : "6669b00932c211eda089eeeeac1e0cfd26c7aeb9"
    },
    "index" : 1,
    "addedDate" : 1669904111335,
    "metadata" : [ ]
  }, {
    "asset" : {
      "assetID" : "6b528ddd32c211eda71eeeeeac1e4bc338b0d897"
    },
    "index" : 2,
    "addedDate" : 1669904117284,
    "metadata" : [ ]
  }, {
    "asset" : {
      "assetID" : "8af268e932c211ed8162eeeeac1e3429780edbf2"
    },
    "index" : 3,
    "addedDate" : 1669904124309,
    "metadata" : [ ]
  }, {
    "asset" : {
      "assetID" : "4882f26c35fe11edbae0eeeeac1eef99cdab135f"
    },
    "index" : 0,
    "addedDate" : 1669904105223,
    "metadata" : [ ]
  } ],
  "fileName" : "c050d62d5439488b8f1ad82b76358ac0.json",
  "name" : "3 Nephi 15-16",
  "publicTitle" : "3 Nephi 15 und 16"
}