{
  "parentCollectionID" : "0c12e83844bc47679891877ef08e14cf",
  "parentCollectionPath" : "Mobile Media Library/Spanish - Video/Callings and Trainings/Ministering",
  "collectionType" : "assets",
  "path" : "Mobile Media Library/Spanish - Video/Callings and Trainings/Ministering/A Vision of Minstering",
  "collectionID" : "c0862c11db2e45cd981c6fede34c4179",
  "language" : "spa",
  "type" : "DEFAULT",
  "lastUpdatedDate" : "2021-04-07T10:48:58.879-06:00",
  "links" : [ {
    "rel" : "details",
    "href" : "https://titanapi.churchofjesuschrist.org/assetsearch/api/v2/collection/details/collectionID/c0862c11db2e45cd981c6fede34c4179"
  } ],
  "coverImages" : [ {
    "asset" : {
      "assetID" : "04b7ddc6ebafb3890a5f64b6c861f7962add12bb"
    }
  } ],
  "related" : [ ],
  "metadata" : [ {
    "key" : "collectionUri",
    "value" : "a-vision-of-ministering",
    "language" : "spa"
  }, {
    "key" : "publicTitle",
    "value" : "Una visión de la ministración",
    "language" : "spa"
  } ],
  "children" : [ ],
  "assets" : [ {
    "asset" : {
      "assetID" : "13a2fc258b495d40aabd5f70856d31946283d38f"
    },
    "addedDate" : 1575602965207,
    "metadata" : [ ]
  } ],
  "fileName" : "c0862c11db2e45cd981c6fede34c4179.json",
  "name" : "A Vision of Minstering",
  "publicTitle" : "Una visión de la ministración"
}