{
  "parentCollectionID" : "779919ffecc64c3cafe04e638d3aa58a1a7e0556",
  "parentCollectionPath" : "Mobile Media Library/Tongan - Video/Broadcasts/Christmas Devotionals",
  "collectionType" : "assets",
  "path" : "Mobile Media Library/Tongan - Video/Broadcasts/Christmas Devotionals/2023 First Presidency's Christmas Devotional",
  "collectionID" : "c1a42d473c66463ba61614b9fe247232",
  "language" : "ton",
  "type" : "DEFAULT",
  "lastUpdatedDate" : "2023-12-07T11:23:58.281-07:00",
  "links" : [ {
    "rel" : "details",
    "href" : "https://titanapi.churchofjesuschrist.org/assetsearch/api/v2/collection/details/collectionID/c1a42d473c66463ba61614b9fe247232"
  } ],
  "coverImages" : [ {
    "asset" : {
      "assetID" : "0ba3679f773e11eeabf0eeeeac1e95073b980106"
    }
  } ],
  "related" : [ ],
  "metadata" : [ {
    "key" : "description",
    "value" : "ʻOku fakaafeʻi atu ʻe he Kau Palesitenisī ʻUluakí ʻa e kāingalotu ʻo e Siasí mo e ngaahi kaungāmeʻá ke kau mai ki hono fakamafola ʻo e fakataha lotu faka-Kilisimasi ʻa e Kau Palesitenisī ʻUluakí ʻi he Sāpate ʻaho 3 ʻo Tīsema 2023.",
    "language" : "ton"
  }, {
    "key" : "collectionUri",
    "value" : "2023-first-presidencys-christmas-devotional",
    "language" : "ton"
  }, {
    "key" : "publicTitle",
    "value" : "Fakataha Lotu Faka-Kilisimasi ʻa e Kau Palesitenisī ʻUluakí ki he 2023",
    "language" : "ton"
  }, {
    "key" : "orderIndex",
    "value" : "2"
  } ],
  "children" : [ ],
  "assets" : [ {
    "asset" : {
      "assetID" : "d09624c2924a11eeb56eeeeeac1e817088b1d4ed"
    },
    "index" : 2,
    "addedDate" : 1701973492050,
    "metadata" : [ ]
  }, {
    "asset" : {
      "assetID" : "11e1fe93924b11eebca1eeeeac1e4ef7f8051c20"
    },
    "index" : 1,
    "addedDate" : 1701973485199,
    "metadata" : [ ]
  }, {
    "asset" : {
      "assetID" : "ad3884c4925211ee9ff4eeeeac1eb64e4e01b9f7"
    },
    "index" : 0,
    "addedDate" : 1701973478562,
    "metadata" : [ ]
  }, {
    "asset" : {
      "assetID" : "d4b61e34925311eea1f1eeeeac1ed7594de67488"
    },
    "index" : 3,
    "addedDate" : 1701973499164,
    "metadata" : [ ]
  }, {
    "asset" : {
      "assetID" : "662704e6925611ee9c48eeeeac1e90322c6c8794"
    },
    "index" : 4,
    "addedDate" : 1701973507563,
    "metadata" : [ ]
  } ],
  "fileName" : "c1a42d473c66463ba61614b9fe247232.json",
  "name" : "2023 First Presidency's Christmas Devotional",
  "publicTitle" : "Fakataha Lotu Faka-Kilisimasi ʻa e Kau Palesitenisī ʻUluakí ki he 2023",
  "description" : "ʻOku fakaafeʻi atu ʻe he Kau Palesitenisī ʻUluakí ʻa e kāingalotu ʻo e Siasí mo e ngaahi kaungāmeʻá ke kau mai ki hono fakamafola ʻo e fakataha lotu faka-Kilisimasi ʻa e Kau Palesitenisī ʻUluakí ʻi he Sāpate ʻaho 3 ʻo Tīsema 2023."
}