{
  "parentCollectionID" : "18a537cd677f4710a0560f0f04b0f178",
  "parentCollectionPath" : "Mobile Media Library/English - Images/Primary/Primary Cutouts",
  "collectionType" : "assets",
  "path" : "Mobile Media Library/English - Images/Primary/Primary Cutouts/The Friend Magazine Cutouts",
  "collectionID" : "c21eea90a87742a380611e415626da29",
  "language" : "eng",
  "type" : "DEFAULT",
  "lastUpdatedDate" : "2019-12-15T12:45:16.426-07:00",
  "links" : [ {
    "rel" : "details",
    "href" : "https://titanapi.churchofjesuschrist.org/assetsearch/api/v2/collection/details/collectionID/c21eea90a87742a380611e415626da29"
  } ],
  "coverImages" : [ {
    "asset" : {
      "assetID" : "16a6b04480ed084d18ee091aa6a28b89bf89292a"
    }
  } ],
  "related" : [ ],
  "metadata" : [ {
    "key" : "collectionUri",
    "value" : "the-friend-magazine-cutouts-images",
    "language" : "eng"
  }, {
    "key" : "publicTitle",
    "value" : "The Friend Magazine Cutouts",
    "language" : "eng"
  } ],
  "children" : [ ],
  "assets" : [ {
    "asset" : {
      "assetID" : "1fc55f7112b397de52c5714d0563d3906afaefd2"
    },
    "addedDate" : 1577484369985,
    "metadata" : [ ]
  }, {
    "asset" : {
      "assetID" : "c60c6222a2a395d735201ca0823457663cb54d54"
    },
    "addedDate" : 1577484342616,
    "metadata" : [ ]
  }, {
    "asset" : {
      "assetID" : "4dee8acacaa30cc62e50d9c04de465a0643633ed"
    },
    "addedDate" : 1577484330291,
    "metadata" : [ ]
  }, {
    "asset" : {
      "assetID" : "e9648cc2083c98bd096b5ee4b4a24e95fe77e010"
    },
    "addedDate" : 1577484406674,
    "metadata" : [ ]
  }, {
    "asset" : {
      "assetID" : "16a6b04480ed084d18ee091aa6a28b89bf89292a"
    },
    "addedDate" : 1577484361907,
    "metadata" : [ ]
  }, {
    "asset" : {
      "assetID" : "219c17e0218edd03443b31fa7c8d06af3128dafa"
    },
    "addedDate" : 1577484418680,
    "metadata" : [ ]
  }, {
    "asset" : {
      "assetID" : "7b30720fe3cbc31506a59df48a786943d3efe8d2"
    },
    "addedDate" : 1577484452165,
    "metadata" : [ ]
  }, {
    "asset" : {
      "assetID" : "5fc14729b8e20f836d72bf12d127cb6863fad288"
    },
    "addedDate" : 1577484263769,
    "metadata" : [ ]
  }, {
    "asset" : {
      "assetID" : "4b35093edd8fcef25bf678cf117a65e31d7e9ef6"
    },
    "addedDate" : 1577484275199,
    "metadata" : [ ]
  }, {
    "asset" : {
      "assetID" : "567279be715be18b533afe04971153c27593af0a"
    },
    "addedDate" : 1577484282076,
    "metadata" : [ ]
  }, {
    "asset" : {
      "assetID" : "cf4dd492f19a4c0cbf2e8074233c18de5914e86b"
    },
    "addedDate" : 1577484293334,
    "metadata" : [ ]
  }, {
    "asset" : {
      "assetID" : "39cf944fc994e52b5e5f891c7cfc9ed9c59d614c"
    },
    "addedDate" : 1577484301985,
    "metadata" : [ ]
  }, {
    "asset" : {
      "assetID" : "12f62eeb86b88caf67e8d38986e7811e3287a576"
    },
    "addedDate" : 1577484309486,
    "metadata" : [ ]
  }, {
    "asset" : {
      "assetID" : "945ea8e49b8256f341e4a2a197af9a65af635601"
    },
    "addedDate" : 1577484320963,
    "metadata" : [ ]
  }, {
    "asset" : {
      "assetID" : "e8874b4fdfff3acada0e463f8fd021dd234817bf"
    },
    "addedDate" : 1577484352482,
    "metadata" : [ ]
  } ],
  "fileName" : "c21eea90a87742a380611e415626da29.json",
  "name" : "The Friend Magazine Cutouts",
  "publicTitle" : "The Friend Magazine Cutouts"
}