{
  "parentCollectionID" : "d0dcdc946bd743a2a43d889248406d8a",
  "parentCollectionPath" : "Mobile Media Library/Portuguese - Video/Teaching and Lessons/Come, Follow Me/2023 New Testament Media Resources",
  "collectionType" : "assets",
  "path" : "Mobile Media Library/Portuguese - Video/Teaching and Lessons/Come, Follow Me/2023 New Testament Media Resources/February 13–February 19. Matthew 5; Luke 6: \"Blessed Are Ye\"",
  "collectionID" : "c386d0a7454649e78560878196d3f300",
  "language" : "por",
  "type" : "DEFAULT",
  "lastUpdatedDate" : "2022-12-16T15:24:40.181-07:00",
  "links" : [ {
    "rel" : "details",
    "href" : "https://titanapi.churchofjesuschrist.org/assetsearch/api/v2/collection/details/collectionID/c386d0a7454649e78560878196d3f300"
  } ],
  "coverImages" : [ {
    "asset" : {
      "assetID" : "513f23e2aaf86702468b29b50e536be53e50b2bb"
    }
  } ],
  "related" : [ ],
  "metadata" : [ {
    "key" : "orderIndex",
    "value" : "8"
  }, {
    "key" : "collectionUri",
    "value" : "cfm-2023-videos-february-13-19",
    "language" : "por"
  }, {
    "key" : "publicTitle",
    "value" : "13 a 19 de fevereiro Mateus 5; Lucas 6: “Bem-aventurados sois vós”",
    "language" : "por"
  } ],
  "children" : [ ],
  "assets" : [ {
    "asset" : {
      "assetID" : "64a881e39d7d4278b864d0a390d7054f9b910153"
    },
    "index" : 1,
    "addedDate" : 1650209462205,
    "metadata" : [ ]
  }, {
    "asset" : {
      "assetID" : "56e197bc2b6a1828b8354e8c7a42d14d2d98ba9f"
    },
    "index" : 0,
    "addedDate" : 1650209452540,
    "metadata" : [ ]
  } ],
  "fileName" : "c386d0a7454649e78560878196d3f300.json",
  "name" : "February 13–February 19. Matthew 5; Luke 6: \"Blessed Are Ye\"",
  "publicTitle" : "13 a 19 de fevereiro Mateus 5; Lucas 6: “Bem-aventurados sois vós”"
}