{
  "parentCollectionID" : "482558b82c394e519c4e23f40545c44f",
  "parentCollectionPath" : "Mobile Media Library/Spanish - Images/Gospel Art/Gospel Art Book",
  "collectionType" : "assets",
  "path" : "Mobile Media Library/Spanish - Images/Gospel Art/Gospel Art Book/Church History-Gospel Art Book",
  "collectionID" : "c38f3ac56fb74348922a008536b721f7",
  "language" : "spa",
  "type" : "DEFAULT",
  "lastUpdatedDate" : "2023-09-04T22:33:21.874-06:00",
  "links" : [ {
    "rel" : "details",
    "href" : "https://titanapi.churchofjesuschrist.org/assetsearch/api/v2/collection/details/collectionID/c38f3ac56fb74348922a008536b721f7"
  } ],
  "coverImages" : [ {
    "asset" : {
      "assetID" : "adb805d36e3208f9a7dde11246bbd0eef4f49f9b"
    }
  } ],
  "related" : [ ],
  "metadata" : [ {
    "key" : "collectionUri",
    "value" : "church-history-gospel-art-book-images",
    "language" : "spa"
  }, {
    "key" : "publicTitle",
    "value" : "Historia de la iglesia: Libro de obras de arte del Evangelio",
    "language" : "spa"
  }, {
    "key" : "orderIndex",
    "value" : "2"
  } ],
  "children" : [ ],
  "assets" : [ {
    "asset" : {
      "assetID" : "65ab27e2d00e74009fda90d4b06c086d1f8b95b6"
    },
    "addedDate" : 1693889011823,
    "metadata" : [ ]
  }, {
    "asset" : {
      "assetID" : "d1073fe162bfd726fa0a59d1deff3b8ceb0e6005"
    },
    "addedDate" : 1693889011813,
    "metadata" : [ ]
  }, {
    "asset" : {
      "assetID" : "d424eaa659d3102b717c1825b0e48388d689a966"
    },
    "addedDate" : 1693889011820,
    "metadata" : [ ]
  }, {
    "asset" : {
      "assetID" : "197b56335a4c8c36fb81c7a26d075df31e9b34ed"
    },
    "addedDate" : 1693889011826,
    "metadata" : [ ]
  }, {
    "asset" : {
      "assetID" : "adb805d36e3208f9a7dde11246bbd0eef4f49f9b"
    },
    "addedDate" : 1693889011820,
    "metadata" : [ ]
  }, {
    "asset" : {
      "assetID" : "d11376319c2d8ff296e8797ed6d538736c0da295"
    },
    "addedDate" : 1693889011806,
    "metadata" : [ ]
  }, {
    "asset" : {
      "assetID" : "671e85a694ea9da1b106afde7a37f8554d414215"
    },
    "addedDate" : 1693889011806,
    "metadata" : [ ]
  }, {
    "asset" : {
      "assetID" : "bbd1f861a745a57f4495c95fcd9cf01485924e3c"
    },
    "addedDate" : 1693889011810,
    "metadata" : [ ]
  }, {
    "asset" : {
      "assetID" : "dcb9a9a115dd33e66767e142b65d8d94e570a366"
    },
    "addedDate" : 1693889011823,
    "metadata" : [ ]
  }, {
    "asset" : {
      "assetID" : "631e5f6e65c8be600fccbda6f03b15a474f4f477"
    },
    "addedDate" : 1693889011813,
    "metadata" : [ ]
  }, {
    "asset" : {
      "assetID" : "f1e7548b53fc4695fb67bef691fa159b36154dee"
    },
    "addedDate" : 1693889011830,
    "metadata" : [ ]
  }, {
    "asset" : {
      "assetID" : "9b757dbf47ed6b4fe0e71b8a56e3072d8f5de1e0"
    },
    "addedDate" : 1693889011830,
    "metadata" : [ ]
  }, {
    "asset" : {
      "assetID" : "bb88c207037968a8bd064616afc636146ccee457"
    },
    "addedDate" : 1693889011810,
    "metadata" : [ ]
  }, {
    "asset" : {
      "assetID" : "5f68ab3ebd717592dce9ee3819123a44f1853e1e"
    },
    "addedDate" : 1693889011826,
    "metadata" : [ ]
  } ],
  "fileName" : "c38f3ac56fb74348922a008536b721f7.json",
  "name" : "Church History-Gospel Art Book",
  "publicTitle" : "Historia de la iglesia: Libro de obras de arte del Evangelio"
}