{
  "parentCollectionID" : "01ef88d3771d4eff84c6c9aa81e0671f",
  "parentCollectionPath" : "Mobile Media Library/Portuguese - Video/Inspiration",
  "collectionType" : "assets",
  "path" : "Mobile Media Library/Portuguese - Video/Inspiration/Social Media Shareable Videos",
  "collectionID" : "c4a94b64b28849198f1f89dc588ebbcc",
  "language" : "por",
  "type" : "DEFAULT",
  "lastUpdatedDate" : "2021-03-29T12:08:16.556-06:00",
  "links" : [ {
    "rel" : "details",
    "href" : "https://titanapi.churchofjesuschrist.org/assetsearch/api/v2/collection/details/collectionID/c4a94b64b28849198f1f89dc588ebbcc"
  } ],
  "coverImages" : [ {
    "asset" : {
      "assetID" : "6408ee264f7f16d8ea58a9aee0c834442075af12"
    }
  } ],
  "related" : [ ],
  "metadata" : [ {
    "key" : "collectionUri",
    "value" : "social-media-shareable-videos",
    "language" : "por"
  }, {
    "key" : "publicTitle",
    "value" : "Vídeos para Compartilhar na Mídia Social",
    "language" : "por"
  } ],
  "children" : [ ],
  "assets" : [ {
    "asset" : {
      "assetID" : "18425beed4301a80fe5d41d6b7336f57633dd42e"
    },
    "index" : 20,
    "addedDate" : 1654568499014,
    "metadata" : [ ]
  }, {
    "asset" : {
      "assetID" : "e03809096c9459672d80a87d7f710345cd58151b"
    },
    "index" : 19,
    "addedDate" : 1654568344919,
    "metadata" : [ ]
  }, {
    "asset" : {
      "assetID" : "5C94DCFA65151EF83DF0659016C15F3DDAF4AFF8"
    },
    "addedDate" : 1585187458924,
    "metadata" : [ ]
  }, {
    "asset" : {
      "assetID" : "400B1EBBAF316C25BBD9624BBD296B059E583839"
    },
    "index" : 18,
    "addedDate" : 1654568267727,
    "metadata" : [ ]
  }, {
    "asset" : {
      "assetID" : "6165390C83A8DFF3F68EA1076225539A3DB6DCEB"
    },
    "index" : 17,
    "addedDate" : 1654568249803,
    "metadata" : [ ]
  }, {
    "asset" : {
      "assetID" : "5C3909D8BF594733CFE29C265F62DA26EA84CB2C"
    },
    "index" : 16,
    "addedDate" : 1654568243860,
    "metadata" : [ ]
  }, {
    "asset" : {
      "assetID" : "F5CB8DDC9345398ED3F10305F797F0B20D9372AF"
    },
    "index" : 12,
    "addedDate" : 1654568201310,
    "metadata" : [ ]
  }, {
    "asset" : {
      "assetID" : "52AE687010AE869A8C47A84648F8926D41081886"
    },
    "index" : 13,
    "addedDate" : 1654568203591,
    "metadata" : [ ]
  }, {
    "asset" : {
      "assetID" : "B435B1E0A61335AEE00534957BD75CC5579F60CF"
    },
    "index" : 14,
    "addedDate" : 1654568222849,
    "metadata" : [ ]
  }, {
    "asset" : {
      "assetID" : "082575448BCCEBEFD0F55C2DF1BD4291A3A2769C"
    },
    "index" : 15,
    "addedDate" : 1654568229043,
    "metadata" : [ ]
  }, {
    "asset" : {
      "assetID" : "819747434C7473AFFF52905A0A37FADAA6C7F9C0"
    },
    "index" : 3,
    "addedDate" : 1654568020981,
    "metadata" : [ ]
  }, {
    "asset" : {
      "assetID" : "D9013A8727CA43CE04779832065F21BEFC353D18"
    },
    "index" : 4,
    "addedDate" : 1654568074318,
    "metadata" : [ ]
  }, {
    "asset" : {
      "assetID" : "10520C3915070F3999F604E892CEE5BDA45272B4"
    },
    "index" : 5,
    "addedDate" : 1654568077256,
    "metadata" : [ ]
  }, {
    "asset" : {
      "assetID" : "92C8F100D552B7AD135BED8BC557829AFD452F84"
    },
    "index" : 6,
    "addedDate" : 1654568102762,
    "metadata" : [ ]
  }, {
    "asset" : {
      "assetID" : "F05902A847C9171A3ED6910D83CC1AC8B5C54DAB"
    },
    "index" : 7,
    "addedDate" : 1654568109607,
    "metadata" : [ ]
  }, {
    "asset" : {
      "assetID" : "C48CB92FF86071B69127A080F878CC237AC00286"
    },
    "index" : 2,
    "addedDate" : 1654568004240,
    "metadata" : [ ]
  }, {
    "asset" : {
      "assetID" : "3D3522FC568C822BF469B76E4A71462D14453322"
    },
    "index" : 8,
    "addedDate" : 1654568135371,
    "metadata" : [ ]
  }, {
    "asset" : {
      "assetID" : "646A4BBE74E0756E0DB27AF2D1EE3A70FA499D0D"
    },
    "index" : 9,
    "addedDate" : 1654568139203,
    "metadata" : [ ]
  }, {
    "asset" : {
      "assetID" : "2250DE0CFA835849EA346AA0892858301EC0E099"
    },
    "index" : 10,
    "addedDate" : 1654568165280,
    "metadata" : [ ]
  }, {
    "asset" : {
      "assetID" : "C3B3A0BDAF3203F44FF1F6D783AF8E554D91647E"
    },
    "index" : 11,
    "addedDate" : 1654568168459,
    "metadata" : [ ]
  }, {
    "asset" : {
      "assetID" : "D45987CD8CACE957C5FEB6771DC4B3A06F7C82BE"
    },
    "index" : 1,
    "addedDate" : 1654567981592,
    "metadata" : [ ]
  }, {
    "asset" : {
      "assetID" : "861658290cee11ec80e5eeeeac1e37189c225b43"
    },
    "index" : 21,
    "addedDate" : 1654568513494,
    "metadata" : [ ]
  } ],
  "fileName" : "c4a94b64b28849198f1f89dc588ebbcc.json",
  "name" : "Social Media Shareable Videos",
  "publicTitle" : "Vídeos para Compartilhar na Mídia Social"
}