{
  "parentCollectionID" : "d3c4687234b44ce8a3d291557f5c02de",
  "parentCollectionPath" : "Mobile Media Library/Tagalog - Video/Broadcasts",
  "collectionType" : "collections",
  "path" : "Mobile Media Library/Tagalog - Video/Broadcasts/Young Adult and Youth Devotionals",
  "collectionID" : "c63f47dadd744ceb9fa953d261ce3d15",
  "language" : "tgl",
  "type" : "DEFAULT",
  "lastUpdatedDate" : "2024-02-28T23:42:52.049-07:00",
  "links" : [ {
    "rel" : "details",
    "href" : "https://titanapi.churchofjesuschrist.org/assetsearch/api/v2/collection/details/collectionID/c63f47dadd744ceb9fa953d261ce3d15"
  } ],
  "coverImages" : [ {
    "asset" : {
      "assetID" : "7a2d4851dba411ecbf04eeeeac1e1f66973e677f"
    }
  } ],
  "related" : [ ],
  "metadata" : [ {
    "key" : "collectionUri",
    "value" : "young-adult-and-youth-devotionals",
    "language" : "tgl"
  }, {
    "key" : "orderIndex",
    "value" : "4"
  } ],
  "children" : [ {
    "path" : "Mobile Media Library/Tagalog - Video/Broadcasts/Young Adult and Youth Devotionals/Worldwide Devotional Full Sessions",
    "collectionID" : "0fef41082211447ea29944c585ef4baa",
    "type" : "DEFAULT",
    "lastUpdatedDate" : "2024-02-28T23:43:33.115-07:00",
    "links" : [ {
      "rel" : "details",
      "href" : "https://titanapi.churchofjesuschrist.org/assetsearch/api/v2/collection/details/collectionID/0fef41082211447ea29944c585ef4baa"
    } ],
    "fileName" : "0fef41082211447ea29944c585ef4baa.json"
  }, {
    "path" : "Mobile Media Library/Tagalog - Video/Broadcasts/Young Adult and Youth Devotionals/Worldwide Devotional Segments",
    "collectionID" : "d756dcf3e95543dbaf40022f301bb271",
    "type" : "DEFAULT",
    "lastUpdatedDate" : "2024-02-28T23:44:16.839-07:00",
    "links" : [ {
      "rel" : "details",
      "href" : "https://titanapi.churchofjesuschrist.org/assetsearch/api/v2/collection/details/collectionID/d756dcf3e95543dbaf40022f301bb271"
    } ],
    "fileName" : "d756dcf3e95543dbaf40022f301bb271.json"
  } ],
  "assets" : [ ],
  "fileName" : "c63f47dadd744ceb9fa953d261ce3d15.json",
  "name" : "Young Adult and Youth Devotionals"
}