{
  "parentCollectionID" : "98b2e86330ed40da8f8ddf00498d3b89",
  "parentCollectionPath" : "Mobile Media Library/Thai - Video/Holidays",
  "collectionType" : "collections",
  "path" : "Mobile Media Library/Thai - Video/Holidays/Christmas Messages",
  "collectionID" : "c6c9f006d26e4ffaa57289eb2b11bd18",
  "language" : "tha",
  "type" : "DEFAULT",
  "lastUpdatedDate" : "2023-02-22T12:15:40.276-07:00",
  "links" : [ {
    "rel" : "details",
    "href" : "https://titanapi.churchofjesuschrist.org/assetsearch/api/v2/collection/details/collectionID/c6c9f006d26e4ffaa57289eb2b11bd18"
  } ],
  "coverImages" : [ {
    "asset" : {
      "assetID" : "727b43062f9ccc1c3ddab1de3d592e3325b6ee94"
    }
  } ],
  "related" : [ ],
  "metadata" : [ {
    "key" : "orderIndex",
    "value" : "1"
  }, {
    "key" : "description",
    "value" : "ฉลองวันหยุดเทศกาลกับวิดีโอจากศาสนจักรของพระเยซูคริสต์แห่งวิสุทธิชนยุคสุดท้าย พร้อมด้วยข่าวสารคริสต์มาสและอีสเตอร์ประจำปี เรื่องราวคริสต์มาสและการประสูติ และอื่นๆ",
    "language" : "tha"
  }, {
    "key" : "collectionUri",
    "value" : "christmas-messages",
    "language" : "tha"
  }, {
    "key" : "publicTitle",
    "value" : "ข่าวสารคริสต์มาส",
    "language" : "tha"
  } ],
  "children" : [ ],
  "assets" : [ ],
  "fileName" : "c6c9f006d26e4ffaa57289eb2b11bd18.json",
  "name" : "Christmas Messages",
  "publicTitle" : "ข่าวสารคริสต์มาส",
  "description" : "ฉลองวันหยุดเทศกาลกับวิดีโอจากศาสนจักรของพระเยซูคริสต์แห่งวิสุทธิชนยุคสุดท้าย พร้อมด้วยข่าวสารคริสต์มาสและอีสเตอร์ประจำปี เรื่องราวคริสต์มาสและการประสูติ และอื่นๆ"
}