{
  "parentCollectionID" : "5e2713ecada842019b8ff707427b1ea16212bd41",
  "parentCollectionPath" : "Mobile Media Library/Indonesian - Video/Scriptures/Book of Mormon/Book of Mormon Videos",
  "collectionType" : "collections",
  "path" : "Mobile Media Library/Indonesian - Video/Scriptures/Book of Mormon/Book of Mormon Videos/Alma 31-34",
  "collectionID" : "c76355eab58147f9942a452ae2ee1da870b9ef0d",
  "language" : "ind",
  "type" : "DEFAULT",
  "lastUpdatedDate" : "2022-04-17T23:47:08.716-06:00",
  "links" : [ {
    "rel" : "details",
    "href" : "https://titanapi.churchofjesuschrist.org/assetsearch/api/v2/collection/details/collectionID/c76355eab58147f9942a452ae2ee1da870b9ef0d"
  } ],
  "coverImages" : [ {
    "asset" : {
      "assetID" : "6e7b964dfaf89f35d84e7030a7641f0a0e090b4e"
    }
  } ],
  "related" : [ ],
  "metadata" : [ {
    "key" : "collectionUri",
    "value" : "alma-31-34",
    "language" : "ind"
  }, {
    "key" : "orderIndex",
    "value" : "22"
  } ],
  "children" : [ ],
  "assets" : [ ],
  "fileName" : "c76355eab58147f9942a452ae2ee1da870b9ef0d.json",
  "name" : "Alma 31-34"
}