{
  "parentCollectionID" : "ec3e77f93b394a939a5cc3836994c86730a7e321",
  "parentCollectionPath" : "Mobile Media Library/Danish - Video/Topics",
  "collectionType" : "collections",
  "path" : "Mobile Media Library/Danish - Video/Topics/Fathers",
  "collectionID" : "c84886fec93a44a78240b5544a739c0470acdde8",
  "language" : "dan",
  "type" : "DEFAULT",
  "lastUpdatedDate" : "2023-05-24T14:28:20.020-06:00",
  "links" : [ {
    "rel" : "details",
    "href" : "https://titanapi.churchofjesuschrist.org/assetsearch/api/v2/collection/details/collectionID/c84886fec93a44a78240b5544a739c0470acdde8"
  } ],
  "coverImages" : [ {
    "asset" : {
      "assetID" : "f13e9466f12a601255a7e26e2e01f3d51a7ac298"
    }
  } ],
  "related" : [ ],
  "metadata" : [ {
    "key" : "orderIndex",
    "value" : "13"
  }, {
    "key" : "collectionUri",
    "value" : "fathers-topic",
    "language" : "dan"
  }, {
    "key" : "publicTitle",
    "value" : "Fædre",
    "language" : "dan"
  } ],
  "children" : [ ],
  "assets" : [ ],
  "fileName" : "c84886fec93a44a78240b5544a739c0470acdde8.json",
  "name" : "Fathers",
  "publicTitle" : "Fædre"
}