{
  "parentCollectionID" : "f1e471ebb59142e8bbaf799a93450338",
  "parentCollectionPath" : "Mobile Media Library/Korean - Images/Book of Mormon Videos Images",
  "collectionType" : "assets",
  "path" : "Mobile Media Library/Korean - Images/Book of Mormon Videos Images/1 Nephi 1-2",
  "collectionID" : "c85f108dc1404e9e9d6831cc50155885",
  "language" : "kor",
  "type" : "DEFAULT",
  "lastUpdatedDate" : "2023-09-06T22:38:37.481-06:00",
  "links" : [ {
    "rel" : "details",
    "href" : "https://titanapi.churchofjesuschrist.org/assetsearch/api/v2/collection/details/collectionID/c85f108dc1404e9e9d6831cc50155885"
  } ],
  "coverImages" : [ {
    "asset" : {
      "assetID" : "87677f7462f128462c35b424dd86aad1a16234cf"
    }
  } ],
  "related" : [ ],
  "metadata" : [ {
    "key" : "collectionUri",
    "value" : "1-nephi-1-2-images",
    "language" : "kor"
  }, {
    "key" : "publicTitle",
    "value" : "니파이전서 1~2장",
    "language" : "kor"
  }, {
    "key" : "orderIndex",
    "value" : "1"
  } ],
  "children" : [ ],
  "assets" : [ {
    "asset" : {
      "assetID" : "014a067fffbb43e5a7ff1ca6767c0919e60e4c7d"
    },
    "addedDate" : 1694062382556,
    "metadata" : [ ]
  }, {
    "asset" : {
      "assetID" : "05a97fde0a860051b31afd0c091e5924e36fd0fd"
    },
    "addedDate" : 1694062382650,
    "metadata" : [ ]
  }, {
    "asset" : {
      "assetID" : "05e4f44e9963692bff7871897cad0d58dc0765bc"
    },
    "addedDate" : 1694062382710,
    "metadata" : [ ]
  }, {
    "asset" : {
      "assetID" : "28f8c311be71c23b7aee029419832710ea6a9534"
    },
    "addedDate" : 1694062382763,
    "metadata" : [ ]
  }, {
    "asset" : {
      "assetID" : "2982f2c5d77e2441d70efb329e14436cccf2aed6"
    },
    "addedDate" : 1694062382660,
    "metadata" : [ ]
  }, {
    "asset" : {
      "assetID" : "2baf7e7521dd05c7f24b41fd14d932b3384dd80e"
    },
    "addedDate" : 1694062382716,
    "metadata" : [ ]
  }, {
    "asset" : {
      "assetID" : "2d6ac6246b7cd83a253e8f815f0f4065c4c2e521"
    },
    "addedDate" : 1694062382663,
    "metadata" : [ ]
  }, {
    "asset" : {
      "assetID" : "332d3bba9e1485b878c11cfce7caf8792cd9c4c1"
    },
    "addedDate" : 1694062382750,
    "metadata" : [ ]
  }, {
    "asset" : {
      "assetID" : "34d5282c496463071406f4147fa5dfb762988c2e"
    },
    "addedDate" : 1694062382663,
    "metadata" : [ ]
  }, {
    "asset" : {
      "assetID" : "40c38d3f4765ac860d8fc527f7b2e9f0a44843f7"
    },
    "addedDate" : 1694062382776,
    "metadata" : [ ]
  }, {
    "asset" : {
      "assetID" : "4204575f24eeb905e2d3eb89882a33dced867de8"
    },
    "addedDate" : 1694062382573,
    "metadata" : [ ]
  }, {
    "asset" : {
      "assetID" : "4647c022f752f712cdf1842062f3c78a5f3a7a57"
    },
    "addedDate" : 1694062382746,
    "metadata" : [ ]
  }, {
    "asset" : {
      "assetID" : "4ec375592bc4ebccef191cd0a04b21a44b604866"
    },
    "addedDate" : 1694062382706,
    "metadata" : [ ]
  }, {
    "asset" : {
      "assetID" : "56d7110c721a5cbf570a978a2945ad93bf2fc9ff"
    },
    "addedDate" : 1694062382596,
    "metadata" : [ ]
  }, {
    "asset" : {
      "assetID" : "5eb5e05aadb138c8b3a9874cc7f065cac792421e"
    },
    "addedDate" : 1694062382670,
    "metadata" : [ ]
  }, {
    "asset" : {
      "assetID" : "650da7b325e8e338417dccfe0b9f732c05a9317d"
    },
    "addedDate" : 1694062382690,
    "metadata" : [ ]
  }, {
    "asset" : {
      "assetID" : "6ca9de9661949ce5eef7f47815eba9cf17f007e2"
    },
    "addedDate" : 1694062382693,
    "metadata" : [ ]
  }, {
    "asset" : {
      "assetID" : "70007b4334463b4a503e80cf4bce8d095efbc1fc"
    },
    "addedDate" : 1694062382726,
    "metadata" : [ ]
  }, {
    "asset" : {
      "assetID" : "738ff72ca0108180a6d1febe0f9b5ff58b72f21d"
    },
    "addedDate" : 1694062382626,
    "metadata" : [ ]
  }, {
    "asset" : {
      "assetID" : "743451585838aa324c5e67353d74450ed5e05db8"
    },
    "addedDate" : 1694062382720,
    "metadata" : [ ]
  }, {
    "asset" : {
      "assetID" : "78ae4834e34e5c228eda9fba57586b86aa5a3465"
    },
    "addedDate" : 1694062382720,
    "metadata" : [ ]
  }, {
    "asset" : {
      "assetID" : "7ae96c55d45f8cbbc16b99252a88fafa135034cb"
    },
    "addedDate" : 1694062382690,
    "metadata" : [ ]
  }, {
    "asset" : {
      "assetID" : "8bd574d0b1829c759f128e72f9b6a48abfc2f530"
    },
    "addedDate" : 1694062382700,
    "metadata" : [ ]
  }, {
    "asset" : {
      "assetID" : "8d1e51d3f378f5598e88c8aab7113f2d0215815a"
    },
    "addedDate" : 1694062382656,
    "metadata" : [ ]
  }, {
    "asset" : {
      "assetID" : "91e6c9ee388efba228787456296d8ca9ed66702f"
    },
    "addedDate" : 1694062382700,
    "metadata" : [ ]
  }, {
    "asset" : {
      "assetID" : "9342f33755896454ac0ce970b8a010d2a9de5805"
    },
    "addedDate" : 1694062382646,
    "metadata" : [ ]
  }, {
    "asset" : {
      "assetID" : "9ba2f6a3a403f75efdd6b2f0636bfa3ab2c4bc7c"
    },
    "addedDate" : 1694062382676,
    "metadata" : [ ]
  }, {
    "asset" : {
      "assetID" : "9cbafc68a974fce01903344e08c686e390190e87"
    },
    "addedDate" : 1694062382676,
    "metadata" : [ ]
  }, {
    "asset" : {
      "assetID" : "a735ebb3ea1a885540b0b0bc3bcaf84ff54dea31"
    },
    "addedDate" : 1694062382636,
    "metadata" : [ ]
  }, {
    "asset" : {
      "assetID" : "a9edefb7ea88fcaebc03eb4b71501d19268401a4"
    },
    "addedDate" : 1694062382770,
    "metadata" : [ ]
  }, {
    "asset" : {
      "assetID" : "ad26e3e698d173f275144359e046affc9cb27e90"
    },
    "addedDate" : 1694062382776,
    "metadata" : [ ]
  }, {
    "asset" : {
      "assetID" : "b65dc6bb8c5704bb0a876e1c46dbfc373f087b24"
    },
    "addedDate" : 1694062382623,
    "metadata" : [ ]
  }, {
    "asset" : {
      "assetID" : "b9191cb40ae1bc6b7cde801dc56fc0ce3d2fb5cf"
    },
    "addedDate" : 1694062382696,
    "metadata" : [ ]
  }, {
    "asset" : {
      "assetID" : "c5761a97afc5230a7283361f7b81b8ea274746b8"
    },
    "addedDate" : 1694062382683,
    "metadata" : [ ]
  }, {
    "asset" : {
      "assetID" : "c907b5fd2f4502f7d8d2edb107598a653e96b834"
    },
    "addedDate" : 1694062382630,
    "metadata" : [ ]
  }, {
    "asset" : {
      "assetID" : "c9f1a532254a3bab3dfe7aaf0c44fa1f818196d9"
    },
    "addedDate" : 1694062382670,
    "metadata" : [ ]
  }, {
    "asset" : {
      "assetID" : "cb350475ec207d430d5e03473ed752e9228ee269"
    },
    "addedDate" : 1694062382753,
    "metadata" : [ ]
  }, {
    "asset" : {
      "assetID" : "d2974924d070d50104c73ba4a3a8880c65bd0731"
    },
    "addedDate" : 1694062382586,
    "metadata" : [ ]
  }, {
    "asset" : {
      "assetID" : "db0469ebcf782881edd012864b8b7c35bdb6bed1"
    },
    "addedDate" : 1694062382736,
    "metadata" : [ ]
  }, {
    "asset" : {
      "assetID" : "e1e52328357e77caf8f6e2f6d636c3585d48c76c"
    },
    "addedDate" : 1694062382603,
    "metadata" : [ ]
  }, {
    "asset" : {
      "assetID" : "e9d3d0b276666bbedda3fb37d49a60a218ad5191"
    },
    "addedDate" : 1694062382690,
    "metadata" : [ ]
  }, {
    "asset" : {
      "assetID" : "ed5567d72b350e1a781ad063bcca4a6028bfd33e"
    },
    "addedDate" : 1694062382563,
    "metadata" : [ ]
  }, {
    "asset" : {
      "assetID" : "e118dd6c3b497b71caef3c91dff147de3df63cf0"
    },
    "addedDate" : 1694062382760,
    "metadata" : [ ]
  }, {
    "asset" : {
      "assetID" : "f78096cd95538375655473c6e094404b8bcff305"
    },
    "addedDate" : 1694062382730,
    "metadata" : [ ]
  }, {
    "asset" : {
      "assetID" : "f310189a94f7dec95957232d658ecef6db06e718"
    },
    "addedDate" : 1694062382710,
    "metadata" : [ ]
  }, {
    "asset" : {
      "assetID" : "f1e1c8380539aaad2697bdb81e88d90885e8ae6a"
    },
    "addedDate" : 1694062382670,
    "metadata" : [ ]
  }, {
    "asset" : {
      "assetID" : "f035fea39b071357008f2f0a20facd27938918eb"
    },
    "addedDate" : 1694062382686,
    "metadata" : [ ]
  }, {
    "asset" : {
      "assetID" : "e4e1cca979475a5c4ff513540e9e1581298d34a0"
    },
    "addedDate" : 1694062382700,
    "metadata" : [ ]
  }, {
    "asset" : {
      "assetID" : "2a3ff913f075a0a07260b87c605f738db159c9c0"
    },
    "addedDate" : 1694062382756,
    "metadata" : [ ]
  } ],
  "fileName" : "c85f108dc1404e9e9d6831cc50155885.json",
  "name" : "1 Nephi 1-2",
  "publicTitle" : "니파이전서 1~2장"
}