{
  "parentCollectionID" : "0043bd922ba74a349e6a68c7399911072ad86005",
  "parentCollectionPath" : "Mobile Media Library/Tongan - Video/Scriptural Reenactments and Teachings/Book of Mormon/Book of Mormon Videos",
  "collectionType" : "collections",
  "path" : "Mobile Media Library/Tongan - Video/Scriptural Reenactments and Teachings/Book of Mormon/Book of Mormon Videos/2 Nephi 5",
  "collectionID" : "c8fcfb59b9ab42009ad2726e3d413c162917a64e",
  "language" : "ton",
  "type" : "DEFAULT",
  "lastUpdatedDate" : "2022-10-28T15:59:32.753-06:00",
  "links" : [ {
    "rel" : "details",
    "href" : "https://titanapi.churchofjesuschrist.org/assetsearch/api/v2/collection/details/collectionID/c8fcfb59b9ab42009ad2726e3d413c162917a64e"
  } ],
  "coverImages" : [ {
    "asset" : {
      "assetID" : "52b384465950730a4ee60b05a34b3e1b2aaf9e37"
    }
  } ],
  "related" : [ ],
  "metadata" : [ {
    "key" : "orderIndex",
    "value" : "10"
  }, {
    "key" : "collectionUri",
    "value" : "2-nephi-5",
    "language" : "ton"
  }, {
    "key" : "publicTitle",
    "value" : "2 Nifai 5",
    "language" : "ton"
  } ],
  "children" : [ ],
  "assets" : [ ],
  "fileName" : "c8fcfb59b9ab42009ad2726e3d413c162917a64e.json",
  "name" : "2 Nephi 5",
  "publicTitle" : "2 Nifai 5"
}