{
  "parentCollectionID" : "7701af5042a84dcd88a87cd5a0e4d9d3f76ffd12",
  "parentCollectionPath" : "Mobile Media Library/Thai - Video/Broadcasts",
  "collectionType" : "collections",
  "path" : "Mobile Media Library/Thai - Video/Broadcasts/Love, Share, Invite",
  "collectionID" : "c9858e3f0be641fe9a4d58dfc46cb5f9c3f4ca89",
  "language" : "tha",
  "type" : "DEFAULT",
  "lastUpdatedDate" : "2022-04-18T00:50:08.796-06:00",
  "links" : [ {
    "rel" : "details",
    "href" : "https://titanapi.churchofjesuschrist.org/assetsearch/api/v2/collection/details/collectionID/c9858e3f0be641fe9a4d58dfc46cb5f9c3f4ca89"
  } ],
  "coverImages" : [ {
    "asset" : {
      "assetID" : "66b672b834b599f3facf9ab3b8c00e94ef1b5439"
    }
  } ],
  "related" : [ ],
  "metadata" : [ {
    "key" : "collectionUri",
    "value" : "love-share-invite",
    "language" : "tha"
  }, {
    "key" : "orderIndex",
    "value" : "8"
  } ],
  "children" : [ ],
  "assets" : [ ],
  "fileName" : "c9858e3f0be641fe9a4d58dfc46cb5f9c3f4ca89.json",
  "name" : "Love, Share, Invite"
}