{
  "parentCollectionID" : "26124813cd6c482cb06aea145707fc03",
  "parentCollectionPath" : "Mobile Media Library/Spanish - Images/Everyday People/Portraits of Faith",
  "collectionType" : "assets",
  "path" : "Mobile Media Library/Spanish - Images/Everyday People/Portraits of Faith/Feinga Fanguna",
  "collectionID" : "c9e32cd56bfb45c2b4027f34eb8068cf",
  "language" : "spa",
  "type" : "DEFAULT",
  "lastUpdatedDate" : "2023-09-04T15:37:20.231-06:00",
  "links" : [ {
    "rel" : "details",
    "href" : "https://titanapi.churchofjesuschrist.org/assetsearch/api/v2/collection/details/collectionID/c9e32cd56bfb45c2b4027f34eb8068cf"
  } ],
  "coverImages" : [ {
    "asset" : {
      "assetID" : "39c47fa5a522154034ce410f29be396bd19d9d24"
    }
  } ],
  "related" : [ ],
  "metadata" : [ {
    "key" : "collectionUri",
    "value" : "feinga-fanguna-images",
    "language" : "spa"
  }, {
    "key" : "publicTitle",
    "value" : "Feinga Fanguna",
    "language" : "spa"
  }, {
    "key" : "orderIndex",
    "value" : "10"
  } ],
  "children" : [ ],
  "assets" : [ {
    "asset" : {
      "assetID" : "bb040c4f651ffcbad15089fb4fce61b0873bbb22"
    },
    "addedDate" : 1693887789446,
    "metadata" : [ ]
  }, {
    "asset" : {
      "assetID" : "a4cbf8855ce2320895e596d6acd9b5e9f7b8289b"
    },
    "addedDate" : 1693887789453,
    "metadata" : [ ]
  }, {
    "asset" : {
      "assetID" : "9bb5fe7be0dc8870c81e9f613fe6a9ed1c69dfc9"
    },
    "addedDate" : 1693887789453,
    "metadata" : [ ]
  }, {
    "asset" : {
      "assetID" : "cfaa065f88dddddc1be2a6b24e3e039f3994f343"
    },
    "addedDate" : 1693887789456,
    "metadata" : [ ]
  }, {
    "asset" : {
      "assetID" : "e409e59e7efe7cffe780ce0404cc0435a84db48d"
    },
    "addedDate" : 1693887789463,
    "metadata" : [ ]
  }, {
    "asset" : {
      "assetID" : "a0971f429b9a34075e677cdbc75ed945bbf4c523"
    },
    "addedDate" : 1693887789443,
    "metadata" : [ ]
  }, {
    "asset" : {
      "assetID" : "4ed8a632904de363ced448e58ccb7f61b2108d36"
    },
    "addedDate" : 1693887789450,
    "metadata" : [ ]
  }, {
    "asset" : {
      "assetID" : "4c3346b8f462e7e9ed9c1e17dae4375a6775a428"
    },
    "addedDate" : 1693887789450,
    "metadata" : [ ]
  }, {
    "asset" : {
      "assetID" : "39c47fa5a522154034ce410f29be396bd19d9d24"
    },
    "addedDate" : 1693887789456,
    "metadata" : [ ]
  }, {
    "asset" : {
      "assetID" : "7ef4140fb7c5e39a7948dee5535ff33acb41bf61"
    },
    "addedDate" : 1693887789460,
    "metadata" : [ ]
  }, {
    "asset" : {
      "assetID" : "760ec0881473c8a75d1f7e5957c0e66fc92ed301"
    },
    "addedDate" : 1693887789460,
    "metadata" : [ ]
  }, {
    "asset" : {
      "assetID" : "51ae2972862e1ac433c6fbba214afc8f01ac3e09"
    },
    "addedDate" : 1693887789460,
    "metadata" : [ ]
  }, {
    "asset" : {
      "assetID" : "f0f59d74360c4b89bc67f3e439cc3e8c89757119"
    },
    "addedDate" : 1693887789463,
    "metadata" : [ ]
  } ],
  "fileName" : "c9e32cd56bfb45c2b4027f34eb8068cf.json",
  "name" : "Feinga Fanguna",
  "publicTitle" : "Feinga Fanguna"
}