{
  "parentCollectionID" : "e553d1f0d3cb45d6b9a2449a91d77e7f",
  "parentCollectionPath" : "Mobile Media Library/Portuguese - Video/Topics",
  "collectionType" : "collections",
  "path" : "Mobile Media Library/Portuguese - Video/Topics/Music and Dancing",
  "collectionID" : "caa7771b09514292abd2891c84c7190a",
  "language" : "por",
  "type" : "DEFAULT",
  "lastUpdatedDate" : "2023-06-08T19:58:07.930-06:00",
  "links" : [ {
    "rel" : "details",
    "href" : "https://titanapi.churchofjesuschrist.org/assetsearch/api/v2/collection/details/collectionID/caa7771b09514292abd2891c84c7190a"
  } ],
  "coverImages" : [ {
    "asset" : {
      "assetID" : "9eb9ca3cd2b616eb7edc72e0b29d1653cbeb9f21"
    }
  } ],
  "related" : [ ],
  "metadata" : [ {
    "key" : "collectionUri",
    "value" : "music-and-dancing-topic",
    "language" : "por"
  }, {
    "key" : "publicTitle",
    "value" : "Música e dança",
    "language" : "por"
  } ],
  "children" : [ ],
  "assets" : [ ],
  "fileName" : "caa7771b09514292abd2891c84c7190a.json",
  "name" : "Music and Dancing",
  "publicTitle" : "Música e dança"
}