{
  "parentCollectionID" : "1a0103f22eab426fb410d353e1fd180c",
  "parentCollectionPath" : "Mobile Media Library/Portuguese - Video/Scriptural Reenactments and Teachings/Book of Mormon Videos",
  "collectionType" : "assets",
  "path" : "Mobile Media Library/Portuguese - Video/Scriptural Reenactments and Teachings/Book of Mormon Videos/2 Nephi 1-4",
  "collectionID" : "ccf6501afd7b407c877d026732b52cff",
  "language" : "por",
  "type" : "DEFAULT",
  "lastUpdatedDate" : "2022-09-20T07:54:59.864-06:00",
  "links" : [ {
    "rel" : "details",
    "href" : "https://titanapi.churchofjesuschrist.org/assetsearch/api/v2/collection/details/collectionID/ccf6501afd7b407c877d026732b52cff"
  } ],
  "coverImages" : [ {
    "asset" : {
      "assetID" : "4541c597da342fe32dd2e147388316ff2fc553f8"
    }
  } ],
  "related" : [ ],
  "metadata" : [ {
    "key" : "orderIndex",
    "value" : "9"
  }, {
    "key" : "channel",
    "value" : "mobile",
    "language" : "por"
  }, {
    "key" : "collectionUri",
    "value" : "2-nephi-1-4",
    "language" : "por"
  }, {
    "key" : "publicTitle",
    "value" : "2 Néfi 1–4",
    "language" : "por"
  } ],
  "children" : [ ],
  "assets" : [ {
    "asset" : {
      "assetID" : "685D7089A11471C949CEFABFA946F838A20E0C11"
    },
    "addedDate" : 1663618274523,
    "metadata" : [ ]
  }, {
    "asset" : {
      "assetID" : "DC379B61E7467FE39D082F1E34761766CB4EFA5B"
    },
    "addedDate" : 1663618274480,
    "metadata" : [ ]
  }, {
    "asset" : {
      "assetID" : "B4CCE80EEEBB7E0B2AF15AC72FE4E5E3AF3256FA"
    },
    "addedDate" : 1663618274506,
    "metadata" : [ ]
  }, {
    "asset" : {
      "assetID" : "5EE33251688CE14561768CE190D36E58ADAD4ABE"
    },
    "addedDate" : 1663618274520,
    "metadata" : [ ]
  }, {
    "asset" : {
      "assetID" : "6B6C7E7B781892428C67206EB501FF8EFA33F258"
    },
    "addedDate" : 1663618274536,
    "metadata" : [ ]
  }, {
    "asset" : {
      "assetID" : "83AD3827226CCDCA596968067E4353FB5019BFAB"
    },
    "addedDate" : 1663618274466,
    "metadata" : [ ]
  } ],
  "fileName" : "ccf6501afd7b407c877d026732b52cff.json",
  "name" : "2 Nephi 1-4",
  "publicTitle" : "2 Néfi 1–4"
}