{
  "parentCollectionID" : "c8d6991f76fd4bf8b50fafb1e6f4381c353b67ab",
  "parentCollectionPath" : "Mobile Media Library/Thai - Video/Life Help/Self-Reliance Services and PEF/Self-Reliance: My Foundation",
  "collectionType" : "collections",
  "path" : "Mobile Media Library/Thai - Video/Life Help/Self-Reliance Services and PEF/Self-Reliance: My Foundation/Principle 09: Persevere",
  "collectionID" : "cd47e6cad6324f99af9f4a6da0997dccad6970f7",
  "language" : "tha",
  "type" : "DEFAULT",
  "lastUpdatedDate" : "2022-10-31T09:03:10.155-06:00",
  "links" : [ {
    "rel" : "details",
    "href" : "https://titanapi.churchofjesuschrist.org/assetsearch/api/v2/collection/details/collectionID/cd47e6cad6324f99af9f4a6da0997dccad6970f7"
  } ],
  "coverImages" : [ {
    "asset" : {
      "assetID" : "0ed3418b0231c3bbc5723500d8bbf179c81fb14c"
    }
  } ],
  "related" : [ ],
  "metadata" : [ {
    "key" : "collectionUri",
    "value" : "principle-9-persevere",
    "language" : "tha"
  }, {
    "key" : "publicTitle",
    "value" : "หลักธรรมที่ 9: มานะบากบั่น",
    "language" : "tha"
  } ],
  "children" : [ ],
  "assets" : [ ],
  "fileName" : "cd47e6cad6324f99af9f4a6da0997dccad6970f7.json",
  "name" : "Principle 09: Persevere",
  "publicTitle" : "หลักธรรมที่ 9: มานะบากบั่น"
}