{
  "parentCollectionID" : "1c804235c096430992b0b39d7aeb715a",
  "parentCollectionPath" : "Mobile Media Library/Cebuano - Video/Sharing the Gospel",
  "collectionType" : "collections",
  "path" : "Mobile Media Library/Cebuano - Video/Sharing the Gospel/Come Unto Christ",
  "collectionID" : "cd4c8640f1084c14bc82da044a74b3ac",
  "language" : "ceb",
  "type" : "DEFAULT",
  "lastUpdatedDate" : "2024-09-27T11:53:02.854-06:00",
  "links" : [ {
    "rel" : "details",
    "href" : "https://titanapi.churchofjesuschrist.org/assetsearch/api/v2/collection/details/collectionID/cd4c8640f1084c14bc82da044a74b3ac"
  } ],
  "coverImages" : [ {
    "asset" : {
      "assetID" : "5aa1e517f72611ecb63aeeeeac1e92a16528de9c"
    }
  } ],
  "related" : [ ],
  "metadata" : [ {
    "key" : "channel",
    "value" : "mobile",
    "language" : "ceb"
  }, {
    "key" : "orderIndex",
    "value" : "4"
  }, {
    "key" : "collectionUri",
    "value" : "come-unto-christ",
    "language" : "ceb"
  } ],
  "children" : [ ],
  "assets" : [ ],
  "fileName" : "cd4c8640f1084c14bc82da044a74b3ac.json",
  "name" : "Come Unto Christ"
}