{
  "parentCollectionID" : "826ea8cccc624142bbf291492d78f1f0",
  "parentCollectionPath" : "Mobile Media Library/Korean - Images/Everyday People/Portraits of Faith",
  "collectionType" : "assets",
  "path" : "Mobile Media Library/Korean - Images/Everyday People/Portraits of Faith/Iona Wikaira",
  "collectionID" : "cd608d1554e143b1bad008039654938f",
  "language" : "kor",
  "type" : "DEFAULT",
  "lastUpdatedDate" : "2023-09-07T19:47:08.087-06:00",
  "links" : [ {
    "rel" : "details",
    "href" : "https://titanapi.churchofjesuschrist.org/assetsearch/api/v2/collection/details/collectionID/cd608d1554e143b1bad008039654938f"
  } ],
  "coverImages" : [ {
    "asset" : {
      "assetID" : "791797cf7f559806acb75ec09f3e18254f036f6d"
    }
  } ],
  "related" : [ ],
  "metadata" : [ {
    "key" : "collectionUri",
    "value" : "iona-wikaira-images",
    "language" : "kor"
  }, {
    "key" : "publicTitle",
    "value" : "이오나 위카이라",
    "language" : "kor"
  }, {
    "key" : "orderIndex",
    "value" : "12"
  } ],
  "children" : [ ],
  "assets" : [ {
    "asset" : {
      "assetID" : "791797cf7f559806acb75ec09f3e18254f036f6d"
    },
    "addedDate" : 1694138540333,
    "metadata" : [ ]
  }, {
    "asset" : {
      "assetID" : "0a90417caff2f4879d1ffbbb6b5e511acfaf8fab"
    },
    "addedDate" : 1694138540323,
    "metadata" : [ ]
  } ],
  "fileName" : "cd608d1554e143b1bad008039654938f.json",
  "name" : "Iona Wikaira",
  "publicTitle" : "이오나 위카이라"
}