{
  "parentCollectionID" : "deb6514b69e14d4c94bf55ffe8dc173b2a81548c",
  "parentCollectionPath" : "Mobile Media Library/Norwegian - Video/Teaching and Lessons/Seminary and Institute/Teacher Training - Gospel Teaching and Learning Handbook Video Resources",
  "collectionType" : "collections",
  "path" : "Mobile Media Library/Norwegian - Video/Teaching and Lessons/Seminary and Institute/Teacher Training - Gospel Teaching and Learning Handbook Video Resources/1-The Objective",
  "collectionID" : "cdf73715546548e8ba9c5864fa833c5d87b04753",
  "language" : "nor",
  "type" : "DEFAULT",
  "lastUpdatedDate" : "2022-04-18T00:06:14.260-06:00",
  "links" : [ {
    "rel" : "details",
    "href" : "https://titanapi.churchofjesuschrist.org/assetsearch/api/v2/collection/details/collectionID/cdf73715546548e8ba9c5864fa833c5d87b04753"
  } ],
  "coverImages" : [ {
    "asset" : {
      "assetID" : "22ffb68011a901258ed13c1577fd2b076482a662"
    }
  } ],
  "related" : [ ],
  "metadata" : [ {
    "key" : "collectionUri",
    "value" : "1-the-objective-teacher-training",
    "language" : "nor"
  }, {
    "key" : "orderIndex",
    "value" : "1"
  } ],
  "children" : [ ],
  "assets" : [ ],
  "fileName" : "cdf73715546548e8ba9c5864fa833c5d87b04753.json",
  "name" : "1-The Objective"
}