{
  "parentCollectionID" : "9cc27aac31b240498ec34f939960a9023d4f8a74",
  "parentCollectionPath" : "Mobile Media Library/Dutch - Video/Life Help/Self-Reliance Services and PEF",
  "collectionType" : "collections",
  "path" : "Mobile Media Library/Dutch - Video/Life Help/Self-Reliance Services and PEF/My Job Search",
  "collectionID" : "ce02fcc7e2364d748cf5f6b8d1651461c20e46c5",
  "language" : "nld",
  "type" : "DEFAULT",
  "lastUpdatedDate" : "2022-04-17T21:40:22.596-06:00",
  "links" : [ {
    "rel" : "details",
    "href" : "https://titanapi.churchofjesuschrist.org/assetsearch/api/v2/collection/details/collectionID/ce02fcc7e2364d748cf5f6b8d1651461c20e46c5"
  } ],
  "coverImages" : [ {
    "asset" : {
      "assetID" : "955711032c3868ececbc8c80d3353b955d53ff43"
    }
  } ],
  "related" : [ ],
  "metadata" : [ ],
  "children" : [ {
    "path" : "Mobile Media Library/Dutch - Video/Life Help/Self-Reliance Services and PEF/My Job Search/Chapter 1: How do I find the right job opportunities?",
    "collectionID" : "b246777839824932a767b1e04eeaea83024f667b",
    "type" : "DEFAULT",
    "lastUpdatedDate" : "2022-04-17T21:40:22.596-06:00",
    "links" : [ {
      "rel" : "details",
      "href" : "https://titanapi.churchofjesuschrist.org/assetsearch/api/v2/collection/details/collectionID/b246777839824932a767b1e04eeaea83024f667b"
    } ],
    "fileName" : "b246777839824932a767b1e04eeaea83024f667b.json"
  }, {
    "path" : "Mobile Media Library/Dutch - Video/Life Help/Self-Reliance Services and PEF/My Job Search/Chapter 2: How do I present myself with convincing power?",
    "collectionID" : "28b0028c06484190beb5d332d63e6e201283c4da",
    "type" : "DEFAULT",
    "lastUpdatedDate" : "2022-04-17T21:40:22.596-06:00",
    "links" : [ {
      "rel" : "details",
      "href" : "https://titanapi.churchofjesuschrist.org/assetsearch/api/v2/collection/details/collectionID/28b0028c06484190beb5d332d63e6e201283c4da"
    } ],
    "fileName" : "28b0028c06484190beb5d332d63e6e201283c4da.json"
  }, {
    "path" : "Mobile Media Library/Dutch - Video/Life Help/Self-Reliance Services and PEF/My Job Search/Chapter 3: How do I access the \"hidden\" job market?",
    "collectionID" : "23d39eb5b7314b7484ede281b02247e7f505860a",
    "type" : "DEFAULT",
    "lastUpdatedDate" : "2022-04-17T21:40:22.596-06:00",
    "links" : [ {
      "rel" : "details",
      "href" : "https://titanapi.churchofjesuschrist.org/assetsearch/api/v2/collection/details/collectionID/23d39eb5b7314b7484ede281b02247e7f505860a"
    } ],
    "fileName" : "23d39eb5b7314b7484ede281b02247e7f505860a.json"
  }, {
    "path" : "Mobile Media Library/Dutch - Video/Life Help/Self-Reliance Services and PEF/My Job Search/Chapter 4: How do I stand out as the clear choice?",
    "collectionID" : "a67d45d9738f4308ac9f893d3c59417330d57433",
    "type" : "DEFAULT",
    "lastUpdatedDate" : "2022-04-17T21:40:22.596-06:00",
    "links" : [ {
      "rel" : "details",
      "href" : "https://titanapi.churchofjesuschrist.org/assetsearch/api/v2/collection/details/collectionID/a67d45d9738f4308ac9f893d3c59417330d57433"
    } ],
    "fileName" : "a67d45d9738f4308ac9f893d3c59417330d57433.json"
  }, {
    "path" : "Mobile Media Library/Dutch - Video/Life Help/Self-Reliance Services and PEF/My Job Search/Chapter 5: How do I accelerate my job search?",
    "collectionID" : "484fc1b057a64bddafa290fb84a0b856c16fc5fc",
    "type" : "DEFAULT",
    "lastUpdatedDate" : "2022-04-17T21:40:22.596-06:00",
    "links" : [ {
      "rel" : "details",
      "href" : "https://titanapi.churchofjesuschrist.org/assetsearch/api/v2/collection/details/collectionID/484fc1b057a64bddafa290fb84a0b856c16fc5fc"
    } ],
    "fileName" : "484fc1b057a64bddafa290fb84a0b856c16fc5fc.json"
  }, {
    "path" : "Mobile Media Library/Dutch - Video/Life Help/Self-Reliance Services and PEF/My Job Search/Chapter 6: How do I excel on the job and continue to succeed?",
    "collectionID" : "9db97923ce6b447bab7ca860828d2cdbf311e06d",
    "type" : "DEFAULT",
    "lastUpdatedDate" : "2022-04-17T21:40:22.596-06:00",
    "links" : [ {
      "rel" : "details",
      "href" : "https://titanapi.churchofjesuschrist.org/assetsearch/api/v2/collection/details/collectionID/9db97923ce6b447bab7ca860828d2cdbf311e06d"
    } ],
    "fileName" : "9db97923ce6b447bab7ca860828d2cdbf311e06d.json"
  } ],
  "assets" : [ ],
  "fileName" : "ce02fcc7e2364d748cf5f6b8d1651461c20e46c5.json",
  "name" : "My Job Search"
}