{
  "parentCollectionID" : "5f76037134834414a707b3599a737053f149caee",
  "parentCollectionPath" : "Mobile Media Library/Dutch - Video/Life Help/Self-Reliance Services and PEF/Starting and Growing My Business",
  "collectionType" : "collections",
  "path" : "Mobile Media Library/Dutch - Video/Life Help/Self-Reliance Services and PEF/Starting and Growing My Business/Chapter 10: How will I attract more customers and close sales?",
  "collectionID" : "cf8843912d614853b279a6f0f4756923dc98c1f3",
  "language" : "nld",
  "type" : "DEFAULT",
  "lastUpdatedDate" : "2022-04-17T21:40:22.596-06:00",
  "links" : [ {
    "rel" : "details",
    "href" : "https://titanapi.churchofjesuschrist.org/assetsearch/api/v2/collection/details/collectionID/cf8843912d614853b279a6f0f4756923dc98c1f3"
  } ],
  "coverImages" : [ {
    "asset" : {
      "assetID" : "aa310655afa822edf39663c315c527eb107c9ed1"
    }
  } ],
  "related" : [ ],
  "metadata" : [ ],
  "children" : [ ],
  "assets" : [ ],
  "fileName" : "cf8843912d614853b279a6f0f4756923dc98c1f3.json",
  "name" : "Chapter 10: How will I attract more customers and close sales?"
}