{
  "parentCollectionID" : "facc2c5b69c2b1b0729d6bd7195b942b58efa737",
  "parentCollectionPath" : "Mobile Media Library/Spanish - Video/Teaching and Lessons/Come, Follow Me/Come, Follow Me: New Testament Learning and Teaching Resources",
  "collectionType" : "assets",
  "path" : "Mobile Media Library/Spanish - Video/Teaching and Lessons/Come, Follow Me/Come, Follow Me: New Testament Learning and Teaching Resources/36 Sep. 9-15: 2 Corinthians 1-7",
  "collectionID" : "cf9314a7733572e2a5e13bb91b19a9b3311ce13e",
  "language" : "spa",
  "type" : "DEFAULT",
  "lastUpdatedDate" : "2021-04-05T16:18:59.600-06:00",
  "links" : [ {
    "rel" : "details",
    "href" : "https://titanapi.churchofjesuschrist.org/assetsearch/api/v2/collection/details/collectionID/cf9314a7733572e2a5e13bb91b19a9b3311ce13e"
  } ],
  "coverImages" : [ {
    "asset" : {
      "assetID" : "71dc9cda96220f2b4acd0fd6a37d6a18f9f180aa"
    }
  } ],
  "related" : [ ],
  "metadata" : [ {
    "key" : "collectionUri",
    "value" : "sep-9-15-2-corinthians-1-7",
    "language" : "spa"
  }, {
    "key" : "publicTitle",
    "value" : "9–15 septiembre: 2 Corintios 1–7",
    "language" : "spa"
  } ],
  "children" : [ ],
  "assets" : [ {
    "asset" : {
      "assetID" : "f9b76f8cc391b3b79ef1a2b7e6323fac290f4076"
    },
    "addedDate" : 1546461505550,
    "metadata" : [ ]
  } ],
  "fileName" : "cf9314a7733572e2a5e13bb91b19a9b3311ce13e.json",
  "name" : "36 Sep. 9-15: 2 Corinthians 1-7",
  "publicTitle" : "9–15 septiembre: 2 Corintios 1–7"
}