{
  "parentCollectionID" : "b43d757eb019f6607ea99cf31d4f98fd0466720b",
  "parentCollectionPath" : "Mobile Media Library/English - Video/Videos for Children",
  "collectionType" : "assets",
  "path" : "Mobile Media Library/English - Video/Videos for Children/Book of Mormon Stories for Young Readers",
  "collectionID" : "cf97a947e6e84919ad9d6c7242e87d5c",
  "language" : "eng",
  "type" : "DEFAULT",
  "lastUpdatedDate" : "2022-10-13T08:52:51.844-06:00",
  "links" : [ {
    "rel" : "details",
    "href" : "https://titanapi.churchofjesuschrist.org/assetsearch/api/v2/collection/details/collectionID/cf97a947e6e84919ad9d6c7242e87d5c"
  } ],
  "coverImages" : [ {
    "asset" : {
      "assetID" : "f750498004de76e81794fdbb6eb4235a6495dd70"
    }
  } ],
  "related" : [ ],
  "metadata" : [ {
    "key" : "orderIndex",
    "value" : "4"
  }, {
    "key" : "channel",
    "value" : "mobile",
    "language" : "eng"
  }, {
    "key" : "collectionUri",
    "value" : "book-of-mormon-stories-for-young-readers-children",
    "language" : "eng"
  }, {
    "key" : "publicTitle",
    "value" : "Book of Mormon Stories for Young Readers",
    "language" : "eng"
  } ],
  "children" : [ ],
  "assets" : [ {
    "asset" : {
      "assetID" : "EE6E23B891555472DC7DA687680F048D17DD885B"
    },
    "index" : 2,
    "addedDate" : 1662488714923,
    "metadata" : [ ]
  }, {
    "asset" : {
      "assetID" : "BD990CBFE22095A5F725BD8C1B2317F32C78049C"
    },
    "index" : 4,
    "addedDate" : 1662488714940,
    "metadata" : [ ]
  }, {
    "asset" : {
      "assetID" : "BD35962BA84EAF60450032176415DF50626805BF"
    },
    "index" : 10,
    "addedDate" : 1662488714910,
    "metadata" : [ ]
  }, {
    "asset" : {
      "assetID" : "296AF0DA10249EA0B30E854C16EE50D70693808E"
    },
    "index" : 15,
    "addedDate" : 1662488714970,
    "metadata" : [ ]
  }, {
    "asset" : {
      "assetID" : "b11bbf7a5025b64dfd6e5c005fd3c9223256a2bc"
    },
    "index" : 12,
    "addedDate" : 1662488714973,
    "metadata" : [ ]
  }, {
    "asset" : {
      "assetID" : "6abe683b0aaecccfb49db516d4ef046bf81d217d"
    },
    "index" : 14,
    "addedDate" : 1662488714960,
    "metadata" : [ ]
  }, {
    "asset" : {
      "assetID" : "113A6F215299920C5060379151ABFE17E3ABCABC"
    },
    "index" : 20,
    "addedDate" : 1662488714920,
    "metadata" : [ ]
  }, {
    "asset" : {
      "assetID" : "7AFC3BF53ED04FDAC02C08A35A8A291D5BAC283B"
    },
    "index" : 1,
    "addedDate" : 1662488714926,
    "metadata" : [ ]
  }, {
    "asset" : {
      "assetID" : "11cbabf0422de0441777cd62521468ee5a8c47db"
    },
    "index" : 0,
    "addedDate" : 1662488714930,
    "metadata" : [ ]
  }, {
    "asset" : {
      "assetID" : "ac05c16045ddf48bab64df9395e1d036989e87f3"
    },
    "index" : 3,
    "addedDate" : 1662488714933,
    "metadata" : [ ]
  }, {
    "asset" : {
      "assetID" : "46849f219cc8f673bd90fd8e0d48f5140008ff27"
    },
    "index" : 5,
    "addedDate" : 1662488714933,
    "metadata" : [ ]
  }, {
    "asset" : {
      "assetID" : "d2c7a1016f20cc986adb879ce0e0ad58a08b6587"
    },
    "index" : 7,
    "addedDate" : 1662488714936,
    "metadata" : [ ]
  }, {
    "asset" : {
      "assetID" : "8ef0ba99b4de0e0901fc9a83cd76b10fb10197c1"
    },
    "index" : 9,
    "addedDate" : 1662488714940,
    "metadata" : [ ]
  }, {
    "asset" : {
      "assetID" : "fccbb5cba5121b6e1fd764de2f8264920b376eb2"
    },
    "index" : 11,
    "addedDate" : 1662488714943,
    "metadata" : [ ]
  }, {
    "asset" : {
      "assetID" : "0f4baaff59e1c96e697c96722bf665d03d46210f"
    },
    "index" : 16,
    "addedDate" : 1662488714943,
    "metadata" : [ ]
  }, {
    "asset" : {
      "assetID" : "eb4b3639c3e5dabd1a7bc61cba24b0981e9f73ea"
    },
    "index" : 18,
    "addedDate" : 1662488714953,
    "metadata" : [ ]
  }, {
    "asset" : {
      "assetID" : "15c616b350e5990e372cefa6257de83048a97372"
    },
    "index" : 19,
    "addedDate" : 1662488714956,
    "metadata" : [ ]
  }, {
    "asset" : {
      "assetID" : "6f9719d3a71de212d95dfceb2f6d0dac6836df99"
    },
    "index" : 21,
    "addedDate" : 1662488714966,
    "metadata" : [ ]
  }, {
    "asset" : {
      "assetID" : "4BED80EC221209C171A4F09CFDC5397FB4020546"
    },
    "index" : 22,
    "addedDate" : 1662488714963,
    "metadata" : [ ]
  }, {
    "asset" : {
      "assetID" : "34843ECF0C391C85A2BF07049E28A6BEF8D8EB44"
    },
    "index" : 6,
    "addedDate" : 1662488714946,
    "metadata" : [ ]
  }, {
    "asset" : {
      "assetID" : "B513D7C7E7397EAF6E947E381B27932E78E0D8AE"
    },
    "index" : 8,
    "addedDate" : 1662488714953,
    "metadata" : [ ]
  }, {
    "asset" : {
      "assetID" : "ADA38D3C0575CA81F7D903C2F37FD4695D83E881"
    },
    "index" : 13,
    "addedDate" : 1662488714970,
    "metadata" : [ ]
  }, {
    "asset" : {
      "assetID" : "beb46349375a11ec91c8eeeeac1e74a3aa192969"
    },
    "index" : 17,
    "addedDate" : 1662488714943,
    "metadata" : [ ]
  }, {
    "asset" : {
      "assetID" : "3f0b712f76b411efac6e0286e0573c638d5dd5c0"
    },
    "index" : 23,
    "addedDate" : 1735934375312,
    "metadata" : [ ]
  } ],
  "fileName" : "cf97a947e6e84919ad9d6c7242e87d5c.json",
  "name" : "Book of Mormon Stories for Young Readers",
  "publicTitle" : "Book of Mormon Stories for Young Readers"
}