{
  "parentCollectionID" : "14a94517d5c648469701b52ce71d8d08d6913ca6",
  "parentCollectionPath" : "Mobile Media Library/Japanese - Video/Callings and Trainings",
  "collectionType" : "assets",
  "path" : "Mobile Media Library/Japanese - Video/Callings and Trainings/Relief Society",
  "collectionID" : "cff5f52a16554302a69469425f64691a738f97a6",
  "language" : "jpn",
  "type" : "DEFAULT",
  "lastUpdatedDate" : "2022-10-25T12:30:30.434-06:00",
  "links" : [ {
    "rel" : "details",
    "href" : "https://titanapi.churchofjesuschrist.org/assetsearch/api/v2/collection/details/collectionID/cff5f52a16554302a69469425f64691a738f97a6"
  } ],
  "coverImages" : [ {
    "asset" : {
      "assetID" : "dd5e6d137c59eb3698331ff0cdcf20f1dddea96c"
    }
  } ],
  "related" : [ ],
  "metadata" : [ {
    "key" : "orderIndex",
    "value" : "3"
  }, {
    "key" : "collectionUri",
    "value" : "relief-society-video-collection",
    "language" : "jpn"
  }, {
    "key" : "publicTitle",
    "value" : "扶助協会",
    "language" : "jpn"
  } ],
  "children" : [ ],
  "assets" : [ {
    "asset" : {
      "assetID" : "b7c624606042e4339f2959bb05896cd532a5f1fd"
    },
    "index" : 1,
    "addedDate" : 1648836848500,
    "metadata" : [ ]
  }, {
    "asset" : {
      "assetID" : "b6dff0cecf86c7668e9a407c136c81294f2bc2aa"
    },
    "index" : 0,
    "addedDate" : 1648836848500,
    "metadata" : [ ]
  } ],
  "fileName" : "cff5f52a16554302a69469425f64691a738f97a6.json",
  "name" : "Relief Society",
  "publicTitle" : "扶助協会"
}