{
  "parentCollectionID" : "46e2d3dbe63d4f05bc9679de541997ca",
  "parentCollectionPath" : "Mobile Media Library/German - Video/Teaching and Lessons/Come, Follow Me/Come, Follow Me: New Testament Learning and Teaching Resources",
  "collectionType" : "collections",
  "path" : "Mobile Media Library/German - Video/Teaching and Lessons/Come, Follow Me/Come, Follow Me: New Testament Learning and Teaching Resources/Jul. 22-28: Acts 16-21",
  "collectionID" : "d00e3577c5c3458ea1992190479e9db3",
  "language" : "deu",
  "type" : "DEFAULT",
  "lastUpdatedDate" : "2022-03-21T16:17:01.971-06:00",
  "links" : [ {
    "rel" : "details",
    "href" : "https://titanapi.churchofjesuschrist.org/assetsearch/api/v2/collection/details/collectionID/d00e3577c5c3458ea1992190479e9db3"
  } ],
  "coverImages" : [ {
    "asset" : {
      "assetID" : "398d8f699d92975ce96bdfd77dc2c74600bf43d9"
    }
  } ],
  "related" : [ ],
  "metadata" : [ {
    "key" : "collectionUri",
    "value" : "jul-22-28-Acts-16-21",
    "language" : "deu"
  }, {
    "key" : "orderIndex",
    "value" : "29"
  } ],
  "children" : [ ],
  "assets" : [ ],
  "fileName" : "d00e3577c5c3458ea1992190479e9db3.json",
  "name" : "Jul. 22-28: Acts 16-21"
}