{
  "parentCollectionID" : "33654747fafe4f7abf5e5b2ffe62a3a6ead221e8",
  "parentCollectionPath" : "Mobile Media Library/Mandarin Simplified - Video/Topics",
  "collectionType" : "collections",
  "path" : "Mobile Media Library/Mandarin Simplified - Video/Topics/Service",
  "collectionID" : "d181e44f6cda4b5990775947264218ebcac8c139",
  "type" : "DEFAULT",
  "lastUpdatedDate" : "2023-06-06T18:14:34.558-06:00",
  "links" : [ {
    "rel" : "details",
    "href" : "https://titanapi.churchofjesuschrist.org/assetsearch/api/v2/collection/details/collectionID/d181e44f6cda4b5990775947264218ebcac8c139"
  } ],
  "coverImages" : [ {
    "asset" : {
      "assetID" : "bb7b84cac7f2025c98c89eb5840e0c8cd1992c84"
    }
  } ],
  "related" : [ ],
  "metadata" : [ {
    "key" : "orderIndex",
    "value" : "29"
  }, {
    "key" : "collectionUri",
    "value" : "service-topic"
  }, {
    "key" : "publicTitle",
    "value" : "启示"
  } ],
  "children" : [ ],
  "assets" : [ ],
  "fileName" : "d181e44f6cda4b5990775947264218ebcac8c139.json",
  "name" : "Service",
  "publicTitle" : "启示"
}