{
  "parentCollectionID" : "69f10676dc304a49b3e5fd5af77ff6d0",
  "parentCollectionPath" : "Mobile Media Library/Spanish - Video/Youth/Inspirational Videos",
  "collectionType" : "assets",
  "path" : "Mobile Media Library/Spanish - Video/Youth/Inspirational Videos/Taking Charge of Technology",
  "collectionID" : "d2282408a36e4cbd92354e40d0b2d48c",
  "language" : "spa",
  "type" : "DEFAULT",
  "lastUpdatedDate" : "2024-02-13T14:23:57.457-07:00",
  "links" : [ {
    "rel" : "details",
    "href" : "https://titanapi.churchofjesuschrist.org/assetsearch/api/v2/collection/details/collectionID/d2282408a36e4cbd92354e40d0b2d48c"
  } ],
  "coverImages" : [ {
    "asset" : {
      "assetID" : "7dcea5da5c7411edb7fceeeeac1e9c2b0860c485"
    }
  } ],
  "related" : [ ],
  "metadata" : [ {
    "key" : "orderIndex",
    "value" : "1"
  }, {
    "key" : "collectionUri",
    "value" : "taking-charge-of-technology",
    "language" : "spa"
  }, {
    "key" : "publicTitle",
    "value" : "Uso responsable de la tecnología",
    "language" : "spa"
  } ],
  "children" : [ ],
  "assets" : [ {
    "asset" : {
      "assetID" : "c46c8c33b0a311ee8580eeeeac1eedb0ef0ff9a7"
    },
    "index" : 0,
    "addedDate" : 1707858205760,
    "metadata" : [ ]
  }, {
    "asset" : {
      "assetID" : "cafab593b0a311eeb3a5eeeeac1e1420e5409e62"
    },
    "index" : 1,
    "addedDate" : 1707860058919,
    "metadata" : [ ]
  } ],
  "fileName" : "d2282408a36e4cbd92354e40d0b2d48c.json",
  "name" : "Taking Charge of Technology",
  "publicTitle" : "Uso responsable de la tecnología"
}