{
  "parentCollectionID" : "8385e162f16e4c16af589b626fd48d65",
  "parentCollectionPath" : "Mobile Media Library/Portuguese - Video/Church History/Prophets of the Restoration",
  "collectionType" : "assets",
  "path" : "Mobile Media Library/Portuguese - Video/Church History/Prophets of the Restoration/David O. McKay",
  "collectionID" : "d35fd8fec7e041afb093592e44b63bc0",
  "language" : "por",
  "type" : "DEFAULT",
  "lastUpdatedDate" : "2022-06-08T13:37:28.613-06:00",
  "links" : [ {
    "rel" : "details",
    "href" : "https://titanapi.churchofjesuschrist.org/assetsearch/api/v2/collection/details/collectionID/d35fd8fec7e041afb093592e44b63bc0"
  } ],
  "coverImages" : [ {
    "asset" : {
      "assetID" : "9fa3f42e3edeab3e9d558bc3255d62b8b50ce0f8"
    }
  } ],
  "related" : [ ],
  "metadata" : [ {
    "key" : "collectionUri",
    "value" : "david-o-mckay-prophets-of-the-restoration",
    "language" : "por"
  }, {
    "key" : "publicTitle",
    "value" : "David O. McKay",
    "language" : "por"
  }, {
    "key" : "orderIndex",
    "value" : "8"
  } ],
  "children" : [ ],
  "assets" : [ {
    "asset" : {
      "assetID" : "0a210af02ddade129cef08204e5d95817600b34d"
    },
    "index" : 8,
    "addedDate" : 1654717280968,
    "metadata" : [ ]
  }, {
    "asset" : {
      "assetID" : "4232a4c7992537fe9fd72818e38f4fb2f6134ae7"
    },
    "index" : 1,
    "addedDate" : 1654717132744,
    "metadata" : [ ]
  }, {
    "asset" : {
      "assetID" : "4c0cf42277e67dc87116e2351aa29e793d45d83b"
    },
    "index" : 3,
    "addedDate" : 1654717169365,
    "metadata" : [ ]
  }, {
    "asset" : {
      "assetID" : "4b3f0e364e3cd294524f63c328b88e13722ee7ba"
    },
    "index" : 4,
    "addedDate" : 1654717188490,
    "metadata" : [ ]
  }, {
    "asset" : {
      "assetID" : "c0d6a309d5d6dd06c20de4b79bf16649ebc319c4"
    },
    "index" : 0,
    "addedDate" : 1654717113524,
    "metadata" : [ ]
  }, {
    "asset" : {
      "assetID" : "f6db844f765b8a59fd3bff1dffc1d7d651d9c2b8"
    },
    "index" : 5,
    "addedDate" : 1654717205349,
    "metadata" : [ ]
  }, {
    "asset" : {
      "assetID" : "3b051ba9000e93b2e3eec9ad2e4c7386ff3ef4c1"
    },
    "index" : 6,
    "addedDate" : 1654717243545,
    "metadata" : [ ]
  }, {
    "asset" : {
      "assetID" : "9a070426be201ff8f52d59f9537599a74739b2d2"
    },
    "index" : 7,
    "addedDate" : 1654717262811,
    "metadata" : [ ]
  }, {
    "asset" : {
      "assetID" : "41796eccc588c99336ea619656be4483d849748c"
    },
    "index" : 2,
    "addedDate" : 1654717151258,
    "metadata" : [ ]
  }, {
    "asset" : {
      "assetID" : "78229507416d30add80b8ee99ce7e9ab218dc7ac"
    },
    "index" : 9,
    "addedDate" : 1654717301031,
    "metadata" : [ ]
  } ],
  "fileName" : "d35fd8fec7e041afb093592e44b63bc0.json",
  "name" : "David O. McKay",
  "publicTitle" : "David O. McKay"
}