{
  "parentCollectionID" : "3588ba0f287c447ba959f56214cbbf1b100adc16",
  "parentCollectionPath" : "Mobile Media Library/Italian - Video/Life Help/Self-Reliance Services and PEF/Find a Better Job",
  "collectionType" : "collections",
  "path" : "Mobile Media Library/Italian - Video/Life Help/Self-Reliance Services and PEF/Find a Better Job/Chapter 01: The Fundamentals",
  "collectionID" : "d3a25025f3ea417c97ecb30bc3c123d136d04990",
  "language" : "ita",
  "type" : "DEFAULT",
  "lastUpdatedDate" : "2022-04-01T01:15:44.700-06:00",
  "links" : [ {
    "rel" : "details",
    "href" : "https://titanapi.churchofjesuschrist.org/assetsearch/api/v2/collection/details/collectionID/d3a25025f3ea417c97ecb30bc3c123d136d04990"
  } ],
  "coverImages" : [ {
    "asset" : {
      "assetID" : "92f9dc81f244a55165952653aef6e85f4b41fbaf"
    }
  } ],
  "related" : [ ],
  "metadata" : [ ],
  "children" : [ ],
  "assets" : [ ],
  "fileName" : "d3a25025f3ea417c97ecb30bc3c123d136d04990.json",
  "name" : "Chapter 01: The Fundamentals"
}