{
  "parentCollectionID" : "0cfdcb7c856d4a619ee89e6d544e460eb0b8fedd",
  "parentCollectionPath" : "Mobile Media Library/Dutch - Video/Broadcasts/General Conference",
  "collectionType" : "assets",
  "path" : "Mobile Media Library/Dutch - Video/Broadcasts/General Conference/October 2019",
  "collectionID" : "d43e450a676d4a29bcdcbf3cfc2bfe3552a0fe82",
  "language" : "nld",
  "type" : "DEFAULT",
  "lastUpdatedDate" : "2022-10-25T16:29:00.663-06:00",
  "links" : [ {
    "rel" : "details",
    "href" : "https://titanapi.churchofjesuschrist.org/assetsearch/api/v2/collection/details/collectionID/d43e450a676d4a29bcdcbf3cfc2bfe3552a0fe82"
  } ],
  "coverImages" : [ {
    "asset" : {
      "assetID" : "e31c237a2831ff0f8db4db713e9eb4a7eebe399a"
    }
  } ],
  "related" : [ ],
  "metadata" : [ {
    "key" : "orderIndex",
    "value" : "11"
  }, {
    "key" : "collectionUri",
    "value" : "october-2019-general-conference",
    "language" : "nld"
  }, {
    "key" : "publicTitle",
    "value" : "Oktober 2019",
    "language" : "nld"
  } ],
  "children" : [ ],
  "assets" : [ {
    "asset" : {
      "assetID" : "7367E79F0DFE58F440F633C03AFF287E4240F7C1"
    },
    "index" : 1,
    "addedDate" : 1650255751940,
    "metadata" : [ ]
  }, {
    "asset" : {
      "assetID" : "D04ED9D5C6EE46145D66A341F4AA366AC79BCFC7"
    },
    "index" : 2,
    "addedDate" : 1650255751940,
    "metadata" : [ ]
  }, {
    "asset" : {
      "assetID" : "6546B14F4312960FF9F01A4DAB4035595002C681"
    },
    "index" : 3,
    "addedDate" : 1650255751940,
    "metadata" : [ ]
  }, {
    "asset" : {
      "assetID" : "6442CD9D9F6F4105820C6A28D180E4D206B7DF45"
    },
    "index" : 4,
    "addedDate" : 1650255751940,
    "metadata" : [ ]
  }, {
    "asset" : {
      "assetID" : "EC583150C51821FCA7351A47BE382E651AA50F49"
    },
    "index" : 5,
    "addedDate" : 1650255751940,
    "metadata" : [ ]
  }, {
    "asset" : {
      "assetID" : "5F4829D8EA1B8E3D69641C9E0DFD7C2AA8C6E110"
    },
    "index" : 6,
    "addedDate" : 1650255751940,
    "metadata" : [ ]
  }, {
    "asset" : {
      "assetID" : "5AA76401F44914A8D676190CE07181FE42FD8DA6"
    },
    "index" : 7,
    "addedDate" : 1650255751940,
    "metadata" : [ ]
  }, {
    "asset" : {
      "assetID" : "6E99A674E93B822E8DFD599F7EB706416A15D878"
    },
    "index" : 9,
    "addedDate" : 1650255751940,
    "metadata" : [ ]
  }, {
    "asset" : {
      "assetID" : "2F6FD938378E0A6386A9AFAC8E1D53D0BF1DE2C3"
    },
    "index" : 39,
    "addedDate" : 1650255751940,
    "metadata" : [ ]
  }, {
    "asset" : {
      "assetID" : "029C7C4BDE9F6FD70A3AFDE3FB0740CE46B424A6"
    },
    "index" : 24,
    "addedDate" : 1650255751940,
    "metadata" : [ ]
  }, {
    "asset" : {
      "assetID" : "04A5C3C4DF8EAC7840DB131099E9D617442A6309"
    },
    "index" : 10,
    "addedDate" : 1650255751940,
    "metadata" : [ ]
  }, {
    "asset" : {
      "assetID" : "EF9E6E9190E4198D8A64D9F0DA8E52FD009BD54F"
    },
    "index" : 25,
    "addedDate" : 1650255751940,
    "metadata" : [ ]
  }, {
    "asset" : {
      "assetID" : "5299F140EDF4B289620D49662EF36F5A3FC77C8D"
    },
    "index" : 11,
    "addedDate" : 1650255751940,
    "metadata" : [ ]
  }, {
    "asset" : {
      "assetID" : "921A0CA7D2A5E8D391CA68C0C4CE51B730D499C3"
    },
    "index" : 26,
    "addedDate" : 1650255751940,
    "metadata" : [ ]
  }, {
    "asset" : {
      "assetID" : "C644CA8F93A8583153053EAB70C72FBA40520AC7"
    },
    "index" : 12,
    "addedDate" : 1650255751940,
    "metadata" : [ ]
  }, {
    "asset" : {
      "assetID" : "3D4A181C745D8CCAFA702F5CA2308F0EAF9CE18D"
    },
    "index" : 27,
    "addedDate" : 1650255751940,
    "metadata" : [ ]
  }, {
    "asset" : {
      "assetID" : "5CB6F6E4B330C3969F8DB8247AC92DF7D402A6B9"
    },
    "index" : 13,
    "addedDate" : 1650255751940,
    "metadata" : [ ]
  }, {
    "asset" : {
      "assetID" : "9A18E6EEB5B1F21495D6B0A85AF89E2266654D85"
    },
    "index" : 28,
    "addedDate" : 1650255751940,
    "metadata" : [ ]
  }, {
    "asset" : {
      "assetID" : "D2D8B8F3D598F997F24B3C0F3A793D97423E10FB"
    },
    "index" : 14,
    "addedDate" : 1650255751940,
    "metadata" : [ ]
  }, {
    "asset" : {
      "assetID" : "D277D4C3C49A9129EEC62D80E15F706FF4B2CC84"
    },
    "index" : 0,
    "addedDate" : 1650255751940,
    "metadata" : [ ]
  }, {
    "asset" : {
      "assetID" : "7E6F3A9C7C6600E88AFC2EB31DB9C198AFCBA799"
    },
    "index" : 29,
    "addedDate" : 1650255751940,
    "metadata" : [ ]
  }, {
    "asset" : {
      "assetID" : "03216341ECB66BD2F285A627747253F64E36188B"
    },
    "index" : 15,
    "addedDate" : 1650255751940,
    "metadata" : [ ]
  }, {
    "asset" : {
      "assetID" : "40CD3BA47DCA38E869CB7109F83DFAF7FBEEAFAF"
    },
    "index" : 30,
    "addedDate" : 1650255751940,
    "metadata" : [ ]
  }, {
    "asset" : {
      "assetID" : "4971B3816035EFFAC771CDF06E6C14C384EF78FF"
    },
    "index" : 16,
    "addedDate" : 1650255751940,
    "metadata" : [ ]
  }, {
    "asset" : {
      "assetID" : "3509E07AA7411534BEDF5783F0B90F85364DC21D"
    },
    "index" : 31,
    "addedDate" : 1650255751940,
    "metadata" : [ ]
  }, {
    "asset" : {
      "assetID" : "9B9A5F1728AFAE3633CA149FAEEA032C7994BC10"
    },
    "index" : 17,
    "addedDate" : 1650255751940,
    "metadata" : [ ]
  }, {
    "asset" : {
      "assetID" : "AA0CC2B7F4AF0785220A3FA09690B66CBC305069"
    },
    "index" : 32,
    "addedDate" : 1650255751940,
    "metadata" : [ ]
  }, {
    "asset" : {
      "assetID" : "407E1960FCC79573CB218B0A2C8D065E65EE7092"
    },
    "index" : 18,
    "addedDate" : 1650255751940,
    "metadata" : [ ]
  }, {
    "asset" : {
      "assetID" : "A3E5B210D0E0B86F305A10BD7A197101FCC227D0"
    },
    "index" : 33,
    "addedDate" : 1650255751940,
    "metadata" : [ ]
  }, {
    "asset" : {
      "assetID" : "9F94222C4F42C655DCB39E8E28248A1B2BE2952D"
    },
    "index" : 34,
    "addedDate" : 1650255751940,
    "metadata" : [ ]
  }, {
    "asset" : {
      "assetID" : "019F0CCF3768512C49954010241BF179848AA0B4"
    },
    "index" : 19,
    "addedDate" : 1650255751940,
    "metadata" : [ ]
  }, {
    "asset" : {
      "assetID" : "E88EA2BF1115A4C306F405ADD8140103F4AF2E7B"
    },
    "index" : 35,
    "addedDate" : 1650255751940,
    "metadata" : [ ]
  }, {
    "asset" : {
      "assetID" : "99DADB698F80B16D29AD19289CDE40DE7F745323"
    },
    "index" : 20,
    "addedDate" : 1650255751940,
    "metadata" : [ ]
  }, {
    "asset" : {
      "assetID" : "EF0E3C399F12B207D89D216AD1650BA9D9708194"
    },
    "index" : 36,
    "addedDate" : 1650255751940,
    "metadata" : [ ]
  }, {
    "asset" : {
      "assetID" : "7175B265854AA5076ED8A38CDE13954805681D36"
    },
    "index" : 8,
    "addedDate" : 1650255751940,
    "metadata" : [ ]
  }, {
    "asset" : {
      "assetID" : "0F2A3E3232AC5CC1552FA769AB91C279FA7A3B06"
    },
    "index" : 21,
    "addedDate" : 1650255751940,
    "metadata" : [ ]
  }, {
    "asset" : {
      "assetID" : "089F1D4A7FE412679FD5F4064413A4C40884C156"
    },
    "index" : 22,
    "addedDate" : 1650255751940,
    "metadata" : [ ]
  }, {
    "asset" : {
      "assetID" : "555BED61E846D0155ACC2223A897816E55234D84"
    },
    "index" : 23,
    "addedDate" : 1650255751940,
    "metadata" : [ ]
  }, {
    "asset" : {
      "assetID" : "995A4A08FBD459B10728D2A7FDB01F7C989D910B"
    },
    "index" : 37,
    "addedDate" : 1650255751940,
    "metadata" : [ ]
  }, {
    "asset" : {
      "assetID" : "AAE0BFDEAA53B837C0154306C1DB37A795CD4BA8"
    },
    "index" : 38,
    "addedDate" : 1650255751940,
    "metadata" : [ ]
  } ],
  "fileName" : "d43e450a676d4a29bcdcbf3cfc2bfe3552a0fe82.json",
  "name" : "October 2019",
  "publicTitle" : "Oktober 2019"
}