{
  "parentCollectionID" : "10765162a2bd4fe1bc1b304cf6496d81",
  "parentCollectionPath" : "Mobile Media Library/Japanese - Images/Everyday People/Portraits of Faith",
  "collectionType" : "assets",
  "path" : "Mobile Media Library/Japanese - Images/Everyday People/Portraits of Faith/Michael Issac",
  "collectionID" : "d44bc5686d504e88b60f12e93b5aa4b4",
  "language" : "jpn",
  "type" : "DEFAULT",
  "lastUpdatedDate" : "2023-09-12T14:44:30.680-06:00",
  "links" : [ {
    "rel" : "details",
    "href" : "https://titanapi.churchofjesuschrist.org/assetsearch/api/v2/collection/details/collectionID/d44bc5686d504e88b60f12e93b5aa4b4"
  } ],
  "coverImages" : [ {
    "asset" : {
      "assetID" : "527379770fa0ee6028fed46e95ff264b11134a13"
    }
  } ],
  "related" : [ ],
  "metadata" : [ {
    "key" : "collectionUri",
    "value" : "michael-issac-images",
    "language" : "jpn"
  }, {
    "key" : "publicTitle",
    "value" : "マイケル・アイザック",
    "language" : "jpn"
  }, {
    "key" : "orderIndex",
    "value" : "17"
  } ],
  "children" : [ ],
  "assets" : [ {
    "asset" : {
      "assetID" : "7077a955f0cf7de4bd84d4afb22a2a068ecbc4f3"
    },
    "addedDate" : 1694552196533,
    "metadata" : [ ]
  }, {
    "asset" : {
      "assetID" : "527379770fa0ee6028fed46e95ff264b11134a13"
    },
    "addedDate" : 1694552196536,
    "metadata" : [ ]
  }, {
    "asset" : {
      "assetID" : "242f3368b3ca38706f6f39a9be9e2c8712947d9e"
    },
    "addedDate" : 1694552196540,
    "metadata" : [ ]
  }, {
    "asset" : {
      "assetID" : "b1a54da1bcc6f1cc6406b094d261a61aceb22ed5"
    },
    "addedDate" : 1694552196526,
    "metadata" : [ ]
  } ],
  "fileName" : "d44bc5686d504e88b60f12e93b5aa4b4.json",
  "name" : "Michael Issac",
  "publicTitle" : "マイケル・アイザック"
}