{
  "parentCollectionID" : "50537c5f79174fd7b5f278befc6ed2410ee7aacd",
  "parentCollectionPath" : "Mobile Media Library/Ukrainian - Video/Broadcasts",
  "collectionType" : "collections",
  "path" : "Mobile Media Library/Ukrainian - Video/Broadcasts/Christmas Devotionals",
  "collectionID" : "d4ce69e79ec54d60bb51b329246282a7d4d70338",
  "language" : "ukr",
  "type" : "DEFAULT",
  "lastUpdatedDate" : "2022-10-31T07:16:59.266-06:00",
  "links" : [ {
    "rel" : "details",
    "href" : "https://titanapi.churchofjesuschrist.org/assetsearch/api/v2/collection/details/collectionID/d4ce69e79ec54d60bb51b329246282a7d4d70338"
  } ],
  "coverImages" : [ {
    "asset" : {
      "assetID" : "bb51e395c029f1b1800017cc50209e3eed96cb0f"
    }
  } ],
  "related" : [ ],
  "metadata" : [ {
    "key" : "orderIndex",
    "value" : "3"
  }, {
    "key" : "collectionUri",
    "value" : "christmas-devotionals",
    "language" : "ukr"
  }, {
    "key" : "publicTitle",
    "value" : "Різдвяні духовні вечори",
    "language" : "ukr"
  } ],
  "children" : [ {
    "path" : "Mobile Media Library/Ukrainian - Video/Broadcasts/Christmas Devotionals/2022 First Presidency's Christmas Devotional",
    "collectionID" : "88b6d09e111941689ba66995a9760f65",
    "type" : "DEFAULT",
    "lastUpdatedDate" : "2023-01-19T19:54:59.452-07:00",
    "links" : [ {
      "rel" : "details",
      "href" : "https://titanapi.churchofjesuschrist.org/assetsearch/api/v2/collection/details/collectionID/88b6d09e111941689ba66995a9760f65"
    } ],
    "fileName" : "88b6d09e111941689ba66995a9760f65.json"
  }, {
    "path" : "Mobile Media Library/Ukrainian - Video/Broadcasts/Christmas Devotionals/2023 First Presidency's Christmas Devotional",
    "collectionID" : "11458d7d00e64c04ad199b1744e81cf0",
    "type" : "DEFAULT",
    "lastUpdatedDate" : "2023-12-07T11:25:59.548-07:00",
    "links" : [ {
      "rel" : "details",
      "href" : "https://titanapi.churchofjesuschrist.org/assetsearch/api/v2/collection/details/collectionID/11458d7d00e64c04ad199b1744e81cf0"
    } ],
    "fileName" : "11458d7d00e64c04ad199b1744e81cf0.json"
  }, {
    "path" : "Mobile Media Library/Ukrainian - Video/Broadcasts/Christmas Devotionals/2024 First Presidency's Christmas Devotional",
    "collectionID" : "b063e113fd724d6db6a6c98ad25bedbb",
    "type" : "DEFAULT",
    "lastUpdatedDate" : "2024-12-17T14:55:26.652-07:00",
    "links" : [ {
      "rel" : "details",
      "href" : "https://titanapi.churchofjesuschrist.org/assetsearch/api/v2/collection/details/collectionID/b063e113fd724d6db6a6c98ad25bedbb"
    } ],
    "fileName" : "b063e113fd724d6db6a6c98ad25bedbb.json"
  } ],
  "assets" : [ ],
  "fileName" : "d4ce69e79ec54d60bb51b329246282a7d4d70338.json",
  "name" : "Christmas Devotionals",
  "publicTitle" : "Різдвяні духовні вечори"
}