{
  "parentCollectionID" : "22e3232e384c8650311b2940336759a89b8d6f8b",
  "parentCollectionPath" : "Mobile Media Library",
  "collectionType" : "collections",
  "path" : "Mobile Media Library/Thai - Featured",
  "collectionID" : "d5094938eb4d4f1ea10f9ad0fe0ab811",
  "language" : "tha",
  "type" : "DEFAULT",
  "lastUpdatedDate" : "2023-06-21T12:58:20.749-06:00",
  "links" : [ {
    "rel" : "details",
    "href" : "https://titanapi.churchofjesuschrist.org/assetsearch/api/v2/collection/details/collectionID/d5094938eb4d4f1ea10f9ad0fe0ab811"
  } ],
  "coverImages" : [ {
    "asset" : {
      "assetID" : "5c5b75ddcf2269030e0462f3d042f36cce3d87c7"
    }
  } ],
  "related" : [ ],
  "metadata" : [ {
    "key" : "orderIndex",
    "value" : "102"
  }, {
    "key" : "collectionUri",
    "value" : "featured",
    "language" : "tha"
  }, {
    "key" : "publicTitle",
    "value" : "เรื่องเด่น",
    "language" : "tha"
  } ],
  "children" : [ {
    "path" : "Mobile Media Library/Thai - Featured/Recent Inspirational Messages",
    "collectionID" : "fd2de2d164c04d4cad8a8cede10b8970",
    "type" : "DEFAULT",
    "lastUpdatedDate" : "2023-06-21T13:00:06.916-06:00",
    "links" : [ {
      "rel" : "details",
      "href" : "https://titanapi.churchofjesuschrist.org/assetsearch/api/v2/collection/details/collectionID/fd2de2d164c04d4cad8a8cede10b8970"
    } ],
    "fileName" : "fd2de2d164c04d4cad8a8cede10b8970.json"
  }, {
    "path" : "Mobile Media Library/Thai - Featured/Just Added",
    "collectionID" : "2444be7659354f449045b61dab22fdf1",
    "type" : "DEFAULT",
    "lastUpdatedDate" : "2023-06-24T17:38:56.034-06:00",
    "links" : [ {
      "rel" : "details",
      "href" : "https://titanapi.churchofjesuschrist.org/assetsearch/api/v2/collection/details/collectionID/2444be7659354f449045b61dab22fdf1"
    } ],
    "fileName" : "2444be7659354f449045b61dab22fdf1.json"
  }, {
    "path" : "Mobile Media Library/Thai - Featured/General Conference Feature",
    "collectionID" : "1dc5806eb2944229b73765325d1f5e0b",
    "type" : "DEFAULT",
    "lastUpdatedDate" : "2024-10-29T10:53:49.380-06:00",
    "links" : [ {
      "rel" : "details",
      "href" : "https://titanapi.churchofjesuschrist.org/assetsearch/api/v2/collection/details/collectionID/1dc5806eb2944229b73765325d1f5e0b"
    } ],
    "fileName" : "1dc5806eb2944229b73765325d1f5e0b.json"
  } ],
  "assets" : [ ],
  "fileName" : "d5094938eb4d4f1ea10f9ad0fe0ab811.json",
  "name" : "Thai - Featured",
  "publicTitle" : "เรื่องเด่น"
}