{
  "parentCollectionID" : "3cf19dbcb8fe4285b3bb68528961ee66ad3fb414",
  "parentCollectionPath" : "Mobile Media Library/Thai  - Images",
  "collectionType" : "collections",
  "path" : "Mobile Media Library/Thai  - Images/Gospel Art",
  "collectionID" : "d5d185b17b0447a3a64980833918f353",
  "language" : "tha",
  "type" : "DEFAULT",
  "lastUpdatedDate" : "2023-10-14T15:13:56.743-06:00",
  "links" : [ {
    "rel" : "details",
    "href" : "https://titanapi.churchofjesuschrist.org/assetsearch/api/v2/collection/details/collectionID/d5d185b17b0447a3a64980833918f353"
  } ],
  "coverImages" : [ {
    "asset" : {
      "assetID" : "e32f5821c733134b9c72a16e0ef6617ace5d9d6f"
    }
  } ],
  "related" : [ ],
  "metadata" : [ {
    "key" : "collectionUri",
    "value" : "gospel-art-images",
    "language" : "tha"
  }, {
    "key" : "publicTitle",
    "value" : "อภาพพระกิตติคุณ",
    "language" : "tha"
  }, {
    "key" : "orderIndex",
    "value" : "3"
  } ],
  "children" : [ {
    "path" : "Mobile Media Library/Thai  - Images/Gospel Art/Gospel Art Book",
    "collectionID" : "7c1ecf41eee64784a4e480edd72f4160",
    "type" : "DEFAULT",
    "lastUpdatedDate" : "2023-10-14T15:14:38.415-06:00",
    "links" : [ {
      "rel" : "details",
      "href" : "https://titanapi.churchofjesuschrist.org/assetsearch/api/v2/collection/details/collectionID/7c1ecf41eee64784a4e480edd72f4160"
    } ],
    "fileName" : "7c1ecf41eee64784a4e480edd72f4160.json"
  } ],
  "assets" : [ ],
  "fileName" : "d5d185b17b0447a3a64980833918f353.json",
  "name" : "Gospel Art",
  "publicTitle" : "อภาพพระกิตติคุณ"
}