{
  "parentCollectionID" : "37733b7572994c88936ab9679cf208c0",
  "parentCollectionPath" : "Mobile Media Library/Spanish - Images/Book of Mormon Videos Images",
  "collectionType" : "assets",
  "path" : "Mobile Media Library/Spanish - Images/Book of Mormon Videos Images/1 Nephi 3-5",
  "collectionID" : "d687c870bb084b8b9b03dcefd76a7f03",
  "language" : "spa",
  "type" : "DEFAULT",
  "lastUpdatedDate" : "2021-12-29T12:55:46.333-07:00",
  "links" : [ {
    "rel" : "details",
    "href" : "https://titanapi.churchofjesuschrist.org/assetsearch/api/v2/collection/details/collectionID/d687c870bb084b8b9b03dcefd76a7f03"
  } ],
  "coverImages" : [ {
    "asset" : {
      "assetID" : "79b201ecb5472c60b3699fbc9b1d7404e7fd5e90"
    }
  } ],
  "related" : [ ],
  "metadata" : [ {
    "key" : "orderIndex",
    "value" : "2"
  }, {
    "key" : "collectionUri",
    "value" : "1-nephi-3-5-images",
    "language" : "spa"
  }, {
    "key" : "publicTitle",
    "value" : "1 Néfi 3–5",
    "language" : "spa"
  } ],
  "children" : [ ],
  "assets" : [ {
    "asset" : {
      "assetID" : "08b915e6cf917b9f308124f06b996208cf1563fb"
    },
    "addedDate" : 1639598861540,
    "metadata" : [ ]
  }, {
    "asset" : {
      "assetID" : "0a4048efbad7800e2940959f296c0c52ff4cfd5f"
    },
    "addedDate" : 1639598861640,
    "metadata" : [ ]
  }, {
    "asset" : {
      "assetID" : "0d343ee524c0e2618324726d0657d028990f0b30"
    },
    "addedDate" : 1639598861686,
    "metadata" : [ ]
  }, {
    "asset" : {
      "assetID" : "1646b14feea69c28b60cf488c6e128d3c5edc192"
    },
    "addedDate" : 1639598861546,
    "metadata" : [ ]
  }, {
    "asset" : {
      "assetID" : "18c8e1af927602536c3b4c4df65829b3db021d47"
    },
    "addedDate" : 1639598861543,
    "metadata" : [ ]
  }, {
    "asset" : {
      "assetID" : "18fb6bda1475a3ee2b989d8610158de642253275"
    },
    "addedDate" : 1639598861610,
    "metadata" : [ ]
  }, {
    "asset" : {
      "assetID" : "1df8a0d0051e332cfb510996cae87b6f49679a79"
    },
    "addedDate" : 1639598861446,
    "metadata" : [ ]
  }, {
    "asset" : {
      "assetID" : "2019c5b071ad45a8776652d99c956348b0659254"
    },
    "addedDate" : 1639598861670,
    "metadata" : [ ]
  }, {
    "asset" : {
      "assetID" : "20e5ff7f1820c3639464778a4e82c8ac36c922c7"
    },
    "addedDate" : 1639598861430,
    "metadata" : [ ]
  }, {
    "asset" : {
      "assetID" : "25051380402f23e272efa3509ff1a1aab26f73e3"
    },
    "addedDate" : 1639598861453,
    "metadata" : [ ]
  }, {
    "asset" : {
      "assetID" : "26d1da84ac3edec1aa9dc61be87ce1f322c71fab"
    },
    "addedDate" : 1639598861703,
    "metadata" : [ ]
  }, {
    "asset" : {
      "assetID" : "2858f76115e9200a0919d3d71b31646d828ae7aa"
    },
    "addedDate" : 1639598861526,
    "metadata" : [ ]
  }, {
    "asset" : {
      "assetID" : "29e3c06e74050618062eea2725756f4e0c9dbf35"
    },
    "addedDate" : 1639598861456,
    "metadata" : [ ]
  }, {
    "asset" : {
      "assetID" : "2acf1b220fb42ee5da072102f6fb420d098920f2"
    },
    "addedDate" : 1639598861703,
    "metadata" : [ ]
  }, {
    "asset" : {
      "assetID" : "2ec032490f62968e3c069d30548f06a72d94a27a"
    },
    "addedDate" : 1639598861596,
    "metadata" : [ ]
  }, {
    "asset" : {
      "assetID" : "31dbc092c3ce251993e3050fc20e3c985309f370"
    },
    "addedDate" : 1639598861660,
    "metadata" : [ ]
  }, {
    "asset" : {
      "assetID" : "337e05048b34bc95633b1fa103a366ab0f796a8e"
    },
    "addedDate" : 1639598861403,
    "metadata" : [ ]
  }, {
    "asset" : {
      "assetID" : "3560b030ddfb79a9f484cd68055ed375f5cd5e3b"
    },
    "addedDate" : 1639598861593,
    "metadata" : [ ]
  }, {
    "asset" : {
      "assetID" : "37d645da81081baad5df0ec0ab6e3fb0164abf72"
    },
    "addedDate" : 1639598861536,
    "metadata" : [ ]
  }, {
    "asset" : {
      "assetID" : "39c2bfc2859d36009563fa79597c7e8a400b8b1d"
    },
    "addedDate" : 1639598861420,
    "metadata" : [ ]
  }, {
    "asset" : {
      "assetID" : "3d7877c5a71d46311e35f5734f8b20e49c2da797"
    },
    "addedDate" : 1639598861510,
    "metadata" : [ ]
  }, {
    "asset" : {
      "assetID" : "3e64424203debc92f989e8f85fac4a362af7806f"
    },
    "addedDate" : 1639598861633,
    "metadata" : [ ]
  }, {
    "asset" : {
      "assetID" : "48b77fca1888a1907c82d6837cd1c77a6de44fff"
    },
    "addedDate" : 1639598861693,
    "metadata" : [ ]
  }, {
    "asset" : {
      "assetID" : "4a5ee4c34cc791dd2da2653e906b45f2dd1f4223"
    },
    "addedDate" : 1639598861523,
    "metadata" : [ ]
  }, {
    "asset" : {
      "assetID" : "4b169f60bc16546853d9c4d88bfeb9da960ead42"
    },
    "addedDate" : 1639598861613,
    "metadata" : [ ]
  }, {
    "asset" : {
      "assetID" : "4c60a6d5b354bb403b32c6cf82acaf9bfb3ad66a"
    },
    "addedDate" : 1639598861436,
    "metadata" : [ ]
  }, {
    "asset" : {
      "assetID" : "500a68882b6c7518d65e4eb072268e9aec650b06"
    },
    "addedDate" : 1639598861473,
    "metadata" : [ ]
  }, {
    "asset" : {
      "assetID" : "5197936307cbce4fa24762627b40113c47cb3e19"
    },
    "addedDate" : 1639598861556,
    "metadata" : [ ]
  }, {
    "asset" : {
      "assetID" : "56e5d38f59a9ff847907f249017f97a8fe037635"
    },
    "addedDate" : 1639598861560,
    "metadata" : [ ]
  }, {
    "asset" : {
      "assetID" : "58623a443969d60010f9d9d57b5df1e84e69cf2b"
    },
    "addedDate" : 1639598861490,
    "metadata" : [ ]
  }, {
    "asset" : {
      "assetID" : "5c322c493768bba28759842b8947c88f02e4acf8"
    },
    "addedDate" : 1639598861503,
    "metadata" : [ ]
  }, {
    "asset" : {
      "assetID" : "6202e56e96fa7c80f59e290f3f8f3db107d925fd"
    },
    "addedDate" : 1639598861570,
    "metadata" : [ ]
  }, {
    "asset" : {
      "assetID" : "62cdb759c872ef2526686d8daf98100c295d8ac8"
    },
    "addedDate" : 1639598861690,
    "metadata" : [ ]
  }, {
    "asset" : {
      "assetID" : "63d94fbabc4aa020ab048efccb27287d1a544100"
    },
    "addedDate" : 1639598861603,
    "metadata" : [ ]
  }, {
    "asset" : {
      "assetID" : "67bededa208515ce96dc955c05e84e8aadc046b1"
    },
    "addedDate" : 1639598861696,
    "metadata" : [ ]
  }, {
    "asset" : {
      "assetID" : "6c4aa25bb9a57b2210adbb294f4168cdafc677cb"
    },
    "addedDate" : 1639598861670,
    "metadata" : [ ]
  }, {
    "asset" : {
      "assetID" : "6c7ceffb81f977d27375cf7e1573f30476ac9318"
    },
    "addedDate" : 1639598861710,
    "metadata" : [ ]
  }, {
    "asset" : {
      "assetID" : "7226c3e05bd6adcd8bac9dda783c3c8cbe60be75"
    },
    "addedDate" : 1639598861716,
    "metadata" : [ ]
  }, {
    "asset" : {
      "assetID" : "7597bfe7561a59f0c868ab0a29d42f14971733ae"
    },
    "addedDate" : 1639598861440,
    "metadata" : [ ]
  }, {
    "asset" : {
      "assetID" : "7fee925ee94b3c61a53e5661e1335b00f578e51b"
    },
    "addedDate" : 1639598861683,
    "metadata" : [ ]
  }, {
    "asset" : {
      "assetID" : "8bb65c0c46e775827b6b0c2fed2b4918b45b73fc"
    },
    "addedDate" : 1639598861673,
    "metadata" : [ ]
  }, {
    "asset" : {
      "assetID" : "8d76247b87ec2331a85ea038cb5d1f45926817cb"
    },
    "addedDate" : 1639598861576,
    "metadata" : [ ]
  }, {
    "asset" : {
      "assetID" : "8d7b5e9697df6a7851a99a7151befa3c46ad1f59"
    },
    "addedDate" : 1639598861410,
    "metadata" : [ ]
  }, {
    "asset" : {
      "assetID" : "8fbdef3523e2ac63cdb9ae4a1eb1c0f74cf12e5d"
    },
    "addedDate" : 1639598861463,
    "metadata" : [ ]
  }, {
    "asset" : {
      "assetID" : "92ab9e7cb6fe1600f611787eee2bd77d8b17b1a6"
    },
    "addedDate" : 1639598861496,
    "metadata" : [ ]
  }, {
    "asset" : {
      "assetID" : "9b7176a7d421a0240cfae84437acd06a4af4f3d9"
    },
    "addedDate" : 1639598861666,
    "metadata" : [ ]
  }, {
    "asset" : {
      "assetID" : "9c48b37d4df3043bb27882c50afcbf864104c62d"
    },
    "addedDate" : 1639598861656,
    "metadata" : [ ]
  }, {
    "asset" : {
      "assetID" : "a153e6b4c4df132921481f23f0dd8fd7903ed736"
    },
    "addedDate" : 1639598861486,
    "metadata" : [ ]
  }, {
    "asset" : {
      "assetID" : "a3995e8124c108ebf06ee9c311d3914ba1b9b387"
    },
    "addedDate" : 1639598861483,
    "metadata" : [ ]
  }, {
    "asset" : {
      "assetID" : "a509615e063ec598cda95775cc5c5ff2d92ccbd0"
    },
    "addedDate" : 1639598861716,
    "metadata" : [ ]
  }, {
    "asset" : {
      "assetID" : "a7d7423c8b34ae767beb9e64362efd5ca964e5a7"
    },
    "addedDate" : 1639598861710,
    "metadata" : [ ]
  }, {
    "asset" : {
      "assetID" : "a9545bd72b55df263e0d4304382c61eb6c79061f"
    },
    "addedDate" : 1639598861420,
    "metadata" : [ ]
  }, {
    "asset" : {
      "assetID" : "acc9b5237ada9f3a0a9ebe7d40290230e369653d"
    },
    "addedDate" : 1639598861500,
    "metadata" : [ ]
  }, {
    "asset" : {
      "assetID" : "b11ee1d2fcfa74c6b36bc992aa905066f0f3bf05"
    },
    "addedDate" : 1639598861530,
    "metadata" : [ ]
  }, {
    "asset" : {
      "assetID" : "b1dcbb507ebf2e4a98c91a40614fc81557435738"
    },
    "addedDate" : 1639598861586,
    "metadata" : [ ]
  }, {
    "asset" : {
      "assetID" : "b25fc5c3f9872414a7ecd1bf938d6e83e39c4f6b"
    },
    "addedDate" : 1639598861606,
    "metadata" : [ ]
  }, {
    "asset" : {
      "assetID" : "b6ea0db56104b47ea7f84c88d8d59c2a5ababbcf"
    },
    "addedDate" : 1639598861676,
    "metadata" : [ ]
  }, {
    "asset" : {
      "assetID" : "b81928f0f6d9ac041f70a6701467f83a31e888a0"
    },
    "addedDate" : 1639598861553,
    "metadata" : [ ]
  }, {
    "asset" : {
      "assetID" : "b932c1ad3a0e1bf251bf470ec970250802502210"
    },
    "addedDate" : 1639598861466,
    "metadata" : [ ]
  }, {
    "asset" : {
      "assetID" : "c4e6779a4f5f624989637d004635900f62984fd1"
    },
    "addedDate" : 1639598861410,
    "metadata" : [ ]
  }, {
    "asset" : {
      "assetID" : "c99dcdaf58dabde953c6e8d052c09639e1632e78"
    },
    "addedDate" : 1639598861523,
    "metadata" : [ ]
  }, {
    "asset" : {
      "assetID" : "d00646bcabec1083874e2866d0da2420def68f80"
    },
    "addedDate" : 1639598861580,
    "metadata" : [ ]
  }, {
    "asset" : {
      "assetID" : "d045d5c728a96a7fe4ff6698a433f40f262acca9"
    },
    "addedDate" : 1639598861563,
    "metadata" : [ ]
  }, {
    "asset" : {
      "assetID" : "d0dbab5d9e6bb780a1c2a3f0b60c0f66de40203f"
    },
    "addedDate" : 1639598861616,
    "metadata" : [ ]
  }, {
    "asset" : {
      "assetID" : "d39515abaa4c74332f4ffa158e799ef5ca9bd20d"
    },
    "addedDate" : 1639598861660,
    "metadata" : [ ]
  }, {
    "asset" : {
      "assetID" : "d5375bb20f9f1944e7fad155f0342cd3df0112d3"
    },
    "addedDate" : 1639598861560,
    "metadata" : [ ]
  }, {
    "asset" : {
      "assetID" : "d7d8bc509eacc376feeb7e1a26ae5cdad7eeb5a9"
    },
    "addedDate" : 1639598861550,
    "metadata" : [ ]
  }, {
    "asset" : {
      "assetID" : "e20facba4739badd13532c67ccaa6ae607e4b9cf"
    },
    "addedDate" : 1639598861506,
    "metadata" : [ ]
  }, {
    "asset" : {
      "assetID" : "de47e1229dee2072031077460ffa99d6931dd5f7"
    },
    "addedDate" : 1639598861520,
    "metadata" : [ ]
  }, {
    "asset" : {
      "assetID" : "f4d45f9c19b56e38018e2797ac2d0e3530fbaf59"
    },
    "addedDate" : 1639598861493,
    "metadata" : [ ]
  }, {
    "asset" : {
      "assetID" : "dffa8dfa8e5a97c33e7dca36715f724f9216f2f1"
    },
    "addedDate" : 1639598861413,
    "metadata" : [ ]
  }, {
    "asset" : {
      "assetID" : "bfc3625bd9ee7b30b3cdd256ae2f85df408aa87b"
    },
    "addedDate" : 1639598861443,
    "metadata" : [ ]
  }, {
    "asset" : {
      "assetID" : "e39c0128df0fa0016db4be7ce22a1447c3befc4a"
    },
    "addedDate" : 1639598861573,
    "metadata" : [ ]
  }, {
    "asset" : {
      "assetID" : "c18e2a1f79d21341d9713de4a3e15ad0c6e58695"
    },
    "addedDate" : 1639598861496,
    "metadata" : [ ]
  }, {
    "asset" : {
      "assetID" : "ffc324c40266b20c92d53e6f68b094abe65652e0"
    },
    "addedDate" : 1639598861456,
    "metadata" : [ ]
  }, {
    "asset" : {
      "assetID" : "c05691c7f9ad469d13002d7f5eb92544c47bcde0"
    },
    "addedDate" : 1639598861583,
    "metadata" : [ ]
  }, {
    "asset" : {
      "assetID" : "df81839674975f35e8eebe9657da289bc74d1e46"
    },
    "addedDate" : 1639598861470,
    "metadata" : [ ]
  }, {
    "asset" : {
      "assetID" : "f962c2486add3b35d04808fb347245ff9c863f27"
    },
    "addedDate" : 1639598861476,
    "metadata" : [ ]
  }, {
    "asset" : {
      "assetID" : "f4adf99ca19b00e3f202f50625279b3a9f4a3338"
    },
    "addedDate" : 1639598861516,
    "metadata" : [ ]
  }, {
    "asset" : {
      "assetID" : "c3bb8646fa2d46bdf298d77827fcf46f5412edc1"
    },
    "addedDate" : 1639598861426,
    "metadata" : [ ]
  }, {
    "asset" : {
      "assetID" : "ddeb957e6a83e87d10ef2acb68a6dd3f68b3186b"
    },
    "addedDate" : 1639598861423,
    "metadata" : [ ]
  }, {
    "asset" : {
      "assetID" : "e75b5b44b9a5981d179824a2c56464f69dce99b3"
    },
    "addedDate" : 1639598861566,
    "metadata" : [ ]
  }, {
    "asset" : {
      "assetID" : "df498445af387e862da79ffdd53d9ef208286a2a"
    },
    "addedDate" : 1639598861450,
    "metadata" : [ ]
  }, {
    "asset" : {
      "assetID" : "fa49afd89a9a614ac63b8295c896a2d57d2dac88"
    },
    "addedDate" : 1639598861493,
    "metadata" : [ ]
  }, {
    "asset" : {
      "assetID" : "a63f03463ce85ce1e5904e5a8b72b440fe7e62ae"
    },
    "addedDate" : 1639598861460,
    "metadata" : [ ]
  }, {
    "asset" : {
      "assetID" : "e193363d003cf9703b10c26e2ff74f1923998902"
    },
    "addedDate" : 1639598861463,
    "metadata" : [ ]
  }, {
    "asset" : {
      "assetID" : "4a42bf67009ad271624606941bd484d913981ffa"
    },
    "addedDate" : 1639598861476,
    "metadata" : [ ]
  }, {
    "asset" : {
      "assetID" : "c2fc13d0f953022cdedf29f75d5b724b3640aca6"
    },
    "addedDate" : 1639598861520,
    "metadata" : [ ]
  }, {
    "asset" : {
      "assetID" : "fb59f3850bfeb2fb7a9163580218b1171e912339"
    },
    "addedDate" : 1639598861503,
    "metadata" : [ ]
  }, {
    "asset" : {
      "assetID" : "79dee1100c15cc1bb30359328665a53565e95e23"
    },
    "addedDate" : 1639598861510,
    "metadata" : [ ]
  }, {
    "asset" : {
      "assetID" : "912c869e6f01fb09c39cc7976441d0a60e27995e"
    },
    "addedDate" : 1639598861653,
    "metadata" : [ ]
  }, {
    "asset" : {
      "assetID" : "c3805a27ddc1a46bfab73d6a138664ce27c3410f"
    },
    "addedDate" : 1639598861653,
    "metadata" : [ ]
  }, {
    "asset" : {
      "assetID" : "3045464d5ee1dcb36e5410d3845436be17a968c4"
    },
    "addedDate" : 1639598861696,
    "metadata" : [ ]
  }, {
    "asset" : {
      "assetID" : "019003a7b2a06b709272b0f32453b779042cc533"
    },
    "addedDate" : 1639598861433,
    "metadata" : [ ]
  }, {
    "asset" : {
      "assetID" : "685df6e5a77b748e3de1ea6ba6c5cf191e31937f"
    },
    "addedDate" : 1639598861510,
    "metadata" : [ ]
  }, {
    "asset" : {
      "assetID" : "1de8a63fad9e3592cec637b5399874763690fd12"
    },
    "addedDate" : 1639598861550,
    "metadata" : [ ]
  }, {
    "asset" : {
      "assetID" : "c4ae6b49d9f78540ae7daee53cf1638f5ba4ad3d"
    },
    "addedDate" : 1639598861623,
    "metadata" : [ ]
  }, {
    "asset" : {
      "assetID" : "bec3ade07535bdaff0f6f88f164a62ea4ff0752b"
    },
    "addedDate" : 1639598861626,
    "metadata" : [ ]
  }, {
    "asset" : {
      "assetID" : "d24aa5033fd41bb9e9f705688979a1769da3b353"
    },
    "addedDate" : 1639598861666,
    "metadata" : [ ]
  }, {
    "asset" : {
      "assetID" : "10829b0fb5df6edc8339a530839344d44eb854f6"
    },
    "addedDate" : 1639598861606,
    "metadata" : [ ]
  }, {
    "asset" : {
      "assetID" : "b445351170101eb6cb0de965757a94dfdc196445"
    },
    "addedDate" : 1639598861606,
    "metadata" : [ ]
  }, {
    "asset" : {
      "assetID" : "fa63ffa546e6945c4c43cad4e557cdf11ce38887"
    },
    "addedDate" : 1639598861630,
    "metadata" : [ ]
  }, {
    "asset" : {
      "assetID" : "8634c3a84fbe7a869a2e146e0f94513d3cf01cc0"
    },
    "addedDate" : 1639598861626,
    "metadata" : [ ]
  }, {
    "asset" : {
      "assetID" : "764d9e4e381c5ef2d0914ac33e7084698f582f4f"
    },
    "addedDate" : 1639598861650,
    "metadata" : [ ]
  } ],
  "fileName" : "d687c870bb084b8b9b03dcefd76a7f03.json",
  "name" : "1 Nephi 3-5",
  "publicTitle" : "1 Néfi 3–5"
}