{
  "parentCollectionID" : "1e7280458126405b87e93ee5461d9b04daf3ef16",
  "parentCollectionPath" : "Mobile Media Library/Samoan - Video/Scriptural Reenactments and Teachings/Book of Mormon/Book of Mormon Videos",
  "collectionType" : "collections",
  "path" : "Mobile Media Library/Samoan - Video/Scriptural Reenactments and Teachings/Book of Mormon/Book of Mormon Videos/2 Nephi 5",
  "collectionID" : "d96062e145bb46c9b291594a33966d581c40dd7d",
  "language" : "smo",
  "type" : "DEFAULT",
  "lastUpdatedDate" : "2022-11-01T09:20:20.103-06:00",
  "links" : [ {
    "rel" : "details",
    "href" : "https://titanapi.churchofjesuschrist.org/assetsearch/api/v2/collection/details/collectionID/d96062e145bb46c9b291594a33966d581c40dd7d"
  } ],
  "coverImages" : [ {
    "asset" : {
      "assetID" : "52b384465950730a4ee60b05a34b3e1b2aaf9e37"
    }
  } ],
  "related" : [ ],
  "metadata" : [ {
    "key" : "orderIndex",
    "value" : "10"
  }, {
    "key" : "collectionUri",
    "value" : "2-nephi-5",
    "language" : "smo"
  }, {
    "key" : "publicTitle",
    "value" : "2 Nifae 5",
    "language" : "smo"
  } ],
  "children" : [ ],
  "assets" : [ ],
  "fileName" : "d96062e145bb46c9b291594a33966d581c40dd7d.json",
  "name" : "2 Nephi 5",
  "publicTitle" : "2 Nifae 5"
}