{
  "parentCollectionID" : "829350541eab4ec1ae65f15c03afaa9e",
  "parentCollectionPath" : "Mobile Media Library/German - Images",
  "collectionType" : "collections",
  "path" : "Mobile Media Library/German - Images/Church Leaders",
  "collectionID" : "da2a61ffc7d04fb69508bbc7772741ce",
  "language" : "deu",
  "type" : "DEFAULT",
  "lastUpdatedDate" : "2023-09-04T11:13:15.169-06:00",
  "links" : [ {
    "rel" : "details",
    "href" : "https://titanapi.churchofjesuschrist.org/assetsearch/api/v2/collection/details/collectionID/da2a61ffc7d04fb69508bbc7772741ce"
  } ],
  "coverImages" : [ {
    "asset" : {
      "assetID" : "31ca58d0c2b850e50bb8e5b8fda70eb06bfe02a3"
    }
  } ],
  "related" : [ ],
  "metadata" : [ {
    "key" : "collectionUri",
    "value" : "church-leaders-images",
    "language" : "deu"
  }, {
    "key" : "publicTitle",
    "value" : "Führer der Kirche",
    "language" : "deu"
  }, {
    "key" : "orderIndex",
    "value" : "3"
  } ],
  "children" : [ {
    "path" : "Mobile Media Library/German - Images/Church Leaders/Past Church Leaders",
    "collectionID" : "b1edfe4a9ddd4be28bc253e686648b4f",
    "type" : "DEFAULT",
    "lastUpdatedDate" : "2023-09-04T11:19:53.248-06:00",
    "links" : [ {
      "rel" : "details",
      "href" : "https://titanapi.churchofjesuschrist.org/assetsearch/api/v2/collection/details/collectionID/b1edfe4a9ddd4be28bc253e686648b4f"
    } ],
    "fileName" : "b1edfe4a9ddd4be28bc253e686648b4f.json"
  }, {
    "path" : "Mobile Media Library/German - Images/Church Leaders/Current Church Leaders",
    "collectionID" : "e397d65c8c6a44769eaf5577227351da",
    "type" : "DEFAULT",
    "lastUpdatedDate" : "2023-09-04T11:14:24.889-06:00",
    "links" : [ {
      "rel" : "details",
      "href" : "https://titanapi.churchofjesuschrist.org/assetsearch/api/v2/collection/details/collectionID/e397d65c8c6a44769eaf5577227351da"
    } ],
    "fileName" : "e397d65c8c6a44769eaf5577227351da.json"
  } ],
  "assets" : [ ],
  "fileName" : "da2a61ffc7d04fb69508bbc7772741ce.json",
  "name" : "Church Leaders",
  "publicTitle" : "Führer der Kirche"
}