{
  "parentCollectionID" : "c407531ec21c4cb9a288d5ce588f0e15a9e83565",
  "parentCollectionPath" : "Mobile Media Library/German - Video/Life Help/Self-Reliance Services and PEF",
  "collectionType" : "collections",
  "path" : "Mobile Media Library/German - Video/Life Help/Self-Reliance Services and PEF/Self-Reliance: Testimonials and Stories",
  "collectionID" : "da6d09d965d74e6a9701ae3e16ab8e44142803b9",
  "language" : "deu",
  "type" : "DEFAULT",
  "lastUpdatedDate" : "2022-08-05T10:14:41.112-06:00",
  "links" : [ {
    "rel" : "details",
    "href" : "https://titanapi.churchofjesuschrist.org/assetsearch/api/v2/collection/details/collectionID/da6d09d965d74e6a9701ae3e16ab8e44142803b9"
  } ],
  "coverImages" : [ {
    "asset" : {
      "assetID" : "ee52ac9db2d4d70d27a7de753feb5303d4131e18"
    }
  } ],
  "related" : [ ],
  "metadata" : [ {
    "key" : "collectionUri",
    "value" : "self-reliance-testimonials-and-stories",
    "language" : "deu"
  } ],
  "children" : [ ],
  "assets" : [ ],
  "fileName" : "da6d09d965d74e6a9701ae3e16ab8e44142803b9.json",
  "name" : "Self-Reliance: Testimonials and Stories"
}