{
  "parentCollectionID" : "6be23711231642b99bb09f4587e3b027fd6be171",
  "parentCollectionPath" : "Mobile Media Library/Ukrainian - Video/Life Help/Self-Reliance Services and PEF/My Job Search",
  "collectionType" : "collections",
  "path" : "Mobile Media Library/Ukrainian - Video/Life Help/Self-Reliance Services and PEF/My Job Search/Chapter 6: How do I excel on the job and continue to succeed?",
  "collectionID" : "daf4feba7d80468e9ea2edbc5c5219aba09f33f0",
  "language" : "ukr",
  "type" : "DEFAULT",
  "lastUpdatedDate" : "2022-07-19T12:10:23.284-06:00",
  "links" : [ {
    "rel" : "details",
    "href" : "https://titanapi.churchofjesuschrist.org/assetsearch/api/v2/collection/details/collectionID/daf4feba7d80468e9ea2edbc5c5219aba09f33f0"
  } ],
  "coverImages" : [ {
    "asset" : {
      "assetID" : "87b8c3a597b6a95baa1c47ff119aab3ca828aa98"
    }
  } ],
  "related" : [ ],
  "metadata" : [ {
    "key" : "collectionUri",
    "value" : "chapter-6-how-do-i-excel-on-the-job-and-continue-to-succeed",
    "language" : "ukr"
  } ],
  "children" : [ ],
  "assets" : [ ],
  "fileName" : "daf4feba7d80468e9ea2edbc5c5219aba09f33f0.json",
  "name" : "Chapter 6: How do I excel on the job and continue to succeed?"
}