{
  "parentCollectionID" : "7c10ffa3a5e84d3ab2e1f10be2d3ce63",
  "parentCollectionPath" : "Mobile Media Library/Swedish - Video/Teaching and Lessons/Come, Follow Me/Come, Follow Me: For Aaronic Priesthood Quorums and Young Women/Media for 2023 Doctrinal Topics",
  "collectionType" : "assets",
  "path" : "Mobile Media Library/Swedish - Video/Teaching and Lessons/Come, Follow Me/Come, Follow Me: For Aaronic Priesthood Quorums and Young Women/Media for 2023 Doctrinal Topics/November",
  "collectionID" : "dbe4c4f972264107893d1864848a45c9",
  "language" : "swe",
  "type" : "DEFAULT",
  "lastUpdatedDate" : "2022-11-29T08:53:06.963-07:00",
  "links" : [ {
    "rel" : "details",
    "href" : "https://titanapi.churchofjesuschrist.org/assetsearch/api/v2/collection/details/collectionID/dbe4c4f972264107893d1864848a45c9"
  } ],
  "coverImages" : [ {
    "asset" : {
      "assetID" : "7715abe0ab69adc2c2cb9fdcf3211ab5c17151d4"
    }
  } ],
  "related" : [ ],
  "metadata" : [ {
    "key" : "orderIndex",
    "value" : "11"
  }, {
    "key" : "collectionUri",
    "value" : "november-2023-doctrinal-media-for-youth",
    "language" : "swe"
  }, {
    "key" : "publicTitle",
    "value" : "November",
    "language" : "swe"
  } ],
  "children" : [ ],
  "assets" : [ {
    "asset" : {
      "assetID" : "0f7f4395824e8cc715fe9787dfaa418e491eb464"
    },
    "index" : 1,
    "addedDate" : 1657819498201,
    "metadata" : [ ]
  }, {
    "asset" : {
      "assetID" : "dcd8fe4c4fe46034012b37e8c8dd8be8659803b2"
    },
    "index" : 0,
    "addedDate" : 1657819482247,
    "metadata" : [ ]
  } ],
  "fileName" : "dbe4c4f972264107893d1864848a45c9.json",
  "name" : "November",
  "publicTitle" : "November"
}