{
  "parentCollectionID" : "6d7ac9f528784d6ebc2e32c5ba7c638c5d6efed5",
  "parentCollectionPath" : "Mobile Media Library/Japanese - Video/Scriptural Reenactments and Teachings/New Testament/Bible Videos",
  "collectionType" : "assets",
  "path" : "Mobile Media Library/Japanese - Video/Scriptural Reenactments and Teachings/New Testament/Bible Videos/Teachings",
  "collectionID" : "dc34293de4ac4ad6a18cddc3bd422872e4b40ddd",
  "language" : "jpn",
  "type" : "DEFAULT",
  "lastUpdatedDate" : "2024-09-17T16:52:06.620-06:00",
  "links" : [ {
    "rel" : "details",
    "href" : "https://titanapi.churchofjesuschrist.org/assetsearch/api/v2/collection/details/collectionID/dc34293de4ac4ad6a18cddc3bd422872e4b40ddd"
  } ],
  "coverImages" : [ {
    "asset" : {
      "assetID" : "7f0046965d152dd6208da4351863f077844a6536"
    }
  } ],
  "related" : [ ],
  "metadata" : [ {
    "key" : "orderIndex",
    "value" : "3"
  }, {
    "key" : "channel",
    "value" : "mobile",
    "language" : "jpn"
  }, {
    "key" : "collectionUri",
    "value" : "bible-videos-teachings",
    "language" : "jpn"
  }, {
    "key" : "publicTitle",
    "value" : "教え",
    "language" : "jpn"
  } ],
  "children" : [ ],
  "assets" : [ {
    "asset" : {
      "assetID" : "ab0d8121cc7bd6a20280f522c1b79d53a41fc08c"
    },
    "index" : 0,
    "addedDate" : 1648836848500,
    "metadata" : [ ]
  }, {
    "asset" : {
      "assetID" : "ba43fec7762ee26a03e5b7804034d7c23c628e2a"
    },
    "index" : 5,
    "addedDate" : 1648836848500,
    "metadata" : [ ]
  }, {
    "asset" : {
      "assetID" : "415b23827b9c83e53f1a30218f9932f41d493eb9"
    },
    "index" : 7,
    "addedDate" : 1648836848500,
    "metadata" : [ ]
  }, {
    "asset" : {
      "assetID" : "1286f7d01f13b96686096c9da9577be2ec3b65af"
    },
    "index" : 14,
    "addedDate" : 1648836848500,
    "metadata" : [ ]
  }, {
    "asset" : {
      "assetID" : "324c84c6c4c735d774dca6a7a14c88184d6197ca"
    },
    "index" : 2,
    "addedDate" : 1648836848500,
    "metadata" : [ ]
  }, {
    "asset" : {
      "assetID" : "e3d2e353257d2badeed631b1e0ae3a4b5287857c"
    },
    "index" : 4,
    "addedDate" : 1648836848500,
    "metadata" : [ ]
  }, {
    "asset" : {
      "assetID" : "8b6ba0020edcad052963fbcc5af00c6c098a64d2"
    },
    "index" : 6,
    "addedDate" : 1648836848500,
    "metadata" : [ ]
  }, {
    "asset" : {
      "assetID" : "9df3c20167f7a1c25cccd043ca160ef7524b8605"
    },
    "index" : 9,
    "addedDate" : 1648836848500,
    "metadata" : [ ]
  }, {
    "asset" : {
      "assetID" : "beb8d75a9683787657687ed22d30e3bc2cca3561"
    },
    "index" : 24,
    "addedDate" : 1683843956381,
    "metadata" : [ ]
  }, {
    "asset" : {
      "assetID" : "f0789ab10de28cd485c9d6c0f5b0cc54344577cb"
    },
    "index" : 1,
    "addedDate" : 1648836848500,
    "metadata" : [ ]
  }, {
    "asset" : {
      "assetID" : "4e30bf3c755c5820ec7474ec877a8d837c211859"
    },
    "index" : 16,
    "addedDate" : 1648836848500,
    "metadata" : [ ]
  }, {
    "asset" : {
      "assetID" : "ed599d19eb4e27bf12524bc7e5627304316ccd33"
    },
    "index" : 10,
    "addedDate" : 1648836848500,
    "metadata" : [ ]
  }, {
    "asset" : {
      "assetID" : "5b9a01892e1f394d6666a08101374fbfadec5101"
    },
    "index" : 12,
    "addedDate" : 1648836848500,
    "metadata" : [ ]
  }, {
    "asset" : {
      "assetID" : "0723399484445a64c20ea81596568715b7dc351c"
    },
    "index" : 13,
    "addedDate" : 1648836848500,
    "metadata" : [ ]
  }, {
    "asset" : {
      "assetID" : "d1f73daa36fc7a6b72050fc139c1523c18d43584"
    },
    "index" : 23,
    "addedDate" : 1648836848500,
    "metadata" : [ ]
  }, {
    "asset" : {
      "assetID" : "7f70b3d47a99b22c6b674d5598a6c3d3e5d444bf"
    },
    "index" : 20,
    "addedDate" : 1648836848500,
    "metadata" : [ ]
  }, {
    "asset" : {
      "assetID" : "876a58bedaafbdac3703fd4072993db5ff90310a"
    },
    "index" : 22,
    "addedDate" : 1648836848500,
    "metadata" : [ ]
  }, {
    "asset" : {
      "assetID" : "0f6feac2530e78a89fef20ce6d27685b66aa3383"
    },
    "index" : 15,
    "addedDate" : 1648836848500,
    "metadata" : [ ]
  }, {
    "asset" : {
      "assetID" : "6828e8dd1f9bfdb4036f9a7a4f23e07c688a5ae6"
    },
    "index" : 11,
    "addedDate" : 1648836848500,
    "metadata" : [ ]
  }, {
    "asset" : {
      "assetID" : "c7f0f293c5d3b9562040c353766096246f6f7da7"
    },
    "index" : 21,
    "addedDate" : 1648836848500,
    "metadata" : [ ]
  }, {
    "asset" : {
      "assetID" : "497439ac2a1cc1d77bcb8dcbb02a04a3d67dfdaf"
    },
    "index" : 18,
    "addedDate" : 1648836848500,
    "metadata" : [ ]
  }, {
    "asset" : {
      "assetID" : "41f2348c078d54dd9f07e4c07eab45a4e8e19a5a"
    },
    "index" : 19,
    "addedDate" : 1648836848500,
    "metadata" : [ ]
  }, {
    "asset" : {
      "assetID" : "853a1b533271aa75723b554d3d803e57e299a1c2"
    },
    "index" : 25,
    "addedDate" : 1684789792015,
    "metadata" : [ ]
  }, {
    "asset" : {
      "assetID" : "7e53be68213f643671bbc6cd55ec902103ed5db5"
    },
    "index" : 3,
    "addedDate" : 1648836848500,
    "metadata" : [ ]
  }, {
    "asset" : {
      "assetID" : "458d8f064f7bd2f2b24c1d0b5269a505d859249a"
    },
    "index" : 8,
    "addedDate" : 1648836848500,
    "metadata" : [ ]
  }, {
    "asset" : {
      "assetID" : "eb5859474eaceb0af65c797560a0fb61f6f6d497"
    },
    "index" : 17,
    "addedDate" : 1648836848500,
    "metadata" : [ ]
  } ],
  "fileName" : "dc34293de4ac4ad6a18cddc3bd422872e4b40ddd.json",
  "name" : "Teachings",
  "publicTitle" : "教え"
}