{
  "parentCollectionID" : "97b5dd8c4af242d9a0ec6981a7fdcc79",
  "parentCollectionPath" : "Mobile Media Library/Danish - Video/Broadcasts/Teaching Religion to Youth and Young Adults",
  "collectionType" : "assets",
  "path" : "Mobile Media Library/Danish - Video/Broadcasts/Teaching Religion to Youth and Young Adults/2013–An Evening with Elder Dallin H. Oaks",
  "collectionID" : "dc9d10742be94d3daba4f5216fbbf589",
  "language" : "dan",
  "type" : "DEFAULT",
  "lastUpdatedDate" : "2023-07-06T17:16:09.365-06:00",
  "links" : [ {
    "rel" : "details",
    "href" : "https://titanapi.churchofjesuschrist.org/assetsearch/api/v2/collection/details/collectionID/dc9d10742be94d3daba4f5216fbbf589"
  } ],
  "coverImages" : [ {
    "asset" : {
      "assetID" : "65fa89b3bd2216654af4a75dca28ae3fa116deac"
    }
  } ],
  "related" : [ ],
  "metadata" : [ {
    "key" : "collectionUri",
    "value" : "evening-with-a-general-authority-2013",
    "language" : "dan"
  }, {
    "key" : "publicTitle",
    "value" : "2013 – En aften med ældste Dallin H. Oaks",
    "language" : "dan"
  }, {
    "key" : "orderIndex",
    "value" : "9"
  } ],
  "children" : [ ],
  "assets" : [ {
    "asset" : {
      "assetID" : "2013-02-1000-evening-with-elder-dallin-h-oaks-dan"
    },
    "index" : 1,
    "addedDate" : 1688685491965,
    "metadata" : [ ]
  }, {
    "asset" : {
      "assetID" : "2013-02-1010-responding-appropriately-to-change-dan"
    },
    "index" : 0,
    "addedDate" : 1688685477738,
    "metadata" : [ ]
  } ],
  "fileName" : "dc9d10742be94d3daba4f5216fbbf589.json",
  "name" : "2013–An Evening with Elder Dallin H. Oaks",
  "publicTitle" : "2013 – En aften med ældste Dallin H. Oaks"
}