{
  "parentCollectionID" : "738e36a99ccce3bff3e382594262720478401d94",
  "parentCollectionPath" : "Mobile Media Library/Spanish - Video/Youth/Youth Curriculum - old",
  "collectionType" : "assets",
  "path" : "Mobile Media Library/Spanish - Video/Youth/Youth Curriculum - old/09 September: Commandments",
  "collectionID" : "dcbb5ee820e7cae4907eb5535fa31df4ef1d266f",
  "language" : "spa",
  "type" : "DEFAULT",
  "lastUpdatedDate" : "2019-10-28T16:40:50.643-06:00",
  "links" : [ {
    "rel" : "details",
    "href" : "https://titanapi.churchofjesuschrist.org/assetsearch/api/v2/collection/details/collectionID/dcbb5ee820e7cae4907eb5535fa31df4ef1d266f"
  } ],
  "coverImages" : [ {
    "asset" : {
      "assetID" : "5e8401cc657524d750a0c59ddb2777095b2bbf65"
    }
  } ],
  "related" : [ ],
  "metadata" : [ {
    "key" : "collectionUri",
    "value" : "September-commandments-spa",
    "language" : "spa"
  }, {
    "key" : "publicTitle",
    "value" : "09 Septiembre: Los mandamientos",
    "language" : "spa"
  } ],
  "children" : [ ],
  "assets" : [ {
    "asset" : {
      "assetID" : "509b543bb3ddc20f51c97b6f24923331301f7b12"
    },
    "addedDate" : 1478562528014,
    "metadata" : [ ]
  }, {
    "asset" : {
      "assetID" : "5392665a7ce1a20107fdbb835186d0b5cb7987bc"
    },
    "addedDate" : 1478562528014,
    "metadata" : [ ]
  }, {
    "asset" : {
      "assetID" : "99df155afbe346e6a9949fbc56f5d7ef232aeb91"
    },
    "addedDate" : 1478562528014,
    "metadata" : [ ]
  }, {
    "asset" : {
      "assetID" : "d819e7e7209e11ec8e61eeeeac1ed9230cee1d33"
    },
    "addedDate" : 1655172855008,
    "metadata" : [ ]
  } ],
  "fileName" : "dcbb5ee820e7cae4907eb5535fa31df4ef1d266f.json",
  "name" : "09 September: Commandments",
  "publicTitle" : "09 Septiembre: Los mandamientos"
}