{
  "parentCollectionID" : "78e52700041380c54bc698db2b0fb2cb8ff0ee9d",
  "parentCollectionPath" : "Mobile Media Library/English - Video/Teaching and Lessons",
  "collectionType" : "assets",
  "path" : "Mobile Media Library/English - Video/Teaching and Lessons/Relief Society and Elders Quorum Lessons",
  "collectionID" : "dd52d231fc1f459b91d55294fd1dbfc8",
  "language" : "eng",
  "type" : "DEFAULT",
  "lastUpdatedDate" : "2024-05-06T11:12:27.041-06:00",
  "links" : [ {
    "rel" : "details",
    "href" : "https://titanapi.churchofjesuschrist.org/assetsearch/api/v2/collection/details/collectionID/dd52d231fc1f459b91d55294fd1dbfc8"
  } ],
  "coverImages" : [ {
    "asset" : {
      "assetID" : "27ea648b0af45422123657e1708e4f1a70b1acc9"
    }
  } ],
  "related" : [ ],
  "metadata" : [ {
    "key" : "orderIndex",
    "value" : "3"
  }, {
    "key" : "description",
    "value" : "Access the latest talks and messages from general conference recommended for sharing in Relief Society and elders quorum lessons.",
    "language" : "eng"
  }, {
    "key" : "collectionUri",
    "value" : "relief-society-and-elders-quorum-lessons",
    "language" : "eng"
  }, {
    "key" : "publicTitle",
    "value" : "Relief Society and Elders Quorum Lessons",
    "language" : "eng"
  } ],
  "children" : [ ],
  "assets" : [ {
    "asset" : {
      "assetID" : "260eb55af43b11ee8fbdeeeeac1e8476abea2dd0"
    },
    "addedDate" : 1715008370710,
    "metadata" : [ ]
  }, {
    "asset" : {
      "assetID" : "c2566b9cf43d11eeac68eeeeac1e22d1f0e708e5"
    },
    "addedDate" : 1715008370740,
    "metadata" : [ ]
  }, {
    "asset" : {
      "assetID" : "4dbde950f44011ee9a78eeeeac1eb9e5be520383"
    },
    "addedDate" : 1715008370743,
    "metadata" : [ ]
  }, {
    "asset" : {
      "assetID" : "691b6a54f44111eeac0feeeeac1e213269e83920"
    },
    "addedDate" : 1715008370726,
    "metadata" : [ ]
  }, {
    "asset" : {
      "assetID" : "c6019c81f44111eebf34eeeeac1ea66cbe7925c1"
    },
    "addedDate" : 1715008370720,
    "metadata" : [ ]
  }, {
    "asset" : {
      "assetID" : "0a4fa083f44711eea15beeeeac1e53a8a230b62e"
    },
    "addedDate" : 1715008370756,
    "metadata" : [ ]
  }, {
    "asset" : {
      "assetID" : "1d544fb4f45b11ee8a11eeeeac1e85ad8d9c20c3"
    },
    "addedDate" : 1715008370740,
    "metadata" : [ ]
  }, {
    "asset" : {
      "assetID" : "d16bac9bf45b11ee8249eeeeac1e129459689f13"
    },
    "addedDate" : 1715008370736,
    "metadata" : [ ]
  }, {
    "asset" : {
      "assetID" : "1dc7fc4bf45f11eea9deeeeeac1ec0fd846a4c98"
    },
    "addedDate" : 1715008370723,
    "metadata" : [ ]
  }, {
    "asset" : {
      "assetID" : "1a9aed5ff46111eea9b7eeeeac1e13f9b9a788e3"
    },
    "addedDate" : 1715008370693,
    "metadata" : [ ]
  }, {
    "asset" : {
      "assetID" : "196cd833f46211ee9a78eeeeac1eb9e512bb08ea"
    },
    "addedDate" : 1715008370716,
    "metadata" : [ ]
  }, {
    "asset" : {
      "assetID" : "bee783eff46211ee8652eeeeac1e0c794f195d84"
    },
    "addedDate" : 1715008370750,
    "metadata" : [ ]
  }, {
    "asset" : {
      "assetID" : "61be4de7f46511ee8ff9eeeeac1e6da7bfa25086"
    },
    "addedDate" : 1715008370713,
    "metadata" : [ ]
  }, {
    "asset" : {
      "assetID" : "67644292f47c11ee968feeeeac1e3923751cfb01"
    },
    "addedDate" : 1715008370750,
    "metadata" : [ ]
  }, {
    "asset" : {
      "assetID" : "caba1244f47f11eea8a9eeeeac1e8b21a0c1523a"
    },
    "addedDate" : 1715008370746,
    "metadata" : [ ]
  }, {
    "asset" : {
      "assetID" : "dbcbbb14f47f11ee83f2eeeeac1e5393dd3a64ae"
    },
    "addedDate" : 1715008370753,
    "metadata" : [ ]
  }, {
    "asset" : {
      "assetID" : "d6101fcdf48611eea55ceeeeac1e2777831ecf02"
    },
    "addedDate" : 1715008370720,
    "metadata" : [ ]
  }, {
    "asset" : {
      "assetID" : "b892930af48711ee9b67eeeeac1e190e660f108d"
    },
    "addedDate" : 1715008370730,
    "metadata" : [ ]
  }, {
    "asset" : {
      "assetID" : "8305776af50111ee8670eeeeac1edabd91fde507"
    },
    "addedDate" : 1715008370706,
    "metadata" : [ ]
  }, {
    "asset" : {
      "assetID" : "7f4cbfc0f50211eeb6beeeeeac1e6d8267884215"
    },
    "addedDate" : 1715008370710,
    "metadata" : [ ]
  }, {
    "asset" : {
      "assetID" : "62512249f50511ee9b67eeeeac1e190effe07fce"
    },
    "addedDate" : 1715008370713,
    "metadata" : [ ]
  }, {
    "asset" : {
      "assetID" : "965c2a15f50811ee86d2eeeeac1e12be3b369838"
    },
    "addedDate" : 1715008370743,
    "metadata" : [ ]
  }, {
    "asset" : {
      "assetID" : "5eb9b174f50a11ee8670eeeeac1edabdc5d4e8c0"
    },
    "addedDate" : 1715008370726,
    "metadata" : [ ]
  }, {
    "asset" : {
      "assetID" : "09ebb925f50c11eebae2eeeeac1e858374e0e946"
    },
    "addedDate" : 1715008370730,
    "metadata" : [ ]
  }, {
    "asset" : {
      "assetID" : "d079a941f51011ee9b67eeeeac1e190e91122fe2"
    },
    "addedDate" : 1715008370706,
    "metadata" : [ ]
  }, {
    "asset" : {
      "assetID" : "7f9294e4f52211eeb6beeeeeac1e6d82e980e408"
    },
    "addedDate" : 1715008370696,
    "metadata" : [ ]
  }, {
    "asset" : {
      "assetID" : "19a358c8f52311eeb578eeeeac1e968c89ca42d8"
    },
    "addedDate" : 1715008370703,
    "metadata" : [ ]
  }, {
    "asset" : {
      "assetID" : "d1cbad56f52711eebd9deeeeac1e481b0d4eb469"
    },
    "addedDate" : 1715008370710,
    "metadata" : [ ]
  }, {
    "asset" : {
      "assetID" : "654682eef52c11ee8363eeeeac1e3b3b1efa11f6"
    },
    "addedDate" : 1715008370730,
    "metadata" : [ ]
  }, {
    "asset" : {
      "assetID" : "cd04a3e1f53111ee8379eeeeac1e37281b16ee75"
    },
    "addedDate" : 1715008370723,
    "metadata" : [ ]
  }, {
    "asset" : {
      "assetID" : "4c645cd0f53d11eeb419eeeeac1e2e047fc976b1"
    },
    "addedDate" : 1715008370746,
    "metadata" : [ ]
  }, {
    "asset" : {
      "assetID" : "e6f0cd86f54a11eeb419eeeeac1e2e04157ba4da"
    },
    "addedDate" : 1715008370730,
    "metadata" : [ ]
  } ],
  "fileName" : "dd52d231fc1f459b91d55294fd1dbfc8.json",
  "name" : "Relief Society and Elders Quorum Lessons",
  "publicTitle" : "Relief Society and Elders Quorum Lessons",
  "description" : "Access the latest talks and messages from general conference recommended for sharing in Relief Society and elders quorum lessons."
}