{
  "parentCollectionID" : "d414f64fa7c602bc149a3b25b5cd80f78b76ae0c",
  "parentCollectionPath" : "Mobile Media Library/Portuguese - Video/Teaching and Lessons/Come, Follow Me/Come, Follow Me: New Testament Learning and Teaching Resources",
  "collectionType" : "assets",
  "path" : "Mobile Media Library/Portuguese - Video/Teaching and Lessons/Come, Follow Me/Come, Follow Me: New Testament Learning and Teaching Resources/28 Jul. 15-21: Acts 10-15",
  "collectionID" : "de6756045e5f9f6a46d6b21debc02b4af9d364fc",
  "language" : "por",
  "type" : "DEFAULT",
  "lastUpdatedDate" : "2021-04-01T16:52:12.003-06:00",
  "links" : [ {
    "rel" : "details",
    "href" : "https://titanapi.churchofjesuschrist.org/assetsearch/api/v2/collection/details/collectionID/de6756045e5f9f6a46d6b21debc02b4af9d364fc"
  } ],
  "coverImages" : [ {
    "asset" : {
      "assetID" : "049289adb5d3194ec7632a1ab70e7200d2707a27"
    }
  } ],
  "related" : [ ],
  "metadata" : [ {
    "key" : "collectionUri",
    "value" : "Jul-15-21-Acts-10-15",
    "language" : "por"
  }, {
    "key" : "publicTitle",
    "value" : "15 a 21 de julho: Atos 10–15",
    "language" : "por"
  } ],
  "children" : [ ],
  "assets" : [ {
    "asset" : {
      "assetID" : "4a81af7c45c090449d0dd8d37e0932295bf8aeb9"
    },
    "addedDate" : 1546636914889,
    "metadata" : [ ]
  }, {
    "asset" : {
      "assetID" : "713fcc10b9fd5417d14a6ae3030b7ad166d0ecc1"
    },
    "addedDate" : 1546637619754,
    "metadata" : [ ]
  }, {
    "asset" : {
      "assetID" : "b0e8ba4bdc90548a01d051d4b345955769074cff"
    },
    "addedDate" : 1546986908922,
    "metadata" : [ ]
  }, {
    "asset" : {
      "assetID" : "ba130aa3a1d355f56582cef8bd01295359c748a0"
    },
    "addedDate" : 1546637299407,
    "metadata" : [ ]
  } ],
  "fileName" : "de6756045e5f9f6a46d6b21debc02b4af9d364fc.json",
  "name" : "28 Jul. 15-21: Acts 10-15",
  "publicTitle" : "15 a 21 de julho: Atos 10–15"
}