{
  "parentCollectionID" : "80660001c1f441ebbd77b4e0511f50aa79ec3f1f",
  "parentCollectionPath" : "Mobile Media Library/Tongan - Video/Topics",
  "collectionType" : "assets",
  "path" : "Mobile Media Library/Tongan - Video/Topics/Fasting",
  "collectionID" : "de8735eb8e3c420a85b2dfdad15aac1532748f05",
  "language" : "ton",
  "type" : "DEFAULT",
  "lastUpdatedDate" : "2023-06-09T16:11:04.296-06:00",
  "links" : [ {
    "rel" : "details",
    "href" : "https://titanapi.churchofjesuschrist.org/assetsearch/api/v2/collection/details/collectionID/de8735eb8e3c420a85b2dfdad15aac1532748f05"
  } ],
  "coverImages" : [ {
    "asset" : {
      "assetID" : "9c5b72820ff3dcc1a7b15c4bb881712a21083800"
    }
  } ],
  "related" : [ ],
  "metadata" : [ {
    "key" : "orderIndex",
    "value" : "12"
  }, {
    "key" : "collectionUri",
    "value" : "fasting-topic",
    "language" : "ton"
  }, {
    "key" : "publicTitle",
    "value" : "ʻAukaí",
    "language" : "ton"
  } ],
  "children" : [ ],
  "assets" : [ {
    "asset" : {
      "assetID" : "26d9456a212d11ec8410eeeeac1e04a28953478b"
    },
    "index" : 0,
    "addedDate" : 1650265216903,
    "metadata" : [ ]
  } ],
  "fileName" : "de8735eb8e3c420a85b2dfdad15aac1532748f05.json",
  "name" : "Fasting",
  "publicTitle" : "ʻAukaí"
}