{
  "parentCollectionID" : "852e81cbc6294dea92ac0d4d45614a0c4a1a54de",
  "parentCollectionPath" : "Mobile Media Library/Japanese - Video/Teaching and Lessons/Come, Follow Me/Come, Follow Me: For Aaronic Priesthood Quorums and Young Women",
  "collectionType" : "collections",
  "path" : "Mobile Media Library/Japanese - Video/Teaching and Lessons/Come, Follow Me/Come, Follow Me: For Aaronic Priesthood Quorums and Young Women/Media for 2023 Doctrinal Topics",
  "collectionID" : "e143475af7f147c583a5a956dc7ee8d5",
  "language" : "jpn",
  "type" : "DEFAULT",
  "lastUpdatedDate" : "2022-10-25T12:43:00.134-06:00",
  "links" : [ {
    "rel" : "details",
    "href" : "https://titanapi.churchofjesuschrist.org/assetsearch/api/v2/collection/details/collectionID/e143475af7f147c583a5a956dc7ee8d5"
  } ],
  "coverImages" : [ {
    "asset" : {
      "assetID" : "5d0f4e4a67ad11ec9459eeeeac1e337a23930e6e"
    }
  } ],
  "related" : [ ],
  "metadata" : [ {
    "key" : "orderIndex",
    "value" : "2"
  }, {
    "key" : "collectionUri",
    "value" : "media-for-2023-doctrinal-topics",
    "language" : "jpn"
  }, {
    "key" : "publicTitle",
    "value" : "2023年の教義的なトピックに関するメディア",
    "language" : "jpn"
  } ],
  "children" : [ {
    "path" : "Mobile Media Library/Japanese - Video/Teaching and Lessons/Come, Follow Me/Come, Follow Me: For Aaronic Priesthood Quorums and Young Women/Media for 2023 Doctrinal Topics/January",
    "collectionID" : "02ce7369a9ce42929c8417b23c38d409",
    "type" : "DEFAULT",
    "lastUpdatedDate" : "2022-10-25T12:44:03.856-06:00",
    "links" : [ {
      "rel" : "details",
      "href" : "https://titanapi.churchofjesuschrist.org/assetsearch/api/v2/collection/details/collectionID/02ce7369a9ce42929c8417b23c38d409"
    } ],
    "fileName" : "02ce7369a9ce42929c8417b23c38d409.json"
  }, {
    "path" : "Mobile Media Library/Japanese - Video/Teaching and Lessons/Come, Follow Me/Come, Follow Me: For Aaronic Priesthood Quorums and Young Women/Media for 2023 Doctrinal Topics/February",
    "collectionID" : "4b94293a99904ecfbe2dc01178bbc572",
    "type" : "DEFAULT",
    "lastUpdatedDate" : "2022-10-25T12:43:46.205-06:00",
    "links" : [ {
      "rel" : "details",
      "href" : "https://titanapi.churchofjesuschrist.org/assetsearch/api/v2/collection/details/collectionID/4b94293a99904ecfbe2dc01178bbc572"
    } ],
    "fileName" : "4b94293a99904ecfbe2dc01178bbc572.json"
  }, {
    "path" : "Mobile Media Library/Japanese - Video/Teaching and Lessons/Come, Follow Me/Come, Follow Me: For Aaronic Priesthood Quorums and Young Women/Media for 2023 Doctrinal Topics/March",
    "collectionID" : "7a88c0ffd8c84c018aa8bbbd1d4fbacc",
    "type" : "DEFAULT",
    "lastUpdatedDate" : "2022-10-25T12:44:20.243-06:00",
    "links" : [ {
      "rel" : "details",
      "href" : "https://titanapi.churchofjesuschrist.org/assetsearch/api/v2/collection/details/collectionID/7a88c0ffd8c84c018aa8bbbd1d4fbacc"
    } ],
    "fileName" : "7a88c0ffd8c84c018aa8bbbd1d4fbacc.json"
  }, {
    "path" : "Mobile Media Library/Japanese - Video/Teaching and Lessons/Come, Follow Me/Come, Follow Me: For Aaronic Priesthood Quorums and Young Women/Media for 2023 Doctrinal Topics/April",
    "collectionID" : "08ee5655da8d4bc99455d654f4f27e90",
    "type" : "DEFAULT",
    "lastUpdatedDate" : "2022-10-25T12:44:39.637-06:00",
    "links" : [ {
      "rel" : "details",
      "href" : "https://titanapi.churchofjesuschrist.org/assetsearch/api/v2/collection/details/collectionID/08ee5655da8d4bc99455d654f4f27e90"
    } ],
    "fileName" : "08ee5655da8d4bc99455d654f4f27e90.json"
  }, {
    "path" : "Mobile Media Library/Japanese - Video/Teaching and Lessons/Come, Follow Me/Come, Follow Me: For Aaronic Priesthood Quorums and Young Women/Media for 2023 Doctrinal Topics/May",
    "collectionID" : "3c82b04d265b4fc9bfa17e13f13d8b90",
    "type" : "DEFAULT",
    "lastUpdatedDate" : "2022-10-25T12:44:55.346-06:00",
    "links" : [ {
      "rel" : "details",
      "href" : "https://titanapi.churchofjesuschrist.org/assetsearch/api/v2/collection/details/collectionID/3c82b04d265b4fc9bfa17e13f13d8b90"
    } ],
    "fileName" : "3c82b04d265b4fc9bfa17e13f13d8b90.json"
  }, {
    "path" : "Mobile Media Library/Japanese - Video/Teaching and Lessons/Come, Follow Me/Come, Follow Me: For Aaronic Priesthood Quorums and Young Women/Media for 2023 Doctrinal Topics/June",
    "collectionID" : "3f2a3149140f4d0c8cf23fe95938b457",
    "type" : "DEFAULT",
    "lastUpdatedDate" : "2022-10-25T12:45:22.707-06:00",
    "links" : [ {
      "rel" : "details",
      "href" : "https://titanapi.churchofjesuschrist.org/assetsearch/api/v2/collection/details/collectionID/3f2a3149140f4d0c8cf23fe95938b457"
    } ],
    "fileName" : "3f2a3149140f4d0c8cf23fe95938b457.json"
  }, {
    "path" : "Mobile Media Library/Japanese - Video/Teaching and Lessons/Come, Follow Me/Come, Follow Me: For Aaronic Priesthood Quorums and Young Women/Media for 2023 Doctrinal Topics/July",
    "collectionID" : "bf5be79ac2264289b1c2d3564c4d46b8",
    "type" : "DEFAULT",
    "lastUpdatedDate" : "2022-10-25T12:45:41.593-06:00",
    "links" : [ {
      "rel" : "details",
      "href" : "https://titanapi.churchofjesuschrist.org/assetsearch/api/v2/collection/details/collectionID/bf5be79ac2264289b1c2d3564c4d46b8"
    } ],
    "fileName" : "bf5be79ac2264289b1c2d3564c4d46b8.json"
  }, {
    "path" : "Mobile Media Library/Japanese - Video/Teaching and Lessons/Come, Follow Me/Come, Follow Me: For Aaronic Priesthood Quorums and Young Women/Media for 2023 Doctrinal Topics/August",
    "collectionID" : "db22a1729a1e464cbd17caf31a0d8788",
    "type" : "DEFAULT",
    "lastUpdatedDate" : "2022-10-25T12:46:02.863-06:00",
    "links" : [ {
      "rel" : "details",
      "href" : "https://titanapi.churchofjesuschrist.org/assetsearch/api/v2/collection/details/collectionID/db22a1729a1e464cbd17caf31a0d8788"
    } ],
    "fileName" : "db22a1729a1e464cbd17caf31a0d8788.json"
  }, {
    "path" : "Mobile Media Library/Japanese - Video/Teaching and Lessons/Come, Follow Me/Come, Follow Me: For Aaronic Priesthood Quorums and Young Women/Media for 2023 Doctrinal Topics/September",
    "collectionID" : "ef122ad2e4dc4686b5997a5c3ad46313",
    "type" : "DEFAULT",
    "lastUpdatedDate" : "2022-10-25T12:46:19.969-06:00",
    "links" : [ {
      "rel" : "details",
      "href" : "https://titanapi.churchofjesuschrist.org/assetsearch/api/v2/collection/details/collectionID/ef122ad2e4dc4686b5997a5c3ad46313"
    } ],
    "fileName" : "ef122ad2e4dc4686b5997a5c3ad46313.json"
  }, {
    "path" : "Mobile Media Library/Japanese - Video/Teaching and Lessons/Come, Follow Me/Come, Follow Me: For Aaronic Priesthood Quorums and Young Women/Media for 2023 Doctrinal Topics/October",
    "collectionID" : "c06f6f2acfdc4ee5bdcad566656efad8",
    "type" : "DEFAULT",
    "lastUpdatedDate" : "2022-10-25T12:46:40.004-06:00",
    "links" : [ {
      "rel" : "details",
      "href" : "https://titanapi.churchofjesuschrist.org/assetsearch/api/v2/collection/details/collectionID/c06f6f2acfdc4ee5bdcad566656efad8"
    } ],
    "fileName" : "c06f6f2acfdc4ee5bdcad566656efad8.json"
  }, {
    "path" : "Mobile Media Library/Japanese - Video/Teaching and Lessons/Come, Follow Me/Come, Follow Me: For Aaronic Priesthood Quorums and Young Women/Media for 2023 Doctrinal Topics/November",
    "collectionID" : "61bb4eac7c574ed9aa7f7bc24b75c2af",
    "type" : "DEFAULT",
    "lastUpdatedDate" : "2022-10-25T12:47:03.081-06:00",
    "links" : [ {
      "rel" : "details",
      "href" : "https://titanapi.churchofjesuschrist.org/assetsearch/api/v2/collection/details/collectionID/61bb4eac7c574ed9aa7f7bc24b75c2af"
    } ],
    "fileName" : "61bb4eac7c574ed9aa7f7bc24b75c2af.json"
  }, {
    "path" : "Mobile Media Library/Japanese - Video/Teaching and Lessons/Come, Follow Me/Come, Follow Me: For Aaronic Priesthood Quorums and Young Women/Media for 2023 Doctrinal Topics/December",
    "collectionID" : "cd5255c1d9e748979c27304fc8f7e2da",
    "type" : "DEFAULT",
    "lastUpdatedDate" : "2022-10-25T12:47:35.853-06:00",
    "links" : [ {
      "rel" : "details",
      "href" : "https://titanapi.churchofjesuschrist.org/assetsearch/api/v2/collection/details/collectionID/cd5255c1d9e748979c27304fc8f7e2da"
    } ],
    "fileName" : "cd5255c1d9e748979c27304fc8f7e2da.json"
  } ],
  "assets" : [ ],
  "fileName" : "e143475af7f147c583a5a956dc7ee8d5.json",
  "name" : "Media for 2023 Doctrinal Topics",
  "publicTitle" : "2023年の教義的なトピックに関するメディア"
}