{
  "parentCollectionID" : "0c6b60db94d544e09f50cdbed2080928d4374163",
  "parentCollectionPath" : "Mobile Media Library/Ukrainian - Video/Life Help/Self-Reliance Services and PEF/Find a Better Job",
  "collectionType" : "collections",
  "path" : "Mobile Media Library/Ukrainian - Video/Life Help/Self-Reliance Services and PEF/Find a Better Job/Chapter 05: Better Written Materials",
  "collectionID" : "e1550898354e4566a33a1e183c6fdfb46a9f0e3f",
  "language" : "ukr",
  "type" : "DEFAULT",
  "lastUpdatedDate" : "2022-07-19T11:57:45.348-06:00",
  "links" : [ {
    "rel" : "details",
    "href" : "https://titanapi.churchofjesuschrist.org/assetsearch/api/v2/collection/details/collectionID/e1550898354e4566a33a1e183c6fdfb46a9f0e3f"
  } ],
  "coverImages" : [ {
    "asset" : {
      "assetID" : "9112066d1fdc9357834f0f016e308d994e9ee1cc"
    }
  } ],
  "related" : [ ],
  "metadata" : [ {
    "key" : "collectionUri",
    "value" : "chapter-5-better-written-materials",
    "language" : "ukr"
  } ],
  "children" : [ ],
  "assets" : [ ],
  "fileName" : "e1550898354e4566a33a1e183c6fdfb46a9f0e3f.json",
  "name" : "Chapter 05: Better Written Materials"
}