{
  "parentCollectionID" : "cc9790690b214237b1f79c70efc4c4788bef7e2c",
  "parentCollectionPath" : "Mobile Media Library/Indonesian - Video/Topics",
  "collectionType" : "assets",
  "path" : "Mobile Media Library/Indonesian - Video/Topics/Priesthood",
  "collectionID" : "e1dfdd4e1d0e48818eaf469cd88583d26b118247",
  "language" : "ind",
  "type" : "DEFAULT",
  "lastUpdatedDate" : "2023-05-24T12:32:28.219-06:00",
  "links" : [ {
    "rel" : "details",
    "href" : "https://titanapi.churchofjesuschrist.org/assetsearch/api/v2/collection/details/collectionID/e1dfdd4e1d0e48818eaf469cd88583d26b118247"
  } ],
  "coverImages" : [ {
    "asset" : {
      "assetID" : "1af7f8ec0704e30eaea14b05c3df181eff0cc368"
    }
  } ],
  "related" : [ ],
  "metadata" : [ {
    "key" : "orderIndex",
    "value" : "26"
  }, {
    "key" : "collectionUri",
    "value" : "priesthood-topic",
    "language" : "ind"
  }, {
    "key" : "publicTitle",
    "value" : "Imamat",
    "language" : "ind"
  } ],
  "children" : [ ],
  "assets" : [ {
    "asset" : {
      "assetID" : "0fda31fe5df4a5796245b4fbac2967030f9d9104"
    },
    "index" : 5,
    "addedDate" : 1650261069460,
    "metadata" : [ ]
  }, {
    "asset" : {
      "assetID" : "686ec0b1b26047d7e2e59af5ee54490be002c416"
    },
    "index" : 2,
    "addedDate" : 1650261069460,
    "metadata" : [ ]
  }, {
    "asset" : {
      "assetID" : "e8a6fa480119de412f8e942fea6e6317930dc145"
    },
    "index" : 1,
    "addedDate" : 1650261069460,
    "metadata" : [ ]
  }, {
    "asset" : {
      "assetID" : "a9e467532bbb353e2ec1e55578946439f62a8819"
    },
    "index" : 0,
    "addedDate" : 1650261069460,
    "metadata" : [ ]
  }, {
    "asset" : {
      "assetID" : "9bc2ed1542279ad12a0780edf831c2454a61f8bf"
    },
    "index" : 4,
    "addedDate" : 1650261069460,
    "metadata" : [ ]
  }, {
    "asset" : {
      "assetID" : "f97f510a212c11ecbd09eeeeac1ec23dd6dd2587"
    },
    "index" : 6,
    "addedDate" : 1650261069460,
    "metadata" : [ ]
  }, {
    "asset" : {
      "assetID" : "0aafa54b212d11ec99eeeeeeac1ea2204fbe6268"
    },
    "index" : 8,
    "addedDate" : 1650261069460,
    "metadata" : [ ]
  } ],
  "fileName" : "e1dfdd4e1d0e48818eaf469cd88583d26b118247.json",
  "name" : "Priesthood",
  "publicTitle" : "Imamat"
}