{
  "parentCollectionID" : "4aa7019ee53e431d8d85d613ebfaf600",
  "parentCollectionPath" : "Mobile Media Library/Mandarin Simpified - Images/Book of Mormon Videos Images",
  "collectionType" : "collections",
  "path" : "Mobile Media Library/Mandarin Simpified - Images/Book of Mormon Videos Images/1 Nephi 17-18",
  "collectionID" : "e245d92ae4444746af9b4b0a7670ba67",
  "language" : "zhs",
  "type" : "DEFAULT",
  "lastUpdatedDate" : "2024-09-17T12:47:07.012-06:00",
  "links" : [ {
    "rel" : "details",
    "href" : "https://titanapi.churchofjesuschrist.org/assetsearch/api/v2/collection/details/collectionID/e245d92ae4444746af9b4b0a7670ba67"
  } ],
  "coverImages" : [ {
    "asset" : {
      "assetID" : "c6bc1d289af575aaabd772a5be12c663cf0260dc"
    }
  } ],
  "related" : [ ],
  "metadata" : [ {
    "key" : "collectionUri",
    "value" : "1-nephi-17-18-images"
  }, {
    "key" : "publicTitle",
    "value" : "尼腓一書第17～18章"
  }, {
    "key" : "orderIndex",
    "value" : "6"
  } ],
  "children" : [ ],
  "assets" : [ ],
  "fileName" : "e245d92ae4444746af9b4b0a7670ba67.json",
  "name" : "1 Nephi 17-18",
  "publicTitle" : "尼腓一書第17～18章"
}