{
  "parentCollectionID" : "161f786269404cdb81c22cd9d31a58a3",
  "parentCollectionPath" : "Mobile Media Library/Portuguese - Images/Everyday People/Portraits of Faith",
  "collectionType" : "assets",
  "path" : "Mobile Media Library/Portuguese - Images/Everyday People/Portraits of Faith/Michael Issac",
  "collectionID" : "e2840186384a4e04a7a495fecb64bb88",
  "language" : "por",
  "type" : "DEFAULT",
  "lastUpdatedDate" : "2023-09-06T16:06:43.066-06:00",
  "links" : [ {
    "rel" : "details",
    "href" : "https://titanapi.churchofjesuschrist.org/assetsearch/api/v2/collection/details/collectionID/e2840186384a4e04a7a495fecb64bb88"
  } ],
  "coverImages" : [ {
    "asset" : {
      "assetID" : "527379770fa0ee6028fed46e95ff264b11134a13"
    }
  } ],
  "related" : [ ],
  "metadata" : [ {
    "key" : "collectionUri",
    "value" : "michael-issac-images",
    "language" : "por"
  }, {
    "key" : "publicTitle",
    "value" : "Michael Issac",
    "language" : "por"
  }, {
    "key" : "orderIndex",
    "value" : "17"
  } ],
  "children" : [ ],
  "assets" : [ {
    "asset" : {
      "assetID" : "7077a955f0cf7de4bd84d4afb22a2a068ecbc4f3"
    },
    "addedDate" : 1694038756246,
    "metadata" : [ ]
  }, {
    "asset" : {
      "assetID" : "527379770fa0ee6028fed46e95ff264b11134a13"
    },
    "addedDate" : 1694038756250,
    "metadata" : [ ]
  }, {
    "asset" : {
      "assetID" : "242f3368b3ca38706f6f39a9be9e2c8712947d9e"
    },
    "addedDate" : 1694038756250,
    "metadata" : [ ]
  }, {
    "asset" : {
      "assetID" : "b1a54da1bcc6f1cc6406b094d261a61aceb22ed5"
    },
    "addedDate" : 1694038756246,
    "metadata" : [ ]
  } ],
  "fileName" : "e2840186384a4e04a7a495fecb64bb88.json",
  "name" : "Michael Issac",
  "publicTitle" : "Michael Issac"
}