{
  "parentCollectionID" : "a18b69560e6c4f2682ed00cac53a58ddb90f269a",
  "parentCollectionPath" : "Mobile Media Library/Samoan - Video/Teaching and Lessons/Seminary and Institute/Seminary",
  "collectionType" : "assets",
  "path" : "Mobile Media Library/Samoan - Video/Teaching and Lessons/Seminary and Institute/Seminary/Doctrine and Covenants Visual Resources",
  "collectionID" : "e2fe07e95187429b9e3f8482e1f072ac8948a235",
  "language" : "smo",
  "type" : "DEFAULT",
  "lastUpdatedDate" : "2022-04-18T00:18:59.976-06:00",
  "links" : [ {
    "rel" : "details",
    "href" : "https://titanapi.churchofjesuschrist.org/assetsearch/api/v2/collection/details/collectionID/e2fe07e95187429b9e3f8482e1f072ac8948a235"
  } ],
  "coverImages" : [ {
    "asset" : {
      "assetID" : "11bc0910902f6e7126f4562c2be2b2bb76c3d1bc"
    }
  } ],
  "related" : [ ],
  "metadata" : [ {
    "key" : "collectionUri",
    "value" : "doctrine-and-covenants-visual-resources",
    "language" : "smo"
  }, {
    "key" : "orderIndex",
    "value" : "3"
  } ],
  "children" : [ ],
  "assets" : [ {
    "asset" : {
      "assetID" : "7f5369703647dbaa923c7461d6c5a95d7a34136c"
    },
    "index" : 14,
    "addedDate" : 1650262958030,
    "metadata" : [ ]
  }, {
    "asset" : {
      "assetID" : "2535c3fa9af0d1af986737bcdde4f9725c75356c"
    },
    "index" : 4,
    "addedDate" : 1650262958030,
    "metadata" : [ ]
  }, {
    "asset" : {
      "assetID" : "6d3564e2db5b42260668c8335f8ec2f9778a7a35"
    },
    "index" : 1,
    "addedDate" : 1650262958030,
    "metadata" : [ ]
  }, {
    "asset" : {
      "assetID" : "e31137a0b7c8818c36297af16cf1eec8134aa53b"
    },
    "index" : 11,
    "addedDate" : 1650262958030,
    "metadata" : [ ]
  }, {
    "asset" : {
      "assetID" : "2ee327ef40f1c53c253922af04af71f910a91cd0"
    },
    "index" : 0,
    "addedDate" : 1650262958030,
    "metadata" : [ ]
  }, {
    "asset" : {
      "assetID" : "d3310e5b46fd44e1bbb85747c87ac828d7412a07"
    },
    "index" : 8,
    "addedDate" : 1650262958030,
    "metadata" : [ ]
  }, {
    "asset" : {
      "assetID" : "f1c0e54fb9799d1589e589ad194c7a5a0bf5a136"
    },
    "index" : 12,
    "addedDate" : 1650262958030,
    "metadata" : [ ]
  } ],
  "fileName" : "e2fe07e95187429b9e3f8482e1f072ac8948a235.json",
  "name" : "Doctrine and Covenants Visual Resources"
}