{
  "parentCollectionID" : "976f8552dcb641e482ba53de563e7955",
  "parentCollectionPath" : "Mobile Media Library/French - Images/Book of Mormon Videos Images",
  "collectionType" : "assets",
  "path" : "Mobile Media Library/French - Images/Book of Mormon Videos Images/1 Nephi 17-18",
  "collectionID" : "e52ab73ff22e4cc7b0c48cf0850d4f0b",
  "language" : "fra",
  "type" : "DEFAULT",
  "lastUpdatedDate" : "2023-08-31T23:49:36.710-06:00",
  "links" : [ {
    "rel" : "details",
    "href" : "https://titanapi.churchofjesuschrist.org/assetsearch/api/v2/collection/details/collectionID/e52ab73ff22e4cc7b0c48cf0850d4f0b"
  } ],
  "coverImages" : [ {
    "asset" : {
      "assetID" : "c6bc1d289af575aaabd772a5be12c663cf0260dc"
    }
  } ],
  "related" : [ ],
  "metadata" : [ {
    "key" : "collectionUri",
    "value" : "1-nephi-17-18-images",
    "language" : "fra"
  }, {
    "key" : "publicTitle",
    "value" : "1 Néphi 17-18",
    "language" : "fra"
  }, {
    "key" : "orderIndex",
    "value" : "6"
  } ],
  "children" : [ ],
  "assets" : [ {
    "asset" : {
      "assetID" : "0003c1a724ca633e3dc1b10463b3a26fa4700a4d"
    },
    "addedDate" : 1693548248520,
    "metadata" : [ ]
  }, {
    "asset" : {
      "assetID" : "0354372cdf5e43807077022aabbf6c676935a149"
    },
    "addedDate" : 1693548248516,
    "metadata" : [ ]
  }, {
    "asset" : {
      "assetID" : "0c0cef5d8de1dc227c53ee347a827b4abe601f5f"
    },
    "addedDate" : 1693548248530,
    "metadata" : [ ]
  }, {
    "asset" : {
      "assetID" : "0f509a505e29c3dd498800119179842d9691590f"
    },
    "addedDate" : 1693548248493,
    "metadata" : [ ]
  }, {
    "asset" : {
      "assetID" : "1126c8010296382e0c3107b9de8bcb02f064ccdd"
    },
    "addedDate" : 1693548248523,
    "metadata" : [ ]
  }, {
    "asset" : {
      "assetID" : "2c20703e8016ef32566f3c1a8375d21d0ef9cfa8"
    },
    "addedDate" : 1693548248530,
    "metadata" : [ ]
  }, {
    "asset" : {
      "assetID" : "2d287c97bd505b293009fbe4ac156bcf656a9869"
    },
    "addedDate" : 1693548248503,
    "metadata" : [ ]
  }, {
    "asset" : {
      "assetID" : "30e49b984df516909f75aaa26ebf2a3e843095d9"
    },
    "addedDate" : 1693548248480,
    "metadata" : [ ]
  }, {
    "asset" : {
      "assetID" : "39b9f3fbe82f899d440312db6568aa55f46b2957"
    },
    "addedDate" : 1693548248536,
    "metadata" : [ ]
  }, {
    "asset" : {
      "assetID" : "3cc4746311705ee149d3d3d635a769173d218c83"
    },
    "addedDate" : 1693548248516,
    "metadata" : [ ]
  }, {
    "asset" : {
      "assetID" : "40f37d8c54a0ef4350839d18c98b44431717f3ce"
    },
    "addedDate" : 1693548248460,
    "metadata" : [ ]
  }, {
    "asset" : {
      "assetID" : "425253b74cfd22581119b48c1f08bb5e9eccb164"
    },
    "addedDate" : 1693548248510,
    "metadata" : [ ]
  }, {
    "asset" : {
      "assetID" : "43d49a1df1ac8de71ee230baec50dccfea3fd056"
    },
    "addedDate" : 1693548248493,
    "metadata" : [ ]
  }, {
    "asset" : {
      "assetID" : "476e81b70db5df66871f425e4e8850b5ee08e7fd"
    },
    "addedDate" : 1693548248496,
    "metadata" : [ ]
  }, {
    "asset" : {
      "assetID" : "4892f86445073fc4789e6ce8baecbe5f689c0004"
    },
    "addedDate" : 1693548248476,
    "metadata" : [ ]
  }, {
    "asset" : {
      "assetID" : "57f648552c9a63d75098e0ff5bfd3d50b9fc9169"
    },
    "addedDate" : 1693548248536,
    "metadata" : [ ]
  }, {
    "asset" : {
      "assetID" : "5a29827590314873fdac4c49a5e2d1bdf728d59e"
    },
    "addedDate" : 1693548248490,
    "metadata" : [ ]
  }, {
    "asset" : {
      "assetID" : "5bb8b7e00ca66dd1dfd50bd07bd796030a428141"
    },
    "addedDate" : 1693548248546,
    "metadata" : [ ]
  }, {
    "asset" : {
      "assetID" : "63247be66be4dea05ed93d535b07e115f412387b"
    },
    "addedDate" : 1693548248513,
    "metadata" : [ ]
  }, {
    "asset" : {
      "assetID" : "66dcd465bd4b85bdfa5df1ad20a07f871b1fd176"
    },
    "addedDate" : 1693548248496,
    "metadata" : [ ]
  }, {
    "asset" : {
      "assetID" : "6c26abee98b5a042f242f7897d22a732560288d1"
    },
    "addedDate" : 1693548248476,
    "metadata" : [ ]
  }, {
    "asset" : {
      "assetID" : "6fd66faccf529df5d88840b1840edd7f4d87ba6b"
    },
    "addedDate" : 1693548248503,
    "metadata" : [ ]
  }, {
    "asset" : {
      "assetID" : "700ad35e77c55719b3ecccd6ad7c21b08f8307fb"
    },
    "addedDate" : 1693548248473,
    "metadata" : [ ]
  }, {
    "asset" : {
      "assetID" : "7bb5087f955d02bbd99b30d2f4522f684d79632d"
    },
    "addedDate" : 1693548248523,
    "metadata" : [ ]
  }, {
    "asset" : {
      "assetID" : "844145eab64f5cf7ff7e5059046acdc4fa583b6b"
    },
    "addedDate" : 1693548248543,
    "metadata" : [ ]
  }, {
    "asset" : {
      "assetID" : "850deb3d2f85c6924de213aa53ed8301ba9fe352"
    },
    "addedDate" : 1693548248546,
    "metadata" : [ ]
  }, {
    "asset" : {
      "assetID" : "8eafcb1f49aeeae37da03f7639458dfe99f26b27"
    },
    "addedDate" : 1693548248506,
    "metadata" : [ ]
  }, {
    "asset" : {
      "assetID" : "914c7c0ce3a0614201c21277705c0cf9524942c3"
    },
    "addedDate" : 1693548248450,
    "metadata" : [ ]
  }, {
    "asset" : {
      "assetID" : "9353d288b18e8207455bc44485995385d9240fd4"
    },
    "addedDate" : 1693548248520,
    "metadata" : [ ]
  }, {
    "asset" : {
      "assetID" : "93a7123c8c12d2466b791b0188c617642f7e5de5"
    },
    "addedDate" : 1693548248540,
    "metadata" : [ ]
  }, {
    "asset" : {
      "assetID" : "97ccafb783f14df97dc0f9d913dbf995467ea7be"
    },
    "addedDate" : 1693548248543,
    "metadata" : [ ]
  }, {
    "asset" : {
      "assetID" : "99c6db9cf5e13a4795f525b7654193ac216e0989"
    },
    "addedDate" : 1693548248450,
    "metadata" : [ ]
  }, {
    "asset" : {
      "assetID" : "9b6b346b9c8d1b8598fd15af4c5a3b68093466e1"
    },
    "addedDate" : 1693548248463,
    "metadata" : [ ]
  }, {
    "asset" : {
      "assetID" : "a020d258fb47ebf09d51926ba48df56b0def616f"
    },
    "addedDate" : 1693548248510,
    "metadata" : [ ]
  }, {
    "asset" : {
      "assetID" : "a2a7f4d4c9491a0c218e157d40b63aae5d6f085b"
    },
    "addedDate" : 1693548248490,
    "metadata" : [ ]
  }, {
    "asset" : {
      "assetID" : "a43e46977f4975dd201d75edceee5f47709887c2"
    },
    "addedDate" : 1693548248486,
    "metadata" : [ ]
  }, {
    "asset" : {
      "assetID" : "a56a75aff1d812f5e191993da83e0e5f04939268"
    },
    "addedDate" : 1693548248533,
    "metadata" : [ ]
  }, {
    "asset" : {
      "assetID" : "a5d97206825a69d8e957678e62c87c6a80b9242b"
    },
    "addedDate" : 1693548248480,
    "metadata" : [ ]
  }, {
    "asset" : {
      "assetID" : "a661c0dce6ebfb8454195a759459d20d88f598ae"
    },
    "addedDate" : 1693548248470,
    "metadata" : [ ]
  }, {
    "asset" : {
      "assetID" : "aa995615864ab51de39a5f64e3ad3294d0a4eba0"
    },
    "addedDate" : 1693548248533,
    "metadata" : [ ]
  }, {
    "asset" : {
      "assetID" : "bda7258d151aaece81dc8a143e79139e496fe321"
    },
    "addedDate" : 1693548248456,
    "metadata" : [ ]
  }, {
    "asset" : {
      "assetID" : "c6220d333ef9b0501adb8bc7ebcadb2da6afde7e"
    },
    "addedDate" : 1693548248483,
    "metadata" : [ ]
  }, {
    "asset" : {
      "assetID" : "d1f50b972f3b6771006a7a68a061495a32591507"
    },
    "addedDate" : 1693548248490,
    "metadata" : [ ]
  }, {
    "asset" : {
      "assetID" : "d5537487311afbaddb8b0d25ce6206ac86a25e4a"
    },
    "addedDate" : 1693548248470,
    "metadata" : [ ]
  }, {
    "asset" : {
      "assetID" : "d622445b8375168d0e24a1b506c40e7b1d990799"
    },
    "addedDate" : 1693548248510,
    "metadata" : [ ]
  }, {
    "asset" : {
      "assetID" : "d92ca5c963dcd9bb8ca9c753aff821d185b0def3"
    },
    "addedDate" : 1693548248536,
    "metadata" : [ ]
  }, {
    "asset" : {
      "assetID" : "da964d8d14b1f79cb20b481d89225c3d76bfc729"
    },
    "addedDate" : 1693548248463,
    "metadata" : [ ]
  }, {
    "asset" : {
      "assetID" : "dcef81d2d3f903fa3e3438b416e38087157bbdb4"
    },
    "addedDate" : 1693548248453,
    "metadata" : [ ]
  }, {
    "asset" : {
      "assetID" : "dda3fbb0c7610513ac558c53c5da96e3b53d1487"
    },
    "addedDate" : 1693548248473,
    "metadata" : [ ]
  }, {
    "asset" : {
      "assetID" : "c07974373e225d5e8ffb273ea1c60683fcef4094"
    },
    "addedDate" : 1693548248530,
    "metadata" : [ ]
  }, {
    "asset" : {
      "assetID" : "e936af07005fca03986b32abe207ed5ecaece101"
    },
    "addedDate" : 1693548248500,
    "metadata" : [ ]
  }, {
    "asset" : {
      "assetID" : "e3d7a50d301b3b8611f5305884b003adbf2911de"
    },
    "addedDate" : 1693548248466,
    "metadata" : [ ]
  }, {
    "asset" : {
      "assetID" : "f83165373f5533b93b185239610b247c019ef23b"
    },
    "addedDate" : 1693548248506,
    "metadata" : [ ]
  }, {
    "asset" : {
      "assetID" : "f608f8b4d3e1d186fd1d1e2ced8aa0258fb20a02"
    },
    "addedDate" : 1693548248550,
    "metadata" : [ ]
  }, {
    "asset" : {
      "assetID" : "fcf6b0407f0f2b3291da676a85900bbb562b6412"
    },
    "addedDate" : 1693548248526,
    "metadata" : [ ]
  }, {
    "asset" : {
      "assetID" : "0e6175d550933d757c40a7983e9ea1d901fd269a"
    },
    "addedDate" : 1693548248500,
    "metadata" : [ ]
  }, {
    "asset" : {
      "assetID" : "8238a575bff7cfb46bbb5f4b8fd8582e675439ce"
    },
    "addedDate" : 1693548248500,
    "metadata" : [ ]
  }, {
    "asset" : {
      "assetID" : "4708c9fcf7face9f8fde10b5afa2f5f9a9bcf084"
    },
    "addedDate" : 1693548248540,
    "metadata" : [ ]
  } ],
  "fileName" : "e52ab73ff22e4cc7b0c48cf0850d4f0b.json",
  "name" : "1 Nephi 17-18",
  "publicTitle" : "1 Néphi 17-18"
}