{
  "parentCollectionID" : "149cfa6579ff4c678504e0b32d752902",
  "parentCollectionPath" : "Mobile Media Library/Japanese - Images/Book of Mormon Videos Images",
  "collectionType" : "assets",
  "path" : "Mobile Media Library/Japanese - Images/Book of Mormon Videos Images/3 Nephi 17",
  "collectionID" : "e553b0877d9e498697253aae36ce0bac",
  "language" : "jpn",
  "type" : "DEFAULT",
  "lastUpdatedDate" : "2023-09-12T13:30:24.177-06:00",
  "links" : [ {
    "rel" : "details",
    "href" : "https://titanapi.churchofjesuschrist.org/assetsearch/api/v2/collection/details/collectionID/e553b0877d9e498697253aae36ce0bac"
  } ],
  "coverImages" : [ {
    "asset" : {
      "assetID" : "efb6b620fba011ebbf18eeeeac1e5d0bd05a63e4"
    }
  } ],
  "related" : [ ],
  "metadata" : [ {
    "key" : "collectionUri",
    "value" : "bmvl-images-3-nephi-17",
    "language" : "jpn"
  }, {
    "key" : "publicTitle",
    "value" : "3ニーファイ17章",
    "language" : "jpn"
  }, {
    "key" : "orderIndex",
    "value" : "18"
  } ],
  "children" : [ ],
  "assets" : [ {
    "asset" : {
      "assetID" : "e9288cb6fba011eb8546eeeeac1e208ae3a92a62"
    },
    "addedDate" : 1694547964493,
    "metadata" : [ ]
  }, {
    "asset" : {
      "assetID" : "e4e368f6fba011eb9119eeeeac1ef188cf75aacb"
    },
    "addedDate" : 1694547964496,
    "metadata" : [ ]
  }, {
    "asset" : {
      "assetID" : "e229796bfba011eb8c47eeeeac1efe0eebf67bca"
    },
    "addedDate" : 1694547964480,
    "metadata" : [ ]
  }, {
    "asset" : {
      "assetID" : "f28df1f7fba011eb9ee7eeeeac1e7c53f2d1608c"
    },
    "addedDate" : 1694547964476,
    "metadata" : [ ]
  }, {
    "asset" : {
      "assetID" : "f9b1f2c1fba011ebbf18eeeeac1e5d0b3d05bc35"
    },
    "addedDate" : 1694547964476,
    "metadata" : [ ]
  }, {
    "asset" : {
      "assetID" : "efb6b620fba011ebbf18eeeeac1e5d0bd05a63e4"
    },
    "addedDate" : 1694547964473,
    "metadata" : [ ]
  }, {
    "asset" : {
      "assetID" : "0884a85cfba111eb8c47eeeeac1efe0e4819a76e"
    },
    "addedDate" : 1694547964473,
    "metadata" : [ ]
  }, {
    "asset" : {
      "assetID" : "2fae4ad8fba111eb99c6eeeeac1e03b2219029b9"
    },
    "addedDate" : 1694547964466,
    "metadata" : [ ]
  }, {
    "asset" : {
      "assetID" : "4f1d78fffba111eba545eeeeac1e6659d841d5af"
    },
    "addedDate" : 1694547964470,
    "metadata" : [ ]
  }, {
    "asset" : {
      "assetID" : "4ab3681bfba111ebbb5eeeeeac1e9b2ada8d6558"
    },
    "addedDate" : 1694547964483,
    "metadata" : [ ]
  }, {
    "asset" : {
      "assetID" : "65a1f01cfba111ebbb5eeeeeac1e9b2a21a77bf3"
    },
    "addedDate" : 1694547964486,
    "metadata" : [ ]
  }, {
    "asset" : {
      "assetID" : "68f9a69afba111eb99c6eeeeac1e03b2a3e9a797"
    },
    "addedDate" : 1694547964480,
    "metadata" : [ ]
  }, {
    "asset" : {
      "assetID" : "8a2ca4d6fba111ebab09eeeeac1ec5fbaa761bf7"
    },
    "addedDate" : 1694547964480,
    "metadata" : [ ]
  }, {
    "asset" : {
      "assetID" : "974dd98dfba111eb8c47eeeeac1efe0ee8f936d7"
    },
    "addedDate" : 1694547964490,
    "metadata" : [ ]
  }, {
    "asset" : {
      "assetID" : "904b432bfba111eb9ee7eeeeac1e7c53ea714ae4"
    },
    "addedDate" : 1694547964493,
    "metadata" : [ ]
  }, {
    "asset" : {
      "assetID" : "8d834995fba111ebbf18eeeeac1e5d0b1643d1af"
    },
    "addedDate" : 1694547964490,
    "metadata" : [ ]
  }, {
    "asset" : {
      "assetID" : "87da2951fba111eba545eeeeac1e665982006ffb"
    },
    "addedDate" : 1694547964490,
    "metadata" : [ ]
  }, {
    "asset" : {
      "assetID" : "93f9cc3cfba111eb9119eeeeac1ef188fcbc08a3"
    },
    "addedDate" : 1694547964486,
    "metadata" : [ ]
  } ],
  "fileName" : "e553b0877d9e498697253aae36ce0bac.json",
  "name" : "3 Nephi 17",
  "publicTitle" : "3ニーファイ17章"
}