{
  "parentCollectionID" : "f590fbf417cd47afb943aa8206baa85c",
  "parentCollectionPath" : "Mobile Media Library/Mandarin Traditional - Images/Book of Mormon Videos Images",
  "collectionType" : "assets",
  "path" : "Mobile Media Library/Mandarin Traditional - Images/Book of Mormon Videos Images/3 Nephi 18",
  "collectionID" : "e62dab68fc6f48db8a0d964935e1b346",
  "language" : "zho",
  "type" : "DEFAULT",
  "lastUpdatedDate" : "2024-09-17T15:01:15.830-06:00",
  "links" : [ {
    "rel" : "details",
    "href" : "https://titanapi.churchofjesuschrist.org/assetsearch/api/v2/collection/details/collectionID/e62dab68fc6f48db8a0d964935e1b346"
  } ],
  "coverImages" : [ {
    "asset" : {
      "assetID" : "a3cd4c42756511ec9c93eeeeac1e2429760d37dd"
    }
  } ],
  "related" : [ ],
  "metadata" : [ {
    "key" : "collectionUri",
    "value" : "bmvl-images-3-nephi-18"
  }, {
    "key" : "publicTitle",
    "value" : "尼腓三書第18章"
  }, {
    "key" : "orderIndex",
    "value" : "19"
  } ],
  "children" : [ ],
  "assets" : [ {
    "asset" : {
      "assetID" : "7ff1bef9051d11ec9244eeeeac1e5646e16becb5"
    },
    "addedDate" : 1695053619116,
    "metadata" : [ ]
  }, {
    "asset" : {
      "assetID" : "d8a4bdf8051d11ecb3a9eeeeac1e6802c13f3bdb"
    },
    "addedDate" : 1695053619106,
    "metadata" : [ ]
  }, {
    "asset" : {
      "assetID" : "bbf54c3e051d11eca545eeeeac1e6659f619edaf"
    },
    "addedDate" : 1695053619123,
    "metadata" : [ ]
  }, {
    "asset" : {
      "assetID" : "cd50f65f051d11eca545eeeeac1e665906f25b1c"
    },
    "addedDate" : 1695053619086,
    "metadata" : [ ]
  }, {
    "asset" : {
      "assetID" : "bbf32984051d11ec8c47eeeeac1efe0e472d5c6a"
    },
    "addedDate" : 1695053619080,
    "metadata" : [ ]
  }, {
    "asset" : {
      "assetID" : "a9a026d9051d11ecbf18eeeeac1e5d0b189e5c57"
    },
    "addedDate" : 1695053619126,
    "metadata" : [ ]
  }, {
    "asset" : {
      "assetID" : "983d9ee8051d11ecbf18eeeeac1e5d0ba4eb6668"
    },
    "addedDate" : 1695053619120,
    "metadata" : [ ]
  }, {
    "asset" : {
      "assetID" : "989f1ff1051d11ecb5d9eeeeac1ebcf22340157e"
    },
    "addedDate" : 1695053619113,
    "metadata" : [ ]
  }, {
    "asset" : {
      "assetID" : "bc01cf62051d11ecb5d9eeeeac1ebcf2eb05e89d"
    },
    "addedDate" : 1695053619100,
    "metadata" : [ ]
  }, {
    "asset" : {
      "assetID" : "988d6c44051d11ec9ee7eeeeac1e7c538dd34a13"
    },
    "addedDate" : 1695053619083,
    "metadata" : [ ]
  }, {
    "asset" : {
      "assetID" : "bbe6a680051d11ecab09eeeeac1ec5fb3e0dc8ba"
    },
    "addedDate" : 1695053619056,
    "metadata" : [ ]
  } ],
  "fileName" : "e62dab68fc6f48db8a0d964935e1b346.json",
  "name" : "3 Nephi 18",
  "publicTitle" : "尼腓三書第18章"
}