{
  "parentCollectionID" : "ec3e77f93b394a939a5cc3836994c86730a7e321",
  "parentCollectionPath" : "Mobile Media Library/Danish - Video/Topics",
  "collectionType" : "collections",
  "path" : "Mobile Media Library/Danish - Video/Topics/Women",
  "collectionID" : "e633d7241b07464182638f8d685a8257f2dd5305",
  "language" : "dan",
  "type" : "DEFAULT",
  "lastUpdatedDate" : "2023-05-24T16:21:24.712-06:00",
  "links" : [ {
    "rel" : "details",
    "href" : "https://titanapi.churchofjesuschrist.org/assetsearch/api/v2/collection/details/collectionID/e633d7241b07464182638f8d685a8257f2dd5305"
  } ],
  "coverImages" : [ {
    "asset" : {
      "assetID" : "73ea107abef4e7eb469f1b5d198a53c009e207ad"
    }
  } ],
  "related" : [ ],
  "metadata" : [ {
    "key" : "orderIndex",
    "value" : "36"
  }, {
    "key" : "collectionUri",
    "value" : "women-topic",
    "language" : "dan"
  }, {
    "key" : "publicTitle",
    "value" : "Kvinder",
    "language" : "dan"
  } ],
  "children" : [ ],
  "assets" : [ ],
  "fileName" : "e633d7241b07464182638f8d685a8257f2dd5305.json",
  "name" : "Women",
  "publicTitle" : "Kvinder"
}