{
  "parentCollectionID" : "43b29b217e6345f0a361304e1f3323d3",
  "parentCollectionPath" : "Mobile Media Library/Mandarin Simplified - Video",
  "collectionType" : "collections",
  "path" : "Mobile Media Library/Mandarin Simplified - Video/Broadcasts",
  "collectionID" : "e63665461e7049c699513e42bfd06a6dcaab5de7",
  "language" : "zhs",
  "type" : "DEFAULT",
  "lastUpdatedDate" : "2024-10-22T09:16:59.457-06:00",
  "links" : [ {
    "rel" : "details",
    "href" : "https://titanapi.churchofjesuschrist.org/assetsearch/api/v2/collection/details/collectionID/e63665461e7049c699513e42bfd06a6dcaab5de7"
  } ],
  "coverImages" : [ {
    "asset" : {
      "assetID" : "39e0d603b65c1879f4f1856917353d47fc9bfb4e"
    }
  } ],
  "related" : [ ],
  "metadata" : [ {
    "key" : "collectionUri",
    "value" : "broadcasts"
  }, {
    "key" : "orderIndex",
    "value" : "1"
  }, {
    "key" : "channel",
    "value" : "mobile",
    "language" : "zhs"
  }, {
    "key" : "collectionUri",
    "value" : "broadcasts",
    "language" : "zhs"
  }, {
    "key" : "publicTitle",
    "value" : "转播",
    "language" : "zhs"
  } ],
  "children" : [ {
    "path" : "Mobile Media Library/Mandarin Simplified - Video/Broadcasts/Love, Share, Invite",
    "collectionID" : "7b52c444823f49448553d0315a8694337b5c1bfd",
    "type" : "DEFAULT",
    "lastUpdatedDate" : "2022-04-07T15:29:38.950-06:00",
    "links" : [ {
      "rel" : "details",
      "href" : "https://titanapi.churchofjesuschrist.org/assetsearch/api/v2/collection/details/collectionID/7b52c444823f49448553d0315a8694337b5c1bfd"
    } ],
    "fileName" : "7b52c444823f49448553d0315a8694337b5c1bfd.json"
  }, {
    "path" : "Mobile Media Library/Mandarin Simplified - Video/Broadcasts/RootsTech",
    "collectionID" : "daa5ed17c457479e904674d0d6eb8189d554d845",
    "type" : "DEFAULT",
    "lastUpdatedDate" : "2024-09-18T09:48:53.040-06:00",
    "links" : [ {
      "rel" : "details",
      "href" : "https://titanapi.churchofjesuschrist.org/assetsearch/api/v2/collection/details/collectionID/daa5ed17c457479e904674d0d6eb8189d554d845"
    } ],
    "fileName" : "daa5ed17c457479e904674d0d6eb8189d554d845.json"
  }, {
    "path" : "Mobile Media Library/Mandarin Simplified - Video/Broadcasts/Special Broadcasts",
    "collectionID" : "115e5ea762e1422989cb8dad8634ae144bf77c36",
    "type" : "DEFAULT",
    "lastUpdatedDate" : "2024-09-18T09:49:22.548-06:00",
    "links" : [ {
      "rel" : "details",
      "href" : "https://titanapi.churchofjesuschrist.org/assetsearch/api/v2/collection/details/collectionID/115e5ea762e1422989cb8dad8634ae144bf77c36"
    } ],
    "fileName" : "115e5ea762e1422989cb8dad8634ae144bf77c36.json"
  }, {
    "path" : "Mobile Media Library/Mandarin Simplified - Video/Broadcasts/Teaching in the Savior's Way",
    "collectionID" : "63d198190dc34962bdc9b9e6f61cedc5",
    "type" : "DEFAULT",
    "lastUpdatedDate" : "2022-06-17T14:20:38.870-06:00",
    "links" : [ {
      "rel" : "details",
      "href" : "https://titanapi.churchofjesuschrist.org/assetsearch/api/v2/collection/details/collectionID/63d198190dc34962bdc9b9e6f61cedc5"
    } ],
    "fileName" : "63d198190dc34962bdc9b9e6f61cedc5.json"
  }, {
    "path" : "Mobile Media Library/Mandarin Simplified - Video/Broadcasts/Teaching Religion to Youth and Young Adults",
    "collectionID" : "295401b6bf28408a88048e5583dd402f",
    "type" : "DEFAULT",
    "lastUpdatedDate" : "2023-11-03T10:02:15.491-06:00",
    "links" : [ {
      "rel" : "details",
      "href" : "https://titanapi.churchofjesuschrist.org/assetsearch/api/v2/collection/details/collectionID/295401b6bf28408a88048e5583dd402f"
    } ],
    "fileName" : "295401b6bf28408a88048e5583dd402f.json"
  }, {
    "path" : "Mobile Media Library/Mandarin Simplified - Video/Broadcasts/Worldwide Day of Testimony",
    "collectionID" : "bfe24bfef4bc4474aefe7d6da42b34ae",
    "type" : "DEFAULT",
    "lastUpdatedDate" : "2023-11-13T22:52:40.745-07:00",
    "links" : [ {
      "rel" : "details",
      "href" : "https://titanapi.churchofjesuschrist.org/assetsearch/api/v2/collection/details/collectionID/bfe24bfef4bc4474aefe7d6da42b34ae"
    } ],
    "fileName" : "bfe24bfef4bc4474aefe7d6da42b34ae.json"
  }, {
    "path" : "Mobile Media Library/Mandarin Simplified - Video/Broadcasts/S&I Broadcasts",
    "collectionID" : "69fe1b3a8f204ccb8ed94a2652ba5a5e",
    "type" : "DEFAULT",
    "lastUpdatedDate" : "2024-02-02T00:10:20.927-07:00",
    "links" : [ {
      "rel" : "details",
      "href" : "https://titanapi.churchofjesuschrist.org/assetsearch/api/v2/collection/details/collectionID/69fe1b3a8f204ccb8ed94a2652ba5a5e"
    } ],
    "fileName" : "69fe1b3a8f204ccb8ed94a2652ba5a5e.json"
  }, {
    "path" : "Mobile Media Library/Mandarin Simplified - Video/Broadcasts/Worldwide Relief Society Devotional and Testimony Meeting",
    "collectionID" : "b8c4d86e875f485ca68a35db2cfe8688",
    "type" : "DEFAULT",
    "lastUpdatedDate" : "2024-03-14T11:43:49.480-06:00",
    "links" : [ {
      "rel" : "details",
      "href" : "https://titanapi.churchofjesuschrist.org/assetsearch/api/v2/collection/details/collectionID/b8c4d86e875f485ca68a35db2cfe8688"
    } ],
    "fileName" : "b8c4d86e875f485ca68a35db2cfe8688.json"
  }, {
    "path" : "Mobile Media Library/Mandarin Simplified - Video/Broadcasts/Christmas Devotionals",
    "collectionID" : "28089f73849a4846abee7cf0c4b8dafa2e31bad6",
    "type" : "DEFAULT",
    "lastUpdatedDate" : "2024-09-18T09:49:45.417-06:00",
    "links" : [ {
      "rel" : "details",
      "href" : "https://titanapi.churchofjesuschrist.org/assetsearch/api/v2/collection/details/collectionID/28089f73849a4846abee7cf0c4b8dafa2e31bad6"
    } ],
    "fileName" : "28089f73849a4846abee7cf0c4b8dafa2e31bad6.json"
  }, {
    "path" : "Mobile Media Library/Mandarin Simplified - Video/Broadcasts/Youth Events",
    "collectionID" : "57936be8c1154f3a9e5c07822e7d777c5aac8e21",
    "type" : "DEFAULT",
    "lastUpdatedDate" : "2024-10-24T04:14:31.969-06:00",
    "links" : [ {
      "rel" : "details",
      "href" : "https://titanapi.churchofjesuschrist.org/assetsearch/api/v2/collection/details/collectionID/57936be8c1154f3a9e5c07822e7d777c5aac8e21"
    } ],
    "fileName" : "57936be8c1154f3a9e5c07822e7d777c5aac8e21.json"
  }, {
    "path" : "Mobile Media Library/Mandarin Simplified - Video/Broadcasts/Friend to Friend",
    "collectionID" : "b771888d085640059367463a0fcd6e52e72edaa6",
    "type" : "DEFAULT",
    "lastUpdatedDate" : "2024-09-12T12:13:20.583-06:00",
    "links" : [ {
      "rel" : "details",
      "href" : "https://titanapi.churchofjesuschrist.org/assetsearch/api/v2/collection/details/collectionID/b771888d085640059367463a0fcd6e52e72edaa6"
    } ],
    "fileName" : "b771888d085640059367463a0fcd6e52e72edaa6.json"
  }, {
    "path" : "Mobile Media Library/Mandarin Simplified - Video/Broadcasts/General Conference",
    "collectionID" : "3d9757999d1141aba4a8ddedf2caefac15eb09e0",
    "type" : "DEFAULT",
    "lastUpdatedDate" : "2024-09-30T16:32:21.794-06:00",
    "links" : [ {
      "rel" : "details",
      "href" : "https://titanapi.churchofjesuschrist.org/assetsearch/api/v2/collection/details/collectionID/3d9757999d1141aba4a8ddedf2caefac15eb09e0"
    } ],
    "fileName" : "3d9757999d1141aba4a8ddedf2caefac15eb09e0.json"
  }, {
    "path" : "Mobile Media Library/Mandarin Simplified - Video/Broadcasts/Worldwide Devotionals",
    "collectionID" : "5c3819b96aae48b0bc9787c7dfc58c530ece9e29",
    "type" : "DEFAULT",
    "lastUpdatedDate" : "2022-04-07T15:29:38.950-06:00",
    "links" : [ {
      "rel" : "details",
      "href" : "https://titanapi.churchofjesuschrist.org/assetsearch/api/v2/collection/details/collectionID/5c3819b96aae48b0bc9787c7dfc58c530ece9e29"
    } ],
    "fileName" : "5c3819b96aae48b0bc9787c7dfc58c530ece9e29.json"
  } ],
  "assets" : [ ],
  "fileName" : "e63665461e7049c699513e42bfd06a6dcaab5de7.json",
  "name" : "Broadcasts",
  "publicTitle" : "转播"
}