{
  "parentCollectionID" : "161f786269404cdb81c22cd9d31a58a3",
  "parentCollectionPath" : "Mobile Media Library/Portuguese - Images/Everyday People/Portraits of Faith",
  "collectionType" : "assets",
  "path" : "Mobile Media Library/Portuguese - Images/Everyday People/Portraits of Faith/Josephine Scere",
  "collectionID" : "e643188f58ac44079683c2fbae65b79e",
  "language" : "por",
  "type" : "DEFAULT",
  "lastUpdatedDate" : "2023-09-06T16:04:30.169-06:00",
  "links" : [ {
    "rel" : "details",
    "href" : "https://titanapi.churchofjesuschrist.org/assetsearch/api/v2/collection/details/collectionID/e643188f58ac44079683c2fbae65b79e"
  } ],
  "coverImages" : [ {
    "asset" : {
      "assetID" : "98cbf8d4a7602338e094b15fe2a5355c8e41a2bd"
    }
  } ],
  "related" : [ ],
  "metadata" : [ {
    "key" : "collectionUri",
    "value" : "josephine-scere-images",
    "language" : "por"
  }, {
    "key" : "publicTitle",
    "value" : "Josephine Scere",
    "language" : "por"
  }, {
    "key" : "orderIndex",
    "value" : "14"
  } ],
  "children" : [ ],
  "assets" : [ {
    "asset" : {
      "assetID" : "578b31978110097ed91c43cb6e0ed91d00f3cf9d"
    },
    "addedDate" : 1694038715840,
    "metadata" : [ ]
  }, {
    "asset" : {
      "assetID" : "e7ca1f8775a18f60ae73e628e42f50fa33e94694"
    },
    "addedDate" : 1694038715843,
    "metadata" : [ ]
  }, {
    "asset" : {
      "assetID" : "17943bcc4e32c846c9bb759fda757f574d7010fe"
    },
    "addedDate" : 1694038715843,
    "metadata" : [ ]
  }, {
    "asset" : {
      "assetID" : "2c27d4baec9091c4088b59557150f434280c099e"
    },
    "addedDate" : 1694038715846,
    "metadata" : [ ]
  }, {
    "asset" : {
      "assetID" : "9213a7f6b2d7052468aa971669560e3bfdc7f9e2"
    },
    "addedDate" : 1694038715853,
    "metadata" : [ ]
  }, {
    "asset" : {
      "assetID" : "98cbf8d4a7602338e094b15fe2a5355c8e41a2bd"
    },
    "addedDate" : 1694038715830,
    "metadata" : [ ]
  } ],
  "fileName" : "e643188f58ac44079683c2fbae65b79e.json",
  "name" : "Josephine Scere",
  "publicTitle" : "Josephine Scere"
}