{
  "parentCollectionID" : "d38346ad61b7b39e39a6d80bc1cb287a91138882",
  "parentCollectionPath" : "Mobile Media Library/Portuguese - Video/Life Help/Self-Reliance Services PEF/My Foundation",
  "collectionType" : "assets",
  "path" : "Mobile Media Library/Portuguese - Video/Life Help/Self-Reliance Services PEF/My Foundation/Principle 13: Live a Balanced Life",
  "collectionID" : "e68983352efe99a90eca9d40beab7f71f60f1c52",
  "language" : "por",
  "type" : "DEFAULT",
  "lastUpdatedDate" : "2021-04-01T13:52:45.316-06:00",
  "links" : [ {
    "rel" : "details",
    "href" : "https://titanapi.churchofjesuschrist.org/assetsearch/api/v2/collection/details/collectionID/e68983352efe99a90eca9d40beab7f71f60f1c52"
  } ],
  "coverImages" : [ {
    "asset" : {
      "assetID" : "7518a437348c6fa8edb4bc781abcc332437fabd7"
    }
  } ],
  "related" : [ ],
  "metadata" : [ {
    "key" : "collectionUri",
    "value" : "principle-13-live-a-balanced-life",
    "language" : "por"
  }, {
    "key" : "publicTitle",
    "value" : "13º Princípio: Ter uma vida equilibrada",
    "language" : "por"
  } ],
  "children" : [ ],
  "assets" : [ {
    "asset" : {
      "assetID" : "45f10a993e470a3e17380f9ea6ed12d5f94d14a7"
    },
    "addedDate" : 1504115589069,
    "metadata" : [ ]
  } ],
  "fileName" : "e68983352efe99a90eca9d40beab7f71f60f1c52.json",
  "name" : "Principle 13: Live a Balanced Life",
  "publicTitle" : "13º Princípio: Ter uma vida equilibrada"
}