{
  "parentCollectionID" : "20ad3d6df56244258260f7dca6f0f062a397721a",
  "parentCollectionPath" : "Mobile Media Library/Russian - Video/Callings and Trainings",
  "collectionType" : "collections",
  "path" : "Mobile Media Library/Russian - Video/Callings and Trainings/Leadership",
  "collectionID" : "e6b900160da640e3aa4dcbf976258f5e9f73c843",
  "language" : "rus",
  "type" : "DEFAULT",
  "lastUpdatedDate" : "2022-04-01T01:16:22.700-06:00",
  "links" : [ {
    "rel" : "details",
    "href" : "https://titanapi.churchofjesuschrist.org/assetsearch/api/v2/collection/details/collectionID/e6b900160da640e3aa4dcbf976258f5e9f73c843"
  } ],
  "coverImages" : [ {
    "asset" : {
      "assetID" : "22c92708fa7302033fe4740c822f37c115dcdde6"
    }
  } ],
  "related" : [ ],
  "metadata" : [ {
    "key" : "collectionUri",
    "value" : "leadership-video-collection",
    "language" : "rus"
  }, {
    "key" : "orderIndex",
    "value" : "9"
  } ],
  "children" : [ {
    "path" : "Mobile Media Library/Russian - Video/Callings and Trainings/Leadership/Leadership Training Library",
    "collectionID" : "d390af98f809415e8b21ac2b73ef115be24a66ea",
    "type" : "DEFAULT",
    "lastUpdatedDate" : "2022-04-01T01:16:22.700-06:00",
    "links" : [ {
      "rel" : "details",
      "href" : "https://titanapi.churchofjesuschrist.org/assetsearch/api/v2/collection/details/collectionID/d390af98f809415e8b21ac2b73ef115be24a66ea"
    } ],
    "fileName" : "d390af98f809415e8b21ac2b73ef115be24a66ea.json"
  }, {
    "path" : "Mobile Media Library/Russian - Video/Callings and Trainings/Leadership/Organization Training Videos",
    "collectionID" : "8243cd349fe441268260ada5aace18d653c40711",
    "type" : "DEFAULT",
    "lastUpdatedDate" : "2022-04-01T01:16:22.700-06:00",
    "links" : [ {
      "rel" : "details",
      "href" : "https://titanapi.churchofjesuschrist.org/assetsearch/api/v2/collection/details/collectionID/8243cd349fe441268260ada5aace18d653c40711"
    } ],
    "fileName" : "8243cd349fe441268260ada5aace18d653c40711.json"
  }, {
    "path" : "Mobile Media Library/Russian - Video/Callings and Trainings/Leadership/Worldwide Leadership Training",
    "collectionID" : "3ef8868cec2c43aca4016c3db8e19a35e6b9d7a2",
    "type" : "DEFAULT",
    "lastUpdatedDate" : "2022-04-01T01:16:22.700-06:00",
    "links" : [ {
      "rel" : "details",
      "href" : "https://titanapi.churchofjesuschrist.org/assetsearch/api/v2/collection/details/collectionID/3ef8868cec2c43aca4016c3db8e19a35e6b9d7a2"
    } ],
    "fileName" : "3ef8868cec2c43aca4016c3db8e19a35e6b9d7a2.json"
  } ],
  "assets" : [ ],
  "fileName" : "e6b900160da640e3aa4dcbf976258f5e9f73c843.json",
  "name" : "Leadership"
}