{
  "parentCollectionID" : "bd59191796027fc53f46f5811862b4ff2baaa3b2",
  "parentCollectionPath" : "Mobile Media Library/English - Video/Topics",
  "collectionType" : "assets",
  "path" : "Mobile Media Library/English - Video/Topics/Melchizedek Priesthood",
  "collectionID" : "e8a755f6f89c40308c08c14291255ccb",
  "language" : "eng",
  "type" : "DEFAULT",
  "lastUpdatedDate" : "2020-09-20T12:29:31.022-06:00",
  "links" : [ {
    "rel" : "details",
    "href" : "https://titanapi.churchofjesuschrist.org/assetsearch/api/v2/collection/details/collectionID/e8a755f6f89c40308c08c14291255ccb"
  } ],
  "coverImages" : [ {
    "asset" : {
      "assetID" : "a3187917cc2dc1874846533c5e0415547db49154"
    }
  } ],
  "related" : [ ],
  "metadata" : [ {
    "key" : "description",
    "value" : "Church leaders explain how restored priesthood power gives us the divine authority to hold it, act in God’s name to bless and ordain His children, and serve and lift where we stand.",
    "language" : "eng"
  }, {
    "key" : "collectionUri",
    "value" : "melchizedek-priesthood-topic",
    "language" : "eng"
  }, {
    "key" : "publicTitle",
    "value" : "Melchizedek Priesthood",
    "language" : "eng"
  }, {
    "key" : "orderIndex",
    "value" : "60"
  } ],
  "children" : [ ],
  "assets" : [ {
    "asset" : {
      "assetID" : "0aad52ca3236d6f5f6f0d95fe8c1574a8381a90a"
    },
    "addedDate" : 1577152951062,
    "metadata" : [ ]
  }, {
    "asset" : {
      "assetID" : "0b263099c8515dca63b057283fb4932938b9bc01"
    },
    "addedDate" : 1584539954566,
    "metadata" : [ ]
  }, {
    "asset" : {
      "assetID" : "a3187917cc2dc1874846533c5e0415547db49154"
    },
    "addedDate" : 1584539717960,
    "metadata" : [ ]
  }, {
    "asset" : {
      "assetID" : "5e628fa223dcc033757aac977510256d68dfdc5d"
    },
    "addedDate" : 1584539862216,
    "metadata" : [ ]
  }, {
    "asset" : {
      "assetID" : "91d21b1d54ec4c6807162103684f8f4b1b61f7d5"
    },
    "addedDate" : 1584539809702,
    "metadata" : [ ]
  }, {
    "asset" : {
      "assetID" : "2012-02-1030-priesthood-power-in-the-home-eng"
    },
    "addedDate" : 1584539910635,
    "metadata" : [ ]
  }, {
    "asset" : {
      "assetID" : "aaa2f1677cd2513b6ca9b0989132fb8ac55217be"
    },
    "addedDate" : 1577152982291,
    "metadata" : [ ]
  }, {
    "asset" : {
      "assetID" : "844a998193b23bcdcd36f9300efdd28e4f8a3f0e"
    },
    "addedDate" : 1584539841320,
    "metadata" : [ ]
  }, {
    "asset" : {
      "assetID" : "08d3b78b8053855e3c8690b298086ee507831492"
    },
    "addedDate" : 1584539885261,
    "metadata" : [ ]
  }, {
    "asset" : {
      "assetID" : "e84e2c2e9a6b0032b64c62358cd3940ca2df7c63"
    },
    "addedDate" : 1592433101184,
    "metadata" : [ ]
  } ],
  "fileName" : "e8a755f6f89c40308c08c14291255ccb.json",
  "name" : "Melchizedek Priesthood",
  "publicTitle" : "Melchizedek Priesthood",
  "description" : "Church leaders explain how restored priesthood power gives us the divine authority to hold it, act in God’s name to bless and ordain His children, and serve and lift where we stand."
}