{
  "parentCollectionID" : "88baea6e258247f28a7d966141bc30c8",
  "parentCollectionPath" : "Mobile Media Library/Spanish - Video/Teaching and Lessons/Come, Follow Me/2023 New Testament Media Resources",
  "collectionType" : "assets",
  "path" : "Mobile Media Library/Spanish - Video/Teaching and Lessons/Come, Follow Me/2023 New Testament Media Resources/August 21–August 27. 1 Corinthians 1-7: \"Be Perfectly Joined Together\"",
  "collectionID" : "e8d1c0f2587b4171bfee5c27a9b3234b",
  "language" : "spa",
  "type" : "DEFAULT",
  "lastUpdatedDate" : "2022-12-19T14:33:38.268-07:00",
  "links" : [ {
    "rel" : "details",
    "href" : "https://titanapi.churchofjesuschrist.org/assetsearch/api/v2/collection/details/collectionID/e8d1c0f2587b4171bfee5c27a9b3234b"
  } ],
  "coverImages" : [ {
    "asset" : {
      "assetID" : "5ab91ba729fb93e93b32460f8c6a207584805d90"
    }
  } ],
  "related" : [ ],
  "metadata" : [ {
    "key" : "orderIndex",
    "value" : "33"
  }, {
    "key" : "collectionUri",
    "value" : "cfm-2023-videos-august-21-27",
    "language" : "spa"
  }, {
    "key" : "publicTitle",
    "value" : "21 agosto – 27 agosto. 1 Corintios 1–7: “Que estéis perfectamente unidos”",
    "language" : "spa"
  } ],
  "children" : [ ],
  "assets" : [ {
    "asset" : {
      "assetID" : "5f57d9d6e2b743693603f9e064a76d97f827c467"
    },
    "index" : 2,
    "addedDate" : 1669075209525,
    "metadata" : [ ]
  }, {
    "asset" : {
      "assetID" : "fe70d4f5c49d6f10494e9c282bb5829d6db74b8d"
    },
    "index" : 1,
    "addedDate" : 1669075152070,
    "metadata" : [ ]
  }, {
    "asset" : {
      "assetID" : "e5d0ac83102111ec99c6eeeeac1e03b293ebd004"
    },
    "index" : 2,
    "addedDate" : 1650057922042,
    "metadata" : [ ]
  } ],
  "fileName" : "e8d1c0f2587b4171bfee5c27a9b3234b.json",
  "name" : "August 21–August 27. 1 Corinthians 1-7: \"Be Perfectly Joined Together\"",
  "publicTitle" : "21 agosto – 27 agosto. 1 Corintios 1–7: “Que estéis perfectamente unidos”"
}