{
  "parentCollectionID" : "f2d604b9114b49feaea71a63630c84353814c4cd",
  "parentCollectionPath" : "Mobile Media Library/Japanese - Video/Topics",
  "collectionType" : "assets",
  "path" : "Mobile Media Library/Japanese - Video/Topics/Charity",
  "collectionID" : "e9f928ed9a2849b5bd781e92e1f9b2053206985e",
  "language" : "jpn",
  "type" : "DEFAULT",
  "lastUpdatedDate" : "2023-06-08T13:02:16.736-06:00",
  "links" : [ {
    "rel" : "details",
    "href" : "https://titanapi.churchofjesuschrist.org/assetsearch/api/v2/collection/details/collectionID/e9f928ed9a2849b5bd781e92e1f9b2053206985e"
  } ],
  "coverImages" : [ {
    "asset" : {
      "assetID" : "2a478dcc91c0cfc5f555e96d008b0dc6256aae8b"
    }
  } ],
  "related" : [ ],
  "metadata" : [ {
    "key" : "orderIndex",
    "value" : "4"
  }, {
    "key" : "collectionUri",
    "value" : "charity-topic",
    "language" : "jpn"
  }, {
    "key" : "publicTitle",
    "value" : "慈愛",
    "language" : "jpn"
  } ],
  "children" : [ ],
  "assets" : [ {
    "asset" : {
      "assetID" : "93fc43d970b1a2757cde5592f935b97640f0c0f1"
    },
    "index" : 0,
    "addedDate" : 1648836848500,
    "metadata" : [ ]
  }, {
    "asset" : {
      "assetID" : "da87640d42d7655484656822c691ec79a2bef9db"
    },
    "index" : 1,
    "addedDate" : 1648836848500,
    "metadata" : [ ]
  } ],
  "fileName" : "e9f928ed9a2849b5bd781e92e1f9b2053206985e.json",
  "name" : "Charity",
  "publicTitle" : "慈愛"
}