{
  "parentCollectionID" : "91ef1aa76240fd07474b960c09726c42310ad472",
  "parentCollectionPath" : "Mobile Media Library/Spanish - Video/Teaching and Lessons",
  "collectionType" : "collections",
  "path" : "Mobile Media Library/Spanish - Video/Teaching and Lessons/Seminary and Institute",
  "collectionID" : "eaabb77cb60a5d375f1b5cda51d0e8aa498a92e5",
  "language" : "spa",
  "type" : "DEFAULT",
  "lastUpdatedDate" : "2021-04-05T14:14:33.127-06:00",
  "links" : [ {
    "rel" : "details",
    "href" : "https://titanapi.churchofjesuschrist.org/assetsearch/api/v2/collection/details/collectionID/eaabb77cb60a5d375f1b5cda51d0e8aa498a92e5"
  } ],
  "coverImages" : [ {
    "asset" : {
      "assetID" : "19a509149c3d95120a504951a640645c571b4263"
    }
  } ],
  "related" : [ ],
  "metadata" : [ {
    "key" : "collectionUri",
    "value" : "seminary-and-institute",
    "language" : "spa"
  }, {
    "key" : "publicTitle",
    "value" : "Seminario e Instituto",
    "language" : "spa"
  } ],
  "children" : [ {
    "path" : "Mobile Media Library/Spanish - Video/Teaching and Lessons/Seminary and Institute/Old Testament Visual Resources",
    "collectionID" : "b3eb91e5fc1841f38d15b085146ee45f",
    "type" : "DEFAULT",
    "lastUpdatedDate" : "2021-12-22T10:49:21.339-07:00",
    "links" : [ {
      "rel" : "details",
      "href" : "https://titanapi.churchofjesuschrist.org/assetsearch/api/v2/collection/details/collectionID/b3eb91e5fc1841f38d15b085146ee45f"
    } ],
    "fileName" : "b3eb91e5fc1841f38d15b085146ee45f.json"
  }, {
    "path" : "Mobile Media Library/Spanish - Video/Teaching and Lessons/Seminary and Institute/Doctrine and Covenants Resources",
    "collectionID" : "e557648b6c5847b98fd767c53d0ea372",
    "type" : "DEFAULT",
    "lastUpdatedDate" : "2024-12-19T14:15:55.706-07:00",
    "links" : [ {
      "rel" : "details",
      "href" : "https://titanapi.churchofjesuschrist.org/assetsearch/api/v2/collection/details/collectionID/e557648b6c5847b98fd767c53d0ea372"
    } ],
    "fileName" : "e557648b6c5847b98fd767c53d0ea372.json"
  }, {
    "path" : "Mobile Media Library/Spanish - Video/Teaching and Lessons/Seminary and Institute/Teacher Training - Gospel Teaching and Learning Handbook Video Resources",
    "collectionID" : "ce4e5b00f3633d2d0cef127c5328371c820b287e",
    "type" : "DEFAULT",
    "lastUpdatedDate" : "2021-05-05T17:17:45.711-06:00",
    "links" : [ {
      "rel" : "details",
      "href" : "https://titanapi.churchofjesuschrist.org/assetsearch/api/v2/collection/details/collectionID/ce4e5b00f3633d2d0cef127c5328371c820b287e"
    } ],
    "fileName" : "ce4e5b00f3633d2d0cef127c5328371c820b287e.json"
  }, {
    "path" : "Mobile Media Library/Spanish - Video/Teaching and Lessons/Seminary and Institute/Teacher Training",
    "collectionID" : "6df9dc9bef73897af610e5466bb1f1e5a99def9f",
    "type" : "DEFAULT",
    "lastUpdatedDate" : "2021-04-05T14:11:13.674-06:00",
    "links" : [ {
      "rel" : "details",
      "href" : "https://titanapi.churchofjesuschrist.org/assetsearch/api/v2/collection/details/collectionID/6df9dc9bef73897af610e5466bb1f1e5a99def9f"
    } ],
    "fileName" : "6df9dc9bef73897af610e5466bb1f1e5a99def9f.json"
  }, {
    "path" : "Mobile Media Library/Spanish - Video/Teaching and Lessons/Seminary and Institute/Institute",
    "collectionID" : "ca5be79656a544dfdc552d550400f55897235166",
    "type" : "DEFAULT",
    "lastUpdatedDate" : "2021-04-05T14:12:44.659-06:00",
    "links" : [ {
      "rel" : "details",
      "href" : "https://titanapi.churchofjesuschrist.org/assetsearch/api/v2/collection/details/collectionID/ca5be79656a544dfdc552d550400f55897235166"
    } ],
    "fileName" : "ca5be79656a544dfdc552d550400f55897235166.json"
  }, {
    "path" : "Mobile Media Library/Spanish - Video/Teaching and Lessons/Seminary and Institute/Doctrinal Mastery",
    "collectionID" : "1c89ccd01309fb519e6c68254b806fa1706f3cf0",
    "type" : "DEFAULT",
    "lastUpdatedDate" : "2021-04-05T14:13:44.502-06:00",
    "links" : [ {
      "rel" : "details",
      "href" : "https://titanapi.churchofjesuschrist.org/assetsearch/api/v2/collection/details/collectionID/1c89ccd01309fb519e6c68254b806fa1706f3cf0"
    } ],
    "fileName" : "1c89ccd01309fb519e6c68254b806fa1706f3cf0.json"
  }, {
    "path" : "Mobile Media Library/Spanish - Video/Teaching and Lessons/Seminary and Institute/Seminary",
    "collectionID" : "39052a044e8dc7d9c84410da31242b878084506c",
    "type" : "DEFAULT",
    "lastUpdatedDate" : "2021-04-05T14:11:59.525-06:00",
    "links" : [ {
      "rel" : "details",
      "href" : "https://titanapi.churchofjesuschrist.org/assetsearch/api/v2/collection/details/collectionID/39052a044e8dc7d9c84410da31242b878084506c"
    } ],
    "fileName" : "39052a044e8dc7d9c84410da31242b878084506c.json"
  } ],
  "assets" : [ ],
  "fileName" : "eaabb77cb60a5d375f1b5cda51d0e8aa498a92e5.json",
  "name" : "Seminary and Institute",
  "publicTitle" : "Seminario e Instituto"
}