{
  "parentCollectionID" : "1437209f2e6342eebc512ec9375e0d1996f8317d",
  "parentCollectionPath" : "Mobile Media Library/Korean - Video/Scriptural Reenactments and Teachings/Book of Mormon/Book of Mormon Videos",
  "collectionType" : "collections",
  "path" : "Mobile Media Library/Korean - Video/Scriptural Reenactments and Teachings/Book of Mormon/Book of Mormon Videos/Mosiah 27; Alma 36",
  "collectionID" : "eb1c682e881d49989cf1ae1d5ca2e23fac4a7786",
  "language" : "kor",
  "type" : "DEFAULT",
  "lastUpdatedDate" : "2024-09-20T15:35:04.875-06:00",
  "links" : [ {
    "rel" : "details",
    "href" : "https://titanapi.churchofjesuschrist.org/assetsearch/api/v2/collection/details/collectionID/eb1c682e881d49989cf1ae1d5ca2e23fac4a7786"
  } ],
  "coverImages" : [ {
    "asset" : {
      "assetID" : "16ec87d6d0c0cbe6246d2b530f689b83992962ed"
    }
  } ],
  "related" : [ ],
  "metadata" : [ {
    "key" : "orderIndex",
    "value" : "21"
  }, {
    "key" : "channel",
    "value" : "mobile",
    "language" : "eng"
  }, {
    "key" : "collectionUri",
    "value" : "mosiah-27-alma-36",
    "language" : "kor"
  }, {
    "key" : "publicTitle",
    "value" : "모사이야서 27; 모사이야서 36",
    "language" : "kor"
  } ],
  "children" : [ ],
  "assets" : [ ],
  "fileName" : "eb1c682e881d49989cf1ae1d5ca2e23fac4a7786.json",
  "name" : "Mosiah 27; Alma 36",
  "publicTitle" : "모사이야서 27; 모사이야서 36"
}