{
  "parentCollectionID" : "f355978e375d42979250a9f307a1930c",
  "parentCollectionPath" : "Mobile Media Library/Tongan - Video/Holidays",
  "collectionType" : "collections",
  "path" : "Mobile Media Library/Tongan - Video/Holidays/Light the World",
  "collectionID" : "eb4d2c24aff94e2eae36d23108e8068d",
  "language" : "ton",
  "type" : "DEFAULT",
  "lastUpdatedDate" : "2023-02-22T12:23:34.682-07:00",
  "links" : [ {
    "rel" : "details",
    "href" : "https://titanapi.churchofjesuschrist.org/assetsearch/api/v2/collection/details/collectionID/eb4d2c24aff94e2eae36d23108e8068d"
  } ],
  "coverImages" : [ {
    "asset" : {
      "assetID" : "951a1a77c2655b36f958f4f6365873649f6321de"
    }
  } ],
  "related" : [ ],
  "metadata" : [ {
    "key" : "orderIndex",
    "value" : "3"
  }, {
    "key" : "collectionUri",
    "value" : "2019-light-the-world-one-by-one",
    "language" : "ton"
  }, {
    "key" : "publicTitle",
    "value" : "Fakamaama e Māmaní",
    "language" : "ton"
  } ],
  "children" : [ ],
  "assets" : [ ],
  "fileName" : "eb4d2c24aff94e2eae36d23108e8068d.json",
  "name" : "Light the World",
  "publicTitle" : "Fakamaama e Māmaní"
}