{
  "parentCollectionID" : "dba1b65a58c242dd86a99bc43d58831cb3c98784",
  "parentCollectionPath" : "Mobile Media Library/Samoan - Video/Teaching and Lessons/Come, Follow Me/Come, Follow Me: New Testament Learning and Teaching Resources",
  "collectionType" : "collections",
  "path" : "Mobile Media Library/Samoan - Video/Teaching and Lessons/Come, Follow Me/Come, Follow Me: New Testament Learning and Teaching Resources/Oct. 28-Nov. 3: 1 and 2 Timothy; Titus; Philemon",
  "collectionID" : "ec04efb5c0d944ce8e75d94c5d1625b17221f301",
  "language" : "smo",
  "type" : "DEFAULT",
  "lastUpdatedDate" : "2022-04-18T00:18:59.976-06:00",
  "links" : [ {
    "rel" : "details",
    "href" : "https://titanapi.churchofjesuschrist.org/assetsearch/api/v2/collection/details/collectionID/ec04efb5c0d944ce8e75d94c5d1625b17221f301"
  } ],
  "coverImages" : [ {
    "asset" : {
      "assetID" : "3dbfab82c08957ee7c0a7931c9572919a282d9e6"
    }
  } ],
  "related" : [ ],
  "metadata" : [ {
    "key" : "collectionUri",
    "value" : "Oct-28-Nov-3-1-and-2-Timothy-Titus-Philemon-videos",
    "language" : "smo"
  }, {
    "key" : "orderIndex",
    "value" : "42"
  } ],
  "children" : [ ],
  "assets" : [ ],
  "fileName" : "ec04efb5c0d944ce8e75d94c5d1625b17221f301.json",
  "name" : "Oct. 28-Nov. 3: 1 and 2 Timothy; Titus; Philemon"
}