{
  "parentCollectionID" : "dba1b65a58c242dd86a99bc43d58831cb3c98784",
  "parentCollectionPath" : "Mobile Media Library/Samoan - Video/Teaching and Lessons/Come, Follow Me/Come, Follow Me: New Testament Learning and Teaching Resources",
  "collectionType" : "collections",
  "path" : "Mobile Media Library/Samoan - Video/Teaching and Lessons/Come, Follow Me/Come, Follow Me: New Testament Learning and Teaching Resources/Jun. 10-16: Matthew 26; Mark 14; Luke 22; John 18",
  "collectionID" : "ec23cb83a5d14069af21a5f7ccf3677417d4dded",
  "language" : "smo",
  "type" : "DEFAULT",
  "lastUpdatedDate" : "2022-04-18T00:18:59.976-06:00",
  "links" : [ {
    "rel" : "details",
    "href" : "https://titanapi.churchofjesuschrist.org/assetsearch/api/v2/collection/details/collectionID/ec23cb83a5d14069af21a5f7ccf3677417d4dded"
  } ],
  "coverImages" : [ {
    "asset" : {
      "assetID" : "e94b5ad8726875c361db37b25a65ec1945f6880f"
    }
  } ],
  "related" : [ ],
  "metadata" : [ {
    "key" : "collectionUri",
    "value" : "Jun-10-16-Matthew-26-Mark-14-Luke-22-John-18",
    "language" : "smo"
  }, {
    "key" : "orderIndex",
    "value" : "23"
  } ],
  "children" : [ ],
  "assets" : [ ],
  "fileName" : "ec23cb83a5d14069af21a5f7ccf3677417d4dded.json",
  "name" : "Jun. 10-16: Matthew 26; Mark 14; Luke 22; John 18"
}