{
  "parentCollectionID" : "c68225a95f9e46df96b169529416c5073a32c2ec",
  "parentCollectionPath" : "Mobile Media Library/Danish - Video/Broadcasts",
  "collectionType" : "collections",
  "path" : "Mobile Media Library/Danish - Video/Broadcasts/Love, Share, Invite",
  "collectionID" : "ed17c4f336ff4207aff4ed75bfeb275cd4e547c2",
  "language" : "dan",
  "type" : "DEFAULT",
  "lastUpdatedDate" : "2022-04-01T02:30:20.016-06:00",
  "links" : [ {
    "rel" : "details",
    "href" : "https://titanapi.churchofjesuschrist.org/assetsearch/api/v2/collection/details/collectionID/ed17c4f336ff4207aff4ed75bfeb275cd4e547c2"
  } ],
  "coverImages" : [ {
    "asset" : {
      "assetID" : "66b672b834b599f3facf9ab3b8c00e94ef1b5439"
    }
  } ],
  "related" : [ ],
  "metadata" : [ {
    "key" : "collectionUri",
    "value" : "love-share-invite",
    "language" : "dan"
  }, {
    "key" : "orderIndex",
    "value" : "8"
  } ],
  "children" : [ ],
  "assets" : [ ],
  "fileName" : "ed17c4f336ff4207aff4ed75bfeb275cd4e547c2.json",
  "name" : "Love, Share, Invite"
}