{
  "parentCollectionID" : "1941b013cb7e4ad7aeee4e8aafbec7b9faa2e760",
  "parentCollectionPath" : "Mobile Media Library/Thai - Video/Scriptures/Book of Mormon/Book of Mormon Videos",
  "collectionType" : "collections",
  "path" : "Mobile Media Library/Thai - Video/Scriptures/Book of Mormon/Book of Mormon Videos/1 Nephi 17-18",
  "collectionID" : "ed3d8bf403714a7dbbb43a7367cfca7c4f0e43d4",
  "language" : "tha",
  "type" : "DEFAULT",
  "lastUpdatedDate" : "2022-04-18T00:50:08.796-06:00",
  "links" : [ {
    "rel" : "details",
    "href" : "https://titanapi.churchofjesuschrist.org/assetsearch/api/v2/collection/details/collectionID/ed3d8bf403714a7dbbb43a7367cfca7c4f0e43d4"
  } ],
  "coverImages" : [ {
    "asset" : {
      "assetID" : "c6bc1d289af575aaabd772a5be12c663cf0260dc"
    }
  } ],
  "related" : [ ],
  "metadata" : [ {
    "key" : "collectionUri",
    "value" : "1-nephi-17-18",
    "language" : "tha"
  }, {
    "key" : "orderIndex",
    "value" : "6"
  } ],
  "children" : [ ],
  "assets" : [ ],
  "fileName" : "ed3d8bf403714a7dbbb43a7367cfca7c4f0e43d4.json",
  "name" : "1 Nephi 17-18"
}