{
  "parentCollectionID" : "e11162c8c47cc5230bb2b13f8bcad98ecc48790e",
  "parentCollectionPath" : "Mobile Media Library/Portuguese - Video",
  "collectionType" : "collections",
  "path" : "Mobile Media Library/Portuguese - Video/Life Help",
  "collectionID" : "ee9e346d8a844bcf9e7b86f3dfe57b5a",
  "language" : "por",
  "type" : "DEFAULT",
  "lastUpdatedDate" : "2022-04-08T15:19:40.966-06:00",
  "links" : [ {
    "rel" : "details",
    "href" : "https://titanapi.churchofjesuschrist.org/assetsearch/api/v2/collection/details/collectionID/ee9e346d8a844bcf9e7b86f3dfe57b5a"
  } ],
  "coverImages" : [ {
    "asset" : {
      "assetID" : "52adfcc24559e9ab4e30af82996f2d8aae361921"
    }
  } ],
  "related" : [ ],
  "metadata" : [ {
    "key" : "description",
    "value" : "Encontre vídeos para auxiliá-lo a ajudar um ente querido, um membro da família ou um amigo a superar a dependência de drogas, álcool ou pornografia. Você também pode ver vídeos que ensinam como encontrar oportunidades de emprego e melhorar a autossuficiência.",
    "language" : "por"
  }, {
    "key" : "collectionUri",
    "value" : "life-help",
    "language" : "por"
  }, {
    "key" : "publicTitle",
    "value" : "Ajuda para a vida",
    "language" : "por"
  }, {
    "key" : "orderIndex",
    "value" : "9"
  } ],
  "children" : [ {
    "path" : "Mobile Media Library/Portuguese - Video/Life Help/Emotional Resilience",
    "collectionID" : "62aca7f462dd4bd8a134dfb847638b5d",
    "type" : "DEFAULT",
    "lastUpdatedDate" : "2022-05-06T14:38:19.985-06:00",
    "links" : [ {
      "rel" : "details",
      "href" : "https://titanapi.churchofjesuschrist.org/assetsearch/api/v2/collection/details/collectionID/62aca7f462dd4bd8a134dfb847638b5d"
    } ],
    "fileName" : "62aca7f462dd4bd8a134dfb847638b5d.json"
  }, {
    "path" : "Mobile Media Library/Portuguese - Video/Life Help/Suicide",
    "collectionID" : "df061fd32b604851b73312dd72ca4e14",
    "type" : "DEFAULT",
    "lastUpdatedDate" : "2023-06-20T15:32:15.032-06:00",
    "links" : [ {
      "rel" : "details",
      "href" : "https://titanapi.churchofjesuschrist.org/assetsearch/api/v2/collection/details/collectionID/df061fd32b604851b73312dd72ca4e14"
    } ],
    "fileName" : "df061fd32b604851b73312dd72ca4e14.json"
  }, {
    "path" : "Mobile Media Library/Portuguese - Video/Life Help/Mental Health",
    "collectionID" : "532cfa608d8f42ea816dfa91a6ad6ac1",
    "type" : "DEFAULT",
    "lastUpdatedDate" : "2024-01-10T11:12:33.814-07:00",
    "links" : [ {
      "rel" : "details",
      "href" : "https://titanapi.churchofjesuschrist.org/assetsearch/api/v2/collection/details/collectionID/532cfa608d8f42ea816dfa91a6ad6ac1"
    } ],
    "fileName" : "532cfa608d8f42ea816dfa91a6ad6ac1.json"
  }, {
    "path" : "Mobile Media Library/Portuguese - Video/Life Help/Disabilities",
    "collectionID" : "f9f94df72e1b47109708006a552da54e",
    "type" : "DEFAULT",
    "lastUpdatedDate" : "2024-01-25T14:30:51.484-07:00",
    "links" : [ {
      "rel" : "details",
      "href" : "https://titanapi.churchofjesuschrist.org/assetsearch/api/v2/collection/details/collectionID/f9f94df72e1b47109708006a552da54e"
    } ],
    "fileName" : "f9f94df72e1b47109708006a552da54e.json"
  }, {
    "path" : "Mobile Media Library/Portuguese - Video/Life Help/Self-Reliance Services PEF",
    "collectionID" : "1fff01b00edd317f7f12db25ca91d52b7e19d3e0",
    "type" : "DEFAULT",
    "lastUpdatedDate" : "2021-04-01T13:39:44.975-06:00",
    "links" : [ {
      "rel" : "details",
      "href" : "https://titanapi.churchofjesuschrist.org/assetsearch/api/v2/collection/details/collectionID/1fff01b00edd317f7f12db25ca91d52b7e19d3e0"
    } ],
    "fileName" : "1fff01b00edd317f7f12db25ca91d52b7e19d3e0.json"
  }, {
    "path" : "Mobile Media Library/Portuguese - Video/Life Help/Addiction",
    "collectionID" : "caa040bc178b73e1d9139270ff97db6adcba624a",
    "type" : "DEFAULT",
    "lastUpdatedDate" : "2021-03-29T12:15:35.979-06:00",
    "links" : [ {
      "rel" : "details",
      "href" : "https://titanapi.churchofjesuschrist.org/assetsearch/api/v2/collection/details/collectionID/caa040bc178b73e1d9139270ff97db6adcba624a"
    } ],
    "fileName" : "caa040bc178b73e1d9139270ff97db6adcba624a.json"
  } ],
  "assets" : [ ],
  "fileName" : "ee9e346d8a844bcf9e7b86f3dfe57b5a.json",
  "name" : "Life Help",
  "publicTitle" : "Ajuda para a vida",
  "description" : "Encontre vídeos para auxiliá-lo a ajudar um ente querido, um membro da família ou um amigo a superar a dependência de drogas, álcool ou pornografia. Você também pode ver vídeos que ensinam como encontrar oportunidades de emprego e melhorar a autossuficiência."
}