{
  "parentCollectionID" : "426011fb244a49afa4bbd095554798ae646f24b9",
  "parentCollectionPath" : "Mobile Media Library/Samoan - Video/Topics",
  "collectionType" : "collections",
  "path" : "Mobile Media Library/Samoan - Video/Topics/Judgment",
  "collectionID" : "eecf80a1de254869b809b3722ebf025f790417f0",
  "language" : "smo",
  "type" : "DEFAULT",
  "lastUpdatedDate" : "2023-06-09T15:53:31.817-06:00",
  "links" : [ {
    "rel" : "details",
    "href" : "https://titanapi.churchofjesuschrist.org/assetsearch/api/v2/collection/details/collectionID/eecf80a1de254869b809b3722ebf025f790417f0"
  } ],
  "coverImages" : [ {
    "asset" : {
      "assetID" : "afd5a6ea695d2dc3e78dac0148accb6a6c9d8f3c"
    }
  } ],
  "related" : [ ],
  "metadata" : [ {
    "key" : "orderIndex",
    "value" : "20"
  }, {
    "key" : "collectionUri",
    "value" : "judgment-topic",
    "language" : "smo"
  }, {
    "key" : "publicTitle",
    "value" : "Faamasinoga",
    "language" : "smo"
  } ],
  "children" : [ ],
  "assets" : [ ],
  "fileName" : "eecf80a1de254869b809b3722ebf025f790417f0.json",
  "name" : "Judgment",
  "publicTitle" : "Faamasinoga"
}