{
  "parentCollectionID" : "e553d1f0d3cb45d6b9a2449a91d77e7f",
  "parentCollectionPath" : "Mobile Media Library/Portuguese - Video/Topics",
  "collectionType" : "assets",
  "path" : "Mobile Media Library/Portuguese - Video/Topics/Faith",
  "collectionID" : "efc17ed670244429ba70ead16e1465c0",
  "language" : "por",
  "type" : "DEFAULT",
  "lastUpdatedDate" : "2022-08-26T15:42:29.583-06:00",
  "links" : [ {
    "rel" : "details",
    "href" : "https://titanapi.churchofjesuschrist.org/assetsearch/api/v2/collection/details/collectionID/efc17ed670244429ba70ead16e1465c0"
  } ],
  "coverImages" : [ {
    "asset" : {
      "assetID" : "46f79bbbb289ed49972c9e2b67f87af07a326e12"
    }
  } ],
  "related" : [ ],
  "metadata" : [ {
    "key" : "channel",
    "value" : "mobile",
    "language" : "por"
  }, {
    "key" : "collectionUri",
    "value" : "faith-topic",
    "language" : "por"
  }, {
    "key" : "publicTitle",
    "value" : "Fé",
    "language" : "por"
  } ],
  "children" : [ ],
  "assets" : [ {
    "asset" : {
      "assetID" : "590f94a5530424c59d7437e122656999c1ae1b6d"
    },
    "index" : 4,
    "addedDate" : 1654065754944,
    "metadata" : [ ]
  }, {
    "asset" : {
      "assetID" : "0c1ad3c2f3ddbc5b9b139e6c5dbd94da35b212c6"
    },
    "index" : 9,
    "addedDate" : 1654066716015,
    "metadata" : [ ]
  }, {
    "asset" : {
      "assetID" : "a67d1605b73ef9e13901f96df3ca2a73aa9828d8"
    },
    "index" : 1,
    "addedDate" : 1654065538115,
    "metadata" : [ ]
  }, {
    "asset" : {
      "assetID" : "42da1dc243e2db9d1a042e604854e3182fb4af8c"
    },
    "index" : 10,
    "addedDate" : 1654066734627,
    "metadata" : [ ]
  }, {
    "asset" : {
      "assetID" : "74d413bd55dcba400f5776e21663e5547e3f3ceb"
    },
    "index" : 7,
    "addedDate" : 1654066572589,
    "metadata" : [ ]
  }, {
    "asset" : {
      "assetID" : "3a597e9945f34e80e0f0a908f919ec45cf9bd244"
    },
    "index" : 6,
    "addedDate" : 1654066555887,
    "metadata" : [ ]
  }, {
    "asset" : {
      "assetID" : "8c8c92a79708f0839c2b2a97912073a7883d7b22"
    },
    "index" : 3,
    "addedDate" : 1654065737250,
    "metadata" : [ ]
  }, {
    "asset" : {
      "assetID" : "0471097636a0e22e1b15c5afe8ed6baa9183be32"
    },
    "index" : 8,
    "addedDate" : 1654066678844,
    "metadata" : [ ]
  }, {
    "asset" : {
      "assetID" : "9404cbb1f5b4ca4e08083778f0ed69c416043395"
    },
    "index" : 0,
    "addedDate" : 1654065497459,
    "metadata" : [ ]
  }, {
    "asset" : {
      "assetID" : "d4e772ef3859d99a95fcaa6a43057bf6ab86a03b"
    },
    "index" : 2,
    "addedDate" : 1654065712540,
    "metadata" : [ ]
  }, {
    "asset" : {
      "assetID" : "a20815531c6cdc34c4abc9554c379220998f0544"
    },
    "index" : 11,
    "addedDate" : 1654066921694,
    "metadata" : [ ]
  }, {
    "asset" : {
      "assetID" : "b1eb939523fd8d682fb5ca03908731ccd41abe24"
    },
    "index" : 5,
    "addedDate" : 1654066478777,
    "metadata" : [ ]
  } ],
  "fileName" : "efc17ed670244429ba70ead16e1465c0.json",
  "name" : "Faith",
  "publicTitle" : "Fé"
}