{
  "parentCollectionID" : "564e72f9f23946d28262aef52961d854",
  "parentCollectionPath" : "Mobile Media Library/Portuguese - Video/Teaching and Lessons/Come, Follow Me/2024 Book of Mormon Media Resources",
  "collectionType" : "assets",
  "path" : "Mobile Media Library/Portuguese - Video/Teaching and Lessons/Come, Follow Me/2024 Book of Mormon Media Resources/November",
  "collectionID" : "f024a9554e4249e784f1d41a069ab491",
  "language" : "por",
  "type" : "DEFAULT",
  "lastUpdatedDate" : "2023-11-08T17:11:32.201-07:00",
  "links" : [ {
    "rel" : "details",
    "href" : "https://titanapi.churchofjesuschrist.org/assetsearch/api/v2/collection/details/collectionID/f024a9554e4249e784f1d41a069ab491"
  } ],
  "coverImages" : [ {
    "asset" : {
      "assetID" : "5327d261eb286f2f3cef37979d04caa1e94f0563"
    }
  } ],
  "related" : [ ],
  "metadata" : [ {
    "key" : "collectionUri",
    "value" : "2024-book-of-mormon-media-resources-november",
    "language" : "por"
  }, {
    "key" : "publicTitle",
    "value" : "Novembro",
    "language" : "por"
  }, {
    "key" : "orderIndex",
    "value" : "11"
  } ],
  "children" : [ ],
  "assets" : [ {
    "asset" : {
      "assetID" : "b021c7b535ae861b7d4ca77e4720efea776e6ba2"
    },
    "index" : 2,
    "addedDate" : 1707862767035,
    "metadata" : [ ]
  }, {
    "asset" : {
      "assetID" : "b29def3aaef34a7c402d10aeb97d264b8cd0df43"
    },
    "index" : 5,
    "addedDate" : 1707862796119,
    "metadata" : [ ]
  }, {
    "asset" : {
      "assetID" : "d869ff8ad9e2b1e4a101111c4123823ec27d5bdc"
    },
    "index" : 3,
    "addedDate" : 1707862779939,
    "metadata" : [ ]
  }, {
    "asset" : {
      "assetID" : "6d64522b971f229a053f84f32da0dc0c069ea391"
    },
    "index" : 0,
    "addedDate" : 1699489966856,
    "metadata" : [ ]
  }, {
    "asset" : {
      "assetID" : "6DE0138BA67B2E82F3809EDC6855D42D910DEFA1"
    },
    "index" : 4,
    "addedDate" : 1707862788274,
    "metadata" : [ ]
  }, {
    "asset" : {
      "assetID" : "2215B210E4EAA6FE40A1E853C9A212EC4ECC6C30"
    },
    "index" : 1,
    "addedDate" : 1707862758650,
    "metadata" : [ ]
  } ],
  "fileName" : "f024a9554e4249e784f1d41a069ab491.json",
  "name" : "November",
  "publicTitle" : "Novembro"
}