{
  "parentCollectionID" : "26f335ce3e09418c8cebbe7e5262e8188531302f",
  "parentCollectionPath" : "Mobile Media Library/Swedish - Video/Topics",
  "collectionType" : "assets",
  "path" : "Mobile Media Library/Swedish - Video/Topics/Faith",
  "collectionID" : "f03b8be373b644c78f78c61c8046d5d791bc1a29",
  "language" : "swe",
  "type" : "DEFAULT",
  "lastUpdatedDate" : "2023-05-25T19:42:11.101-06:00",
  "links" : [ {
    "rel" : "details",
    "href" : "https://titanapi.churchofjesuschrist.org/assetsearch/api/v2/collection/details/collectionID/f03b8be373b644c78f78c61c8046d5d791bc1a29"
  } ],
  "coverImages" : [ {
    "asset" : {
      "assetID" : "46f79bbbb289ed49972c9e2b67f87af07a326e12"
    }
  } ],
  "related" : [ ],
  "metadata" : [ {
    "key" : "orderIndex",
    "value" : "11"
  }, {
    "key" : "collectionUri",
    "value" : "faith-topic",
    "language" : "swe"
  }, {
    "key" : "publicTitle",
    "value" : "Tro",
    "language" : "swe"
  } ],
  "children" : [ ],
  "assets" : [ {
    "asset" : {
      "assetID" : "a1e71c039432cbcb72a0cb2555bcb6fffa0b0f44"
    },
    "index" : 1,
    "addedDate" : 1650264002056,
    "metadata" : [ ]
  }, {
    "asset" : {
      "assetID" : "54ebc31e20ad11ec81b6eeeeac1e0e289bca69e5"
    },
    "index" : 0,
    "addedDate" : 1650264002056,
    "metadata" : [ ]
  } ],
  "fileName" : "f03b8be373b644c78f78c61c8046d5d791bc1a29.json",
  "name" : "Faith",
  "publicTitle" : "Tro"
}