{
  "parentCollectionID" : "5c31f000845148b29416d5dec316941b0fda1a4f",
  "parentCollectionPath" : "Mobile Media Library/Finnish - Video/Inspiration",
  "collectionType" : "collections",
  "path" : "Mobile Media Library/Finnish - Video/Inspiration/Social Media Shareable Videos",
  "collectionID" : "f0c8f67e0b5742f391f1c2d92fae8699402232fd",
  "language" : "fin",
  "type" : "DEFAULT",
  "lastUpdatedDate" : "2022-11-02T10:19:58.413-06:00",
  "links" : [ {
    "rel" : "details",
    "href" : "https://titanapi.churchofjesuschrist.org/assetsearch/api/v2/collection/details/collectionID/f0c8f67e0b5742f391f1c2d92fae8699402232fd"
  } ],
  "coverImages" : [ {
    "asset" : {
      "assetID" : "6408ee264f7f16d8ea58a9aee0c834442075af12"
    }
  } ],
  "related" : [ ],
  "metadata" : [ {
    "key" : "orderIndex",
    "value" : "3"
  }, {
    "key" : "collectionUri",
    "value" : "social-media-shareable-videos",
    "language" : "fin"
  }, {
    "key" : "publicTitle",
    "value" : "Sosiaalisessa mediassa jaettavat videot",
    "language" : "fin"
  } ],
  "children" : [ ],
  "assets" : [ ],
  "fileName" : "f0c8f67e0b5742f391f1c2d92fae8699402232fd.json",
  "name" : "Social Media Shareable Videos",
  "publicTitle" : "Sosiaalisessa mediassa jaettavat videot"
}