{
  "parentCollectionID" : "e9bd4eb0c3d640d28a67c83d520753cd62620707",
  "parentCollectionPath" : "Mobile Media Library/Danish - Video/Children",
  "collectionType" : "collections",
  "path" : "Mobile Media Library/Danish - Video/Children/Book of Mormon Stories",
  "collectionID" : "f0f7b542ce4b4fe3b7a2fd05f6a8b0f884776608",
  "language" : "dan",
  "type" : "DEFAULT",
  "lastUpdatedDate" : "2022-04-01T02:30:20.016-06:00",
  "links" : [ {
    "rel" : "details",
    "href" : "https://titanapi.churchofjesuschrist.org/assetsearch/api/v2/collection/details/collectionID/f0f7b542ce4b4fe3b7a2fd05f6a8b0f884776608"
  } ],
  "coverImages" : [ {
    "asset" : {
      "assetID" : "55b18157c8a42b5026b95819bebe1daae4883819"
    }
  } ],
  "related" : [ ],
  "metadata" : [ {
    "key" : "collectionUri",
    "value" : "book-of-mormon-stories",
    "language" : "dan"
  }, {
    "key" : "orderIndex",
    "value" : "2"
  } ],
  "children" : [ ],
  "assets" : [ ],
  "fileName" : "f0f7b542ce4b4fe3b7a2fd05f6a8b0f884776608.json",
  "name" : "Book of Mormon Stories"
}