{
  "parentCollectionID" : "b043d99f4aea4ea48ef3490404eb2df5da1df199",
  "parentCollectionPath" : "Mobile Media Library/Tongan - Video/Teaching and Lessons/Come, Follow Me/Come, Follow Me: New Testament Learning and Teaching Resources",
  "collectionType" : "collections",
  "path" : "Mobile Media Library/Tongan - Video/Teaching and Lessons/Come, Follow Me/Come, Follow Me: New Testament Learning and Teaching Resources/Jun. 17-23: Matthew 27; Mark 15; Luke 23; John 19",
  "collectionID" : "f28af9b16c164cb48665abb29c49fb19f9119a82",
  "language" : "ton",
  "type" : "DEFAULT",
  "lastUpdatedDate" : "2022-04-18T00:56:46.063-06:00",
  "links" : [ {
    "rel" : "details",
    "href" : "https://titanapi.churchofjesuschrist.org/assetsearch/api/v2/collection/details/collectionID/f28af9b16c164cb48665abb29c49fb19f9119a82"
  } ],
  "coverImages" : [ {
    "asset" : {
      "assetID" : "cbf5c7dc922fd09a3acff2be9ffd00cd92df918a"
    }
  } ],
  "related" : [ ],
  "metadata" : [ {
    "key" : "collectionUri",
    "value" : "Jun-17-23-Matthew-27-Mark-15-Luke-23-John-19",
    "language" : "ton"
  }, {
    "key" : "orderIndex",
    "value" : "24"
  } ],
  "children" : [ ],
  "assets" : [ ],
  "fileName" : "f28af9b16c164cb48665abb29c49fb19f9119a82.json",
  "name" : "Jun. 17-23: Matthew 27; Mark 15; Luke 23; John 19"
}