{
  "parentCollectionID" : "5cc79a18473744d289b533f8ede3c6ae2ad338d8",
  "parentCollectionPath" : "Mobile Media Library/Russian - Video/Broadcasts/Friend to Friend",
  "collectionType" : "assets",
  "path" : "Mobile Media Library/Russian - Video/Broadcasts/Friend to Friend/Friend to Friend 2023",
  "collectionID" : "f3488c95b55a4275ad409d6a9f67aa24",
  "language" : "rus",
  "type" : "DEFAULT",
  "lastUpdatedDate" : "2024-09-06T16:53:50.450-06:00",
  "links" : [ {
    "rel" : "details",
    "href" : "https://titanapi.churchofjesuschrist.org/assetsearch/api/v2/collection/details/collectionID/f3488c95b55a4275ad409d6a9f67aa24"
  } ],
  "coverImages" : [ {
    "asset" : {
      "assetID" : "6e703c4b9da411edb964eeeeac1e3ee4fc162128"
    }
  } ],
  "related" : [ ],
  "metadata" : [ {
    "key" : "orderIndex",
    "value" : "2"
  }, {
    "key" : "channel",
    "value" : "mobile",
    "language" : "rus"
  }, {
    "key" : "collectionUri",
    "value" : "friend-to-friend-2023-broadcasts",
    "language" : "rus"
  }, {
    "key" : "publicTitle",
    "value" : "От друга к другу 2023",
    "language" : "rus"
  } ],
  "children" : [ ],
  "assets" : [ {
    "asset" : {
      "assetID" : "60bbfdb3bebe11ed94fbeeeeac1e140252f7b499"
    },
    "index" : 0,
    "addedDate" : 1684876506906,
    "metadata" : [ ]
  }, {
    "asset" : {
      "assetID" : "6f652a90490111eebdceeeeeac1e2cb9d5ca7f95"
    },
    "index" : 1,
    "addedDate" : 1696002642550,
    "metadata" : [ ]
  } ],
  "fileName" : "f3488c95b55a4275ad409d6a9f67aa24.json",
  "name" : "Friend to Friend 2023",
  "publicTitle" : "От друга к другу 2023"
}