{
  "parentCollectionID" : "5a38d9fffa344cfcb95389608b747e51",
  "parentCollectionPath" : "Mobile Media Library/German - Video/Broadcasts",
  "collectionType" : "collections",
  "path" : "Mobile Media Library/German - Video/Broadcasts/S&I Broadcasts",
  "collectionID" : "f3cc35ec84814f3a946fb99e5819076e",
  "language" : "deu",
  "type" : "DEFAULT",
  "lastUpdatedDate" : "2024-02-01T23:56:45.360-07:00",
  "links" : [ {
    "rel" : "details",
    "href" : "https://titanapi.churchofjesuschrist.org/assetsearch/api/v2/collection/details/collectionID/f3cc35ec84814f3a946fb99e5819076e"
  } ],
  "coverImages" : [ {
    "asset" : {
      "assetID" : "2dd2b147fcf911eb8546eeeeac1e208a20990471"
    }
  } ],
  "related" : [ ],
  "metadata" : [ {
    "key" : "collectionUri",
    "value" : "broadcasts-seminary-and-institute",
    "language" : "deu"
  }, {
    "key" : "publicTitle",
    "value" : "S&I-Übertragungen",
    "language" : "deu"
  }, {
    "key" : "orderIndex",
    "value" : "12"
  } ],
  "children" : [ {
    "path" : "Mobile Media Library/German - Video/Broadcasts/S&I Broadcasts/S&I Annual Broadcast January 2024",
    "collectionID" : "d6cf0855422844f7baf0389b6ca29092",
    "type" : "DEFAULT",
    "lastUpdatedDate" : "2024-02-01T23:58:07.321-07:00",
    "links" : [ {
      "rel" : "details",
      "href" : "https://titanapi.churchofjesuschrist.org/assetsearch/api/v2/collection/details/collectionID/d6cf0855422844f7baf0389b6ca29092"
    } ],
    "fileName" : "d6cf0855422844f7baf0389b6ca29092.json"
  } ],
  "assets" : [ ],
  "fileName" : "f3cc35ec84814f3a946fb99e5819076e.json",
  "name" : "S&I Broadcasts",
  "publicTitle" : "S&I-Übertragungen"
}