{
  "parentCollectionID" : "0956b17a54704974884d8e0713d30a52ce259da7",
  "parentCollectionPath" : "Mobile Media Library/Hungarian - Video/Life Help/Self-Reliance Services and PEF/Starting and Growing My Business",
  "collectionType" : "collections",
  "path" : "Mobile Media Library/Hungarian - Video/Life Help/Self-Reliance Services and PEF/Starting and Growing My Business/Chapter 02: What do people want to buy?",
  "collectionID" : "f4aa0c72db9a436fb562ebf1853783ced7145722",
  "language" : "hun",
  "type" : "DEFAULT",
  "lastUpdatedDate" : "2022-07-21T21:32:53.387-06:00",
  "links" : [ {
    "rel" : "details",
    "href" : "https://titanapi.churchofjesuschrist.org/assetsearch/api/v2/collection/details/collectionID/f4aa0c72db9a436fb562ebf1853783ced7145722"
  } ],
  "coverImages" : [ {
    "asset" : {
      "assetID" : "1a2116174dc5a98e553a9fc9131fee1296de0de5"
    }
  } ],
  "related" : [ ],
  "metadata" : [ {
    "key" : "collectionUri",
    "value" : "chapter-2-what-do-people-want-to-buy",
    "language" : "hun"
  } ],
  "children" : [ ],
  "assets" : [ ],
  "fileName" : "f4aa0c72db9a436fb562ebf1853783ced7145722.json",
  "name" : "Chapter 02: What do people want to buy?"
}