{
  "parentCollectionID" : "e908878b100d4b98a82d25a286113b54",
  "parentCollectionPath" : "Mobile Media Library/English - Images/Things/Nature and Creation",
  "collectionType" : "collections",
  "path" : "Mobile Media Library/English - Images/Things/Nature and Creation/Plants",
  "collectionID" : "f64754901384402d881bf226eaef0dac",
  "language" : "eng",
  "type" : "DEFAULT",
  "lastUpdatedDate" : "2019-12-30T09:34:08.736-07:00",
  "links" : [ {
    "rel" : "details",
    "href" : "https://titanapi.churchofjesuschrist.org/assetsearch/api/v2/collection/details/collectionID/f64754901384402d881bf226eaef0dac"
  } ],
  "coverImages" : [ {
    "asset" : {
      "assetID" : "d01340d4ffbca5058602e142dad894dba50917d3"
    }
  } ],
  "related" : [ ],
  "metadata" : [ {
    "key" : "collectionUri",
    "value" : "plants-images",
    "language" : "eng"
  }, {
    "key" : "publicTitle",
    "value" : "Plants",
    "language" : "eng"
  } ],
  "children" : [ {
    "path" : "Mobile Media Library/English - Images/Things/Nature and Creation/Plants/Flowers",
    "collectionID" : "61a9471999ed4d13aaf506bb6411fd96",
    "type" : "DEFAULT",
    "lastUpdatedDate" : "2019-12-30T09:35:26.700-07:00",
    "links" : [ {
      "rel" : "details",
      "href" : "https://titanapi.churchofjesuschrist.org/assetsearch/api/v2/collection/details/collectionID/61a9471999ed4d13aaf506bb6411fd96"
    } ],
    "fileName" : "61a9471999ed4d13aaf506bb6411fd96.json"
  }, {
    "path" : "Mobile Media Library/English - Images/Things/Nature and Creation/Plants/Trees and Leaves",
    "collectionID" : "32807058eeaa474782aaf48ef31b10b5",
    "type" : "DEFAULT",
    "lastUpdatedDate" : "2019-12-30T09:36:15.797-07:00",
    "links" : [ {
      "rel" : "details",
      "href" : "https://titanapi.churchofjesuschrist.org/assetsearch/api/v2/collection/details/collectionID/32807058eeaa474782aaf48ef31b10b5"
    } ],
    "fileName" : "32807058eeaa474782aaf48ef31b10b5.json"
  } ],
  "assets" : [ ],
  "fileName" : "f64754901384402d881bf226eaef0dac.json",
  "name" : "Plants",
  "publicTitle" : "Plants"
}