{
  "parentCollectionID" : "976f8552dcb641e482ba53de563e7955",
  "parentCollectionPath" : "Mobile Media Library/French - Images/Book of Mormon Videos Images",
  "collectionType" : "assets",
  "path" : "Mobile Media Library/French - Images/Book of Mormon Videos Images/3 Nephi 27",
  "collectionID" : "f6d1e235970c4ef3a20d16a5d4261aa4",
  "language" : "fra",
  "type" : "DEFAULT",
  "lastUpdatedDate" : "2023-08-31T23:43:23.143-06:00",
  "links" : [ {
    "rel" : "details",
    "href" : "https://titanapi.churchofjesuschrist.org/assetsearch/api/v2/collection/details/collectionID/f6d1e235970c4ef3a20d16a5d4261aa4"
  } ],
  "coverImages" : [ {
    "asset" : {
      "assetID" : "86931b0c7fad11ec8291eeeeac1e97e92cbe41ff"
    }
  } ],
  "related" : [ ],
  "metadata" : [ {
    "key" : "collectionUri",
    "value" : "bmvl-images-3-nephi-27",
    "language" : "fra"
  }, {
    "key" : "publicTitle",
    "value" : "3 Néphi 27",
    "language" : "fra"
  }, {
    "key" : "orderIndex",
    "value" : "22"
  } ],
  "children" : [ ],
  "assets" : [ {
    "asset" : {
      "assetID" : "cc678008fba611ebbf18eeeeac1e5d0bb8d69251"
    },
    "addedDate" : 1693548100453,
    "metadata" : [ ]
  }, {
    "asset" : {
      "assetID" : "d6ed97c6fba611ebb5d9eeeeac1ebcf25beb8988"
    },
    "addedDate" : 1693548100456,
    "metadata" : [ ]
  }, {
    "asset" : {
      "assetID" : "e1c15a1ffba611ebbb5eeeeeac1e9b2a8dadd05e"
    },
    "addedDate" : 1693548100446,
    "metadata" : [ ]
  }, {
    "asset" : {
      "assetID" : "e7dc760cfba611eb9119eeeeac1ef188d01b348f"
    },
    "addedDate" : 1693548100450,
    "metadata" : [ ]
  }, {
    "asset" : {
      "assetID" : "388d8218051e11ecbb5eeeeeac1e9b2a7dbfb9c5"
    },
    "addedDate" : 1693548100456,
    "metadata" : [ ]
  }, {
    "asset" : {
      "assetID" : "2f8223b3051e11ec80e5eeeeac1e371822d886da"
    },
    "addedDate" : 1693548100453,
    "metadata" : [ ]
  } ],
  "fileName" : "f6d1e235970c4ef3a20d16a5d4261aa4.json",
  "name" : "3 Nephi 27",
  "publicTitle" : "3 Néphi 27"
}