{
  "parentCollectionID" : "9ebf414e87594f18af91735272aadbb3",
  "parentCollectionPath" : "Mobile Media Library/Portuguese - Video/People/Latter-day Prophets",
  "collectionType" : "assets",
  "path" : "Mobile Media Library/Portuguese - Video/People/Latter-day Prophets/Harold B. Lee",
  "collectionID" : "f710ba157f3946e6989fb4696c3bf80c",
  "language" : "por",
  "type" : "DEFAULT",
  "lastUpdatedDate" : "2022-06-06T17:48:13.843-06:00",
  "links" : [ {
    "rel" : "details",
    "href" : "https://titanapi.churchofjesuschrist.org/assetsearch/api/v2/collection/details/collectionID/f710ba157f3946e6989fb4696c3bf80c"
  } ],
  "coverImages" : [ {
    "asset" : {
      "assetID" : "62cfa807cb87fef57841df4661f5d8d77e3791ef"
    }
  } ],
  "related" : [ ],
  "metadata" : [ {
    "key" : "collectionUri",
    "value" : "harold-b-lee",
    "language" : "por"
  }, {
    "key" : "publicTitle",
    "value" : "Harold B. Lee",
    "language" : "por"
  }, {
    "key" : "orderIndex",
    "value" : "6"
  } ],
  "children" : [ ],
  "assets" : [ {
    "asset" : {
      "assetID" : "04b81112b9eb18dacaa2758600e9f172bc5e384c"
    },
    "index" : 0,
    "addedDate" : 1654559348217,
    "metadata" : [ ]
  }, {
    "asset" : {
      "assetID" : "56abf8fc8dbbbaaca8929d366ff9eda6577763c8"
    },
    "index" : 3,
    "addedDate" : 1654559477109,
    "metadata" : [ ]
  }, {
    "asset" : {
      "assetID" : "57c308d823ceb4d3871e8c39374ec2c0ffb73a9c"
    },
    "index" : 8,
    "addedDate" : 1654559768177,
    "metadata" : [ ]
  }, {
    "asset" : {
      "assetID" : "60e3cb89e7e4941266f54ce77b811d355fe739ed"
    },
    "index" : 6,
    "addedDate" : 1654559568096,
    "metadata" : [ ]
  }, {
    "asset" : {
      "assetID" : "717a592e6e641fd46830c9c4f04792de66246b1d"
    },
    "index" : 1,
    "addedDate" : 1654559362929,
    "metadata" : [ ]
  }, {
    "asset" : {
      "assetID" : "8c32eb1784dc365156e1c69679250b57588c415b"
    },
    "index" : 4,
    "addedDate" : 1654559538862,
    "metadata" : [ ]
  }, {
    "asset" : {
      "assetID" : "bbf7718770218e73242c540b3f4eb6c2fde56be8"
    },
    "index" : 7,
    "addedDate" : 1654559613677,
    "metadata" : [ ]
  }, {
    "asset" : {
      "assetID" : "c727d7adbf44248382c1c5b35dcbc8260d431a75"
    },
    "index" : 5,
    "addedDate" : 1654559553570,
    "metadata" : [ ]
  }, {
    "asset" : {
      "assetID" : "eec586a682ec2fbf0c05428d7abfc66348fb1fb5"
    },
    "index" : 2,
    "addedDate" : 1654559405212,
    "metadata" : [ ]
  } ],
  "fileName" : "f710ba157f3946e6989fb4696c3bf80c.json",
  "name" : "Harold B. Lee",
  "publicTitle" : "Harold B. Lee"
}