{
  "parentCollectionID" : "fe1d6a37623648fcbd4e31184f29b6c9f1148d47",
  "parentCollectionPath" : "Mobile Media Library/Indonesian - Video/Callings and Trainings",
  "collectionType" : "assets",
  "path" : "Mobile Media Library/Indonesian - Video/Callings and Trainings/Missionary",
  "collectionID" : "f778cd78d53c4507947cae14f472c4f3a9ae4543",
  "language" : "ind",
  "type" : "DEFAULT",
  "lastUpdatedDate" : "2022-11-02T09:42:08.112-06:00",
  "links" : [ {
    "rel" : "details",
    "href" : "https://titanapi.churchofjesuschrist.org/assetsearch/api/v2/collection/details/collectionID/f778cd78d53c4507947cae14f472c4f3a9ae4543"
  } ],
  "coverImages" : [ {
    "asset" : {
      "assetID" : "5c94d26d32d401b839d2dad92f3663ba15fbd281"
    }
  } ],
  "related" : [ ],
  "metadata" : [ {
    "key" : "orderIndex",
    "value" : "1"
  }, {
    "key" : "collectionUri",
    "value" : "missionary",
    "language" : "ind"
  }, {
    "key" : "publicTitle",
    "value" : "misionaris",
    "language" : "ind"
  } ],
  "children" : [ ],
  "assets" : [ {
    "asset" : {
      "assetID" : "ce95a1ae010a11ec8546eeeeac1e208a7cb186b2"
    },
    "index" : 2,
    "addedDate" : 1650261069460,
    "metadata" : [ ]
  }, {
    "asset" : {
      "assetID" : "47260ce2012511eca393eeeeac1e50dfb88bc577"
    },
    "index" : 3,
    "addedDate" : 1650261069460,
    "metadata" : [ ]
  }, {
    "asset" : {
      "assetID" : "f0bcd074012511ec99c6eeeeac1e03b2f68de111"
    },
    "index" : 5,
    "addedDate" : 1650261069460,
    "metadata" : [ ]
  }, {
    "asset" : {
      "assetID" : "1c045f5b012611ecbf18eeeeac1e5d0b007b822e"
    },
    "index" : 7,
    "addedDate" : 1650261069460,
    "metadata" : [ ]
  }, {
    "asset" : {
      "assetID" : "c835c0af012511ecb5d9eeeeac1ebcf2aec413c6"
    },
    "index" : 4,
    "addedDate" : 1650261069460,
    "metadata" : [ ]
  }, {
    "asset" : {
      "assetID" : "004da5c4012611eca393eeeeac1e50df71d5df6f"
    },
    "index" : 6,
    "addedDate" : 1650261069460,
    "metadata" : [ ]
  } ],
  "fileName" : "f778cd78d53c4507947cae14f472c4f3a9ae4543.json",
  "name" : "Missionary",
  "publicTitle" : "misionaris"
}