{
  "parentCollectionID" : "c3aafc0d2e0649cc90d1da85236b14e97d1a4e26",
  "parentCollectionPath" : "Mobile Media Library/Mandarin Traditional - Video/Broadcasts",
  "collectionType" : "collections",
  "path" : "Mobile Media Library/Mandarin Traditional - Video/Broadcasts/Worldwide Devotionals",
  "collectionID" : "f79db0fc960943c8b21e5883a3f919144558df60",
  "language" : "zho",
  "type" : "DEFAULT",
  "lastUpdatedDate" : "2024-09-25T13:53:22.359-06:00",
  "links" : [ {
    "rel" : "details",
    "href" : "https://titanapi.churchofjesuschrist.org/assetsearch/api/v2/collection/details/collectionID/f79db0fc960943c8b21e5883a3f919144558df60"
  } ],
  "coverImages" : [ {
    "asset" : {
      "assetID" : "b39ce91cacef795de8557b3ca2215699f74cab10"
    }
  } ],
  "related" : [ ],
  "metadata" : [ {
    "key" : "orderIndex",
    "value" : "6"
  }, {
    "key" : "channel",
    "value" : "mobile",
    "language" : "zho"
  }, {
    "key" : "collectionUri",
    "value" : "worldwide-devotionals",
    "language" : "zho"
  }, {
    "key" : "publicTitle",
    "value" : "全球年輕成人和青少年祈禱會",
    "language" : "zho"
  } ],
  "children" : [ {
    "path" : "Mobile Media Library/Mandarin Traditional - Video/Broadcasts/Worldwide Devotionals/Worldwide Devotional Full Sessions",
    "collectionID" : "c843586f8cc4495fb9ed79798cca2230",
    "type" : "DEFAULT",
    "lastUpdatedDate" : "2024-09-25T13:52:56.757-06:00",
    "links" : [ {
      "rel" : "details",
      "href" : "https://titanapi.churchofjesuschrist.org/assetsearch/api/v2/collection/details/collectionID/c843586f8cc4495fb9ed79798cca2230"
    } ],
    "fileName" : "c843586f8cc4495fb9ed79798cca2230.json"
  }, {
    "path" : "Mobile Media Library/Mandarin Traditional - Video/Broadcasts/Worldwide Devotionals/Worldwide Devotional Segments",
    "collectionID" : "52faa06ec5504412a9f153264b4a41b1",
    "type" : "DEFAULT",
    "lastUpdatedDate" : "2024-09-25T13:53:05.808-06:00",
    "links" : [ {
      "rel" : "details",
      "href" : "https://titanapi.churchofjesuschrist.org/assetsearch/api/v2/collection/details/collectionID/52faa06ec5504412a9f153264b4a41b1"
    } ],
    "fileName" : "52faa06ec5504412a9f153264b4a41b1.json"
  }, {
    "path" : "Mobile Media Library/Mandarin Traditional - Video/Broadcasts/Worldwide Devotionals/Young Adult and Youth Devotionals",
    "collectionID" : "82c94191caa94f99baaacf3247db06f6",
    "type" : "DEFAULT",
    "lastUpdatedDate" : "2024-09-25T13:53:14.510-06:00",
    "links" : [ {
      "rel" : "details",
      "href" : "https://titanapi.churchofjesuschrist.org/assetsearch/api/v2/collection/details/collectionID/82c94191caa94f99baaacf3247db06f6"
    } ],
    "fileName" : "82c94191caa94f99baaacf3247db06f6.json"
  } ],
  "assets" : [ ],
  "fileName" : "f79db0fc960943c8b21e5883a3f919144558df60.json",
  "name" : "Worldwide Devotionals",
  "publicTitle" : "全球年輕成人和青少年祈禱會"
}