{
  "parentCollectionID" : "c8d6991f76fd4bf8b50fafb1e6f4381c353b67ab",
  "parentCollectionPath" : "Mobile Media Library/Thai - Video/Life Help/Self-Reliance Services and PEF/Self-Reliance: My Foundation",
  "collectionType" : "collections",
  "path" : "Mobile Media Library/Thai - Video/Life Help/Self-Reliance Services and PEF/Self-Reliance: My Foundation/Principle 01: Exercise Faith in Jesus Christ",
  "collectionID" : "f96c9a740e9e4d99bd8bd65b628721510f174a70",
  "language" : "tha",
  "type" : "DEFAULT",
  "lastUpdatedDate" : "2022-10-31T08:15:38.662-06:00",
  "links" : [ {
    "rel" : "details",
    "href" : "https://titanapi.churchofjesuschrist.org/assetsearch/api/v2/collection/details/collectionID/f96c9a740e9e4d99bd8bd65b628721510f174a70"
  } ],
  "coverImages" : [ {
    "asset" : {
      "assetID" : "329cb8d3dbad9e3ea9f2590c22f52638d50ee9ac"
    }
  } ],
  "related" : [ ],
  "metadata" : [ {
    "key" : "collectionUri",
    "value" : "principle-1-exercise-faith-in-jesus-christ",
    "language" : "tha"
  }, {
    "key" : "publicTitle",
    "value" : "หลักธรรม 1: ใช้ศรัทธาในพระเยซูคริสต์",
    "language" : "tha"
  } ],
  "children" : [ ],
  "assets" : [ ],
  "fileName" : "f96c9a740e9e4d99bd8bd65b628721510f174a70.json",
  "name" : "Principle 01: Exercise Faith in Jesus Christ",
  "publicTitle" : "หลักธรรม 1: ใช้ศรัทธาในพระเยซูคริสต์"
}