{
  "parentCollectionID" : "f69b5fd6405145a7b4436dc4555a6d2a",
  "parentCollectionPath" : "Mobile Media Library/Hungarian - Video",
  "collectionType" : "collections",
  "path" : "Mobile Media Library/Hungarian - Video/Holidays",
  "collectionID" : "f9afcbad0c184632b598ea0b461549d1",
  "language" : "hun",
  "type" : "DEFAULT",
  "lastUpdatedDate" : "2023-02-21T15:24:54.542-07:00",
  "links" : [ {
    "rel" : "details",
    "href" : "https://titanapi.churchofjesuschrist.org/assetsearch/api/v2/collection/details/collectionID/f9afcbad0c184632b598ea0b461549d1"
  } ],
  "coverImages" : [ {
    "asset" : {
      "assetID" : "35a6461ba57a4148ca7dc223b09daadd5f233a1b"
    }
  } ],
  "related" : [ ],
  "metadata" : [ {
    "key" : "orderIndex",
    "value" : "7"
  }, {
    "key" : "description",
    "value" : "Élvezd az ünnepeket Az Utolsó Napi Szentek Jézus Krisztus Egyháza videófilmjeivel, amelyek között megtalálhatók az éves karácsonyi és húsvéti üzenetek, Jézus születése és a karácsonyi történet különböző változatai, és így tovább.",
    "language" : "hun"
  }, {
    "key" : "collectionUri",
    "value" : "holidays",
    "language" : "hun"
  }, {
    "key" : "publicTitle",
    "value" : "Ünnepek",
    "language" : "hun"
  } ],
  "children" : [ {
    "path" : "Mobile Media Library/Hungarian - Video/Holidays/Christmas Messages",
    "collectionID" : "7310a83f23424c88ac6ba7d78ef9b81e",
    "type" : "DEFAULT",
    "lastUpdatedDate" : "2023-02-21T15:25:09.854-07:00",
    "links" : [ {
      "rel" : "details",
      "href" : "https://titanapi.churchofjesuschrist.org/assetsearch/api/v2/collection/details/collectionID/7310a83f23424c88ac6ba7d78ef9b81e"
    } ],
    "fileName" : "7310a83f23424c88ac6ba7d78ef9b81e.json"
  }, {
    "path" : "Mobile Media Library/Hungarian - Video/Holidays/Christmas Music",
    "collectionID" : "d7dacd9590ea4130aaf43065877afcec",
    "type" : "DEFAULT",
    "lastUpdatedDate" : "2023-02-21T15:25:51.491-07:00",
    "links" : [ {
      "rel" : "details",
      "href" : "https://titanapi.churchofjesuschrist.org/assetsearch/api/v2/collection/details/collectionID/d7dacd9590ea4130aaf43065877afcec"
    } ],
    "fileName" : "d7dacd9590ea4130aaf43065877afcec.json"
  }, {
    "path" : "Mobile Media Library/Hungarian - Video/Holidays/Light the World",
    "collectionID" : "d1c1c7e09c2e48b1b9a9662b8db87fbd",
    "type" : "DEFAULT",
    "lastUpdatedDate" : "2023-02-21T15:27:03.040-07:00",
    "links" : [ {
      "rel" : "details",
      "href" : "https://titanapi.churchofjesuschrist.org/assetsearch/api/v2/collection/details/collectionID/d1c1c7e09c2e48b1b9a9662b8db87fbd"
    } ],
    "fileName" : "d1c1c7e09c2e48b1b9a9662b8db87fbd.json"
  }, {
    "path" : "Mobile Media Library/Hungarian - Video/Holidays/The Christmas Story",
    "collectionID" : "39bd2a2aad5646b7969151fdadce0b42",
    "type" : "DEFAULT",
    "lastUpdatedDate" : "2023-02-21T15:27:53.224-07:00",
    "links" : [ {
      "rel" : "details",
      "href" : "https://titanapi.churchofjesuschrist.org/assetsearch/api/v2/collection/details/collectionID/39bd2a2aad5646b7969151fdadce0b42"
    } ],
    "fileName" : "39bd2a2aad5646b7969151fdadce0b42.json"
  }, {
    "path" : "Mobile Media Library/Hungarian - Video/Holidays/Easter",
    "collectionID" : "0f8c4afeda8140de94dec0d3a4e2b79a",
    "type" : "DEFAULT",
    "lastUpdatedDate" : "2023-02-21T15:28:46.127-07:00",
    "links" : [ {
      "rel" : "details",
      "href" : "https://titanapi.churchofjesuschrist.org/assetsearch/api/v2/collection/details/collectionID/0f8c4afeda8140de94dec0d3a4e2b79a"
    } ],
    "fileName" : "0f8c4afeda8140de94dec0d3a4e2b79a.json"
  }, {
    "path" : "Mobile Media Library/Hungarian - Video/Holidays/Mother's Day",
    "collectionID" : "4c3f3184602748a9873e89c5964f773f",
    "type" : "DEFAULT",
    "lastUpdatedDate" : "2023-02-21T15:29:34.030-07:00",
    "links" : [ {
      "rel" : "details",
      "href" : "https://titanapi.churchofjesuschrist.org/assetsearch/api/v2/collection/details/collectionID/4c3f3184602748a9873e89c5964f773f"
    } ],
    "fileName" : "4c3f3184602748a9873e89c5964f773f.json"
  }, {
    "path" : "Mobile Media Library/Hungarian - Video/Holidays/Father's Day",
    "collectionID" : "32559c7d57ce42408d08e8a3a7a44f79",
    "type" : "DEFAULT",
    "lastUpdatedDate" : "2023-02-21T15:30:14.813-07:00",
    "links" : [ {
      "rel" : "details",
      "href" : "https://titanapi.churchofjesuschrist.org/assetsearch/api/v2/collection/details/collectionID/32559c7d57ce42408d08e8a3a7a44f79"
    } ],
    "fileName" : "32559c7d57ce42408d08e8a3a7a44f79.json"
  } ],
  "assets" : [ ],
  "fileName" : "f9afcbad0c184632b598ea0b461549d1.json",
  "name" : "Holidays",
  "publicTitle" : "Ünnepek",
  "description" : "Élvezd az ünnepeket Az Utolsó Napi Szentek Jézus Krisztus Egyháza videófilmjeivel, amelyek között megtalálhatók az éves karácsonyi és húsvéti üzenetek, Jézus születése és a karácsonyi történet különböző változatai, és így tovább."
}