{
  "parentCollectionID" : "4f07d2be10a0c4ca2b4313557d5828761d444483",
  "parentCollectionPath" : "Mobile Media Library/Portuguese - Images",
  "collectionType" : "collections",
  "path" : "Mobile Media Library/Portuguese - Images/Things",
  "collectionID" : "f9e6258a72ae435eb779c8f27fdbb88f",
  "language" : "por",
  "type" : "DEFAULT",
  "lastUpdatedDate" : "2021-05-24T12:09:27.442-06:00",
  "links" : [ {
    "rel" : "details",
    "href" : "https://titanapi.churchofjesuschrist.org/assetsearch/api/v2/collection/details/collectionID/f9e6258a72ae435eb779c8f27fdbb88f"
  } ],
  "coverImages" : [ {
    "asset" : {
      "assetID" : "1687c270ff4dee6e9aee5a33edd1fd9d99ee2825"
    }
  } ],
  "related" : [ ],
  "metadata" : [ {
    "key" : "description",
    "value" : "Essas fotos emolduradas de cenas da natureza e de objetos feitos pelo homem podem iniciar conversas instigantes sobre os ensinamentos do evangelho e os empreendimentos humanos.",
    "language" : "por"
  }, {
    "key" : "collectionUri",
    "value" : "things-images",
    "language" : "por"
  }, {
    "key" : "publicTitle",
    "value" : "Objetos",
    "language" : "por"
  } ],
  "children" : [ ],
  "assets" : [ ],
  "fileName" : "f9e6258a72ae435eb779c8f27fdbb88f.json",
  "name" : "Things",
  "publicTitle" : "Objetos",
  "description" : "Essas fotos emolduradas de cenas da natureza e de objetos feitos pelo homem podem iniciar conversas instigantes sobre os ensinamentos do evangelho e os empreendimentos humanos."
}