{
  "parentCollectionID" : "e64d93dfa3bb4ddbbf8352528c37636f39b4fc06",
  "parentCollectionPath" : "Mobile Media Library/Norwegian - Video/Topics",
  "collectionType" : "collections",
  "path" : "Mobile Media Library/Norwegian - Video/Topics/Pornography",
  "collectionID" : "fb5379d9ff0a4c1fade77e3b6bab09bd91022917",
  "language" : "nor",
  "type" : "DEFAULT",
  "lastUpdatedDate" : "2023-05-25T20:03:31.822-06:00",
  "links" : [ {
    "rel" : "details",
    "href" : "https://titanapi.churchofjesuschrist.org/assetsearch/api/v2/collection/details/collectionID/fb5379d9ff0a4c1fade77e3b6bab09bd91022917"
  } ],
  "coverImages" : [ {
    "asset" : {
      "assetID" : "9ca5cc34970e9dd6ea8356e9dddda3466ba77ef6"
    }
  } ],
  "related" : [ ],
  "metadata" : [ {
    "key" : "orderIndex",
    "value" : "24"
  }, {
    "key" : "collectionUri",
    "value" : "pornography-and-addiction-topic",
    "language" : "nor"
  }, {
    "key" : "publicTitle",
    "value" : "Pornografi",
    "language" : "nor"
  } ],
  "children" : [ ],
  "assets" : [ ],
  "fileName" : "fb5379d9ff0a4c1fade77e3b6bab09bd91022917.json",
  "name" : "Pornography",
  "publicTitle" : "Pornografi"
}