{
  "parentCollectionID" : "57008b4d03f843128974d78f63f44eb07e86de81",
  "parentCollectionPath" : "Mobile Media Library/Ukrainian - Video/Life Help/Self-Reliance Services and PEF/Self-Reliance: My Foundation",
  "collectionType" : "collections",
  "path" : "Mobile Media Library/Ukrainian - Video/Life Help/Self-Reliance Services and PEF/Self-Reliance: My Foundation/Principle 06: Solve Problems",
  "collectionID" : "fbd96d3167e34d6ea08ef7c13ed39e4d516ad145",
  "language" : "ukr",
  "type" : "DEFAULT",
  "lastUpdatedDate" : "2022-07-19T12:31:38.999-06:00",
  "links" : [ {
    "rel" : "details",
    "href" : "https://titanapi.churchofjesuschrist.org/assetsearch/api/v2/collection/details/collectionID/fbd96d3167e34d6ea08ef7c13ed39e4d516ad145"
  } ],
  "coverImages" : [ {
    "asset" : {
      "assetID" : "9e5aa19e3e56e8bb8e144208e298562e789cc09c"
    }
  } ],
  "related" : [ ],
  "metadata" : [ {
    "key" : "collectionUri",
    "value" : "principle-6-solve-problems",
    "language" : "ukr"
  } ],
  "children" : [ ],
  "assets" : [ ],
  "fileName" : "fbd96d3167e34d6ea08ef7c13ed39e4d516ad145.json",
  "name" : "Principle 06: Solve Problems"
}