{
  "parentCollectionID" : "d5b6040ec6af44be9a117be22cf4ad72c4a67678",
  "parentCollectionPath" : "Mobile Media Library/Mandarin Traditional - Video/Life Help",
  "collectionType" : "assets",
  "path" : "Mobile Media Library/Mandarin Traditional - Video/Life Help/Suicide",
  "collectionID" : "fc0b77ed57e145a8a8cc1dc0b2782771",
  "language" : "zho",
  "type" : "DEFAULT",
  "lastUpdatedDate" : "2024-07-30T14:22:52.464-06:00",
  "links" : [ {
    "rel" : "details",
    "href" : "https://titanapi.churchofjesuschrist.org/assetsearch/api/v2/collection/details/collectionID/fc0b77ed57e145a8a8cc1dc0b2782771"
  } ],
  "coverImages" : [ {
    "asset" : {
      "assetID" : "b61fbada9fc33b73f5f3f6dc1302c65110c577f1"
    }
  } ],
  "related" : [ ],
  "metadata" : [ {
    "key" : "collectionUri",
    "value" : "suicide-life-help"
  }, {
    "key" : "publicTitle",
    "value" : "自殺"
  }, {
    "key" : "orderIndex",
    "value" : "3"
  }, {
    "key" : "collectionUri",
    "value" : "suicide-life-help",
    "language" : "zho"
  }, {
    "key" : "publicTitle",
    "value" : "自殺",
    "language" : "zho"
  } ],
  "children" : [ ],
  "assets" : [ {
    "asset" : {
      "assetID" : "990736e7fc0b11edacceeeeeac1e0dd7c14edd0c"
    },
    "index" : 0,
    "addedDate" : 1687376612108,
    "metadata" : [ ]
  } ],
  "fileName" : "fc0b77ed57e145a8a8cc1dc0b2782771.json",
  "name" : "Suicide",
  "publicTitle" : "自殺"
}