{
  "parentCollectionID" : "43c6e52be13543b985cfcd6d84092e97",
  "parentCollectionPath" : "Mobile Media Library/Spanish - Video/Church History/Prophets of the Restoration",
  "collectionType" : "assets",
  "path" : "Mobile Media Library/Spanish - Video/Church History/Prophets of the Restoration/Howard W. Hunter",
  "collectionID" : "fc1400f444ad4f7487b4036c14ea093e",
  "language" : "spa",
  "type" : "DEFAULT",
  "lastUpdatedDate" : "2022-06-13T07:54:58.004-06:00",
  "links" : [ {
    "rel" : "details",
    "href" : "https://titanapi.churchofjesuschrist.org/assetsearch/api/v2/collection/details/collectionID/fc1400f444ad4f7487b4036c14ea093e"
  } ],
  "coverImages" : [ {
    "asset" : {
      "assetID" : "cf415e425e7adc9b07bd7a51eb09684d6adb2380"
    }
  } ],
  "related" : [ ],
  "metadata" : [ {
    "key" : "collectionUri",
    "value" : "howard-w-hunter-prophets-of-the-restoration",
    "language" : "spa"
  }, {
    "key" : "publicTitle",
    "value" : "Howard W. Hunter",
    "language" : "spa"
  }, {
    "key" : "orderIndex",
    "value" : "3"
  } ],
  "children" : [ ],
  "assets" : [ {
    "asset" : {
      "assetID" : "78f46d8652e6204a777313afd5330c21d3ed2652"
    },
    "index" : 6,
    "addedDate" : 1655142735678,
    "metadata" : [ ]
  }, {
    "asset" : {
      "assetID" : "58945bc27349ba7be3254fad800284fcbc8f2aee"
    },
    "index" : 2,
    "addedDate" : 1655142647439,
    "metadata" : [ ]
  }, {
    "asset" : {
      "assetID" : "83ef1073a2a6407127d4c193620e960ec8084925"
    },
    "index" : 1,
    "addedDate" : 1655142626186,
    "metadata" : [ ]
  }, {
    "asset" : {
      "assetID" : "c2a17ec3f69a573669eb38fc5e6b02e6870e4934"
    },
    "index" : 7,
    "addedDate" : 1655142752653,
    "metadata" : [ ]
  }, {
    "asset" : {
      "assetID" : "674eb01d310a3672a63b322c10c7186c7bbb3846"
    },
    "index" : 4,
    "addedDate" : 1655142685731,
    "metadata" : [ ]
  }, {
    "asset" : {
      "assetID" : "72a7f26c21bf9464d7513a0239c3a0d5d73c3944"
    },
    "index" : 3,
    "addedDate" : 1655142666368,
    "metadata" : [ ]
  }, {
    "asset" : {
      "assetID" : "7992941eecaf9356daec4ba27d464f854c3dc8b0"
    },
    "index" : 5,
    "addedDate" : 1655142705489,
    "metadata" : [ ]
  }, {
    "asset" : {
      "assetID" : "ef426ba36854afdb510546da740c8227507956a7"
    },
    "index" : 9,
    "addedDate" : 1655142785806,
    "metadata" : [ ]
  }, {
    "asset" : {
      "assetID" : "97167068af0039207ebcce1f845836981e28da5e"
    },
    "index" : 0,
    "addedDate" : 1655142609795,
    "metadata" : [ ]
  }, {
    "asset" : {
      "assetID" : "ff77226847ce4821ccf06ff57ddd73d593584fa6"
    },
    "index" : 8,
    "addedDate" : 1655142768263,
    "metadata" : [ ]
  } ],
  "fileName" : "fc1400f444ad4f7487b4036c14ea093e.json",
  "name" : "Howard W. Hunter",
  "publicTitle" : "Howard W. Hunter"
}