{
  "parentCollectionID" : "31abaa54b02e47c2b98221652625a490",
  "parentCollectionPath" : "Mobile Media Library/ASL - Video/Scriptural Reenactments and Teachings/Bible Videos - The Life of Jesus Christ",
  "collectionType" : "assets",
  "path" : "Mobile Media Library/ASL - Video/Scriptural Reenactments and Teachings/Bible Videos - The Life of Jesus Christ/Children's Bible Videos",
  "collectionID" : "fdee45d19d68419a916af860fa4884e8",
  "language" : "ase",
  "type" : "DEFAULT",
  "lastUpdatedDate" : "2024-03-28T09:29:45.894-06:00",
  "links" : [ {
    "rel" : "details",
    "href" : "https://titanapi.churchofjesuschrist.org/assetsearch/api/v2/collection/details/collectionID/fdee45d19d68419a916af860fa4884e8"
  } ],
  "coverImages" : [ {
    "asset" : {
      "assetID" : "9e0bcae472dc53f56186832c9a403baed7fe223b"
    }
  } ],
  "related" : [ ],
  "metadata" : [ {
    "key" : "orderIndex",
    "value" : "6"
  }, {
    "key" : "channel",
    "value" : "mobile",
    "language" : "ase"
  }, {
    "key" : "collectionUri",
    "value" : "scriptures-childrens-bible-videos",
    "language" : "ase"
  }, {
    "key" : "publicTitle",
    "value" : "ASL: Children's Bible Videos",
    "language" : "ase"
  } ],
  "children" : [ ],
  "assets" : [ {
    "asset" : {
      "assetID" : "a1416210eb8b2148615e8f30bc8a4d8a0e9948b8"
    },
    "addedDate" : 1709949608100,
    "metadata" : [ ]
  }, {
    "asset" : {
      "assetID" : "9ccfb3c8ef7fea7a770436bbd7e7e0573c307f97"
    },
    "addedDate" : 1709949608080,
    "metadata" : [ ]
  }, {
    "asset" : {
      "assetID" : "504ab2b447a13c9f726ec386b5b8147aa54d945f"
    },
    "addedDate" : 1709949608053,
    "metadata" : [ ]
  }, {
    "asset" : {
      "assetID" : "cc402e11bb3f0942af325ea0e1923fac0f62a199"
    },
    "addedDate" : 1709949608096,
    "metadata" : [ ]
  }, {
    "asset" : {
      "assetID" : "19a74f5dff7ab6fc4b9f58a3cb9a9f5fcd16ea03"
    },
    "addedDate" : 1709949608090,
    "metadata" : [ ]
  }, {
    "asset" : {
      "assetID" : "7999d47e4540389fa98de9a637f13054644b97bb"
    },
    "addedDate" : 1709949608060,
    "metadata" : [ ]
  }, {
    "asset" : {
      "assetID" : "61d361be2b90519faf883d5efd79d1335f576023"
    },
    "addedDate" : 1709949608050,
    "metadata" : [ ]
  }, {
    "asset" : {
      "assetID" : "eee915b0fbb232d0771400308c9b42ef6094785e"
    },
    "addedDate" : 1709949608113,
    "metadata" : [ ]
  }, {
    "asset" : {
      "assetID" : "e6f1c213cc65e1616f5afe8fb563fb10c6e5836a"
    },
    "addedDate" : 1709949608106,
    "metadata" : [ ]
  }, {
    "asset" : {
      "assetID" : "381f78232763127de1527ccfc4a7ab4d28a78b9a"
    },
    "addedDate" : 1709949608113,
    "metadata" : [ ]
  } ],
  "fileName" : "fdee45d19d68419a916af860fa4884e8.json",
  "name" : "Children's Bible Videos",
  "publicTitle" : "ASL: Children's Bible Videos"
}