{
  "parentCollectionID" : "f3dca4165bd7ed3d2152d048e03353e0f2a7b0d4",
  "parentCollectionPath" : "Mobile Media Library/Spanish - Video/News and Events",
  "collectionType" : "assets",
  "path" : "Mobile Media Library/Spanish - Video/News and Events/Church Leaders",
  "collectionID" : "ff0b11a9699f02c0c93d608d778dff787650138a",
  "language" : "spa",
  "type" : "DEFAULT",
  "lastUpdatedDate" : "2021-05-24T09:33:22.811-06:00",
  "links" : [ {
    "rel" : "details",
    "href" : "https://titanapi.churchofjesuschrist.org/assetsearch/api/v2/collection/details/collectionID/ff0b11a9699f02c0c93d608d778dff787650138a"
  } ],
  "coverImages" : [ {
    "asset" : {
      "assetID" : "6ee9be20d6194731313f69effab97965b197602e"
    }
  } ],
  "related" : [ ],
  "metadata" : [ {
    "key" : "collectionUri",
    "value" : "news-and-events-church-leaders",
    "language" : "spa"
  }, {
    "key" : "publicTitle",
    "value" : "líderes de la Iglesia",
    "language" : "spa"
  } ],
  "children" : [ ],
  "assets" : [ {
    "asset" : {
      "assetID" : "9ea0c6b0c908b04ab84f9327b80542b1d3287eda"
    },
    "addedDate" : 1592459174651,
    "metadata" : [ ]
  }, {
    "asset" : {
      "assetID" : "fec94997a5bde58ade846e3802deaad92c9294f3"
    },
    "addedDate" : 1517954458002,
    "metadata" : [ ]
  } ],
  "fileName" : "ff0b11a9699f02c0c93d608d778dff787650138a.json",
  "name" : "Church Leaders",
  "publicTitle" : "líderes de la Iglesia"
}