{
  "parentCollectionID" : "b8cbbd766f9044cda5f7f9901821ee6b3c9b0520",
  "parentCollectionPath" : "Mobile Media Library/Samoan - Video/Life Help/Self-Reliance Services and PEF",
  "collectionType" : "collections",
  "path" : "Mobile Media Library/Samoan - Video/Life Help/Self-Reliance Services and PEF/Perpetual Education Fund",
  "collectionID" : "ff2971c09d824576bf2fce7e0edb9716018ca1d6",
  "language" : "smo",
  "type" : "DEFAULT",
  "lastUpdatedDate" : "2022-08-02T09:37:23.659-06:00",
  "links" : [ {
    "rel" : "details",
    "href" : "https://titanapi.churchofjesuschrist.org/assetsearch/api/v2/collection/details/collectionID/ff2971c09d824576bf2fce7e0edb9716018ca1d6"
  } ],
  "coverImages" : [ {
    "asset" : {
      "assetID" : "7b504267a0961d96097c5863910194eaf2d479cb"
    }
  } ],
  "related" : [ ],
  "metadata" : [ {
    "key" : "collectionUri",
    "value" : "perpetual-education-fund",
    "language" : "smo"
  } ],
  "children" : [ ],
  "assets" : [ ],
  "fileName" : "ff2971c09d824576bf2fce7e0edb9716018ca1d6.json",
  "name" : "Perpetual Education Fund"
}