{
  "parentCollectionID" : "b162c02d0a8041eaad40be70e07acc719c07a4d8",
  "parentCollectionPath" : "Mobile Media Library/Ukrainian - Video/Teaching and Lessons/Come, Follow Me/Come, Follow Me: New Testament Learning and Teaching Resources",
  "collectionType" : "collections",
  "path" : "Mobile Media Library/Ukrainian - Video/Teaching and Lessons/Come, Follow Me/Come, Follow Me: New Testament Learning and Teaching Resources/Feb. 18-24: Matthew 5; Luke 6",
  "collectionID" : "ff7c86ae0bae495db04eafc5cf04793a23f04a7d",
  "language" : "ukr",
  "type" : "DEFAULT",
  "lastUpdatedDate" : "2022-04-18T01:12:35.553-06:00",
  "links" : [ {
    "rel" : "details",
    "href" : "https://titanapi.churchofjesuschrist.org/assetsearch/api/v2/collection/details/collectionID/ff7c86ae0bae495db04eafc5cf04793a23f04a7d"
  } ],
  "coverImages" : [ {
    "asset" : {
      "assetID" : "5d0b29f18c01b00a03c9a04ce99f0b2ac1e91d27"
    }
  } ],
  "related" : [ ],
  "metadata" : [ {
    "key" : "collectionUri",
    "value" : "feb-18-24-matthew-5-luke-6",
    "language" : "ukr"
  }, {
    "key" : "orderIndex",
    "value" : "8"
  } ],
  "children" : [ ],
  "assets" : [ ],
  "fileName" : "ff7c86ae0bae495db04eafc5cf04793a23f04a7d.json",
  "name" : "Feb. 18-24: Matthew 5; Luke 6"
}