{
  "parentCollectionID" : "e96ddc43dde94993ae2d2bafd414caa1",
  "parentCollectionPath" : "Mobile Media Library/French - Images/Everyday People/Portraits of Faith",
  "collectionType" : "assets",
  "path" : "Mobile Media Library/French - Images/Everyday People/Portraits of Faith/Markus Tilgner",
  "collectionID" : "ffac867e23604751b60c8efecb1fe03f",
  "language" : "fra",
  "type" : "DEFAULT",
  "lastUpdatedDate" : "2023-09-01T13:34:49.823-06:00",
  "links" : [ {
    "rel" : "details",
    "href" : "https://titanapi.churchofjesuschrist.org/assetsearch/api/v2/collection/details/collectionID/ffac867e23604751b60c8efecb1fe03f"
  } ],
  "coverImages" : [ {
    "asset" : {
      "assetID" : "070965391bec1e0bb58bf36df2de1da57730b7ad"
    }
  } ],
  "related" : [ ],
  "metadata" : [ {
    "key" : "collectionUri",
    "value" : "markus-tilgner-images",
    "language" : "fra"
  }, {
    "key" : "publicTitle",
    "value" : "Markus Tilgner",
    "language" : "fra"
  }, {
    "key" : "orderIndex",
    "value" : "16"
  } ],
  "children" : [ ],
  "assets" : [ {
    "asset" : {
      "assetID" : "b74bfb0475eb61a86a024062eaa54c4955d02440"
    },
    "addedDate" : 1693597933190,
    "metadata" : [ ]
  }, {
    "asset" : {
      "assetID" : "070965391bec1e0bb58bf36df2de1da57730b7ad"
    },
    "addedDate" : 1693597933180,
    "metadata" : [ ]
  }, {
    "asset" : {
      "assetID" : "0c1cb35adf4f9ad574597287d8874c5818810741"
    },
    "addedDate" : 1693597933190,
    "metadata" : [ ]
  }, {
    "asset" : {
      "assetID" : "36abd686aa065da54acc748c1cfcccbfa74f5df5"
    },
    "addedDate" : 1693597933183,
    "metadata" : [ ]
  } ],
  "fileName" : "ffac867e23604751b60c8efecb1fe03f.json",
  "name" : "Markus Tilgner",
  "publicTitle" : "Markus Tilgner"
}